[2025-08-21 18:30:28] Fold 1
[2025-08-21 18:30:28] ----------------------------------------------------------------------------------------------------
[2025-08-21 18:30:29] ANN_model saved with Val_ACC: 0.4876
[2025-08-21 18:30:29] ----------------------------------------------------------------------------------------------------
[2025-08-21 18:30:29] fold_1: Epoch [1/250], Loss: 0.7051, ACC: 0.4876, AUC: 0.4898
[2025-08-21 18:30:30] ANN_model saved with Val_ACC: 0.7587
[2025-08-21 18:30:30] ----------------------------------------------------------------------------------------------------
[2025-08-21 18:30:30] ANN_model saved with Val_ACC: 0.7962
[2025-08-21 18:30:30] ----------------------------------------------------------------------------------------------------
[2025-08-21 18:30:30] ANN_model saved with Val_ACC: 0.8146
[2025-08-21 18:30:30] ----------------------------------------------------------------------------------------------------
[2025-08-21 18:30:31] ANN_model saved with Val_ACC: 0.8279
[2025-08-21 18:30:31] ----------------------------------------------------------------------------------------------------
[2025-08-21 18:30:31] ANN_model saved with Val_ACC: 0.8349
[2025-08-21 18:30:31] ----------------------------------------------------------------------------------------------------
[2025-08-21 18:30:32] ANN_model saved with Val_ACC: 0.8425
[2025-08-21 18:30:32] ----------------------------------------------------------------------------------------------------
[2025-08-21 18:30:32] ANN_model saved with Val_ACC: 0.8559
[2025-08-21 18:30:32] ----------------------------------------------------------------------------------------------------
[2025-08-21 18:30:33] ANN_model saved with Val_ACC: 0.8692
[2025-08-21 18:30:33] ----------------------------------------------------------------------------------------------------
[2025-08-21 18:30:33] ANN_model saved with Val_ACC: 0.8851
[2025-08-21 18:30:33] ----------------------------------------------------------------------------------------------------
[2025-08-21 18:30:35] ANN_model saved with Val_ACC: 0.8895
[2025-08-21 18:30:35] ----------------------------------------------------------------------------------------------------
[2025-08-21 18:30:35] ANN_model saved with Val_ACC: 0.8914
[2025-08-21 18:30:35] ----------------------------------------------------------------------------------------------------
[2025-08-21 18:30:36] fold_1: Epoch [21/250], Loss: 0.3392, ACC: 0.8895, AUC: 0.9474
[2025-08-21 18:30:37] ANN_model saved with Val_ACC: 0.8940
[2025-08-21 18:30:37] ----------------------------------------------------------------------------------------------------
[2025-08-21 18:30:37] ANN_model saved with Val_ACC: 0.8946
[2025-08-21 18:30:37] ----------------------------------------------------------------------------------------------------
[2025-08-21 18:30:38] ANN_model saved with Val_ACC: 0.8971
[2025-08-21 18:30:38] ----------------------------------------------------------------------------------------------------
[2025-08-21 18:30:40] ANN_model saved with Val_ACC: 0.8990
[2025-08-21 18:30:40] ----------------------------------------------------------------------------------------------------
[2025-08-21 18:30:42] fold_1: Epoch [41/250], Loss: 0.3196, ACC: 0.8933, AUC: 0.9516
[2025-08-21 18:30:47] fold_1: Epoch [61/250], Loss: 0.3165, ACC: 0.8940, AUC: 0.9546
[2025-08-21 18:30:49] ANN_model saved with Val_ACC: 0.8997
[2025-08-21 18:30:49] ----------------------------------------------------------------------------------------------------
[2025-08-21 18:30:52] ANN_model saved with Val_ACC: 0.9003
[2025-08-21 18:30:52] ----------------------------------------------------------------------------------------------------
[2025-08-21 18:30:53] fold_1: Epoch [81/250], Loss: 0.3155, ACC: 0.8984, AUC: 0.9552
[2025-08-21 18:30:54] ANN_model saved with Val_ACC: 0.9010
[2025-08-21 18:30:54] ----------------------------------------------------------------------------------------------------
[2025-08-21 18:30:58] fold_1: Epoch [101/250], Loss: 0.3149, ACC: 0.8984, AUC: 0.9554
[2025-08-21 18:31:05] fold_1: Epoch [121/250], Loss: 0.3146, ACC: 0.8959, AUC: 0.9556
[2025-08-21 18:31:10] fold_1: Epoch [141/250], Loss: 0.3144, ACC: 0.8971, AUC: 0.9560
[2025-08-21 18:31:15] fold_1: Epoch [161/250], Loss: 0.3352, ACC: 0.8844, AUC: 0.9430
[2025-08-21 18:31:20] fold_1: Epoch [181/250], Loss: 0.3182, ACC: 0.8959, AUC: 0.9511
[2025-08-21 18:31:24] ANN_model saved with Val_ACC: 0.9022
[2025-08-21 18:31:24] ----------------------------------------------------------------------------------------------------
[2025-08-21 18:31:24] ANN_model saved with Val_ACC: 0.9041
[2025-08-21 18:31:24] ----------------------------------------------------------------------------------------------------
[2025-08-21 18:31:24] ANN_model saved with Val_ACC: 0.9048
[2025-08-21 18:31:24] ----------------------------------------------------------------------------------------------------
[2025-08-21 18:31:25] ANN_model saved with Val_ACC: 0.9067
[2025-08-21 18:31:25] ----------------------------------------------------------------------------------------------------
[2025-08-21 18:31:26] fold_1: Epoch [201/250], Loss: 0.3170, ACC: 0.9048, AUC: 0.9523
[2025-08-21 18:31:31] fold_1: Epoch [221/250], Loss: 0.3164, ACC: 0.9060, AUC: 0.9548
[2025-08-21 18:31:32] ANN_model saved with Val_ACC: 0.9073
[2025-08-21 18:31:32] ----------------------------------------------------------------------------------------------------
[2025-08-21 18:31:36] ANN_model saved with Val_ACC: 0.9092
[2025-08-21 18:31:36] ----------------------------------------------------------------------------------------------------
[2025-08-21 18:31:37] fold_1: Epoch [241/250], Loss: 0.3160, ACC: 0.9092, AUC: 0.9540
[2025-08-21 18:32:55] Fold 1
[2025-08-21 18:32:55] ----------------------------------------------------------------------------------------------------
[2025-08-21 18:32:56] ANN_model saved with Val_ACC: 0.4965
[2025-08-21 18:32:56] ----------------------------------------------------------------------------------------------------
[2025-08-21 18:32:56] fold_1: Epoch [1/300], Loss: 0.6990, ACC: 0.4965, AUC: 0.4964
[2025-08-21 18:32:56] ANN_model saved with Val_ACC: 0.7790
[2025-08-21 18:32:56] ----------------------------------------------------------------------------------------------------
[2025-08-21 18:32:57] ANN_model saved with Val_ACC: 0.8083
[2025-08-21 18:32:57] ----------------------------------------------------------------------------------------------------
[2025-08-21 18:32:57] ANN_model saved with Val_ACC: 0.8235
[2025-08-21 18:32:57] ----------------------------------------------------------------------------------------------------
[2025-08-21 18:32:58] ANN_model saved with Val_ACC: 0.8343
[2025-08-21 18:32:58] ----------------------------------------------------------------------------------------------------
[2025-08-21 18:32:58] ANN_model saved with Val_ACC: 0.8419
[2025-08-21 18:32:58] ----------------------------------------------------------------------------------------------------
[2025-08-21 18:32:59] ANN_model saved with Val_ACC: 0.8533
[2025-08-21 18:32:59] ----------------------------------------------------------------------------------------------------
[2025-08-21 18:32:59] ANN_model saved with Val_ACC: 0.8705
[2025-08-21 18:32:59] ----------------------------------------------------------------------------------------------------
[2025-08-21 18:33:00] ANN_model saved with Val_ACC: 0.8730
[2025-08-21 18:33:00] ----------------------------------------------------------------------------------------------------
[2025-08-21 18:33:00] ANN_model saved with Val_ACC: 0.8775
[2025-08-21 18:33:00] ----------------------------------------------------------------------------------------------------
[2025-08-21 18:33:01] ANN_model saved with Val_ACC: 0.8832
[2025-08-21 18:33:01] ----------------------------------------------------------------------------------------------------
[2025-08-21 18:33:01] ANN_model saved with Val_ACC: 0.8895
[2025-08-21 18:33:01] ----------------------------------------------------------------------------------------------------
[2025-08-21 18:33:02] ANN_model saved with Val_ACC: 0.8927
[2025-08-21 18:33:02] ----------------------------------------------------------------------------------------------------
[2025-08-21 18:33:05] ANN_model saved with Val_ACC: 0.8940
[2025-08-21 18:33:05] ----------------------------------------------------------------------------------------------------
[2025-08-21 18:33:05] fold_1: Epoch [21/300], Loss: 0.3360, ACC: 0.8927, AUC: 0.9580
[2025-08-21 18:33:06] ANN_model saved with Val_ACC: 0.8978
[2025-08-21 18:33:06] ----------------------------------------------------------------------------------------------------
[2025-08-21 18:33:06] ANN_model saved with Val_ACC: 0.8990
[2025-08-21 18:33:06] ----------------------------------------------------------------------------------------------------
[2025-08-21 18:33:07] ANN_model saved with Val_ACC: 0.9003
[2025-08-21 18:33:07] ----------------------------------------------------------------------------------------------------
[2025-08-21 18:33:12] ANN_model saved with Val_ACC: 0.9035
[2025-08-21 18:33:12] ----------------------------------------------------------------------------------------------------
[2025-08-21 18:33:12] fold_1: Epoch [41/300], Loss: 0.3191, ACC: 0.9016, AUC: 0.9581
[2025-08-21 18:33:17] fold_1: Epoch [61/300], Loss: 0.3162, ACC: 0.9022, AUC: 0.9617
[2025-08-21 18:33:23] fold_1: Epoch [81/300], Loss: 0.3151, ACC: 0.9010, AUC: 0.9614
[2025-08-21 18:33:28] fold_1: Epoch [101/300], Loss: 0.3146, ACC: 0.8984, AUC: 0.9615
[2025-08-21 18:33:34] fold_1: Epoch [121/300], Loss: 0.3143, ACC: 0.8984, AUC: 0.9619
[2025-08-21 18:33:39] fold_1: Epoch [141/300], Loss: 0.3140, ACC: 0.9010, AUC: 0.9620
[2025-08-21 18:33:45] fold_1: Epoch [161/300], Loss: 0.3139, ACC: 0.8978, AUC: 0.9618
[2025-08-21 18:33:51] fold_1: Epoch [181/300], Loss: 0.3138, ACC: 0.8965, AUC: 0.9618
[2025-08-21 18:33:56] fold_1: Epoch [201/300], Loss: 0.3137, ACC: 0.8978, AUC: 0.9619
[2025-08-21 18:34:01] fold_1: Epoch [221/300], Loss: 0.3137, ACC: 0.8978, AUC: 0.9619
[2025-08-21 18:34:07] fold_1: Epoch [241/300], Loss: 0.3136, ACC: 0.8965, AUC: 0.9619
[2025-08-21 18:34:12] fold_1: Epoch [261/300], Loss: 0.3136, ACC: 0.8965, AUC: 0.9619
[2025-08-21 18:34:17] fold_1: Epoch [281/300], Loss: 0.3135, ACC: 0.8959, AUC: 0.9619
[2025-08-21 19:05:16] Finall ensemble results of fold_1 for MACSynDCR:
[2025-08-21 19:05:16] ----------------------------------------------------------------------------------------------------
[2025-08-21 19:05:16] Ensemble Accuracy: 0.9149, AUC-ROC: 0.9674, 
Ensemble AUC-PR: 0.9673, Precision: 0.9081, 
Ensemble Recall: 0.9220, F1 Score: 0.9150, 
Ensemble RMSE: 11.5758
[2025-08-21 19:05:16] ----------------------------------------------------------------------------------------------------
[2025-08-21 19:05:16] Fold 2
[2025-08-21 19:05:16] ----------------------------------------------------------------------------------------------------
[2025-08-21 19:05:17] ANN_model saved with Val_ACC: 0.5016
[2025-08-21 19:05:17] ----------------------------------------------------------------------------------------------------
[2025-08-21 19:05:17] fold_2: Epoch [1/300], Loss: 0.6998, ACC: 0.5016, AUC: 0.5460
[2025-08-21 19:05:18] ANN_model saved with Val_ACC: 0.7968
[2025-08-21 19:05:18] ----------------------------------------------------------------------------------------------------
[2025-08-21 19:05:18] ANN_model saved with Val_ACC: 0.8305
[2025-08-21 19:05:18] ----------------------------------------------------------------------------------------------------
[2025-08-21 19:05:19] ANN_model saved with Val_ACC: 0.8324
[2025-08-21 19:05:19] ----------------------------------------------------------------------------------------------------
[2025-08-21 19:05:19] ANN_model saved with Val_ACC: 0.8400
[2025-08-21 19:05:19] ----------------------------------------------------------------------------------------------------
[2025-08-21 19:05:20] ANN_model saved with Val_ACC: 0.8508
[2025-08-21 19:05:20] ----------------------------------------------------------------------------------------------------
[2025-08-21 19:05:20] ANN_model saved with Val_ACC: 0.8616
[2025-08-21 19:05:20] ----------------------------------------------------------------------------------------------------
[2025-08-21 19:05:21] ANN_model saved with Val_ACC: 0.8667
[2025-08-21 19:05:21] ----------------------------------------------------------------------------------------------------
[2025-08-21 19:05:21] ANN_model saved with Val_ACC: 0.8762
[2025-08-21 19:05:21] ----------------------------------------------------------------------------------------------------
[2025-08-21 19:05:22] ANN_model saved with Val_ACC: 0.8870
[2025-08-21 19:05:22] ----------------------------------------------------------------------------------------------------
[2025-08-21 19:05:22] ANN_model saved with Val_ACC: 0.8902
[2025-08-21 19:05:22] ----------------------------------------------------------------------------------------------------
[2025-08-21 19:05:22] ANN_model saved with Val_ACC: 0.8952
[2025-08-21 19:05:22] ----------------------------------------------------------------------------------------------------
[2025-08-21 19:05:24] ANN_model saved with Val_ACC: 0.8984
[2025-08-21 19:05:24] ----------------------------------------------------------------------------------------------------
[2025-08-21 19:05:24] ANN_model saved with Val_ACC: 0.9073
[2025-08-21 19:05:24] ----------------------------------------------------------------------------------------------------
[2025-08-21 19:05:25] ANN_model saved with Val_ACC: 0.9086
[2025-08-21 19:05:25] ----------------------------------------------------------------------------------------------------
[2025-08-21 19:05:25] ANN_model saved with Val_ACC: 0.9092
[2025-08-21 19:05:25] ----------------------------------------------------------------------------------------------------
[2025-08-21 19:05:26] fold_2: Epoch [21/300], Loss: 0.3375, ACC: 0.9041, AUC: 0.9630
[2025-08-21 19:05:31] fold_2: Epoch [41/300], Loss: 0.3205, ACC: 0.9086, AUC: 0.9641
[2025-08-21 19:05:31] ANN_model saved with Val_ACC: 0.9098
[2025-08-21 19:05:31] ----------------------------------------------------------------------------------------------------
[2025-08-21 19:05:36] fold_2: Epoch [61/300], Loss: 0.3172, ACC: 0.9086, AUC: 0.9652
[2025-08-21 19:05:42] fold_2: Epoch [81/300], Loss: 0.3159, ACC: 0.9067, AUC: 0.9653
[2025-08-21 19:05:47] fold_2: Epoch [101/300], Loss: 0.3150, ACC: 0.9073, AUC: 0.9650
[2025-08-21 19:05:52] fold_2: Epoch [121/300], Loss: 0.3146, ACC: 0.9035, AUC: 0.9648
[2025-08-21 19:05:57] fold_2: Epoch [141/300], Loss: 0.3143, ACC: 0.9035, AUC: 0.9650
[2025-08-21 19:06:01] fold_2: Epoch [161/300], Loss: 0.3141, ACC: 0.9035, AUC: 0.9650
[2025-08-21 19:06:08] fold_2: Epoch [181/300], Loss: 0.3140, ACC: 0.9029, AUC: 0.9650
[2025-08-21 19:06:13] fold_2: Epoch [201/300], Loss: 0.3139, ACC: 0.9048, AUC: 0.9650
[2025-08-21 19:06:18] fold_2: Epoch [221/300], Loss: 0.3138, ACC: 0.9048, AUC: 0.9650
[2025-08-21 19:06:23] fold_2: Epoch [241/300], Loss: 0.3137, ACC: 0.9048, AUC: 0.9650
[2025-08-21 19:06:29] fold_2: Epoch [261/300], Loss: 0.3137, ACC: 0.9048, AUC: 0.9650
[2025-08-21 19:06:34] fold_2: Epoch [281/300], Loss: 0.3136, ACC: 0.9048, AUC: 0.9650
[2025-08-21 19:36:04] Finall ensemble results of fold_2 for MACSynDCR:
[2025-08-21 19:36:04] ----------------------------------------------------------------------------------------------------
[2025-08-21 19:36:04] Ensemble Accuracy: 0.9219, AUC-ROC: 0.9713, 
Ensemble AUC-PR: 0.9671, Precision: 0.9267, 
Ensemble Recall: 0.9135, F1 Score: 0.9201, 
Ensemble RMSE: 11.0905
[2025-08-21 19:36:04] ----------------------------------------------------------------------------------------------------
[2025-08-21 19:36:04] Fold 3
[2025-08-21 19:36:04] ----------------------------------------------------------------------------------------------------
[2025-08-21 19:36:04] ANN_model saved with Val_ACC: 0.4838
[2025-08-21 19:36:04] ----------------------------------------------------------------------------------------------------
[2025-08-21 19:36:04] fold_3: Epoch [1/300], Loss: 0.6964, ACC: 0.4838, AUC: 0.4888
[2025-08-21 19:36:05] ANN_model saved with Val_ACC: 0.7937
[2025-08-21 19:36:05] ----------------------------------------------------------------------------------------------------
[2025-08-21 19:36:05] ANN_model saved with Val_ACC: 0.8216
[2025-08-21 19:36:05] ----------------------------------------------------------------------------------------------------
[2025-08-21 19:36:05] ANN_model saved with Val_ACC: 0.8298
[2025-08-21 19:36:05] ----------------------------------------------------------------------------------------------------
[2025-08-21 19:36:06] ANN_model saved with Val_ACC: 0.8387
[2025-08-21 19:36:06] ----------------------------------------------------------------------------------------------------
[2025-08-21 19:36:06] ANN_model saved with Val_ACC: 0.8514
[2025-08-21 19:36:06] ----------------------------------------------------------------------------------------------------
[2025-08-21 19:36:07] ANN_model saved with Val_ACC: 0.8648
[2025-08-21 19:36:07] ----------------------------------------------------------------------------------------------------
[2025-08-21 19:36:07] ANN_model saved with Val_ACC: 0.8749
[2025-08-21 19:36:07] ----------------------------------------------------------------------------------------------------
[2025-08-21 19:36:08] ANN_model saved with Val_ACC: 0.8787
[2025-08-21 19:36:08] ----------------------------------------------------------------------------------------------------
[2025-08-21 19:36:09] ANN_model saved with Val_ACC: 0.8857
[2025-08-21 19:36:09] ----------------------------------------------------------------------------------------------------
[2025-08-21 19:36:10] ANN_model saved with Val_ACC: 0.8914
[2025-08-21 19:36:10] ----------------------------------------------------------------------------------------------------
[2025-08-21 19:36:11] ANN_model saved with Val_ACC: 0.8940
[2025-08-21 19:36:11] ----------------------------------------------------------------------------------------------------
[2025-08-21 19:36:11] ANN_model saved with Val_ACC: 0.8984
[2025-08-21 19:36:11] ----------------------------------------------------------------------------------------------------
[2025-08-21 19:36:12] ANN_model saved with Val_ACC: 0.9029
[2025-08-21 19:36:12] ----------------------------------------------------------------------------------------------------
[2025-08-21 19:36:12] ANN_model saved with Val_ACC: 0.9073
[2025-08-21 19:36:12] ----------------------------------------------------------------------------------------------------
[2025-08-21 19:36:13] fold_3: Epoch [21/300], Loss: 0.3361, ACC: 0.9003, AUC: 0.9573
[2025-08-21 19:36:15] ANN_model saved with Val_ACC: 0.9079
[2025-08-21 19:36:15] ----------------------------------------------------------------------------------------------------
[2025-08-21 19:36:17] ANN_model saved with Val_ACC: 0.9105
[2025-08-21 19:36:17] ----------------------------------------------------------------------------------------------------
[2025-08-21 19:36:19] fold_3: Epoch [41/300], Loss: 0.3191, ACC: 0.9041, AUC: 0.9593
[2025-08-21 19:36:25] fold_3: Epoch [61/300], Loss: 0.3161, ACC: 0.9067, AUC: 0.9624
[2025-08-21 19:36:30] fold_3: Epoch [81/300], Loss: 0.3152, ACC: 0.9054, AUC: 0.9626
[2025-08-21 19:36:36] fold_3: Epoch [101/300], Loss: 0.3148, ACC: 0.9060, AUC: 0.9628
[2025-08-21 19:36:41] fold_3: Epoch [121/300], Loss: 0.3145, ACC: 0.9067, AUC: 0.9626
[2025-08-21 19:36:46] fold_3: Epoch [141/300], Loss: 0.3143, ACC: 0.9067, AUC: 0.9628
[2025-08-21 19:36:52] fold_3: Epoch [161/300], Loss: 0.3142, ACC: 0.9067, AUC: 0.9627
[2025-08-21 19:36:57] fold_3: Epoch [181/300], Loss: 0.3711, ACC: 0.8533, AUC: 0.9095
[2025-08-21 19:37:03] fold_3: Epoch [201/300], Loss: 0.3364, ACC: 0.8883, AUC: 0.9370
[2025-08-21 19:37:09] fold_3: Epoch [221/300], Loss: 0.3232, ACC: 0.8927, AUC: 0.9485
[2025-08-21 19:37:14] fold_3: Epoch [241/300], Loss: 0.3226, ACC: 0.8990, AUC: 0.9580
[2025-08-21 19:37:20] fold_3: Epoch [261/300], Loss: 0.3224, ACC: 0.9010, AUC: 0.9588
[2025-08-21 19:37:26] fold_3: Epoch [281/300], Loss: 0.3223, ACC: 0.9060, AUC: 0.9581
[2025-08-21 20:07:24] Finall ensemble results of fold_3 for MACSynDCR:
[2025-08-21 20:07:24] ----------------------------------------------------------------------------------------------------
[2025-08-21 20:07:24] Ensemble Accuracy: 0.9175, AUC-ROC: 0.9720, 
Ensemble AUC-PR: 0.9635, Precision: 0.9099, 
Ensemble Recall: 0.9218, F1 Score: 0.9158, 
Ensemble RMSE: 11.4018
[2025-08-21 20:07:24] ----------------------------------------------------------------------------------------------------
[2025-08-21 20:07:24] Fold 4
[2025-08-21 20:07:24] ----------------------------------------------------------------------------------------------------
[2025-08-21 20:07:25] ANN_model saved with Val_ACC: 0.5156
[2025-08-21 20:07:25] ----------------------------------------------------------------------------------------------------
[2025-08-21 20:07:25] fold_4: Epoch [1/300], Loss: 0.7062, ACC: 0.5156, AUC: 0.5243
[2025-08-21 20:07:25] ANN_model saved with Val_ACC: 0.7873
[2025-08-21 20:07:25] ----------------------------------------------------------------------------------------------------
[2025-08-21 20:07:25] ANN_model saved with Val_ACC: 0.8216
[2025-08-21 20:07:25] ----------------------------------------------------------------------------------------------------
[2025-08-21 20:07:26] ANN_model saved with Val_ACC: 0.8324
[2025-08-21 20:07:26] ----------------------------------------------------------------------------------------------------
[2025-08-21 20:07:26] ANN_model saved with Val_ACC: 0.8432
[2025-08-21 20:07:26] ----------------------------------------------------------------------------------------------------
[2025-08-21 20:07:27] ANN_model saved with Val_ACC: 0.8590
[2025-08-21 20:07:27] ----------------------------------------------------------------------------------------------------
[2025-08-21 20:07:27] ANN_model saved with Val_ACC: 0.8641
[2025-08-21 20:07:27] ----------------------------------------------------------------------------------------------------
[2025-08-21 20:07:27] ANN_model saved with Val_ACC: 0.8724
[2025-08-21 20:07:27] ----------------------------------------------------------------------------------------------------
[2025-08-21 20:07:28] ANN_model saved with Val_ACC: 0.8781
[2025-08-21 20:07:28] ----------------------------------------------------------------------------------------------------
[2025-08-21 20:07:28] ANN_model saved with Val_ACC: 0.8863
[2025-08-21 20:07:28] ----------------------------------------------------------------------------------------------------
[2025-08-21 20:07:29] ANN_model saved with Val_ACC: 0.8927
[2025-08-21 20:07:29] ----------------------------------------------------------------------------------------------------
[2025-08-21 20:07:30] ANN_model saved with Val_ACC: 0.8971
[2025-08-21 20:07:30] ----------------------------------------------------------------------------------------------------
[2025-08-21 20:07:31] ANN_model saved with Val_ACC: 0.8990
[2025-08-21 20:07:31] ----------------------------------------------------------------------------------------------------
[2025-08-21 20:07:31] ANN_model saved with Val_ACC: 0.9010
[2025-08-21 20:07:31] ----------------------------------------------------------------------------------------------------
[2025-08-21 20:07:32] ANN_model saved with Val_ACC: 0.9048
[2025-08-21 20:07:32] ----------------------------------------------------------------------------------------------------
[2025-08-21 20:07:32] fold_4: Epoch [21/300], Loss: 0.3349, ACC: 0.9048, AUC: 0.9628
[2025-08-21 20:07:36] ANN_model saved with Val_ACC: 0.9060
[2025-08-21 20:07:36] ----------------------------------------------------------------------------------------------------
[2025-08-21 20:07:38] fold_4: Epoch [41/300], Loss: 0.3193, ACC: 0.9060, AUC: 0.9651
[2025-08-21 20:07:38] ANN_model saved with Val_ACC: 0.9067
[2025-08-21 20:07:38] ----------------------------------------------------------------------------------------------------
[2025-08-21 20:07:39] ANN_model saved with Val_ACC: 0.9073
[2025-08-21 20:07:39] ----------------------------------------------------------------------------------------------------
[2025-08-21 20:07:40] ANN_model saved with Val_ACC: 0.9086
[2025-08-21 20:07:40] ----------------------------------------------------------------------------------------------------
[2025-08-21 20:07:44] fold_4: Epoch [61/300], Loss: 0.3164, ACC: 0.9048, AUC: 0.9654
[2025-08-21 20:07:49] ANN_model saved with Val_ACC: 0.9092
[2025-08-21 20:07:49] ----------------------------------------------------------------------------------------------------
[2025-08-21 20:07:50] fold_4: Epoch [81/300], Loss: 0.3155, ACC: 0.9048, AUC: 0.9656
[2025-08-21 20:07:56] fold_4: Epoch [101/300], Loss: 0.3147, ACC: 0.9029, AUC: 0.9648
[2025-08-21 20:08:01] fold_4: Epoch [121/300], Loss: 0.3160, ACC: 0.9060, AUC: 0.9652
[2025-08-21 20:08:06] fold_4: Epoch [141/300], Loss: 0.3158, ACC: 0.9060, AUC: 0.9659
[2025-08-21 20:08:13] fold_4: Epoch [161/300], Loss: 0.3156, ACC: 0.9073, AUC: 0.9661
[2025-08-21 20:08:18] fold_4: Epoch [181/300], Loss: 0.3155, ACC: 0.9060, AUC: 0.9662
[2025-08-21 20:08:22] fold_4: Epoch [201/300], Loss: 0.3154, ACC: 0.9067, AUC: 0.9662
[2025-08-21 20:08:28] fold_4: Epoch [221/300], Loss: 0.3147, ACC: 0.9067, AUC: 0.9657
[2025-08-21 20:08:33] fold_4: Epoch [241/300], Loss: 0.3140, ACC: 0.9086, AUC: 0.9655
[2025-08-21 20:08:37] ANN_model saved with Val_ACC: 0.9098
[2025-08-21 20:08:37] ----------------------------------------------------------------------------------------------------
[2025-08-21 20:08:38] fold_4: Epoch [261/300], Loss: 0.3139, ACC: 0.9086, AUC: 0.9659
[2025-08-21 20:08:43] fold_4: Epoch [281/300], Loss: 0.3139, ACC: 0.9067, AUC: 0.9658
[2025-08-21 20:38:31] Finall ensemble results of fold_4 for MACSynDCR:
[2025-08-21 20:38:31] ----------------------------------------------------------------------------------------------------
[2025-08-21 20:38:31] Ensemble Accuracy: 0.9238, AUC-ROC: 0.9767, 
Ensemble AUC-PR: 0.9775, Precision: 0.9263, 
Ensemble Recall: 0.9240, F1 Score: 0.9252, 
Ensemble RMSE: 10.9545
[2025-08-21 20:38:31] ----------------------------------------------------------------------------------------------------
[2025-08-21 20:38:31] Fold 5
[2025-08-21 20:38:31] ----------------------------------------------------------------------------------------------------
[2025-08-21 20:38:31] ANN_model saved with Val_ACC: 0.4682
[2025-08-21 20:38:31] ----------------------------------------------------------------------------------------------------
[2025-08-21 20:38:32] fold_5: Epoch [1/300], Loss: 0.7065, ACC: 0.4682, AUC: 0.4555
[2025-08-21 20:38:32] ANN_model saved with Val_ACC: 0.8011
[2025-08-21 20:38:32] ----------------------------------------------------------------------------------------------------
[2025-08-21 20:38:32] ANN_model saved with Val_ACC: 0.8202
[2025-08-21 20:38:32] ----------------------------------------------------------------------------------------------------
[2025-08-21 20:38:33] ANN_model saved with Val_ACC: 0.8355
[2025-08-21 20:38:33] ----------------------------------------------------------------------------------------------------
[2025-08-21 20:38:33] ANN_model saved with Val_ACC: 0.8482
[2025-08-21 20:38:33] ----------------------------------------------------------------------------------------------------
[2025-08-21 20:38:34] ANN_model saved with Val_ACC: 0.8666
[2025-08-21 20:38:34] ----------------------------------------------------------------------------------------------------
[2025-08-21 20:38:34] ANN_model saved with Val_ACC: 0.8748
[2025-08-21 20:38:34] ----------------------------------------------------------------------------------------------------
[2025-08-21 20:38:34] ANN_model saved with Val_ACC: 0.8787
[2025-08-21 20:38:34] ----------------------------------------------------------------------------------------------------
[2025-08-21 20:38:35] ANN_model saved with Val_ACC: 0.8793
[2025-08-21 20:38:35] ----------------------------------------------------------------------------------------------------
[2025-08-21 20:38:35] ANN_model saved with Val_ACC: 0.8907
[2025-08-21 20:38:35] ----------------------------------------------------------------------------------------------------
[2025-08-21 20:38:36] ANN_model saved with Val_ACC: 0.8933
[2025-08-21 20:38:36] ----------------------------------------------------------------------------------------------------
[2025-08-21 20:38:37] ANN_model saved with Val_ACC: 0.8964
[2025-08-21 20:38:37] ----------------------------------------------------------------------------------------------------
[2025-08-21 20:38:38] ANN_model saved with Val_ACC: 0.9022
[2025-08-21 20:38:38] ----------------------------------------------------------------------------------------------------
[2025-08-21 20:38:39] fold_5: Epoch [21/300], Loss: 0.3371, ACC: 0.9015, AUC: 0.9638
[2025-08-21 20:38:41] ANN_model saved with Val_ACC: 0.9041
[2025-08-21 20:38:41] ----------------------------------------------------------------------------------------------------
[2025-08-21 20:38:42] ANN_model saved with Val_ACC: 0.9047
[2025-08-21 20:38:42] ----------------------------------------------------------------------------------------------------
[2025-08-21 20:38:44] ANN_model saved with Val_ACC: 0.9060
[2025-08-21 20:38:44] ----------------------------------------------------------------------------------------------------
[2025-08-21 20:38:46] fold_5: Epoch [41/300], Loss: 0.3196, ACC: 0.9022, AUC: 0.9656
[2025-08-21 20:38:50] ANN_model saved with Val_ACC: 0.9085
[2025-08-21 20:38:50] ----------------------------------------------------------------------------------------------------
[2025-08-21 20:38:52] fold_5: Epoch [61/300], Loss: 0.3166, ACC: 0.9085, AUC: 0.9665
[2025-08-21 20:38:58] fold_5: Epoch [81/300], Loss: 0.3155, ACC: 0.9047, AUC: 0.9664
[2025-08-21 20:39:03] fold_5: Epoch [101/300], Loss: 0.3150, ACC: 0.9079, AUC: 0.9664
[2025-08-21 20:39:05] ANN_model saved with Val_ACC: 0.9098
[2025-08-21 20:39:05] ----------------------------------------------------------------------------------------------------
[2025-08-21 20:39:08] fold_5: Epoch [121/300], Loss: 0.3147, ACC: 0.9047, AUC: 0.9637
[2025-08-21 20:39:14] fold_5: Epoch [141/300], Loss: 0.3213, ACC: 0.8964, AUC: 0.9569
[2025-08-21 20:39:20] fold_5: Epoch [161/300], Loss: 0.3174, ACC: 0.9034, AUC: 0.9606
[2025-08-21 20:39:25] fold_5: Epoch [181/300], Loss: 0.3168, ACC: 0.8990, AUC: 0.9626
[2025-08-21 20:39:30] fold_5: Epoch [201/300], Loss: 0.3166, ACC: 0.9034, AUC: 0.9639
[2025-08-21 20:39:35] fold_5: Epoch [221/300], Loss: 0.3165, ACC: 0.9053, AUC: 0.9643
[2025-08-21 20:39:40] fold_5: Epoch [241/300], Loss: 0.3165, ACC: 0.9041, AUC: 0.9649
[2025-08-21 20:39:46] fold_5: Epoch [261/300], Loss: 0.3164, ACC: 0.9028, AUC: 0.9650
[2025-08-21 20:39:52] fold_5: Epoch [281/300], Loss: 0.3162, ACC: 0.9028, AUC: 0.9648
[2025-08-21 21:12:30] Finall ensemble results of fold_5 for MACSynDCR:
[2025-08-21 21:12:30] ----------------------------------------------------------------------------------------------------
[2025-08-21 21:12:30] Ensemble Accuracy: 0.9168, AUC-ROC: 0.9719, 
Ensemble AUC-PR: 0.9706, Precision: 0.9249, 
Ensemble Recall: 0.9099, F1 Score: 0.9174, 
Ensemble RMSE: 11.4455
[2025-08-21 21:12:30] ----------------------------------------------------------------------------------------------------
[2025-08-21 21:12:30] ****************************************************************************************************
[2025-08-21 21:12:30] *          Final MACSynCDR Results:
[2025-08-21 21:12:30] ****************************************************************************************************
[2025-08-21 21:12:30]  AUC: 0.9719 ± 0.0030
[2025-08-21 21:12:30]  Accuracy: 0.9190 ± 0.0033
[2025-08-21 21:12:30]  AUC-PR: 0.9692 ± 0.0047
[2025-08-21 21:12:30]  Precision: 0.9192 ± 0.0084
[2025-08-21 21:12:30]  Recall: 0.9182 ± 0.0055
[2025-08-21 21:12:30]  F1: 0.9187 ± 0.0037
[2025-08-21 21:12:30]  RMSE: 11.2936 ± 0.2327
[2025-08-21 21:12:30]  PCC: 0.8652 ± 0.0062


50/50 ???????????????????? 0s 51ms/step - acc: 0.9993 - auc: 1.0000 - loss: 0.0019
Epoch 290: val_auc did not improve from 0.95643
50/50 ???????????????????? 3s 53ms/step - acc: 0.9993 - auc: 1.0000 - loss: 0.0019 - val_acc: 0.9054 - val_auc: 0.9493 - val_loss: 0.4591
Epoch 291/300
49/50 ???????????????????? 0s 50ms/step - acc: 0.9991 - auc: 0.9997 - loss: 0.0038
Epoch 291: val_auc did not improve from 0.95643
50/50 ???????????????????? 3s 52ms/step - acc: 0.9991 - auc: 0.9997 - loss: 0.0037 - val_acc: 0.9124 - val_auc: 0.9488 - val_loss: 0.4755
Epoch 292/300
50/50 ???????????????????? 0s 49ms/step - acc: 0.9995 - auc: 1.0000 - loss: 0.0012
Epoch 292: val_auc did not improve from 0.95643
50/50 ???????????????????? 3s 52ms/step - acc: 0.9995 - auc: 1.0000 - loss: 0.0012 - val_acc: 0.9143 - val_auc: 0.9494 - val_loss: 0.4758
Epoch 293/300
49/50 ???????????????????? 0s 50ms/step - acc: 0.9963 - auc: 0.9989 - loss: 0.0169
Epoch 293: val_auc did not improve from 0.95643
50/50 ???????????????????? 3s 52ms/step - acc: 0.9964 - auc: 0.9989 - loss: 0.0169 - val_acc: 0.9016 - val_auc: 0.9451 - val_loss: 0.4895
Epoch 294/300
50/50 ???????????????????? 0s 50ms/step - acc: 0.9977 - auc: 0.9999 - loss: 0.0054
Epoch 294: val_auc did not improve from 0.95643
50/50 ???????????????????? 3s 52ms/step - acc: 0.9977 - auc: 0.9999 - loss: 0.0054 - val_acc: 0.8997 - val_auc: 0.9411 - val_loss: 0.5400
Epoch 295/300
49/50 ???????????????????? 0s 54ms/step - acc: 0.9978 - auc: 0.9994 - loss: 0.0083
Epoch 295: val_auc did not improve from 0.95643
50/50 ???????????????????? 3s 57ms/step - acc: 0.9978 - auc: 0.9994 - loss: 0.0082 - val_acc: 0.8921 - val_auc: 0.9433 - val_loss: 0.5461
Epoch 296/300
49/50 ???????????????????? 0s 51ms/step - acc: 0.9991 - auc: 0.9999 - loss: 0.0031
Epoch 296: val_auc did not improve from 0.95643
50/50 ???????????????????? 3s 53ms/step - acc: 0.9991 - auc: 0.9999 - loss: 0.0032 - val_acc: 0.9029 - val_auc: 0.9467 - val_loss: 0.5289
Epoch 297/300
49/50 ???????????????????? 0s 50ms/step - acc: 0.9956 - auc: 0.9993 - loss: 0.0143
Epoch 297: val_auc did not improve from 0.95643
50/50 ???????????????????? 3s 53ms/step - acc: 0.9956 - auc: 0.9993 - loss: 0.0143 - val_acc: 0.9022 - val_auc: 0.9457 - val_loss: 0.5107
Epoch 298/300
49/50 ???????????????????? 0s 51ms/step - acc: 0.9973 - auc: 0.9999 - loss: 0.0097
Epoch 298: val_auc did not improve from 0.95643
50/50 ???????????????????? 3s 53ms/step - acc: 0.9973 - auc: 0.9999 - loss: 0.0097 - val_acc: 0.9010 - val_auc: 0.9471 - val_loss: 0.4894
Epoch 299/300
49/50 ???????????????????? 0s 49ms/step - acc: 0.9972 - auc: 0.9999 - loss: 0.0096
Epoch 299: val_auc did not improve from 0.95643
50/50 ???????????????????? 3s 52ms/step - acc: 0.9971 - auc: 0.9999 - loss: 0.0096 - val_acc: 0.8984 - val_auc: 0.9415 - val_loss: 0.5203
Epoch 300/300
50/50 ???????????????????? 0s 50ms/step - acc: 0.9971 - auc: 0.9995 - loss: 0.0122
Epoch 300: val_auc did not improve from 0.95643
50/50 ???????????????????? 3s 52ms/step - acc: 0.9971 - auc: 0.9995 - loss: 0.0122 - val_acc: 0.8997 - val_auc: 0.9431 - val_loss: 0.5133
50/50 ???????????????????? 0s 6ms/step
50/50 ???????????????????? 0s 4ms/step
ANN: Accuracy: 0.9079, AUC-ROC: 0.9645
ANN: AUC-PR: 0.9637, Precision: 0.9145,
ANN Recall: 0.8968, F1 Score: 0.9055
\ANN:RMSE: 12.0416 , PCC: 0.8413
Data processing and Training of MACSynDCR_CNN model:
MACSynDCR_CNN model:
Model: "sequential_3"
????????????????????????????????????????????????????????????????????????????????????????
? Layer (type)                         ? Output Shape                ?         Param # ?
????????????????????????????????????????????????????????????????????????????????????????
¦ conv2d_3 (Conv2D)                    ¦ (None, 62, 36, 32)          ¦             320 ¦
+--------------------------------------+-----------------------------+-----------------¦
¦ max_pooling2d_3 (MaxPooling2D)       ¦ (None, 31, 18, 32)          ¦               0 ¦
+--------------------------------------+-----------------------------+-----------------¦
¦ dropout_3 (Dropout)                  ¦ (None, 31, 18, 32)          ¦               0 ¦
+--------------------------------------+-----------------------------+-----------------¦
¦ conv2d_4 (Conv2D)                    ¦ (None, 29, 16, 64)          ¦          18,496 ¦
+--------------------------------------+-----------------------------+-----------------¦
¦ max_pooling2d_4 (MaxPooling2D)       ¦ (None, 14, 8, 64)           ¦               0 ¦
+--------------------------------------+-----------------------------+-----------------¦
¦ dropout_4 (Dropout)                  ¦ (None, 14, 8, 64)           ¦               0 ¦
+--------------------------------------+-----------------------------+-----------------¦
¦ conv2d_5 (Conv2D)                    ¦ (None, 12, 6, 128)          ¦          73,856 ¦
+--------------------------------------+-----------------------------+-----------------¦
¦ max_pooling2d_5 (MaxPooling2D)       ¦ (None, 6, 3, 128)           ¦               0 ¦
+--------------------------------------+-----------------------------+-----------------¦
¦ dropout_5 (Dropout)                  ¦ (None, 6, 3, 128)           ¦               0 ¦
+--------------------------------------+-----------------------------+-----------------¦
¦ flatten_1 (Flatten)                  ¦ (None, 2304)                ¦               0 ¦
+--------------------------------------+-----------------------------+-----------------¦
¦ dense_14 (Dense)                     ¦ (None, 128)                 ¦         295,040 ¦
+--------------------------------------+-----------------------------+-----------------¦
¦ dense_15 (Dense)                     ¦ (None, 2)                   ¦             258 ¦
+--------------------------------------------------------------------------------------+
 Total params: 387,970 (1.48 MB)
 Trainable params: 387,970 (1.48 MB)
 Non-trainable params: 0 (0.00 B)
Epoch 1/300
49/50 ???????????????????? 0s 53ms/step - acc: 0.5120 - auc: 0.5142 - loss: 0.7004
Epoch 1: val_acc improved from -inf to 0.49206, saving model to saved_models/best_MACSynDCR_CNN_model.keras
50/50 ???????????????????? 5s 63ms/step - acc: 0.5120 - auc: 0.5141 - loss: 0.7002 - val_acc: 0.4921 - val_auc: 0.4944 - val_loss: 0.6930
Epoch 2/300
49/50 ???????????????????? 0s 54ms/step - acc: 0.4959 - auc: 0.5115 - loss: 0.6931
Epoch 2: val_acc improved from 0.49206 to 0.57270, saving model to saved_models/best_MACSynDCR_CNN_model.keras
50/50 ???????????????????? 3s 59ms/step - acc: 0.4964 - auc: 0.5116 - loss: 0.6931 - val_acc: 0.5727 - val_auc: 0.6579 - val_loss: 0.6899
Epoch 3/300
49/50 ???????????????????? 0s 54ms/step - acc: 0.5801 - auc: 0.6123 - loss: 0.6848
Epoch 3: val_acc improved from 0.57270 to 0.68190, saving model to saved_models/best_MACSynDCR_CNN_model.keras
50/50 ???????????????????? 3s 58ms/step - acc: 0.5810 - auc: 0.6136 - loss: 0.6843 - val_acc: 0.6819 - val_auc: 0.7809 - val_loss: 0.5944
Epoch 4/300
49/50 ???????????????????? 0s 55ms/step - acc: 0.7078 - auc: 0.7766 - loss: 0.5770
Epoch 4: val_acc improved from 0.68190 to 0.76444, saving model to saved_models/best_MACSynDCR_CNN_model.keras
50/50 ???????????????????? 3s 60ms/step - acc: 0.7086 - auc: 0.7775 - loss: 0.5758 - val_acc: 0.7644 - val_auc: 0.8494 - val_loss: 0.4905
Epoch 5/300
49/50 ???????????????????? 0s 53ms/step - acc: 0.7571 - auc: 0.8455 - loss: 0.4883
Epoch 5: val_acc improved from 0.76444 to 0.79492, saving model to saved_models/best_MACSynDCR_CNN_model.keras
50/50 ???????????????????? 3s 57ms/step - acc: 0.7574 - auc: 0.8456 - loss: 0.4881 - val_acc: 0.7949 - val_auc: 0.8844 - val_loss: 0.4321
Epoch 6/300
49/50 ???????????????????? 0s 54ms/step - acc: 0.7936 - auc: 0.8776 - loss: 0.4399
Epoch 6: val_acc improved from 0.79492 to 0.79556, saving model to saved_models/best_MACSynDCR_CNN_model.keras
50/50 ???????????????????? 3s 58ms/step - acc: 0.7933 - auc: 0.8773 - loss: 0.4403 - val_acc: 0.7956 - val_auc: 0.8838 - val_loss: 0.4295
Epoch 7/300
49/50 ???????????????????? 0s 54ms/step - acc: 0.7946 - auc: 0.8792 - loss: 0.4368
Epoch 7: val_acc improved from 0.79556 to 0.82159, saving model to saved_models/best_MACSynDCR_CNN_model.keras
50/50 ???????????????????? 3s 58ms/step - acc: 0.7948 - auc: 0.8793 - loss: 0.4367 - val_acc: 0.8216 - val_auc: 0.8994 - val_loss: 0.4025
Epoch 8/300
49/50 ???????????????????? 0s 52ms/step - acc: 0.8051 - auc: 0.8856 - loss: 0.4253
Epoch 8: val_acc improved from 0.82159 to 0.82476, saving model to saved_models/best_MACSynDCR_CNN_model.keras
50/50 ???????????????????? 3s 57ms/step - acc: 0.8050 - auc: 0.8856 - loss: 0.4253 - val_acc: 0.8248 - val_auc: 0.9010 - val_loss: 0.4081
Epoch 9/300
49/50 ???????????????????? 0s 53ms/step - acc: 0.8095 - auc: 0.8900 - loss: 0.4177
Epoch 9: val_acc improved from 0.82476 to 0.83111, saving model to saved_models/best_MACSynDCR_CNN_model.keras
50/50 ???????????????????? 3s 58ms/step - acc: 0.8096 - auc: 0.8901 - loss: 0.4175 - val_acc: 0.8311 - val_auc: 0.9059 - val_loss: 0.3948
Epoch 10/300
49/50 ???????????????????? 0s 53ms/step - acc: 0.8159 - auc: 0.8927 - loss: 0.4135
Epoch 10: val_acc improved from 0.83111 to 0.83238, saving model to saved_models/best_MACSynDCR_CNN_model.keras
50/50 ???????????????????? 3s 57ms/step - acc: 0.8159 - auc: 0.8929 - loss: 0.4132 - val_acc: 0.8324 - val_auc: 0.9083 - val_loss: 0.3849
Epoch 11/300
49/50 ???????????????????? 0s 58ms/step - acc: 0.8266 - auc: 0.9046 - loss: 0.3919
Epoch 11: val_acc improved from 0.83238 to 0.83619, saving model to saved_models/best_MACSynDCR_CNN_model.keras
50/50 ???????????????????? 3s 66ms/step - acc: 0.8263 - auc: 0.9043 - loss: 0.3924 - val_acc: 0.8362 - val_auc: 0.9107 - val_loss: 0.3841
Epoch 12/300
49/50 ???????????????????? 0s 74ms/step - acc: 0.8233 - auc: 0.9050 - loss: 0.3905
Epoch 12: val_acc improved from 0.83619 to 0.83810, saving model to saved_models/best_MACSynDCR_CNN_model.keras
50/50 ???????????????????? 4s 81ms/step - acc: 0.8231 - auc: 0.9048 - loss: 0.3908 - val_acc: 0.8381 - val_auc: 0.9108 - val_loss: 0.3816
Epoch 13/300
49/50 ???????????????????? 0s 59ms/step - acc: 0.8242 - auc: 0.9043 - loss: 0.3924
Epoch 13: val_acc improved from 0.83810 to 0.84952, saving model to saved_models/best_MACSynDCR_CNN_model.keras
50/50 ???????????????????? 3s 64ms/step - acc: 0.8243 - auc: 0.9045 - loss: 0.3921 - val_acc: 0.8495 - val_auc: 0.9169 - val_loss: 0.3696
Epoch 14/300
50/50 ???????????????????? 0s 61ms/step - acc: 0.8261 - auc: 0.9140 - loss: 0.3722
Epoch 14: val_acc did not improve from 0.84952
50/50 ???????????????????? 3s 66ms/step - acc: 0.8262 - auc: 0.9139 - loss: 0.3723 - val_acc: 0.8337 - val_auc: 0.9163 - val_loss: 0.3736
Epoch 15/300
49/50 ???????????????????? 0s 64ms/step - acc: 0.8286 - auc: 0.9072 - loss: 0.3863
Epoch 15: val_acc did not improve from 0.84952
50/50 ???????????????????? 3s 67ms/step - acc: 0.8290 - auc: 0.9075 - loss: 0.3857 - val_acc: 0.8432 - val_auc: 0.9193 - val_loss: 0.3618
Epoch 16/300
49/50 ???????????????????? 0s 56ms/step - acc: 0.8378 - auc: 0.9163 - loss: 0.3691
Epoch 16: val_acc improved from 0.84952 to 0.85587, saving model to saved_models/best_MACSynDCR_CNN_model.keras
50/50 ???????????????????? 3s 60ms/step - acc: 0.8378 - auc: 0.9163 - loss: 0.3691 - val_acc: 0.8559 - val_auc: 0.9217 - val_loss: 0.3585
Epoch 17/300
49/50 ???????????????????? 0s 60ms/step - acc: 0.8443 - auc: 0.9166 - loss: 0.3673
Epoch 17: val_acc improved from 0.85587 to 0.86603, saving model to saved_models/best_MACSynDCR_CNN_model.keras
50/50 ???????????????????? 3s 65ms/step - acc: 0.8443 - auc: 0.9166 - loss: 0.3674 - val_acc: 0.8660 - val_auc: 0.9292 - val_loss: 0.3442
Epoch 18/300
49/50 ???????????????????? 0s 57ms/step - acc: 0.8382 - auc: 0.9186 - loss: 0.3637
Epoch 18: val_acc did not improve from 0.86603
50/50 ???????????????????? 3s 60ms/step - acc: 0.8385 - auc: 0.9188 - loss: 0.3632 - val_acc: 0.8660 - val_auc: 0.9294 - val_loss: 0.3384
Epoch 19/300
49/50 ???????????????????? 0s 58ms/step - acc: 0.8560 - auc: 0.9283 - loss: 0.3410
Epoch 19: val_acc improved from 0.86603 to 0.86857, saving model to saved_models/best_MACSynDCR_CNN_model.keras
50/50 ???????????????????? 3s 63ms/step - acc: 0.8558 - auc: 0.9282 - loss: 0.3413 - val_acc: 0.8686 - val_auc: 0.9314 - val_loss: 0.3377
Epoch 20/300
49/50 ???????????????????? 0s 63ms/step - acc: 0.8574 - auc: 0.9307 - loss: 0.3363
Epoch 20: val_acc did not improve from 0.86857
50/50 ???????????????????? 3s 67ms/step - acc: 0.8573 - auc: 0.9306 - loss: 0.3364 - val_acc: 0.8559 - val_auc: 0.9264 - val_loss: 0.3462
Epoch 21/300
49/50 ???????????????????? 0s 59ms/step - acc: 0.8621 - auc: 0.9308 - loss: 0.3361
Epoch 21: val_acc improved from 0.86857 to 0.87492, saving model to saved_models/best_MACSynDCR_CNN_model.keras
50/50 ???????????????????? 3s 64ms/step - acc: 0.8620 - auc: 0.9308 - loss: 0.3361 - val_acc: 0.8749 - val_auc: 0.9341 - val_loss: 0.3268
Epoch 22/300
49/50 ???????????????????? 0s 54ms/step - acc: 0.8626 - auc: 0.9326 - loss: 0.3309
Epoch 22: val_acc did not improve from 0.87492
50/50 ???????????????????? 3s 58ms/step - acc: 0.8625 - auc: 0.9327 - loss: 0.3309 - val_acc: 0.8717 - val_auc: 0.9349 - val_loss: 0.3246
Epoch 23/300
49/50 ???????????????????? 0s 59ms/step - acc: 0.8723 - auc: 0.9430 - loss: 0.3055
Epoch 23: val_acc did not improve from 0.87492
50/50 ???????????????????? 3s 63ms/step - acc: 0.8720 - auc: 0.9428 - loss: 0.3060 - val_acc: 0.8743 - val_auc: 0.9355 - val_loss: 0.3242
Epoch 24/300
49/50 ???????????????????? 0s 58ms/step - acc: 0.8532 - auc: 0.9361 - loss: 0.3227
Epoch 24: val_acc did not improve from 0.87492
50/50 ???????????????????? 3s 61ms/step - acc: 0.8535 - auc: 0.9362 - loss: 0.3226 - val_acc: 0.8717 - val_auc: 0.9401 - val_loss: 0.3130
Epoch 25/300
49/50 ???????????????????? 0s 57ms/step - acc: 0.8758 - auc: 0.9436 - loss: 0.3037
Epoch 25: val_acc did not improve from 0.87492
50/50 ???????????????????? 3s 61ms/step - acc: 0.8755 - auc: 0.9435 - loss: 0.3040 - val_acc: 0.8743 - val_auc: 0.9413 - val_loss: 0.3086
Epoch 26/300
49/50 ???????????????????? 0s 57ms/step - acc: 0.8680 - auc: 0.9406 - loss: 0.3114
Epoch 26: val_acc improved from 0.87492 to 0.87556, saving model to saved_models/best_MACSynDCR_CNN_model.keras
50/50 ???????????????????? 3s 62ms/step - acc: 0.8680 - auc: 0.9406 - loss: 0.3113 - val_acc: 0.8756 - val_auc: 0.9418 - val_loss: 0.3076
Epoch 27/300
49/50 ???????????????????? 0s 53ms/step - acc: 0.8833 - auc: 0.9464 - loss: 0.2955
Epoch 27: val_acc did not improve from 0.87556
50/50 ???????????????????? 3s 56ms/step - acc: 0.8831 - auc: 0.9463 - loss: 0.2957 - val_acc: 0.8749 - val_auc: 0.9408 - val_loss: 0.3092
Epoch 28/300
50/50 ???????????????????? 0s 53ms/step - acc: 0.8686 - auc: 0.9460 - loss: 0.2974
Epoch 28: val_acc did not improve from 0.87556
50/50 ???????????????????? 3s 58ms/step - acc: 0.8686 - auc: 0.9460 - loss: 0.2974 - val_acc: 0.8756 - val_auc: 0.9424 - val_loss: 0.3096
Epoch 29/300
50/50 ???????????????????? 0s 53ms/step - acc: 0.8754 - auc: 0.9467 - loss: 0.2954
Epoch 29: val_acc did not improve from 0.87556
50/50 ???????????????????? 3s 58ms/step - acc: 0.8754 - auc: 0.9467 - loss: 0.2952 - val_acc: 0.8730 - val_auc: 0.9413 - val_loss: 0.3084
Epoch 30/300
49/50 ???????????????????? 0s 56ms/step - acc: 0.8881 - auc: 0.9545 - loss: 0.2739
Epoch 30: val_acc improved from 0.87556 to 0.87683, saving model to saved_models/best_MACSynDCR_CNN_model.keras
50/50 ???????????????????? 3s 60ms/step - acc: 0.8878 - auc: 0.9543 - loss: 0.2743 - val_acc: 0.8768 - val_auc: 0.9443 - val_loss: 0.3013
Epoch 31/300
49/50 ???????????????????? 0s 57ms/step - acc: 0.8853 - auc: 0.9527 - loss: 0.2780
Epoch 31: val_acc did not improve from 0.87683
50/50 ???????????????????? 3s 62ms/step - acc: 0.8852 - auc: 0.9526 - loss: 0.2781 - val_acc: 0.8768 - val_auc: 0.9440 - val_loss: 0.3015
Epoch 32/300
49/50 ???????????????????? 0s 55ms/step - acc: 0.8834 - auc: 0.9529 - loss: 0.2775
Epoch 32: val_acc did not improve from 0.87683
50/50 ???????????????????? 3s 58ms/step - acc: 0.8834 - auc: 0.9529 - loss: 0.2775 - val_acc: 0.8756 - val_auc: 0.9438 - val_loss: 0.3034
Epoch 33/300
49/50 ???????????????????? 0s 55ms/step - acc: 0.8899 - auc: 0.9583 - loss: 0.2607
Epoch 33: val_acc improved from 0.87683 to 0.87873, saving model to saved_models/best_MACSynDCR_CNN_model.keras
50/50 ???????????????????? 3s 60ms/step - acc: 0.8896 - auc: 0.9581 - loss: 0.2615 - val_acc: 0.8787 - val_auc: 0.9468 - val_loss: 0.2943
Epoch 34/300
50/50 ???????????????????? 0s 53ms/step - acc: 0.8873 - auc: 0.9595 - loss: 0.2578
Epoch 34: val_acc did not improve from 0.87873
50/50 ???????????????????? 3s 59ms/step - acc: 0.8872 - auc: 0.9594 - loss: 0.2580 - val_acc: 0.8762 - val_auc: 0.9485 - val_loss: 0.2904
Epoch 35/300
50/50 ???????????????????? 0s 55ms/step - acc: 0.8856 - auc: 0.9577 - loss: 0.2634
Epoch 35: val_acc did not improve from 0.87873
50/50 ???????????????????? 3s 59ms/step - acc: 0.8855 - auc: 0.9577 - loss: 0.2636 - val_acc: 0.8749 - val_auc: 0.9447 - val_loss: 0.3010
Epoch 36/300
49/50 ???????????????????? 0s 53ms/step - acc: 0.8996 - auc: 0.9601 - loss: 0.2554
Epoch 36: val_acc improved from 0.87873 to 0.88063, saving model to saved_models/best_MACSynDCR_CNN_model.keras
50/50 ???????????????????? 3s 58ms/step - acc: 0.8993 - auc: 0.9600 - loss: 0.2557 - val_acc: 0.8806 - val_auc: 0.9460 - val_loss: 0.2976
Epoch 37/300
49/50 ???????????????????? 0s 58ms/step - acc: 0.8854 - auc: 0.9572 - loss: 0.2647
Epoch 37: val_acc improved from 0.88063 to 0.88254, saving model to saved_models/best_MACSynDCR_CNN_model.keras
50/50 ???????????????????? 3s 63ms/step - acc: 0.8858 - auc: 0.9573 - loss: 0.2646 - val_acc: 0.8825 - val_auc: 0.9516 - val_loss: 0.2802
Epoch 38/300
49/50 ???????????????????? 0s 54ms/step - acc: 0.8919 - auc: 0.9599 - loss: 0.2574
Epoch 38: val_acc improved from 0.88254 to 0.88381, saving model to saved_models/best_MACSynDCR_CNN_model.keras
50/50 ???????????????????? 3s 59ms/step - acc: 0.8919 - auc: 0.9599 - loss: 0.2573 - val_acc: 0.8838 - val_auc: 0.9513 - val_loss: 0.2851
Epoch 39/300
49/50 ???????????????????? 0s 59ms/step - acc: 0.9021 - auc: 0.9658 - loss: 0.2369
Epoch 39: val_acc did not improve from 0.88381
50/50 ???????????????????? 3s 62ms/step - acc: 0.9020 - auc: 0.9657 - loss: 0.2372 - val_acc: 0.8806 - val_auc: 0.9494 - val_loss: 0.2858
Epoch 40/300
49/50 ???????????????????? 0s 54ms/step - acc: 0.8952 - auc: 0.9615 - loss: 0.2512
Epoch 40: val_acc did not improve from 0.88381
50/50 ???????????????????? 3s 58ms/step - acc: 0.8952 - auc: 0.9615 - loss: 0.2512 - val_acc: 0.8737 - val_auc: 0.9509 - val_loss: 0.2826
Epoch 41/300
49/50 ???????????????????? 0s 56ms/step - acc: 0.8973 - auc: 0.9635 - loss: 0.2449
Epoch 41: val_acc did not improve from 0.88381
50/50 ???????????????????? 3s 59ms/step - acc: 0.8972 - auc: 0.9634 - loss: 0.2450 - val_acc: 0.8762 - val_auc: 0.9472 - val_loss: 0.2933
Epoch 42/300
49/50 ???????????????????? 0s 57ms/step - acc: 0.8974 - auc: 0.9658 - loss: 0.2378
Epoch 42: val_acc did not improve from 0.88381
50/50 ???????????????????? 3s 61ms/step - acc: 0.8974 - auc: 0.9657 - loss: 0.2380 - val_acc: 0.8800 - val_auc: 0.9525 - val_loss: 0.2790
Epoch 43/300
49/50 ???????????????????? 0s 58ms/step - acc: 0.9045 - auc: 0.9688 - loss: 0.2269
Epoch 43: val_acc did not improve from 0.88381
50/50 ???????????????????? 3s 62ms/step - acc: 0.9043 - auc: 0.9687 - loss: 0.2271 - val_acc: 0.8781 - val_auc: 0.9501 - val_loss: 0.2861
Epoch 44/300
49/50 ???????????????????? 0s 56ms/step - acc: 0.9011 - auc: 0.9679 - loss: 0.2306
Epoch 44: val_acc did not improve from 0.88381
50/50 ???????????????????? 3s 59ms/step - acc: 0.9012 - auc: 0.9679 - loss: 0.2305 - val_acc: 0.8768 - val_auc: 0.9504 - val_loss: 0.2874
Epoch 45/300
50/50 ???????????????????? 0s 54ms/step - acc: 0.9085 - auc: 0.9713 - loss: 0.2174
Epoch 45: val_acc did not improve from 0.88381
50/50 ???????????????????? 3s 58ms/step - acc: 0.9084 - auc: 0.9712 - loss: 0.2176 - val_acc: 0.8813 - val_auc: 0.9506 - val_loss: 0.2855
Epoch 46/300
49/50 ???????????????????? 0s 54ms/step - acc: 0.9114 - auc: 0.9718 - loss: 0.2157
Epoch 46: val_acc did not improve from 0.88381
50/50 ???????????????????? 3s 58ms/step - acc: 0.9111 - auc: 0.9717 - loss: 0.2161 - val_acc: 0.8800 - val_auc: 0.9479 - val_loss: 0.2945
Epoch 47/300
49/50 ???????????????????? 0s 55ms/step - acc: 0.9074 - auc: 0.9705 - loss: 0.2198
Epoch 47: val_acc did not improve from 0.88381
50/50 ???????????????????? 3s 58ms/step - acc: 0.9074 - auc: 0.9705 - loss: 0.2198 - val_acc: 0.8794 - val_auc: 0.9475 - val_loss: 0.3002
Epoch 48/300
49/50 ???????????????????? 0s 54ms/step - acc: 0.9129 - auc: 0.9725 - loss: 0.2127
Epoch 48: val_acc did not improve from 0.88381
50/50 ???????????????????? 3s 57ms/step - acc: 0.9128 - auc: 0.9724 - loss: 0.2130 - val_acc: 0.8806 - val_auc: 0.9504 - val_loss: 0.2898
Epoch 49/300
49/50 ???????????????????? 0s 54ms/step - acc: 0.9114 - auc: 0.9710 - loss: 0.2164
Epoch 49: val_acc did not improve from 0.88381
50/50 ???????????????????? 3s 58ms/step - acc: 0.9113 - auc: 0.9710 - loss: 0.2164 - val_acc: 0.8794 - val_auc: 0.9514 - val_loss: 0.2830
Epoch 50/300
49/50 ???????????????????? 0s 52ms/step - acc: 0.9145 - auc: 0.9741 - loss: 0.2072
Epoch 50: val_acc did not improve from 0.88381
50/50 ???????????????????? 3s 55ms/step - acc: 0.9145 - auc: 0.9741 - loss: 0.2071 - val_acc: 0.8743 - val_auc: 0.9507 - val_loss: 0.2962
Epoch 51/300
49/50 ???????????????????? 0s 53ms/step - acc: 0.9210 - auc: 0.9745 - loss: 0.2041
Epoch 51: val_acc improved from 0.88381 to 0.88508, saving model to saved_models/best_MACSynDCR_CNN_model.keras
50/50 ???????????????????? 3s 58ms/step - acc: 0.9208 - auc: 0.9744 - loss: 0.2044 - val_acc: 0.8851 - val_auc: 0.9497 - val_loss: 0.2954
Epoch 52/300
49/50 ???????????????????? 0s 55ms/step - acc: 0.9160 - auc: 0.9754 - loss: 0.2014
Epoch 52: val_acc did not improve from 0.88508
50/50 ???????????????????? 3s 58ms/step - acc: 0.9161 - auc: 0.9754 - loss: 0.2016 - val_acc: 0.8794 - val_auc: 0.9518 - val_loss: 0.2854
Epoch 53/300
49/50 ???????????????????? 0s 55ms/step - acc: 0.9136 - auc: 0.9741 - loss: 0.2065
Epoch 53: val_acc did not improve from 0.88508
50/50 ???????????????????? 3s 59ms/step - acc: 0.9137 - auc: 0.9741 - loss: 0.2065 - val_acc: 0.8705 - val_auc: 0.9478 - val_loss: 0.3012
Epoch 54/300
49/50 ???????????????????? 0s 54ms/step - acc: 0.9267 - auc: 0.9780 - loss: 0.1874
Epoch 54: val_acc did not improve from 0.88508
50/50 ???????????????????? 3s 58ms/step - acc: 0.9265 - auc: 0.9780 - loss: 0.1878 - val_acc: 0.8749 - val_auc: 0.9477 - val_loss: 0.2983
Epoch 55/300
49/50 ???????????????????? 0s 55ms/step - acc: 0.9326 - auc: 0.9801 - loss: 0.1805
Epoch 55: val_acc did not improve from 0.88508
50/50 ???????????????????? 3s 59ms/step - acc: 0.9323 - auc: 0.9801 - loss: 0.1808 - val_acc: 0.8724 - val_auc: 0.9485 - val_loss: 0.3007
Epoch 56/300
49/50 ???????????????????? 0s 55ms/step - acc: 0.9274 - auc: 0.9794 - loss: 0.1823
Epoch 56: val_acc did not improve from 0.88508
50/50 ???????????????????? 3s 59ms/step - acc: 0.9273 - auc: 0.9794 - loss: 0.1824 - val_acc: 0.8749 - val_auc: 0.9461 - val_loss: 0.3118
Epoch 57/300
49/50 ???????????????????? 0s 59ms/step - acc: 0.9295 - auc: 0.9827 - loss: 0.1701
Epoch 57: val_acc improved from 0.88508 to 0.88635, saving model to saved_models/best_MACSynDCR_CNN_model.keras
50/50 ???????????????????? 3s 63ms/step - acc: 0.9295 - auc: 0.9826 - loss: 0.1705 - val_acc: 0.8863 - val_auc: 0.9513 - val_loss: 0.2910
Epoch 58/300
49/50 ???????????????????? 0s 57ms/step - acc: 0.9272 - auc: 0.9824 - loss: 0.1714
Epoch 58: val_acc did not improve from 0.88635
50/50 ???????????????????? 3s 61ms/step - acc: 0.9271 - auc: 0.9823 - loss: 0.1716 - val_acc: 0.8825 - val_auc: 0.9495 - val_loss: 0.3063
Epoch 59/300
49/50 ???????????????????? 0s 62ms/step - acc: 0.9309 - auc: 0.9810 - loss: 0.1757
Epoch 59: val_acc did not improve from 0.88635
50/50 ???????????????????? 3s 66ms/step - acc: 0.9307 - auc: 0.9809 - loss: 0.1759 - val_acc: 0.8806 - val_auc: 0.9501 - val_loss: 0.3013
Epoch 60/300
49/50 ???????????????????? 0s 68ms/step - acc: 0.9346 - auc: 0.9821 - loss: 0.1706
Epoch 60: val_acc did not improve from 0.88635
50/50 ???????????????????? 4s 71ms/step - acc: 0.9343 - auc: 0.9820 - loss: 0.1710 - val_acc: 0.8832 - val_auc: 0.9513 - val_loss: 0.3014
Epoch 61/300
49/50 ???????????????????? 0s 70ms/step - acc: 0.9247 - auc: 0.9802 - loss: 0.1800
Epoch 61: val_acc did not improve from 0.88635
50/50 ???????????????????? 4s 73ms/step - acc: 0.9248 - auc: 0.9802 - loss: 0.1800 - val_acc: 0.8756 - val_auc: 0.9486 - val_loss: 0.3024
Epoch 62/300
49/50 ???????????????????? 0s 67ms/step - acc: 0.9300 - auc: 0.9813 - loss: 0.1751
Epoch 62: val_acc did not improve from 0.88635
50/50 ???????????????????? 4s 71ms/step - acc: 0.9298 - auc: 0.9813 - loss: 0.1753 - val_acc: 0.8806 - val_auc: 0.9499 - val_loss: 0.3026
Epoch 63/300
49/50 ???????????????????? 0s 69ms/step - acc: 0.9361 - auc: 0.9838 - loss: 0.1620
Epoch 63: val_acc did not improve from 0.88635
50/50 ???????????????????? 4s 74ms/step - acc: 0.9358 - auc: 0.9837 - loss: 0.1624 - val_acc: 0.8756 - val_auc: 0.9496 - val_loss: 0.3038
Epoch 64/300
49/50 ???????????????????? 0s 68ms/step - acc: 0.9343 - auc: 0.9846 - loss: 0.1587
Epoch 64: val_acc did not improve from 0.88635
50/50 ???????????????????? 4s 72ms/step - acc: 0.9342 - auc: 0.9846 - loss: 0.1589 - val_acc: 0.8832 - val_auc: 0.9510 - val_loss: 0.2947
Epoch 65/300
49/50 ???????????????????? 0s 61ms/step - acc: 0.9273 - auc: 0.9818 - loss: 0.1719
Epoch 65: val_acc improved from 0.88635 to 0.88698, saving model to saved_models/best_MACSynDCR_CNN_model.keras
50/50 ???????????????????? 3s 68ms/step - acc: 0.9274 - auc: 0.9819 - loss: 0.1717 - val_acc: 0.8870 - val_auc: 0.9523 - val_loss: 0.2965
Epoch 66/300
49/50 ???????????????????? 0s 75ms/step - acc: 0.9369 - auc: 0.9847 - loss: 0.1576
Epoch 66: val_acc did not improve from 0.88698
50/50 ???????????????????? 4s 81ms/step - acc: 0.9367 - auc: 0.9846 - loss: 0.1579 - val_acc: 0.8794 - val_auc: 0.9494 - val_loss: 0.3164
Epoch 67/300
49/50 ???????????????????? 0s 62ms/step - acc: 0.9355 - auc: 0.9850 - loss: 0.1569
Epoch 67: val_acc did not improve from 0.88698
50/50 ???????????????????? 3s 66ms/step - acc: 0.9355 - auc: 0.9850 - loss: 0.1569 - val_acc: 0.8800 - val_auc: 0.9516 - val_loss: 0.3048
Epoch 68/300
49/50 ???????????????????? 0s 66ms/step - acc: 0.9421 - auc: 0.9874 - loss: 0.1438
Epoch 68: val_acc did not improve from 0.88698
50/50 ???????????????????? 3s 70ms/step - acc: 0.9420 - auc: 0.9873 - loss: 0.1442 - val_acc: 0.8781 - val_auc: 0.9514 - val_loss: 0.3071
Epoch 69/300
49/50 ???????????????????? 0s 69ms/step - acc: 0.9415 - auc: 0.9844 - loss: 0.1579
Epoch 69: val_acc did not improve from 0.88698
50/50 ???????????????????? 4s 72ms/step - acc: 0.9414 - auc: 0.9845 - loss: 0.1578 - val_acc: 0.8863 - val_auc: 0.9525 - val_loss: 0.2960
Epoch 70/300
49/50 ???????????????????? 0s 63ms/step - acc: 0.9394 - auc: 0.9865 - loss: 0.1492
Epoch 70: val_acc did not improve from 0.88698
50/50 ???????????????????? 3s 67ms/step - acc: 0.9393 - auc: 0.9865 - loss: 0.1494 - val_acc: 0.8787 - val_auc: 0.9495 - val_loss: 0.3125
Epoch 71/300
49/50 ???????????????????? 0s 56ms/step - acc: 0.9405 - auc: 0.9869 - loss: 0.1450
Epoch 71: val_acc did not improve from 0.88698
50/50 ???????????????????? 3s 60ms/step - acc: 0.9404 - auc: 0.9869 - loss: 0.1452 - val_acc: 0.8768 - val_auc: 0.9467 - val_loss: 0.3303
Epoch 72/300
49/50 ???????????????????? 0s 55ms/step - acc: 0.9469 - auc: 0.9888 - loss: 0.1352
Epoch 72: val_acc improved from 0.88698 to 0.88825, saving model to saved_models/best_MACSynDCR_CNN_model.keras
50/50 ???????????????????? 3s 60ms/step - acc: 0.9468 - auc: 0.9887 - loss: 0.1355 - val_acc: 0.8883 - val_auc: 0.9512 - val_loss: 0.3162
Epoch 73/300
49/50 ???????????????????? 0s 55ms/step - acc: 0.9431 - auc: 0.9861 - loss: 0.1498
Epoch 73: val_acc did not improve from 0.88825
50/50 ???????????????????? 3s 59ms/step - acc: 0.9431 - auc: 0.9861 - loss: 0.1496 - val_acc: 0.8819 - val_auc: 0.9491 - val_loss: 0.3186
Epoch 74/300
49/50 ???????????????????? 0s 58ms/step - acc: 0.9371 - auc: 0.9853 - loss: 0.1551
Epoch 74: val_acc did not improve from 0.88825
50/50 ???????????????????? 3s 62ms/step - acc: 0.9373 - auc: 0.9853 - loss: 0.1548 - val_acc: 0.8838 - val_auc: 0.9505 - val_loss: 0.3068
Epoch 75/300
49/50 ???????????????????? 0s 58ms/step - acc: 0.9392 - auc: 0.9872 - loss: 0.1445
Epoch 75: val_acc did not improve from 0.88825
50/50 ???????????????????? 3s 61ms/step - acc: 0.9393 - auc: 0.9872 - loss: 0.1444 - val_acc: 0.8870 - val_auc: 0.9497 - val_loss: 0.3194
Epoch 76/300
49/50 ???????????????????? 0s 54ms/step - acc: 0.9476 - auc: 0.9893 - loss: 0.1320
Epoch 76: val_acc improved from 0.88825 to 0.88889, saving model to saved_models/best_MACSynDCR_CNN_model.keras
50/50 ???????????????????? 3s 59ms/step - acc: 0.9474 - auc: 0.9893 - loss: 0.1323 - val_acc: 0.8889 - val_auc: 0.9518 - val_loss: 0.3139
Epoch 77/300
50/50 ???????????????????? 0s 54ms/step - acc: 0.9478 - auc: 0.9897 - loss: 0.1286
Epoch 77: val_acc improved from 0.88889 to 0.88952, saving model to saved_models/best_MACSynDCR_CNN_model.keras
50/50 ???????????????????? 3s 60ms/step - acc: 0.9477 - auc: 0.9897 - loss: 0.1288 - val_acc: 0.8895 - val_auc: 0.9549 - val_loss: 0.2945
Epoch 78/300
49/50 ???????????????????? 0s 62ms/step - acc: 0.9417 - auc: 0.9878 - loss: 0.1410
Epoch 78: val_acc did not improve from 0.88952
50/50 ???????????????????? 3s 66ms/step - acc: 0.9418 - auc: 0.9878 - loss: 0.1409 - val_acc: 0.8870 - val_auc: 0.9519 - val_loss: 0.3116
Epoch 79/300
49/50 ???????????????????? 0s 65ms/step - acc: 0.9456 - auc: 0.9892 - loss: 0.1323
Epoch 79: val_acc improved from 0.88952 to 0.89016, saving model to saved_models/best_MACSynDCR_CNN_model.keras
50/50 ???????????????????? 4s 72ms/step - acc: 0.9455 - auc: 0.9892 - loss: 0.1325 - val_acc: 0.8902 - val_auc: 0.9528 - val_loss: 0.3104
Epoch 80/300
49/50 ???????????????????? 0s 71ms/step - acc: 0.9496 - auc: 0.9903 - loss: 0.1243
Epoch 80: val_acc improved from 0.89016 to 0.89143, saving model to saved_models/best_MACSynDCR_CNN_model.keras
50/50 ???????????????????? 4s 76ms/step - acc: 0.9495 - auc: 0.9903 - loss: 0.1244 - val_acc: 0.8914 - val_auc: 0.9528 - val_loss: 0.3152
Epoch 81/300
49/50 ???????????????????? 0s 54ms/step - acc: 0.9461 - auc: 0.9901 - loss: 0.1281
Epoch 81: val_acc did not improve from 0.89143
50/50 ???????????????????? 3s 58ms/step - acc: 0.9461 - auc: 0.9901 - loss: 0.1280 - val_acc: 0.8895 - val_auc: 0.9509 - val_loss: 0.3242
Epoch 82/300
49/50 ???????????????????? 0s 56ms/step - acc: 0.9425 - auc: 0.9872 - loss: 0.1428
Epoch 82: val_acc did not improve from 0.89143
50/50 ???????????????????? 3s 59ms/step - acc: 0.9426 - auc: 0.9872 - loss: 0.1427 - val_acc: 0.8844 - val_auc: 0.9509 - val_loss: 0.3166
Epoch 83/300
49/50 ???????????????????? 0s 55ms/step - acc: 0.9491 - auc: 0.9898 - loss: 0.1277
Epoch 83: val_acc did not improve from 0.89143
50/50 ???????????????????? 3s 58ms/step - acc: 0.9491 - auc: 0.9898 - loss: 0.1278 - val_acc: 0.8914 - val_auc: 0.9542 - val_loss: 0.3048
Epoch 84/300
49/50 ???????????????????? 0s 55ms/step - acc: 0.9469 - auc: 0.9887 - loss: 0.1331
Epoch 84: val_acc did not improve from 0.89143
50/50 ???????????????????? 3s 58ms/step - acc: 0.9470 - auc: 0.9888 - loss: 0.1328 - val_acc: 0.8844 - val_auc: 0.9519 - val_loss: 0.3236
Epoch 85/300
49/50 ???????????????????? 0s 54ms/step - acc: 0.9562 - auc: 0.9917 - loss: 0.1166
Epoch 85: val_acc did not improve from 0.89143
50/50 ???????????????????? 3s 58ms/step - acc: 0.9562 - auc: 0.9917 - loss: 0.1165 - val_acc: 0.8889 - val_auc: 0.9502 - val_loss: 0.3527
Epoch 86/300
49/50 ???????????????????? 0s 58ms/step - acc: 0.9513 - auc: 0.9913 - loss: 0.1198
Epoch 86: val_acc did not improve from 0.89143
50/50 ???????????????????? 3s 61ms/step - acc: 0.9515 - auc: 0.9913 - loss: 0.1194 - val_acc: 0.8870 - val_auc: 0.9512 - val_loss: 0.3340
Epoch 87/300
49/50 ???????????????????? 0s 59ms/step - acc: 0.9549 - auc: 0.9906 - loss: 0.1205
Epoch 87: val_acc did not improve from 0.89143
50/50 ???????????????????? 3s 62ms/step - acc: 0.9547 - auc: 0.9906 - loss: 0.1208 - val_acc: 0.8819 - val_auc: 0.9521 - val_loss: 0.3159
Epoch 88/300
49/50 ???????????????????? 0s 63ms/step - acc: 0.9501 - auc: 0.9901 - loss: 0.1251
Epoch 88: val_acc did not improve from 0.89143
50/50 ???????????????????? 3s 68ms/step - acc: 0.9503 - auc: 0.9901 - loss: 0.1249 - val_acc: 0.8908 - val_auc: 0.9516 - val_loss: 0.3283
Epoch 89/300
49/50 ???????????????????? 0s 67ms/step - acc: 0.9559 - auc: 0.9900 - loss: 0.1236
Epoch 89: val_acc did not improve from 0.89143
50/50 ???????????????????? 4s 71ms/step - acc: 0.9559 - auc: 0.9901 - loss: 0.1235 - val_acc: 0.8889 - val_auc: 0.9554 - val_loss: 0.3068
Epoch 90/300
49/50 ???????????????????? 0s 59ms/step - acc: 0.9530 - auc: 0.9919 - loss: 0.1146
Epoch 90: val_acc did not improve from 0.89143
50/50 ???????????????????? 3s 63ms/step - acc: 0.9530 - auc: 0.9919 - loss: 0.1148 - val_acc: 0.8844 - val_auc: 0.9515 - val_loss: 0.3230
Epoch 91/300
49/50 ???????????????????? 0s 55ms/step - acc: 0.9595 - auc: 0.9930 - loss: 0.1068
Epoch 91: val_acc did not improve from 0.89143
50/50 ???????????????????? 3s 59ms/step - acc: 0.9594 - auc: 0.9930 - loss: 0.1070 - val_acc: 0.8902 - val_auc: 0.9533 - val_loss: 0.3219
Epoch 92/300
49/50 ???????????????????? 0s 58ms/step - acc: 0.9587 - auc: 0.9923 - loss: 0.1098
Epoch 92: val_acc did not improve from 0.89143
50/50 ???????????????????? 3s 61ms/step - acc: 0.9584 - auc: 0.9923 - loss: 0.1103 - val_acc: 0.8781 - val_auc: 0.9513 - val_loss: 0.3269
Epoch 93/300
49/50 ???????????????????? 0s 55ms/step - acc: 0.9576 - auc: 0.9916 - loss: 0.1129
Epoch 93: val_acc improved from 0.89143 to 0.89206, saving model to saved_models/best_MACSynDCR_CNN_model.keras
50/50 ???????????????????? 3s 60ms/step - acc: 0.9576 - auc: 0.9917 - loss: 0.1129 - val_acc: 0.8921 - val_auc: 0.9533 - val_loss: 0.3178
Epoch 94/300
49/50 ???????????????????? 0s 58ms/step - acc: 0.9587 - auc: 0.9933 - loss: 0.1038
Epoch 94: val_acc did not improve from 0.89206
50/50 ???????????????????? 3s 61ms/step - acc: 0.9587 - auc: 0.9933 - loss: 0.1038 - val_acc: 0.8895 - val_auc: 0.9528 - val_loss: 0.3413
Epoch 95/300
49/50 ???????????????????? 0s 54ms/step - acc: 0.9589 - auc: 0.9931 - loss: 0.1044
Epoch 95: val_acc did not improve from 0.89206
50/50 ???????????????????? 3s 57ms/step - acc: 0.9589 - auc: 0.9931 - loss: 0.1046 - val_acc: 0.8876 - val_auc: 0.9518 - val_loss: 0.3356
Epoch 96/300
49/50 ???????????????????? 0s 59ms/step - acc: 0.9506 - auc: 0.9913 - loss: 0.1190
Epoch 96: val_acc did not improve from 0.89206
50/50 ???????????????????? 3s 63ms/step - acc: 0.9508 - auc: 0.9913 - loss: 0.1187 - val_acc: 0.8883 - val_auc: 0.9533 - val_loss: 0.3172
Epoch 97/300
49/50 ???????????????????? 0s 61ms/step - acc: 0.9632 - auc: 0.9948 - loss: 0.0918
Epoch 97: val_acc did not improve from 0.89206
50/50 ???????????????????? 3s 65ms/step - acc: 0.9632 - auc: 0.9948 - loss: 0.0920 - val_acc: 0.8863 - val_auc: 0.9511 - val_loss: 0.3401
Epoch 98/300
49/50 ???????????????????? 0s 63ms/step - acc: 0.9663 - auc: 0.9954 - loss: 0.0863
Epoch 98: val_acc did not improve from 0.89206
50/50 ???????????????????? 3s 67ms/step - acc: 0.9660 - auc: 0.9954 - loss: 0.0868 - val_acc: 0.8863 - val_auc: 0.9519 - val_loss: 0.3354
Epoch 99/300
49/50 ???????????????????? 0s 65ms/step - acc: 0.9611 - auc: 0.9931 - loss: 0.1050
Epoch 99: val_acc did not improve from 0.89206
50/50 ???????????????????? 3s 69ms/step - acc: 0.9612 - auc: 0.9931 - loss: 0.1050 - val_acc: 0.8870 - val_auc: 0.9531 - val_loss: 0.3428
Epoch 100/300
49/50 ???????????????????? 0s 58ms/step - acc: 0.9569 - auc: 0.9937 - loss: 0.1001
Epoch 100: val_acc did not improve from 0.89206
50/50 ???????????????????? 3s 61ms/step - acc: 0.9569 - auc: 0.9937 - loss: 0.1001 - val_acc: 0.8863 - val_auc: 0.9518 - val_loss: 0.3371
Epoch 101/300
49/50 ???????????????????? 0s 63ms/step - acc: 0.9566 - auc: 0.9926 - loss: 0.1064
Epoch 101: val_acc did not improve from 0.89206
50/50 ???????????????????? 3s 67ms/step - acc: 0.9567 - auc: 0.9926 - loss: 0.1064 - val_acc: 0.8800 - val_auc: 0.9507 - val_loss: 0.3405
Epoch 102/300
49/50 ???????????????????? 0s 63ms/step - acc: 0.9593 - auc: 0.9940 - loss: 0.0993
Epoch 102: val_acc did not improve from 0.89206
50/50 ???????????????????? 3s 66ms/step - acc: 0.9594 - auc: 0.9940 - loss: 0.0991 - val_acc: 0.8857 - val_auc: 0.9503 - val_loss: 0.3563
Epoch 103/300
49/50 ???????????????????? 0s 59ms/step - acc: 0.9613 - auc: 0.9937 - loss: 0.0985
Epoch 103: val_acc did not improve from 0.89206
50/50 ???????????????????? 3s 62ms/step - acc: 0.9613 - auc: 0.9937 - loss: 0.0986 - val_acc: 0.8914 - val_auc: 0.9502 - val_loss: 0.3455
Epoch 104/300
49/50 ???????????????????? 0s 56ms/step - acc: 0.9652 - auc: 0.9937 - loss: 0.0966
Epoch 104: val_acc did not improve from 0.89206
50/50 ???????????????????? 3s 59ms/step - acc: 0.9651 - auc: 0.9936 - loss: 0.0968 - val_acc: 0.8908 - val_auc: 0.9542 - val_loss: 0.3222
Epoch 105/300
49/50 ???????????????????? 0s 57ms/step - acc: 0.9671 - auc: 0.9949 - loss: 0.0874
Epoch 105: val_acc did not improve from 0.89206
50/50 ???????????????????? 3s 60ms/step - acc: 0.9669 - auc: 0.9949 - loss: 0.0878 - val_acc: 0.8844 - val_auc: 0.9515 - val_loss: 0.3344
Epoch 106/300
49/50 ???????????????????? 0s 65ms/step - acc: 0.9662 - auc: 0.9951 - loss: 0.0884
Epoch 106: val_acc did not improve from 0.89206
50/50 ???????????????????? 3s 70ms/step - acc: 0.9661 - auc: 0.9951 - loss: 0.0887 - val_acc: 0.8883 - val_auc: 0.9515 - val_loss: 0.3318
Epoch 107/300
49/50 ???????????????????? 0s 68ms/step - acc: 0.9682 - auc: 0.9963 - loss: 0.0784
Epoch 107: val_acc did not improve from 0.89206
50/50 ???????????????????? 4s 72ms/step - acc: 0.9681 - auc: 0.9963 - loss: 0.0787 - val_acc: 0.8914 - val_auc: 0.9500 - val_loss: 0.3518
Epoch 108/300
49/50 ???????????????????? 0s 57ms/step - acc: 0.9665 - auc: 0.9950 - loss: 0.0870
Epoch 108: val_acc did not improve from 0.89206
50/50 ???????????????????? 3s 61ms/step - acc: 0.9665 - auc: 0.9951 - loss: 0.0869 - val_acc: 0.8902 - val_auc: 0.9538 - val_loss: 0.3342
Epoch 109/300
49/50 ???????????????????? 0s 58ms/step - acc: 0.9668 - auc: 0.9953 - loss: 0.0842
Epoch 109: val_acc did not improve from 0.89206
50/50 ???????????????????? 3s 61ms/step - acc: 0.9668 - auc: 0.9953 - loss: 0.0841 - val_acc: 0.8863 - val_auc: 0.9498 - val_loss: 0.3571
Epoch 110/300
49/50 ???????????????????? 0s 55ms/step - acc: 0.9692 - auc: 0.9944 - loss: 0.0900
Epoch 110: val_acc did not improve from 0.89206
50/50 ???????????????????? 3s 58ms/step - acc: 0.9691 - auc: 0.9945 - loss: 0.0900 - val_acc: 0.8851 - val_auc: 0.9530 - val_loss: 0.3402
Epoch 111/300
49/50 ???????????????????? 0s 56ms/step - acc: 0.9633 - auc: 0.9947 - loss: 0.0939
Epoch 111: val_acc did not improve from 0.89206
50/50 ???????????????????? 3s 60ms/step - acc: 0.9634 - auc: 0.9947 - loss: 0.0937 - val_acc: 0.8825 - val_auc: 0.9497 - val_loss: 0.3523
Epoch 112/300
49/50 ???????????????????? 0s 68ms/step - acc: 0.9656 - auc: 0.9951 - loss: 0.0883
Epoch 112: val_acc did not improve from 0.89206
50/50 ???????????????????? 4s 73ms/step - acc: 0.9656 - auc: 0.9951 - loss: 0.0883 - val_acc: 0.8813 - val_auc: 0.9515 - val_loss: 0.3419
Epoch 113/300
49/50 ???????????????????? 0s 60ms/step - acc: 0.9697 - auc: 0.9958 - loss: 0.0796
Epoch 113: val_acc did not improve from 0.89206
50/50 ???????????????????? 3s 66ms/step - acc: 0.9697 - auc: 0.9958 - loss: 0.0796 - val_acc: 0.8819 - val_auc: 0.9547 - val_loss: 0.3440
Epoch 114/300
49/50 ???????????????????? 0s 63ms/step - acc: 0.9734 - auc: 0.9968 - loss: 0.0692
Epoch 114: val_acc improved from 0.89206 to 0.89333, saving model to saved_models/best_MACSynDCR_CNN_model.keras
50/50 ???????????????????? 3s 68ms/step - acc: 0.9732 - auc: 0.9968 - loss: 0.0693 - val_acc: 0.8933 - val_auc: 0.9530 - val_loss: 0.3514
Epoch 115/300
50/50 ???????????????????? 0s 57ms/step - acc: 0.9612 - auc: 0.9929 - loss: 0.1013
Epoch 115: val_acc did not improve from 0.89333
50/50 ???????????????????? 3s 62ms/step - acc: 0.9612 - auc: 0.9929 - loss: 0.1012 - val_acc: 0.8863 - val_auc: 0.9542 - val_loss: 0.3343
Epoch 116/300
49/50 ???????????????????? 0s 57ms/step - acc: 0.9679 - auc: 0.9953 - loss: 0.0860
Epoch 116: val_acc did not improve from 0.89333
50/50 ???????????????????? 3s 60ms/step - acc: 0.9678 - auc: 0.9952 - loss: 0.0860 - val_acc: 0.8870 - val_auc: 0.9524 - val_loss: 0.3440
Epoch 117/300
49/50 ???????????????????? 0s 57ms/step - acc: 0.9696 - auc: 0.9959 - loss: 0.0803
Epoch 117: val_acc did not improve from 0.89333
50/50 ???????????????????? 3s 61ms/step - acc: 0.9695 - auc: 0.9959 - loss: 0.0805 - val_acc: 0.8895 - val_auc: 0.9519 - val_loss: 0.3447
Epoch 118/300
49/50 ???????????????????? 0s 57ms/step - acc: 0.9634 - auc: 0.9951 - loss: 0.0885
Epoch 118: val_acc did not improve from 0.89333
50/50 ???????????????????? 3s 61ms/step - acc: 0.9635 - auc: 0.9951 - loss: 0.0885 - val_acc: 0.8902 - val_auc: 0.9535 - val_loss: 0.3552
Epoch 119/300
49/50 ???????????????????? 0s 57ms/step - acc: 0.9701 - auc: 0.9957 - loss: 0.0801
Epoch 119: val_acc did not improve from 0.89333
50/50 ???????????????????? 3s 61ms/step - acc: 0.9700 - auc: 0.9957 - loss: 0.0801 - val_acc: 0.8914 - val_auc: 0.9533 - val_loss: 0.3378
Epoch 120/300
49/50 ???????????????????? 0s 59ms/step - acc: 0.9715 - auc: 0.9960 - loss: 0.0801
Epoch 120: val_acc did not improve from 0.89333
50/50 ???????????????????? 3s 62ms/step - acc: 0.9715 - auc: 0.9959 - loss: 0.0802 - val_acc: 0.8825 - val_auc: 0.9515 - val_loss: 0.3555
Epoch 121/300
50/50 ???????????????????? 0s 57ms/step - acc: 0.9664 - auc: 0.9955 - loss: 0.0815
Epoch 121: val_acc did not improve from 0.89333
50/50 ???????????????????? 3s 61ms/step - acc: 0.9664 - auc: 0.9955 - loss: 0.0816 - val_acc: 0.8889 - val_auc: 0.9532 - val_loss: 0.3554
Epoch 122/300
49/50 ???????????????????? 0s 57ms/step - acc: 0.9726 - auc: 0.9969 - loss: 0.0709
Epoch 122: val_acc did not improve from 0.89333
50/50 ???????????????????? 3s 61ms/step - acc: 0.9725 - auc: 0.9969 - loss: 0.0710 - val_acc: 0.8870 - val_auc: 0.9517 - val_loss: 0.3547
Epoch 123/300
49/50 ???????????????????? 0s 58ms/step - acc: 0.9717 - auc: 0.9964 - loss: 0.0764
Epoch 123: val_acc did not improve from 0.89333
50/50 ???????????????????? 3s 61ms/step - acc: 0.9716 - auc: 0.9964 - loss: 0.0763 - val_acc: 0.8895 - val_auc: 0.9534 - val_loss: 0.3603
Epoch 124/300
50/50 ???????????????????? 0s 55ms/step - acc: 0.9650 - auc: 0.9948 - loss: 0.0863
Epoch 124: val_acc did not improve from 0.89333
50/50 ???????????????????? 3s 59ms/step - acc: 0.9651 - auc: 0.9948 - loss: 0.0863 - val_acc: 0.8883 - val_auc: 0.9534 - val_loss: 0.3490
Epoch 125/300
49/50 ???????????????????? 0s 56ms/step - acc: 0.9731 - auc: 0.9964 - loss: 0.0733
Epoch 125: val_acc did not improve from 0.89333
50/50 ???????????????????? 3s 60ms/step - acc: 0.9730 - auc: 0.9964 - loss: 0.0734 - val_acc: 0.8895 - val_auc: 0.9513 - val_loss: 0.3621
Epoch 126/300
49/50 ???????????????????? 0s 65ms/step - acc: 0.9747 - auc: 0.9973 - loss: 0.0642
Epoch 126: val_acc did not improve from 0.89333
50/50 ???????????????????? 3s 69ms/step - acc: 0.9746 - auc: 0.9973 - loss: 0.0645 - val_acc: 0.8857 - val_auc: 0.9514 - val_loss: 0.3787
Epoch 127/300
49/50 ???????????????????? 0s 62ms/step - acc: 0.9736 - auc: 0.9970 - loss: 0.0698
Epoch 127: val_acc did not improve from 0.89333
50/50 ???????????????????? 3s 66ms/step - acc: 0.9735 - auc: 0.9969 - loss: 0.0700 - val_acc: 0.8863 - val_auc: 0.9546 - val_loss: 0.3477
Epoch 128/300
49/50 ???????????????????? 0s 66ms/step - acc: 0.9747 - auc: 0.9964 - loss: 0.0718
Epoch 128: val_acc did not improve from 0.89333
50/50 ???????????????????? 4s 70ms/step - acc: 0.9747 - auc: 0.9964 - loss: 0.0718 - val_acc: 0.8908 - val_auc: 0.9532 - val_loss: 0.3589
Epoch 129/300
49/50 ???????????????????? 0s 74ms/step - acc: 0.9732 - auc: 0.9968 - loss: 0.0708
Epoch 129: val_acc did not improve from 0.89333
50/50 ???????????????????? 4s 79ms/step - acc: 0.9732 - auc: 0.9968 - loss: 0.0709 - val_acc: 0.8927 - val_auc: 0.9530 - val_loss: 0.3715
Epoch 130/300
49/50 ???????????????????? 0s 73ms/step - acc: 0.9743 - auc: 0.9972 - loss: 0.0684
Epoch 130: val_acc did not improve from 0.89333
50/50 ???????????????????? 4s 79ms/step - acc: 0.9743 - auc: 0.9971 - loss: 0.0685 - val_acc: 0.8883 - val_auc: 0.9509 - val_loss: 0.3648
Epoch 131/300
49/50 ???????????????????? 0s 76ms/step - acc: 0.9754 - auc: 0.9973 - loss: 0.0661
Epoch 131: val_acc did not improve from 0.89333
50/50 ???????????????????? 4s 81ms/step - acc: 0.9753 - auc: 0.9973 - loss: 0.0663 - val_acc: 0.8870 - val_auc: 0.9491 - val_loss: 0.3814
Epoch 132/300
49/50 ???????????????????? 0s 78ms/step - acc: 0.9695 - auc: 0.9968 - loss: 0.0733
Epoch 132: val_acc did not improve from 0.89333
50/50 ???????????????????? 4s 83ms/step - acc: 0.9695 - auc: 0.9968 - loss: 0.0732 - val_acc: 0.8902 - val_auc: 0.9504 - val_loss: 0.3839
Epoch 133/300
49/50 ???????????????????? 0s 75ms/step - acc: 0.9715 - auc: 0.9962 - loss: 0.0750
Epoch 133: val_acc did not improve from 0.89333
50/50 ???????????????????? 4s 80ms/step - acc: 0.9716 - auc: 0.9962 - loss: 0.0748 - val_acc: 0.8857 - val_auc: 0.9517 - val_loss: 0.3757
Epoch 134/300
49/50 ???????????????????? 0s 77ms/step - acc: 0.9702 - auc: 0.9961 - loss: 0.0743
Epoch 134: val_acc did not improve from 0.89333
50/50 ???????????????????? 4s 82ms/step - acc: 0.9703 - auc: 0.9961 - loss: 0.0742 - val_acc: 0.8921 - val_auc: 0.9505 - val_loss: 0.3907
Epoch 135/300
49/50 ???????????????????? 0s 78ms/step - acc: 0.9730 - auc: 0.9970 - loss: 0.0686
Epoch 135: val_acc did not improve from 0.89333
50/50 ???????????????????? 4s 83ms/step - acc: 0.9730 - auc: 0.9970 - loss: 0.0686 - val_acc: 0.8851 - val_auc: 0.9523 - val_loss: 0.3801
Epoch 136/300
49/50 ???????????????????? 0s 75ms/step - acc: 0.9703 - auc: 0.9964 - loss: 0.0734
Epoch 136: val_acc did not improve from 0.89333
50/50 ???????????????????? 4s 78ms/step - acc: 0.9703 - auc: 0.9963 - loss: 0.0735 - val_acc: 0.8921 - val_auc: 0.9496 - val_loss: 0.3813
Epoch 137/300
49/50 ???????????????????? 0s 76ms/step - acc: 0.9738 - auc: 0.9968 - loss: 0.0697
Epoch 137: val_acc improved from 0.89333 to 0.89524, saving model to saved_models/best_MACSynDCR_CNN_model.keras
50/50 ???????????????????? 4s 82ms/step - acc: 0.9738 - auc: 0.9968 - loss: 0.0696 - val_acc: 0.8952 - val_auc: 0.9538 - val_loss: 0.3579
Epoch 138/300
49/50 ???????????????????? 0s 71ms/step - acc: 0.9752 - auc: 0.9967 - loss: 0.0651
Epoch 138: val_acc did not improve from 0.89524
50/50 ???????????????????? 4s 75ms/step - acc: 0.9751 - auc: 0.9967 - loss: 0.0653 - val_acc: 0.8914 - val_auc: 0.9497 - val_loss: 0.3770
Epoch 139/300
49/50 ???????????????????? 0s 72ms/step - acc: 0.9757 - auc: 0.9971 - loss: 0.0634
Epoch 139: val_acc did not improve from 0.89524
50/50 ???????????????????? 4s 77ms/step - acc: 0.9756 - auc: 0.9971 - loss: 0.0636 - val_acc: 0.8946 - val_auc: 0.9511 - val_loss: 0.3747
Epoch 140/300
49/50 ???????????????????? 0s 66ms/step - acc: 0.9756 - auc: 0.9968 - loss: 0.0681
Epoch 140: val_acc did not improve from 0.89524
50/50 ???????????????????? 4s 70ms/step - acc: 0.9755 - auc: 0.9968 - loss: 0.0681 - val_acc: 0.8889 - val_auc: 0.9540 - val_loss: 0.3655
Epoch 141/300
49/50 ???????????????????? 0s 64ms/step - acc: 0.9754 - auc: 0.9971 - loss: 0.0666
Epoch 141: val_acc did not improve from 0.89524
50/50 ???????????????????? 3s 68ms/step - acc: 0.9754 - auc: 0.9971 - loss: 0.0665 - val_acc: 0.8851 - val_auc: 0.9499 - val_loss: 0.3932
Epoch 142/300
49/50 ???????????????????? 0s 61ms/step - acc: 0.9779 - auc: 0.9971 - loss: 0.0627
Epoch 142: val_acc did not improve from 0.89524
50/50 ???????????????????? 3s 65ms/step - acc: 0.9778 - auc: 0.9971 - loss: 0.0628 - val_acc: 0.8895 - val_auc: 0.9502 - val_loss: 0.3771
Epoch 143/300
49/50 ???????????????????? 0s 57ms/step - acc: 0.9731 - auc: 0.9970 - loss: 0.0669
Epoch 143: val_acc did not improve from 0.89524
50/50 ???????????????????? 3s 61ms/step - acc: 0.9731 - auc: 0.9970 - loss: 0.0670 - val_acc: 0.8921 - val_auc: 0.9484 - val_loss: 0.3776
Epoch 144/300
49/50 ???????????????????? 0s 56ms/step - acc: 0.9754 - auc: 0.9976 - loss: 0.0625
Epoch 144: val_acc did not improve from 0.89524
50/50 ???????????????????? 3s 60ms/step - acc: 0.9754 - auc: 0.9977 - loss: 0.0624 - val_acc: 0.8921 - val_auc: 0.9501 - val_loss: 0.4099
Epoch 145/300
49/50 ???????????????????? 0s 56ms/step - acc: 0.9734 - auc: 0.9969 - loss: 0.0678
Epoch 145: val_acc did not improve from 0.89524
50/50 ???????????????????? 3s 59ms/step - acc: 0.9735 - auc: 0.9969 - loss: 0.0677 - val_acc: 0.8908 - val_auc: 0.9464 - val_loss: 0.4015
Epoch 146/300
49/50 ???????????????????? 0s 55ms/step - acc: 0.9770 - auc: 0.9971 - loss: 0.0663
Epoch 146: val_acc did not improve from 0.89524
50/50 ???????????????????? 3s 59ms/step - acc: 0.9770 - auc: 0.9971 - loss: 0.0662 - val_acc: 0.8895 - val_auc: 0.9431 - val_loss: 0.4254
Epoch 147/300
49/50 ???????????????????? 0s 60ms/step - acc: 0.9741 - auc: 0.9963 - loss: 0.0710
Epoch 147: val_acc did not improve from 0.89524
50/50 ???????????????????? 3s 64ms/step - acc: 0.9741 - auc: 0.9963 - loss: 0.0710 - val_acc: 0.8838 - val_auc: 0.9468 - val_loss: 0.4173
Epoch 148/300
49/50 ???????????????????? 0s 56ms/step - acc: 0.9727 - auc: 0.9960 - loss: 0.0722
Epoch 148: val_acc did not improve from 0.89524
50/50 ???????????????????? 3s 59ms/step - acc: 0.9727 - auc: 0.9961 - loss: 0.0720 - val_acc: 0.8870 - val_auc: 0.9512 - val_loss: 0.3950
Epoch 149/300
49/50 ???????????????????? 0s 55ms/step - acc: 0.9764 - auc: 0.9967 - loss: 0.0664
Epoch 149: val_acc did not improve from 0.89524
50/50 ???????????????????? 3s 58ms/step - acc: 0.9763 - auc: 0.9967 - loss: 0.0666 - val_acc: 0.8883 - val_auc: 0.9470 - val_loss: 0.3988
Epoch 150/300
49/50 ???????????????????? 0s 55ms/step - acc: 0.9754 - auc: 0.9974 - loss: 0.0636
Epoch 150: val_acc did not improve from 0.89524
50/50 ???????????????????? 3s 58ms/step - acc: 0.9753 - auc: 0.9974 - loss: 0.0638 - val_acc: 0.8927 - val_auc: 0.9495 - val_loss: 0.3942
Epoch 151/300
49/50 ???????????????????? 0s 56ms/step - acc: 0.9747 - auc: 0.9966 - loss: 0.0688
Epoch 151: val_acc did not improve from 0.89524
50/50 ???????????????????? 3s 59ms/step - acc: 0.9746 - auc: 0.9966 - loss: 0.0689 - val_acc: 0.8876 - val_auc: 0.9493 - val_loss: 0.3768
Epoch 152/300
49/50 ???????????????????? 0s 54ms/step - acc: 0.9771 - auc: 0.9977 - loss: 0.0608
Epoch 152: val_acc did not improve from 0.89524
50/50 ???????????????????? 3s 57ms/step - acc: 0.9771 - auc: 0.9977 - loss: 0.0608 - val_acc: 0.8933 - val_auc: 0.9480 - val_loss: 0.3905
Epoch 153/300
49/50 ???????????????????? 0s 63ms/step - acc: 0.9819 - auc: 0.9984 - loss: 0.0518
Epoch 153: val_acc did not improve from 0.89524
50/50 ???????????????????? 3s 67ms/step - acc: 0.9818 - auc: 0.9984 - loss: 0.0519 - val_acc: 0.8889 - val_auc: 0.9468 - val_loss: 0.4139
Epoch 154/300
49/50 ???????????????????? 0s 61ms/step - acc: 0.9780 - auc: 0.9972 - loss: 0.0631
Epoch 154: val_acc improved from 0.89524 to 0.89651, saving model to saved_models/best_MACSynDCR_CNN_model.keras
50/50 ???????????????????? 3s 67ms/step - acc: 0.9780 - auc: 0.9972 - loss: 0.0631 - val_acc: 0.8965 - val_auc: 0.9467 - val_loss: 0.4087
Epoch 155/300
49/50 ???????????????????? 0s 60ms/step - acc: 0.9812 - auc: 0.9981 - loss: 0.0547
Epoch 155: val_acc did not improve from 0.89651
50/50 ???????????????????? 3s 64ms/step - acc: 0.9812 - auc: 0.9981 - loss: 0.0547 - val_acc: 0.8889 - val_auc: 0.9457 - val_loss: 0.4109
Epoch 156/300
49/50 ???????????????????? 0s 57ms/step - acc: 0.9796 - auc: 0.9980 - loss: 0.0566
Epoch 156: val_acc did not improve from 0.89651
50/50 ???????????????????? 3s 61ms/step - acc: 0.9795 - auc: 0.9980 - loss: 0.0567 - val_acc: 0.8863 - val_auc: 0.9495 - val_loss: 0.4052
Epoch 157/300
49/50 ???????????????????? 0s 56ms/step - acc: 0.9793 - auc: 0.9980 - loss: 0.0572
Epoch 157: val_acc did not improve from 0.89651
50/50 ???????????????????? 3s 60ms/step - acc: 0.9792 - auc: 0.9980 - loss: 0.0574 - val_acc: 0.8902 - val_auc: 0.9458 - val_loss: 0.4045
Epoch 158/300
49/50 ???????????????????? 0s 58ms/step - acc: 0.9752 - auc: 0.9973 - loss: 0.0646
Epoch 158: val_acc did not improve from 0.89651
50/50 ???????????????????? 3s 62ms/step - acc: 0.9752 - auc: 0.9973 - loss: 0.0647 - val_acc: 0.8889 - val_auc: 0.9488 - val_loss: 0.4010
Epoch 159/300
49/50 ???????????????????? 0s 55ms/step - acc: 0.9750 - auc: 0.9976 - loss: 0.0629
Epoch 159: val_acc did not improve from 0.89651
50/50 ???????????????????? 3s 58ms/step - acc: 0.9750 - auc: 0.9976 - loss: 0.0629 - val_acc: 0.8946 - val_auc: 0.9460 - val_loss: 0.4068
Epoch 160/300
49/50 ???????????????????? 0s 55ms/step - acc: 0.9789 - auc: 0.9979 - loss: 0.0552
Epoch 160: val_acc did not improve from 0.89651
50/50 ???????????????????? 3s 58ms/step - acc: 0.9789 - auc: 0.9979 - loss: 0.0553 - val_acc: 0.8889 - val_auc: 0.9489 - val_loss: 0.4011
Epoch 161/300
49/50 ???????????????????? 0s 55ms/step - acc: 0.9747 - auc: 0.9968 - loss: 0.0688
Epoch 161: val_acc did not improve from 0.89651
50/50 ???????????????????? 3s 58ms/step - acc: 0.9747 - auc: 0.9968 - loss: 0.0686 - val_acc: 0.8933 - val_auc: 0.9484 - val_loss: 0.4027
Epoch 162/300
49/50 ???????????????????? 0s 58ms/step - acc: 0.9772 - auc: 0.9978 - loss: 0.0593
Epoch 162: val_acc did not improve from 0.89651
50/50 ???????????????????? 3s 61ms/step - acc: 0.9771 - auc: 0.9978 - loss: 0.0594 - val_acc: 0.8857 - val_auc: 0.9488 - val_loss: 0.3911
Epoch 163/300
49/50 ???????????????????? 0s 56ms/step - acc: 0.9816 - auc: 0.9986 - loss: 0.0461
Epoch 163: val_acc did not improve from 0.89651
50/50 ???????????????????? 3s 59ms/step - acc: 0.9817 - auc: 0.9986 - loss: 0.0461 - val_acc: 0.8908 - val_auc: 0.9494 - val_loss: 0.4111
Epoch 164/300
49/50 ???????????????????? 0s 57ms/step - acc: 0.9803 - auc: 0.9982 - loss: 0.0498
Epoch 164: val_acc did not improve from 0.89651
50/50 ???????????????????? 3s 60ms/step - acc: 0.9802 - auc: 0.9982 - loss: 0.0499 - val_acc: 0.8883 - val_auc: 0.9486 - val_loss: 0.4116
Epoch 165/300
49/50 ???????????????????? 0s 56ms/step - acc: 0.9836 - auc: 0.9985 - loss: 0.0476
Epoch 165: val_acc did not improve from 0.89651
50/50 ???????????????????? 3s 60ms/step - acc: 0.9837 - auc: 0.9985 - loss: 0.0476 - val_acc: 0.8952 - val_auc: 0.9498 - val_loss: 0.3906
Epoch 166/300
49/50 ???????????????????? 0s 56ms/step - acc: 0.9776 - auc: 0.9982 - loss: 0.0539
Epoch 166: val_acc did not improve from 0.89651
50/50 ???????????????????? 3s 59ms/step - acc: 0.9776 - auc: 0.9982 - loss: 0.0540 - val_acc: 0.8940 - val_auc: 0.9482 - val_loss: 0.4051
Epoch 167/300
49/50 ???????????????????? 0s 60ms/step - acc: 0.9794 - auc: 0.9982 - loss: 0.0518
Epoch 167: val_acc did not improve from 0.89651
50/50 ???????????????????? 3s 63ms/step - acc: 0.9794 - auc: 0.9982 - loss: 0.0518 - val_acc: 0.8952 - val_auc: 0.9476 - val_loss: 0.4309
Epoch 168/300
49/50 ???????????????????? 0s 55ms/step - acc: 0.9827 - auc: 0.9988 - loss: 0.0411
Epoch 168: val_acc did not improve from 0.89651
50/50 ???????????????????? 3s 58ms/step - acc: 0.9825 - auc: 0.9988 - loss: 0.0414 - val_acc: 0.8914 - val_auc: 0.9471 - val_loss: 0.4239
Epoch 169/300
49/50 ???????????????????? 0s 56ms/step - acc: 0.9837 - auc: 0.9978 - loss: 0.0470
Epoch 169: val_acc did not improve from 0.89651
50/50 ???????????????????? 3s 60ms/step - acc: 0.9836 - auc: 0.9978 - loss: 0.0471 - val_acc: 0.8933 - val_auc: 0.9498 - val_loss: 0.4110
Epoch 170/300
49/50 ???????????????????? 0s 55ms/step - acc: 0.9791 - auc: 0.9979 - loss: 0.0580
Epoch 170: val_acc improved from 0.89651 to 0.89841, saving model to saved_models/best_MACSynDCR_CNN_model.keras
50/50 ???????????????????? 3s 60ms/step - acc: 0.9791 - auc: 0.9979 - loss: 0.0578 - val_acc: 0.8984 - val_auc: 0.9497 - val_loss: 0.4086
Epoch 171/300
49/50 ???????????????????? 0s 54ms/step - acc: 0.9798 - auc: 0.9983 - loss: 0.0532
Epoch 171: val_acc did not improve from 0.89841
50/50 ???????????????????? 3s 57ms/step - acc: 0.9798 - auc: 0.9982 - loss: 0.0533 - val_acc: 0.8965 - val_auc: 0.9495 - val_loss: 0.3974
Epoch 172/300
49/50 ???????????????????? 0s 56ms/step - acc: 0.9777 - auc: 0.9967 - loss: 0.0581
Epoch 172: val_acc did not improve from 0.89841
50/50 ???????????????????? 3s 59ms/step - acc: 0.9778 - auc: 0.9968 - loss: 0.0579 - val_acc: 0.8946 - val_auc: 0.9505 - val_loss: 0.4126
Epoch 173/300
49/50 ???????????????????? 0s 55ms/step - acc: 0.9830 - auc: 0.9984 - loss: 0.0463
Epoch 173: val_acc did not improve from 0.89841
50/50 ???????????????????? 3s 60ms/step - acc: 0.9830 - auc: 0.9984 - loss: 0.0464 - val_acc: 0.8946 - val_auc: 0.9501 - val_loss: 0.4264
Epoch 174/300
49/50 ???????????????????? 0s 60ms/step - acc: 0.9833 - auc: 0.9986 - loss: 0.0439
Epoch 174: val_acc did not improve from 0.89841
50/50 ???????????????????? 3s 64ms/step - acc: 0.9832 - auc: 0.9986 - loss: 0.0442 - val_acc: 0.8952 - val_auc: 0.9487 - val_loss: 0.4160
Epoch 175/300
49/50 ???????????????????? 0s 57ms/step - acc: 0.9839 - auc: 0.9986 - loss: 0.0436
Epoch 175: val_acc did not improve from 0.89841
50/50 ???????????????????? 3s 61ms/step - acc: 0.9838 - auc: 0.9986 - loss: 0.0438 - val_acc: 0.8933 - val_auc: 0.9482 - val_loss: 0.4184
Epoch 176/300
49/50 ???????????????????? 0s 58ms/step - acc: 0.9796 - auc: 0.9973 - loss: 0.0580
Epoch 176: val_acc did not improve from 0.89841
50/50 ???????????????????? 3s 62ms/step - acc: 0.9797 - auc: 0.9973 - loss: 0.0578 - val_acc: 0.8978 - val_auc: 0.9479 - val_loss: 0.4163
Epoch 177/300
49/50 ???????????????????? 0s 57ms/step - acc: 0.9811 - auc: 0.9986 - loss: 0.0472
Epoch 177: val_acc did not improve from 0.89841
50/50 ???????????????????? 3s 60ms/step - acc: 0.9811 - auc: 0.9986 - loss: 0.0473 - val_acc: 0.8984 - val_auc: 0.9491 - val_loss: 0.4192
Epoch 178/300
49/50 ???????????????????? 0s 55ms/step - acc: 0.9797 - auc: 0.9981 - loss: 0.0528
Epoch 178: val_acc did not improve from 0.89841
50/50 ???????????????????? 3s 58ms/step - acc: 0.9797 - auc: 0.9981 - loss: 0.0528 - val_acc: 0.8959 - val_auc: 0.9491 - val_loss: 0.4119
Epoch 179/300
49/50 ???????????????????? 0s 55ms/step - acc: 0.9802 - auc: 0.9983 - loss: 0.0510
Epoch 179: val_acc did not improve from 0.89841
50/50 ???????????????????? 3s 58ms/step - acc: 0.9803 - auc: 0.9983 - loss: 0.0509 - val_acc: 0.8946 - val_auc: 0.9456 - val_loss: 0.4432
Epoch 180/300
49/50 ???????????????????? 0s 55ms/step - acc: 0.9816 - auc: 0.9987 - loss: 0.0470
Epoch 180: val_acc did not improve from 0.89841
50/50 ???????????????????? 3s 58ms/step - acc: 0.9816 - auc: 0.9987 - loss: 0.0470 - val_acc: 0.8984 - val_auc: 0.9479 - val_loss: 0.4296
Epoch 181/300
49/50 ???????????????????? 0s 54ms/step - acc: 0.9800 - auc: 0.9981 - loss: 0.0523
Epoch 181: val_acc did not improve from 0.89841
50/50 ???????????????????? 3s 58ms/step - acc: 0.9801 - auc: 0.9981 - loss: 0.0523 - val_acc: 0.8946 - val_auc: 0.9486 - val_loss: 0.4218
Epoch 182/300
49/50 ???????????????????? 0s 54ms/step - acc: 0.9794 - auc: 0.9981 - loss: 0.0534
Epoch 182: val_acc did not improve from 0.89841
50/50 ???????????????????? 3s 58ms/step - acc: 0.9795 - auc: 0.9981 - loss: 0.0533 - val_acc: 0.8857 - val_auc: 0.9530 - val_loss: 0.4042
Epoch 183/300
49/50 ???????????????????? 0s 63ms/step - acc: 0.9847 - auc: 0.9983 - loss: 0.0469
Epoch 183: val_acc did not improve from 0.89841
50/50 ???????????????????? 3s 66ms/step - acc: 0.9846 - auc: 0.9983 - loss: 0.0471 - val_acc: 0.8927 - val_auc: 0.9521 - val_loss: 0.4015
Epoch 184/300
49/50 ???????????????????? 0s 66ms/step - acc: 0.9849 - auc: 0.9988 - loss: 0.0423
Epoch 184: val_acc did not improve from 0.89841
50/50 ???????????????????? 3s 70ms/step - acc: 0.9848 - auc: 0.9988 - loss: 0.0425 - val_acc: 0.8933 - val_auc: 0.9506 - val_loss: 0.4260
Epoch 185/300
49/50 ???????????????????? 0s 61ms/step - acc: 0.9834 - auc: 0.9980 - loss: 0.0479
Epoch 185: val_acc did not improve from 0.89841
50/50 ???????????????????? 3s 65ms/step - acc: 0.9834 - auc: 0.9981 - loss: 0.0479 - val_acc: 0.8959 - val_auc: 0.9511 - val_loss: 0.4221
Epoch 186/300
49/50 ???????????????????? 0s 62ms/step - acc: 0.9798 - auc: 0.9984 - loss: 0.0503
Epoch 186: val_acc improved from 0.89841 to 0.89905, saving model to saved_models/best_MACSynDCR_CNN_model.keras
50/50 ???????????????????? 3s 68ms/step - acc: 0.9798 - auc: 0.9984 - loss: 0.0503 - val_acc: 0.8990 - val_auc: 0.9511 - val_loss: 0.4129
Epoch 187/300
49/50 ???????????????????? 0s 61ms/step - acc: 0.9826 - auc: 0.9986 - loss: 0.0467
Epoch 187: val_acc did not improve from 0.89905
50/50 ???????????????????? 3s 64ms/step - acc: 0.9826 - auc: 0.9986 - loss: 0.0466 - val_acc: 0.8959 - val_auc: 0.9492 - val_loss: 0.4438
Epoch 188/300
49/50 ???????????????????? 0s 60ms/step - acc: 0.9832 - auc: 0.9984 - loss: 0.0468
Epoch 188: val_acc did not improve from 0.89905
50/50 ???????????????????? 3s 63ms/step - acc: 0.9832 - auc: 0.9984 - loss: 0.0467 - val_acc: 0.8946 - val_auc: 0.9512 - val_loss: 0.4216
Epoch 189/300
49/50 ???????????????????? 0s 62ms/step - acc: 0.9800 - auc: 0.9984 - loss: 0.0500
Epoch 189: val_acc did not improve from 0.89905
50/50 ???????????????????? 3s 67ms/step - acc: 0.9800 - auc: 0.9984 - loss: 0.0502 - val_acc: 0.8959 - val_auc: 0.9511 - val_loss: 0.3917
Epoch 190/300
49/50 ???????????????????? 0s 71ms/step - acc: 0.9834 - auc: 0.9984 - loss: 0.0482
Epoch 190: val_acc did not improve from 0.89905
50/50 ???????????????????? 4s 76ms/step - acc: 0.9833 - auc: 0.9984 - loss: 0.0482 - val_acc: 0.8946 - val_auc: 0.9503 - val_loss: 0.4261
Epoch 191/300
49/50 ???????????????????? 0s 67ms/step - acc: 0.9828 - auc: 0.9979 - loss: 0.0492
Epoch 191: val_acc did not improve from 0.89905
50/50 ???????????????????? 4s 72ms/step - acc: 0.9828 - auc: 0.9979 - loss: 0.0491 - val_acc: 0.8965 - val_auc: 0.9490 - val_loss: 0.4219
Epoch 192/300
49/50 ???????????????????? 0s 68ms/step - acc: 0.9833 - auc: 0.9984 - loss: 0.0433
Epoch 192: val_acc did not improve from 0.89905
50/50 ???????????????????? 4s 72ms/step - acc: 0.9833 - auc: 0.9984 - loss: 0.0435 - val_acc: 0.8952 - val_auc: 0.9523 - val_loss: 0.4007
Epoch 193/300
49/50 ???????????????????? 0s 69ms/step - acc: 0.9857 - auc: 0.9990 - loss: 0.0392
Epoch 193: val_acc did not improve from 0.89905
50/50 ???????????????????? 4s 74ms/step - acc: 0.9857 - auc: 0.9990 - loss: 0.0394 - val_acc: 0.8927 - val_auc: 0.9485 - val_loss: 0.4280
Epoch 194/300
49/50 ???????????????????? 0s 71ms/step - acc: 0.9830 - auc: 0.9989 - loss: 0.0405
Epoch 194: val_acc improved from 0.89905 to 0.90095, saving model to saved_models/best_MACSynDCR_CNN_model.keras
50/50 ???????????????????? 4s 77ms/step - acc: 0.9829 - auc: 0.9989 - loss: 0.0408 - val_acc: 0.9010 - val_auc: 0.9506 - val_loss: 0.4181
Epoch 195/300
49/50 ???????????????????? 0s 62ms/step - acc: 0.9851 - auc: 0.9989 - loss: 0.0414
Epoch 195: val_acc did not improve from 0.90095
50/50 ???????????????????? 3s 69ms/step - acc: 0.9851 - auc: 0.9990 - loss: 0.0413 - val_acc: 0.8990 - val_auc: 0.9507 - val_loss: 0.4302
Epoch 196/300
50/50 ???????????????????? 0s 55ms/step - acc: 0.9860 - auc: 0.9990 - loss: 0.0407
Epoch 196: val_acc did not improve from 0.90095
50/50 ???????????????????? 3s 59ms/step - acc: 0.9860 - auc: 0.9990 - loss: 0.0407 - val_acc: 0.8946 - val_auc: 0.9463 - val_loss: 0.4524
Epoch 197/300
49/50 ???????????????????? 0s 60ms/step - acc: 0.9801 - auc: 0.9977 - loss: 0.0522
Epoch 197: val_acc did not improve from 0.90095
50/50 ???????????????????? 3s 63ms/step - acc: 0.9802 - auc: 0.9977 - loss: 0.0520 - val_acc: 0.8933 - val_auc: 0.9495 - val_loss: 0.4246
Epoch 198/300
49/50 ???????????????????? 0s 55ms/step - acc: 0.9863 - auc: 0.9992 - loss: 0.0368
Epoch 198: val_acc did not improve from 0.90095
50/50 ???????????????????? 3s 59ms/step - acc: 0.9863 - auc: 0.9992 - loss: 0.0368 - val_acc: 0.8971 - val_auc: 0.9494 - val_loss: 0.4514
Epoch 199/300
49/50 ???????????????????? 0s 56ms/step - acc: 0.9889 - auc: 0.9989 - loss: 0.0381
Epoch 199: val_acc did not improve from 0.90095
50/50 ???????????????????? 3s 60ms/step - acc: 0.9888 - auc: 0.9989 - loss: 0.0383 - val_acc: 0.8990 - val_auc: 0.9502 - val_loss: 0.4276
Epoch 200/300
49/50 ???????????????????? 0s 58ms/step - acc: 0.9866 - auc: 0.9990 - loss: 0.0389
Epoch 200: val_acc did not improve from 0.90095
50/50 ???????????????????? 3s 63ms/step - acc: 0.9865 - auc: 0.9990 - loss: 0.0389 - val_acc: 0.8946 - val_auc: 0.9509 - val_loss: 0.4388
Epoch 201/300
49/50 ???????????????????? 0s 61ms/step - acc: 0.9820 - auc: 0.9987 - loss: 0.0460
Epoch 201: val_acc did not improve from 0.90095
50/50 ???????????????????? 3s 66ms/step - acc: 0.9821 - auc: 0.9987 - loss: 0.0460 - val_acc: 0.8959 - val_auc: 0.9497 - val_loss: 0.4263
Epoch 202/300
49/50 ???????????????????? 0s 61ms/step - acc: 0.9856 - auc: 0.9986 - loss: 0.0411
Epoch 202: val_acc did not improve from 0.90095
50/50 ???????????????????? 3s 65ms/step - acc: 0.9855 - auc: 0.9986 - loss: 0.0412 - val_acc: 0.8990 - val_auc: 0.9491 - val_loss: 0.4184
Epoch 203/300
49/50 ???????????????????? 0s 55ms/step - acc: 0.9844 - auc: 0.9989 - loss: 0.0425
Epoch 203: val_acc did not improve from 0.90095
50/50 ???????????????????? 3s 59ms/step - acc: 0.9844 - auc: 0.9989 - loss: 0.0426 - val_acc: 0.8959 - val_auc: 0.9483 - val_loss: 0.4307
Epoch 204/300
49/50 ???????????????????? 0s 59ms/step - acc: 0.9854 - auc: 0.9990 - loss: 0.0390
Epoch 204: val_acc did not improve from 0.90095
50/50 ???????????????????? 3s 63ms/step - acc: 0.9854 - auc: 0.9990 - loss: 0.0391 - val_acc: 0.8908 - val_auc: 0.9467 - val_loss: 0.4461
Epoch 205/300
50/50 ???????????????????? 0s 58ms/step - acc: 0.9851 - auc: 0.9990 - loss: 0.0392
Epoch 205: val_acc did not improve from 0.90095
50/50 ???????????????????? 3s 62ms/step - acc: 0.9851 - auc: 0.9990 - loss: 0.0392 - val_acc: 0.8965 - val_auc: 0.9471 - val_loss: 0.4602
Epoch 206/300
50/50 ???????????????????? 0s 53ms/step - acc: 0.9867 - auc: 0.9991 - loss: 0.0329
Epoch 206: val_acc did not improve from 0.90095
50/50 ???????????????????? 3s 58ms/step - acc: 0.9867 - auc: 0.9991 - loss: 0.0330 - val_acc: 0.8959 - val_auc: 0.9482 - val_loss: 0.4415
Epoch 207/300
49/50 ???????????????????? 0s 55ms/step - acc: 0.9846 - auc: 0.9983 - loss: 0.0431
Epoch 207: val_acc did not improve from 0.90095
50/50 ???????????????????? 3s 58ms/step - acc: 0.9845 - auc: 0.9983 - loss: 0.0433 - val_acc: 0.8971 - val_auc: 0.9495 - val_loss: 0.4321
Epoch 208/300
49/50 ???????????????????? 0s 53ms/step - acc: 0.9848 - auc: 0.9987 - loss: 0.0430
Epoch 208: val_acc did not improve from 0.90095
50/50 ???????????????????? 3s 56ms/step - acc: 0.9847 - auc: 0.9986 - loss: 0.0431 - val_acc: 0.8952 - val_auc: 0.9530 - val_loss: 0.4165
Epoch 209/300
49/50 ???????????????????? 0s 54ms/step - acc: 0.9862 - auc: 0.9989 - loss: 0.0416
Epoch 209: val_acc did not improve from 0.90095
50/50 ???????????????????? 3s 58ms/step - acc: 0.9862 - auc: 0.9989 - loss: 0.0415 - val_acc: 0.8965 - val_auc: 0.9498 - val_loss: 0.4255
Epoch 210/300
49/50 ???????????????????? 0s 53ms/step - acc: 0.9873 - auc: 0.9986 - loss: 0.0388
Epoch 210: val_acc did not improve from 0.90095
50/50 ???????????????????? 3s 57ms/step - acc: 0.9872 - auc: 0.9986 - loss: 0.0389 - val_acc: 0.9003 - val_auc: 0.9491 - val_loss: 0.4354
Epoch 211/300
50/50 ???????????????????? 0s 57ms/step - acc: 0.9844 - auc: 0.9978 - loss: 0.0445
Epoch 211: val_acc did not improve from 0.90095
50/50 ???????????????????? 3s 61ms/step - acc: 0.9844 - auc: 0.9978 - loss: 0.0445 - val_acc: 0.8971 - val_auc: 0.9491 - val_loss: 0.4454
Epoch 212/300
49/50 ???????????????????? 0s 55ms/step - acc: 0.9849 - auc: 0.9989 - loss: 0.0345
Epoch 212: val_acc did not improve from 0.90095
50/50 ???????????????????? 3s 58ms/step - acc: 0.9849 - auc: 0.9990 - loss: 0.0345 - val_acc: 0.8902 - val_auc: 0.9480 - val_loss: 0.4552
Epoch 213/300
49/50 ???????????????????? 0s 55ms/step - acc: 0.9852 - auc: 0.9988 - loss: 0.0400
Epoch 213: val_acc did not improve from 0.90095
50/50 ???????????????????? 3s 59ms/step - acc: 0.9850 - auc: 0.9988 - loss: 0.0402 - val_acc: 0.8914 - val_auc: 0.9503 - val_loss: 0.4344
Epoch 214/300
49/50 ???????????????????? 0s 55ms/step - acc: 0.9883 - auc: 0.9994 - loss: 0.0291
Epoch 214: val_acc did not improve from 0.90095
50/50 ???????????????????? 3s 58ms/step - acc: 0.9883 - auc: 0.9994 - loss: 0.0291 - val_acc: 0.8921 - val_auc: 0.9485 - val_loss: 0.4647
Epoch 215/300
49/50 ???????????????????? 0s 54ms/step - acc: 0.9872 - auc: 0.9992 - loss: 0.0359
Epoch 215: val_acc did not improve from 0.90095
50/50 ???????????????????? 3s 58ms/step - acc: 0.9872 - auc: 0.9992 - loss: 0.0358 - val_acc: 0.8921 - val_auc: 0.9474 - val_loss: 0.4644
Epoch 216/300
49/50 ???????????????????? 0s 54ms/step - acc: 0.9841 - auc: 0.9990 - loss: 0.0389
Epoch 216: val_acc did not improve from 0.90095
50/50 ???????????????????? 3s 58ms/step - acc: 0.9841 - auc: 0.9990 - loss: 0.0389 - val_acc: 0.8952 - val_auc: 0.9476 - val_loss: 0.4637
Epoch 217/300
49/50 ???????????????????? 0s 54ms/step - acc: 0.9876 - auc: 0.9993 - loss: 0.0335
Epoch 217: val_acc did not improve from 0.90095
50/50 ???????????????????? 3s 59ms/step - acc: 0.9875 - auc: 0.9993 - loss: 0.0336 - val_acc: 0.8978 - val_auc: 0.9493 - val_loss: 0.4682
Epoch 218/300
49/50 ???????????????????? 0s 59ms/step - acc: 0.9875 - auc: 0.9987 - loss: 0.0396
Epoch 218: val_acc did not improve from 0.90095
50/50 ???????????????????? 3s 62ms/step - acc: 0.9875 - auc: 0.9987 - loss: 0.0394 - val_acc: 0.9003 - val_auc: 0.9503 - val_loss: 0.4625
Epoch 219/300
50/50 ???????????????????? 0s 55ms/step - acc: 0.9867 - auc: 0.9986 - loss: 0.0361
Epoch 219: val_acc did not improve from 0.90095
50/50 ???????????????????? 3s 59ms/step - acc: 0.9867 - auc: 0.9986 - loss: 0.0361 - val_acc: 0.8940 - val_auc: 0.9464 - val_loss: 0.4634
Epoch 220/300
49/50 ???????????????????? 0s 56ms/step - acc: 0.9844 - auc: 0.9988 - loss: 0.0410
Epoch 220: val_acc did not improve from 0.90095
50/50 ???????????????????? 3s 60ms/step - acc: 0.9844 - auc: 0.9988 - loss: 0.0410 - val_acc: 0.8933 - val_auc: 0.9486 - val_loss: 0.4648
Epoch 221/300
49/50 ???????????????????? 0s 56ms/step - acc: 0.9854 - auc: 0.9990 - loss: 0.0375
Epoch 221: val_acc did not improve from 0.90095
50/50 ???????????????????? 3s 59ms/step - acc: 0.9853 - auc: 0.9990 - loss: 0.0376 - val_acc: 0.8876 - val_auc: 0.9483 - val_loss: 0.4545
Epoch 222/300
49/50 ???????????????????? 0s 55ms/step - acc: 0.9860 - auc: 0.9991 - loss: 0.0353
Epoch 222: val_acc did not improve from 0.90095
50/50 ???????????????????? 3s 58ms/step - acc: 0.9860 - auc: 0.9991 - loss: 0.0353 - val_acc: 0.8984 - val_auc: 0.9461 - val_loss: 0.4645
Epoch 223/300
49/50 ???????????????????? 0s 55ms/step - acc: 0.9878 - auc: 0.9980 - loss: 0.0403
Epoch 223: val_acc did not improve from 0.90095
50/50 ???????????????????? 3s 58ms/step - acc: 0.9878 - auc: 0.9980 - loss: 0.0402 - val_acc: 0.8946 - val_auc: 0.9455 - val_loss: 0.4692
Epoch 224/300
49/50 ???????????????????? 0s 54ms/step - acc: 0.9862 - auc: 0.9984 - loss: 0.0362
Epoch 224: val_acc did not improve from 0.90095
50/50 ???????????????????? 3s 58ms/step - acc: 0.9861 - auc: 0.9984 - loss: 0.0363 - val_acc: 0.8940 - val_auc: 0.9485 - val_loss: 0.4630
Epoch 225/300
49/50 ???????????????????? 0s 65ms/step - acc: 0.9827 - auc: 0.9986 - loss: 0.0428
Epoch 225: val_acc did not improve from 0.90095
50/50 ???????????????????? 3s 69ms/step - acc: 0.9827 - auc: 0.9986 - loss: 0.0428 - val_acc: 0.8940 - val_auc: 0.9517 - val_loss: 0.4329
Epoch 226/300
49/50 ???????????????????? 0s 57ms/step - acc: 0.9845 - auc: 0.9982 - loss: 0.0456
Epoch 226: val_acc did not improve from 0.90095
50/50 ???????????????????? 3s 61ms/step - acc: 0.9845 - auc: 0.9982 - loss: 0.0454 - val_acc: 0.8959 - val_auc: 0.9498 - val_loss: 0.4392
Epoch 227/300
49/50 ???????????????????? 0s 55ms/step - acc: 0.9856 - auc: 0.9980 - loss: 0.0378
Epoch 227: val_acc did not improve from 0.90095
50/50 ???????????????????? 3s 59ms/step - acc: 0.9856 - auc: 0.9980 - loss: 0.0378 - val_acc: 0.8984 - val_auc: 0.9511 - val_loss: 0.4519
Epoch 228/300
49/50 ???????????????????? 0s 57ms/step - acc: 0.9863 - auc: 0.9992 - loss: 0.0334
Epoch 228: val_acc did not improve from 0.90095
50/50 ???????????????????? 3s 61ms/step - acc: 0.9863 - auc: 0.9992 - loss: 0.0335 - val_acc: 0.8984 - val_auc: 0.9459 - val_loss: 0.4605
Epoch 229/300
49/50 ???????????????????? 0s 64ms/step - acc: 0.9877 - auc: 0.9986 - loss: 0.0354
Epoch 229: val_acc did not improve from 0.90095
50/50 ???????????????????? 3s 68ms/step - acc: 0.9877 - auc: 0.9986 - loss: 0.0353 - val_acc: 0.8971 - val_auc: 0.9495 - val_loss: 0.4632
Epoch 230/300
49/50 ???????????????????? 0s 55ms/step - acc: 0.9844 - auc: 0.9989 - loss: 0.0360
Epoch 230: val_acc did not improve from 0.90095
50/50 ???????????????????? 3s 58ms/step - acc: 0.9845 - auc: 0.9989 - loss: 0.0361 - val_acc: 0.8927 - val_auc: 0.9485 - val_loss: 0.4573
Epoch 231/300
49/50 ???????????????????? 0s 62ms/step - acc: 0.9846 - auc: 0.9986 - loss: 0.0389
Epoch 231: val_acc did not improve from 0.90095
50/50 ???????????????????? 3s 65ms/step - acc: 0.9847 - auc: 0.9986 - loss: 0.0389 - val_acc: 0.8895 - val_auc: 0.9522 - val_loss: 0.4517
Epoch 232/300
49/50 ???????????????????? 0s 62ms/step - acc: 0.9826 - auc: 0.9984 - loss: 0.0468
Epoch 232: val_acc did not improve from 0.90095
50/50 ???????????????????? 3s 65ms/step - acc: 0.9827 - auc: 0.9984 - loss: 0.0466 - val_acc: 0.8997 - val_auc: 0.9543 - val_loss: 0.4328
Epoch 233/300
49/50 ???????????????????? 0s 58ms/step - acc: 0.9883 - auc: 0.9992 - loss: 0.0314
Epoch 233: val_acc did not improve from 0.90095
50/50 ???????????????????? 3s 62ms/step - acc: 0.9883 - auc: 0.9992 - loss: 0.0315 - val_acc: 0.8971 - val_auc: 0.9468 - val_loss: 0.4785
Epoch 234/300
49/50 ???????????????????? 0s 56ms/step - acc: 0.9891 - auc: 0.9983 - loss: 0.0364
Epoch 234: val_acc did not improve from 0.90095
50/50 ???????????????????? 3s 59ms/step - acc: 0.9891 - auc: 0.9984 - loss: 0.0363 - val_acc: 0.8902 - val_auc: 0.9452 - val_loss: 0.4775
Epoch 235/300
49/50 ???????????????????? 0s 57ms/step - acc: 0.9883 - auc: 0.9993 - loss: 0.0332
Epoch 235: val_acc did not improve from 0.90095
50/50 ???????????????????? 3s 61ms/step - acc: 0.9884 - auc: 0.9993 - loss: 0.0330 - val_acc: 0.8933 - val_auc: 0.9485 - val_loss: 0.4702
Epoch 236/300
49/50 ???????????????????? 0s 60ms/step - acc: 0.9870 - auc: 0.9991 - loss: 0.0336
Epoch 236: val_acc did not improve from 0.90095
50/50 ???????????????????? 3s 63ms/step - acc: 0.9869 - auc: 0.9991 - loss: 0.0339 - val_acc: 0.8965 - val_auc: 0.9510 - val_loss: 0.4378
Epoch 237/300
49/50 ???????????????????? 0s 56ms/step - acc: 0.9843 - auc: 0.9987 - loss: 0.0383
Epoch 237: val_acc did not improve from 0.90095
50/50 ???????????????????? 3s 59ms/step - acc: 0.9844 - auc: 0.9988 - loss: 0.0380 - val_acc: 0.8902 - val_auc: 0.9447 - val_loss: 0.4964
Epoch 238/300
49/50 ???????????????????? 0s 56ms/step - acc: 0.9870 - auc: 0.9987 - loss: 0.0349
Epoch 238: val_acc did not improve from 0.90095
50/50 ???????????????????? 3s 59ms/step - acc: 0.9870 - auc: 0.9987 - loss: 0.0349 - val_acc: 0.8883 - val_auc: 0.9459 - val_loss: 0.5062
Epoch 239/300
49/50 ???????????????????? 0s 55ms/step - acc: 0.9898 - auc: 0.9995 - loss: 0.0280
Epoch 239: val_acc did not improve from 0.90095
50/50 ???????????????????? 3s 59ms/step - acc: 0.9897 - auc: 0.9995 - loss: 0.0281 - val_acc: 0.8959 - val_auc: 0.9452 - val_loss: 0.5017
Epoch 240/300
49/50 ???????????????????? 0s 62ms/step - acc: 0.9850 - auc: 0.9984 - loss: 0.0401
Epoch 240: val_acc did not improve from 0.90095
50/50 ???????????????????? 3s 66ms/step - acc: 0.9850 - auc: 0.9984 - loss: 0.0402 - val_acc: 0.8933 - val_auc: 0.9494 - val_loss: 0.4697
Epoch 241/300
49/50 ???????????????????? 0s 56ms/step - acc: 0.9855 - auc: 0.9990 - loss: 0.0397
Epoch 241: val_acc did not improve from 0.90095
50/50 ???????????????????? 3s 60ms/step - acc: 0.9855 - auc: 0.9990 - loss: 0.0396 - val_acc: 0.8940 - val_auc: 0.9461 - val_loss: 0.4934
Epoch 242/300
49/50 ???????????????????? 0s 55ms/step - acc: 0.9875 - auc: 0.9987 - loss: 0.0349
Epoch 242: val_acc did not improve from 0.90095
50/50 ???????????????????? 3s 59ms/step - acc: 0.9875 - auc: 0.9987 - loss: 0.0350 - val_acc: 0.8908 - val_auc: 0.9461 - val_loss: 0.4648
Epoch 243/300
49/50 ???????????????????? 0s 55ms/step - acc: 0.9863 - auc: 0.9991 - loss: 0.0367
Epoch 243: val_acc did not improve from 0.90095
50/50 ???????????????????? 3s 58ms/step - acc: 0.9864 - auc: 0.9991 - loss: 0.0366 - val_acc: 0.8946 - val_auc: 0.9479 - val_loss: 0.4860
Epoch 244/300
49/50 ???????????????????? 0s 59ms/step - acc: 0.9849 - auc: 0.9992 - loss: 0.0362
Epoch 244: val_acc did not improve from 0.90095
50/50 ???????????????????? 3s 63ms/step - acc: 0.9849 - auc: 0.9992 - loss: 0.0362 - val_acc: 0.8902 - val_auc: 0.9472 - val_loss: 0.4673
Epoch 245/300
50/50 ???????????????????? 0s 57ms/step - acc: 0.9872 - auc: 0.9992 - loss: 0.0312
Epoch 245: val_acc did not improve from 0.90095
50/50 ???????????????????? 3s 61ms/step - acc: 0.9872 - auc: 0.9992 - loss: 0.0313 - val_acc: 0.8965 - val_auc: 0.9493 - val_loss: 0.4689
Epoch 246/300
50/50 ???????????????????? 0s 53ms/step - acc: 0.9866 - auc: 0.9991 - loss: 0.0329
Epoch 246: val_acc did not improve from 0.90095
50/50 ???????????????????? 3s 57ms/step - acc: 0.9866 - auc: 0.9991 - loss: 0.0330 - val_acc: 0.8965 - val_auc: 0.9461 - val_loss: 0.4890
Epoch 247/300
49/50 ???????????????????? 0s 56ms/step - acc: 0.9885 - auc: 0.9994 - loss: 0.0289
Epoch 247: val_acc did not improve from 0.90095
50/50 ???????????????????? 3s 59ms/step - acc: 0.9884 - auc: 0.9994 - loss: 0.0290 - val_acc: 0.8971 - val_auc: 0.9452 - val_loss: 0.4709
Epoch 248/300
49/50 ???????????????????? 0s 53ms/step - acc: 0.9868 - auc: 0.9986 - loss: 0.0415
Epoch 248: val_acc did not improve from 0.90095
50/50 ???????????????????? 3s 56ms/step - acc: 0.9868 - auc: 0.9986 - loss: 0.0414 - val_acc: 0.8933 - val_auc: 0.9455 - val_loss: 0.4759
Epoch 249/300
50/50 ???????????????????? 0s 54ms/step - acc: 0.9866 - auc: 0.9990 - loss: 0.0373
Epoch 249: val_acc did not improve from 0.90095
50/50 ???????????????????? 3s 58ms/step - acc: 0.9866 - auc: 0.9990 - loss: 0.0372 - val_acc: 0.8952 - val_auc: 0.9449 - val_loss: 0.4939
Epoch 250/300
49/50 ???????????????????? 0s 55ms/step - acc: 0.9882 - auc: 0.9990 - loss: 0.0332
Epoch 250: val_acc did not improve from 0.90095
50/50 ???????????????????? 3s 59ms/step - acc: 0.9881 - auc: 0.9990 - loss: 0.0332 - val_acc: 0.8946 - val_auc: 0.9444 - val_loss: 0.4799
Epoch 251/300
49/50 ???????????????????? 0s 54ms/step - acc: 0.9888 - auc: 0.9991 - loss: 0.0304
Epoch 251: val_acc did not improve from 0.90095
50/50 ???????????????????? 3s 57ms/step - acc: 0.9887 - auc: 0.9991 - loss: 0.0305 - val_acc: 0.8933 - val_auc: 0.9462 - val_loss: 0.4840
Epoch 252/300
49/50 ???????????????????? 0s 56ms/step - acc: 0.9882 - auc: 0.9986 - loss: 0.0360
Epoch 252: val_acc did not improve from 0.90095
50/50 ???????????????????? 3s 59ms/step - acc: 0.9882 - auc: 0.9986 - loss: 0.0361 - val_acc: 0.8940 - val_auc: 0.9485 - val_loss: 0.4796
Epoch 253/300
49/50 ???????????????????? 0s 55ms/step - acc: 0.9896 - auc: 0.9990 - loss: 0.0319
Epoch 253: val_acc did not improve from 0.90095
50/50 ???????????????????? 3s 58ms/step - acc: 0.9896 - auc: 0.9990 - loss: 0.0321 - val_acc: 0.8946 - val_auc: 0.9488 - val_loss: 0.4900
Epoch 254/300
50/50 ???????????????????? 0s 56ms/step - acc: 0.9890 - auc: 0.9995 - loss: 0.0285
Epoch 254: val_acc did not improve from 0.90095
50/50 ???????????????????? 3s 60ms/step - acc: 0.9889 - auc: 0.9995 - loss: 0.0286 - val_acc: 0.8984 - val_auc: 0.9461 - val_loss: 0.5001
Epoch 255/300
49/50 ???????????????????? 0s 55ms/step - acc: 0.9848 - auc: 0.9989 - loss: 0.0377
Epoch 255: val_acc improved from 0.90095 to 0.90159, saving model to saved_models/best_MACSynDCR_CNN_model.keras
50/50 ???????????????????? 3s 59ms/step - acc: 0.9849 - auc: 0.9989 - loss: 0.0376 - val_acc: 0.9016 - val_auc: 0.9481 - val_loss: 0.4633
Epoch 256/300
50/50 ???????????????????? 0s 52ms/step - acc: 0.9885 - auc: 0.9992 - loss: 0.0333
Epoch 256: val_acc did not improve from 0.90159
50/50 ???????????????????? 3s 56ms/step - acc: 0.9885 - auc: 0.9992 - loss: 0.0333 - val_acc: 0.8933 - val_auc: 0.9487 - val_loss: 0.4786
Epoch 257/300
49/50 ???????????????????? 0s 54ms/step - acc: 0.9886 - auc: 0.9992 - loss: 0.0315
Epoch 257: val_acc did not improve from 0.90159
50/50 ???????????????????? 3s 58ms/step - acc: 0.9885 - auc: 0.9992 - loss: 0.0317 - val_acc: 0.8959 - val_auc: 0.9490 - val_loss: 0.4502
Epoch 258/300
50/50 ???????????????????? 0s 54ms/step - acc: 0.9841 - auc: 0.9991 - loss: 0.0391
Epoch 258: val_acc did not improve from 0.90159
50/50 ???????????????????? 3s 58ms/step - acc: 0.9842 - auc: 0.9991 - loss: 0.0390 - val_acc: 0.8889 - val_auc: 0.9456 - val_loss: 0.4624
Epoch 259/300
49/50 ???????????????????? 0s 53ms/step - acc: 0.9875 - auc: 0.9993 - loss: 0.0338
Epoch 259: val_acc did not improve from 0.90159
50/50 ???????????????????? 3s 57ms/step - acc: 0.9875 - auc: 0.9993 - loss: 0.0337 - val_acc: 0.8965 - val_auc: 0.9466 - val_loss: 0.4767
Epoch 260/300
49/50 ???????????????????? 0s 54ms/step - acc: 0.9862 - auc: 0.9989 - loss: 0.0377
Epoch 260: val_acc did not improve from 0.90159
50/50 ???????????????????? 3s 57ms/step - acc: 0.9862 - auc: 0.9989 - loss: 0.0375 - val_acc: 0.9010 - val_auc: 0.9462 - val_loss: 0.4872
Epoch 261/300
49/50 ???????????????????? 0s 55ms/step - acc: 0.9883 - auc: 0.9991 - loss: 0.0317
Epoch 261: val_acc did not improve from 0.90159
50/50 ???????????????????? 3s 59ms/step - acc: 0.9883 - auc: 0.9991 - loss: 0.0318 - val_acc: 0.8921 - val_auc: 0.9479 - val_loss: 0.4817
Epoch 262/300
49/50 ???????????????????? 0s 55ms/step - acc: 0.9810 - auc: 0.9988 - loss: 0.0436
Epoch 262: val_acc did not improve from 0.90159
50/50 ???????????????????? 3s 59ms/step - acc: 0.9812 - auc: 0.9988 - loss: 0.0434 - val_acc: 0.9003 - val_auc: 0.9481 - val_loss: 0.4833
Epoch 263/300
49/50 ???????????????????? 0s 56ms/step - acc: 0.9903 - auc: 0.9991 - loss: 0.0287
Epoch 263: val_acc improved from 0.90159 to 0.90286, saving model to saved_models/best_MACSynDCR_CNN_model.keras
50/50 ???????????????????? 3s 60ms/step - acc: 0.9902 - auc: 0.9990 - loss: 0.0290 - val_acc: 0.9029 - val_auc: 0.9466 - val_loss: 0.4666
Epoch 264/300
49/50 ???????????????????? 0s 56ms/step - acc: 0.9902 - auc: 0.9993 - loss: 0.0275
Epoch 264: val_acc did not improve from 0.90286
50/50 ???????????????????? 3s 60ms/step - acc: 0.9902 - auc: 0.9993 - loss: 0.0276 - val_acc: 0.8997 - val_auc: 0.9484 - val_loss: 0.4823
Epoch 265/300
49/50 ???????????????????? 0s 56ms/step - acc: 0.9882 - auc: 0.9993 - loss: 0.0314
Epoch 265: val_acc did not improve from 0.90286
50/50 ???????????????????? 3s 59ms/step - acc: 0.9882 - auc: 0.9993 - loss: 0.0314 - val_acc: 0.8990 - val_auc: 0.9461 - val_loss: 0.4724
Epoch 266/300
49/50 ???????????????????? 0s 54ms/step - acc: 0.9905 - auc: 0.9994 - loss: 0.0288
Epoch 266: val_acc did not improve from 0.90286
50/50 ???????????????????? 5s 58ms/step - acc: 0.9904 - auc: 0.9994 - loss: 0.0288 - val_acc: 0.8971 - val_auc: 0.9455 - val_loss: 0.4796
Epoch 267/300
49/50 ???????????????????? 0s 54ms/step - acc: 0.9876 - auc: 0.9992 - loss: 0.0302
Epoch 267: val_acc did not improve from 0.90286
50/50 ???????????????????? 3s 58ms/step - acc: 0.9877 - auc: 0.9992 - loss: 0.0301 - val_acc: 0.9029 - val_auc: 0.9444 - val_loss: 0.4931
Epoch 268/300
49/50 ???????????????????? 0s 54ms/step - acc: 0.9909 - auc: 0.9991 - loss: 0.0310
Epoch 268: val_acc did not improve from 0.90286
50/50 ???????????????????? 3s 57ms/step - acc: 0.9909 - auc: 0.9991 - loss: 0.0309 - val_acc: 0.8990 - val_auc: 0.9468 - val_loss: 0.4872
Epoch 269/300
49/50 ???????????????????? 0s 54ms/step - acc: 0.9887 - auc: 0.9989 - loss: 0.0324
Epoch 269: val_acc did not improve from 0.90286
50/50 ???????????????????? 3s 57ms/step - acc: 0.9887 - auc: 0.9989 - loss: 0.0325 - val_acc: 0.8971 - val_auc: 0.9528 - val_loss: 0.4500
Epoch 270/300
49/50 ???????????????????? 0s 54ms/step - acc: 0.9886 - auc: 0.9986 - loss: 0.0327
Epoch 270: val_acc did not improve from 0.90286
50/50 ???????????????????? 3s 58ms/step - acc: 0.9886 - auc: 0.9986 - loss: 0.0327 - val_acc: 0.9010 - val_auc: 0.9464 - val_loss: 0.5009
Epoch 271/300
49/50 ???????????????????? 0s 53ms/step - acc: 0.9927 - auc: 0.9990 - loss: 0.0247
Epoch 271: val_acc did not improve from 0.90286
50/50 ???????????????????? 3s 56ms/step - acc: 0.9926 - auc: 0.9990 - loss: 0.0249 - val_acc: 0.8921 - val_auc: 0.9497 - val_loss: 0.4897
Epoch 272/300
49/50 ???????????????????? 0s 54ms/step - acc: 0.9888 - auc: 0.9995 - loss: 0.0271
Epoch 272: val_acc did not improve from 0.90286
50/50 ???????????????????? 3s 58ms/step - acc: 0.9888 - auc: 0.9995 - loss: 0.0272 - val_acc: 0.8997 - val_auc: 0.9479 - val_loss: 0.5197
Epoch 273/300
50/50 ???????????????????? 0s 52ms/step - acc: 0.9916 - auc: 0.9994 - loss: 0.0244
Epoch 273: val_acc did not improve from 0.90286
50/50 ???????????????????? 3s 56ms/step - acc: 0.9916 - auc: 0.9994 - loss: 0.0244 - val_acc: 0.8959 - val_auc: 0.9481 - val_loss: 0.4910
Epoch 274/300
49/50 ???????????????????? 0s 54ms/step - acc: 0.9913 - auc: 0.9997 - loss: 0.0212
Epoch 274: val_acc did not improve from 0.90286
50/50 ???????????????????? 3s 58ms/step - acc: 0.9913 - auc: 0.9997 - loss: 0.0213 - val_acc: 0.8997 - val_auc: 0.9499 - val_loss: 0.4985
Epoch 275/300
49/50 ???????????????????? 0s 54ms/step - acc: 0.9878 - auc: 0.9988 - loss: 0.0341
Epoch 275: val_acc did not improve from 0.90286
50/50 ???????????????????? 3s 57ms/step - acc: 0.9878 - auc: 0.9988 - loss: 0.0340 - val_acc: 0.8965 - val_auc: 0.9479 - val_loss: 0.4796
Epoch 276/300
49/50 ???????????????????? 0s 56ms/step - acc: 0.9901 - auc: 0.9987 - loss: 0.0324
Epoch 276: val_acc did not improve from 0.90286
50/50 ???????????????????? 3s 59ms/step - acc: 0.9901 - auc: 0.9987 - loss: 0.0324 - val_acc: 0.8952 - val_auc: 0.9505 - val_loss: 0.4756
Epoch 277/300
49/50 ???????????????????? 0s 56ms/step - acc: 0.9892 - auc: 0.9995 - loss: 0.0264
Epoch 277: val_acc did not improve from 0.90286
50/50 ???????????????????? 3s 59ms/step - acc: 0.9891 - auc: 0.9995 - loss: 0.0265 - val_acc: 0.9010 - val_auc: 0.9507 - val_loss: 0.4645
Epoch 278/300
50/50 ???????????????????? 0s 54ms/step - acc: 0.9918 - auc: 0.9990 - loss: 0.0282
Epoch 278: val_acc did not improve from 0.90286
50/50 ???????????????????? 3s 58ms/step - acc: 0.9917 - auc: 0.9990 - loss: 0.0283 - val_acc: 0.8978 - val_auc: 0.9541 - val_loss: 0.4593
Epoch 279/300
49/50 ???????????????????? 0s 55ms/step - acc: 0.9907 - auc: 0.9995 - loss: 0.0276
Epoch 279: val_acc did not improve from 0.90286
50/50 ???????????????????? 3s 58ms/step - acc: 0.9907 - auc: 0.9995 - loss: 0.0275 - val_acc: 0.8997 - val_auc: 0.9514 - val_loss: 0.4753
Epoch 280/300
49/50 ???????????????????? 0s 55ms/step - acc: 0.9898 - auc: 0.9995 - loss: 0.0257
Epoch 280: val_acc did not improve from 0.90286
50/50 ???????????????????? 3s 58ms/step - acc: 0.9898 - auc: 0.9995 - loss: 0.0257 - val_acc: 0.8997 - val_auc: 0.9455 - val_loss: 0.5028
Epoch 281/300
49/50 ???????????????????? 0s 56ms/step - acc: 0.9899 - auc: 0.9988 - loss: 0.0295
Epoch 281: val_acc did not improve from 0.90286
50/50 ???????????????????? 3s 59ms/step - acc: 0.9899 - auc: 0.9988 - loss: 0.0296 - val_acc: 0.9016 - val_auc: 0.9495 - val_loss: 0.4718
Epoch 282/300
49/50 ???????????????????? 0s 57ms/step - acc: 0.9867 - auc: 0.9984 - loss: 0.0358
Epoch 282: val_acc did not improve from 0.90286
50/50 ???????????????????? 3s 60ms/step - acc: 0.9868 - auc: 0.9984 - loss: 0.0357 - val_acc: 0.8959 - val_auc: 0.9503 - val_loss: 0.4712
Epoch 283/300
50/50 ???????????????????? 0s 56ms/step - acc: 0.9907 - auc: 0.9997 - loss: 0.0233
Epoch 283: val_acc did not improve from 0.90286
50/50 ???????????????????? 3s 60ms/step - acc: 0.9907 - auc: 0.9996 - loss: 0.0233 - val_acc: 0.8940 - val_auc: 0.9463 - val_loss: 0.5073
Epoch 284/300
49/50 ???????????????????? 0s 60ms/step - acc: 0.9907 - auc: 0.9996 - loss: 0.0239
Epoch 284: val_acc did not improve from 0.90286
50/50 ???????????????????? 3s 64ms/step - acc: 0.9907 - auc: 0.9996 - loss: 0.0241 - val_acc: 0.8984 - val_auc: 0.9450 - val_loss: 0.5061
Epoch 285/300
49/50 ???????????????????? 0s 58ms/step - acc: 0.9908 - auc: 0.9994 - loss: 0.0282
Epoch 285: val_acc did not improve from 0.90286
50/50 ???????????????????? 3s 62ms/step - acc: 0.9907 - auc: 0.9994 - loss: 0.0283 - val_acc: 0.9003 - val_auc: 0.9491 - val_loss: 0.5178
Epoch 286/300
49/50 ???????????????????? 0s 61ms/step - acc: 0.9934 - auc: 0.9993 - loss: 0.0219
Epoch 286: val_acc improved from 0.90286 to 0.90349, saving model to saved_models/best_MACSynDCR_CNN_model.keras
50/50 ???????????????????? 3s 65ms/step - acc: 0.9933 - auc: 0.9993 - loss: 0.0220 - val_acc: 0.9035 - val_auc: 0.9481 - val_loss: 0.5210
Epoch 287/300
49/50 ???????????????????? 0s 62ms/step - acc: 0.9911 - auc: 0.9993 - loss: 0.0219
Epoch 287: val_acc did not improve from 0.90349
50/50 ???????????????????? 3s 66ms/step - acc: 0.9910 - auc: 0.9993 - loss: 0.0221 - val_acc: 0.8914 - val_auc: 0.9436 - val_loss: 0.5497
Epoch 288/300
49/50 ???????????????????? 0s 59ms/step - acc: 0.9848 - auc: 0.9982 - loss: 0.0420
Epoch 288: val_acc did not improve from 0.90349
50/50 ???????????????????? 3s 62ms/step - acc: 0.9848 - auc: 0.9983 - loss: 0.0418 - val_acc: 0.8946 - val_auc: 0.9494 - val_loss: 0.4918
Epoch 289/300
49/50 ???????????????????? 0s 58ms/step - acc: 0.9898 - auc: 0.9980 - loss: 0.0331
Epoch 289: val_acc did not improve from 0.90349
50/50 ???????????????????? 3s 61ms/step - acc: 0.9897 - auc: 0.9980 - loss: 0.0331 - val_acc: 0.8984 - val_auc: 0.9448 - val_loss: 0.5256
Epoch 290/300
49/50 ???????????????????? 0s 55ms/step - acc: 0.9905 - auc: 0.9983 - loss: 0.0292
Epoch 290: val_acc did not improve from 0.90349
50/50 ???????????????????? 3s 59ms/step - acc: 0.9905 - auc: 0.9984 - loss: 0.0292 - val_acc: 0.8971 - val_auc: 0.9457 - val_loss: 0.5308
Epoch 291/300
49/50 ???????????????????? 0s 56ms/step - acc: 0.9917 - auc: 0.9996 - loss: 0.0247
Epoch 291: val_acc did not improve from 0.90349
50/50 ???????????????????? 3s 59ms/step - acc: 0.9917 - auc: 0.9996 - loss: 0.0246 - val_acc: 0.8927 - val_auc: 0.9415 - val_loss: 0.5625
Epoch 292/300
49/50 ???????????????????? 0s 54ms/step - acc: 0.9921 - auc: 0.9989 - loss: 0.0260
Epoch 292: val_acc did not improve from 0.90349
50/50 ???????????????????? 3s 58ms/step - acc: 0.9920 - auc: 0.9989 - loss: 0.0261 - val_acc: 0.8971 - val_auc: 0.9460 - val_loss: 0.5234
Epoch 293/300
50/50 ???????????????????? 0s 55ms/step - acc: 0.9879 - auc: 0.9991 - loss: 0.0327
Epoch 293: val_acc did not improve from 0.90349
50/50 ???????????????????? 3s 59ms/step - acc: 0.9879 - auc: 0.9991 - loss: 0.0327 - val_acc: 0.8971 - val_auc: 0.9466 - val_loss: 0.5137
Epoch 294/300
50/50 ???????????????????? 0s 54ms/step - acc: 0.9920 - auc: 0.9997 - loss: 0.0208
Epoch 294: val_acc did not improve from 0.90349
50/50 ???????????????????? 3s 58ms/step - acc: 0.9920 - auc: 0.9997 - loss: 0.0209 - val_acc: 0.9010 - val_auc: 0.9457 - val_loss: 0.5077
Epoch 295/300
49/50 ???????????????????? 0s 55ms/step - acc: 0.9899 - auc: 0.9986 - loss: 0.0326
Epoch 295: val_acc did not improve from 0.90349
50/50 ???????????????????? 3s 58ms/step - acc: 0.9899 - auc: 0.9986 - loss: 0.0326 - val_acc: 0.8946 - val_auc: 0.9467 - val_loss: 0.5235
Epoch 296/300
49/50 ???????????????????? 0s 54ms/step - acc: 0.9900 - auc: 0.9995 - loss: 0.0242
Epoch 296: val_acc did not improve from 0.90349
50/50 ???????????????????? 3s 57ms/step - acc: 0.9900 - auc: 0.9995 - loss: 0.0243 - val_acc: 0.8984 - val_auc: 0.9464 - val_loss: 0.5127
Epoch 297/300
49/50 ???????????????????? 0s 54ms/step - acc: 0.9921 - auc: 0.9997 - loss: 0.0218
Epoch 297: val_acc did not improve from 0.90349
50/50 ???????????????????? 3s 57ms/step - acc: 0.9920 - auc: 0.9997 - loss: 0.0219 - val_acc: 0.8952 - val_auc: 0.9452 - val_loss: 0.5189
Epoch 298/300
50/50 ???????????????????? 0s 55ms/step - acc: 0.9879 - auc: 0.9987 - loss: 0.0337
Epoch 298: val_acc did not improve from 0.90349
50/50 ???????????????????? 3s 59ms/step - acc: 0.9879 - auc: 0.9987 - loss: 0.0336 - val_acc: 0.9010 - val_auc: 0.9445 - val_loss: 0.5263
Epoch 299/300
50/50 ???????????????????? 0s 53ms/step - acc: 0.9869 - auc: 0.9992 - loss: 0.0310
Epoch 299: val_acc did not improve from 0.90349
50/50 ???????????????????? 3s 57ms/step - acc: 0.9869 - auc: 0.9993 - loss: 0.0310 - val_acc: 0.8984 - val_auc: 0.9475 - val_loss: 0.5238
Epoch 300/300
49/50 ???????????????????? 0s 55ms/step - acc: 0.9898 - auc: 0.9996 - loss: 0.0246
Epoch 300: val_acc did not improve from 0.90349
50/50 ???????????????????? 3s 59ms/step - acc: 0.9898 - auc: 0.9996 - loss: 0.0247 - val_acc: 0.8997 - val_auc: 0.9495 - val_loss: 0.4989
50/50 ???????????????????? 0s 6ms/step
50/50 ???????????????????? 0s 5ms/step
CNN: Accuracy: 0.9035, AUC-ROC: 0.9615
CNN: AUC-PR: 0.9598, Precision: 0.9061,
CNN Recall: 0.8968, F1 Score: 0.9014
CNN:RMSE: 12.3288 , PCC: 0.8206
Evaluation of Keras MACSynDCR_ANN model:
50/50 ???????????????????? 1s 4ms/step - acc: 0.9026 - auc: 0.9591 - loss: 0.3650
Evaluate->  Loss: 0.3849, Accuracy: 0.9079,AUC: 0.9564
50/50 ???????????????????? 0s 6ms/step
197/197 ???????????????????? 1s 3ms/step
ANN: Accuracy: 0.9079, AUC-ROC: 0.9645
ANN: AUC-PR: 0.9637, Precision: 0.9145,
ANN Recall: 0.8968, F1 Score: 0.9055
ANN:RMSE: 12.0416 , PCC: 0.8413
****************************************************************************************************
Evaluation of Keras MACSynDCR_CNN model:
50/50 ???????????????????? 1s 5ms/step - acc: 0.9039 - auc: 0.9479 - loss: 0.4992
Evaluate->  Loss: 0.5210, Accuracy: 0.9035,Accuracy: 0.9481
50/50 ???????????????????? 0s 6ms/step
197/197 ???????????????????? 1s 5ms/step
CNN: Accuracy: 0.9035, AUC-ROC: 0.9615
CNN: AUC-PR: 0.9598, Precision: 0.9061,
CNN Recall: 0.8968, F1 Score: 0.9014
CNN:RMSE: 12.3288 , PCC: 0.8206
****************************************************************************************************
Accuracy Score and AUC for ANN = AUC: 0.9639, Accuracy: 0.9098
Accuracy Score and AUC for KANN = AUC: 0.9645, Accuracy: 0.9079
Accuracy Score and AUC for KCNN = AUC: 0.9614, Accuracy: 0.9035
Average AUC = AUC: 0.9712, Accuracy: 0.9213
MAX AUC = AUC: 0.9677, Accuracy: 0.8984
Fitting 5 folds for each of 14 candidates, totalling 70 fits
Finall ensemble results of fold_2 for MACSynDCR:
----------------------------------------------------------------------------------------------------
Ensemble Accuracy: 0.9219, AUC-ROC: 0.9713
Ensemble AUC-PR: 0.9671, Precision: 0.9267,
Ensemble Recall: 0.9135, F1 Score: 0.9201
Ensemble RMSE: 11.0905 , PCC: 0.8704
----------------------------------------------------------------------------------------------------
Fold 3
Data processing and Training of MACSynDCR_ANN model:
ANN_model saved with Val_ACC: 0.4838 Val_AUC: 0.4888
fold_3: Epoch [1/300], Loss: 0.6964, Val_ACC: 0.4838, Val_AUC: 0.4888
ANN_model saved with Val_ACC: 0.7937 Val_AUC: 0.8706
ANN_model saved with Val_ACC: 0.8216 Val_AUC: 0.9042
ANN_model saved with Val_ACC: 0.8298 Val_AUC: 0.9162
ANN_model saved with Val_ACC: 0.8387 Val_AUC: 0.9247
ANN_model saved with Val_ACC: 0.8514 Val_AUC: 0.9318
ANN_model saved with Val_ACC: 0.8648 Val_AUC: 0.9380
ANN_model saved with Val_ACC: 0.8749 Val_AUC: 0.9423
ANN_model saved with Val_ACC: 0.8787 Val_AUC: 0.9443
ANN_model saved with Val_ACC: 0.8857 Val_AUC: 0.9480
ANN_model saved with Val_ACC: 0.8914 Val_AUC: 0.9506
ANN_model saved with Val_ACC: 0.8940 Val_AUC: 0.9540
ANN_model saved with Val_ACC: 0.8984 Val_AUC: 0.9562
ANN_model saved with Val_ACC: 0.9029 Val_AUC: 0.9600
ANN_model saved with Val_ACC: 0.9073 Val_AUC: 0.9600
fold_3: Epoch [21/300], Loss: 0.3361, Val_ACC: 0.9003, Val_AUC: 0.9573
ANN_model saved with Val_ACC: 0.9079 Val_AUC: 0.9605
ANN_model saved with Val_ACC: 0.9105 Val_AUC: 0.9603
fold_3: Epoch [41/300], Loss: 0.3191, Val_ACC: 0.9041, Val_AUC: 0.9593
fold_3: Epoch [61/300], Loss: 0.3161, Val_ACC: 0.9067, Val_AUC: 0.9624
fold_3: Epoch [81/300], Loss: 0.3152, Val_ACC: 0.9054, Val_AUC: 0.9626
fold_3: Epoch [101/300], Loss: 0.3148, Val_ACC: 0.9060, Val_AUC: 0.9628
fold_3: Epoch [121/300], Loss: 0.3145, Val_ACC: 0.9067, Val_AUC: 0.9626
fold_3: Epoch [141/300], Loss: 0.3143, Val_ACC: 0.9067, Val_AUC: 0.9628
fold_3: Epoch [161/300], Loss: 0.3142, Val_ACC: 0.9067, Val_AUC: 0.9627
fold_3: Epoch [181/300], Loss: 0.3711, Val_ACC: 0.8533, Val_AUC: 0.9095
fold_3: Epoch [201/300], Loss: 0.3364, Val_ACC: 0.8883, Val_AUC: 0.9370
fold_3: Epoch [221/300], Loss: 0.3232, Val_ACC: 0.8927, Val_AUC: 0.9485
fold_3: Epoch [241/300], Loss: 0.3226, Val_ACC: 0.8990, Val_AUC: 0.9580
fold_3: Epoch [261/300], Loss: 0.3224, Val_ACC: 0.9010, Val_AUC: 0.9588
fold_3: Epoch [281/300], Loss: 0.3223, Val_ACC: 0.9060, Val_AUC: 0.9581
Accuracy: 0.9105, AUC-ROC: 0.9603
 AUC-PR: 0.9485, Precision: 0.8992, Recall: 0.9192, F1 Score: 0.9091
RMSE: 10.8621 , PCC: 0.8416
Data processing and Training of MACSynDCR_ANN model:
MACSynDCR_ANN model:
Model: "sequential_4"
????????????????????????????????????????????????????????????????????????????????????????
? Layer (type)                         ? Output Shape                ?         Param # ?
????????????????????????????????????????????????????????????????????????????????????????
¦ dense_16 (Dense)                     ¦ (None, 2048)                ¦       4,982,784 ¦
+--------------------------------------+-----------------------------+-----------------¦
¦ batch_normalization_10               ¦ (None, 2048)                ¦           8,192 ¦
¦ (BatchNormalization)                 ¦                             ¦                 ¦
+--------------------------------------+-----------------------------+-----------------¦
¦ dense_17 (Dense)                     ¦ (None, 1024)                ¦       2,098,176 ¦
+--------------------------------------+-----------------------------+-----------------¦
¦ batch_normalization_11               ¦ (None, 1024)                ¦           4,096 ¦
¦ (BatchNormalization)                 ¦                             ¦                 ¦
+--------------------------------------+-----------------------------+-----------------¦
¦ dense_18 (Dense)                     ¦ (None, 512)                 ¦         524,800 ¦
+--------------------------------------+-----------------------------+-----------------¦
¦ batch_normalization_12               ¦ (None, 512)                 ¦           2,048 ¦
¦ (BatchNormalization)                 ¦                             ¦                 ¦
+--------------------------------------+-----------------------------+-----------------¦
¦ dense_19 (Dense)                     ¦ (None, 256)                 ¦         131,328 ¦
+--------------------------------------+-----------------------------+-----------------¦
¦ batch_normalization_13               ¦ (None, 256)                 ¦           1,024 ¦
¦ (BatchNormalization)                 ¦                             ¦                 ¦
+--------------------------------------+-----------------------------+-----------------¦
¦ dense_20 (Dense)                     ¦ (None, 128)                 ¦          32,896 ¦
+--------------------------------------+-----------------------------+-----------------¦
¦ batch_normalization_14               ¦ (None, 128)                 ¦             512 ¦
¦ (BatchNormalization)                 ¦                             ¦                 ¦
+--------------------------------------+-----------------------------+-----------------¦
¦ dense_21 (Dense)                     ¦ (None, 2)                   ¦             258 ¦
+--------------------------------------------------------------------------------------+
 Total params: 7,786,114 (29.70 MB)
 Trainable params: 7,778,178 (29.67 MB)
 Non-trainable params: 7,936 (31.00 KB)
Epoch 1/300
50/50 ???????????????????? 0s 53ms/step - acc: 0.7365 - auc: 0.8093 - loss: 0.5891
Epoch 1: val_auc improved from -inf to 0.67589, saving model to saved_models/best_MACSynDCR_ANN_model.keras
50/50 ???????????????????? 7s 74ms/step - acc: 0.7375 - auc: 0.8105 - loss: 0.5867 - val_acc: 0.5219 - val_auc: 0.6759 - val_loss: 1.1796
Epoch 2/300
49/50 ???????????????????? 0s 59ms/step - acc: 0.8864 - auc: 0.9571 - loss: 0.2698
Epoch 2: val_auc improved from 0.67589 to 0.77252, saving model to saved_models/best_MACSynDCR_ANN_model.keras
50/50 ???????????????????? 4s 75ms/step - acc: 0.8864 - auc: 0.9571 - loss: 0.2698 - val_acc: 0.6914 - val_auc: 0.7725 - val_loss: 0.6732
Epoch 3/300
49/50 ???????????????????? 0s 57ms/step - acc: 0.9190 - auc: 0.9761 - loss: 0.1996
Epoch 3: val_auc improved from 0.77252 to 0.86682, saving model to saved_models/best_MACSynDCR_ANN_model.keras
50/50 ???????????????????? 4s 72ms/step - acc: 0.9188 - auc: 0.9760 - loss: 0.1998 - val_acc: 0.7898 - val_auc: 0.8668 - val_loss: 0.4660
Epoch 4/300
49/50 ???????????????????? 0s 56ms/step - acc: 0.9379 - auc: 0.9830 - loss: 0.1658
Epoch 4: val_auc did not improve from 0.86682
50/50 ???????????????????? 3s 59ms/step - acc: 0.9376 - auc: 0.9828 - loss: 0.1663 - val_acc: 0.7625 - val_auc: 0.8476 - val_loss: 0.6526
Epoch 5/300
49/50 ???????????????????? 0s 53ms/step - acc: 0.9411 - auc: 0.9858 - loss: 0.1519
Epoch 5: val_auc improved from 0.86682 to 0.92322, saving model to saved_models/best_MACSynDCR_ANN_model.keras
50/50 ???????????????????? 3s 68ms/step - acc: 0.9410 - auc: 0.9858 - loss: 0.1521 - val_acc: 0.8495 - val_auc: 0.9232 - val_loss: 0.4104
Epoch 6/300
49/50 ???????????????????? 0s 56ms/step - acc: 0.9555 - auc: 0.9917 - loss: 0.1171
Epoch 6: val_auc improved from 0.92322 to 0.93612, saving model to saved_models/best_MACSynDCR_ANN_model.keras
50/50 ???????????????????? 4s 72ms/step - acc: 0.9555 - auc: 0.9917 - loss: 0.1170 - val_acc: 0.8667 - val_auc: 0.9361 - val_loss: 0.3976
Epoch 7/300
49/50 ???????????????????? 0s 51ms/step - acc: 0.9592 - auc: 0.9932 - loss: 0.1049
Epoch 7: val_auc did not improve from 0.93612
50/50 ???????????????????? 3s 53ms/step - acc: 0.9591 - auc: 0.9931 - loss: 0.1054 - val_acc: 0.8578 - val_auc: 0.9357 - val_loss: 0.4029
Epoch 8/300
49/50 ???????????????????? 0s 51ms/step - acc: 0.9587 - auc: 0.9898 - loss: 0.1191
Epoch 8: val_auc improved from 0.93612 to 0.93984, saving model to saved_models/best_MACSynDCR_ANN_model.keras
50/50 ???????????????????? 3s 68ms/step - acc: 0.9586 - auc: 0.9898 - loss: 0.1192 - val_acc: 0.8806 - val_auc: 0.9398 - val_loss: 0.4146
Epoch 9/300
49/50 ???????????????????? 0s 51ms/step - acc: 0.9655 - auc: 0.9944 - loss: 0.0913
Epoch 9: val_auc improved from 0.93984 to 0.94659, saving model to saved_models/best_MACSynDCR_ANN_model.keras
50/50 ???????????????????? 3s 66ms/step - acc: 0.9655 - auc: 0.9944 - loss: 0.0913 - val_acc: 0.8883 - val_auc: 0.9466 - val_loss: 0.3790
Epoch 10/300
49/50 ???????????????????? 0s 52ms/step - acc: 0.9724 - auc: 0.9956 - loss: 0.0782
Epoch 10: val_auc did not improve from 0.94659
50/50 ???????????????????? 3s 55ms/step - acc: 0.9723 - auc: 0.9956 - loss: 0.0784 - val_acc: 0.8838 - val_auc: 0.9389 - val_loss: 0.4491
Epoch 11/300
49/50 ???????????????????? 0s 54ms/step - acc: 0.9664 - auc: 0.9952 - loss: 0.0849
Epoch 11: val_auc improved from 0.94659 to 0.94740, saving model to saved_models/best_MACSynDCR_ANN_model.keras
50/50 ???????????????????? 3s 69ms/step - acc: 0.9666 - auc: 0.9953 - loss: 0.0846 - val_acc: 0.8914 - val_auc: 0.9474 - val_loss: 0.4222
Epoch 12/300
49/50 ???????????????????? 0s 51ms/step - acc: 0.9724 - auc: 0.9956 - loss: 0.0764
Epoch 12: val_auc did not improve from 0.94740
50/50 ???????????????????? 3s 54ms/step - acc: 0.9723 - auc: 0.9956 - loss: 0.0765 - val_acc: 0.8857 - val_auc: 0.9390 - val_loss: 0.4133
Epoch 13/300
49/50 ???????????????????? 0s 51ms/step - acc: 0.9751 - auc: 0.9967 - loss: 0.0676
Epoch 13: val_auc did not improve from 0.94740
50/50 ???????????????????? 3s 53ms/step - acc: 0.9752 - auc: 0.9967 - loss: 0.0675 - val_acc: 0.8876 - val_auc: 0.9435 - val_loss: 0.4533
Epoch 14/300
49/50 ???????????????????? 0s 53ms/step - acc: 0.9631 - auc: 0.9944 - loss: 0.0900
Epoch 14: val_auc did not improve from 0.94740
50/50 ???????????????????? 3s 55ms/step - acc: 0.9631 - auc: 0.9944 - loss: 0.0902 - val_acc: 0.8781 - val_auc: 0.9377 - val_loss: 0.4843
Epoch 15/300
49/50 ???????????????????? 0s 52ms/step - acc: 0.9798 - auc: 0.9977 - loss: 0.0567
Epoch 15: val_auc did not improve from 0.94740
50/50 ???????????????????? 3s 54ms/step - acc: 0.9798 - auc: 0.9977 - loss: 0.0568 - val_acc: 0.8857 - val_auc: 0.9398 - val_loss: 0.4742
Epoch 16/300
49/50 ???????????????????? 0s 52ms/step - acc: 0.9817 - auc: 0.9982 - loss: 0.0523
Epoch 16: val_auc did not improve from 0.94740
50/50 ???????????????????? 3s 55ms/step - acc: 0.9817 - auc: 0.9982 - loss: 0.0523 - val_acc: 0.8946 - val_auc: 0.9461 - val_loss: 0.4486
Epoch 17/300
49/50 ???????????????????? 0s 53ms/step - acc: 0.9868 - auc: 0.9982 - loss: 0.0431
Epoch 17: val_auc did not improve from 0.94740
50/50 ???????????????????? 3s 55ms/step - acc: 0.9867 - auc: 0.9982 - loss: 0.0431 - val_acc: 0.8883 - val_auc: 0.9464 - val_loss: 0.4206
Epoch 18/300
49/50 ???????????????????? 0s 51ms/step - acc: 0.9908 - auc: 0.9996 - loss: 0.0279
Epoch 18: val_auc did not improve from 0.94740
50/50 ???????????????????? 3s 54ms/step - acc: 0.9907 - auc: 0.9996 - loss: 0.0280 - val_acc: 0.8883 - val_auc: 0.9422 - val_loss: 0.4622
Epoch 19/300
49/50 ???????????????????? 0s 54ms/step - acc: 0.9899 - auc: 0.9987 - loss: 0.0336
Epoch 19: val_auc did not improve from 0.94740
50/50 ???????????????????? 3s 57ms/step - acc: 0.9898 - auc: 0.9987 - loss: 0.0338 - val_acc: 0.8883 - val_auc: 0.9399 - val_loss: 0.4946
Epoch 20/300
49/50 ???????????????????? 0s 51ms/step - acc: 0.9830 - auc: 0.9974 - loss: 0.0523
Epoch 20: val_auc did not improve from 0.94740
50/50 ???????????????????? 3s 54ms/step - acc: 0.9830 - auc: 0.9974 - loss: 0.0523 - val_acc: 0.8971 - val_auc: 0.9439 - val_loss: 0.4681
Epoch 21/300
50/50 ???????????????????? 0s 51ms/step - acc: 0.9786 - auc: 0.9973 - loss: 0.0572
Epoch 21: val_auc did not improve from 0.94740
50/50 ???????????????????? 3s 55ms/step - acc: 0.9786 - auc: 0.9973 - loss: 0.0570 - val_acc: 0.8813 - val_auc: 0.9405 - val_loss: 0.4773
Epoch 22/300
49/50 ???????????????????? 0s 52ms/step - acc: 0.9872 - auc: 0.9990 - loss: 0.0357
Epoch 22: val_auc did not improve from 0.94740
50/50 ???????????????????? 3s 54ms/step - acc: 0.9872 - auc: 0.9990 - loss: 0.0358 - val_acc: 0.8927 - val_auc: 0.9471 - val_loss: 0.4321
Epoch 23/300
49/50 ???????????????????? 0s 51ms/step - acc: 0.9731 - auc: 0.9946 - loss: 0.0796
Epoch 23: val_auc improved from 0.94740 to 0.94872, saving model to saved_models/best_MACSynDCR_ANN_model.keras
50/50 ???????????????????? 3s 69ms/step - acc: 0.9731 - auc: 0.9947 - loss: 0.0795 - val_acc: 0.8883 - val_auc: 0.9487 - val_loss: 0.4168
Epoch 24/300
50/50 ???????????????????? 0s 58ms/step - acc: 0.9781 - auc: 0.9979 - loss: 0.0557
Epoch 24: val_auc did not improve from 0.94872
50/50 ???????????????????? 3s 61ms/step - acc: 0.9781 - auc: 0.9979 - loss: 0.0557 - val_acc: 0.8863 - val_auc: 0.9457 - val_loss: 0.4345
Epoch 25/300
49/50 ???????????????????? 0s 54ms/step - acc: 0.9873 - auc: 0.9987 - loss: 0.0410
Epoch 25: val_auc did not improve from 0.94872
50/50 ???????????????????? 3s 56ms/step - acc: 0.9873 - auc: 0.9987 - loss: 0.0410 - val_acc: 0.8914 - val_auc: 0.9475 - val_loss: 0.4207
Epoch 26/300
49/50 ???????????????????? 0s 56ms/step - acc: 0.9876 - auc: 0.9988 - loss: 0.0354
Epoch 26: val_auc did not improve from 0.94872
50/50 ???????????????????? 3s 59ms/step - acc: 0.9876 - auc: 0.9987 - loss: 0.0355 - val_acc: 0.8984 - val_auc: 0.9484 - val_loss: 0.4239
Epoch 27/300
49/50 ???????????????????? 0s 51ms/step - acc: 0.9758 - auc: 0.9954 - loss: 0.0750
Epoch 27: val_auc did not improve from 0.94872
50/50 ???????????????????? 3s 54ms/step - acc: 0.9758 - auc: 0.9954 - loss: 0.0749 - val_acc: 0.8857 - val_auc: 0.9391 - val_loss: 0.4820
Epoch 28/300
49/50 ???????????????????? 0s 51ms/step - acc: 0.9832 - auc: 0.9966 - loss: 0.0526
Epoch 28: val_auc did not improve from 0.94872
50/50 ???????????????????? 3s 53ms/step - acc: 0.9833 - auc: 0.9966 - loss: 0.0524 - val_acc: 0.8832 - val_auc: 0.9428 - val_loss: 0.4542
Epoch 29/300
49/50 ???????????????????? 0s 51ms/step - acc: 0.9914 - auc: 0.9994 - loss: 0.0278
Epoch 29: val_auc improved from 0.94872 to 0.94952, saving model to saved_models/best_MACSynDCR_ANN_model.keras
50/50 ???????????????????? 3s 68ms/step - acc: 0.9915 - auc: 0.9994 - loss: 0.0278 - val_acc: 0.9010 - val_auc: 0.9495 - val_loss: 0.4273
Epoch 30/300
50/50 ???????????????????? 0s 51ms/step - acc: 0.9950 - auc: 0.9999 - loss: 0.0144
Epoch 30: val_auc did not improve from 0.94952
50/50 ???????????????????? 3s 54ms/step - acc: 0.9950 - auc: 0.9999 - loss: 0.0144 - val_acc: 0.8997 - val_auc: 0.9405 - val_loss: 0.4702
Epoch 31/300
49/50 ???????????????????? 0s 53ms/step - acc: 0.9963 - auc: 0.9999 - loss: 0.0117
Epoch 31: val_auc did not improve from 0.94952
50/50 ???????????????????? 3s 56ms/step - acc: 0.9963 - auc: 0.9999 - loss: 0.0118 - val_acc: 0.8965 - val_auc: 0.9470 - val_loss: 0.4555
Epoch 32/300
49/50 ???????????????????? 0s 57ms/step - acc: 0.9970 - auc: 0.9996 - loss: 0.0100
Epoch 32: val_auc did not improve from 0.94952
50/50 ???????????????????? 3s 59ms/step - acc: 0.9969 - auc: 0.9996 - loss: 0.0101 - val_acc: 0.8990 - val_auc: 0.9456 - val_loss: 0.4453
Epoch 33/300
49/50 ???????????????????? 0s 52ms/step - acc: 0.9961 - auc: 0.9999 - loss: 0.0123
Epoch 33: val_auc did not improve from 0.94952
50/50 ???????????????????? 3s 54ms/step - acc: 0.9961 - auc: 0.9999 - loss: 0.0123 - val_acc: 0.8883 - val_auc: 0.9417 - val_loss: 0.4927
Epoch 34/300
49/50 ???????????????????? 0s 51ms/step - acc: 0.9976 - auc: 0.9999 - loss: 0.0096
Epoch 34: val_auc improved from 0.94952 to 0.95010, saving model to saved_models/best_MACSynDCR_ANN_model.keras
50/50 ???????????????????? 3s 66ms/step - acc: 0.9976 - auc: 0.9999 - loss: 0.0098 - val_acc: 0.9067 - val_auc: 0.9501 - val_loss: 0.4249
Epoch 35/300
49/50 ???????????????????? 0s 55ms/step - acc: 0.9770 - auc: 0.9940 - loss: 0.0862
Epoch 35: val_auc did not improve from 0.95010
50/50 ???????????????????? 3s 59ms/step - acc: 0.9770 - auc: 0.9940 - loss: 0.0860 - val_acc: 0.8724 - val_auc: 0.9324 - val_loss: 0.5365
Epoch 36/300
49/50 ???????????????????? 0s 51ms/step - acc: 0.9622 - auc: 0.9904 - loss: 0.1170
Epoch 36: val_auc did not improve from 0.95010
50/50 ???????????????????? 3s 54ms/step - acc: 0.9622 - auc: 0.9904 - loss: 0.1167 - val_acc: 0.8686 - val_auc: 0.9375 - val_loss: 0.4490
Epoch 37/300
49/50 ???????????????????? 0s 53ms/step - acc: 0.9835 - auc: 0.9987 - loss: 0.0485
Epoch 37: val_auc did not improve from 0.95010
50/50 ???????????????????? 3s 56ms/step - acc: 0.9835 - auc: 0.9987 - loss: 0.0484 - val_acc: 0.8895 - val_auc: 0.9406 - val_loss: 0.4494
Epoch 38/300
50/50 ???????????????????? 0s 52ms/step - acc: 0.9888 - auc: 0.9992 - loss: 0.0343
Epoch 38: val_auc did not improve from 0.95010
50/50 ???????????????????? 3s 54ms/step - acc: 0.9888 - auc: 0.9992 - loss: 0.0343 - val_acc: 0.8971 - val_auc: 0.9475 - val_loss: 0.4332
Epoch 39/300
49/50 ???????????????????? 0s 53ms/step - acc: 0.9925 - auc: 0.9996 - loss: 0.0215
Epoch 39: val_auc did not improve from 0.95010
50/50 ???????????????????? 3s 55ms/step - acc: 0.9925 - auc: 0.9996 - loss: 0.0215 - val_acc: 0.8908 - val_auc: 0.9435 - val_loss: 0.4796
Epoch 40/300
49/50 ???????????????????? 0s 52ms/step - acc: 0.9913 - auc: 0.9979 - loss: 0.0323
Epoch 40: val_auc did not improve from 0.95010
50/50 ???????????????????? 3s 55ms/step - acc: 0.9913 - auc: 0.9979 - loss: 0.0323 - val_acc: 0.8927 - val_auc: 0.9461 - val_loss: 0.4730
Epoch 41/300
49/50 ???????????????????? 0s 51ms/step - acc: 0.9918 - auc: 0.9994 - loss: 0.0258
Epoch 41: val_auc did not improve from 0.95010
50/50 ???????????????????? 3s 54ms/step - acc: 0.9919 - auc: 0.9994 - loss: 0.0257 - val_acc: 0.8965 - val_auc: 0.9411 - val_loss: 0.5042
Epoch 42/300
50/50 ???????????????????? 0s 51ms/step - acc: 0.9947 - auc: 0.9999 - loss: 0.0144
Epoch 42: val_auc did not improve from 0.95010
50/50 ???????????????????? 3s 54ms/step - acc: 0.9947 - auc: 0.9999 - loss: 0.0144 - val_acc: 0.9029 - val_auc: 0.9468 - val_loss: 0.4549
Epoch 43/300
49/50 ???????????????????? 0s 51ms/step - acc: 0.9925 - auc: 0.9987 - loss: 0.0277
Epoch 43: val_auc did not improve from 0.95010
50/50 ???????????????????? 3s 53ms/step - acc: 0.9925 - auc: 0.9987 - loss: 0.0277 - val_acc: 0.9022 - val_auc: 0.9479 - val_loss: 0.4510
Epoch 44/300
49/50 ???????????????????? 0s 51ms/step - acc: 0.9951 - auc: 0.9994 - loss: 0.0170
Epoch 44: val_auc did not improve from 0.95010
50/50 ???????????????????? 3s 54ms/step - acc: 0.9951 - auc: 0.9994 - loss: 0.0170 - val_acc: 0.9035 - val_auc: 0.9469 - val_loss: 0.4435
Epoch 45/300
50/50 ???????????????????? 0s 55ms/step - acc: 0.9913 - auc: 0.9990 - loss: 0.0256
Epoch 45: val_auc did not improve from 0.95010
50/50 ???????????????????? 3s 58ms/step - acc: 0.9913 - auc: 0.9990 - loss: 0.0256 - val_acc: 0.8889 - val_auc: 0.9485 - val_loss: 0.4440
Epoch 46/300
49/50 ???????????????????? 0s 51ms/step - acc: 0.9861 - auc: 0.9976 - loss: 0.0431
Epoch 46: val_auc did not improve from 0.95010
50/50 ???????????????????? 3s 54ms/step - acc: 0.9860 - auc: 0.9976 - loss: 0.0431 - val_acc: 0.9029 - val_auc: 0.9456 - val_loss: 0.4544
Epoch 47/300
49/50 ???????????????????? 0s 52ms/step - acc: 0.9919 - auc: 0.9994 - loss: 0.0270
Epoch 47: val_auc did not improve from 0.95010
50/50 ???????????????????? 3s 54ms/step - acc: 0.9918 - auc: 0.9994 - loss: 0.0272 - val_acc: 0.8800 - val_auc: 0.9339 - val_loss: 0.5126
Epoch 48/300
50/50 ???????????????????? 0s 50ms/step - acc: 0.9830 - auc: 0.9961 - loss: 0.0596
Epoch 48: val_auc did not improve from 0.95010
50/50 ???????????????????? 3s 53ms/step - acc: 0.9830 - auc: 0.9961 - loss: 0.0594 - val_acc: 0.8832 - val_auc: 0.9381 - val_loss: 0.5028
Epoch 49/300
50/50 ???????????????????? 0s 50ms/step - acc: 0.9938 - auc: 0.9998 - loss: 0.0181
Epoch 49: val_auc did not improve from 0.95010
50/50 ???????????????????? 3s 52ms/step - acc: 0.9938 - auc: 0.9998 - loss: 0.0181 - val_acc: 0.8984 - val_auc: 0.9454 - val_loss: 0.4570
Epoch 50/300
49/50 ???????????????????? 0s 52ms/step - acc: 0.9913 - auc: 0.9995 - loss: 0.0220
Epoch 50: val_auc did not improve from 0.95010
50/50 ???????????????????? 3s 54ms/step - acc: 0.9912 - auc: 0.9995 - loss: 0.0222 - val_acc: 0.8940 - val_auc: 0.9462 - val_loss: 0.4971
Epoch 51/300
49/50 ???????????????????? 0s 50ms/step - acc: 0.9884 - auc: 0.9986 - loss: 0.0352
Epoch 51: val_auc did not improve from 0.95010
50/50 ???????????????????? 3s 52ms/step - acc: 0.9883 - auc: 0.9986 - loss: 0.0354 - val_acc: 0.8876 - val_auc: 0.9401 - val_loss: 0.4896
Epoch 52/300
49/50 ???????????????????? 0s 51ms/step - acc: 0.9920 - auc: 0.9996 - loss: 0.0240
Epoch 52: val_auc did not improve from 0.95010
50/50 ???????????????????? 3s 54ms/step - acc: 0.9920 - auc: 0.9996 - loss: 0.0239 - val_acc: 0.9003 - val_auc: 0.9426 - val_loss: 0.4858
Epoch 53/300
50/50 ???????????????????? 0s 59ms/step - acc: 0.9889 - auc: 0.9988 - loss: 0.0315
Epoch 53: val_auc did not improve from 0.95010
50/50 ???????????????????? 3s 63ms/step - acc: 0.9889 - auc: 0.9988 - loss: 0.0315 - val_acc: 0.9029 - val_auc: 0.9441 - val_loss: 0.4936
Epoch 54/300
49/50 ???????????????????? 0s 52ms/step - acc: 0.9891 - auc: 0.9988 - loss: 0.0300
Epoch 54: val_auc did not improve from 0.95010
50/50 ???????????????????? 3s 54ms/step - acc: 0.9892 - auc: 0.9988 - loss: 0.0297 - val_acc: 0.9079 - val_auc: 0.9464 - val_loss: 0.4818
Epoch 55/300
49/50 ???????????????????? 0s 51ms/step - acc: 0.9921 - auc: 0.9992 - loss: 0.0267
Epoch 55: val_auc did not improve from 0.95010
50/50 ???????????????????? 3s 54ms/step - acc: 0.9921 - auc: 0.9992 - loss: 0.0267 - val_acc: 0.8965 - val_auc: 0.9442 - val_loss: 0.4963
Epoch 56/300
49/50 ???????????????????? 0s 51ms/step - acc: 0.9940 - auc: 0.9996 - loss: 0.0162
Epoch 56: val_auc did not improve from 0.95010
50/50 ???????????????????? 3s 54ms/step - acc: 0.9940 - auc: 0.9996 - loss: 0.0162 - val_acc: 0.9048 - val_auc: 0.9455 - val_loss: 0.4845
Epoch 57/300
49/50 ???????????????????? 0s 52ms/step - acc: 0.9944 - auc: 0.9993 - loss: 0.0190
Epoch 57: val_auc did not improve from 0.95010
50/50 ???????????????????? 3s 55ms/step - acc: 0.9943 - auc: 0.9993 - loss: 0.0191 - val_acc: 0.8851 - val_auc: 0.9383 - val_loss: 0.5206
Epoch 58/300
49/50 ???????????????????? 0s 50ms/step - acc: 0.9934 - auc: 0.9993 - loss: 0.0230
Epoch 58: val_auc did not improve from 0.95010
50/50 ???????????????????? 3s 53ms/step - acc: 0.9934 - auc: 0.9993 - loss: 0.0231 - val_acc: 0.8844 - val_auc: 0.9387 - val_loss: 0.5602
Epoch 59/300
50/50 ???????????????????? 0s 55ms/step - acc: 0.9949 - auc: 0.9995 - loss: 0.0172
Epoch 59: val_auc did not improve from 0.95010
50/50 ???????????????????? 3s 58ms/step - acc: 0.9949 - auc: 0.9995 - loss: 0.0172 - val_acc: 0.8914 - val_auc: 0.9431 - val_loss: 0.5382
Epoch 60/300
49/50 ???????????????????? 0s 52ms/step - acc: 0.9949 - auc: 0.9992 - loss: 0.0184
Epoch 60: val_auc did not improve from 0.95010
50/50 ???????????????????? 3s 55ms/step - acc: 0.9949 - auc: 0.9992 - loss: 0.0185 - val_acc: 0.8902 - val_auc: 0.9463 - val_loss: 0.4981
Epoch 61/300
49/50 ???????????????????? 0s 52ms/step - acc: 0.9950 - auc: 0.9996 - loss: 0.0158
Epoch 61: val_auc did not improve from 0.95010
50/50 ???????????????????? 3s 55ms/step - acc: 0.9949 - auc: 0.9996 - loss: 0.0160 - val_acc: 0.8927 - val_auc: 0.9390 - val_loss: 0.5374
Epoch 62/300
49/50 ???????????????????? 0s 54ms/step - acc: 0.9954 - auc: 0.9989 - loss: 0.0199
Epoch 62: val_auc did not improve from 0.95010
50/50 ???????????????????? 3s 57ms/step - acc: 0.9954 - auc: 0.9989 - loss: 0.0199 - val_acc: 0.8990 - val_auc: 0.9463 - val_loss: 0.4827
Epoch 63/300
49/50 ???????????????????? 0s 55ms/step - acc: 0.9977 - auc: 0.9997 - loss: 0.0098
Epoch 63: val_auc did not improve from 0.95010
50/50 ???????????????????? 3s 58ms/step - acc: 0.9977 - auc: 0.9996 - loss: 0.0098 - val_acc: 0.9029 - val_auc: 0.9454 - val_loss: 0.4899
Epoch 64/300
49/50 ???????????????????? 0s 53ms/step - acc: 0.9969 - auc: 0.9998 - loss: 0.0090
Epoch 64: val_auc did not improve from 0.95010
50/50 ???????????????????? 3s 55ms/step - acc: 0.9969 - auc: 0.9998 - loss: 0.0090 - val_acc: 0.8978 - val_auc: 0.9436 - val_loss: 0.4965
Epoch 65/300
49/50 ???????????????????? 0s 50ms/step - acc: 0.9957 - auc: 0.9988 - loss: 0.0222
Epoch 65: val_auc did not improve from 0.95010
50/50 ???????????????????? 3s 53ms/step - acc: 0.9957 - auc: 0.9988 - loss: 0.0222 - val_acc: 0.9010 - val_auc: 0.9444 - val_loss: 0.5187
Epoch 66/300
50/50 ???????????????????? 0s 55ms/step - acc: 0.9890 - auc: 0.9965 - loss: 0.0448
Epoch 66: val_auc did not improve from 0.95010
50/50 ???????????????????? 3s 57ms/step - acc: 0.9890 - auc: 0.9965 - loss: 0.0448 - val_acc: 0.8933 - val_auc: 0.9469 - val_loss: 0.4634
Epoch 67/300
49/50 ???????????????????? 0s 51ms/step - acc: 0.9853 - auc: 0.9975 - loss: 0.0504
Epoch 67: val_auc did not improve from 0.95010
50/50 ???????????????????? 3s 54ms/step - acc: 0.9853 - auc: 0.9975 - loss: 0.0502 - val_acc: 0.8908 - val_auc: 0.9440 - val_loss: 0.4755
Epoch 68/300
49/50 ???????????????????? 0s 53ms/step - acc: 0.9926 - auc: 0.9994 - loss: 0.0248
Epoch 68: val_auc did not improve from 0.95010
50/50 ???????????????????? 3s 55ms/step - acc: 0.9926 - auc: 0.9994 - loss: 0.0246 - val_acc: 0.8997 - val_auc: 0.9464 - val_loss: 0.4506
Epoch 69/300
50/50 ???????????????????? 0s 51ms/step - acc: 0.9962 - auc: 0.9998 - loss: 0.0110
Epoch 69: val_auc did not improve from 0.95010
50/50 ???????????????????? 3s 54ms/step - acc: 0.9962 - auc: 0.9998 - loss: 0.0110 - val_acc: 0.8959 - val_auc: 0.9462 - val_loss: 0.4484
Epoch 70/300
49/50 ???????????????????? 0s 53ms/step - acc: 0.9972 - auc: 0.9998 - loss: 0.0102
Epoch 70: val_auc did not improve from 0.95010
50/50 ???????????????????? 3s 56ms/step - acc: 0.9972 - auc: 0.9998 - loss: 0.0102 - val_acc: 0.9117 - val_auc: 0.9496 - val_loss: 0.4429
Epoch 71/300
49/50 ???????????????????? 0s 51ms/step - acc: 0.9975 - auc: 0.9999 - loss: 0.0102
Epoch 71: val_auc did not improve from 0.95010
50/50 ???????????????????? 3s 53ms/step - acc: 0.9975 - auc: 0.9999 - loss: 0.0102 - val_acc: 0.9067 - val_auc: 0.9456 - val_loss: 0.4738
Epoch 72/300
49/50 ???????????????????? 0s 53ms/step - acc: 0.9936 - auc: 0.9976 - loss: 0.0291
Epoch 72: val_auc did not improve from 0.95010
50/50 ???????????????????? 3s 55ms/step - acc: 0.9936 - auc: 0.9976 - loss: 0.0291 - val_acc: 0.9016 - val_auc: 0.9457 - val_loss: 0.4871
Epoch 73/300
49/50 ???????????????????? 0s 56ms/step - acc: 0.9904 - auc: 0.9986 - loss: 0.0307
Epoch 73: val_auc did not improve from 0.95010
50/50 ???????????????????? 3s 58ms/step - acc: 0.9904 - auc: 0.9986 - loss: 0.0307 - val_acc: 0.8940 - val_auc: 0.9417 - val_loss: 0.5108
Epoch 74/300
49/50 ???????????????????? 0s 52ms/step - acc: 0.9846 - auc: 0.9971 - loss: 0.0503
Epoch 74: val_auc did not improve from 0.95010
50/50 ???????????????????? 3s 55ms/step - acc: 0.9845 - auc: 0.9971 - loss: 0.0503 - val_acc: 0.8851 - val_auc: 0.9405 - val_loss: 0.5064
Epoch 75/300
49/50 ???????????????????? 0s 54ms/step - acc: 0.9900 - auc: 0.9980 - loss: 0.0358
Epoch 75: val_auc improved from 0.95010 to 0.95041, saving model to saved_models/best_MACSynDCR_ANN_model.keras
50/50 ???????????????????? 3s 68ms/step - acc: 0.9901 - auc: 0.9980 - loss: 0.0356 - val_acc: 0.9010 - val_auc: 0.9504 - val_loss: 0.4187
Epoch 76/300
49/50 ???????????????????? 0s 51ms/step - acc: 0.9923 - auc: 0.9985 - loss: 0.0285
Epoch 76: val_auc improved from 0.95041 to 0.95167, saving model to saved_models/best_MACSynDCR_ANN_model.keras
50/50 ???????????????????? 3s 64ms/step - acc: 0.9923 - auc: 0.9986 - loss: 0.0285 - val_acc: 0.9060 - val_auc: 0.9517 - val_loss: 0.4192
Epoch 77/300
49/50 ???????????????????? 0s 51ms/step - acc: 0.9943 - auc: 0.9997 - loss: 0.0167
Epoch 77: val_auc did not improve from 0.95167
50/50 ???????????????????? 3s 54ms/step - acc: 0.9943 - auc: 0.9997 - loss: 0.0166 - val_acc: 0.9092 - val_auc: 0.9515 - val_loss: 0.4526
Epoch 78/300
49/50 ???????????????????? 0s 53ms/step - acc: 0.9976 - auc: 1.0000 - loss: 0.0088
Epoch 78: val_auc did not improve from 0.95167
50/50 ???????????????????? 3s 56ms/step - acc: 0.9976 - auc: 1.0000 - loss: 0.0089 - val_acc: 0.9035 - val_auc: 0.9508 - val_loss: 0.4472
Epoch 79/300
50/50 ???????????????????? 0s 56ms/step - acc: 0.9808 - auc: 0.9954 - loss: 0.0634
Epoch 79: val_auc did not improve from 0.95167
50/50 ???????????????????? 3s 59ms/step - acc: 0.9807 - auc: 0.9954 - loss: 0.0635 - val_acc: 0.8889 - val_auc: 0.9434 - val_loss: 0.4620
Epoch 80/300
49/50 ???????????????????? 0s 53ms/step - acc: 0.9776 - auc: 0.9960 - loss: 0.0664
Epoch 80: val_auc did not improve from 0.95167
50/50 ???????????????????? 3s 56ms/step - acc: 0.9777 - auc: 0.9960 - loss: 0.0662 - val_acc: 0.8794 - val_auc: 0.9395 - val_loss: 0.4635
Epoch 81/300
49/50 ???????????????????? 0s 50ms/step - acc: 0.9922 - auc: 0.9995 - loss: 0.0257
Epoch 81: val_auc did not improve from 0.95167
50/50 ???????????????????? 3s 53ms/step - acc: 0.9923 - auc: 0.9995 - loss: 0.0256 - val_acc: 0.9010 - val_auc: 0.9496 - val_loss: 0.4354
Epoch 82/300
49/50 ???????????????????? 0s 51ms/step - acc: 0.9964 - auc: 0.9999 - loss: 0.0123
Epoch 82: val_auc did not improve from 0.95167
50/50 ???????????????????? 3s 54ms/step - acc: 0.9964 - auc: 0.9999 - loss: 0.0124 - val_acc: 0.8921 - val_auc: 0.9428 - val_loss: 0.4742
Epoch 83/300
49/50 ???????????????????? 0s 52ms/step - acc: 0.9961 - auc: 0.9995 - loss: 0.0168
Epoch 83: val_auc improved from 0.95167 to 0.95230, saving model to saved_models/best_MACSynDCR_ANN_model.keras
50/50 ???????????????????? 3s 65ms/step - acc: 0.9960 - auc: 0.9995 - loss: 0.0169 - val_acc: 0.9016 - val_auc: 0.9523 - val_loss: 0.4184
Epoch 84/300
49/50 ???????????????????? 0s 53ms/step - acc: 0.9974 - auc: 0.9992 - loss: 0.0151
Epoch 84: val_auc did not improve from 0.95230
50/50 ???????????????????? 3s 56ms/step - acc: 0.9974 - auc: 0.9992 - loss: 0.0150 - val_acc: 0.8927 - val_auc: 0.9491 - val_loss: 0.4451
Epoch 85/300
49/50 ???????????????????? 0s 52ms/step - acc: 0.9984 - auc: 1.0000 - loss: 0.0057
Epoch 85: val_auc did not improve from 0.95230
50/50 ???????????????????? 3s 55ms/step - acc: 0.9984 - auc: 1.0000 - loss: 0.0058 - val_acc: 0.8990 - val_auc: 0.9480 - val_loss: 0.4727
Epoch 86/300
49/50 ???????????????????? 0s 55ms/step - acc: 0.9988 - auc: 1.0000 - loss: 0.0052
Epoch 86: val_auc did not improve from 0.95230
50/50 ???????????????????? 3s 57ms/step - acc: 0.9987 - auc: 1.0000 - loss: 0.0052 - val_acc: 0.9048 - val_auc: 0.9476 - val_loss: 0.4732
Epoch 87/300
49/50 ???????????????????? 0s 51ms/step - acc: 0.9990 - auc: 1.0000 - loss: 0.0039
Epoch 87: val_auc improved from 0.95230 to 0.95299, saving model to saved_models/best_MACSynDCR_ANN_model.keras
50/50 ???????????????????? 3s 65ms/step - acc: 0.9990 - auc: 1.0000 - loss: 0.0040 - val_acc: 0.9079 - val_auc: 0.9530 - val_loss: 0.4408
Epoch 88/300
49/50 ???????????????????? 0s 50ms/step - acc: 0.9992 - auc: 1.0000 - loss: 0.0039
Epoch 88: val_auc did not improve from 0.95299
50/50 ???????????????????? 3s 53ms/step - acc: 0.9992 - auc: 1.0000 - loss: 0.0040 - val_acc: 0.8927 - val_auc: 0.9483 - val_loss: 0.4893
Epoch 89/300
50/50 ???????????????????? 0s 51ms/step - acc: 0.9993 - auc: 1.0000 - loss: 0.0047
Epoch 89: val_auc did not improve from 0.95299
50/50 ???????????????????? 3s 54ms/step - acc: 0.9993 - auc: 1.0000 - loss: 0.0047 - val_acc: 0.9022 - val_auc: 0.9476 - val_loss: 0.4788
Epoch 90/300
49/50 ???????????????????? 0s 51ms/step - acc: 0.9987 - auc: 1.0000 - loss: 0.0038
Epoch 90: val_auc did not improve from 0.95299
50/50 ???????????????????? 3s 53ms/step - acc: 0.9987 - auc: 1.0000 - loss: 0.0039 - val_acc: 0.8978 - val_auc: 0.9410 - val_loss: 0.5069
Epoch 91/300
49/50 ???????????????????? 0s 53ms/step - acc: 0.9938 - auc: 0.9990 - loss: 0.0232
Epoch 91: val_auc did not improve from 0.95299
50/50 ???????????????????? 3s 56ms/step - acc: 0.9937 - auc: 0.9989 - loss: 0.0234 - val_acc: 0.8870 - val_auc: 0.9380 - val_loss: 0.5494
Epoch 92/300
50/50 ???????????????????? 0s 51ms/step - acc: 0.9847 - auc: 0.9971 - loss: 0.0500
Epoch 92: val_auc did not improve from 0.95299
50/50 ???????????????????? 3s 53ms/step - acc: 0.9847 - auc: 0.9971 - loss: 0.0500 - val_acc: 0.8825 - val_auc: 0.9307 - val_loss: 0.5694
Epoch 93/300
50/50 ???????????????????? 0s 52ms/step - acc: 0.9877 - auc: 0.9986 - loss: 0.0354
Epoch 93: val_auc did not improve from 0.95299
50/50 ???????????????????? 3s 55ms/step - acc: 0.9877 - auc: 0.9986 - loss: 0.0353 - val_acc: 0.8851 - val_auc: 0.9348 - val_loss: 0.5466
Epoch 94/300
49/50 ???????????????????? 0s 54ms/step - acc: 0.9903 - auc: 0.9997 - loss: 0.0215
Epoch 94: val_auc did not improve from 0.95299
50/50 ???????????????????? 3s 57ms/step - acc: 0.9903 - auc: 0.9997 - loss: 0.0215 - val_acc: 0.8984 - val_auc: 0.9435 - val_loss: 0.4901
Epoch 95/300
49/50 ???????????????????? 0s 52ms/step - acc: 0.9944 - auc: 0.9991 - loss: 0.0201
Epoch 95: val_auc did not improve from 0.95299
50/50 ???????????????????? 3s 55ms/step - acc: 0.9944 - auc: 0.9991 - loss: 0.0200 - val_acc: 0.9003 - val_auc: 0.9446 - val_loss: 0.4691
Epoch 96/300
49/50 ???????????????????? 0s 54ms/step - acc: 0.9972 - auc: 0.9998 - loss: 0.0097
Epoch 96: val_auc did not improve from 0.95299
50/50 ???????????????????? 3s 56ms/step - acc: 0.9972 - auc: 0.9998 - loss: 0.0097 - val_acc: 0.8927 - val_auc: 0.9449 - val_loss: 0.4649
Epoch 97/300
49/50 ???????????????????? 0s 51ms/step - acc: 0.9910 - auc: 0.9981 - loss: 0.0315
Epoch 97: val_auc did not improve from 0.95299
50/50 ???????????????????? 3s 53ms/step - acc: 0.9910 - auc: 0.9981 - loss: 0.0316 - val_acc: 0.8965 - val_auc: 0.9443 - val_loss: 0.4691
Epoch 98/300
50/50 ???????????????????? 0s 53ms/step - acc: 0.9924 - auc: 0.9998 - loss: 0.0190
Epoch 98: val_auc did not improve from 0.95299
50/50 ???????????????????? 3s 57ms/step - acc: 0.9925 - auc: 0.9998 - loss: 0.0189 - val_acc: 0.8984 - val_auc: 0.9498 - val_loss: 0.4548
Epoch 99/300
49/50 ???????????????????? 0s 50ms/step - acc: 0.9958 - auc: 0.9999 - loss: 0.0127
Epoch 99: val_auc did not improve from 0.95299
50/50 ???????????????????? 3s 53ms/step - acc: 0.9958 - auc: 0.9998 - loss: 0.0127 - val_acc: 0.8984 - val_auc: 0.9484 - val_loss: 0.4837
Epoch 100/300
49/50 ???????????????????? 0s 50ms/step - acc: 0.9973 - auc: 0.9999 - loss: 0.0104
Epoch 100: val_auc did not improve from 0.95299
50/50 ???????????????????? 3s 53ms/step - acc: 0.9973 - auc: 0.9999 - loss: 0.0104 - val_acc: 0.9073 - val_auc: 0.9487 - val_loss: 0.4624
Epoch 101/300
49/50 ???????????????????? 0s 51ms/step - acc: 0.9980 - auc: 0.9999 - loss: 0.0072
Epoch 101: val_auc did not improve from 0.95299
50/50 ???????????????????? 3s 54ms/step - acc: 0.9980 - auc: 0.9999 - loss: 0.0073 - val_acc: 0.9022 - val_auc: 0.9460 - val_loss: 0.5196
Epoch 102/300
49/50 ???????????????????? 0s 52ms/step - acc: 0.9963 - auc: 0.9989 - loss: 0.0147
Epoch 102: val_auc did not improve from 0.95299
50/50 ???????????????????? 3s 54ms/step - acc: 0.9963 - auc: 0.9989 - loss: 0.0146 - val_acc: 0.9035 - val_auc: 0.9458 - val_loss: 0.4707
Epoch 103/300
50/50 ???????????????????? 0s 54ms/step - acc: 0.9986 - auc: 0.9997 - loss: 0.0080
Epoch 103: val_auc did not improve from 0.95299
50/50 ???????????????????? 3s 58ms/step - acc: 0.9986 - auc: 0.9997 - loss: 0.0080 - val_acc: 0.9041 - val_auc: 0.9479 - val_loss: 0.4741
Epoch 104/300
50/50 ???????????????????? 0s 51ms/step - acc: 0.9977 - auc: 0.9997 - loss: 0.0091
Epoch 104: val_auc improved from 0.95299 to 0.95407, saving model to saved_models/best_MACSynDCR_ANN_model.keras
50/50 ???????????????????? 3s 64ms/step - acc: 0.9977 - auc: 0.9997 - loss: 0.0090 - val_acc: 0.9130 - val_auc: 0.9541 - val_loss: 0.4395
Epoch 105/300
49/50 ???????????????????? 0s 57ms/step - acc: 0.9976 - auc: 0.9998 - loss: 0.0058
Epoch 105: val_auc did not improve from 0.95407
50/50 ???????????????????? 3s 60ms/step - acc: 0.9976 - auc: 0.9998 - loss: 0.0060 - val_acc: 0.9041 - val_auc: 0.9521 - val_loss: 0.4778
Epoch 106/300
49/50 ???????????????????? 0s 54ms/step - acc: 0.9976 - auc: 0.9997 - loss: 0.0091
Epoch 106: val_auc did not improve from 0.95407
50/50 ???????????????????? 3s 57ms/step - acc: 0.9975 - auc: 0.9997 - loss: 0.0092 - val_acc: 0.9073 - val_auc: 0.9465 - val_loss: 0.5002
Epoch 107/300
49/50 ???????????????????? 0s 60ms/step - acc: 0.9968 - auc: 0.9997 - loss: 0.0089
Epoch 107: val_auc did not improve from 0.95407
50/50 ???????????????????? 3s 63ms/step - acc: 0.9968 - auc: 0.9997 - loss: 0.0089 - val_acc: 0.9079 - val_auc: 0.9469 - val_loss: 0.4900
Epoch 108/300
50/50 ???????????????????? 0s 61ms/step - acc: 0.9979 - auc: 1.0000 - loss: 0.0061
Epoch 108: val_auc did not improve from 0.95407
50/50 ???????????????????? 3s 64ms/step - acc: 0.9979 - auc: 1.0000 - loss: 0.0062 - val_acc: 0.9022 - val_auc: 0.9422 - val_loss: 0.5060
Epoch 109/300
50/50 ???????????????????? 0s 61ms/step - acc: 0.9918 - auc: 0.9987 - loss: 0.0290
Epoch 109: val_auc did not improve from 0.95407
50/50 ???????????????????? 3s 64ms/step - acc: 0.9918 - auc: 0.9987 - loss: 0.0289 - val_acc: 0.8952 - val_auc: 0.9415 - val_loss: 0.5225
Epoch 110/300
49/50 ???????????????????? 0s 61ms/step - acc: 0.9948 - auc: 0.9993 - loss: 0.0167
Epoch 110: val_auc did not improve from 0.95407
50/50 ???????????????????? 3s 64ms/step - acc: 0.9948 - auc: 0.9993 - loss: 0.0168 - val_acc: 0.9003 - val_auc: 0.9390 - val_loss: 0.5404
Epoch 111/300
49/50 ???????????????????? 0s 56ms/step - acc: 0.9861 - auc: 0.9966 - loss: 0.0497
Epoch 111: val_auc did not improve from 0.95407
50/50 ???????????????????? 3s 59ms/step - acc: 0.9861 - auc: 0.9966 - loss: 0.0496 - val_acc: 0.8863 - val_auc: 0.9426 - val_loss: 0.4655
Epoch 112/300
49/50 ???????????????????? 0s 53ms/step - acc: 0.9945 - auc: 0.9996 - loss: 0.0176
Epoch 112: val_auc did not improve from 0.95407
50/50 ???????????????????? 3s 56ms/step - acc: 0.9945 - auc: 0.9996 - loss: 0.0176 - val_acc: 0.9022 - val_auc: 0.9468 - val_loss: 0.4758
Epoch 113/300
50/50 ???????????????????? 0s 56ms/step - acc: 0.9943 - auc: 0.9992 - loss: 0.0189
Epoch 113: val_auc did not improve from 0.95407
50/50 ???????????????????? 3s 59ms/step - acc: 0.9942 - auc: 0.9992 - loss: 0.0190 - val_acc: 0.9010 - val_auc: 0.9450 - val_loss: 0.4645
Epoch 114/300
49/50 ???????????????????? 0s 55ms/step - acc: 0.9968 - auc: 0.9998 - loss: 0.0116
Epoch 114: val_auc did not improve from 0.95407
50/50 ???????????????????? 3s 58ms/step - acc: 0.9968 - auc: 0.9998 - loss: 0.0116 - val_acc: 0.8940 - val_auc: 0.9488 - val_loss: 0.4574
Epoch 115/300
50/50 ???????????????????? 0s 59ms/step - acc: 0.9967 - auc: 0.9995 - loss: 0.0103
Epoch 115: val_auc did not improve from 0.95407
50/50 ???????????????????? 3s 62ms/step - acc: 0.9967 - auc: 0.9995 - loss: 0.0103 - val_acc: 0.9048 - val_auc: 0.9439 - val_loss: 0.4627
Epoch 116/300
49/50 ???????????????????? 0s 62ms/step - acc: 0.9953 - auc: 0.9996 - loss: 0.0146
Epoch 116: val_auc did not improve from 0.95407
50/50 ???????????????????? 3s 65ms/step - acc: 0.9953 - auc: 0.9996 - loss: 0.0146 - val_acc: 0.9079 - val_auc: 0.9508 - val_loss: 0.4330
Epoch 117/300
50/50 ???????????????????? 0s 52ms/step - acc: 0.9968 - auc: 0.9999 - loss: 0.0094
Epoch 117: val_auc did not improve from 0.95407
50/50 ???????????????????? 3s 55ms/step - acc: 0.9968 - auc: 0.9999 - loss: 0.0095 - val_acc: 0.9054 - val_auc: 0.9496 - val_loss: 0.4480
Epoch 118/300
49/50 ???????????????????? 0s 51ms/step - acc: 0.9953 - auc: 0.9994 - loss: 0.0190
Epoch 118: val_auc did not improve from 0.95407
50/50 ???????????????????? 3s 53ms/step - acc: 0.9952 - auc: 0.9994 - loss: 0.0191 - val_acc: 0.9010 - val_auc: 0.9461 - val_loss: 0.4768
Epoch 119/300
50/50 ???????????????????? 0s 50ms/step - acc: 0.9899 - auc: 0.9977 - loss: 0.0364
Epoch 119: val_auc did not improve from 0.95407
50/50 ???????????????????? 3s 53ms/step - acc: 0.9899 - auc: 0.9977 - loss: 0.0363 - val_acc: 0.8902 - val_auc: 0.9408 - val_loss: 0.4849
Epoch 120/300
50/50 ???????????????????? 0s 52ms/step - acc: 0.9947 - auc: 0.9998 - loss: 0.0153
Epoch 120: val_auc did not improve from 0.95407
50/50 ???????????????????? 3s 55ms/step - acc: 0.9947 - auc: 0.9998 - loss: 0.0153 - val_acc: 0.8984 - val_auc: 0.9461 - val_loss: 0.4804
Epoch 121/300
49/50 ???????????????????? 0s 54ms/step - acc: 0.9943 - auc: 0.9995 - loss: 0.0165
Epoch 121: val_auc did not improve from 0.95407
50/50 ???????????????????? 3s 57ms/step - acc: 0.9942 - auc: 0.9995 - loss: 0.0167 - val_acc: 0.8971 - val_auc: 0.9440 - val_loss: 0.5064
Epoch 122/300
49/50 ???????????????????? 0s 51ms/step - acc: 0.9959 - auc: 0.9999 - loss: 0.0114
Epoch 122: val_auc did not improve from 0.95407
50/50 ???????????????????? 3s 54ms/step - acc: 0.9960 - auc: 0.9998 - loss: 0.0115 - val_acc: 0.8895 - val_auc: 0.9425 - val_loss: 0.4961
Epoch 123/300
49/50 ???????????????????? 0s 52ms/step - acc: 0.9990 - auc: 1.0000 - loss: 0.0046
Epoch 123: val_auc did not improve from 0.95407
50/50 ???????????????????? 3s 54ms/step - acc: 0.9989 - auc: 1.0000 - loss: 0.0047 - val_acc: 0.8965 - val_auc: 0.9493 - val_loss: 0.4555
Epoch 124/300
49/50 ???????????????????? 0s 51ms/step - acc: 0.9976 - auc: 0.9998 - loss: 0.0094
Epoch 124: val_auc did not improve from 0.95407
50/50 ???????????????????? 3s 53ms/step - acc: 0.9976 - auc: 0.9998 - loss: 0.0094 - val_acc: 0.8952 - val_auc: 0.9443 - val_loss: 0.5170
Epoch 125/300
49/50 ???????????????????? 0s 51ms/step - acc: 0.9990 - auc: 1.0000 - loss: 0.0043
Epoch 125: val_auc did not improve from 0.95407
50/50 ???????????????????? 3s 54ms/step - acc: 0.9990 - auc: 1.0000 - loss: 0.0043 - val_acc: 0.8984 - val_auc: 0.9387 - val_loss: 0.5125
Epoch 126/300
50/50 ???????????????????? 0s 51ms/step - acc: 0.9991 - auc: 1.0000 - loss: 0.0035
Epoch 126: val_auc did not improve from 0.95407
50/50 ???????????????????? 3s 54ms/step - acc: 0.9991 - auc: 1.0000 - loss: 0.0035 - val_acc: 0.8971 - val_auc: 0.9460 - val_loss: 0.5210
Epoch 127/300
49/50 ???????????????????? 0s 50ms/step - acc: 0.9995 - auc: 1.0000 - loss: 0.0032
Epoch 127: val_auc did not improve from 0.95407
50/50 ???????????????????? 3s 52ms/step - acc: 0.9995 - auc: 1.0000 - loss: 0.0032 - val_acc: 0.8940 - val_auc: 0.9422 - val_loss: 0.5172
Epoch 128/300
50/50 ???????????????????? 0s 51ms/step - acc: 0.9960 - auc: 0.9994 - loss: 0.0130
Epoch 128: val_auc did not improve from 0.95407
50/50 ???????????????????? 3s 55ms/step - acc: 0.9960 - auc: 0.9995 - loss: 0.0130 - val_acc: 0.8863 - val_auc: 0.9359 - val_loss: 0.5625
Epoch 129/300
49/50 ???????????????????? 0s 52ms/step - acc: 0.9923 - auc: 0.9977 - loss: 0.0369
Epoch 129: val_auc did not improve from 0.95407
50/50 ???????????????????? 3s 55ms/step - acc: 0.9923 - auc: 0.9977 - loss: 0.0365 - val_acc: 0.8952 - val_auc: 0.9412 - val_loss: 0.5195
Epoch 130/300
49/50 ???????????????????? 0s 53ms/step - acc: 0.9928 - auc: 0.9992 - loss: 0.0223
Epoch 130: val_auc did not improve from 0.95407
50/50 ???????????????????? 3s 55ms/step - acc: 0.9928 - auc: 0.9992 - loss: 0.0223 - val_acc: 0.8984 - val_auc: 0.9428 - val_loss: 0.5268
Epoch 131/300
49/50 ???????????????????? 0s 51ms/step - acc: 0.9955 - auc: 0.9994 - loss: 0.0159
Epoch 131: val_auc did not improve from 0.95407
50/50 ???????????????????? 3s 54ms/step - acc: 0.9955 - auc: 0.9994 - loss: 0.0159 - val_acc: 0.8933 - val_auc: 0.9482 - val_loss: 0.4646
Epoch 132/300
49/50 ???????????????????? 0s 54ms/step - acc: 0.9967 - auc: 0.9998 - loss: 0.0107
Epoch 132: val_auc did not improve from 0.95407
50/50 ???????????????????? 3s 57ms/step - acc: 0.9967 - auc: 0.9998 - loss: 0.0108 - val_acc: 0.8946 - val_auc: 0.9389 - val_loss: 0.5550
Epoch 133/300
49/50 ???????????????????? 0s 51ms/step - acc: 0.9919 - auc: 0.9980 - loss: 0.0322
Epoch 133: val_auc did not improve from 0.95407
50/50 ???????????????????? 3s 54ms/step - acc: 0.9918 - auc: 0.9980 - loss: 0.0322 - val_acc: 0.9003 - val_auc: 0.9417 - val_loss: 0.4887
Epoch 134/300
49/50 ???????????????????? 0s 53ms/step - acc: 0.9887 - auc: 0.9977 - loss: 0.0424
Epoch 134: val_auc did not improve from 0.95407
50/50 ???????????????????? 3s 55ms/step - acc: 0.9887 - auc: 0.9977 - loss: 0.0422 - val_acc: 0.8990 - val_auc: 0.9438 - val_loss: 0.4586
Epoch 135/300
49/50 ???????????????????? 0s 52ms/step - acc: 0.9964 - auc: 0.9993 - loss: 0.0159
Epoch 135: val_auc did not improve from 0.95407
50/50 ???????????????????? 3s 54ms/step - acc: 0.9964 - auc: 0.9993 - loss: 0.0158 - val_acc: 0.9073 - val_auc: 0.9479 - val_loss: 0.4693
Epoch 136/300
49/50 ???????????????????? 0s 51ms/step - acc: 0.9965 - auc: 0.9996 - loss: 0.0122
Epoch 136: val_auc did not improve from 0.95407
50/50 ???????????????????? 3s 54ms/step - acc: 0.9966 - auc: 0.9996 - loss: 0.0122 - val_acc: 0.9079 - val_auc: 0.9504 - val_loss: 0.4530
Epoch 137/300
49/50 ???????????????????? 0s 52ms/step - acc: 0.9982 - auc: 0.9995 - loss: 0.0082
Epoch 137: val_auc did not improve from 0.95407
50/50 ???????????????????? 3s 55ms/step - acc: 0.9982 - auc: 0.9995 - loss: 0.0082 - val_acc: 0.9035 - val_auc: 0.9495 - val_loss: 0.4744
Epoch 138/300
49/50 ???????????????????? 0s 53ms/step - acc: 0.9971 - auc: 0.9995 - loss: 0.0118
Epoch 138: val_auc did not improve from 0.95407
50/50 ???????????????????? 3s 56ms/step - acc: 0.9971 - auc: 0.9995 - loss: 0.0118 - val_acc: 0.9092 - val_auc: 0.9483 - val_loss: 0.4715
Epoch 139/300
49/50 ???????????????????? 0s 55ms/step - acc: 0.9970 - auc: 1.0000 - loss: 0.0078
Epoch 139: val_auc did not improve from 0.95407
50/50 ???????????????????? 3s 57ms/step - acc: 0.9970 - auc: 1.0000 - loss: 0.0078 - val_acc: 0.8990 - val_auc: 0.9489 - val_loss: 0.4599
Epoch 140/300
49/50 ???????????????????? 0s 51ms/step - acc: 0.9938 - auc: 0.9988 - loss: 0.0247
Epoch 140: val_auc did not improve from 0.95407
50/50 ???????????????????? 3s 54ms/step - acc: 0.9938 - auc: 0.9988 - loss: 0.0245 - val_acc: 0.8933 - val_auc: 0.9443 - val_loss: 0.4565
Epoch 141/300
49/50 ???????????????????? 0s 51ms/step - acc: 0.9970 - auc: 1.0000 - loss: 0.0071
Epoch 141: val_auc did not improve from 0.95407
50/50 ???????????????????? 3s 53ms/step - acc: 0.9969 - auc: 1.0000 - loss: 0.0071 - val_acc: 0.9073 - val_auc: 0.9480 - val_loss: 0.4503
Epoch 142/300
49/50 ???????????????????? 0s 52ms/step - acc: 0.9987 - auc: 1.0000 - loss: 0.0063
Epoch 142: val_auc did not improve from 0.95407
50/50 ???????????????????? 3s 54ms/step - acc: 0.9987 - auc: 1.0000 - loss: 0.0062 - val_acc: 0.9041 - val_auc: 0.9481 - val_loss: 0.4823
Epoch 143/300
49/50 ???????????????????? 0s 51ms/step - acc: 0.9977 - auc: 0.9998 - loss: 0.0086
Epoch 143: val_auc did not improve from 0.95407
50/50 ???????????????????? 3s 53ms/step - acc: 0.9977 - auc: 0.9998 - loss: 0.0086 - val_acc: 0.8971 - val_auc: 0.9447 - val_loss: 0.5240
Epoch 144/300
49/50 ???????????????????? 0s 52ms/step - acc: 0.9962 - auc: 0.9994 - loss: 0.0123
Epoch 144: val_auc did not improve from 0.95407
50/50 ???????????????????? 3s 54ms/step - acc: 0.9962 - auc: 0.9994 - loss: 0.0123 - val_acc: 0.9016 - val_auc: 0.9460 - val_loss: 0.4914
Epoch 145/300
49/50 ???????????????????? 0s 52ms/step - acc: 0.9976 - auc: 0.9999 - loss: 0.0070
Epoch 145: val_auc did not improve from 0.95407
50/50 ???????????????????? 3s 54ms/step - acc: 0.9976 - auc: 0.9999 - loss: 0.0070 - val_acc: 0.9124 - val_auc: 0.9484 - val_loss: 0.4864
Epoch 146/300
49/50 ???????????????????? 0s 50ms/step - acc: 0.9941 - auc: 0.9987 - loss: 0.0223
Epoch 146: val_auc did not improve from 0.95407
50/50 ???????????????????? 3s 53ms/step - acc: 0.9940 - auc: 0.9987 - loss: 0.0225 - val_acc: 0.8908 - val_auc: 0.9364 - val_loss: 0.5860
Epoch 147/300
49/50 ???????????????????? 0s 51ms/step - acc: 0.9887 - auc: 0.9987 - loss: 0.0328
Epoch 147: val_auc did not improve from 0.95407
50/50 ???????????????????? 5s 53ms/step - acc: 0.9887 - auc: 0.9987 - loss: 0.0328 - val_acc: 0.8965 - val_auc: 0.9469 - val_loss: 0.4763
Epoch 148/300
49/50 ???????????????????? 0s 51ms/step - acc: 0.9932 - auc: 0.9996 - loss: 0.0193
Epoch 148: val_auc did not improve from 0.95407
50/50 ???????????????????? 3s 54ms/step - acc: 0.9932 - auc: 0.9996 - loss: 0.0192 - val_acc: 0.9022 - val_auc: 0.9508 - val_loss: 0.4488
Epoch 149/300
49/50 ???????????????????? 0s 50ms/step - acc: 0.9960 - auc: 0.9997 - loss: 0.0136
Epoch 149: val_auc did not improve from 0.95407
50/50 ???????????????????? 3s 52ms/step - acc: 0.9960 - auc: 0.9997 - loss: 0.0136 - val_acc: 0.9010 - val_auc: 0.9446 - val_loss: 0.4852
Epoch 150/300
49/50 ???????????????????? 0s 52ms/step - acc: 0.9981 - auc: 0.9999 - loss: 0.0070
Epoch 150: val_auc did not improve from 0.95407
50/50 ???????????????????? 3s 54ms/step - acc: 0.9981 - auc: 0.9999 - loss: 0.0070 - val_acc: 0.9003 - val_auc: 0.9512 - val_loss: 0.4531
Epoch 151/300
49/50 ???????????????????? 0s 51ms/step - acc: 0.9973 - auc: 0.9998 - loss: 0.0090
Epoch 151: val_auc did not improve from 0.95407
50/50 ???????????????????? 3s 53ms/step - acc: 0.9973 - auc: 0.9998 - loss: 0.0091 - val_acc: 0.8971 - val_auc: 0.9428 - val_loss: 0.5167
Epoch 152/300
49/50 ???????????????????? 0s 50ms/step - acc: 0.9908 - auc: 0.9987 - loss: 0.0294
Epoch 152: val_auc did not improve from 0.95407
50/50 ???????????????????? 3s 53ms/step - acc: 0.9908 - auc: 0.9987 - loss: 0.0294 - val_acc: 0.8971 - val_auc: 0.9377 - val_loss: 0.5596
Epoch 153/300
50/50 ???????????????????? 0s 52ms/step - acc: 0.9855 - auc: 0.9984 - loss: 0.0444
Epoch 153: val_auc did not improve from 0.95407
50/50 ???????????????????? 3s 55ms/step - acc: 0.9855 - auc: 0.9984 - loss: 0.0443 - val_acc: 0.8959 - val_auc: 0.9452 - val_loss: 0.4345
Epoch 154/300
49/50 ???????????????????? 0s 52ms/step - acc: 0.9949 - auc: 0.9995 - loss: 0.0185
Epoch 154: val_auc did not improve from 0.95407
50/50 ???????????????????? 3s 55ms/step - acc: 0.9948 - auc: 0.9994 - loss: 0.0186 - val_acc: 0.8952 - val_auc: 0.9466 - val_loss: 0.4615
Epoch 155/300
49/50 ???????????????????? 0s 54ms/step - acc: 0.9911 - auc: 0.9986 - loss: 0.0288
Epoch 155: val_auc did not improve from 0.95407
50/50 ???????????????????? 3s 57ms/step - acc: 0.9912 - auc: 0.9986 - loss: 0.0286 - val_acc: 0.9022 - val_auc: 0.9462 - val_loss: 0.4548
Epoch 156/300
49/50 ???????????????????? 0s 51ms/step - acc: 0.9960 - auc: 0.9994 - loss: 0.0131
Epoch 156: val_auc did not improve from 0.95407
50/50 ???????????????????? 3s 54ms/step - acc: 0.9960 - auc: 0.9994 - loss: 0.0131 - val_acc: 0.8952 - val_auc: 0.9451 - val_loss: 0.4604
Epoch 157/300
49/50 ???????????????????? 0s 54ms/step - acc: 0.9987 - auc: 1.0000 - loss: 0.0074
Epoch 157: val_auc did not improve from 0.95407
50/50 ???????????????????? 3s 56ms/step - acc: 0.9987 - auc: 1.0000 - loss: 0.0074 - val_acc: 0.9022 - val_auc: 0.9496 - val_loss: 0.4284
Epoch 158/300
49/50 ???????????????????? 0s 53ms/step - acc: 0.9986 - auc: 0.9999 - loss: 0.0060
Epoch 158: val_auc did not improve from 0.95407
50/50 ???????????????????? 3s 56ms/step - acc: 0.9985 - auc: 0.9999 - loss: 0.0061 - val_acc: 0.9041 - val_auc: 0.9498 - val_loss: 0.4486
Epoch 159/300
49/50 ???????????????????? 0s 53ms/step - acc: 0.9965 - auc: 0.9999 - loss: 0.0095
Epoch 159: val_auc did not improve from 0.95407
50/50 ???????????????????? 3s 56ms/step - acc: 0.9965 - auc: 0.9999 - loss: 0.0096 - val_acc: 0.9073 - val_auc: 0.9495 - val_loss: 0.4516
Epoch 160/300
49/50 ???????????????????? 0s 51ms/step - acc: 0.9963 - auc: 0.9996 - loss: 0.0133
Epoch 160: val_auc did not improve from 0.95407
50/50 ???????????????????? 3s 53ms/step - acc: 0.9962 - auc: 0.9996 - loss: 0.0134 - val_acc: 0.8946 - val_auc: 0.9393 - val_loss: 0.5235
Epoch 161/300
49/50 ???????????????????? 0s 52ms/step - acc: 0.9979 - auc: 1.0000 - loss: 0.0066
Epoch 161: val_auc did not improve from 0.95407
50/50 ???????????????????? 3s 54ms/step - acc: 0.9979 - auc: 1.0000 - loss: 0.0066 - val_acc: 0.9048 - val_auc: 0.9429 - val_loss: 0.5005
Epoch 162/300
49/50 ???????????????????? 0s 52ms/step - acc: 0.9995 - auc: 0.9998 - loss: 0.0043
Epoch 162: val_auc did not improve from 0.95407
50/50 ???????????????????? 3s 55ms/step - acc: 0.9995 - auc: 0.9998 - loss: 0.0043 - val_acc: 0.9067 - val_auc: 0.9430 - val_loss: 0.5038
Epoch 163/300
50/50 ???????????????????? 0s 51ms/step - acc: 0.9997 - auc: 1.0000 - loss: 0.0014
Epoch 163: val_auc did not improve from 0.95407
50/50 ???????????????????? 3s 54ms/step - acc: 0.9997 - auc: 1.0000 - loss: 0.0014 - val_acc: 0.9111 - val_auc: 0.9452 - val_loss: 0.4977
Epoch 164/300
49/50 ???????????????????? 0s 51ms/step - acc: 0.9972 - auc: 0.9996 - loss: 0.0073
Epoch 164: val_auc did not improve from 0.95407
50/50 ???????????????????? 3s 53ms/step - acc: 0.9972 - auc: 0.9996 - loss: 0.0073 - val_acc: 0.9029 - val_auc: 0.9448 - val_loss: 0.5007
Epoch 165/300
50/50 ???????????????????? 0s 52ms/step - acc: 0.9993 - auc: 0.9999 - loss: 0.0049
Epoch 165: val_auc did not improve from 0.95407
50/50 ???????????????????? 3s 55ms/step - acc: 0.9993 - auc: 0.9999 - loss: 0.0049 - val_acc: 0.9092 - val_auc: 0.9414 - val_loss: 0.5533
Epoch 166/300
49/50 ???????????????????? 0s 53ms/step - acc: 0.9947 - auc: 0.9988 - loss: 0.0222
Epoch 166: val_auc did not improve from 0.95407
50/50 ???????????????????? 3s 55ms/step - acc: 0.9946 - auc: 0.9988 - loss: 0.0223 - val_acc: 0.9035 - val_auc: 0.9408 - val_loss: 0.5436
Epoch 167/300
49/50 ???????????????????? 0s 50ms/step - acc: 0.9953 - auc: 0.9999 - loss: 0.0143
Epoch 167: val_auc did not improve from 0.95407
50/50 ???????????????????? 3s 53ms/step - acc: 0.9953 - auc: 0.9999 - loss: 0.0142 - val_acc: 0.8984 - val_auc: 0.9470 - val_loss: 0.5073
Epoch 168/300
49/50 ???????????????????? 0s 52ms/step - acc: 0.9963 - auc: 0.9989 - loss: 0.0195
Epoch 168: val_auc did not improve from 0.95407
50/50 ???????????????????? 3s 55ms/step - acc: 0.9963 - auc: 0.9989 - loss: 0.0195 - val_acc: 0.9016 - val_auc: 0.9490 - val_loss: 0.4862
Epoch 169/300
49/50 ???????????????????? 0s 51ms/step - acc: 0.9932 - auc: 0.9992 - loss: 0.0219
Epoch 169: val_auc did not improve from 0.95407
50/50 ???????????????????? 3s 53ms/step - acc: 0.9932 - auc: 0.9992 - loss: 0.0219 - val_acc: 0.9086 - val_auc: 0.9495 - val_loss: 0.4781
Epoch 170/300
49/50 ???????????????????? 0s 54ms/step - acc: 0.9949 - auc: 0.9993 - loss: 0.0192
Epoch 170: val_auc did not improve from 0.95407
50/50 ???????????????????? 3s 57ms/step - acc: 0.9950 - auc: 0.9993 - loss: 0.0191 - val_acc: 0.9073 - val_auc: 0.9531 - val_loss: 0.4353
Epoch 171/300
49/50 ???????????????????? 0s 53ms/step - acc: 0.9972 - auc: 1.0000 - loss: 0.0073
Epoch 171: val_auc did not improve from 0.95407
50/50 ???????????????????? 3s 55ms/step - acc: 0.9972 - auc: 1.0000 - loss: 0.0072 - val_acc: 0.9092 - val_auc: 0.9526 - val_loss: 0.4570
Epoch 172/300
49/50 ???????????????????? 0s 52ms/step - acc: 0.9990 - auc: 1.0000 - loss: 0.0037
Epoch 172: val_auc did not improve from 0.95407
50/50 ???????????????????? 3s 54ms/step - acc: 0.9990 - auc: 1.0000 - loss: 0.0037 - val_acc: 0.9092 - val_auc: 0.9494 - val_loss: 0.4824
Epoch 173/300
50/50 ???????????????????? 0s 52ms/step - acc: 0.9988 - auc: 0.9999 - loss: 0.0034
Epoch 173: val_auc did not improve from 0.95407
50/50 ???????????????????? 3s 54ms/step - acc: 0.9988 - auc: 0.9999 - loss: 0.0034 - val_acc: 0.9022 - val_auc: 0.9433 - val_loss: 0.5091
Epoch 174/300
50/50 ???????????????????? 0s 50ms/step - acc: 0.9929 - auc: 0.9991 - loss: 0.0243
Epoch 174: val_auc did not improve from 0.95407
50/50 ???????????????????? 3s 53ms/step - acc: 0.9929 - auc: 0.9991 - loss: 0.0244 - val_acc: 0.9003 - val_auc: 0.9444 - val_loss: 0.4851
Epoch 175/300
49/50 ???????????????????? 0s 51ms/step - acc: 0.9935 - auc: 0.9999 - loss: 0.0168
Epoch 175: val_auc did not improve from 0.95407
50/50 ???????????????????? 3s 54ms/step - acc: 0.9936 - auc: 0.9999 - loss: 0.0167 - val_acc: 0.8959 - val_auc: 0.9452 - val_loss: 0.4848
Epoch 176/300
49/50 ???????????????????? 0s 52ms/step - acc: 0.9982 - auc: 1.0000 - loss: 0.0064
Epoch 176: val_auc did not improve from 0.95407
50/50 ???????????????????? 3s 55ms/step - acc: 0.9982 - auc: 1.0000 - loss: 0.0065 - val_acc: 0.9073 - val_auc: 0.9522 - val_loss: 0.4603
Epoch 177/300
49/50 ???????????????????? 0s 52ms/step - acc: 0.9974 - auc: 0.9992 - loss: 0.0107
Epoch 177: val_auc did not improve from 0.95407
50/50 ???????????????????? 3s 55ms/step - acc: 0.9973 - auc: 0.9992 - loss: 0.0108 - val_acc: 0.8952 - val_auc: 0.9421 - val_loss: 0.5128
Epoch 178/300
49/50 ???????????????????? 0s 53ms/step - acc: 0.9941 - auc: 0.9991 - loss: 0.0177
Epoch 178: val_auc did not improve from 0.95407
50/50 ???????????????????? 3s 55ms/step - acc: 0.9941 - auc: 0.9991 - loss: 0.0176 - val_acc: 0.9073 - val_auc: 0.9498 - val_loss: 0.4469
Epoch 179/300
49/50 ???????????????????? 0s 54ms/step - acc: 0.9975 - auc: 0.9994 - loss: 0.0101
Epoch 179: val_auc did not improve from 0.95407
50/50 ???????????????????? 3s 56ms/step - acc: 0.9974 - auc: 0.9994 - loss: 0.0102 - val_acc: 0.9016 - val_auc: 0.9469 - val_loss: 0.4835
Epoch 180/300
49/50 ???????????????????? 0s 56ms/step - acc: 0.9885 - auc: 0.9978 - loss: 0.0405
Epoch 180: val_auc did not improve from 0.95407
50/50 ???????????????????? 3s 59ms/step - acc: 0.9886 - auc: 0.9978 - loss: 0.0403 - val_acc: 0.8971 - val_auc: 0.9469 - val_loss: 0.4763
Epoch 181/300
49/50 ???????????????????? 0s 57ms/step - acc: 0.9948 - auc: 0.9991 - loss: 0.0223
Epoch 181: val_auc did not improve from 0.95407
50/50 ???????????????????? 3s 60ms/step - acc: 0.9947 - auc: 0.9991 - loss: 0.0225 - val_acc: 0.8940 - val_auc: 0.9445 - val_loss: 0.4918
Epoch 182/300
49/50 ???????????????????? 0s 55ms/step - acc: 0.9961 - auc: 0.9997 - loss: 0.0120
Epoch 182: val_auc did not improve from 0.95407
50/50 ???????????????????? 3s 57ms/step - acc: 0.9961 - auc: 0.9997 - loss: 0.0119 - val_acc: 0.9029 - val_auc: 0.9504 - val_loss: 0.4490
Epoch 183/300
50/50 ???????????????????? 0s 52ms/step - acc: 0.9966 - auc: 0.9996 - loss: 0.0117
Epoch 183: val_auc did not improve from 0.95407
50/50 ???????????????????? 3s 54ms/step - acc: 0.9966 - auc: 0.9996 - loss: 0.0116 - val_acc: 0.9098 - val_auc: 0.9431 - val_loss: 0.4710
Epoch 184/300
50/50 ???????????????????? 0s 52ms/step - acc: 0.9978 - auc: 0.9998 - loss: 0.0068
Epoch 184: val_auc did not improve from 0.95407
50/50 ???????????????????? 3s 55ms/step - acc: 0.9978 - auc: 0.9998 - loss: 0.0069 - val_acc: 0.9010 - val_auc: 0.9491 - val_loss: 0.4629
Epoch 185/300
50/50 ???????????????????? 0s 51ms/step - acc: 0.9971 - auc: 1.0000 - loss: 0.0061
Epoch 185: val_auc did not improve from 0.95407
50/50 ???????????????????? 3s 54ms/step - acc: 0.9971 - auc: 1.0000 - loss: 0.0061 - val_acc: 0.9054 - val_auc: 0.9470 - val_loss: 0.4796
Epoch 186/300
49/50 ???????????????????? 0s 52ms/step - acc: 0.9997 - auc: 1.0000 - loss: 0.0021
Epoch 186: val_auc did not improve from 0.95407
50/50 ???????????????????? 3s 54ms/step - acc: 0.9997 - auc: 1.0000 - loss: 0.0021 - val_acc: 0.9060 - val_auc: 0.9439 - val_loss: 0.5026
Epoch 187/300
49/50 ???????????????????? 0s 52ms/step - acc: 1.0000 - auc: 1.0000 - loss: 0.0018
Epoch 187: val_auc did not improve from 0.95407
50/50 ???????????????????? 3s 55ms/step - acc: 1.0000 - auc: 1.0000 - loss: 0.0018 - val_acc: 0.9016 - val_auc: 0.9444 - val_loss: 0.5120
Epoch 188/300
49/50 ???????????????????? 0s 52ms/step - acc: 0.9994 - auc: 1.0000 - loss: 0.0020
Epoch 188: val_auc did not improve from 0.95407
50/50 ???????????????????? 3s 55ms/step - acc: 0.9994 - auc: 1.0000 - loss: 0.0020 - val_acc: 0.9041 - val_auc: 0.9441 - val_loss: 0.5279
Epoch 189/300
49/50 ???????????????????? 0s 53ms/step - acc: 0.9969 - auc: 0.9988 - loss: 0.0201
Epoch 189: val_auc did not improve from 0.95407
50/50 ???????????????????? 3s 55ms/step - acc: 0.9969 - auc: 0.9988 - loss: 0.0200 - val_acc: 0.9073 - val_auc: 0.9357 - val_loss: 0.5364
Epoch 190/300
49/50 ???????????????????? 0s 60ms/step - acc: 0.9987 - auc: 1.0000 - loss: 0.0047
Epoch 190: val_auc did not improve from 0.95407
50/50 ???????????????????? 3s 62ms/step - acc: 0.9987 - auc: 1.0000 - loss: 0.0047 - val_acc: 0.9048 - val_auc: 0.9463 - val_loss: 0.5033
Epoch 191/300
49/50 ???????????????????? 0s 53ms/step - acc: 0.9983 - auc: 0.9999 - loss: 0.0068
Epoch 191: val_auc did not improve from 0.95407
50/50 ???????????????????? 3s 56ms/step - acc: 0.9983 - auc: 0.9999 - loss: 0.0068 - val_acc: 0.9117 - val_auc: 0.9497 - val_loss: 0.4716
Epoch 192/300
49/50 ???????????????????? 0s 53ms/step - acc: 0.9984 - auc: 1.0000 - loss: 0.0031
Epoch 192: val_auc did not improve from 0.95407
50/50 ???????????????????? 3s 56ms/step - acc: 0.9984 - auc: 1.0000 - loss: 0.0031 - val_acc: 0.9111 - val_auc: 0.9491 - val_loss: 0.4709
Epoch 193/300
49/50 ???????????????????? 0s 55ms/step - acc: 0.9977 - auc: 0.9999 - loss: 0.0078
Epoch 193: val_auc did not improve from 0.95407
50/50 ???????????????????? 3s 58ms/step - acc: 0.9977 - auc: 0.9999 - loss: 0.0079 - val_acc: 0.9054 - val_auc: 0.9440 - val_loss: 0.4997
Epoch 194/300
50/50 ???????????????????? 0s 52ms/step - acc: 0.9969 - auc: 0.9999 - loss: 0.0094
Epoch 194: val_auc did not improve from 0.95407
50/50 ???????????????????? 3s 55ms/step - acc: 0.9969 - auc: 0.9999 - loss: 0.0094 - val_acc: 0.8971 - val_auc: 0.9405 - val_loss: 0.5213
Epoch 195/300
49/50 ???????????????????? 0s 53ms/step - acc: 0.9954 - auc: 0.9992 - loss: 0.0171
Epoch 195: val_auc did not improve from 0.95407
50/50 ???????????????????? 3s 55ms/step - acc: 0.9954 - auc: 0.9992 - loss: 0.0171 - val_acc: 0.8984 - val_auc: 0.9417 - val_loss: 0.5036
Epoch 196/300
49/50 ???????????????????? 0s 58ms/step - acc: 0.9937 - auc: 0.9997 - loss: 0.0192
Epoch 196: val_auc did not improve from 0.95407
50/50 ???????????????????? 3s 60ms/step - acc: 0.9937 - auc: 0.9997 - loss: 0.0192 - val_acc: 0.8895 - val_auc: 0.9448 - val_loss: 0.4713
Epoch 197/300
49/50 ???????????????????? 0s 53ms/step - acc: 0.9980 - auc: 0.9999 - loss: 0.0087
Epoch 197: val_auc did not improve from 0.95407
50/50 ???????????????????? 3s 56ms/step - acc: 0.9980 - auc: 0.9999 - loss: 0.0087 - val_acc: 0.8997 - val_auc: 0.9419 - val_loss: 0.5193
Epoch 198/300
49/50 ???????????????????? 0s 54ms/step - acc: 0.9976 - auc: 1.0000 - loss: 0.0069
Epoch 198: val_auc did not improve from 0.95407
50/50 ???????????????????? 3s 56ms/step - acc: 0.9976 - auc: 1.0000 - loss: 0.0069 - val_acc: 0.9035 - val_auc: 0.9481 - val_loss: 0.4904
Epoch 199/300
49/50 ???????????????????? 0s 55ms/step - acc: 0.9973 - auc: 0.9990 - loss: 0.0123
Epoch 199: val_auc did not improve from 0.95407
50/50 ???????????????????? 3s 57ms/step - acc: 0.9973 - auc: 0.9990 - loss: 0.0123 - val_acc: 0.8978 - val_auc: 0.9357 - val_loss: 0.5408
Epoch 200/300
49/50 ???????????????????? 0s 54ms/step - acc: 0.9980 - auc: 0.9999 - loss: 0.0068
Epoch 200: val_auc did not improve from 0.95407
50/50 ???????????????????? 3s 57ms/step - acc: 0.9979 - auc: 0.9999 - loss: 0.0068 - val_acc: 0.9016 - val_auc: 0.9458 - val_loss: 0.4702
Epoch 201/300
49/50 ???????????????????? 0s 57ms/step - acc: 0.9982 - auc: 0.9999 - loss: 0.0054
Epoch 201: val_auc did not improve from 0.95407
50/50 ???????????????????? 3s 60ms/step - acc: 0.9982 - auc: 0.9999 - loss: 0.0054 - val_acc: 0.9067 - val_auc: 0.9422 - val_loss: 0.5148
Epoch 202/300
49/50 ???????????????????? 0s 56ms/step - acc: 0.9995 - auc: 1.0000 - loss: 0.0019
Epoch 202: val_auc did not improve from 0.95407
50/50 ???????????????????? 3s 59ms/step - acc: 0.9995 - auc: 1.0000 - loss: 0.0019 - val_acc: 0.9054 - val_auc: 0.9473 - val_loss: 0.4855
Epoch 203/300
50/50 ???????????????????? 0s 57ms/step - acc: 1.0000 - auc: 1.0000 - loss: 9.8863e-04
Epoch 203: val_auc did not improve from 0.95407
50/50 ???????????????????? 3s 61ms/step - acc: 1.0000 - auc: 1.0000 - loss: 9.9516e-04 - val_acc: 0.9060 - val_auc: 0.9485 - val_loss: 0.4788
Epoch 204/300
49/50 ???????????????????? 0s 60ms/step - acc: 0.9996 - auc: 1.0000 - loss: 0.0016
Epoch 204: val_auc did not improve from 0.95407
50/50 ???????????????????? 3s 63ms/step - acc: 0.9996 - auc: 1.0000 - loss: 0.0016 - val_acc: 0.9086 - val_auc: 0.9503 - val_loss: 0.4941
Epoch 205/300
49/50 ???????????????????? 0s 58ms/step - acc: 0.9992 - auc: 0.9999 - loss: 0.0024
Epoch 205: val_auc did not improve from 0.95407
50/50 ???????????????????? 3s 60ms/step - acc: 0.9992 - auc: 0.9999 - loss: 0.0025 - val_acc: 0.9079 - val_auc: 0.9455 - val_loss: 0.5131
Epoch 206/300
49/50 ???????????????????? 0s 56ms/step - acc: 0.9974 - auc: 1.0000 - loss: 0.0068
Epoch 206: val_auc did not improve from 0.95407
50/50 ???????????????????? 3s 59ms/step - acc: 0.9974 - auc: 1.0000 - loss: 0.0069 - val_acc: 0.9048 - val_auc: 0.9443 - val_loss: 0.5162
Epoch 207/300
50/50 ???????????????????? 0s 53ms/step - acc: 0.9943 - auc: 0.9990 - loss: 0.0198
Epoch 207: val_auc did not improve from 0.95407
50/50 ???????????????????? 5s 56ms/step - acc: 0.9943 - auc: 0.9990 - loss: 0.0198 - val_acc: 0.8965 - val_auc: 0.9332 - val_loss: 0.5707
Epoch 208/300
49/50 ???????????????????? 0s 54ms/step - acc: 0.9956 - auc: 0.9999 - loss: 0.0108
Epoch 208: val_auc did not improve from 0.95407
50/50 ???????????????????? 3s 57ms/step - acc: 0.9956 - auc: 0.9999 - loss: 0.0109 - val_acc: 0.9003 - val_auc: 0.9413 - val_loss: 0.5396
Epoch 209/300
49/50 ???????????????????? 0s 54ms/step - acc: 0.9950 - auc: 0.9993 - loss: 0.0127
Epoch 209: val_auc did not improve from 0.95407
50/50 ???????????????????? 3s 56ms/step - acc: 0.9950 - auc: 0.9993 - loss: 0.0127 - val_acc: 0.9086 - val_auc: 0.9469 - val_loss: 0.4875
Epoch 210/300
49/50 ???????????????????? 0s 53ms/step - acc: 0.9988 - auc: 1.0000 - loss: 0.0047
Epoch 210: val_auc did not improve from 0.95407
50/50 ???????????????????? 3s 55ms/step - acc: 0.9988 - auc: 1.0000 - loss: 0.0047 - val_acc: 0.9092 - val_auc: 0.9483 - val_loss: 0.5041
Epoch 211/300
50/50 ???????????????????? 0s 62ms/step - acc: 0.9993 - auc: 1.0000 - loss: 0.0023
Epoch 211: val_auc did not improve from 0.95407
50/50 ???????????????????? 3s 64ms/step - acc: 0.9993 - auc: 1.0000 - loss: 0.0023 - val_acc: 0.9111 - val_auc: 0.9469 - val_loss: 0.4866
Epoch 212/300
50/50 ???????????????????? 0s 52ms/step - acc: 0.9974 - auc: 1.0000 - loss: 0.0071
Epoch 212: val_auc did not improve from 0.95407
50/50 ???????????????????? 3s 55ms/step - acc: 0.9974 - auc: 1.0000 - loss: 0.0070 - val_acc: 0.9022 - val_auc: 0.9461 - val_loss: 0.5009
Epoch 213/300
49/50 ???????????????????? 0s 55ms/step - acc: 0.9963 - auc: 0.9993 - loss: 0.0139
Epoch 213: val_auc did not improve from 0.95407
50/50 ???????????????????? 3s 58ms/step - acc: 0.9962 - auc: 0.9993 - loss: 0.0140 - val_acc: 0.9003 - val_auc: 0.9421 - val_loss: 0.5096
Epoch 214/300
49/50 ???????????????????? 0s 53ms/step - acc: 0.9922 - auc: 0.9994 - loss: 0.0224
Epoch 214: val_auc did not improve from 0.95407
50/50 ???????????????????? 3s 55ms/step - acc: 0.9922 - auc: 0.9994 - loss: 0.0225 - val_acc: 0.8971 - val_auc: 0.9431 - val_loss: 0.4918
Epoch 215/300
49/50 ???????????????????? 0s 53ms/step - acc: 0.9949 - auc: 0.9988 - loss: 0.0204
Epoch 215: val_auc did not improve from 0.95407
50/50 ???????????????????? 3s 56ms/step - acc: 0.9950 - auc: 0.9988 - loss: 0.0203 - val_acc: 0.8984 - val_auc: 0.9463 - val_loss: 0.4612
Epoch 216/300
49/50 ???????????????????? 0s 53ms/step - acc: 0.9988 - auc: 0.9997 - loss: 0.0073
Epoch 216: val_auc did not improve from 0.95407
50/50 ???????????????????? 3s 56ms/step - acc: 0.9987 - auc: 0.9997 - loss: 0.0073 - val_acc: 0.9054 - val_auc: 0.9506 - val_loss: 0.4416
Epoch 217/300
50/50 ???????????????????? 0s 53ms/step - acc: 0.9979 - auc: 1.0000 - loss: 0.0058
Epoch 217: val_auc did not improve from 0.95407
50/50 ???????????????????? 3s 55ms/step - acc: 0.9980 - auc: 1.0000 - loss: 0.0058 - val_acc: 0.9060 - val_auc: 0.9453 - val_loss: 0.4869
Epoch 218/300
49/50 ???????????????????? 0s 53ms/step - acc: 0.9993 - auc: 0.9999 - loss: 0.0037
Epoch 218: val_auc did not improve from 0.95407
50/50 ???????????????????? 3s 55ms/step - acc: 0.9993 - auc: 0.9999 - loss: 0.0037 - val_acc: 0.9086 - val_auc: 0.9486 - val_loss: 0.4803
Epoch 219/300
50/50 ???????????????????? 0s 53ms/step - acc: 0.9996 - auc: 1.0000 - loss: 0.0020
Epoch 219: val_auc did not improve from 0.95407
50/50 ???????????????????? 3s 56ms/step - acc: 0.9996 - auc: 1.0000 - loss: 0.0020 - val_acc: 0.9067 - val_auc: 0.9508 - val_loss: 0.4762
Epoch 220/300
49/50 ???????????????????? 0s 54ms/step - acc: 1.0000 - auc: 1.0000 - loss: 5.6001e-04
Epoch 220: val_auc did not improve from 0.95407
50/50 ???????????????????? 3s 57ms/step - acc: 1.0000 - auc: 1.0000 - loss: 5.6177e-04 - val_acc: 0.9124 - val_auc: 0.9506 - val_loss: 0.4866
Epoch 221/300
50/50 ???????????????????? 0s 54ms/step - acc: 1.0000 - auc: 1.0000 - loss: 7.5611e-04
Epoch 221: val_auc did not improve from 0.95407
50/50 ???????????????????? 3s 57ms/step - acc: 1.0000 - auc: 1.0000 - loss: 7.5843e-04 - val_acc: 0.9156 - val_auc: 0.9496 - val_loss: 0.5010
Epoch 222/300
50/50 ???????????????????? 0s 52ms/step - acc: 1.0000 - auc: 1.0000 - loss: 7.6020e-04
Epoch 222: val_auc did not improve from 0.95407
50/50 ???????????????????? 3s 55ms/step - acc: 1.0000 - auc: 1.0000 - loss: 7.9070e-04 - val_acc: 0.9124 - val_auc: 0.9502 - val_loss: 0.4941
Epoch 223/300
50/50 ???????????????????? 0s 58ms/step - acc: 0.9971 - auc: 0.9990 - loss: 0.0133
Epoch 223: val_auc did not improve from 0.95407
50/50 ???????????????????? 3s 61ms/step - acc: 0.9971 - auc: 0.9990 - loss: 0.0133 - val_acc: 0.9111 - val_auc: 0.9465 - val_loss: 0.4935
Epoch 224/300
49/50 ???????????????????? 0s 54ms/step - acc: 0.9956 - auc: 0.9992 - loss: 0.0168
Epoch 224: val_auc did not improve from 0.95407
50/50 ???????????????????? 3s 57ms/step - acc: 0.9956 - auc: 0.9992 - loss: 0.0168 - val_acc: 0.9029 - val_auc: 0.9446 - val_loss: 0.5238
Epoch 225/300
50/50 ???????????????????? 0s 56ms/step - acc: 0.9954 - auc: 0.9990 - loss: 0.0135
Epoch 225: val_auc did not improve from 0.95407
50/50 ???????????????????? 3s 59ms/step - acc: 0.9954 - auc: 0.9990 - loss: 0.0135 - val_acc: 0.9162 - val_auc: 0.9494 - val_loss: 0.4663
Epoch 226/300
49/50 ???????????????????? 0s 60ms/step - acc: 0.9985 - auc: 1.0000 - loss: 0.0040
Epoch 226: val_auc did not improve from 0.95407
50/50 ???????????????????? 3s 62ms/step - acc: 0.9986 - auc: 1.0000 - loss: 0.0040 - val_acc: 0.9092 - val_auc: 0.9514 - val_loss: 0.4597
Epoch 227/300
50/50 ???????????????????? 0s 57ms/step - acc: 0.9996 - auc: 1.0000 - loss: 0.0023
Epoch 227: val_auc did not improve from 0.95407
50/50 ???????????????????? 3s 60ms/step - acc: 0.9996 - auc: 1.0000 - loss: 0.0023 - val_acc: 0.9073 - val_auc: 0.9530 - val_loss: 0.4607
Epoch 228/300
49/50 ???????????????????? 0s 58ms/step - acc: 0.9992 - auc: 1.0000 - loss: 0.0024
Epoch 228: val_auc did not improve from 0.95407
50/50 ???????????????????? 3s 61ms/step - acc: 0.9992 - auc: 1.0000 - loss: 0.0025 - val_acc: 0.9079 - val_auc: 0.9491 - val_loss: 0.4875
Epoch 229/300
50/50 ???????????????????? 0s 65ms/step - acc: 0.9994 - auc: 1.0000 - loss: 0.0021
Epoch 229: val_auc did not improve from 0.95407
50/50 ???????????????????? 3s 68ms/step - acc: 0.9994 - auc: 1.0000 - loss: 0.0021 - val_acc: 0.9124 - val_auc: 0.9525 - val_loss: 0.4588
Epoch 230/300
50/50 ???????????????????? 0s 69ms/step - acc: 0.9986 - auc: 0.9999 - loss: 0.0038
Epoch 230: val_auc did not improve from 0.95407
50/50 ???????????????????? 4s 72ms/step - acc: 0.9986 - auc: 0.9999 - loss: 0.0038 - val_acc: 0.9054 - val_auc: 0.9489 - val_loss: 0.4965
Epoch 231/300
49/50 ???????????????????? 0s 62ms/step - acc: 0.9966 - auc: 0.9991 - loss: 0.0141
Epoch 231: val_auc did not improve from 0.95407
50/50 ???????????????????? 3s 65ms/step - acc: 0.9965 - auc: 0.9991 - loss: 0.0141 - val_acc: 0.9022 - val_auc: 0.9448 - val_loss: 0.5212
Epoch 232/300
49/50 ???????????????????? 0s 64ms/step - acc: 0.9985 - auc: 1.0000 - loss: 0.0051
Epoch 232: val_auc did not improve from 0.95407
50/50 ???????????????????? 3s 67ms/step - acc: 0.9984 - auc: 1.0000 - loss: 0.0052 - val_acc: 0.9035 - val_auc: 0.9444 - val_loss: 0.5273
Epoch 233/300
50/50 ???????????????????? 0s 62ms/step - acc: 0.9956 - auc: 0.9992 - loss: 0.0149
Epoch 233: val_auc did not improve from 0.95407
50/50 ???????????????????? 3s 65ms/step - acc: 0.9956 - auc: 0.9992 - loss: 0.0150 - val_acc: 0.8997 - val_auc: 0.9402 - val_loss: 0.5509
Epoch 234/300
50/50 ???????????????????? 0s 62ms/step - acc: 0.9966 - auc: 0.9997 - loss: 0.0131
Epoch 234: val_auc did not improve from 0.95407
50/50 ???????????????????? 3s 66ms/step - acc: 0.9966 - auc: 0.9997 - loss: 0.0132 - val_acc: 0.9048 - val_auc: 0.9458 - val_loss: 0.4697
Epoch 235/300
50/50 ???????????????????? 0s 62ms/step - acc: 0.9976 - auc: 1.0000 - loss: 0.0070
Epoch 235: val_auc did not improve from 0.95407
50/50 ???????????????????? 3s 64ms/step - acc: 0.9975 - auc: 1.0000 - loss: 0.0071 - val_acc: 0.9048 - val_auc: 0.9457 - val_loss: 0.4807
Epoch 236/300
50/50 ???????????????????? 0s 62ms/step - acc: 0.9961 - auc: 0.9996 - loss: 0.0115
Epoch 236: val_auc did not improve from 0.95407
50/50 ???????????????????? 3s 65ms/step - acc: 0.9961 - auc: 0.9996 - loss: 0.0115 - val_acc: 0.9022 - val_auc: 0.9441 - val_loss: 0.4810
Epoch 237/300
50/50 ???????????????????? 0s 63ms/step - acc: 0.9950 - auc: 0.9984 - loss: 0.0201
Epoch 237: val_auc did not improve from 0.95407
50/50 ???????????????????? 3s 66ms/step - acc: 0.9949 - auc: 0.9984 - loss: 0.0201 - val_acc: 0.8965 - val_auc: 0.9469 - val_loss: 0.4533
Epoch 238/300
50/50 ???????????????????? 0s 63ms/step - acc: 0.9982 - auc: 1.0000 - loss: 0.0064
Epoch 238: val_auc did not improve from 0.95407
50/50 ???????????????????? 3s 66ms/step - acc: 0.9982 - auc: 1.0000 - loss: 0.0064 - val_acc: 0.9016 - val_auc: 0.9454 - val_loss: 0.4927
Epoch 239/300
50/50 ???????????????????? 0s 62ms/step - acc: 0.9985 - auc: 1.0000 - loss: 0.0039
Epoch 239: val_auc did not improve from 0.95407
50/50 ???????????????????? 3s 66ms/step - acc: 0.9985 - auc: 1.0000 - loss: 0.0039 - val_acc: 0.9079 - val_auc: 0.9467 - val_loss: 0.4723
Epoch 240/300
50/50 ???????????????????? 0s 64ms/step - acc: 0.9996 - auc: 1.0000 - loss: 0.0019
Epoch 240: val_auc did not improve from 0.95407
50/50 ???????????????????? 3s 67ms/step - acc: 0.9996 - auc: 1.0000 - loss: 0.0019 - val_acc: 0.9098 - val_auc: 0.9450 - val_loss: 0.4882
Epoch 241/300
49/50 ???????????????????? 0s 62ms/step - acc: 0.9996 - auc: 0.9997 - loss: 0.0037
Epoch 241: val_auc did not improve from 0.95407
50/50 ???????????????????? 3s 65ms/step - acc: 0.9996 - auc: 0.9997 - loss: 0.0037 - val_acc: 0.9117 - val_auc: 0.9513 - val_loss: 0.4572
Epoch 242/300
49/50 ???????????????????? 0s 55ms/step - acc: 0.9966 - auc: 0.9994 - loss: 0.0124
Epoch 242: val_auc did not improve from 0.95407
50/50 ???????????????????? 3s 58ms/step - acc: 0.9966 - auc: 0.9994 - loss: 0.0124 - val_acc: 0.8997 - val_auc: 0.9449 - val_loss: 0.4917
Epoch 243/300
49/50 ???????????????????? 0s 56ms/step - acc: 0.9989 - auc: 1.0000 - loss: 0.0036
Epoch 243: val_auc did not improve from 0.95407
50/50 ???????????????????? 3s 60ms/step - acc: 0.9989 - auc: 1.0000 - loss: 0.0036 - val_acc: 0.9022 - val_auc: 0.9421 - val_loss: 0.4888
Epoch 244/300
49/50 ???????????????????? 0s 62ms/step - acc: 0.9999 - auc: 1.0000 - loss: 0.0012
Epoch 244: val_auc did not improve from 0.95407
50/50 ???????????????????? 3s 64ms/step - acc: 0.9999 - auc: 1.0000 - loss: 0.0013 - val_acc: 0.9079 - val_auc: 0.9446 - val_loss: 0.4949
Epoch 245/300
49/50 ???????????????????? 0s 57ms/step - acc: 0.9976 - auc: 0.9995 - loss: 0.0087
Epoch 245: val_auc did not improve from 0.95407
50/50 ???????????????????? 3s 61ms/step - acc: 0.9976 - auc: 0.9995 - loss: 0.0087 - val_acc: 0.9022 - val_auc: 0.9399 - val_loss: 0.5154
Epoch 246/300
49/50 ???????????????????? 0s 56ms/step - acc: 0.9984 - auc: 1.0000 - loss: 0.0040
Epoch 246: val_auc did not improve from 0.95407
50/50 ???????????????????? 3s 58ms/step - acc: 0.9984 - auc: 1.0000 - loss: 0.0040 - val_acc: 0.9022 - val_auc: 0.9403 - val_loss: 0.5474
Epoch 247/300
49/50 ???????????????????? 0s 59ms/step - acc: 0.9971 - auc: 0.9998 - loss: 0.0103
Epoch 247: val_auc did not improve from 0.95407
50/50 ???????????????????? 3s 61ms/step - acc: 0.9971 - auc: 0.9998 - loss: 0.0103 - val_acc: 0.8940 - val_auc: 0.9315 - val_loss: 0.6016
Epoch 248/300
49/50 ???????????????????? 0s 53ms/step - acc: 0.9980 - auc: 0.9999 - loss: 0.0060
Epoch 248: val_auc did not improve from 0.95407
50/50 ???????????????????? 3s 56ms/step - acc: 0.9979 - auc: 0.9999 - loss: 0.0061 - val_acc: 0.8997 - val_auc: 0.9393 - val_loss: 0.5612
Epoch 249/300
49/50 ???????????????????? 0s 52ms/step - acc: 0.9989 - auc: 0.9996 - loss: 0.0049
Epoch 249: val_auc did not improve from 0.95407
50/50 ???????????????????? 3s 55ms/step - acc: 0.9988 - auc: 0.9996 - loss: 0.0050 - val_acc: 0.9079 - val_auc: 0.9418 - val_loss: 0.5332
Epoch 250/300
49/50 ???????????????????? 0s 53ms/step - acc: 0.9930 - auc: 0.9988 - loss: 0.0252
Epoch 250: val_auc did not improve from 0.95407
50/50 ???????????????????? 3s 55ms/step - acc: 0.9931 - auc: 0.9988 - loss: 0.0252 - val_acc: 0.8889 - val_auc: 0.9421 - val_loss: 0.5365
Epoch 251/300
49/50 ???????????????????? 0s 51ms/step - acc: 0.9938 - auc: 0.9992 - loss: 0.0185
Epoch 251: val_auc did not improve from 0.95407
50/50 ???????????????????? 3s 54ms/step - acc: 0.9939 - auc: 0.9992 - loss: 0.0184 - val_acc: 0.9073 - val_auc: 0.9478 - val_loss: 0.4372
Epoch 252/300
50/50 ???????????????????? 0s 52ms/step - acc: 0.9980 - auc: 0.9999 - loss: 0.0069
Epoch 252: val_auc did not improve from 0.95407
50/50 ???????????????????? 3s 54ms/step - acc: 0.9980 - auc: 0.9999 - loss: 0.0069 - val_acc: 0.8978 - val_auc: 0.9480 - val_loss: 0.4732
Epoch 253/300
49/50 ???????????????????? 0s 52ms/step - acc: 0.9991 - auc: 1.0000 - loss: 0.0042
Epoch 253: val_auc did not improve from 0.95407
50/50 ???????????????????? 3s 55ms/step - acc: 0.9991 - auc: 1.0000 - loss: 0.0042 - val_acc: 0.8940 - val_auc: 0.9423 - val_loss: 0.5281
Epoch 254/300
50/50 ???????????????????? 0s 51ms/step - acc: 0.9962 - auc: 0.9996 - loss: 0.0121
Epoch 254: val_auc did not improve from 0.95407
50/50 ???????????????????? 3s 53ms/step - acc: 0.9962 - auc: 0.9996 - loss: 0.0121 - val_acc: 0.8978 - val_auc: 0.9444 - val_loss: 0.5083
Epoch 255/300
49/50 ???????????????????? 0s 51ms/step - acc: 0.9984 - auc: 0.9996 - loss: 0.0076
Epoch 255: val_auc did not improve from 0.95407
50/50 ???????????????????? 3s 53ms/step - acc: 0.9983 - auc: 0.9996 - loss: 0.0077 - val_acc: 0.8940 - val_auc: 0.9407 - val_loss: 0.5412
Epoch 256/300
50/50 ???????????????????? 0s 51ms/step - acc: 0.9966 - auc: 0.9999 - loss: 0.0100
Epoch 256: val_auc did not improve from 0.95407
50/50 ???????????????????? 3s 54ms/step - acc: 0.9966 - auc: 0.9999 - loss: 0.0099 - val_acc: 0.9029 - val_auc: 0.9442 - val_loss: 0.5036
Epoch 257/300
49/50 ???????????????????? 0s 51ms/step - acc: 0.9979 - auc: 0.9996 - loss: 0.0101
Epoch 257: val_auc did not improve from 0.95407
50/50 ???????????????????? 3s 54ms/step - acc: 0.9978 - auc: 0.9996 - loss: 0.0101 - val_acc: 0.8990 - val_auc: 0.9427 - val_loss: 0.5055
Epoch 258/300
50/50 ???????????????????? 0s 51ms/step - acc: 0.9992 - auc: 1.0000 - loss: 0.0028
Epoch 258: val_auc did not improve from 0.95407
50/50 ???????????????????? 3s 54ms/step - acc: 0.9992 - auc: 1.0000 - loss: 0.0028 - val_acc: 0.9117 - val_auc: 0.9483 - val_loss: 0.4593
Epoch 259/300
49/50 ???????????????????? 0s 52ms/step - acc: 0.9952 - auc: 0.9986 - loss: 0.0231
Epoch 259: val_auc did not improve from 0.95407
50/50 ???????????????????? 3s 55ms/step - acc: 0.9952 - auc: 0.9986 - loss: 0.0231 - val_acc: 0.9003 - val_auc: 0.9465 - val_loss: 0.4501
Epoch 260/300
49/50 ???????????????????? 0s 54ms/step - acc: 0.9960 - auc: 1.0000 - loss: 0.0103
Epoch 260: val_auc did not improve from 0.95407
50/50 ???????????????????? 3s 57ms/step - acc: 0.9959 - auc: 1.0000 - loss: 0.0103 - val_acc: 0.8971 - val_auc: 0.9463 - val_loss: 0.4939
Epoch 261/300
49/50 ???????????????????? 0s 54ms/step - acc: 0.9969 - auc: 0.9995 - loss: 0.0105
Epoch 261: val_auc did not improve from 0.95407
50/50 ???????????????????? 3s 56ms/step - acc: 0.9969 - auc: 0.9995 - loss: 0.0105 - val_acc: 0.9003 - val_auc: 0.9433 - val_loss: 0.4661
Epoch 262/300
49/50 ???????????????????? 0s 51ms/step - acc: 0.9972 - auc: 0.9996 - loss: 0.0105
Epoch 262: val_auc did not improve from 0.95407
50/50 ???????????????????? 3s 54ms/step - acc: 0.9972 - auc: 0.9996 - loss: 0.0106 - val_acc: 0.9073 - val_auc: 0.9460 - val_loss: 0.4511
Epoch 263/300
49/50 ???????????????????? 0s 54ms/step - acc: 0.9985 - auc: 0.9998 - loss: 0.0064
Epoch 263: val_auc did not improve from 0.95407
50/50 ???????????????????? 3s 56ms/step - acc: 0.9985 - auc: 0.9998 - loss: 0.0064 - val_acc: 0.9092 - val_auc: 0.9476 - val_loss: 0.4511
Epoch 264/300
49/50 ???????????????????? 0s 53ms/step - acc: 0.9995 - auc: 1.0000 - loss: 0.0020
Epoch 264: val_auc did not improve from 0.95407
50/50 ???????????????????? 3s 55ms/step - acc: 0.9995 - auc: 1.0000 - loss: 0.0020 - val_acc: 0.9111 - val_auc: 0.9445 - val_loss: 0.4713
Epoch 265/300
49/50 ???????????????????? 0s 52ms/step - acc: 0.9996 - auc: 1.0000 - loss: 0.0014
Epoch 265: val_auc did not improve from 0.95407
50/50 ???????????????????? 3s 55ms/step - acc: 0.9996 - auc: 1.0000 - loss: 0.0014 - val_acc: 0.9111 - val_auc: 0.9420 - val_loss: 0.4949
Epoch 266/300
50/50 ???????????????????? 0s 52ms/step - acc: 0.9994 - auc: 1.0000 - loss: 0.0017
Epoch 266: val_auc did not improve from 0.95407
50/50 ???????????????????? 3s 55ms/step - acc: 0.9994 - auc: 1.0000 - loss: 0.0017 - val_acc: 0.9111 - val_auc: 0.9435 - val_loss: 0.5120
Epoch 267/300
50/50 ???????????????????? 0s 51ms/step - acc: 0.9987 - auc: 0.9997 - loss: 0.0053
Epoch 267: val_auc did not improve from 0.95407
50/50 ???????????????????? 3s 54ms/step - acc: 0.9987 - auc: 0.9997 - loss: 0.0053 - val_acc: 0.9079 - val_auc: 0.9446 - val_loss: 0.5235
Epoch 268/300
50/50 ???????????????????? 0s 51ms/step - acc: 0.9993 - auc: 1.0000 - loss: 0.0023
Epoch 268: val_auc did not improve from 0.95407
50/50 ???????????????????? 3s 54ms/step - acc: 0.9993 - auc: 1.0000 - loss: 0.0023 - val_acc: 0.9086 - val_auc: 0.9443 - val_loss: 0.5056
Epoch 269/300
50/50 ???????????????????? 0s 52ms/step - acc: 0.9990 - auc: 0.9996 - loss: 0.0074
Epoch 269: val_auc did not improve from 0.95407
50/50 ???????????????????? 3s 55ms/step - acc: 0.9990 - auc: 0.9996 - loss: 0.0074 - val_acc: 0.9130 - val_auc: 0.9469 - val_loss: 0.4866
Epoch 270/300
49/50 ???????????????????? 0s 54ms/step - acc: 0.9983 - auc: 1.0000 - loss: 0.0063
Epoch 270: val_auc did not improve from 0.95407
50/50 ???????????????????? 3s 57ms/step - acc: 0.9983 - auc: 1.0000 - loss: 0.0063 - val_acc: 0.9092 - val_auc: 0.9459 - val_loss: 0.5072
Epoch 271/300
49/50 ???????????????????? 0s 52ms/step - acc: 0.9987 - auc: 0.9992 - loss: 0.0093
Epoch 271: val_auc did not improve from 0.95407
50/50 ???????????????????? 3s 55ms/step - acc: 0.9987 - auc: 0.9993 - loss: 0.0091 - val_acc: 0.9092 - val_auc: 0.9489 - val_loss: 0.4748
Epoch 272/300
49/50 ???????????????????? 0s 52ms/step - acc: 0.9998 - auc: 0.9999 - loss: 0.0021
Epoch 272: val_auc did not improve from 0.95407
50/50 ???????????????????? 3s 56ms/step - acc: 0.9998 - auc: 0.9999 - loss: 0.0022 - val_acc: 0.9111 - val_auc: 0.9466 - val_loss: 0.4962
Epoch 273/300
49/50 ???????????????????? 0s 52ms/step - acc: 0.9981 - auc: 1.0000 - loss: 0.0060
Epoch 273: val_auc did not improve from 0.95407
50/50 ???????????????????? 3s 55ms/step - acc: 0.9981 - auc: 1.0000 - loss: 0.0060 - val_acc: 0.9073 - val_auc: 0.9482 - val_loss: 0.5113
Epoch 274/300
50/50 ???????????????????? 0s 52ms/step - acc: 0.9963 - auc: 0.9995 - loss: 0.0144
Epoch 274: val_auc did not improve from 0.95407
50/50 ???????????????????? 3s 55ms/step - acc: 0.9963 - auc: 0.9995 - loss: 0.0144 - val_acc: 0.9041 - val_auc: 0.9452 - val_loss: 0.5042
Epoch 275/300
49/50 ???????????????????? 0s 53ms/step - acc: 0.9951 - auc: 0.9996 - loss: 0.0144
Epoch 275: val_auc did not improve from 0.95407
50/50 ???????????????????? 3s 56ms/step - acc: 0.9950 - auc: 0.9996 - loss: 0.0145 - val_acc: 0.9098 - val_auc: 0.9477 - val_loss: 0.4945
Epoch 276/300
50/50 ???????????????????? 0s 51ms/step - acc: 0.9965 - auc: 0.9997 - loss: 0.0107
Epoch 276: val_auc did not improve from 0.95407
50/50 ???????????????????? 3s 54ms/step - acc: 0.9965 - auc: 0.9997 - loss: 0.0107 - val_acc: 0.9003 - val_auc: 0.9434 - val_loss: 0.5073
Epoch 277/300
49/50 ???????????????????? 0s 52ms/step - acc: 0.9963 - auc: 0.9996 - loss: 0.0121
Epoch 277: val_auc did not improve from 0.95407
50/50 ???????????????????? 3s 54ms/step - acc: 0.9963 - auc: 0.9996 - loss: 0.0122 - val_acc: 0.8946 - val_auc: 0.9409 - val_loss: 0.5229
Epoch 278/300
50/50 ???????????????????? 0s 51ms/step - acc: 0.9958 - auc: 0.9995 - loss: 0.0145
Epoch 278: val_auc did not improve from 0.95407
50/50 ???????????????????? 3s 54ms/step - acc: 0.9959 - auc: 0.9995 - loss: 0.0145 - val_acc: 0.8997 - val_auc: 0.9466 - val_loss: 0.4728
Epoch 279/300
50/50 ???????????????????? 0s 51ms/step - acc: 0.9992 - auc: 1.0000 - loss: 0.0040
Epoch 279: val_auc did not improve from 0.95407
50/50 ???????????????????? 3s 53ms/step - acc: 0.9992 - auc: 1.0000 - loss: 0.0040 - val_acc: 0.9048 - val_auc: 0.9476 - val_loss: 0.4555
Epoch 280/300
49/50 ???????????????????? 0s 51ms/step - acc: 1.0000 - auc: 1.0000 - loss: 0.0018
Epoch 280: val_auc did not improve from 0.95407
50/50 ???????????????????? 3s 53ms/step - acc: 0.9999 - auc: 1.0000 - loss: 0.0018 - val_acc: 0.9060 - val_auc: 0.9481 - val_loss: 0.4604
Epoch 281/300
49/50 ???????????????????? 0s 52ms/step - acc: 1.0000 - auc: 1.0000 - loss: 8.8137e-04
Epoch 281: val_auc did not improve from 0.95407
50/50 ???????????????????? 3s 54ms/step - acc: 1.0000 - auc: 1.0000 - loss: 8.8259e-04 - val_acc: 0.9111 - val_auc: 0.9478 - val_loss: 0.4718
Epoch 282/300
49/50 ???????????????????? 0s 53ms/step - acc: 0.9999 - auc: 1.0000 - loss: 9.7172e-04
Epoch 282: val_auc did not improve from 0.95407
50/50 ???????????????????? 3s 56ms/step - acc: 0.9999 - auc: 1.0000 - loss: 9.8615e-04 - val_acc: 0.9105 - val_auc: 0.9467 - val_loss: 0.4827
Epoch 283/300
49/50 ???????????????????? 0s 53ms/step - acc: 1.0000 - auc: 1.0000 - loss: 8.3060e-04
Epoch 283: val_auc did not improve from 0.95407
50/50 ???????????????????? 3s 55ms/step - acc: 1.0000 - auc: 1.0000 - loss: 8.4922e-04 - val_acc: 0.9117 - val_auc: 0.9478 - val_loss: 0.4859
Epoch 284/300
49/50 ???????????????????? 0s 52ms/step - acc: 0.9958 - auc: 0.9982 - loss: 0.0216
Epoch 284: val_auc did not improve from 0.95407
50/50 ???????????????????? 3s 55ms/step - acc: 0.9958 - auc: 0.9982 - loss: 0.0215 - val_acc: 0.9035 - val_auc: 0.9453 - val_loss: 0.4731
Epoch 285/300
49/50 ???????????????????? 0s 52ms/step - acc: 0.9983 - auc: 0.9998 - loss: 0.0067
Epoch 285: val_auc did not improve from 0.95407
50/50 ???????????????????? 3s 55ms/step - acc: 0.9984 - auc: 0.9998 - loss: 0.0066 - val_acc: 0.9060 - val_auc: 0.9420 - val_loss: 0.4851
Epoch 286/300
49/50 ???????????????????? 0s 51ms/step - acc: 0.9985 - auc: 0.9998 - loss: 0.0057
Epoch 286: val_auc did not improve from 0.95407
50/50 ???????????????????? 3s 53ms/step - acc: 0.9985 - auc: 0.9998 - loss: 0.0057 - val_acc: 0.8990 - val_auc: 0.9433 - val_loss: 0.5063
Epoch 287/300
49/50 ???????????????????? 0s 53ms/step - acc: 0.9995 - auc: 1.0000 - loss: 0.0029
Epoch 287: val_auc did not improve from 0.95407
50/50 ???????????????????? 3s 56ms/step - acc: 0.9994 - auc: 1.0000 - loss: 0.0030 - val_acc: 0.9079 - val_auc: 0.9427 - val_loss: 0.4895
Epoch 288/300
49/50 ???????????????????? 0s 50ms/step - acc: 0.9992 - auc: 1.0000 - loss: 0.0020
Epoch 288: val_auc did not improve from 0.95407
50/50 ???????????????????? 3s 53ms/step - acc: 0.9992 - auc: 1.0000 - loss: 0.0020 - val_acc: 0.9105 - val_auc: 0.9438 - val_loss: 0.4882
Epoch 289/300
49/50 ???????????????????? 0s 54ms/step - acc: 0.9959 - auc: 0.9992 - loss: 0.0187
Epoch 289: val_auc did not improve from 0.95407
50/50 ???????????????????? 3s 56ms/step - acc: 0.9959 - auc: 0.9992 - loss: 0.0186 - val_acc: 0.8990 - val_auc: 0.9437 - val_loss: 0.4946
Epoch 290/300
49/50 ???????????????????? 0s 54ms/step - acc: 0.9986 - auc: 1.0000 - loss: 0.0041
Epoch 290: val_auc did not improve from 0.95407
50/50 ???????????????????? 3s 56ms/step - acc: 0.9986 - auc: 1.0000 - loss: 0.0041 - val_acc: 0.8965 - val_auc: 0.9422 - val_loss: 0.5181
Epoch 291/300
49/50 ???????????????????? 0s 51ms/step - acc: 0.9974 - auc: 1.0000 - loss: 0.0084
Epoch 291: val_auc did not improve from 0.95407
50/50 ???????????????????? 3s 53ms/step - acc: 0.9974 - auc: 1.0000 - loss: 0.0083 - val_acc: 0.8990 - val_auc: 0.9415 - val_loss: 0.5692
Epoch 292/300
50/50 ???????????????????? 0s 51ms/step - acc: 0.9970 - auc: 0.9997 - loss: 0.0078
Epoch 292: val_auc did not improve from 0.95407
50/50 ???????????????????? 3s 54ms/step - acc: 0.9970 - auc: 0.9997 - loss: 0.0078 - val_acc: 0.8952 - val_auc: 0.9394 - val_loss: 0.5484
Epoch 293/300
49/50 ???????????????????? 0s 50ms/step - acc: 0.9987 - auc: 0.9997 - loss: 0.0066
Epoch 293: val_auc did not improve from 0.95407
50/50 ???????????????????? 3s 53ms/step - acc: 0.9987 - auc: 0.9997 - loss: 0.0066 - val_acc: 0.9016 - val_auc: 0.9438 - val_loss: 0.5307
Epoch 294/300
49/50 ???????????????????? 0s 52ms/step - acc: 0.9970 - auc: 0.9998 - loss: 0.0097
Epoch 294: val_auc did not improve from 0.95407
50/50 ???????????????????? 3s 55ms/step - acc: 0.9970 - auc: 0.9998 - loss: 0.0097 - val_acc: 0.9041 - val_auc: 0.9432 - val_loss: 0.5210
Epoch 295/300
49/50 ???????????????????? 0s 52ms/step - acc: 0.9987 - auc: 0.9998 - loss: 0.0047
Epoch 295: val_auc did not improve from 0.95407
50/50 ???????????????????? 3s 54ms/step - acc: 0.9987 - auc: 0.9998 - loss: 0.0048 - val_acc: 0.9086 - val_auc: 0.9458 - val_loss: 0.5189
Epoch 296/300
49/50 ???????????????????? 0s 51ms/step - acc: 0.9968 - auc: 0.9998 - loss: 0.0089
Epoch 296: val_auc did not improve from 0.95407
50/50 ???????????????????? 3s 54ms/step - acc: 0.9968 - auc: 0.9998 - loss: 0.0089 - val_acc: 0.9022 - val_auc: 0.9425 - val_loss: 0.5172
Epoch 297/300
49/50 ???????????????????? 0s 56ms/step - acc: 0.9998 - auc: 1.0000 - loss: 0.0022
Epoch 297: val_auc did not improve from 0.95407
50/50 ???????????????????? 3s 59ms/step - acc: 0.9998 - auc: 1.0000 - loss: 0.0021 - val_acc: 0.9029 - val_auc: 0.9440 - val_loss: 0.5355
Epoch 298/300
49/50 ???????????????????? 0s 52ms/step - acc: 0.9996 - auc: 1.0000 - loss: 0.0016
Epoch 298: val_auc did not improve from 0.95407
50/50 ???????????????????? 3s 54ms/step - acc: 0.9996 - auc: 1.0000 - loss: 0.0016 - val_acc: 0.9073 - val_auc: 0.9410 - val_loss: 0.5494
Epoch 299/300
49/50 ???????????????????? 0s 53ms/step - acc: 0.9991 - auc: 1.0000 - loss: 0.0027
Epoch 299: val_auc did not improve from 0.95407
50/50 ???????????????????? 3s 56ms/step - acc: 0.9991 - auc: 1.0000 - loss: 0.0027 - val_acc: 0.9086 - val_auc: 0.9380 - val_loss: 0.5653
Epoch 300/300
49/50 ???????????????????? 0s 51ms/step - acc: 0.9992 - auc: 0.9998 - loss: 0.0032
Epoch 300: val_auc did not improve from 0.95407
50/50 ???????????????????? 3s 53ms/step - acc: 0.9992 - auc: 0.9998 - loss: 0.0033 - val_acc: 0.9054 - val_auc: 0.9378 - val_loss: 0.5568
50/50 ???????????????????? 0s 6ms/step
50/50 ???????????????????? 0s 4ms/step
ANN: Accuracy: 0.9130, AUC-ROC: 0.9643
ANN: AUC-PR: 0.9603, Precision: 0.9018,
ANN Recall: 0.9218, F1 Score: 0.9117
\ANN:RMSE: 11.7047 , PCC: 0.8454
Data processing and Training of MACSynDCR_CNN model:
MACSynDCR_CNN model:
Model: "sequential_5"
????????????????????????????????????????????????????????????????????????????????????????
? Layer (type)                         ? Output Shape                ?         Param # ?
????????????????????????????????????????????????????????????????????????????????????????
¦ conv2d_6 (Conv2D)                    ¦ (None, 62, 36, 32)          ¦             320 ¦
+--------------------------------------+-----------------------------+-----------------¦
¦ max_pooling2d_6 (MaxPooling2D)       ¦ (None, 31, 18, 32)          ¦               0 ¦
+--------------------------------------+-----------------------------+-----------------¦
¦ dropout_6 (Dropout)                  ¦ (None, 31, 18, 32)          ¦               0 ¦
+--------------------------------------+-----------------------------+-----------------¦
¦ conv2d_7 (Conv2D)                    ¦ (None, 29, 16, 64)          ¦          18,496 ¦
+--------------------------------------+-----------------------------+-----------------¦
¦ max_pooling2d_7 (MaxPooling2D)       ¦ (None, 14, 8, 64)           ¦               0 ¦
+--------------------------------------+-----------------------------+-----------------¦
¦ dropout_7 (Dropout)                  ¦ (None, 14, 8, 64)           ¦               0 ¦
+--------------------------------------+-----------------------------+-----------------¦
¦ conv2d_8 (Conv2D)                    ¦ (None, 12, 6, 128)          ¦          73,856 ¦
+--------------------------------------+-----------------------------+-----------------¦
¦ max_pooling2d_8 (MaxPooling2D)       ¦ (None, 6, 3, 128)           ¦               0 ¦
+--------------------------------------+-----------------------------+-----------------¦
¦ dropout_8 (Dropout)                  ¦ (None, 6, 3, 128)           ¦               0 ¦
+--------------------------------------+-----------------------------+-----------------¦
¦ flatten_2 (Flatten)                  ¦ (None, 2304)                ¦               0 ¦
+--------------------------------------+-----------------------------+-----------------¦
¦ dense_22 (Dense)                     ¦ (None, 128)                 ¦         295,040 ¦
+--------------------------------------+-----------------------------+-----------------¦
¦ dense_23 (Dense)                     ¦ (None, 2)                   ¦             258 ¦
+--------------------------------------------------------------------------------------+
 Total params: 387,970 (1.48 MB)
 Trainable params: 387,970 (1.48 MB)
 Non-trainable params: 0 (0.00 B)
Epoch 1/300
49/50 ???????????????????? 0s 53ms/step - acc: 0.5108 - auc: 0.5119 - loss: 0.7035
Epoch 1: val_acc improved from -inf to 0.50984, saving model to saved_models/best_MACSynDCR_CNN_model.keras
50/50 ???????????????????? 5s 63ms/step - acc: 0.5107 - auc: 0.5121 - loss: 0.7032 - val_acc: 0.5098 - val_auc: 0.6295 - val_loss: 0.6906
Epoch 2/300
49/50 ???????????????????? 0s 55ms/step - acc: 0.5528 - auc: 0.5869 - loss: 0.6863
Epoch 2: val_acc improved from 0.50984 to 0.69333, saving model to saved_models/best_MACSynDCR_CNN_model.keras
50/50 ???????????????????? 3s 60ms/step - acc: 0.5542 - auc: 0.5889 - loss: 0.6858 - val_acc: 0.6933 - val_auc: 0.7744 - val_loss: 0.6005
Epoch 3/300
49/50 ???????????????????? 0s 57ms/step - acc: 0.6999 - auc: 0.7706 - loss: 0.5783
Epoch 3: val_acc improved from 0.69333 to 0.77651, saving model to saved_models/best_MACSynDCR_CNN_model.keras
50/50 ???????????????????? 3s 61ms/step - acc: 0.7008 - auc: 0.7715 - loss: 0.5772 - val_acc: 0.7765 - val_auc: 0.8460 - val_loss: 0.4953
Epoch 4/300
49/50 ???????????????????? 0s 54ms/step - acc: 0.7618 - auc: 0.8429 - loss: 0.4903
Epoch 4: val_acc improved from 0.77651 to 0.79238, saving model to saved_models/best_MACSynDCR_CNN_model.keras
50/50 ???????????????????? 3s 58ms/step - acc: 0.7618 - auc: 0.8432 - loss: 0.4900 - val_acc: 0.7924 - val_auc: 0.8793 - val_loss: 0.4367
Epoch 5/300
49/50 ???????????????????? 0s 54ms/step - acc: 0.7930 - auc: 0.8673 - loss: 0.4562
Epoch 5: val_acc improved from 0.79238 to 0.79937, saving model to saved_models/best_MACSynDCR_CNN_model.keras
50/50 ???????????????????? 3s 59ms/step - acc: 0.7930 - auc: 0.8674 - loss: 0.4560 - val_acc: 0.7994 - val_auc: 0.8894 - val_loss: 0.4237
Epoch 6/300
49/50 ???????????????????? 0s 54ms/step - acc: 0.7970 - auc: 0.8818 - loss: 0.4335
Epoch 6: val_acc improved from 0.79937 to 0.80444, saving model to saved_models/best_MACSynDCR_CNN_model.keras
50/50 ???????????????????? 3s 59ms/step - acc: 0.7970 - auc: 0.8818 - loss: 0.4335 - val_acc: 0.8044 - val_auc: 0.8931 - val_loss: 0.4113
Epoch 7/300
49/50 ???????????????????? 0s 52ms/step - acc: 0.8116 - auc: 0.8899 - loss: 0.4194
Epoch 7: val_acc improved from 0.80444 to 0.80825, saving model to saved_models/best_MACSynDCR_CNN_model.keras
50/50 ???????????????????? 3s 57ms/step - acc: 0.8112 - auc: 0.8897 - loss: 0.4197 - val_acc: 0.8083 - val_auc: 0.8987 - val_loss: 0.4018
Epoch 8/300
49/50 ???????????????????? 0s 53ms/step - acc: 0.8144 - auc: 0.8912 - loss: 0.4166
Epoch 8: val_acc improved from 0.80825 to 0.81968, saving model to saved_models/best_MACSynDCR_CNN_model.keras
50/50 ???????????????????? 3s 58ms/step - acc: 0.8143 - auc: 0.8913 - loss: 0.4165 - val_acc: 0.8197 - val_auc: 0.9071 - val_loss: 0.3880
Epoch 9/300
49/50 ???????????????????? 0s 54ms/step - acc: 0.8201 - auc: 0.8953 - loss: 0.4098
Epoch 9: val_acc improved from 0.81968 to 0.83238, saving model to saved_models/best_MACSynDCR_CNN_model.keras
50/50 ???????????????????? 3s 59ms/step - acc: 0.8199 - auc: 0.8952 - loss: 0.4099 - val_acc: 0.8324 - val_auc: 0.9110 - val_loss: 0.3789
Epoch 10/300
49/50 ???????????????????? 0s 52ms/step - acc: 0.8219 - auc: 0.8988 - loss: 0.4020
Epoch 10: val_acc did not improve from 0.83238
50/50 ???????????????????? 3s 55ms/step - acc: 0.8217 - auc: 0.8988 - loss: 0.4021 - val_acc: 0.8292 - val_auc: 0.9137 - val_loss: 0.3739
Epoch 11/300
49/50 ???????????????????? 0s 55ms/step - acc: 0.8230 - auc: 0.9031 - loss: 0.3939
Epoch 11: val_acc did not improve from 0.83238
50/50 ???????????????????? 3s 59ms/step - acc: 0.8231 - auc: 0.9032 - loss: 0.3938 - val_acc: 0.8317 - val_auc: 0.9158 - val_loss: 0.3692
Epoch 12/300
49/50 ???????????????????? 0s 54ms/step - acc: 0.8232 - auc: 0.9032 - loss: 0.3942
Epoch 12: val_acc improved from 0.83238 to 0.83429, saving model to saved_models/best_MACSynDCR_CNN_model.keras
50/50 ???????????????????? 3s 59ms/step - acc: 0.8235 - auc: 0.9033 - loss: 0.3940 - val_acc: 0.8343 - val_auc: 0.9153 - val_loss: 0.3705
Epoch 13/300
50/50 ???????????????????? 0s 53ms/step - acc: 0.8401 - auc: 0.9134 - loss: 0.3738
Epoch 13: val_acc improved from 0.83429 to 0.83492, saving model to saved_models/best_MACSynDCR_CNN_model.keras
50/50 ???????????????????? 3s 58ms/step - acc: 0.8400 - auc: 0.9134 - loss: 0.3740 - val_acc: 0.8349 - val_auc: 0.9144 - val_loss: 0.3719
Epoch 14/300
49/50 ???????????????????? 0s 53ms/step - acc: 0.8328 - auc: 0.9074 - loss: 0.3871
Epoch 14: val_acc improved from 0.83492 to 0.84444, saving model to saved_models/best_MACSynDCR_CNN_model.keras
50/50 ???????????????????? 3s 57ms/step - acc: 0.8328 - auc: 0.9074 - loss: 0.3869 - val_acc: 0.8444 - val_auc: 0.9173 - val_loss: 0.3693
Epoch 15/300
49/50 ???????????????????? 0s 55ms/step - acc: 0.8430 - auc: 0.9112 - loss: 0.3779
Epoch 15: val_acc improved from 0.84444 to 0.85460, saving model to saved_models/best_MACSynDCR_CNN_model.keras
50/50 ???????????????????? 3s 59ms/step - acc: 0.8430 - auc: 0.9114 - loss: 0.3775 - val_acc: 0.8546 - val_auc: 0.9257 - val_loss: 0.3484
Epoch 16/300
50/50 ???????????????????? 0s 52ms/step - acc: 0.8424 - auc: 0.9182 - loss: 0.3637
Epoch 16: val_acc did not improve from 0.85460
50/50 ???????????????????? 3s 56ms/step - acc: 0.8425 - auc: 0.9182 - loss: 0.3637 - val_acc: 0.8502 - val_auc: 0.9274 - val_loss: 0.3452
Epoch 17/300
50/50 ???????????????????? 0s 56ms/step - acc: 0.8454 - auc: 0.9205 - loss: 0.3582
Epoch 17: val_acc did not improve from 0.85460
50/50 ???????????????????? 3s 60ms/step - acc: 0.8455 - auc: 0.9205 - loss: 0.3581 - val_acc: 0.8521 - val_auc: 0.9294 - val_loss: 0.3419
Epoch 18/300
49/50 ???????????????????? 0s 58ms/step - acc: 0.8555 - auc: 0.9270 - loss: 0.3439
Epoch 18: val_acc improved from 0.85460 to 0.85587, saving model to saved_models/best_MACSynDCR_CNN_model.keras
50/50 ???????????????????? 3s 63ms/step - acc: 0.8554 - auc: 0.9270 - loss: 0.3440 - val_acc: 0.8559 - val_auc: 0.9318 - val_loss: 0.3346
Epoch 19/300
49/50 ???????????????????? 0s 56ms/step - acc: 0.8629 - auc: 0.9340 - loss: 0.3286
Epoch 19: val_acc improved from 0.85587 to 0.85841, saving model to saved_models/best_MACSynDCR_CNN_model.keras
50/50 ???????????????????? 3s 61ms/step - acc: 0.8626 - auc: 0.9338 - loss: 0.3291 - val_acc: 0.8584 - val_auc: 0.9340 - val_loss: 0.3300
Epoch 20/300
49/50 ???????????????????? 0s 57ms/step - acc: 0.8570 - auc: 0.9313 - loss: 0.3349
Epoch 20: val_acc improved from 0.85841 to 0.86476, saving model to saved_models/best_MACSynDCR_CNN_model.keras
50/50 ???????????????????? 3s 61ms/step - acc: 0.8572 - auc: 0.9314 - loss: 0.3347 - val_acc: 0.8648 - val_auc: 0.9385 - val_loss: 0.3184
Epoch 21/300
49/50 ???????????????????? 0s 55ms/step - acc: 0.8589 - auc: 0.9318 - loss: 0.3328
Epoch 21: val_acc did not improve from 0.86476
50/50 ???????????????????? 3s 58ms/step - acc: 0.8589 - auc: 0.9318 - loss: 0.3329 - val_acc: 0.8622 - val_auc: 0.9364 - val_loss: 0.3242
Epoch 22/300
49/50 ???????????????????? 0s 56ms/step - acc: 0.8616 - auc: 0.9324 - loss: 0.3310
Epoch 22: val_acc improved from 0.86476 to 0.87429, saving model to saved_models/best_MACSynDCR_CNN_model.keras
50/50 ???????????????????? 3s 60ms/step - acc: 0.8615 - auc: 0.9323 - loss: 0.3312 - val_acc: 0.8743 - val_auc: 0.9391 - val_loss: 0.3179
Epoch 23/300
49/50 ???????????????????? 0s 59ms/step - acc: 0.8603 - auc: 0.9351 - loss: 0.3251
Epoch 23: val_acc did not improve from 0.87429
50/50 ???????????????????? 3s 62ms/step - acc: 0.8602 - auc: 0.9352 - loss: 0.3250 - val_acc: 0.8667 - val_auc: 0.9390 - val_loss: 0.3168
Epoch 24/300
50/50 ???????????????????? 0s 52ms/step - acc: 0.8704 - auc: 0.9395 - loss: 0.3136
Epoch 24: val_acc did not improve from 0.87429
50/50 ???????????????????? 3s 56ms/step - acc: 0.8703 - auc: 0.9395 - loss: 0.3136 - val_acc: 0.8717 - val_auc: 0.9420 - val_loss: 0.3081
Epoch 25/300
50/50 ???????????????????? 0s 52ms/step - acc: 0.8783 - auc: 0.9477 - loss: 0.2926
Epoch 25: val_acc did not improve from 0.87429
50/50 ???????????????????? 3s 57ms/step - acc: 0.8782 - auc: 0.9476 - loss: 0.2928 - val_acc: 0.8711 - val_auc: 0.9454 - val_loss: 0.3021
Epoch 26/300
49/50 ???????????????????? 0s 53ms/step - acc: 0.8724 - auc: 0.9445 - loss: 0.3018
Epoch 26: val_acc improved from 0.87429 to 0.87746, saving model to saved_models/best_MACSynDCR_CNN_model.keras
50/50 ???????????????????? 3s 57ms/step - acc: 0.8725 - auc: 0.9445 - loss: 0.3018 - val_acc: 0.8775 - val_auc: 0.9436 - val_loss: 0.3066
Epoch 27/300
50/50 ???????????????????? 0s 52ms/step - acc: 0.8826 - auc: 0.9477 - loss: 0.2921
Epoch 27: val_acc did not improve from 0.87746
50/50 ???????????????????? 3s 56ms/step - acc: 0.8825 - auc: 0.9476 - loss: 0.2922 - val_acc: 0.8762 - val_auc: 0.9448 - val_loss: 0.3007
Epoch 28/300
50/50 ???????????????????? 0s 54ms/step - acc: 0.8796 - auc: 0.9490 - loss: 0.2879
Epoch 28: val_acc improved from 0.87746 to 0.88190, saving model to saved_models/best_MACSynDCR_CNN_model.keras
50/50 ???????????????????? 3s 59ms/step - acc: 0.8796 - auc: 0.9489 - loss: 0.2880 - val_acc: 0.8819 - val_auc: 0.9474 - val_loss: 0.2944
Epoch 29/300
49/50 ???????????????????? 0s 53ms/step - acc: 0.8838 - auc: 0.9503 - loss: 0.2847
Epoch 29: val_acc improved from 0.88190 to 0.88254, saving model to saved_models/best_MACSynDCR_CNN_model.keras
50/50 ???????????????????? 3s 57ms/step - acc: 0.8837 - auc: 0.9502 - loss: 0.2848 - val_acc: 0.8825 - val_auc: 0.9468 - val_loss: 0.2952
Epoch 30/300
49/50 ???????????????????? 0s 56ms/step - acc: 0.8893 - auc: 0.9548 - loss: 0.2713
Epoch 30: val_acc did not improve from 0.88254
50/50 ???????????????????? 3s 59ms/step - acc: 0.8890 - auc: 0.9546 - loss: 0.2717 - val_acc: 0.8825 - val_auc: 0.9464 - val_loss: 0.2956
Epoch 31/300
49/50 ???????????????????? 0s 55ms/step - acc: 0.8797 - auc: 0.9496 - loss: 0.2866
Epoch 31: val_acc did not improve from 0.88254
50/50 ???????????????????? 3s 58ms/step - acc: 0.8798 - auc: 0.9497 - loss: 0.2863 - val_acc: 0.8768 - val_auc: 0.9478 - val_loss: 0.2973
Epoch 32/300
49/50 ???????????????????? 0s 53ms/step - acc: 0.8832 - auc: 0.9542 - loss: 0.2738
Epoch 32: val_acc did not improve from 0.88254
50/50 ???????????????????? 3s 57ms/step - acc: 0.8832 - auc: 0.9542 - loss: 0.2739 - val_acc: 0.8743 - val_auc: 0.9461 - val_loss: 0.2973
Epoch 33/300
49/50 ???????????????????? 0s 55ms/step - acc: 0.8910 - auc: 0.9547 - loss: 0.2732
Epoch 33: val_acc improved from 0.88254 to 0.88889, saving model to saved_models/best_MACSynDCR_CNN_model.keras
50/50 ???????????????????? 3s 59ms/step - acc: 0.8912 - auc: 0.9547 - loss: 0.2731 - val_acc: 0.8889 - val_auc: 0.9478 - val_loss: 0.2910
Epoch 34/300
49/50 ???????????????????? 0s 53ms/step - acc: 0.8867 - auc: 0.9550 - loss: 0.2715
Epoch 34: val_acc improved from 0.88889 to 0.89079, saving model to saved_models/best_MACSynDCR_CNN_model.keras
50/50 ???????????????????? 3s 58ms/step - acc: 0.8868 - auc: 0.9551 - loss: 0.2711 - val_acc: 0.8908 - val_auc: 0.9514 - val_loss: 0.2848
Epoch 35/300
49/50 ???????????????????? 0s 53ms/step - acc: 0.8949 - auc: 0.9592 - loss: 0.2586
Epoch 35: val_acc did not improve from 0.89079
50/50 ???????????????????? 3s 56ms/step - acc: 0.8947 - auc: 0.9590 - loss: 0.2590 - val_acc: 0.8895 - val_auc: 0.9487 - val_loss: 0.2893
Epoch 36/300
49/50 ???????????????????? 0s 53ms/step - acc: 0.8891 - auc: 0.9573 - loss: 0.2649
Epoch 36: val_acc did not improve from 0.89079
50/50 ???????????????????? 3s 57ms/step - acc: 0.8890 - auc: 0.9573 - loss: 0.2649 - val_acc: 0.8902 - val_auc: 0.9496 - val_loss: 0.2866
Epoch 37/300
49/50 ???????????????????? 0s 67ms/step - acc: 0.9025 - auc: 0.9626 - loss: 0.2478
Epoch 37: val_acc did not improve from 0.89079
50/50 ???????????????????? 4s 70ms/step - acc: 0.9024 - auc: 0.9626 - loss: 0.2479 - val_acc: 0.8819 - val_auc: 0.9466 - val_loss: 0.3003
Epoch 38/300
49/50 ???????????????????? 0s 62ms/step - acc: 0.8956 - auc: 0.9614 - loss: 0.2514
Epoch 38: val_acc did not improve from 0.89079
50/50 ???????????????????? 3s 67ms/step - acc: 0.8955 - auc: 0.9613 - loss: 0.2516 - val_acc: 0.8768 - val_auc: 0.9489 - val_loss: 0.2918
Epoch 39/300
49/50 ???????????????????? 0s 64ms/step - acc: 0.8983 - auc: 0.9622 - loss: 0.2484
Epoch 39: val_acc did not improve from 0.89079
50/50 ???????????????????? 3s 68ms/step - acc: 0.8983 - auc: 0.9622 - loss: 0.2485 - val_acc: 0.8895 - val_auc: 0.9511 - val_loss: 0.2821
Epoch 40/300
49/50 ???????????????????? 0s 63ms/step - acc: 0.8973 - auc: 0.9630 - loss: 0.2460
Epoch 40: val_acc did not improve from 0.89079
50/50 ???????????????????? 3s 67ms/step - acc: 0.8973 - auc: 0.9630 - loss: 0.2460 - val_acc: 0.8883 - val_auc: 0.9498 - val_loss: 0.2888
Epoch 41/300
49/50 ???????????????????? 0s 62ms/step - acc: 0.9012 - auc: 0.9620 - loss: 0.2490
Epoch 41: val_acc did not improve from 0.89079
50/50 ???????????????????? 3s 66ms/step - acc: 0.9010 - auc: 0.9620 - loss: 0.2491 - val_acc: 0.8902 - val_auc: 0.9485 - val_loss: 0.2987
Epoch 42/300
49/50 ???????????????????? 0s 62ms/step - acc: 0.8974 - auc: 0.9638 - loss: 0.2443
Epoch 42: val_acc did not improve from 0.89079
50/50 ???????????????????? 3s 66ms/step - acc: 0.8973 - auc: 0.9638 - loss: 0.2443 - val_acc: 0.8908 - val_auc: 0.9509 - val_loss: 0.2852
Epoch 43/300
49/50 ???????????????????? 0s 67ms/step - acc: 0.9003 - auc: 0.9651 - loss: 0.2398
Epoch 43: val_acc did not improve from 0.89079
50/50 ???????????????????? 4s 71ms/step - acc: 0.9002 - auc: 0.9651 - loss: 0.2397 - val_acc: 0.8870 - val_auc: 0.9506 - val_loss: 0.2892
Epoch 44/300
49/50 ???????????????????? 0s 57ms/step - acc: 0.9047 - auc: 0.9663 - loss: 0.2354
Epoch 44: val_acc did not improve from 0.89079
50/50 ???????????????????? 3s 60ms/step - acc: 0.9045 - auc: 0.9663 - loss: 0.2356 - val_acc: 0.8876 - val_auc: 0.9494 - val_loss: 0.2901
Epoch 45/300
49/50 ???????????????????? 0s 55ms/step - acc: 0.9072 - auc: 0.9688 - loss: 0.2263
Epoch 45: val_acc did not improve from 0.89079
50/50 ???????????????????? 3s 58ms/step - acc: 0.9069 - auc: 0.9687 - loss: 0.2266 - val_acc: 0.8800 - val_auc: 0.9478 - val_loss: 0.2946
Epoch 46/300
49/50 ???????????????????? 0s 59ms/step - acc: 0.8998 - auc: 0.9658 - loss: 0.2370
Epoch 46: val_acc did not improve from 0.89079
50/50 ???????????????????? 3s 63ms/step - acc: 0.9001 - auc: 0.9659 - loss: 0.2366 - val_acc: 0.8863 - val_auc: 0.9497 - val_loss: 0.2946
Epoch 47/300
49/50 ???????????????????? 0s 54ms/step - acc: 0.9079 - auc: 0.9705 - loss: 0.2205
Epoch 47: val_acc improved from 0.89079 to 0.89270, saving model to saved_models/best_MACSynDCR_CNN_model.keras
50/50 ???????????????????? 3s 59ms/step - acc: 0.9079 - auc: 0.9704 - loss: 0.2207 - val_acc: 0.8927 - val_auc: 0.9502 - val_loss: 0.2905
Epoch 48/300
49/50 ???????????????????? 0s 55ms/step - acc: 0.9032 - auc: 0.9668 - loss: 0.2333
Epoch 48: val_acc did not improve from 0.89270
50/50 ???????????????????? 3s 58ms/step - acc: 0.9032 - auc: 0.9668 - loss: 0.2332 - val_acc: 0.8851 - val_auc: 0.9494 - val_loss: 0.3016
Epoch 49/300
49/50 ???????????????????? 0s 57ms/step - acc: 0.9053 - auc: 0.9683 - loss: 0.2290
Epoch 49: val_acc did not improve from 0.89270
50/50 ???????????????????? 3s 62ms/step - acc: 0.9054 - auc: 0.9683 - loss: 0.2287 - val_acc: 0.8902 - val_auc: 0.9499 - val_loss: 0.2959
Epoch 50/300
49/50 ???????????????????? 0s 58ms/step - acc: 0.9066 - auc: 0.9696 - loss: 0.2235
Epoch 50: val_acc did not improve from 0.89270
50/50 ???????????????????? 3s 62ms/step - acc: 0.9065 - auc: 0.9697 - loss: 0.2234 - val_acc: 0.8914 - val_auc: 0.9519 - val_loss: 0.2878
Epoch 51/300
49/50 ???????????????????? 0s 55ms/step - acc: 0.9107 - auc: 0.9701 - loss: 0.2215
Epoch 51: val_acc did not improve from 0.89270
50/50 ???????????????????? 3s 59ms/step - acc: 0.9106 - auc: 0.9701 - loss: 0.2215 - val_acc: 0.8927 - val_auc: 0.9517 - val_loss: 0.2843
Epoch 52/300
50/50 ???????????????????? 0s 55ms/step - acc: 0.9138 - auc: 0.9745 - loss: 0.2057
Epoch 52: val_acc did not improve from 0.89270
50/50 ???????????????????? 3s 59ms/step - acc: 0.9137 - auc: 0.9745 - loss: 0.2058 - val_acc: 0.8825 - val_auc: 0.9497 - val_loss: 0.2927
Epoch 53/300
49/50 ???????????????????? 0s 58ms/step - acc: 0.9174 - auc: 0.9768 - loss: 0.1963
Epoch 53: val_acc did not improve from 0.89270
50/50 ???????????????????? 3s 62ms/step - acc: 0.9173 - auc: 0.9768 - loss: 0.1965 - val_acc: 0.8902 - val_auc: 0.9486 - val_loss: 0.3090
Epoch 54/300
49/50 ???????????????????? 0s 58ms/step - acc: 0.9164 - auc: 0.9750 - loss: 0.2028
Epoch 54: val_acc did not improve from 0.89270
50/50 ???????????????????? 3s 62ms/step - acc: 0.9163 - auc: 0.9750 - loss: 0.2029 - val_acc: 0.8844 - val_auc: 0.9500 - val_loss: 0.3011
Epoch 55/300
49/50 ???????????????????? 0s 61ms/step - acc: 0.9156 - auc: 0.9751 - loss: 0.2027
Epoch 55: val_acc did not improve from 0.89270
50/50 ???????????????????? 3s 66ms/step - acc: 0.9154 - auc: 0.9750 - loss: 0.2028 - val_acc: 0.8876 - val_auc: 0.9486 - val_loss: 0.3092
Epoch 56/300
50/50 ???????????????????? 0s 57ms/step - acc: 0.9178 - auc: 0.9769 - loss: 0.1950
Epoch 56: val_acc did not improve from 0.89270
50/50 ???????????????????? 3s 61ms/step - acc: 0.9177 - auc: 0.9769 - loss: 0.1952 - val_acc: 0.8857 - val_auc: 0.9474 - val_loss: 0.3040
Epoch 57/300
50/50 ???????????????????? 0s 56ms/step - acc: 0.9235 - auc: 0.9772 - loss: 0.1935
Epoch 57: val_acc did not improve from 0.89270
50/50 ???????????????????? 3s 61ms/step - acc: 0.9234 - auc: 0.9772 - loss: 0.1935 - val_acc: 0.8921 - val_auc: 0.9499 - val_loss: 0.2940
Epoch 58/300
49/50 ???????????????????? 0s 56ms/step - acc: 0.9157 - auc: 0.9764 - loss: 0.1978
Epoch 58: val_acc did not improve from 0.89270
50/50 ???????????????????? 3s 60ms/step - acc: 0.9159 - auc: 0.9764 - loss: 0.1978 - val_acc: 0.8921 - val_auc: 0.9494 - val_loss: 0.3073
Epoch 59/300
49/50 ???????????????????? 0s 56ms/step - acc: 0.9222 - auc: 0.9796 - loss: 0.1840
Epoch 59: val_acc did not improve from 0.89270
50/50 ???????????????????? 3s 59ms/step - acc: 0.9222 - auc: 0.9796 - loss: 0.1841 - val_acc: 0.8889 - val_auc: 0.9495 - val_loss: 0.3106
Epoch 60/300
50/50 ???????????????????? 0s 54ms/step - acc: 0.9263 - auc: 0.9800 - loss: 0.1804
Epoch 60: val_acc did not improve from 0.89270
50/50 ???????????????????? 3s 59ms/step - acc: 0.9263 - auc: 0.9800 - loss: 0.1804 - val_acc: 0.8902 - val_auc: 0.9495 - val_loss: 0.3147
Epoch 61/300
49/50 ???????????????????? 0s 56ms/step - acc: 0.9211 - auc: 0.9787 - loss: 0.1876
Epoch 61: val_acc did not improve from 0.89270
50/50 ???????????????????? 3s 60ms/step - acc: 0.9212 - auc: 0.9787 - loss: 0.1876 - val_acc: 0.8889 - val_auc: 0.9491 - val_loss: 0.3011
Epoch 62/300
49/50 ???????????????????? 0s 62ms/step - acc: 0.9256 - auc: 0.9806 - loss: 0.1795
Epoch 62: val_acc did not improve from 0.89270
50/50 ???????????????????? 3s 66ms/step - acc: 0.9255 - auc: 0.9805 - loss: 0.1797 - val_acc: 0.8851 - val_auc: 0.9487 - val_loss: 0.3168
Epoch 63/300
49/50 ???????????????????? 0s 56ms/step - acc: 0.9203 - auc: 0.9778 - loss: 0.1910
Epoch 63: val_acc did not improve from 0.89270
50/50 ???????????????????? 3s 60ms/step - acc: 0.9203 - auc: 0.9778 - loss: 0.1910 - val_acc: 0.8889 - val_auc: 0.9503 - val_loss: 0.3010
Epoch 64/300
49/50 ???????????????????? 0s 59ms/step - acc: 0.9366 - auc: 0.9835 - loss: 0.1671
Epoch 64: val_acc did not improve from 0.89270
50/50 ???????????????????? 3s 62ms/step - acc: 0.9364 - auc: 0.9834 - loss: 0.1674 - val_acc: 0.8870 - val_auc: 0.9499 - val_loss: 0.3062
Epoch 65/300
49/50 ???????????????????? 0s 58ms/step - acc: 0.9345 - auc: 0.9825 - loss: 0.1696
Epoch 65: val_acc did not improve from 0.89270
50/50 ???????????????????? 3s 62ms/step - acc: 0.9343 - auc: 0.9824 - loss: 0.1699 - val_acc: 0.8851 - val_auc: 0.9479 - val_loss: 0.3117
Epoch 66/300
49/50 ???????????????????? 0s 56ms/step - acc: 0.9309 - auc: 0.9820 - loss: 0.1725
Epoch 66: val_acc did not improve from 0.89270
50/50 ???????????????????? 3s 60ms/step - acc: 0.9307 - auc: 0.9819 - loss: 0.1728 - val_acc: 0.8876 - val_auc: 0.9477 - val_loss: 0.3131
Epoch 67/300
49/50 ???????????????????? 0s 59ms/step - acc: 0.9324 - auc: 0.9846 - loss: 0.1613
Epoch 67: val_acc did not improve from 0.89270
50/50 ???????????????????? 3s 63ms/step - acc: 0.9323 - auc: 0.9845 - loss: 0.1617 - val_acc: 0.8832 - val_auc: 0.9472 - val_loss: 0.3229
Epoch 68/300
49/50 ???????????????????? 0s 57ms/step - acc: 0.9331 - auc: 0.9851 - loss: 0.1551
Epoch 68: val_acc did not improve from 0.89270
50/50 ???????????????????? 3s 60ms/step - acc: 0.9331 - auc: 0.9851 - loss: 0.1554 - val_acc: 0.8851 - val_auc: 0.9473 - val_loss: 0.3247
Epoch 69/300
49/50 ???????????????????? 0s 58ms/step - acc: 0.9382 - auc: 0.9847 - loss: 0.1575
Epoch 69: val_acc did not improve from 0.89270
50/50 ???????????????????? 3s 62ms/step - acc: 0.9380 - auc: 0.9846 - loss: 0.1578 - val_acc: 0.8902 - val_auc: 0.9500 - val_loss: 0.3066
Epoch 70/300
49/50 ???????????????????? 0s 57ms/step - acc: 0.9395 - auc: 0.9849 - loss: 0.1569
Epoch 70: val_acc did not improve from 0.89270
50/50 ???????????????????? 3s 61ms/step - acc: 0.9393 - auc: 0.9849 - loss: 0.1571 - val_acc: 0.8863 - val_auc: 0.9464 - val_loss: 0.3293
Epoch 71/300
49/50 ???????????????????? 0s 63ms/step - acc: 0.9327 - auc: 0.9839 - loss: 0.1633
Epoch 71: val_acc did not improve from 0.89270
50/50 ???????????????????? 3s 67ms/step - acc: 0.9325 - auc: 0.9838 - loss: 0.1635 - val_acc: 0.8863 - val_auc: 0.9475 - val_loss: 0.3179
Epoch 72/300
49/50 ???????????????????? 0s 62ms/step - acc: 0.9429 - auc: 0.9860 - loss: 0.1531
Epoch 72: val_acc did not improve from 0.89270
50/50 ???????????????????? 3s 65ms/step - acc: 0.9428 - auc: 0.9859 - loss: 0.1533 - val_acc: 0.8902 - val_auc: 0.9500 - val_loss: 0.3140
Epoch 73/300
49/50 ???????????????????? 0s 61ms/step - acc: 0.9340 - auc: 0.9862 - loss: 0.1505
Epoch 73: val_acc did not improve from 0.89270
50/50 ???????????????????? 3s 65ms/step - acc: 0.9338 - auc: 0.9861 - loss: 0.1511 - val_acc: 0.8908 - val_auc: 0.9496 - val_loss: 0.3130
Epoch 74/300
49/50 ???????????????????? 0s 66ms/step - acc: 0.9429 - auc: 0.9851 - loss: 0.1548
Epoch 74: val_acc did not improve from 0.89270
50/50 ???????????????????? 4s 72ms/step - acc: 0.9427 - auc: 0.9851 - loss: 0.1548 - val_acc: 0.8876 - val_auc: 0.9485 - val_loss: 0.3297
Epoch 75/300
49/50 ???????????????????? 0s 62ms/step - acc: 0.9403 - auc: 0.9861 - loss: 0.1491
Epoch 75: val_acc did not improve from 0.89270
50/50 ???????????????????? 3s 66ms/step - acc: 0.9402 - auc: 0.9860 - loss: 0.1494 - val_acc: 0.8902 - val_auc: 0.9494 - val_loss: 0.3209
Epoch 76/300
49/50 ???????????????????? 0s 65ms/step - acc: 0.9441 - auc: 0.9869 - loss: 0.1456
Epoch 76: val_acc did not improve from 0.89270
50/50 ???????????????????? 3s 70ms/step - acc: 0.9440 - auc: 0.9869 - loss: 0.1456 - val_acc: 0.8921 - val_auc: 0.9481 - val_loss: 0.3291
Epoch 77/300
49/50 ???????????????????? 0s 64ms/step - acc: 0.9445 - auc: 0.9881 - loss: 0.1382
Epoch 77: val_acc did not improve from 0.89270
50/50 ???????????????????? 3s 67ms/step - acc: 0.9443 - auc: 0.9881 - loss: 0.1385 - val_acc: 0.8883 - val_auc: 0.9486 - val_loss: 0.3251
Epoch 78/300
49/50 ???????????????????? 0s 62ms/step - acc: 0.9424 - auc: 0.9872 - loss: 0.1448
Epoch 78: val_acc did not improve from 0.89270
50/50 ???????????????????? 3s 65ms/step - acc: 0.9423 - auc: 0.9872 - loss: 0.1449 - val_acc: 0.8838 - val_auc: 0.9501 - val_loss: 0.3247
Epoch 79/300
49/50 ???????????????????? 0s 61ms/step - acc: 0.9363 - auc: 0.9848 - loss: 0.1569
Epoch 79: val_acc did not improve from 0.89270
50/50 ???????????????????? 3s 65ms/step - acc: 0.9364 - auc: 0.9848 - loss: 0.1567 - val_acc: 0.8927 - val_auc: 0.9488 - val_loss: 0.3220
Epoch 80/300
49/50 ???????????????????? 0s 59ms/step - acc: 0.9362 - auc: 0.9846 - loss: 0.1580
Epoch 80: val_acc did not improve from 0.89270
50/50 ???????????????????? 3s 64ms/step - acc: 0.9362 - auc: 0.9847 - loss: 0.1578 - val_acc: 0.8895 - val_auc: 0.9503 - val_loss: 0.3340
Epoch 81/300
49/50 ???????????????????? 0s 65ms/step - acc: 0.9417 - auc: 0.9854 - loss: 0.1513
Epoch 81: val_acc did not improve from 0.89270
50/50 ???????????????????? 3s 69ms/step - acc: 0.9417 - auc: 0.9854 - loss: 0.1512 - val_acc: 0.8908 - val_auc: 0.9480 - val_loss: 0.3472
Epoch 82/300
49/50 ???????????????????? 0s 60ms/step - acc: 0.9425 - auc: 0.9879 - loss: 0.1407
Epoch 82: val_acc did not improve from 0.89270
50/50 ???????????????????? 3s 63ms/step - acc: 0.9425 - auc: 0.9879 - loss: 0.1408 - val_acc: 0.8883 - val_auc: 0.9490 - val_loss: 0.3382
Epoch 83/300
49/50 ???????????????????? 0s 58ms/step - acc: 0.9432 - auc: 0.9871 - loss: 0.1433
Epoch 83: val_acc did not improve from 0.89270
50/50 ???????????????????? 3s 62ms/step - acc: 0.9432 - auc: 0.9871 - loss: 0.1433 - val_acc: 0.8921 - val_auc: 0.9487 - val_loss: 0.3245
Epoch 84/300
49/50 ???????????????????? 0s 60ms/step - acc: 0.9491 - auc: 0.9902 - loss: 0.1265
Epoch 84: val_acc did not improve from 0.89270
50/50 ???????????????????? 3s 63ms/step - acc: 0.9488 - auc: 0.9902 - loss: 0.1269 - val_acc: 0.8889 - val_auc: 0.9496 - val_loss: 0.3326
Epoch 85/300
49/50 ???????????????????? 0s 58ms/step - acc: 0.9487 - auc: 0.9902 - loss: 0.1283
Epoch 85: val_acc did not improve from 0.89270
50/50 ???????????????????? 3s 62ms/step - acc: 0.9486 - auc: 0.9902 - loss: 0.1285 - val_acc: 0.8902 - val_auc: 0.9475 - val_loss: 0.3487
Epoch 86/300
49/50 ???????????????????? 0s 59ms/step - acc: 0.9439 - auc: 0.9887 - loss: 0.1364
Epoch 86: val_acc did not improve from 0.89270
50/50 ???????????????????? 3s 63ms/step - acc: 0.9439 - auc: 0.9887 - loss: 0.1363 - val_acc: 0.8902 - val_auc: 0.9475 - val_loss: 0.3409
Epoch 87/300
49/50 ???????????????????? 0s 56ms/step - acc: 0.9518 - auc: 0.9902 - loss: 0.1257
Epoch 87: val_acc did not improve from 0.89270
50/50 ???????????????????? 5s 60ms/step - acc: 0.9517 - auc: 0.9902 - loss: 0.1258 - val_acc: 0.8883 - val_auc: 0.9453 - val_loss: 0.3602
Epoch 88/300
49/50 ???????????????????? 0s 59ms/step - acc: 0.9470 - auc: 0.9898 - loss: 0.1286
Epoch 88: val_acc did not improve from 0.89270
50/50 ???????????????????? 3s 62ms/step - acc: 0.9469 - auc: 0.9898 - loss: 0.1288 - val_acc: 0.8870 - val_auc: 0.9465 - val_loss: 0.3624
Epoch 89/300
49/50 ???????????????????? 0s 56ms/step - acc: 0.9549 - auc: 0.9917 - loss: 0.1157
Epoch 89: val_acc did not improve from 0.89270
50/50 ???????????????????? 3s 60ms/step - acc: 0.9547 - auc: 0.9916 - loss: 0.1160 - val_acc: 0.8914 - val_auc: 0.9469 - val_loss: 0.3635
Epoch 90/300
49/50 ???????????????????? 0s 56ms/step - acc: 0.9461 - auc: 0.9897 - loss: 0.1282
Epoch 90: val_acc did not improve from 0.89270
50/50 ???????????????????? 3s 60ms/step - acc: 0.9461 - auc: 0.9897 - loss: 0.1284 - val_acc: 0.8844 - val_auc: 0.9488 - val_loss: 0.3317
Epoch 91/300
49/50 ???????????????????? 0s 56ms/step - acc: 0.9549 - auc: 0.9908 - loss: 0.1201
Epoch 91: val_acc improved from 0.89270 to 0.89460, saving model to saved_models/best_MACSynDCR_CNN_model.keras
50/50 ???????????????????? 3s 61ms/step - acc: 0.9547 - auc: 0.9908 - loss: 0.1205 - val_acc: 0.8946 - val_auc: 0.9509 - val_loss: 0.3288
Epoch 92/300
49/50 ???????????????????? 0s 58ms/step - acc: 0.9530 - auc: 0.9909 - loss: 0.1222
Epoch 92: val_acc did not improve from 0.89460
50/50 ???????????????????? 3s 61ms/step - acc: 0.9529 - auc: 0.9908 - loss: 0.1223 - val_acc: 0.8908 - val_auc: 0.9494 - val_loss: 0.3443
Epoch 93/300
49/50 ???????????????????? 0s 57ms/step - acc: 0.9558 - auc: 0.9927 - loss: 0.1086
Epoch 93: val_acc did not improve from 0.89460
50/50 ???????????????????? 3s 60ms/step - acc: 0.9556 - auc: 0.9926 - loss: 0.1090 - val_acc: 0.8908 - val_auc: 0.9488 - val_loss: 0.3452
Epoch 94/300
49/50 ???????????????????? 0s 59ms/step - acc: 0.9536 - auc: 0.9902 - loss: 0.1262
Epoch 94: val_acc improved from 0.89460 to 0.89651, saving model to saved_models/best_MACSynDCR_CNN_model.keras
50/50 ???????????????????? 3s 64ms/step - acc: 0.9534 - auc: 0.9902 - loss: 0.1265 - val_acc: 0.8965 - val_auc: 0.9507 - val_loss: 0.3303
Epoch 95/300
49/50 ???????????????????? 0s 56ms/step - acc: 0.9501 - auc: 0.9900 - loss: 0.1251
Epoch 95: val_acc did not improve from 0.89651
50/50 ???????????????????? 3s 59ms/step - acc: 0.9501 - auc: 0.9900 - loss: 0.1250 - val_acc: 0.8838 - val_auc: 0.9496 - val_loss: 0.3470
Epoch 96/300
49/50 ???????????????????? 0s 55ms/step - acc: 0.9534 - auc: 0.9927 - loss: 0.1081
Epoch 96: val_acc did not improve from 0.89651
50/50 ???????????????????? 3s 58ms/step - acc: 0.9533 - auc: 0.9927 - loss: 0.1083 - val_acc: 0.8819 - val_auc: 0.9488 - val_loss: 0.3482
Epoch 97/300
49/50 ???????????????????? 0s 55ms/step - acc: 0.9512 - auc: 0.9914 - loss: 0.1184
Epoch 97: val_acc did not improve from 0.89651
50/50 ???????????????????? 3s 58ms/step - acc: 0.9511 - auc: 0.9914 - loss: 0.1184 - val_acc: 0.8908 - val_auc: 0.9504 - val_loss: 0.3391
Epoch 98/300
49/50 ???????????????????? 0s 55ms/step - acc: 0.9497 - auc: 0.9920 - loss: 0.1160
Epoch 98: val_acc did not improve from 0.89651
50/50 ???????????????????? 3s 58ms/step - acc: 0.9498 - auc: 0.9920 - loss: 0.1160 - val_acc: 0.8965 - val_auc: 0.9507 - val_loss: 0.3418
Epoch 99/300
49/50 ???????????????????? 0s 57ms/step - acc: 0.9504 - auc: 0.9907 - loss: 0.1227
Epoch 99: val_acc did not improve from 0.89651
50/50 ???????????????????? 3s 62ms/step - acc: 0.9505 - auc: 0.9908 - loss: 0.1226 - val_acc: 0.8914 - val_auc: 0.9502 - val_loss: 0.3515
Epoch 100/300
49/50 ???????????????????? 0s 57ms/step - acc: 0.9575 - auc: 0.9923 - loss: 0.1120
Epoch 100: val_acc did not improve from 0.89651
50/50 ???????????????????? 3s 61ms/step - acc: 0.9573 - auc: 0.9922 - loss: 0.1124 - val_acc: 0.8908 - val_auc: 0.9497 - val_loss: 0.3438
Epoch 101/300
50/50 ???????????????????? 0s 54ms/step - acc: 0.9591 - auc: 0.9930 - loss: 0.1070
Epoch 101: val_acc improved from 0.89651 to 0.89968, saving model to saved_models/best_MACSynDCR_CNN_model.keras
50/50 ???????????????????? 3s 60ms/step - acc: 0.9591 - auc: 0.9930 - loss: 0.1071 - val_acc: 0.8997 - val_auc: 0.9517 - val_loss: 0.3371
Epoch 102/300
49/50 ???????????????????? 0s 55ms/step - acc: 0.9580 - auc: 0.9918 - loss: 0.1117
Epoch 102: val_acc did not improve from 0.89968
50/50 ???????????????????? 3s 59ms/step - acc: 0.9580 - auc: 0.9918 - loss: 0.1117 - val_acc: 0.8940 - val_auc: 0.9498 - val_loss: 0.3574
Epoch 103/300
49/50 ???????????????????? 0s 54ms/step - acc: 0.9531 - auc: 0.9914 - loss: 0.1178
Epoch 103: val_acc did not improve from 0.89968
50/50 ???????????????????? 3s 57ms/step - acc: 0.9531 - auc: 0.9914 - loss: 0.1177 - val_acc: 0.8940 - val_auc: 0.9485 - val_loss: 0.3588
Epoch 104/300
49/50 ???????????????????? 0s 55ms/step - acc: 0.9665 - auc: 0.9945 - loss: 0.0915
Epoch 104: val_acc did not improve from 0.89968
50/50 ???????????????????? 3s 58ms/step - acc: 0.9663 - auc: 0.9945 - loss: 0.0920 - val_acc: 0.8921 - val_auc: 0.9516 - val_loss: 0.3362
Epoch 105/300
49/50 ???????????????????? 0s 55ms/step - acc: 0.9565 - auc: 0.9935 - loss: 0.1027
Epoch 105: val_acc did not improve from 0.89968
50/50 ???????????????????? 3s 59ms/step - acc: 0.9565 - auc: 0.9935 - loss: 0.1028 - val_acc: 0.8876 - val_auc: 0.9474 - val_loss: 0.3649
Epoch 106/300
49/50 ???????????????????? 0s 55ms/step - acc: 0.9599 - auc: 0.9935 - loss: 0.1011
Epoch 106: val_acc did not improve from 0.89968
50/50 ???????????????????? 3s 59ms/step - acc: 0.9598 - auc: 0.9935 - loss: 0.1012 - val_acc: 0.8927 - val_auc: 0.9467 - val_loss: 0.3822
Epoch 107/300
49/50 ???????????????????? 0s 56ms/step - acc: 0.9605 - auc: 0.9939 - loss: 0.0992
Epoch 107: val_acc did not improve from 0.89968
50/50 ???????????????????? 3s 60ms/step - acc: 0.9605 - auc: 0.9938 - loss: 0.0994 - val_acc: 0.8902 - val_auc: 0.9499 - val_loss: 0.3574
Epoch 108/300
49/50 ???????????????????? 0s 57ms/step - acc: 0.9618 - auc: 0.9943 - loss: 0.0941
Epoch 108: val_acc did not improve from 0.89968
50/50 ???????????????????? 3s 60ms/step - acc: 0.9618 - auc: 0.9943 - loss: 0.0943 - val_acc: 0.8990 - val_auc: 0.9514 - val_loss: 0.3457
Epoch 109/300
49/50 ???????????????????? 0s 57ms/step - acc: 0.9584 - auc: 0.9934 - loss: 0.1012
Epoch 109: val_acc did not improve from 0.89968
50/50 ???????????????????? 3s 61ms/step - acc: 0.9584 - auc: 0.9934 - loss: 0.1013 - val_acc: 0.8946 - val_auc: 0.9484 - val_loss: 0.3596
Epoch 110/300
49/50 ???????????????????? 0s 58ms/step - acc: 0.9634 - auc: 0.9940 - loss: 0.0956
Epoch 110: val_acc did not improve from 0.89968
50/50 ???????????????????? 3s 62ms/step - acc: 0.9633 - auc: 0.9940 - loss: 0.0959 - val_acc: 0.8883 - val_auc: 0.9482 - val_loss: 0.3726
Epoch 111/300
49/50 ???????????????????? 0s 58ms/step - acc: 0.9599 - auc: 0.9934 - loss: 0.1022
Epoch 111: val_acc improved from 0.89968 to 0.90095, saving model to saved_models/best_MACSynDCR_CNN_model.keras
50/50 ???????????????????? 3s 62ms/step - acc: 0.9600 - auc: 0.9934 - loss: 0.1021 - val_acc: 0.9010 - val_auc: 0.9517 - val_loss: 0.3560
Epoch 112/300
49/50 ???????????????????? 0s 57ms/step - acc: 0.9651 - auc: 0.9945 - loss: 0.0938
Epoch 112: val_acc did not improve from 0.90095
50/50 ???????????????????? 3s 61ms/step - acc: 0.9650 - auc: 0.9945 - loss: 0.0939 - val_acc: 0.8883 - val_auc: 0.9499 - val_loss: 0.3703
Epoch 113/300
49/50 ???????????????????? 0s 59ms/step - acc: 0.9534 - auc: 0.9917 - loss: 0.1156
Epoch 113: val_acc did not improve from 0.90095
50/50 ???????????????????? 3s 62ms/step - acc: 0.9535 - auc: 0.9917 - loss: 0.1154 - val_acc: 0.8946 - val_auc: 0.9511 - val_loss: 0.3600
Epoch 114/300
49/50 ???????????????????? 0s 59ms/step - acc: 0.9653 - auc: 0.9950 - loss: 0.0900
Epoch 114: val_acc did not improve from 0.90095
50/50 ???????????????????? 3s 64ms/step - acc: 0.9652 - auc: 0.9950 - loss: 0.0901 - val_acc: 0.8927 - val_auc: 0.9485 - val_loss: 0.3875
Epoch 115/300
50/50 ???????????????????? 0s 59ms/step - acc: 0.9600 - auc: 0.9937 - loss: 0.1013
Epoch 115: val_acc did not improve from 0.90095
50/50 ???????????????????? 3s 64ms/step - acc: 0.9599 - auc: 0.9937 - loss: 0.1015 - val_acc: 0.8876 - val_auc: 0.9489 - val_loss: 0.3671
Epoch 116/300
49/50 ???????????????????? 0s 57ms/step - acc: 0.9657 - auc: 0.9948 - loss: 0.0930
Epoch 116: val_acc did not improve from 0.90095
50/50 ???????????????????? 3s 61ms/step - acc: 0.9657 - auc: 0.9948 - loss: 0.0930 - val_acc: 0.8902 - val_auc: 0.9494 - val_loss: 0.3753
Epoch 117/300
50/50 ???????????????????? 0s 55ms/step - acc: 0.9668 - auc: 0.9954 - loss: 0.0840
Epoch 117: val_acc did not improve from 0.90095
50/50 ???????????????????? 3s 59ms/step - acc: 0.9668 - auc: 0.9954 - loss: 0.0840 - val_acc: 0.8927 - val_auc: 0.9482 - val_loss: 0.3811
Epoch 118/300
49/50 ???????????????????? 0s 57ms/step - acc: 0.9634 - auc: 0.9944 - loss: 0.0949
Epoch 118: val_acc did not improve from 0.90095
50/50 ???????????????????? 3s 61ms/step - acc: 0.9634 - auc: 0.9944 - loss: 0.0949 - val_acc: 0.8952 - val_auc: 0.9482 - val_loss: 0.3787
Epoch 119/300
49/50 ???????????????????? 0s 62ms/step - acc: 0.9606 - auc: 0.9936 - loss: 0.0995
Epoch 119: val_acc did not improve from 0.90095
50/50 ???????????????????? 3s 66ms/step - acc: 0.9606 - auc: 0.9936 - loss: 0.0994 - val_acc: 0.8933 - val_auc: 0.9471 - val_loss: 0.3938
Epoch 120/300
49/50 ???????????????????? 0s 58ms/step - acc: 0.9613 - auc: 0.9935 - loss: 0.1001
Epoch 120: val_acc did not improve from 0.90095
50/50 ???????????????????? 3s 62ms/step - acc: 0.9613 - auc: 0.9935 - loss: 0.1001 - val_acc: 0.8927 - val_auc: 0.9503 - val_loss: 0.3594
Epoch 121/300
49/50 ???????????????????? 0s 58ms/step - acc: 0.9587 - auc: 0.9937 - loss: 0.0995
Epoch 121: val_acc did not improve from 0.90095
50/50 ???????????????????? 3s 62ms/step - acc: 0.9588 - auc: 0.9938 - loss: 0.0992 - val_acc: 0.8971 - val_auc: 0.9497 - val_loss: 0.3872
Epoch 122/300
49/50 ???????????????????? 0s 57ms/step - acc: 0.9685 - auc: 0.9951 - loss: 0.0857
Epoch 122: val_acc did not improve from 0.90095
50/50 ???????????????????? 3s 61ms/step - acc: 0.9683 - auc: 0.9950 - loss: 0.0860 - val_acc: 0.8978 - val_auc: 0.9499 - val_loss: 0.3754
Epoch 123/300
49/50 ???????????????????? 0s 56ms/step - acc: 0.9684 - auc: 0.9952 - loss: 0.0835
Epoch 123: val_acc did not improve from 0.90095
50/50 ???????????????????? 3s 59ms/step - acc: 0.9684 - auc: 0.9952 - loss: 0.0836 - val_acc: 0.8990 - val_auc: 0.9505 - val_loss: 0.3646
Epoch 124/300
49/50 ???????????????????? 0s 56ms/step - acc: 0.9605 - auc: 0.9938 - loss: 0.0964
Epoch 124: val_acc did not improve from 0.90095
50/50 ???????????????????? 3s 59ms/step - acc: 0.9605 - auc: 0.9938 - loss: 0.0963 - val_acc: 0.8984 - val_auc: 0.9481 - val_loss: 0.3772
Epoch 125/300
49/50 ???????????????????? 0s 57ms/step - acc: 0.9697 - auc: 0.9951 - loss: 0.0847
Epoch 125: val_acc did not improve from 0.90095
50/50 ???????????????????? 3s 61ms/step - acc: 0.9696 - auc: 0.9951 - loss: 0.0849 - val_acc: 0.8959 - val_auc: 0.9492 - val_loss: 0.3694
Epoch 126/300
49/50 ???????????????????? 0s 57ms/step - acc: 0.9657 - auc: 0.9954 - loss: 0.0853
Epoch 126: val_acc did not improve from 0.90095
50/50 ???????????????????? 3s 61ms/step - acc: 0.9658 - auc: 0.9954 - loss: 0.0853 - val_acc: 0.8908 - val_auc: 0.9500 - val_loss: 0.3752
Epoch 127/300
50/50 ???????????????????? 0s 57ms/step - acc: 0.9635 - auc: 0.9943 - loss: 0.0920
Epoch 127: val_acc did not improve from 0.90095
50/50 ???????????????????? 3s 61ms/step - acc: 0.9635 - auc: 0.9943 - loss: 0.0920 - val_acc: 0.8990 - val_auc: 0.9540 - val_loss: 0.3564
Epoch 128/300
49/50 ???????????????????? 0s 57ms/step - acc: 0.9618 - auc: 0.9939 - loss: 0.0984
Epoch 128: val_acc improved from 0.90095 to 0.90222, saving model to saved_models/best_MACSynDCR_CNN_model.keras
50/50 ???????????????????? 3s 62ms/step - acc: 0.9618 - auc: 0.9939 - loss: 0.0982 - val_acc: 0.9022 - val_auc: 0.9479 - val_loss: 0.3880
Epoch 129/300
49/50 ???????????????????? 0s 59ms/step - acc: 0.9640 - auc: 0.9950 - loss: 0.0872
Epoch 129: val_acc did not improve from 0.90222
50/50 ???????????????????? 3s 63ms/step - acc: 0.9640 - auc: 0.9949 - loss: 0.0874 - val_acc: 0.8965 - val_auc: 0.9537 - val_loss: 0.3439
Epoch 130/300
49/50 ???????????????????? 0s 61ms/step - acc: 0.9676 - auc: 0.9946 - loss: 0.0886
Epoch 130: val_acc did not improve from 0.90222
50/50 ???????????????????? 3s 64ms/step - acc: 0.9675 - auc: 0.9946 - loss: 0.0887 - val_acc: 0.9003 - val_auc: 0.9502 - val_loss: 0.3878
Epoch 131/300
49/50 ???????????????????? 0s 57ms/step - acc: 0.9681 - auc: 0.9952 - loss: 0.0842
Epoch 131: val_acc did not improve from 0.90222
50/50 ???????????????????? 3s 60ms/step - acc: 0.9681 - auc: 0.9952 - loss: 0.0843 - val_acc: 0.8927 - val_auc: 0.9492 - val_loss: 0.3811
Epoch 132/300
49/50 ???????????????????? 0s 58ms/step - acc: 0.9741 - auc: 0.9961 - loss: 0.0749
Epoch 132: val_acc did not improve from 0.90222
50/50 ???????????????????? 3s 62ms/step - acc: 0.9739 - auc: 0.9960 - loss: 0.0754 - val_acc: 0.8940 - val_auc: 0.9520 - val_loss: 0.3649
Epoch 133/300
49/50 ???????????????????? 0s 57ms/step - acc: 0.9638 - auc: 0.9943 - loss: 0.0916
Epoch 133: val_acc did not improve from 0.90222
50/50 ???????????????????? 3s 61ms/step - acc: 0.9639 - auc: 0.9943 - loss: 0.0914 - val_acc: 0.8908 - val_auc: 0.9473 - val_loss: 0.3947
Epoch 134/300
49/50 ???????????????????? 0s 56ms/step - acc: 0.9669 - auc: 0.9946 - loss: 0.0892
Epoch 134: val_acc did not improve from 0.90222
50/50 ???????????????????? 3s 60ms/step - acc: 0.9670 - auc: 0.9946 - loss: 0.0890 - val_acc: 0.9016 - val_auc: 0.9515 - val_loss: 0.3865
Epoch 135/300
49/50 ???????????????????? 0s 58ms/step - acc: 0.9686 - auc: 0.9956 - loss: 0.0828
Epoch 135: val_acc did not improve from 0.90222
50/50 ???????????????????? 3s 62ms/step - acc: 0.9686 - auc: 0.9956 - loss: 0.0828 - val_acc: 0.8965 - val_auc: 0.9508 - val_loss: 0.3615
Epoch 136/300
49/50 ???????????????????? 0s 59ms/step - acc: 0.9685 - auc: 0.9958 - loss: 0.0823
Epoch 136: val_acc did not improve from 0.90222
50/50 ???????????????????? 3s 63ms/step - acc: 0.9686 - auc: 0.9958 - loss: 0.0822 - val_acc: 0.8940 - val_auc: 0.9518 - val_loss: 0.3759
Epoch 137/300
49/50 ???????????????????? 0s 58ms/step - acc: 0.9663 - auc: 0.9958 - loss: 0.0808
Epoch 137: val_acc did not improve from 0.90222
50/50 ???????????????????? 3s 62ms/step - acc: 0.9662 - auc: 0.9958 - loss: 0.0809 - val_acc: 0.8984 - val_auc: 0.9513 - val_loss: 0.3767
Epoch 138/300
49/50 ???????????????????? 0s 58ms/step - acc: 0.9655 - auc: 0.9951 - loss: 0.0891
Epoch 138: val_acc did not improve from 0.90222
50/50 ???????????????????? 3s 63ms/step - acc: 0.9656 - auc: 0.9951 - loss: 0.0889 - val_acc: 0.8965 - val_auc: 0.9480 - val_loss: 0.3980
Epoch 139/300
50/50 ???????????????????? 0s 57ms/step - acc: 0.9679 - auc: 0.9953 - loss: 0.0843
Epoch 139: val_acc did not improve from 0.90222
50/50 ???????????????????? 3s 61ms/step - acc: 0.9679 - auc: 0.9954 - loss: 0.0843 - val_acc: 0.8895 - val_auc: 0.9510 - val_loss: 0.3798
Epoch 140/300
49/50 ???????????????????? 0s 56ms/step - acc: 0.9676 - auc: 0.9942 - loss: 0.0915
Epoch 140: val_acc did not improve from 0.90222
50/50 ???????????????????? 3s 60ms/step - acc: 0.9677 - auc: 0.9942 - loss: 0.0912 - val_acc: 0.8908 - val_auc: 0.9485 - val_loss: 0.4009
Epoch 141/300
49/50 ???????????????????? 0s 57ms/step - acc: 0.9670 - auc: 0.9962 - loss: 0.0782
Epoch 141: val_acc did not improve from 0.90222
50/50 ???????????????????? 3s 61ms/step - acc: 0.9670 - auc: 0.9962 - loss: 0.0783 - val_acc: 0.8997 - val_auc: 0.9503 - val_loss: 0.3815
Epoch 142/300
49/50 ???????????????????? 0s 57ms/step - acc: 0.9720 - auc: 0.9952 - loss: 0.0813
Epoch 142: val_acc did not improve from 0.90222
50/50 ???????????????????? 3s 61ms/step - acc: 0.9719 - auc: 0.9952 - loss: 0.0812 - val_acc: 0.8933 - val_auc: 0.9505 - val_loss: 0.3866
Epoch 143/300
49/50 ???????????????????? 0s 56ms/step - acc: 0.9739 - auc: 0.9968 - loss: 0.0701
Epoch 143: val_acc did not improve from 0.90222
50/50 ???????????????????? 3s 60ms/step - acc: 0.9737 - auc: 0.9967 - loss: 0.0705 - val_acc: 0.8946 - val_auc: 0.9485 - val_loss: 0.3995
Epoch 144/300
49/50 ???????????????????? 0s 57ms/step - acc: 0.9687 - auc: 0.9959 - loss: 0.0784
Epoch 144: val_acc did not improve from 0.90222
50/50 ???????????????????? 3s 60ms/step - acc: 0.9687 - auc: 0.9959 - loss: 0.0786 - val_acc: 0.8933 - val_auc: 0.9511 - val_loss: 0.3828
Epoch 145/300
49/50 ???????????????????? 0s 59ms/step - acc: 0.9718 - auc: 0.9953 - loss: 0.0815
Epoch 145: val_acc did not improve from 0.90222
50/50 ???????????????????? 3s 63ms/step - acc: 0.9717 - auc: 0.9953 - loss: 0.0814 - val_acc: 0.8978 - val_auc: 0.9494 - val_loss: 0.3795
Epoch 146/300
49/50 ???????????????????? 0s 58ms/step - acc: 0.9727 - auc: 0.9971 - loss: 0.0679
Epoch 146: val_acc did not improve from 0.90222
50/50 ???????????????????? 3s 61ms/step - acc: 0.9726 - auc: 0.9971 - loss: 0.0682 - val_acc: 0.8927 - val_auc: 0.9493 - val_loss: 0.3980
Epoch 147/300
49/50 ???????????????????? 0s 57ms/step - acc: 0.9723 - auc: 0.9962 - loss: 0.0724
Epoch 147: val_acc did not improve from 0.90222
50/50 ???????????????????? 3s 61ms/step - acc: 0.9721 - auc: 0.9962 - loss: 0.0727 - val_acc: 0.8959 - val_auc: 0.9507 - val_loss: 0.3661
Epoch 148/300
50/50 ???????????????????? 0s 57ms/step - acc: 0.9703 - auc: 0.9961 - loss: 0.0768
Epoch 148: val_acc did not improve from 0.90222
50/50 ???????????????????? 3s 61ms/step - acc: 0.9703 - auc: 0.9961 - loss: 0.0767 - val_acc: 0.8876 - val_auc: 0.9477 - val_loss: 0.4114
Epoch 149/300
49/50 ???????????????????? 0s 57ms/step - acc: 0.9726 - auc: 0.9960 - loss: 0.0747
Epoch 149: val_acc did not improve from 0.90222
50/50 ???????????????????? 3s 61ms/step - acc: 0.9726 - auc: 0.9960 - loss: 0.0747 - val_acc: 0.8946 - val_auc: 0.9467 - val_loss: 0.4041
Epoch 150/300
49/50 ???????????????????? 0s 58ms/step - acc: 0.9750 - auc: 0.9975 - loss: 0.0651
Epoch 150: val_acc did not improve from 0.90222
50/50 ???????????????????? 3s 62ms/step - acc: 0.9749 - auc: 0.9975 - loss: 0.0652 - val_acc: 0.8940 - val_auc: 0.9460 - val_loss: 0.4128
Epoch 151/300
49/50 ???????????????????? 0s 58ms/step - acc: 0.9732 - auc: 0.9960 - loss: 0.0727
Epoch 151: val_acc did not improve from 0.90222
50/50 ???????????????????? 3s 62ms/step - acc: 0.9732 - auc: 0.9960 - loss: 0.0728 - val_acc: 0.8997 - val_auc: 0.9496 - val_loss: 0.4058
Epoch 152/300
49/50 ???????????????????? 0s 58ms/step - acc: 0.9713 - auc: 0.9964 - loss: 0.0752
Epoch 152: val_acc did not improve from 0.90222
50/50 ???????????????????? 3s 61ms/step - acc: 0.9712 - auc: 0.9964 - loss: 0.0752 - val_acc: 0.8914 - val_auc: 0.9483 - val_loss: 0.4138
Epoch 153/300
49/50 ???????????????????? 0s 57ms/step - acc: 0.9651 - auc: 0.9960 - loss: 0.0792
Epoch 153: val_acc did not improve from 0.90222
50/50 ???????????????????? 3s 61ms/step - acc: 0.9652 - auc: 0.9960 - loss: 0.0790 - val_acc: 0.8933 - val_auc: 0.9526 - val_loss: 0.3935
Epoch 154/300
49/50 ???????????????????? 0s 58ms/step - acc: 0.9792 - auc: 0.9968 - loss: 0.0643
Epoch 154: val_acc did not improve from 0.90222
50/50 ???????????????????? 3s 62ms/step - acc: 0.9791 - auc: 0.9968 - loss: 0.0644 - val_acc: 0.9016 - val_auc: 0.9517 - val_loss: 0.3908
Epoch 155/300
49/50 ???????????????????? 0s 56ms/step - acc: 0.9675 - auc: 0.9963 - loss: 0.0783
Epoch 155: val_acc did not improve from 0.90222
50/50 ???????????????????? 3s 59ms/step - acc: 0.9676 - auc: 0.9963 - loss: 0.0782 - val_acc: 0.9016 - val_auc: 0.9500 - val_loss: 0.3999
Epoch 156/300
49/50 ???????????????????? 0s 57ms/step - acc: 0.9734 - auc: 0.9953 - loss: 0.0732
Epoch 156: val_acc did not improve from 0.90222
50/50 ???????????????????? 3s 61ms/step - acc: 0.9734 - auc: 0.9953 - loss: 0.0732 - val_acc: 0.8990 - val_auc: 0.9513 - val_loss: 0.3914
Epoch 157/300
49/50 ???????????????????? 0s 59ms/step - acc: 0.9803 - auc: 0.9974 - loss: 0.0577
Epoch 157: val_acc did not improve from 0.90222
50/50 ???????????????????? 3s 62ms/step - acc: 0.9802 - auc: 0.9974 - loss: 0.0579 - val_acc: 0.8971 - val_auc: 0.9482 - val_loss: 0.4166
Epoch 158/300
49/50 ???????????????????? 0s 62ms/step - acc: 0.9761 - auc: 0.9968 - loss: 0.0641
Epoch 158: val_acc did not improve from 0.90222
50/50 ???????????????????? 3s 66ms/step - acc: 0.9760 - auc: 0.9968 - loss: 0.0643 - val_acc: 0.8997 - val_auc: 0.9498 - val_loss: 0.3881
Epoch 159/300
49/50 ???????????????????? 0s 55ms/step - acc: 0.9779 - auc: 0.9973 - loss: 0.0593
Epoch 159: val_acc did not improve from 0.90222
50/50 ???????????????????? 3s 59ms/step - acc: 0.9777 - auc: 0.9973 - loss: 0.0597 - val_acc: 0.8940 - val_auc: 0.9532 - val_loss: 0.3674
Epoch 160/300
49/50 ???????????????????? 0s 56ms/step - acc: 0.9704 - auc: 0.9969 - loss: 0.0721
Epoch 160: val_acc did not improve from 0.90222
50/50 ???????????????????? 3s 59ms/step - acc: 0.9704 - auc: 0.9969 - loss: 0.0721 - val_acc: 0.8940 - val_auc: 0.9499 - val_loss: 0.3991
Epoch 161/300
49/50 ???????????????????? 0s 55ms/step - acc: 0.9768 - auc: 0.9973 - loss: 0.0635
Epoch 161: val_acc did not improve from 0.90222
50/50 ???????????????????? 3s 59ms/step - acc: 0.9767 - auc: 0.9973 - loss: 0.0637 - val_acc: 0.8965 - val_auc: 0.9504 - val_loss: 0.3905
Epoch 162/300
49/50 ???????????????????? 0s 57ms/step - acc: 0.9761 - auc: 0.9976 - loss: 0.0618
Epoch 162: val_acc did not improve from 0.90222
50/50 ???????????????????? 3s 61ms/step - acc: 0.9760 - auc: 0.9975 - loss: 0.0620 - val_acc: 0.8946 - val_auc: 0.9509 - val_loss: 0.3915
Epoch 163/300
49/50 ???????????????????? 0s 56ms/step - acc: 0.9782 - auc: 0.9976 - loss: 0.0586
Epoch 163: val_acc did not improve from 0.90222
50/50 ???????????????????? 3s 59ms/step - acc: 0.9781 - auc: 0.9975 - loss: 0.0588 - val_acc: 0.8984 - val_auc: 0.9531 - val_loss: 0.4108
Epoch 164/300
49/50 ???????????????????? 0s 55ms/step - acc: 0.9713 - auc: 0.9961 - loss: 0.0777
Epoch 164: val_acc did not improve from 0.90222
50/50 ???????????????????? 3s 58ms/step - acc: 0.9713 - auc: 0.9960 - loss: 0.0778 - val_acc: 0.8946 - val_auc: 0.9496 - val_loss: 0.3909
Epoch 165/300
49/50 ???????????????????? 0s 55ms/step - acc: 0.9778 - auc: 0.9979 - loss: 0.0588
Epoch 165: val_acc did not improve from 0.90222
50/50 ???????????????????? 3s 59ms/step - acc: 0.9778 - auc: 0.9979 - loss: 0.0589 - val_acc: 0.8959 - val_auc: 0.9523 - val_loss: 0.4124
Epoch 166/300
49/50 ???????????????????? 0s 56ms/step - acc: 0.9768 - auc: 0.9973 - loss: 0.0647
Epoch 166: val_acc did not improve from 0.90222
50/50 ???????????????????? 3s 60ms/step - acc: 0.9767 - auc: 0.9972 - loss: 0.0647 - val_acc: 0.8978 - val_auc: 0.9505 - val_loss: 0.4008
Epoch 167/300
49/50 ???????????????????? 0s 56ms/step - acc: 0.9757 - auc: 0.9976 - loss: 0.0610
Epoch 167: val_acc did not improve from 0.90222
50/50 ???????????????????? 3s 60ms/step - acc: 0.9757 - auc: 0.9976 - loss: 0.0610 - val_acc: 0.9010 - val_auc: 0.9517 - val_loss: 0.4010
Epoch 168/300
49/50 ???????????????????? 0s 57ms/step - acc: 0.9794 - auc: 0.9982 - loss: 0.0525
Epoch 168: val_acc did not improve from 0.90222
50/50 ???????????????????? 3s 60ms/step - acc: 0.9794 - auc: 0.9981 - loss: 0.0527 - val_acc: 0.8978 - val_auc: 0.9504 - val_loss: 0.4105
Epoch 169/300
49/50 ???????????????????? 0s 57ms/step - acc: 0.9769 - auc: 0.9971 - loss: 0.0637
Epoch 169: val_acc did not improve from 0.90222
50/50 ???????????????????? 3s 60ms/step - acc: 0.9768 - auc: 0.9971 - loss: 0.0637 - val_acc: 0.8971 - val_auc: 0.9525 - val_loss: 0.3989
Epoch 170/300
49/50 ???????????????????? 0s 56ms/step - acc: 0.9765 - auc: 0.9978 - loss: 0.0577
Epoch 170: val_acc did not improve from 0.90222
50/50 ???????????????????? 3s 59ms/step - acc: 0.9765 - auc: 0.9978 - loss: 0.0578 - val_acc: 0.8908 - val_auc: 0.9457 - val_loss: 0.4372
Epoch 171/300
49/50 ???????????????????? 0s 58ms/step - acc: 0.9746 - auc: 0.9968 - loss: 0.0682
Epoch 171: val_acc did not improve from 0.90222
50/50 ???????????????????? 3s 61ms/step - acc: 0.9746 - auc: 0.9968 - loss: 0.0682 - val_acc: 0.8895 - val_auc: 0.9484 - val_loss: 0.4343
Epoch 172/300
49/50 ???????????????????? 0s 56ms/step - acc: 0.9726 - auc: 0.9968 - loss: 0.0688
Epoch 172: val_acc did not improve from 0.90222
50/50 ???????????????????? 3s 59ms/step - acc: 0.9727 - auc: 0.9968 - loss: 0.0687 - val_acc: 0.8952 - val_auc: 0.9487 - val_loss: 0.3986
Epoch 173/300
49/50 ???????????????????? 0s 56ms/step - acc: 0.9748 - auc: 0.9971 - loss: 0.0665
Epoch 173: val_acc did not improve from 0.90222
50/50 ???????????????????? 3s 60ms/step - acc: 0.9747 - auc: 0.9971 - loss: 0.0667 - val_acc: 0.8914 - val_auc: 0.9507 - val_loss: 0.4249
Epoch 174/300
49/50 ???????????????????? 0s 57ms/step - acc: 0.9763 - auc: 0.9961 - loss: 0.0713
Epoch 174: val_acc did not improve from 0.90222
50/50 ???????????????????? 3s 60ms/step - acc: 0.9762 - auc: 0.9961 - loss: 0.0711 - val_acc: 0.8959 - val_auc: 0.9483 - val_loss: 0.4167
Epoch 175/300
49/50 ???????????????????? 0s 57ms/step - acc: 0.9795 - auc: 0.9984 - loss: 0.0519
Epoch 175: val_acc did not improve from 0.90222
50/50 ???????????????????? 3s 61ms/step - acc: 0.9794 - auc: 0.9984 - loss: 0.0520 - val_acc: 0.8908 - val_auc: 0.9497 - val_loss: 0.4119
Epoch 176/300
49/50 ???????????????????? 0s 56ms/step - acc: 0.9783 - auc: 0.9975 - loss: 0.0584
Epoch 176: val_acc did not improve from 0.90222
50/50 ???????????????????? 3s 60ms/step - acc: 0.9783 - auc: 0.9975 - loss: 0.0584 - val_acc: 0.8978 - val_auc: 0.9492 - val_loss: 0.4307
Epoch 177/300
49/50 ???????????????????? 0s 58ms/step - acc: 0.9791 - auc: 0.9975 - loss: 0.0589
Epoch 177: val_acc did not improve from 0.90222
50/50 ???????????????????? 3s 62ms/step - acc: 0.9790 - auc: 0.9975 - loss: 0.0591 - val_acc: 0.8984 - val_auc: 0.9507 - val_loss: 0.4124
Epoch 178/300
49/50 ???????????????????? 0s 63ms/step - acc: 0.9752 - auc: 0.9976 - loss: 0.0607
Epoch 178: val_acc did not improve from 0.90222
50/50 ???????????????????? 3s 67ms/step - acc: 0.9751 - auc: 0.9976 - loss: 0.0609 - val_acc: 0.8902 - val_auc: 0.9486 - val_loss: 0.4192
Epoch 179/300
49/50 ???????????????????? 0s 59ms/step - acc: 0.9798 - auc: 0.9983 - loss: 0.0526
Epoch 179: val_acc did not improve from 0.90222
50/50 ???????????????????? 3s 62ms/step - acc: 0.9797 - auc: 0.9983 - loss: 0.0526 - val_acc: 0.8978 - val_auc: 0.9491 - val_loss: 0.4251
Epoch 180/300
49/50 ???????????????????? 0s 59ms/step - acc: 0.9737 - auc: 0.9974 - loss: 0.0639
Epoch 180: val_acc did not improve from 0.90222
50/50 ???????????????????? 3s 62ms/step - acc: 0.9738 - auc: 0.9974 - loss: 0.0636 - val_acc: 0.8952 - val_auc: 0.9460 - val_loss: 0.4248
Epoch 181/300
49/50 ???????????????????? 0s 57ms/step - acc: 0.9773 - auc: 0.9977 - loss: 0.0601
Epoch 181: val_acc did not improve from 0.90222
50/50 ???????????????????? 3s 61ms/step - acc: 0.9772 - auc: 0.9977 - loss: 0.0602 - val_acc: 0.8933 - val_auc: 0.9511 - val_loss: 0.4217
Epoch 182/300
49/50 ???????????????????? 0s 57ms/step - acc: 0.9708 - auc: 0.9975 - loss: 0.0650
Epoch 182: val_acc did not improve from 0.90222
50/50 ???????????????????? 3s 61ms/step - acc: 0.9710 - auc: 0.9975 - loss: 0.0648 - val_acc: 0.8971 - val_auc: 0.9476 - val_loss: 0.4329
Epoch 183/300
49/50 ???????????????????? 0s 56ms/step - acc: 0.9771 - auc: 0.9981 - loss: 0.0559
Epoch 183: val_acc did not improve from 0.90222
50/50 ???????????????????? 3s 59ms/step - acc: 0.9772 - auc: 0.9981 - loss: 0.0558 - val_acc: 0.8933 - val_auc: 0.9498 - val_loss: 0.4127
Epoch 184/300
49/50 ???????????????????? 0s 58ms/step - acc: 0.9785 - auc: 0.9979 - loss: 0.0540
Epoch 184: val_acc did not improve from 0.90222
50/50 ???????????????????? 3s 61ms/step - acc: 0.9785 - auc: 0.9979 - loss: 0.0541 - val_acc: 0.8952 - val_auc: 0.9496 - val_loss: 0.4071
Epoch 185/300
49/50 ???????????????????? 0s 57ms/step - acc: 0.9739 - auc: 0.9964 - loss: 0.0746
Epoch 185: val_acc did not improve from 0.90222
50/50 ???????????????????? 3s 60ms/step - acc: 0.9740 - auc: 0.9964 - loss: 0.0743 - val_acc: 0.8984 - val_auc: 0.9528 - val_loss: 0.4048
Epoch 186/300
49/50 ???????????????????? 0s 55ms/step - acc: 0.9761 - auc: 0.9980 - loss: 0.0569
Epoch 186: val_acc did not improve from 0.90222
50/50 ???????????????????? 3s 59ms/step - acc: 0.9762 - auc: 0.9980 - loss: 0.0569 - val_acc: 0.9016 - val_auc: 0.9518 - val_loss: 0.4029
Epoch 187/300
49/50 ???????????????????? 0s 59ms/step - acc: 0.9764 - auc: 0.9978 - loss: 0.0562
Epoch 187: val_acc did not improve from 0.90222
50/50 ???????????????????? 3s 62ms/step - acc: 0.9764 - auc: 0.9978 - loss: 0.0562 - val_acc: 0.8959 - val_auc: 0.9513 - val_loss: 0.4144
Epoch 188/300
49/50 ???????????????????? 0s 56ms/step - acc: 0.9762 - auc: 0.9970 - loss: 0.0651
Epoch 188: val_acc did not improve from 0.90222
50/50 ???????????????????? 3s 59ms/step - acc: 0.9762 - auc: 0.9970 - loss: 0.0650 - val_acc: 0.8978 - val_auc: 0.9504 - val_loss: 0.4184
Epoch 189/300
49/50 ???????????????????? 0s 56ms/step - acc: 0.9824 - auc: 0.9984 - loss: 0.0503
Epoch 189: val_acc did not improve from 0.90222
50/50 ???????????????????? 3s 60ms/step - acc: 0.9824 - auc: 0.9984 - loss: 0.0505 - val_acc: 0.8959 - val_auc: 0.9508 - val_loss: 0.4199
Epoch 190/300
49/50 ???????????????????? 0s 56ms/step - acc: 0.9750 - auc: 0.9972 - loss: 0.0615
Epoch 190: val_acc did not improve from 0.90222
50/50 ???????????????????? 3s 59ms/step - acc: 0.9750 - auc: 0.9972 - loss: 0.0616 - val_acc: 0.8927 - val_auc: 0.9508 - val_loss: 0.4258
Epoch 191/300
49/50 ???????????????????? 0s 55ms/step - acc: 0.9768 - auc: 0.9976 - loss: 0.0584
Epoch 191: val_acc did not improve from 0.90222
50/50 ???????????????????? 3s 58ms/step - acc: 0.9768 - auc: 0.9976 - loss: 0.0584 - val_acc: 0.8965 - val_auc: 0.9523 - val_loss: 0.4197
Epoch 192/300
49/50 ???????????????????? 0s 57ms/step - acc: 0.9741 - auc: 0.9971 - loss: 0.0658
Epoch 192: val_acc did not improve from 0.90222
50/50 ???????????????????? 3s 60ms/step - acc: 0.9741 - auc: 0.9971 - loss: 0.0658 - val_acc: 0.8984 - val_auc: 0.9531 - val_loss: 0.3933
Epoch 193/300
49/50 ???????????????????? 0s 56ms/step - acc: 0.9811 - auc: 0.9983 - loss: 0.0507
Epoch 193: val_acc did not improve from 0.90222
50/50 ???????????????????? 3s 60ms/step - acc: 0.9811 - auc: 0.9983 - loss: 0.0509 - val_acc: 0.9003 - val_auc: 0.9506 - val_loss: 0.4259
Epoch 194/300
49/50 ???????????????????? 0s 56ms/step - acc: 0.9750 - auc: 0.9967 - loss: 0.0672
Epoch 194: val_acc did not improve from 0.90222
50/50 ???????????????????? 3s 60ms/step - acc: 0.9752 - auc: 0.9967 - loss: 0.0668 - val_acc: 0.8990 - val_auc: 0.9527 - val_loss: 0.4217
Epoch 195/300
49/50 ???????????????????? 0s 56ms/step - acc: 0.9787 - auc: 0.9977 - loss: 0.0561
Epoch 195: val_acc did not improve from 0.90222
50/50 ???????????????????? 3s 59ms/step - acc: 0.9787 - auc: 0.9977 - loss: 0.0560 - val_acc: 0.8946 - val_auc: 0.9537 - val_loss: 0.4025
Epoch 196/300
49/50 ???????????????????? 0s 56ms/step - acc: 0.9769 - auc: 0.9974 - loss: 0.0625
Epoch 196: val_acc did not improve from 0.90222
50/50 ???????????????????? 3s 60ms/step - acc: 0.9769 - auc: 0.9974 - loss: 0.0624 - val_acc: 0.8921 - val_auc: 0.9486 - val_loss: 0.4259
Epoch 197/300
49/50 ???????????????????? 0s 58ms/step - acc: 0.9780 - auc: 0.9977 - loss: 0.0565
Epoch 197: val_acc did not improve from 0.90222
50/50 ???????????????????? 3s 62ms/step - acc: 0.9780 - auc: 0.9977 - loss: 0.0566 - val_acc: 0.8959 - val_auc: 0.9501 - val_loss: 0.4241
Epoch 198/300
49/50 ???????????????????? 0s 59ms/step - acc: 0.9796 - auc: 0.9986 - loss: 0.0479
Epoch 198: val_acc did not improve from 0.90222
50/50 ???????????????????? 3s 63ms/step - acc: 0.9796 - auc: 0.9986 - loss: 0.0481 - val_acc: 0.8959 - val_auc: 0.9492 - val_loss: 0.4476
Epoch 199/300
49/50 ???????????????????? 0s 57ms/step - acc: 0.9771 - auc: 0.9971 - loss: 0.0632
Epoch 199: val_acc did not improve from 0.90222
50/50 ???????????????????? 3s 61ms/step - acc: 0.9771 - auc: 0.9971 - loss: 0.0632 - val_acc: 0.9016 - val_auc: 0.9521 - val_loss: 0.3818
Epoch 200/300
49/50 ???????????????????? 0s 59ms/step - acc: 0.9821 - auc: 0.9982 - loss: 0.0507
Epoch 200: val_acc did not improve from 0.90222
50/50 ???????????????????? 3s 62ms/step - acc: 0.9821 - auc: 0.9982 - loss: 0.0506 - val_acc: 0.9022 - val_auc: 0.9524 - val_loss: 0.4027
Epoch 201/300
49/50 ???????????????????? 0s 57ms/step - acc: 0.9818 - auc: 0.9978 - loss: 0.0511
Epoch 201: val_acc did not improve from 0.90222
50/50 ???????????????????? 3s 61ms/step - acc: 0.9818 - auc: 0.9978 - loss: 0.0511 - val_acc: 0.9016 - val_auc: 0.9507 - val_loss: 0.4140
Epoch 202/300
50/50 ???????????????????? 0s 55ms/step - acc: 0.9788 - auc: 0.9979 - loss: 0.0553
Epoch 202: val_acc improved from 0.90222 to 0.90349, saving model to saved_models/best_MACSynDCR_CNN_model.keras
50/50 ???????????????????? 3s 60ms/step - acc: 0.9788 - auc: 0.9979 - loss: 0.0552 - val_acc: 0.9035 - val_auc: 0.9490 - val_loss: 0.4562
Epoch 203/300
50/50 ???????????????????? 0s 54ms/step - acc: 0.9849 - auc: 0.9986 - loss: 0.0429
Epoch 203: val_acc did not improve from 0.90349
50/50 ???????????????????? 3s 58ms/step - acc: 0.9849 - auc: 0.9986 - loss: 0.0431 - val_acc: 0.8933 - val_auc: 0.9467 - val_loss: 0.4434
Epoch 204/300
49/50 ???????????????????? 0s 54ms/step - acc: 0.9766 - auc: 0.9976 - loss: 0.0610
Epoch 204: val_acc did not improve from 0.90349
50/50 ???????????????????? 3s 58ms/step - acc: 0.9766 - auc: 0.9976 - loss: 0.0610 - val_acc: 0.9003 - val_auc: 0.9512 - val_loss: 0.4012
Epoch 205/300
49/50 ???????????????????? 0s 54ms/step - acc: 0.9820 - auc: 0.9984 - loss: 0.0469
Epoch 205: val_acc did not improve from 0.90349
50/50 ???????????????????? 3s 57ms/step - acc: 0.9820 - auc: 0.9984 - loss: 0.0470 - val_acc: 0.8952 - val_auc: 0.9494 - val_loss: 0.4343
Epoch 206/300
49/50 ???????????????????? 0s 56ms/step - acc: 0.9775 - auc: 0.9971 - loss: 0.0627
Epoch 206: val_acc did not improve from 0.90349
50/50 ???????????????????? 3s 59ms/step - acc: 0.9776 - auc: 0.9972 - loss: 0.0624 - val_acc: 0.9003 - val_auc: 0.9526 - val_loss: 0.4227
Epoch 207/300
49/50 ???????????????????? 0s 55ms/step - acc: 0.9765 - auc: 0.9974 - loss: 0.0598
Epoch 207: val_acc did not improve from 0.90349
50/50 ???????????????????? 3s 58ms/step - acc: 0.9765 - auc: 0.9974 - loss: 0.0597 - val_acc: 0.8984 - val_auc: 0.9565 - val_loss: 0.3804
Epoch 208/300
50/50 ???????????????????? 0s 54ms/step - acc: 0.9760 - auc: 0.9978 - loss: 0.0612
Epoch 208: val_acc did not improve from 0.90349
50/50 ???????????????????? 3s 59ms/step - acc: 0.9761 - auc: 0.9978 - loss: 0.0611 - val_acc: 0.8997 - val_auc: 0.9523 - val_loss: 0.4013
Epoch 209/300
49/50 ???????????????????? 0s 55ms/step - acc: 0.9832 - auc: 0.9987 - loss: 0.0450
Epoch 209: val_acc improved from 0.90349 to 0.90857, saving model to saved_models/best_MACSynDCR_CNN_model.keras
50/50 ???????????????????? 3s 59ms/step - acc: 0.9831 - auc: 0.9987 - loss: 0.0452 - val_acc: 0.9086 - val_auc: 0.9490 - val_loss: 0.4348
Epoch 210/300
49/50 ???????????????????? 0s 54ms/step - acc: 0.9819 - auc: 0.9988 - loss: 0.0449
Epoch 210: val_acc did not improve from 0.90857
50/50 ???????????????????? 3s 58ms/step - acc: 0.9818 - auc: 0.9988 - loss: 0.0450 - val_acc: 0.8990 - val_auc: 0.9513 - val_loss: 0.4220
Epoch 211/300
49/50 ???????????????????? 0s 55ms/step - acc: 0.9823 - auc: 0.9982 - loss: 0.0450
Epoch 211: val_acc did not improve from 0.90857
50/50 ???????????????????? 3s 58ms/step - acc: 0.9823 - auc: 0.9982 - loss: 0.0450 - val_acc: 0.8952 - val_auc: 0.9487 - val_loss: 0.4534
Epoch 212/300
49/50 ???????????????????? 0s 54ms/step - acc: 0.9811 - auc: 0.9983 - loss: 0.0478
Epoch 212: val_acc did not improve from 0.90857
50/50 ???????????????????? 3s 57ms/step - acc: 0.9811 - auc: 0.9983 - loss: 0.0479 - val_acc: 0.8990 - val_auc: 0.9527 - val_loss: 0.4141
Epoch 213/300
49/50 ???????????????????? 0s 55ms/step - acc: 0.9805 - auc: 0.9979 - loss: 0.0499
Epoch 213: val_acc did not improve from 0.90857
50/50 ???????????????????? 3s 59ms/step - acc: 0.9805 - auc: 0.9979 - loss: 0.0499 - val_acc: 0.8978 - val_auc: 0.9518 - val_loss: 0.4133
Epoch 214/300
49/50 ???????????????????? 0s 56ms/step - acc: 0.9795 - auc: 0.9978 - loss: 0.0547
Epoch 214: val_acc did not improve from 0.90857
50/50 ???????????????????? 3s 59ms/step - acc: 0.9795 - auc: 0.9978 - loss: 0.0547 - val_acc: 0.8997 - val_auc: 0.9505 - val_loss: 0.4290
Epoch 215/300
50/50 ???????????????????? 0s 54ms/step - acc: 0.9822 - auc: 0.9987 - loss: 0.0443
Epoch 215: val_acc did not improve from 0.90857
50/50 ???????????????????? 3s 59ms/step - acc: 0.9822 - auc: 0.9987 - loss: 0.0444 - val_acc: 0.8997 - val_auc: 0.9504 - val_loss: 0.4391
Epoch 216/300
49/50 ???????????????????? 0s 55ms/step - acc: 0.9779 - auc: 0.9985 - loss: 0.0490
Epoch 216: val_acc did not improve from 0.90857
50/50 ???????????????????? 3s 59ms/step - acc: 0.9779 - auc: 0.9985 - loss: 0.0491 - val_acc: 0.9010 - val_auc: 0.9523 - val_loss: 0.4095
Epoch 217/300
49/50 ???????????????????? 0s 56ms/step - acc: 0.9800 - auc: 0.9968 - loss: 0.0582
Epoch 217: val_acc did not improve from 0.90857
50/50 ???????????????????? 3s 60ms/step - acc: 0.9800 - auc: 0.9968 - loss: 0.0582 - val_acc: 0.8965 - val_auc: 0.9500 - val_loss: 0.4312
Epoch 218/300
49/50 ???????????????????? 0s 56ms/step - acc: 0.9835 - auc: 0.9979 - loss: 0.0459
Epoch 218: val_acc did not improve from 0.90857
50/50 ???????????????????? 3s 60ms/step - acc: 0.9834 - auc: 0.9979 - loss: 0.0460 - val_acc: 0.8940 - val_auc: 0.9465 - val_loss: 0.4343
Epoch 219/300
49/50 ???????????????????? 0s 56ms/step - acc: 0.9870 - auc: 0.9989 - loss: 0.0385
Epoch 219: val_acc did not improve from 0.90857
50/50 ???????????????????? 3s 60ms/step - acc: 0.9869 - auc: 0.9989 - loss: 0.0387 - val_acc: 0.8997 - val_auc: 0.9488 - val_loss: 0.4290
Epoch 220/300
49/50 ???????????????????? 0s 56ms/step - acc: 0.9816 - auc: 0.9972 - loss: 0.0547
Epoch 220: val_acc did not improve from 0.90857
50/50 ???????????????????? 3s 60ms/step - acc: 0.9816 - auc: 0.9972 - loss: 0.0547 - val_acc: 0.9035 - val_auc: 0.9500 - val_loss: 0.4143
Epoch 221/300
49/50 ???????????????????? 0s 56ms/step - acc: 0.9806 - auc: 0.9968 - loss: 0.0601
Epoch 221: val_acc did not improve from 0.90857
50/50 ???????????????????? 3s 60ms/step - acc: 0.9806 - auc: 0.9968 - loss: 0.0598 - val_acc: 0.9022 - val_auc: 0.9476 - val_loss: 0.4231
Epoch 222/300
49/50 ???????????????????? 0s 57ms/step - acc: 0.9804 - auc: 0.9980 - loss: 0.0504
Epoch 222: val_acc did not improve from 0.90857
50/50 ???????????????????? 3s 60ms/step - acc: 0.9804 - auc: 0.9980 - loss: 0.0502 - val_acc: 0.8978 - val_auc: 0.9515 - val_loss: 0.4212
Epoch 223/300
49/50 ???????????????????? 0s 55ms/step - acc: 0.9790 - auc: 0.9979 - loss: 0.0563
Epoch 223: val_acc did not improve from 0.90857
50/50 ???????????????????? 3s 60ms/step - acc: 0.9790 - auc: 0.9979 - loss: 0.0562 - val_acc: 0.9060 - val_auc: 0.9516 - val_loss: 0.3979
Epoch 224/300
50/50 ???????????????????? 0s 54ms/step - acc: 0.9833 - auc: 0.9984 - loss: 0.0455
Epoch 224: val_acc did not improve from 0.90857
50/50 ???????????????????? 3s 58ms/step - acc: 0.9832 - auc: 0.9984 - loss: 0.0456 - val_acc: 0.8978 - val_auc: 0.9514 - val_loss: 0.4246
Epoch 225/300
49/50 ???????????????????? 0s 55ms/step - acc: 0.9831 - auc: 0.9989 - loss: 0.0414
Epoch 225: val_acc did not improve from 0.90857
50/50 ???????????????????? 3s 58ms/step - acc: 0.9831 - auc: 0.9989 - loss: 0.0415 - val_acc: 0.9022 - val_auc: 0.9487 - val_loss: 0.4279
Epoch 226/300
50/50 ???????????????????? 0s 54ms/step - acc: 0.9792 - auc: 0.9982 - loss: 0.0532
Epoch 226: val_acc did not improve from 0.90857
50/50 ???????????????????? 3s 58ms/step - acc: 0.9792 - auc: 0.9982 - loss: 0.0531 - val_acc: 0.8952 - val_auc: 0.9494 - val_loss: 0.4473
Epoch 227/300
49/50 ???????????????????? 0s 54ms/step - acc: 0.9836 - auc: 0.9984 - loss: 0.0465
Epoch 227: val_acc did not improve from 0.90857
50/50 ???????????????????? 3s 58ms/step - acc: 0.9837 - auc: 0.9984 - loss: 0.0464 - val_acc: 0.8978 - val_auc: 0.9481 - val_loss: 0.4486
Epoch 228/300
49/50 ???????????????????? 0s 55ms/step - acc: 0.9834 - auc: 0.9985 - loss: 0.0481
Epoch 228: val_acc did not improve from 0.90857
50/50 ???????????????????? 3s 58ms/step - acc: 0.9835 - auc: 0.9985 - loss: 0.0478 - val_acc: 0.8984 - val_auc: 0.9489 - val_loss: 0.4385
Epoch 229/300
49/50 ???????????????????? 0s 55ms/step - acc: 0.9792 - auc: 0.9979 - loss: 0.0524
Epoch 229: val_acc did not improve from 0.90857
50/50 ???????????????????? 3s 59ms/step - acc: 0.9792 - auc: 0.9979 - loss: 0.0525 - val_acc: 0.9079 - val_auc: 0.9506 - val_loss: 0.4282
Epoch 230/300
50/50 ???????????????????? 0s 54ms/step - acc: 0.9813 - auc: 0.9977 - loss: 0.0507
Epoch 230: val_acc did not improve from 0.90857
50/50 ???????????????????? 3s 58ms/step - acc: 0.9814 - auc: 0.9977 - loss: 0.0507 - val_acc: 0.9029 - val_auc: 0.9523 - val_loss: 0.4244
Epoch 231/300
50/50 ???????????????????? 0s 55ms/step - acc: 0.9898 - auc: 0.9991 - loss: 0.0346
Epoch 231: val_acc did not improve from 0.90857
50/50 ???????????????????? 3s 59ms/step - acc: 0.9897 - auc: 0.9991 - loss: 0.0347 - val_acc: 0.9016 - val_auc: 0.9536 - val_loss: 0.4217
Epoch 232/300
49/50 ???????????????????? 0s 56ms/step - acc: 0.9875 - auc: 0.9987 - loss: 0.0407
Epoch 232: val_acc did not improve from 0.90857
50/50 ???????????????????? 3s 59ms/step - acc: 0.9875 - auc: 0.9987 - loss: 0.0407 - val_acc: 0.9016 - val_auc: 0.9549 - val_loss: 0.4192
Epoch 233/300
49/50 ???????????????????? 0s 55ms/step - acc: 0.9808 - auc: 0.9985 - loss: 0.0472
Epoch 233: val_acc did not improve from 0.90857
50/50 ???????????????????? 3s 59ms/step - acc: 0.9809 - auc: 0.9985 - loss: 0.0472 - val_acc: 0.9022 - val_auc: 0.9489 - val_loss: 0.4352
Epoch 234/300
49/50 ???????????????????? 0s 56ms/step - acc: 0.9844 - auc: 0.9992 - loss: 0.0372
Epoch 234: val_acc did not improve from 0.90857
50/50 ???????????????????? 3s 59ms/step - acc: 0.9843 - auc: 0.9992 - loss: 0.0374 - val_acc: 0.9054 - val_auc: 0.9530 - val_loss: 0.4171
Epoch 235/300
50/50 ???????????????????? 0s 53ms/step - acc: 0.9825 - auc: 0.9984 - loss: 0.0434
Epoch 235: val_acc did not improve from 0.90857
50/50 ???????????????????? 3s 57ms/step - acc: 0.9825 - auc: 0.9984 - loss: 0.0433 - val_acc: 0.8990 - val_auc: 0.9496 - val_loss: 0.4478
Epoch 236/300
49/50 ???????????????????? 0s 55ms/step - acc: 0.9870 - auc: 0.9986 - loss: 0.0382
Epoch 236: val_acc did not improve from 0.90857
50/50 ???????????????????? 3s 59ms/step - acc: 0.9870 - auc: 0.9986 - loss: 0.0382 - val_acc: 0.9003 - val_auc: 0.9482 - val_loss: 0.4610
Epoch 237/300
49/50 ???????????????????? 0s 54ms/step - acc: 0.9856 - auc: 0.9984 - loss: 0.0415
Epoch 237: val_acc did not improve from 0.90857
50/50 ???????????????????? 3s 58ms/step - acc: 0.9855 - auc: 0.9984 - loss: 0.0417 - val_acc: 0.8965 - val_auc: 0.9495 - val_loss: 0.4481
Epoch 238/300
49/50 ???????????????????? 0s 60ms/step - acc: 0.9860 - auc: 0.9988 - loss: 0.0412
Epoch 238: val_acc did not improve from 0.90857
50/50 ???????????????????? 3s 64ms/step - acc: 0.9860 - auc: 0.9988 - loss: 0.0412 - val_acc: 0.8965 - val_auc: 0.9474 - val_loss: 0.4483
Epoch 239/300
49/50 ???????????????????? 0s 55ms/step - acc: 0.9855 - auc: 0.9989 - loss: 0.0405
Epoch 239: val_acc did not improve from 0.90857
50/50 ???????????????????? 3s 59ms/step - acc: 0.9854 - auc: 0.9989 - loss: 0.0406 - val_acc: 0.9003 - val_auc: 0.9496 - val_loss: 0.4303
Epoch 240/300
49/50 ???????????????????? 0s 55ms/step - acc: 0.9808 - auc: 0.9979 - loss: 0.0494
Epoch 240: val_acc did not improve from 0.90857
50/50 ???????????????????? 3s 58ms/step - acc: 0.9808 - auc: 0.9979 - loss: 0.0493 - val_acc: 0.9041 - val_auc: 0.9509 - val_loss: 0.4240
Epoch 241/300
49/50 ???????????????????? 0s 56ms/step - acc: 0.9836 - auc: 0.9977 - loss: 0.0451
Epoch 241: val_acc did not improve from 0.90857
50/50 ???????????????????? 3s 59ms/step - acc: 0.9835 - auc: 0.9978 - loss: 0.0452 - val_acc: 0.8984 - val_auc: 0.9517 - val_loss: 0.4327
Epoch 242/300
50/50 ???????????????????? 0s 54ms/step - acc: 0.9859 - auc: 0.9994 - loss: 0.0338
Epoch 242: val_acc did not improve from 0.90857
50/50 ???????????????????? 3s 59ms/step - acc: 0.9859 - auc: 0.9994 - loss: 0.0339 - val_acc: 0.8984 - val_auc: 0.9487 - val_loss: 0.4536
Epoch 243/300
49/50 ???????????????????? 0s 57ms/step - acc: 0.9879 - auc: 0.9991 - loss: 0.0363
Epoch 243: val_acc did not improve from 0.90857
50/50 ???????????????????? 3s 61ms/step - acc: 0.9878 - auc: 0.9991 - loss: 0.0364 - val_acc: 0.8990 - val_auc: 0.9469 - val_loss: 0.4617
Epoch 244/300
49/50 ???????????????????? 0s 58ms/step - acc: 0.9788 - auc: 0.9973 - loss: 0.0562
Epoch 244: val_acc did not improve from 0.90857
50/50 ???????????????????? 3s 62ms/step - acc: 0.9789 - auc: 0.9973 - loss: 0.0561 - val_acc: 0.8997 - val_auc: 0.9497 - val_loss: 0.4320
Epoch 245/300
49/50 ???????????????????? 0s 56ms/step - acc: 0.9815 - auc: 0.9968 - loss: 0.0573
Epoch 245: val_acc did not improve from 0.90857
50/50 ???????????????????? 3s 60ms/step - acc: 0.9816 - auc: 0.9969 - loss: 0.0570 - val_acc: 0.9029 - val_auc: 0.9524 - val_loss: 0.4278
Epoch 246/300
50/50 ???????????????????? 0s 53ms/step - acc: 0.9818 - auc: 0.9984 - loss: 0.0461
Epoch 246: val_acc did not improve from 0.90857
50/50 ???????????????????? 3s 57ms/step - acc: 0.9818 - auc: 0.9984 - loss: 0.0461 - val_acc: 0.8990 - val_auc: 0.9506 - val_loss: 0.4273
Epoch 247/300
49/50 ???????????????????? 0s 55ms/step - acc: 0.9848 - auc: 0.9985 - loss: 0.0419
Epoch 247: val_acc did not improve from 0.90857
50/50 ???????????????????? 3s 58ms/step - acc: 0.9847 - auc: 0.9985 - loss: 0.0420 - val_acc: 0.9060 - val_auc: 0.9508 - val_loss: 0.4243
Epoch 248/300
49/50 ???????????????????? 0s 55ms/step - acc: 0.9858 - auc: 0.9991 - loss: 0.0377
Epoch 248: val_acc did not improve from 0.90857
50/50 ???????????????????? 3s 58ms/step - acc: 0.9858 - auc: 0.9991 - loss: 0.0378 - val_acc: 0.9048 - val_auc: 0.9470 - val_loss: 0.4532
Epoch 249/300
49/50 ???????????????????? 0s 56ms/step - acc: 0.9832 - auc: 0.9985 - loss: 0.0462
Epoch 249: val_acc improved from 0.90857 to 0.91048, saving model to saved_models/best_MACSynDCR_CNN_model.keras
50/50 ???????????????????? 3s 61ms/step - acc: 0.9833 - auc: 0.9985 - loss: 0.0461 - val_acc: 0.9105 - val_auc: 0.9495 - val_loss: 0.4301
Epoch 250/300
49/50 ???????????????????? 0s 54ms/step - acc: 0.9868 - auc: 0.9989 - loss: 0.0390
Epoch 250: val_acc did not improve from 0.91048
50/50 ???????????????????? 3s 57ms/step - acc: 0.9868 - auc: 0.9989 - loss: 0.0392 - val_acc: 0.9105 - val_auc: 0.9503 - val_loss: 0.4149
Epoch 251/300
49/50 ???????????????????? 0s 55ms/step - acc: 0.9867 - auc: 0.9989 - loss: 0.0381
Epoch 251: val_acc did not improve from 0.91048
50/50 ???????????????????? 3s 58ms/step - acc: 0.9866 - auc: 0.9989 - loss: 0.0382 - val_acc: 0.9086 - val_auc: 0.9490 - val_loss: 0.4424
Epoch 252/300
49/50 ???????????????????? 0s 55ms/step - acc: 0.9855 - auc: 0.9990 - loss: 0.0388
Epoch 252: val_acc did not improve from 0.91048
50/50 ???????????????????? 3s 59ms/step - acc: 0.9853 - auc: 0.9990 - loss: 0.0390 - val_acc: 0.9092 - val_auc: 0.9530 - val_loss: 0.3882
Epoch 253/300
49/50 ???????????????????? 0s 57ms/step - acc: 0.9879 - auc: 0.9987 - loss: 0.0366
Epoch 253: val_acc did not improve from 0.91048
50/50 ???????????????????? 3s 60ms/step - acc: 0.9879 - auc: 0.9987 - loss: 0.0366 - val_acc: 0.9035 - val_auc: 0.9474 - val_loss: 0.4616
Epoch 254/300
49/50 ???????????????????? 0s 57ms/step - acc: 0.9879 - auc: 0.9983 - loss: 0.0402
Epoch 254: val_acc did not improve from 0.91048
50/50 ???????????????????? 3s 60ms/step - acc: 0.9878 - auc: 0.9983 - loss: 0.0403 - val_acc: 0.9054 - val_auc: 0.9495 - val_loss: 0.4394
Epoch 255/300
49/50 ???????????????????? 0s 54ms/step - acc: 0.9850 - auc: 0.9985 - loss: 0.0432
Epoch 255: val_acc did not improve from 0.91048
50/50 ???????????????????? 3s 58ms/step - acc: 0.9850 - auc: 0.9986 - loss: 0.0431 - val_acc: 0.9022 - val_auc: 0.9524 - val_loss: 0.4387
Epoch 256/300
49/50 ???????????????????? 0s 55ms/step - acc: 0.9823 - auc: 0.9988 - loss: 0.0433
Epoch 256: val_acc did not improve from 0.91048
50/50 ???????????????????? 3s 58ms/step - acc: 0.9823 - auc: 0.9988 - loss: 0.0433 - val_acc: 0.9035 - val_auc: 0.9511 - val_loss: 0.4443
Epoch 257/300
49/50 ???????????????????? 0s 54ms/step - acc: 0.9856 - auc: 0.9983 - loss: 0.0436
Epoch 257: val_acc did not improve from 0.91048
50/50 ???????????????????? 3s 58ms/step - acc: 0.9856 - auc: 0.9983 - loss: 0.0435 - val_acc: 0.9048 - val_auc: 0.9481 - val_loss: 0.4484
Epoch 258/300
50/50 ???????????????????? 0s 58ms/step - acc: 0.9869 - auc: 0.9990 - loss: 0.0358
Epoch 258: val_acc did not improve from 0.91048
50/50 ???????????????????? 3s 63ms/step - acc: 0.9868 - auc: 0.9990 - loss: 0.0359 - val_acc: 0.9098 - val_auc: 0.9501 - val_loss: 0.4329
Epoch 259/300
49/50 ???????????????????? 0s 54ms/step - acc: 0.9858 - auc: 0.9989 - loss: 0.0406
Epoch 259: val_acc did not improve from 0.91048
50/50 ???????????????????? 3s 57ms/step - acc: 0.9857 - auc: 0.9989 - loss: 0.0408 - val_acc: 0.9079 - val_auc: 0.9482 - val_loss: 0.4490
Epoch 260/300
49/50 ???????????????????? 0s 55ms/step - acc: 0.9859 - auc: 0.9985 - loss: 0.0421
Epoch 260: val_acc did not improve from 0.91048
50/50 ???????????????????? 3s 58ms/step - acc: 0.9859 - auc: 0.9985 - loss: 0.0421 - val_acc: 0.9035 - val_auc: 0.9529 - val_loss: 0.4360
Epoch 261/300
49/50 ???????????????????? 0s 55ms/step - acc: 0.9839 - auc: 0.9988 - loss: 0.0402
Epoch 261: val_acc did not improve from 0.91048
50/50 ???????????????????? 3s 59ms/step - acc: 0.9840 - auc: 0.9988 - loss: 0.0401 - val_acc: 0.9060 - val_auc: 0.9541 - val_loss: 0.4423
Epoch 262/300
49/50 ???????????????????? 0s 55ms/step - acc: 0.9847 - auc: 0.9985 - loss: 0.0433
Epoch 262: val_acc did not improve from 0.91048
50/50 ???????????????????? 3s 59ms/step - acc: 0.9848 - auc: 0.9985 - loss: 0.0430 - val_acc: 0.9054 - val_auc: 0.9505 - val_loss: 0.4551
Epoch 263/300
49/50 ???????????????????? 0s 56ms/step - acc: 0.9837 - auc: 0.9984 - loss: 0.0428
Epoch 263: val_acc did not improve from 0.91048
50/50 ???????????????????? 3s 61ms/step - acc: 0.9837 - auc: 0.9984 - loss: 0.0429 - val_acc: 0.9067 - val_auc: 0.9500 - val_loss: 0.4440
Epoch 264/300
50/50 ???????????????????? 0s 54ms/step - acc: 0.9853 - auc: 0.9983 - loss: 0.0457
Epoch 264: val_acc did not improve from 0.91048
50/50 ???????????????????? 3s 58ms/step - acc: 0.9853 - auc: 0.9983 - loss: 0.0457 - val_acc: 0.8997 - val_auc: 0.9497 - val_loss: 0.4529
Epoch 265/300
50/50 ???????????????????? 0s 56ms/step - acc: 0.9884 - auc: 0.9994 - loss: 0.0317
Epoch 265: val_acc did not improve from 0.91048
50/50 ???????????????????? 3s 60ms/step - acc: 0.9884 - auc: 0.9994 - loss: 0.0317 - val_acc: 0.9054 - val_auc: 0.9494 - val_loss: 0.4575
Epoch 266/300
49/50 ???????????????????? 0s 59ms/step - acc: 0.9840 - auc: 0.9980 - loss: 0.0476
Epoch 266: val_acc did not improve from 0.91048
50/50 ???????????????????? 3s 63ms/step - acc: 0.9840 - auc: 0.9980 - loss: 0.0475 - val_acc: 0.9035 - val_auc: 0.9508 - val_loss: 0.4475
Epoch 267/300
49/50 ???????????????????? 0s 56ms/step - acc: 0.9865 - auc: 0.9992 - loss: 0.0352
Epoch 267: val_acc did not improve from 0.91048
50/50 ???????????????????? 3s 60ms/step - acc: 0.9865 - auc: 0.9992 - loss: 0.0353 - val_acc: 0.8997 - val_auc: 0.9486 - val_loss: 0.4425
Epoch 268/300
49/50 ???????????????????? 0s 56ms/step - acc: 0.9858 - auc: 0.9990 - loss: 0.0351
Epoch 268: val_acc did not improve from 0.91048
50/50 ???????????????????? 3s 59ms/step - acc: 0.9858 - auc: 0.9990 - loss: 0.0354 - val_acc: 0.8990 - val_auc: 0.9508 - val_loss: 0.4593
Epoch 269/300
49/50 ???????????????????? 0s 56ms/step - acc: 0.9820 - auc: 0.9986 - loss: 0.0451
Epoch 269: val_acc did not improve from 0.91048
50/50 ???????????????????? 3s 59ms/step - acc: 0.9821 - auc: 0.9986 - loss: 0.0450 - val_acc: 0.9010 - val_auc: 0.9523 - val_loss: 0.4373
Epoch 270/300
49/50 ???????????????????? 0s 56ms/step - acc: 0.9864 - auc: 0.9988 - loss: 0.0365
Epoch 270: val_acc did not improve from 0.91048
50/50 ???????????????????? 3s 59ms/step - acc: 0.9864 - auc: 0.9988 - loss: 0.0365 - val_acc: 0.9010 - val_auc: 0.9545 - val_loss: 0.4358
Epoch 271/300
49/50 ???????????????????? 0s 55ms/step - acc: 0.9875 - auc: 0.9989 - loss: 0.0346
Epoch 271: val_acc did not improve from 0.91048
50/50 ???????????????????? 3s 59ms/step - acc: 0.9875 - auc: 0.9989 - loss: 0.0346 - val_acc: 0.9086 - val_auc: 0.9533 - val_loss: 0.4454
Epoch 272/300
49/50 ???????????????????? 0s 56ms/step - acc: 0.9885 - auc: 0.9991 - loss: 0.0327
Epoch 272: val_acc did not improve from 0.91048
50/50 ???????????????????? 3s 60ms/step - acc: 0.9884 - auc: 0.9991 - loss: 0.0329 - val_acc: 0.9041 - val_auc: 0.9513 - val_loss: 0.4325
Epoch 273/300
49/50 ???????????????????? 0s 55ms/step - acc: 0.9872 - auc: 0.9990 - loss: 0.0346
Epoch 273: val_acc did not improve from 0.91048
50/50 ???????????????????? 3s 59ms/step - acc: 0.9871 - auc: 0.9990 - loss: 0.0347 - val_acc: 0.9029 - val_auc: 0.9512 - val_loss: 0.4488
Epoch 274/300
49/50 ???????????????????? 0s 55ms/step - acc: 0.9884 - auc: 0.9982 - loss: 0.0396
Epoch 274: val_acc did not improve from 0.91048
50/50 ???????????????????? 3s 58ms/step - acc: 0.9882 - auc: 0.9982 - loss: 0.0398 - val_acc: 0.9010 - val_auc: 0.9522 - val_loss: 0.4426
Epoch 275/300
49/50 ???????????????????? 0s 56ms/step - acc: 0.9871 - auc: 0.9991 - loss: 0.0351
Epoch 275: val_acc did not improve from 0.91048
50/50 ???????????????????? 3s 59ms/step - acc: 0.9871 - auc: 0.9991 - loss: 0.0352 - val_acc: 0.8984 - val_auc: 0.9547 - val_loss: 0.4310
Epoch 276/300
50/50 ???????????????????? 0s 53ms/step - acc: 0.9874 - auc: 0.9994 - loss: 0.0309
Epoch 276: val_acc did not improve from 0.91048
50/50 ???????????????????? 3s 57ms/step - acc: 0.9874 - auc: 0.9994 - loss: 0.0310 - val_acc: 0.9048 - val_auc: 0.9475 - val_loss: 0.4714
Epoch 277/300
50/50 ???????????????????? 0s 53ms/step - acc: 0.9860 - auc: 0.9991 - loss: 0.0362
Epoch 277: val_acc did not improve from 0.91048
50/50 ???????????????????? 3s 57ms/step - acc: 0.9860 - auc: 0.9991 - loss: 0.0362 - val_acc: 0.8952 - val_auc: 0.9523 - val_loss: 0.4247
Epoch 278/300
49/50 ???????????????????? 0s 60ms/step - acc: 0.9890 - auc: 0.9989 - loss: 0.0331
Epoch 278: val_acc did not improve from 0.91048
50/50 ???????????????????? 3s 64ms/step - acc: 0.9890 - auc: 0.9989 - loss: 0.0332 - val_acc: 0.8984 - val_auc: 0.9548 - val_loss: 0.4052
Epoch 279/300
49/50 ???????????????????? 0s 54ms/step - acc: 0.9845 - auc: 0.9989 - loss: 0.0396
Epoch 279: val_acc did not improve from 0.91048
50/50 ???????????????????? 3s 57ms/step - acc: 0.9845 - auc: 0.9989 - loss: 0.0397 - val_acc: 0.8997 - val_auc: 0.9526 - val_loss: 0.4335
Epoch 280/300
49/50 ???????????????????? 0s 56ms/step - acc: 0.9921 - auc: 0.9991 - loss: 0.0252
Epoch 280: val_acc did not improve from 0.91048
50/50 ???????????????????? 3s 59ms/step - acc: 0.9920 - auc: 0.9991 - loss: 0.0252 - val_acc: 0.9003 - val_auc: 0.9493 - val_loss: 0.4559
Epoch 281/300
49/50 ???????????????????? 0s 55ms/step - acc: 0.9923 - auc: 0.9995 - loss: 0.0240
Epoch 281: val_acc did not improve from 0.91048
50/50 ???????????????????? 3s 58ms/step - acc: 0.9922 - auc: 0.9995 - loss: 0.0242 - val_acc: 0.9010 - val_auc: 0.9471 - val_loss: 0.4651
Epoch 282/300
49/50 ???????????????????? 0s 57ms/step - acc: 0.9829 - auc: 0.9987 - loss: 0.0422
Epoch 282: val_acc did not improve from 0.91048
50/50 ???????????????????? 3s 60ms/step - acc: 0.9830 - auc: 0.9987 - loss: 0.0422 - val_acc: 0.8997 - val_auc: 0.9478 - val_loss: 0.4705
Epoch 283/300
50/50 ???????????????????? 0s 54ms/step - acc: 0.9837 - auc: 0.9978 - loss: 0.0459
Epoch 283: val_acc did not improve from 0.91048
50/50 ???????????????????? 3s 58ms/step - acc: 0.9838 - auc: 0.9978 - loss: 0.0458 - val_acc: 0.8965 - val_auc: 0.9497 - val_loss: 0.4604
Epoch 284/300
49/50 ???????????????????? 0s 56ms/step - acc: 0.9834 - auc: 0.9987 - loss: 0.0430
Epoch 284: val_acc did not improve from 0.91048
50/50 ???????????????????? 3s 59ms/step - acc: 0.9834 - auc: 0.9987 - loss: 0.0430 - val_acc: 0.8978 - val_auc: 0.9489 - val_loss: 0.4388
Epoch 285/300
49/50 ???????????????????? 0s 56ms/step - acc: 0.9854 - auc: 0.9986 - loss: 0.0381
Epoch 285: val_acc did not improve from 0.91048
50/50 ???????????????????? 3s 60ms/step - acc: 0.9854 - auc: 0.9986 - loss: 0.0380 - val_acc: 0.9016 - val_auc: 0.9488 - val_loss: 0.4620
Epoch 286/300
49/50 ???????????????????? 0s 56ms/step - acc: 0.9866 - auc: 0.9990 - loss: 0.0367
Epoch 286: val_acc did not improve from 0.91048
50/50 ???????????????????? 3s 59ms/step - acc: 0.9866 - auc: 0.9990 - loss: 0.0368 - val_acc: 0.9060 - val_auc: 0.9520 - val_loss: 0.4382
Epoch 287/300
49/50 ???????????????????? 0s 57ms/step - acc: 0.9862 - auc: 0.9992 - loss: 0.0345
Epoch 287: val_acc did not improve from 0.91048
50/50 ???????????????????? 3s 60ms/step - acc: 0.9862 - auc: 0.9992 - loss: 0.0346 - val_acc: 0.9003 - val_auc: 0.9512 - val_loss: 0.4418
Epoch 288/300
50/50 ???????????????????? 0s 56ms/step - acc: 0.9883 - auc: 0.9993 - loss: 0.0326
Epoch 288: val_acc did not improve from 0.91048
50/50 ???????????????????? 3s 60ms/step - acc: 0.9883 - auc: 0.9993 - loss: 0.0325 - val_acc: 0.9041 - val_auc: 0.9490 - val_loss: 0.4819
Epoch 289/300
50/50 ???????????????????? 0s 57ms/step - acc: 0.9838 - auc: 0.9992 - loss: 0.0371
Epoch 289: val_acc did not improve from 0.91048
50/50 ???????????????????? 3s 61ms/step - acc: 0.9838 - auc: 0.9992 - loss: 0.0370 - val_acc: 0.9067 - val_auc: 0.9496 - val_loss: 0.4465
Epoch 290/300
49/50 ???????????????????? 0s 56ms/step - acc: 0.9837 - auc: 0.9989 - loss: 0.0378
Epoch 290: val_acc did not improve from 0.91048
50/50 ???????????????????? 3s 59ms/step - acc: 0.9837 - auc: 0.9989 - loss: 0.0379 - val_acc: 0.8997 - val_auc: 0.9484 - val_loss: 0.4639
Epoch 291/300
49/50 ???????????????????? 0s 55ms/step - acc: 0.9896 - auc: 0.9996 - loss: 0.0276
Epoch 291: val_acc did not improve from 0.91048
50/50 ???????????????????? 3s 58ms/step - acc: 0.9895 - auc: 0.9996 - loss: 0.0278 - val_acc: 0.9010 - val_auc: 0.9499 - val_loss: 0.4402
Epoch 292/300
49/50 ???????????????????? 0s 54ms/step - acc: 0.9859 - auc: 0.9989 - loss: 0.0405
Epoch 292: val_acc did not improve from 0.91048
50/50 ???????????????????? 3s 58ms/step - acc: 0.9859 - auc: 0.9989 - loss: 0.0405 - val_acc: 0.9029 - val_auc: 0.9505 - val_loss: 0.4359
Epoch 293/300
49/50 ???????????????????? 0s 54ms/step - acc: 0.9902 - auc: 0.9995 - loss: 0.0293
Epoch 293: val_acc did not improve from 0.91048
50/50 ???????????????????? 3s 58ms/step - acc: 0.9901 - auc: 0.9995 - loss: 0.0293 - val_acc: 0.9029 - val_auc: 0.9496 - val_loss: 0.4801
Epoch 294/300
49/50 ???????????????????? 0s 54ms/step - acc: 0.9855 - auc: 0.9983 - loss: 0.0416
Epoch 294: val_acc did not improve from 0.91048
50/50 ???????????????????? 3s 58ms/step - acc: 0.9854 - auc: 0.9983 - loss: 0.0417 - val_acc: 0.9010 - val_auc: 0.9523 - val_loss: 0.4415
Epoch 295/300
50/50 ???????????????????? 0s 55ms/step - acc: 0.9879 - auc: 0.9992 - loss: 0.0353
Epoch 295: val_acc did not improve from 0.91048
50/50 ???????????????????? 3s 59ms/step - acc: 0.9879 - auc: 0.9992 - loss: 0.0353 - val_acc: 0.9029 - val_auc: 0.9483 - val_loss: 0.4504
Epoch 296/300
50/50 ???????????????????? 0s 54ms/step - acc: 0.9853 - auc: 0.9989 - loss: 0.0396
Epoch 296: val_acc did not improve from 0.91048
50/50 ???????????????????? 3s 58ms/step - acc: 0.9853 - auc: 0.9989 - loss: 0.0396 - val_acc: 0.9010 - val_auc: 0.9492 - val_loss: 0.4702
Epoch 297/300
49/50 ???????????????????? 0s 54ms/step - acc: 0.9847 - auc: 0.9993 - loss: 0.0354
Epoch 297: val_acc did not improve from 0.91048
50/50 ???????????????????? 3s 58ms/step - acc: 0.9848 - auc: 0.9993 - loss: 0.0352 - val_acc: 0.9016 - val_auc: 0.9507 - val_loss: 0.4595
Epoch 298/300
49/50 ???????????????????? 0s 58ms/step - acc: 0.9842 - auc: 0.9990 - loss: 0.0407
Epoch 298: val_acc did not improve from 0.91048
50/50 ???????????????????? 3s 62ms/step - acc: 0.9843 - auc: 0.9990 - loss: 0.0405 - val_acc: 0.9054 - val_auc: 0.9485 - val_loss: 0.4664
Epoch 299/300
49/50 ???????????????????? 0s 57ms/step - acc: 0.9881 - auc: 0.9989 - loss: 0.0374
Epoch 299: val_acc did not improve from 0.91048
50/50 ???????????????????? 3s 60ms/step - acc: 0.9881 - auc: 0.9989 - loss: 0.0374 - val_acc: 0.9022 - val_auc: 0.9520 - val_loss: 0.4510
Epoch 300/300
49/50 ???????????????????? 0s 54ms/step - acc: 0.9886 - auc: 0.9995 - loss: 0.0282
Epoch 300: val_acc did not improve from 0.91048
50/50 ???????????????????? 3s 58ms/step - acc: 0.9886 - auc: 0.9995 - loss: 0.0282 - val_acc: 0.9016 - val_auc: 0.9521 - val_loss: 0.4617
50/50 ???????????????????? 0s 6ms/step
50/50 ???????????????????? 0s 5ms/step
CNN: Accuracy: 0.9105, AUC-ROC: 0.9622
CNN: AUC-PR: 0.9614, Precision: 0.9023,
CNN Recall: 0.9153, F1 Score: 0.9087
CNN:RMSE: 11.8743 , PCC: 0.8381
Evaluation of Keras MACSynDCR_ANN model:
50/50 ???????????????????? 1s 4ms/step - acc: 0.9030 - auc: 0.9479 - loss: 0.4858
Evaluate->  Loss: 0.4395, Accuracy: 0.9130,AUC: 0.9541
50/50 ???????????????????? 0s 6ms/step
197/197 ???????????????????? 1s 4ms/step
ANN: Accuracy: 0.9130, AUC-ROC: 0.9643
ANN: AUC-PR: 0.9603, Precision: 0.9018,
ANN Recall: 0.9218, F1 Score: 0.9117
ANN:RMSE: 11.7047 , PCC: 0.8454
****************************************************************************************************
Evaluation of Keras MACSynDCR_CNN model:
50/50 ???????????????????? 1s 5ms/step - acc: 0.9077 - auc: 0.9378 - loss: 0.5036
Evaluate->  Loss: 0.4301, Accuracy: 0.9105,Accuracy: 0.9495
50/50 ???????????????????? 0s 6ms/step
197/197 ???????????????????? 1s 5ms/step
CNN: Accuracy: 0.9105, AUC-ROC: 0.9622
CNN: AUC-PR: 0.9614, Precision: 0.9023,
CNN Recall: 0.9153, F1 Score: 0.9087
CNN:RMSE: 11.8743 , PCC: 0.8381
****************************************************************************************************
Accuracy Score and AUC for ANN = AUC: 0.9603, Accuracy: 0.9105
Accuracy Score and AUC for KANN = AUC: 0.9644, Accuracy: 0.9130
Accuracy Score and AUC for KCNN = AUC: 0.9622, Accuracy: 0.9105
Average AUC = AUC: 0.9719, Accuracy: 0.9194
MAX AUC = AUC: 0.9665, Accuracy: 0.9073
Fitting 5 folds for each of 14 candidates, totalling 70 fits
Finall ensemble results of fold_3 for MACSynDCR:
----------------------------------------------------------------------------------------------------
Ensemble Accuracy: 0.9175, AUC-ROC: 0.9720
Ensemble AUC-PR: 0.9635, Precision: 0.9099,
Ensemble Recall: 0.9218, F1 Score: 0.9158
Ensemble RMSE: 11.4018 , PCC: 0.8662
----------------------------------------------------------------------------------------------------
Fold 4
Data processing and Training of MACSynDCR_ANN model:
ANN_model saved with Val_ACC: 0.5156 Val_AUC: 0.5243
fold_4: Epoch [1/300], Loss: 0.7062, Val_ACC: 0.5156, Val_AUC: 0.5243
ANN_model saved with Val_ACC: 0.7873 Val_AUC: 0.8720
ANN_model saved with Val_ACC: 0.8216 Val_AUC: 0.9054
ANN_model saved with Val_ACC: 0.8324 Val_AUC: 0.9179
ANN_model saved with Val_ACC: 0.8432 Val_AUC: 0.9258
ANN_model saved with Val_ACC: 0.8590 Val_AUC: 0.9329
ANN_model saved with Val_ACC: 0.8641 Val_AUC: 0.9409
ANN_model saved with Val_ACC: 0.8724 Val_AUC: 0.9474
ANN_model saved with Val_ACC: 0.8781 Val_AUC: 0.9514
ANN_model saved with Val_ACC: 0.8863 Val_AUC: 0.9549
ANN_model saved with Val_ACC: 0.8927 Val_AUC: 0.9587
ANN_model saved with Val_ACC: 0.8971 Val_AUC: 0.9588
ANN_model saved with Val_ACC: 0.8990 Val_AUC: 0.9635
ANN_model saved with Val_ACC: 0.9010 Val_AUC: 0.9617
ANN_model saved with Val_ACC: 0.9048 Val_AUC: 0.9628
fold_4: Epoch [21/300], Loss: 0.3349, Val_ACC: 0.9048, Val_AUC: 0.9628
ANN_model saved with Val_ACC: 0.9060 Val_AUC: 0.9657
fold_4: Epoch [41/300], Loss: 0.3193, Val_ACC: 0.9060, Val_AUC: 0.9651
ANN_model saved with Val_ACC: 0.9067 Val_AUC: 0.9647
ANN_model saved with Val_ACC: 0.9073 Val_AUC: 0.9647
ANN_model saved with Val_ACC: 0.9086 Val_AUC: 0.9648
fold_4: Epoch [61/300], Loss: 0.3164, Val_ACC: 0.9048, Val_AUC: 0.9654
ANN_model saved with Val_ACC: 0.9092 Val_AUC: 0.9664
fold_4: Epoch [81/300], Loss: 0.3155, Val_ACC: 0.9048, Val_AUC: 0.9656
fold_4: Epoch [101/300], Loss: 0.3147, Val_ACC: 0.9029, Val_AUC: 0.9648
fold_4: Epoch [121/300], Loss: 0.3160, Val_ACC: 0.9060, Val_AUC: 0.9652
fold_4: Epoch [141/300], Loss: 0.3158, Val_ACC: 0.9060, Val_AUC: 0.9659
fold_4: Epoch [161/300], Loss: 0.3156, Val_ACC: 0.9073, Val_AUC: 0.9661
fold_4: Epoch [181/300], Loss: 0.3155, Val_ACC: 0.9060, Val_AUC: 0.9662
fold_4: Epoch [201/300], Loss: 0.3154, Val_ACC: 0.9067, Val_AUC: 0.9662
fold_4: Epoch [221/300], Loss: 0.3147, Val_ACC: 0.9067, Val_AUC: 0.9657
fold_4: Epoch [241/300], Loss: 0.3140, Val_ACC: 0.9086, Val_AUC: 0.9655
ANN_model saved with Val_ACC: 0.9098 Val_AUC: 0.9660
fold_4: Epoch [261/300], Loss: 0.3139, Val_ACC: 0.9086, Val_AUC: 0.9659
fold_4: Epoch [281/300], Loss: 0.3139, Val_ACC: 0.9067, Val_AUC: 0.9658
Accuracy: 0.9098, AUC-ROC: 0.9660
 AUC-PR: 0.9665, Precision: 0.9106, Recall: 0.9128, F1 Score: 0.9117
RMSE: 11.4817 , PCC: 0.8279
Data processing and Training of MACSynDCR_ANN model:
MACSynDCR_ANN model:
Model: "sequential_6"
????????????????????????????????????????????????????????????????????????????????????????
? Layer (type)                         ? Output Shape                ?         Param # ?
????????????????????????????????????????????????????????????????????????????????????????
¦ dense_24 (Dense)                     ¦ (None, 2048)                ¦       4,982,784 ¦
+--------------------------------------+-----------------------------+-----------------¦
¦ batch_normalization_15               ¦ (None, 2048)                ¦           8,192 ¦
¦ (BatchNormalization)                 ¦                             ¦                 ¦
+--------------------------------------+-----------------------------+-----------------¦
¦ dense_25 (Dense)                     ¦ (None, 1024)                ¦       2,098,176 ¦
+--------------------------------------+-----------------------------+-----------------¦
¦ batch_normalization_16               ¦ (None, 1024)                ¦           4,096 ¦
¦ (BatchNormalization)                 ¦                             ¦                 ¦
+--------------------------------------+-----------------------------+-----------------¦
¦ dense_26 (Dense)                     ¦ (None, 512)                 ¦         524,800 ¦
+--------------------------------------+-----------------------------+-----------------¦
¦ batch_normalization_17               ¦ (None, 512)                 ¦           2,048 ¦
¦ (BatchNormalization)                 ¦                             ¦                 ¦
+--------------------------------------+-----------------------------+-----------------¦
¦ dense_27 (Dense)                     ¦ (None, 256)                 ¦         131,328 ¦
+--------------------------------------+-----------------------------+-----------------¦
¦ batch_normalization_18               ¦ (None, 256)                 ¦           1,024 ¦
¦ (BatchNormalization)                 ¦                             ¦                 ¦
+--------------------------------------+-----------------------------+-----------------¦
¦ dense_28 (Dense)                     ¦ (None, 128)                 ¦          32,896 ¦
+--------------------------------------+-----------------------------+-----------------¦
¦ batch_normalization_19               ¦ (None, 128)                 ¦             512 ¦
¦ (BatchNormalization)                 ¦                             ¦                 ¦
+--------------------------------------+-----------------------------+-----------------¦
¦ dense_29 (Dense)                     ¦ (None, 2)                   ¦             258 ¦
+--------------------------------------------------------------------------------------+
 Total params: 7,786,114 (29.70 MB)
 Trainable params: 7,778,178 (29.67 MB)
 Non-trainable params: 7,936 (31.00 KB)
Epoch 1/300
49/50 ???????????????????? 0s 54ms/step - acc: 0.7323 - auc: 0.8047 - loss: 0.6442
Epoch 1: val_auc improved from -inf to 0.78609, saving model to saved_models/best_MACSynDCR_ANN_model.keras
50/50 ???????????????????? 7s 76ms/step - acc: 0.7346 - auc: 0.8072 - loss: 0.6380 - val_acc: 0.7086 - val_auc: 0.7861 - val_loss: 0.5603
Epoch 2/300
49/50 ???????????????????? 0s 53ms/step - acc: 0.8884 - auc: 0.9517 - loss: 0.2835
Epoch 2: val_auc improved from 0.78609 to 0.84676, saving model to saved_models/best_MACSynDCR_ANN_model.keras
50/50 ???????????????????? 3s 68ms/step - acc: 0.8884 - auc: 0.9518 - loss: 0.2831 - val_acc: 0.7651 - val_auc: 0.8468 - val_loss: 0.4822
Epoch 3/300
49/50 ???????????????????? 0s 54ms/step - acc: 0.9158 - auc: 0.9739 - loss: 0.2142
Epoch 3: val_auc improved from 0.84676 to 0.88059, saving model to saved_models/best_MACSynDCR_ANN_model.keras
50/50 ???????????????????? 4s 71ms/step - acc: 0.9157 - auc: 0.9738 - loss: 0.2143 - val_acc: 0.7930 - val_auc: 0.8806 - val_loss: 0.4413
Epoch 4/300
50/50 ???????????????????? 0s 52ms/step - acc: 0.9379 - auc: 0.9851 - loss: 0.1604
Epoch 4: val_auc improved from 0.88059 to 0.91364, saving model to saved_models/best_MACSynDCR_ANN_model.keras
50/50 ???????????????????? 3s 68ms/step - acc: 0.9379 - auc: 0.9850 - loss: 0.1605 - val_acc: 0.8356 - val_auc: 0.9136 - val_loss: 0.3758
Epoch 5/300
49/50 ???????????????????? 0s 53ms/step - acc: 0.9542 - auc: 0.9900 - loss: 0.1270
Epoch 5: val_auc improved from 0.91364 to 0.94538, saving model to saved_models/best_MACSynDCR_ANN_model.keras
50/50 ???????????????????? 3s 67ms/step - acc: 0.9539 - auc: 0.9898 - loss: 0.1277 - val_acc: 0.8762 - val_auc: 0.9454 - val_loss: 0.3148
Epoch 6/300
49/50 ???????????????????? 0s 56ms/step - acc: 0.9496 - auc: 0.9882 - loss: 0.1371
Epoch 6: val_auc did not improve from 0.94538
50/50 ???????????????????? 3s 59ms/step - acc: 0.9496 - auc: 0.9883 - loss: 0.1371 - val_acc: 0.8705 - val_auc: 0.9442 - val_loss: 0.3301
Epoch 7/300
49/50 ???????????????????? 0s 53ms/step - acc: 0.9488 - auc: 0.9859 - loss: 0.1455
Epoch 7: val_auc improved from 0.94538 to 0.94830, saving model to saved_models/best_MACSynDCR_ANN_model.keras
50/50 ???????????????????? 3s 66ms/step - acc: 0.9488 - auc: 0.9860 - loss: 0.1453 - val_acc: 0.8749 - val_auc: 0.9483 - val_loss: 0.3335
Epoch 8/300
49/50 ???????????????????? 0s 53ms/step - acc: 0.9665 - auc: 0.9938 - loss: 0.0996
Epoch 8: val_auc did not improve from 0.94830
50/50 ???????????????????? 3s 55ms/step - acc: 0.9664 - auc: 0.9938 - loss: 0.0998 - val_acc: 0.8876 - val_auc: 0.9462 - val_loss: 0.3552
Epoch 9/300
49/50 ???????????????????? 0s 52ms/step - acc: 0.9745 - auc: 0.9966 - loss: 0.0734
Epoch 9: val_auc did not improve from 0.94830
50/50 ???????????????????? 3s 55ms/step - acc: 0.9742 - auc: 0.9966 - loss: 0.0738 - val_acc: 0.8876 - val_auc: 0.9457 - val_loss: 0.3841
Epoch 10/300
49/50 ???????????????????? 0s 53ms/step - acc: 0.9613 - auc: 0.9926 - loss: 0.1051
Epoch 10: val_auc did not improve from 0.94830
50/50 ???????????????????? 3s 55ms/step - acc: 0.9612 - auc: 0.9926 - loss: 0.1050 - val_acc: 0.8806 - val_auc: 0.9462 - val_loss: 0.3813
Epoch 11/300
50/50 ???????????????????? 0s 52ms/step - acc: 0.9740 - auc: 0.9969 - loss: 0.0706
Epoch 11: val_auc improved from 0.94830 to 0.95844, saving model to saved_models/best_MACSynDCR_ANN_model.keras
50/50 ???????????????????? 3s 66ms/step - acc: 0.9740 - auc: 0.9969 - loss: 0.0706 - val_acc: 0.8933 - val_auc: 0.9584 - val_loss: 0.3250
Epoch 12/300
49/50 ???????????????????? 0s 53ms/step - acc: 0.9823 - auc: 0.9986 - loss: 0.0484
Epoch 12: val_auc did not improve from 0.95844
50/50 ???????????????????? 3s 55ms/step - acc: 0.9822 - auc: 0.9986 - loss: 0.0487 - val_acc: 0.8959 - val_auc: 0.9525 - val_loss: 0.3490
Epoch 13/300
49/50 ???????????????????? 0s 52ms/step - acc: 0.9743 - auc: 0.9967 - loss: 0.0692
Epoch 13: val_auc did not improve from 0.95844
50/50 ???????????????????? 3s 54ms/step - acc: 0.9744 - auc: 0.9967 - loss: 0.0690 - val_acc: 0.8876 - val_auc: 0.9457 - val_loss: 0.4107
Epoch 14/300
49/50 ???????????????????? 0s 52ms/step - acc: 0.9715 - auc: 0.9944 - loss: 0.0846
Epoch 14: val_auc did not improve from 0.95844
50/50 ???????????????????? 3s 55ms/step - acc: 0.9714 - auc: 0.9943 - loss: 0.0850 - val_acc: 0.8870 - val_auc: 0.9500 - val_loss: 0.3718
Epoch 15/300
49/50 ???????????????????? 0s 53ms/step - acc: 0.9749 - auc: 0.9962 - loss: 0.0710
Epoch 15: val_auc did not improve from 0.95844
50/50 ???????????????????? 3s 56ms/step - acc: 0.9749 - auc: 0.9962 - loss: 0.0711 - val_acc: 0.8921 - val_auc: 0.9498 - val_loss: 0.3797
Epoch 16/300
50/50 ???????????????????? 0s 52ms/step - acc: 0.9820 - auc: 0.9975 - loss: 0.0541
Epoch 16: val_auc improved from 0.95844 to 0.95856, saving model to saved_models/best_MACSynDCR_ANN_model.keras
50/50 ???????????????????? 3s 68ms/step - acc: 0.9820 - auc: 0.9975 - loss: 0.0541 - val_acc: 0.9067 - val_auc: 0.9586 - val_loss: 0.3319
Epoch 17/300
49/50 ???????????????????? 0s 54ms/step - acc: 0.9870 - auc: 0.9992 - loss: 0.0351
Epoch 17: val_auc did not improve from 0.95856
50/50 ???????????????????? 3s 56ms/step - acc: 0.9870 - auc: 0.9991 - loss: 0.0351 - val_acc: 0.8984 - val_auc: 0.9580 - val_loss: 0.3434
Epoch 18/300
49/50 ???????????????????? 0s 52ms/step - acc: 0.9921 - auc: 0.9997 - loss: 0.0225
Epoch 18: val_auc did not improve from 0.95856
50/50 ???????????????????? 3s 55ms/step - acc: 0.9921 - auc: 0.9997 - loss: 0.0226 - val_acc: 0.8971 - val_auc: 0.9564 - val_loss: 0.3735
Epoch 19/300
50/50 ???????????????????? 0s 54ms/step - acc: 0.9868 - auc: 0.9991 - loss: 0.0368
Epoch 19: val_auc did not improve from 0.95856
50/50 ???????????????????? 3s 57ms/step - acc: 0.9868 - auc: 0.9991 - loss: 0.0368 - val_acc: 0.8946 - val_auc: 0.9475 - val_loss: 0.4260
Epoch 20/300
50/50 ???????????????????? 0s 53ms/step - acc: 0.9854 - auc: 0.9984 - loss: 0.0398
Epoch 20: val_auc did not improve from 0.95856
50/50 ???????????????????? 3s 56ms/step - acc: 0.9854 - auc: 0.9984 - loss: 0.0399 - val_acc: 0.8927 - val_auc: 0.9485 - val_loss: 0.4159
Epoch 21/300
50/50 ???????????????????? 0s 54ms/step - acc: 0.9839 - auc: 0.9986 - loss: 0.0431
Epoch 21: val_auc did not improve from 0.95856
50/50 ???????????????????? 3s 57ms/step - acc: 0.9838 - auc: 0.9986 - loss: 0.0433 - val_acc: 0.8952 - val_auc: 0.9477 - val_loss: 0.4222
Epoch 22/300
49/50 ???????????????????? 0s 53ms/step - acc: 0.9759 - auc: 0.9971 - loss: 0.0657
Epoch 22: val_auc did not improve from 0.95856
50/50 ???????????????????? 3s 56ms/step - acc: 0.9759 - auc: 0.9970 - loss: 0.0660 - val_acc: 0.8908 - val_auc: 0.9422 - val_loss: 0.4525
Epoch 23/300
49/50 ???????????????????? 0s 54ms/step - acc: 0.9843 - auc: 0.9979 - loss: 0.0521
Epoch 23: val_auc did not improve from 0.95856
50/50 ???????????????????? 3s 56ms/step - acc: 0.9843 - auc: 0.9979 - loss: 0.0519 - val_acc: 0.8990 - val_auc: 0.9477 - val_loss: 0.4032
Epoch 24/300
49/50 ???????????????????? 0s 54ms/step - acc: 0.9859 - auc: 0.9990 - loss: 0.0379
Epoch 24: val_auc did not improve from 0.95856
50/50 ???????????????????? 3s 57ms/step - acc: 0.9859 - auc: 0.9990 - loss: 0.0380 - val_acc: 0.8984 - val_auc: 0.9557 - val_loss: 0.3703
Epoch 25/300
49/50 ???????????????????? 0s 53ms/step - acc: 0.9889 - auc: 0.9992 - loss: 0.0324
Epoch 25: val_auc did not improve from 0.95856
50/50 ???????????????????? 3s 56ms/step - acc: 0.9889 - auc: 0.9992 - loss: 0.0325 - val_acc: 0.8997 - val_auc: 0.9555 - val_loss: 0.3722
Epoch 26/300
49/50 ???????????????????? 0s 53ms/step - acc: 0.9854 - auc: 0.9963 - loss: 0.0506
Epoch 26: val_auc did not improve from 0.95856
50/50 ???????????????????? 3s 56ms/step - acc: 0.9852 - auc: 0.9963 - loss: 0.0507 - val_acc: 0.8997 - val_auc: 0.9541 - val_loss: 0.3608
Epoch 27/300
49/50 ???????????????????? 0s 56ms/step - acc: 0.9858 - auc: 0.9979 - loss: 0.0461
Epoch 27: val_auc did not improve from 0.95856
50/50 ???????????????????? 3s 58ms/step - acc: 0.9857 - auc: 0.9979 - loss: 0.0461 - val_acc: 0.9041 - val_auc: 0.9552 - val_loss: 0.3615
Epoch 28/300
49/50 ???????????????????? 0s 53ms/step - acc: 0.9866 - auc: 0.9987 - loss: 0.0391
Epoch 28: val_auc did not improve from 0.95856
50/50 ???????????????????? 3s 56ms/step - acc: 0.9867 - auc: 0.9987 - loss: 0.0391 - val_acc: 0.8927 - val_auc: 0.9552 - val_loss: 0.3813
Epoch 29/300
49/50 ???????????????????? 0s 53ms/step - acc: 0.9871 - auc: 0.9970 - loss: 0.0502
Epoch 29: val_auc did not improve from 0.95856
50/50 ???????????????????? 3s 55ms/step - acc: 0.9871 - auc: 0.9970 - loss: 0.0501 - val_acc: 0.8851 - val_auc: 0.9379 - val_loss: 0.5028
Epoch 30/300
49/50 ???????????????????? 0s 53ms/step - acc: 0.9874 - auc: 0.9981 - loss: 0.0413
Epoch 30: val_auc did not improve from 0.95856
50/50 ???????????????????? 3s 56ms/step - acc: 0.9874 - auc: 0.9981 - loss: 0.0410 - val_acc: 0.8984 - val_auc: 0.9565 - val_loss: 0.3816
Epoch 31/300
49/50 ???????????????????? 0s 55ms/step - acc: 0.9902 - auc: 0.9986 - loss: 0.0353
Epoch 31: val_auc did not improve from 0.95856
50/50 ???????????????????? 3s 58ms/step - acc: 0.9902 - auc: 0.9986 - loss: 0.0353 - val_acc: 0.8959 - val_auc: 0.9526 - val_loss: 0.4052
Epoch 32/300
49/50 ???????????????????? 0s 53ms/step - acc: 0.9900 - auc: 0.9993 - loss: 0.0275
Epoch 32: val_auc did not improve from 0.95856
50/50 ???????????????????? 3s 56ms/step - acc: 0.9901 - auc: 0.9993 - loss: 0.0274 - val_acc: 0.9105 - val_auc: 0.9574 - val_loss: 0.3468
Epoch 33/300
49/50 ???????????????????? 0s 53ms/step - acc: 0.9964 - auc: 0.9999 - loss: 0.0130
Epoch 33: val_auc did not improve from 0.95856
50/50 ???????????????????? 3s 56ms/step - acc: 0.9963 - auc: 0.9999 - loss: 0.0131 - val_acc: 0.9029 - val_auc: 0.9525 - val_loss: 0.3848
Epoch 34/300
49/50 ???????????????????? 0s 52ms/step - acc: 0.9947 - auc: 0.9995 - loss: 0.0182
Epoch 34: val_auc did not improve from 0.95856
50/50 ???????????????????? 3s 55ms/step - acc: 0.9947 - auc: 0.9995 - loss: 0.0181 - val_acc: 0.9010 - val_auc: 0.9545 - val_loss: 0.4009
Epoch 35/300
49/50 ???????????????????? 0s 53ms/step - acc: 0.9919 - auc: 0.9990 - loss: 0.0269
Epoch 35: val_auc did not improve from 0.95856
50/50 ???????????????????? 3s 56ms/step - acc: 0.9918 - auc: 0.9990 - loss: 0.0272 - val_acc: 0.8984 - val_auc: 0.9436 - val_loss: 0.4668
Epoch 36/300
49/50 ???????????????????? 0s 53ms/step - acc: 0.9878 - auc: 0.9978 - loss: 0.0399
Epoch 36: val_auc did not improve from 0.95856
50/50 ???????????????????? 3s 56ms/step - acc: 0.9877 - auc: 0.9978 - loss: 0.0400 - val_acc: 0.8921 - val_auc: 0.9496 - val_loss: 0.4606
Epoch 37/300
49/50 ???????????????????? 0s 53ms/step - acc: 0.9894 - auc: 0.9992 - loss: 0.0291
Epoch 37: val_auc did not improve from 0.95856
50/50 ???????????????????? 3s 55ms/step - acc: 0.9893 - auc: 0.9992 - loss: 0.0294 - val_acc: 0.8794 - val_auc: 0.9338 - val_loss: 0.5633
Epoch 38/300
50/50 ???????????????????? 0s 54ms/step - acc: 0.9764 - auc: 0.9976 - loss: 0.0616
Epoch 38: val_auc did not improve from 0.95856
50/50 ???????????????????? 3s 56ms/step - acc: 0.9765 - auc: 0.9976 - loss: 0.0615 - val_acc: 0.8997 - val_auc: 0.9458 - val_loss: 0.4684
Epoch 39/300
49/50 ???????????????????? 0s 52ms/step - acc: 0.9819 - auc: 0.9976 - loss: 0.0552
Epoch 39: val_auc did not improve from 0.95856
50/50 ???????????????????? 3s 55ms/step - acc: 0.9820 - auc: 0.9977 - loss: 0.0550 - val_acc: 0.9016 - val_auc: 0.9518 - val_loss: 0.4075
Epoch 40/300
49/50 ???????????????????? 0s 54ms/step - acc: 0.9926 - auc: 0.9991 - loss: 0.0270
Epoch 40: val_auc did not improve from 0.95856
50/50 ???????????????????? 3s 57ms/step - acc: 0.9925 - auc: 0.9991 - loss: 0.0270 - val_acc: 0.9016 - val_auc: 0.9506 - val_loss: 0.4018
Epoch 41/300
50/50 ???????????????????? 0s 52ms/step - acc: 0.9948 - auc: 0.9999 - loss: 0.0162
Epoch 41: val_auc did not improve from 0.95856
50/50 ???????????????????? 3s 55ms/step - acc: 0.9948 - auc: 0.9999 - loss: 0.0162 - val_acc: 0.9079 - val_auc: 0.9571 - val_loss: 0.3860
Epoch 42/300
49/50 ???????????????????? 0s 54ms/step - acc: 0.9954 - auc: 0.9994 - loss: 0.0184
Epoch 42: val_auc did not improve from 0.95856
50/50 ???????????????????? 3s 57ms/step - acc: 0.9953 - auc: 0.9994 - loss: 0.0186 - val_acc: 0.9016 - val_auc: 0.9563 - val_loss: 0.4066
Epoch 43/300
49/50 ???????????????????? 0s 53ms/step - acc: 0.9932 - auc: 0.9997 - loss: 0.0200
Epoch 43: val_auc did not improve from 0.95856
50/50 ???????????????????? 3s 56ms/step - acc: 0.9932 - auc: 0.9997 - loss: 0.0201 - val_acc: 0.9060 - val_auc: 0.9522 - val_loss: 0.4211
Epoch 44/300
49/50 ???????????????????? 0s 53ms/step - acc: 0.9946 - auc: 0.9997 - loss: 0.0170
Epoch 44: val_auc improved from 0.95856 to 0.95888, saving model to saved_models/best_MACSynDCR_ANN_model.keras
50/50 ???????????????????? 4s 71ms/step - acc: 0.9945 - auc: 0.9997 - loss: 0.0172 - val_acc: 0.9048 - val_auc: 0.9589 - val_loss: 0.3838
Epoch 45/300
50/50 ???????????????????? 0s 54ms/step - acc: 0.9958 - auc: 0.9999 - loss: 0.0121
Epoch 45: val_auc improved from 0.95888 to 0.96222, saving model to saved_models/best_MACSynDCR_ANN_model.keras
50/50 ???????????????????? 4s 70ms/step - acc: 0.9958 - auc: 0.9999 - loss: 0.0121 - val_acc: 0.9086 - val_auc: 0.9622 - val_loss: 0.3569
Epoch 46/300
49/50 ???????????????????? 0s 53ms/step - acc: 0.9979 - auc: 1.0000 - loss: 0.0069
Epoch 46: val_auc did not improve from 0.96222
50/50 ???????????????????? 3s 56ms/step - acc: 0.9979 - auc: 1.0000 - loss: 0.0069 - val_acc: 0.9098 - val_auc: 0.9558 - val_loss: 0.3796
Epoch 47/300
49/50 ???????????????????? 0s 54ms/step - acc: 0.9938 - auc: 0.9985 - loss: 0.0240
Epoch 47: val_auc did not improve from 0.96222
50/50 ???????????????????? 3s 57ms/step - acc: 0.9937 - auc: 0.9985 - loss: 0.0241 - val_acc: 0.8940 - val_auc: 0.9439 - val_loss: 0.4553
Epoch 48/300
49/50 ???????????????????? 0s 54ms/step - acc: 0.9920 - auc: 0.9987 - loss: 0.0277
Epoch 48: val_auc did not improve from 0.96222
50/50 ???????????????????? 3s 57ms/step - acc: 0.9920 - auc: 0.9987 - loss: 0.0276 - val_acc: 0.8933 - val_auc: 0.9473 - val_loss: 0.4755
Epoch 49/300
49/50 ???????????????????? 0s 53ms/step - acc: 0.9914 - auc: 0.9988 - loss: 0.0255
Epoch 49: val_auc did not improve from 0.96222
50/50 ???????????????????? 3s 56ms/step - acc: 0.9914 - auc: 0.9988 - loss: 0.0257 - val_acc: 0.8984 - val_auc: 0.9454 - val_loss: 0.4503
Epoch 50/300
49/50 ???????????????????? 0s 53ms/step - acc: 0.9908 - auc: 0.9987 - loss: 0.0300
Epoch 50: val_auc did not improve from 0.96222
50/50 ???????????????????? 3s 56ms/step - acc: 0.9907 - auc: 0.9987 - loss: 0.0301 - val_acc: 0.8883 - val_auc: 0.9473 - val_loss: 0.4446
Epoch 51/300
50/50 ???????????????????? 0s 52ms/step - acc: 0.9877 - auc: 0.9989 - loss: 0.0382
Epoch 51: val_auc did not improve from 0.96222
50/50 ???????????????????? 3s 55ms/step - acc: 0.9877 - auc: 0.9989 - loss: 0.0382 - val_acc: 0.8952 - val_auc: 0.9442 - val_loss: 0.4590
Epoch 52/300
49/50 ???????????????????? 0s 53ms/step - acc: 0.9791 - auc: 0.9951 - loss: 0.0689
Epoch 52: val_auc did not improve from 0.96222
50/50 ???????????????????? 3s 56ms/step - acc: 0.9791 - auc: 0.9951 - loss: 0.0688 - val_acc: 0.8794 - val_auc: 0.9398 - val_loss: 0.5121
Epoch 53/300
49/50 ???????????????????? 0s 53ms/step - acc: 0.9870 - auc: 0.9982 - loss: 0.0400
Epoch 53: val_auc did not improve from 0.96222
50/50 ???????????????????? 3s 55ms/step - acc: 0.9870 - auc: 0.9982 - loss: 0.0399 - val_acc: 0.8959 - val_auc: 0.9473 - val_loss: 0.4361
Epoch 54/300
49/50 ???????????????????? 0s 54ms/step - acc: 0.9935 - auc: 0.9994 - loss: 0.0182
Epoch 54: val_auc did not improve from 0.96222
50/50 ???????????????????? 3s 56ms/step - acc: 0.9936 - auc: 0.9995 - loss: 0.0182 - val_acc: 0.8978 - val_auc: 0.9502 - val_loss: 0.4307
Epoch 55/300
49/50 ???????????????????? 0s 55ms/step - acc: 0.9889 - auc: 0.9967 - loss: 0.0470
Epoch 55: val_auc did not improve from 0.96222
50/50 ???????????????????? 3s 57ms/step - acc: 0.9889 - auc: 0.9967 - loss: 0.0467 - val_acc: 0.8863 - val_auc: 0.9482 - val_loss: 0.4291
Epoch 56/300
49/50 ???????????????????? 0s 54ms/step - acc: 0.9963 - auc: 0.9997 - loss: 0.0172
Epoch 56: val_auc did not improve from 0.96222
50/50 ???????????????????? 3s 57ms/step - acc: 0.9963 - auc: 0.9997 - loss: 0.0172 - val_acc: 0.8984 - val_auc: 0.9541 - val_loss: 0.4072
Epoch 57/300
49/50 ???????????????????? 0s 54ms/step - acc: 0.9947 - auc: 0.9998 - loss: 0.0146
Epoch 57: val_auc did not improve from 0.96222
50/50 ???????????????????? 3s 56ms/step - acc: 0.9946 - auc: 0.9997 - loss: 0.0147 - val_acc: 0.9035 - val_auc: 0.9555 - val_loss: 0.3892
Epoch 58/300
49/50 ???????????????????? 0s 55ms/step - acc: 0.9897 - auc: 0.9980 - loss: 0.0343
Epoch 58: val_auc did not improve from 0.96222
50/50 ???????????????????? 3s 58ms/step - acc: 0.9897 - auc: 0.9980 - loss: 0.0343 - val_acc: 0.9029 - val_auc: 0.9536 - val_loss: 0.4172
Epoch 59/300
49/50 ???????????????????? 0s 55ms/step - acc: 0.9946 - auc: 0.9997 - loss: 0.0167
Epoch 59: val_auc did not improve from 0.96222
50/50 ???????????????????? 3s 57ms/step - acc: 0.9946 - auc: 0.9997 - loss: 0.0167 - val_acc: 0.8990 - val_auc: 0.9576 - val_loss: 0.4030
Epoch 60/300
49/50 ???????????????????? 0s 53ms/step - acc: 0.9947 - auc: 0.9993 - loss: 0.0188
Epoch 60: val_auc did not improve from 0.96222
50/50 ???????????????????? 3s 56ms/step - acc: 0.9946 - auc: 0.9994 - loss: 0.0189 - val_acc: 0.8971 - val_auc: 0.9473 - val_loss: 0.4375
Epoch 61/300
49/50 ???????????????????? 0s 54ms/step - acc: 0.9934 - auc: 0.9993 - loss: 0.0230
Epoch 61: val_auc did not improve from 0.96222
50/50 ???????????????????? 3s 56ms/step - acc: 0.9934 - auc: 0.9993 - loss: 0.0229 - val_acc: 0.8965 - val_auc: 0.9474 - val_loss: 0.4436
Epoch 62/300
49/50 ???????????????????? 0s 54ms/step - acc: 0.9959 - auc: 0.9996 - loss: 0.0145
Epoch 62: val_auc did not improve from 0.96222
50/50 ???????????????????? 3s 57ms/step - acc: 0.9959 - auc: 0.9996 - loss: 0.0145 - val_acc: 0.8895 - val_auc: 0.9433 - val_loss: 0.5016
Epoch 63/300
49/50 ???????????????????? 0s 54ms/step - acc: 0.9922 - auc: 0.9984 - loss: 0.0320
Epoch 63: val_auc did not improve from 0.96222
50/50 ???????????????????? 3s 57ms/step - acc: 0.9922 - auc: 0.9984 - loss: 0.0322 - val_acc: 0.9054 - val_auc: 0.9479 - val_loss: 0.4112
Epoch 64/300
49/50 ???????????????????? 0s 53ms/step - acc: 0.9940 - auc: 0.9993 - loss: 0.0201
Epoch 64: val_auc did not improve from 0.96222
50/50 ???????????????????? 3s 56ms/step - acc: 0.9940 - auc: 0.9993 - loss: 0.0203 - val_acc: 0.9003 - val_auc: 0.9500 - val_loss: 0.4077
Epoch 65/300
49/50 ???????????????????? 0s 53ms/step - acc: 0.9874 - auc: 0.9981 - loss: 0.0422
Epoch 65: val_auc did not improve from 0.96222
50/50 ???????????????????? 3s 56ms/step - acc: 0.9874 - auc: 0.9981 - loss: 0.0421 - val_acc: 0.8844 - val_auc: 0.9371 - val_loss: 0.5241
Epoch 66/300
49/50 ???????????????????? 0s 54ms/step - acc: 0.9867 - auc: 0.9989 - loss: 0.0417
Epoch 66: val_auc did not improve from 0.96222
50/50 ???????????????????? 3s 57ms/step - acc: 0.9867 - auc: 0.9989 - loss: 0.0416 - val_acc: 0.8965 - val_auc: 0.9446 - val_loss: 0.4377
Epoch 67/300
49/50 ???????????????????? 0s 52ms/step - acc: 0.9913 - auc: 0.9996 - loss: 0.0234
Epoch 67: val_auc did not improve from 0.96222
50/50 ???????????????????? 3s 55ms/step - acc: 0.9913 - auc: 0.9996 - loss: 0.0234 - val_acc: 0.8971 - val_auc: 0.9520 - val_loss: 0.4646
Epoch 68/300
49/50 ???????????????????? 0s 56ms/step - acc: 0.9823 - auc: 0.9935 - loss: 0.0683
Epoch 68: val_auc did not improve from 0.96222
50/50 ???????????????????? 3s 59ms/step - acc: 0.9823 - auc: 0.9936 - loss: 0.0680 - val_acc: 0.8914 - val_auc: 0.9479 - val_loss: 0.4247
Epoch 69/300
50/50 ???????????????????? 0s 55ms/step - acc: 0.9926 - auc: 0.9991 - loss: 0.0241
Epoch 69: val_auc did not improve from 0.96222
50/50 ???????????????????? 3s 58ms/step - acc: 0.9926 - auc: 0.9991 - loss: 0.0241 - val_acc: 0.8965 - val_auc: 0.9536 - val_loss: 0.4246
Epoch 70/300
49/50 ???????????????????? 0s 54ms/step - acc: 0.9969 - auc: 0.9998 - loss: 0.0118
Epoch 70: val_auc did not improve from 0.96222
50/50 ???????????????????? 3s 56ms/step - acc: 0.9969 - auc: 0.9998 - loss: 0.0119 - val_acc: 0.9016 - val_auc: 0.9576 - val_loss: 0.3852
Epoch 71/300
49/50 ???????????????????? 0s 52ms/step - acc: 0.9937 - auc: 0.9998 - loss: 0.0174
Epoch 71: val_auc did not improve from 0.96222
50/50 ???????????????????? 3s 55ms/step - acc: 0.9937 - auc: 0.9997 - loss: 0.0176 - val_acc: 0.9048 - val_auc: 0.9517 - val_loss: 0.4097
Epoch 72/300
50/50 ???????????????????? 0s 52ms/step - acc: 0.9850 - auc: 0.9958 - loss: 0.0567
Epoch 72: val_auc did not improve from 0.96222
50/50 ???????????????????? 3s 55ms/step - acc: 0.9850 - auc: 0.9958 - loss: 0.0566 - val_acc: 0.8965 - val_auc: 0.9463 - val_loss: 0.4522
Epoch 73/300
49/50 ???????????????????? 0s 53ms/step - acc: 0.9905 - auc: 0.9990 - loss: 0.0277
Epoch 73: val_auc did not improve from 0.96222
50/50 ???????????????????? 3s 55ms/step - acc: 0.9906 - auc: 0.9990 - loss: 0.0275 - val_acc: 0.8990 - val_auc: 0.9510 - val_loss: 0.3968
Epoch 74/300
49/50 ???????????????????? 0s 52ms/step - acc: 0.9968 - auc: 0.9999 - loss: 0.0131
Epoch 74: val_auc did not improve from 0.96222
50/50 ???????????????????? 3s 55ms/step - acc: 0.9967 - auc: 0.9998 - loss: 0.0133 - val_acc: 0.9010 - val_auc: 0.9512 - val_loss: 0.4338
Epoch 75/300
49/50 ???????????????????? 0s 53ms/step - acc: 0.9840 - auc: 0.9968 - loss: 0.0519
Epoch 75: val_auc did not improve from 0.96222
50/50 ???????????????????? 3s 55ms/step - acc: 0.9839 - auc: 0.9968 - loss: 0.0520 - val_acc: 0.8940 - val_auc: 0.9521 - val_loss: 0.4065
Epoch 76/300
49/50 ???????????????????? 0s 53ms/step - acc: 0.9944 - auc: 0.9998 - loss: 0.0193
Epoch 76: val_auc did not improve from 0.96222
50/50 ???????????????????? 3s 55ms/step - acc: 0.9944 - auc: 0.9998 - loss: 0.0192 - val_acc: 0.9029 - val_auc: 0.9576 - val_loss: 0.3839
Epoch 77/300
49/50 ???????????????????? 0s 52ms/step - acc: 0.9954 - auc: 0.9999 - loss: 0.0134
Epoch 77: val_auc did not improve from 0.96222
50/50 ???????????????????? 3s 55ms/step - acc: 0.9955 - auc: 0.9998 - loss: 0.0134 - val_acc: 0.8978 - val_auc: 0.9545 - val_loss: 0.4062
Epoch 78/300
49/50 ???????????????????? 0s 52ms/step - acc: 0.9854 - auc: 0.9978 - loss: 0.0470
Epoch 78: val_auc did not improve from 0.96222
50/50 ???????????????????? 3s 55ms/step - acc: 0.9854 - auc: 0.9978 - loss: 0.0469 - val_acc: 0.8990 - val_auc: 0.9520 - val_loss: 0.3912
Epoch 79/300
49/50 ???????????????????? 0s 52ms/step - acc: 0.9927 - auc: 0.9997 - loss: 0.0183
Epoch 79: val_auc did not improve from 0.96222
50/50 ???????????????????? 3s 55ms/step - acc: 0.9927 - auc: 0.9997 - loss: 0.0184 - val_acc: 0.9124 - val_auc: 0.9592 - val_loss: 0.3573
Epoch 80/300
49/50 ???????????????????? 0s 53ms/step - acc: 0.9935 - auc: 0.9991 - loss: 0.0224
Epoch 80: val_auc did not improve from 0.96222
50/50 ???????????????????? 3s 55ms/step - acc: 0.9935 - auc: 0.9991 - loss: 0.0223 - val_acc: 0.9060 - val_auc: 0.9511 - val_loss: 0.4151
Epoch 81/300
49/50 ???????????????????? 0s 53ms/step - acc: 0.9973 - auc: 1.0000 - loss: 0.0084
Epoch 81: val_auc did not improve from 0.96222
50/50 ???????????????????? 3s 55ms/step - acc: 0.9973 - auc: 1.0000 - loss: 0.0084 - val_acc: 0.9016 - val_auc: 0.9516 - val_loss: 0.4142
Epoch 82/300
49/50 ???????????????????? 0s 53ms/step - acc: 0.9974 - auc: 0.9997 - loss: 0.0094
Epoch 82: val_auc did not improve from 0.96222
50/50 ???????????????????? 3s 56ms/step - acc: 0.9975 - auc: 0.9998 - loss: 0.0093 - val_acc: 0.9041 - val_auc: 0.9546 - val_loss: 0.4044
Epoch 83/300
49/50 ???????????????????? 0s 53ms/step - acc: 0.9988 - auc: 1.0000 - loss: 0.0040
Epoch 83: val_auc did not improve from 0.96222
50/50 ???????????????????? 3s 56ms/step - acc: 0.9988 - auc: 1.0000 - loss: 0.0041 - val_acc: 0.9060 - val_auc: 0.9523 - val_loss: 0.4166
Epoch 84/300
49/50 ???????????????????? 0s 52ms/step - acc: 0.9979 - auc: 0.9998 - loss: 0.0071
Epoch 84: val_auc did not improve from 0.96222
50/50 ???????????????????? 3s 55ms/step - acc: 0.9979 - auc: 0.9998 - loss: 0.0071 - val_acc: 0.9079 - val_auc: 0.9525 - val_loss: 0.4198
Epoch 85/300
49/50 ???????????????????? 0s 53ms/step - acc: 0.9935 - auc: 0.9976 - loss: 0.0307
Epoch 85: val_auc did not improve from 0.96222
50/50 ???????????????????? 3s 55ms/step - acc: 0.9935 - auc: 0.9976 - loss: 0.0306 - val_acc: 0.8971 - val_auc: 0.9499 - val_loss: 0.4950
Epoch 86/300
50/50 ???????????????????? 0s 52ms/step - acc: 0.9953 - auc: 0.9994 - loss: 0.0182
Epoch 86: val_auc did not improve from 0.96222
50/50 ???????????????????? 3s 55ms/step - acc: 0.9952 - auc: 0.9994 - loss: 0.0183 - val_acc: 0.8978 - val_auc: 0.9474 - val_loss: 0.4553
Epoch 87/300
49/50 ???????????????????? 0s 53ms/step - acc: 0.9959 - auc: 0.9998 - loss: 0.0133
Epoch 87: val_auc did not improve from 0.96222
50/50 ???????????????????? 3s 56ms/step - acc: 0.9959 - auc: 0.9998 - loss: 0.0133 - val_acc: 0.9067 - val_auc: 0.9458 - val_loss: 0.4653
Epoch 88/300
49/50 ???????????????????? 0s 53ms/step - acc: 0.9922 - auc: 0.9986 - loss: 0.0284
Epoch 88: val_auc did not improve from 0.96222
50/50 ???????????????????? 3s 56ms/step - acc: 0.9921 - auc: 0.9986 - loss: 0.0286 - val_acc: 0.8902 - val_auc: 0.9379 - val_loss: 0.5244
Epoch 89/300
49/50 ???????????????????? 0s 53ms/step - acc: 0.9922 - auc: 0.9996 - loss: 0.0235
Epoch 89: val_auc did not improve from 0.96222
50/50 ???????????????????? 3s 55ms/step - acc: 0.9921 - auc: 0.9995 - loss: 0.0237 - val_acc: 0.8851 - val_auc: 0.9378 - val_loss: 0.5077
Epoch 90/300
49/50 ???????????????????? 0s 56ms/step - acc: 0.9817 - auc: 0.9963 - loss: 0.0577
Epoch 90: val_auc did not improve from 0.96222
50/50 ???????????????????? 3s 58ms/step - acc: 0.9818 - auc: 0.9963 - loss: 0.0573 - val_acc: 0.8997 - val_auc: 0.9498 - val_loss: 0.4490
Epoch 91/300
49/50 ???????????????????? 0s 54ms/step - acc: 0.9945 - auc: 0.9998 - loss: 0.0175
Epoch 91: val_auc did not improve from 0.96222
50/50 ???????????????????? 3s 57ms/step - acc: 0.9945 - auc: 0.9998 - loss: 0.0175 - val_acc: 0.9035 - val_auc: 0.9521 - val_loss: 0.4320
Epoch 92/300
49/50 ???????????????????? 0s 53ms/step - acc: 0.9974 - auc: 0.9999 - loss: 0.0095
Epoch 92: val_auc did not improve from 0.96222
50/50 ???????????????????? 3s 56ms/step - acc: 0.9974 - auc: 0.9999 - loss: 0.0095 - val_acc: 0.8990 - val_auc: 0.9419 - val_loss: 0.4909
Epoch 93/300
49/50 ???????????????????? 0s 54ms/step - acc: 0.9986 - auc: 1.0000 - loss: 0.0046
Epoch 93: val_auc did not improve from 0.96222
50/50 ???????????????????? 3s 57ms/step - acc: 0.9986 - auc: 1.0000 - loss: 0.0046 - val_acc: 0.9060 - val_auc: 0.9491 - val_loss: 0.4534
Epoch 94/300
49/50 ???????????????????? 0s 53ms/step - acc: 0.9982 - auc: 0.9999 - loss: 0.0052
Epoch 94: val_auc did not improve from 0.96222
50/50 ???????????????????? 3s 55ms/step - acc: 0.9982 - auc: 0.9999 - loss: 0.0053 - val_acc: 0.8965 - val_auc: 0.9459 - val_loss: 0.4556
Epoch 95/300
49/50 ???????????????????? 0s 53ms/step - acc: 0.9960 - auc: 0.9993 - loss: 0.0139
Epoch 95: val_auc did not improve from 0.96222
50/50 ???????????????????? 3s 56ms/step - acc: 0.9960 - auc: 0.9993 - loss: 0.0140 - val_acc: 0.8781 - val_auc: 0.9381 - val_loss: 0.5237
Epoch 96/300
50/50 ???????????????????? 0s 53ms/step - acc: 0.9973 - auc: 0.9999 - loss: 0.0097
Epoch 96: val_auc did not improve from 0.96222
50/50 ???????????????????? 3s 56ms/step - acc: 0.9973 - auc: 0.9999 - loss: 0.0097 - val_acc: 0.9041 - val_auc: 0.9488 - val_loss: 0.4604
Epoch 97/300
49/50 ???????????????????? 0s 52ms/step - acc: 0.9944 - auc: 0.9992 - loss: 0.0205
Epoch 97: val_auc did not improve from 0.96222
50/50 ???????????????????? 3s 54ms/step - acc: 0.9943 - auc: 0.9991 - loss: 0.0207 - val_acc: 0.9041 - val_auc: 0.9475 - val_loss: 0.4481
Epoch 98/300
49/50 ???????????????????? 0s 53ms/step - acc: 0.9855 - auc: 0.9967 - loss: 0.0482
Epoch 98: val_auc did not improve from 0.96222
50/50 ???????????????????? 3s 55ms/step - acc: 0.9855 - auc: 0.9967 - loss: 0.0480 - val_acc: 0.8946 - val_auc: 0.9439 - val_loss: 0.4641
Epoch 99/300
49/50 ???????????????????? 0s 53ms/step - acc: 0.9929 - auc: 0.9994 - loss: 0.0222
Epoch 99: val_auc did not improve from 0.96222
50/50 ???????????????????? 3s 55ms/step - acc: 0.9928 - auc: 0.9994 - loss: 0.0222 - val_acc: 0.8851 - val_auc: 0.9437 - val_loss: 0.4823
Epoch 100/300
49/50 ???????????????????? 0s 52ms/step - acc: 0.9907 - auc: 0.9989 - loss: 0.0301
Epoch 100: val_auc did not improve from 0.96222
50/50 ???????????????????? 3s 55ms/step - acc: 0.9907 - auc: 0.9989 - loss: 0.0301 - val_acc: 0.8844 - val_auc: 0.9387 - val_loss: 0.4808
Epoch 101/300
49/50 ???????????????????? 0s 53ms/step - acc: 0.9932 - auc: 0.9998 - loss: 0.0181
Epoch 101: val_auc did not improve from 0.96222
50/50 ???????????????????? 3s 55ms/step - acc: 0.9931 - auc: 0.9997 - loss: 0.0183 - val_acc: 0.8895 - val_auc: 0.9417 - val_loss: 0.4899
Epoch 102/300
49/50 ???????????????????? 0s 52ms/step - acc: 0.9929 - auc: 0.9990 - loss: 0.0245
Epoch 102: val_auc did not improve from 0.96222
50/50 ???????????????????? 3s 55ms/step - acc: 0.9929 - auc: 0.9990 - loss: 0.0245 - val_acc: 0.8978 - val_auc: 0.9403 - val_loss: 0.4589
Epoch 103/300
49/50 ???????????????????? 0s 52ms/step - acc: 0.9945 - auc: 0.9992 - loss: 0.0219
Epoch 103: val_auc did not improve from 0.96222
50/50 ???????????????????? 3s 55ms/step - acc: 0.9946 - auc: 0.9992 - loss: 0.0217 - val_acc: 0.9143 - val_auc: 0.9545 - val_loss: 0.3848
Epoch 104/300
49/50 ???????????????????? 0s 53ms/step - acc: 0.9979 - auc: 0.9999 - loss: 0.0072
Epoch 104: val_auc did not improve from 0.96222
50/50 ???????????????????? 3s 55ms/step - acc: 0.9979 - auc: 0.9999 - loss: 0.0073 - val_acc: 0.9041 - val_auc: 0.9493 - val_loss: 0.4616
Epoch 105/300
49/50 ???????????????????? 0s 52ms/step - acc: 0.9988 - auc: 0.9999 - loss: 0.0056
Epoch 105: val_auc did not improve from 0.96222
50/50 ???????????????????? 3s 54ms/step - acc: 0.9988 - auc: 0.9999 - loss: 0.0058 - val_acc: 0.9022 - val_auc: 0.9502 - val_loss: 0.4387
Epoch 106/300
49/50 ???????????????????? 0s 52ms/step - acc: 0.9958 - auc: 0.9989 - loss: 0.0186
Epoch 106: val_auc did not improve from 0.96222
50/50 ???????????????????? 3s 55ms/step - acc: 0.9958 - auc: 0.9989 - loss: 0.0185 - val_acc: 0.9060 - val_auc: 0.9466 - val_loss: 0.4703
Epoch 107/300
49/50 ???????????????????? 0s 53ms/step - acc: 0.9971 - auc: 0.9993 - loss: 0.0120
Epoch 107: val_auc did not improve from 0.96222
50/50 ???????????????????? 3s 55ms/step - acc: 0.9971 - auc: 0.9993 - loss: 0.0121 - val_acc: 0.9003 - val_auc: 0.9471 - val_loss: 0.4652
Epoch 108/300
50/50 ???????????????????? 0s 53ms/step - acc: 0.9961 - auc: 0.9993 - loss: 0.0145
Epoch 108: val_auc did not improve from 0.96222
50/50 ???????????????????? 3s 55ms/step - acc: 0.9961 - auc: 0.9993 - loss: 0.0145 - val_acc: 0.9016 - val_auc: 0.9475 - val_loss: 0.4583
Epoch 109/300
49/50 ???????????????????? 0s 52ms/step - acc: 0.9973 - auc: 0.9999 - loss: 0.0084
Epoch 109: val_auc did not improve from 0.96222
50/50 ???????????????????? 3s 55ms/step - acc: 0.9973 - auc: 0.9999 - loss: 0.0085 - val_acc: 0.8883 - val_auc: 0.9393 - val_loss: 0.5093
Epoch 110/300
49/50 ???????????????????? 0s 54ms/step - acc: 0.9986 - auc: 1.0000 - loss: 0.0045
Epoch 110: val_auc did not improve from 0.96222
50/50 ???????????????????? 3s 56ms/step - acc: 0.9986 - auc: 1.0000 - loss: 0.0045 - val_acc: 0.8952 - val_auc: 0.9468 - val_loss: 0.4653
Epoch 111/300
49/50 ???????????????????? 0s 53ms/step - acc: 0.9994 - auc: 1.0000 - loss: 0.0025
Epoch 111: val_auc did not improve from 0.96222
50/50 ???????????????????? 3s 56ms/step - acc: 0.9994 - auc: 1.0000 - loss: 0.0025 - val_acc: 0.9016 - val_auc: 0.9472 - val_loss: 0.4680
Epoch 112/300
50/50 ???????????????????? 0s 55ms/step - acc: 0.9997 - auc: 1.0000 - loss: 0.0014
Epoch 112: val_auc did not improve from 0.96222
50/50 ???????????????????? 3s 58ms/step - acc: 0.9997 - auc: 1.0000 - loss: 0.0014 - val_acc: 0.9098 - val_auc: 0.9473 - val_loss: 0.4746
Epoch 113/300
49/50 ???????????????????? 0s 54ms/step - acc: 0.9989 - auc: 1.0000 - loss: 0.0047
Epoch 113: val_auc did not improve from 0.96222
50/50 ???????????????????? 3s 56ms/step - acc: 0.9989 - auc: 1.0000 - loss: 0.0046 - val_acc: 0.9111 - val_auc: 0.9511 - val_loss: 0.4371
Epoch 114/300
49/50 ???????????????????? 0s 52ms/step - acc: 0.9983 - auc: 0.9997 - loss: 0.0062
Epoch 114: val_auc did not improve from 0.96222
50/50 ???????????????????? 3s 55ms/step - acc: 0.9982 - auc: 0.9997 - loss: 0.0062 - val_acc: 0.8984 - val_auc: 0.9416 - val_loss: 0.5179
Epoch 115/300
49/50 ???????????????????? 0s 55ms/step - acc: 0.9931 - auc: 0.9982 - loss: 0.0278
Epoch 115: val_auc did not improve from 0.96222
50/50 ???????????????????? 3s 57ms/step - acc: 0.9931 - auc: 0.9982 - loss: 0.0277 - val_acc: 0.8883 - val_auc: 0.9409 - val_loss: 0.4855
Epoch 116/300
50/50 ???????????????????? 0s 52ms/step - acc: 0.9938 - auc: 0.9996 - loss: 0.0193
Epoch 116: val_auc did not improve from 0.96222
50/50 ???????????????????? 3s 55ms/step - acc: 0.9938 - auc: 0.9996 - loss: 0.0192 - val_acc: 0.8984 - val_auc: 0.9461 - val_loss: 0.4872
Epoch 117/300
49/50 ???????????????????? 0s 54ms/step - acc: 0.9944 - auc: 0.9996 - loss: 0.0175
Epoch 117: val_auc did not improve from 0.96222
50/50 ???????????????????? 3s 57ms/step - acc: 0.9944 - auc: 0.9996 - loss: 0.0175 - val_acc: 0.8971 - val_auc: 0.9488 - val_loss: 0.4789
Epoch 118/300
49/50 ???????????????????? 0s 53ms/step - acc: 0.9939 - auc: 0.9992 - loss: 0.0179
Epoch 118: val_auc did not improve from 0.96222
50/50 ???????????????????? 3s 55ms/step - acc: 0.9939 - auc: 0.9992 - loss: 0.0179 - val_acc: 0.9105 - val_auc: 0.9532 - val_loss: 0.4472
Epoch 119/300
49/50 ???????????????????? 0s 53ms/step - acc: 0.9965 - auc: 0.9999 - loss: 0.0101
Epoch 119: val_auc did not improve from 0.96222
50/50 ???????????????????? 3s 56ms/step - acc: 0.9965 - auc: 0.9999 - loss: 0.0102 - val_acc: 0.8933 - val_auc: 0.9428 - val_loss: 0.5136
Epoch 120/300
49/50 ???????????????????? 0s 52ms/step - acc: 0.9834 - auc: 0.9953 - loss: 0.0688
Epoch 120: val_auc did not improve from 0.96222
50/50 ???????????????????? 3s 55ms/step - acc: 0.9834 - auc: 0.9954 - loss: 0.0681 - val_acc: 0.9054 - val_auc: 0.9473 - val_loss: 0.4668
Epoch 121/300
49/50 ???????????????????? 0s 52ms/step - acc: 0.9938 - auc: 0.9991 - loss: 0.0196
Epoch 121: val_auc did not improve from 0.96222
50/50 ???????????????????? 3s 55ms/step - acc: 0.9938 - auc: 0.9991 - loss: 0.0196 - val_acc: 0.8997 - val_auc: 0.9462 - val_loss: 0.4750
Epoch 122/300
49/50 ???????????????????? 0s 53ms/step - acc: 0.9930 - auc: 0.9986 - loss: 0.0249
Epoch 122: val_auc did not improve from 0.96222
50/50 ???????????????????? 3s 56ms/step - acc: 0.9929 - auc: 0.9986 - loss: 0.0249 - val_acc: 0.8978 - val_auc: 0.9446 - val_loss: 0.4573
Epoch 123/300
49/50 ???????????????????? 0s 54ms/step - acc: 0.9917 - auc: 0.9985 - loss: 0.0334
Epoch 123: val_auc did not improve from 0.96222
50/50 ???????????????????? 3s 56ms/step - acc: 0.9917 - auc: 0.9985 - loss: 0.0331 - val_acc: 0.9086 - val_auc: 0.9533 - val_loss: 0.4169
Epoch 124/300
49/50 ???????????????????? 0s 53ms/step - acc: 0.9980 - auc: 0.9999 - loss: 0.0080
Epoch 124: val_auc did not improve from 0.96222
50/50 ???????????????????? 3s 56ms/step - acc: 0.9980 - auc: 0.9999 - loss: 0.0081 - val_acc: 0.9035 - val_auc: 0.9485 - val_loss: 0.4574
Epoch 125/300
49/50 ???????????????????? 0s 53ms/step - acc: 0.9938 - auc: 0.9994 - loss: 0.0206
Epoch 125: val_auc did not improve from 0.96222
50/50 ???????????????????? 3s 56ms/step - acc: 0.9938 - auc: 0.9994 - loss: 0.0206 - val_acc: 0.9079 - val_auc: 0.9526 - val_loss: 0.4319
Epoch 126/300
49/50 ???????????????????? 0s 54ms/step - acc: 0.9991 - auc: 1.0000 - loss: 0.0048
Epoch 126: val_auc did not improve from 0.96222
50/50 ???????????????????? 3s 56ms/step - acc: 0.9991 - auc: 1.0000 - loss: 0.0048 - val_acc: 0.9010 - val_auc: 0.9533 - val_loss: 0.4128
Epoch 127/300
49/50 ???????????????????? 0s 53ms/step - acc: 0.9991 - auc: 1.0000 - loss: 0.0023
Epoch 127: val_auc did not improve from 0.96222
50/50 ???????????????????? 3s 55ms/step - acc: 0.9991 - auc: 1.0000 - loss: 0.0023 - val_acc: 0.9137 - val_auc: 0.9559 - val_loss: 0.4095
Epoch 128/300
50/50 ???????????????????? 0s 53ms/step - acc: 0.9995 - auc: 0.9998 - loss: 0.0039
Epoch 128: val_auc did not improve from 0.96222
50/50 ???????????????????? 3s 56ms/step - acc: 0.9994 - auc: 0.9998 - loss: 0.0040 - val_acc: 0.9124 - val_auc: 0.9547 - val_loss: 0.4274
Epoch 129/300
49/50 ???????????????????? 0s 53ms/step - acc: 0.9948 - auc: 0.9990 - loss: 0.0192
Epoch 129: val_auc did not improve from 0.96222
50/50 ???????????????????? 3s 56ms/step - acc: 0.9948 - auc: 0.9989 - loss: 0.0193 - val_acc: 0.9022 - val_auc: 0.9468 - val_loss: 0.4707
Epoch 130/300
49/50 ???????????????????? 0s 52ms/step - acc: 0.9925 - auc: 0.9982 - loss: 0.0301
Epoch 130: val_auc did not improve from 0.96222
50/50 ???????????????????? 3s 55ms/step - acc: 0.9925 - auc: 0.9982 - loss: 0.0300 - val_acc: 0.9029 - val_auc: 0.9548 - val_loss: 0.4194
Epoch 131/300
49/50 ???????????????????? 0s 54ms/step - acc: 0.9945 - auc: 0.9993 - loss: 0.0171
Epoch 131: val_auc did not improve from 0.96222
50/50 ???????????????????? 3s 57ms/step - acc: 0.9945 - auc: 0.9993 - loss: 0.0171 - val_acc: 0.9098 - val_auc: 0.9548 - val_loss: 0.4331
Epoch 132/300
49/50 ???????????????????? 0s 53ms/step - acc: 0.9972 - auc: 0.9999 - loss: 0.0089
Epoch 132: val_auc did not improve from 0.96222
50/50 ???????????????????? 3s 56ms/step - acc: 0.9972 - auc: 0.9999 - loss: 0.0091 - val_acc: 0.9086 - val_auc: 0.9551 - val_loss: 0.4089
Epoch 133/300
49/50 ???????????????????? 0s 57ms/step - acc: 0.9945 - auc: 0.9995 - loss: 0.0186
Epoch 133: val_auc did not improve from 0.96222
50/50 ???????????????????? 3s 59ms/step - acc: 0.9945 - auc: 0.9995 - loss: 0.0186 - val_acc: 0.8800 - val_auc: 0.9378 - val_loss: 0.5113
Epoch 134/300
49/50 ???????????????????? 0s 53ms/step - acc: 0.9942 - auc: 0.9996 - loss: 0.0182
Epoch 134: val_auc did not improve from 0.96222
50/50 ???????????????????? 3s 55ms/step - acc: 0.9942 - auc: 0.9996 - loss: 0.0181 - val_acc: 0.9067 - val_auc: 0.9461 - val_loss: 0.4503
Epoch 135/300
49/50 ???????????????????? 0s 53ms/step - acc: 0.9987 - auc: 1.0000 - loss: 0.0040
Epoch 135: val_auc did not improve from 0.96222
50/50 ???????????????????? 3s 56ms/step - acc: 0.9987 - auc: 1.0000 - loss: 0.0041 - val_acc: 0.9067 - val_auc: 0.9509 - val_loss: 0.4210
Epoch 136/300
49/50 ???????????????????? 0s 54ms/step - acc: 0.9965 - auc: 0.9999 - loss: 0.0111
Epoch 136: val_auc did not improve from 0.96222
50/50 ???????????????????? 3s 58ms/step - acc: 0.9965 - auc: 0.9999 - loss: 0.0112 - val_acc: 0.9092 - val_auc: 0.9498 - val_loss: 0.4531
Epoch 137/300
49/50 ???????????????????? 0s 53ms/step - acc: 0.9935 - auc: 0.9986 - loss: 0.0280
Epoch 137: val_auc did not improve from 0.96222
50/50 ???????????????????? 3s 56ms/step - acc: 0.9934 - auc: 0.9986 - loss: 0.0280 - val_acc: 0.9016 - val_auc: 0.9476 - val_loss: 0.4600
Epoch 138/300
49/50 ???????????????????? 0s 53ms/step - acc: 0.9951 - auc: 0.9991 - loss: 0.0148
Epoch 138: val_auc did not improve from 0.96222
50/50 ???????????????????? 3s 56ms/step - acc: 0.9951 - auc: 0.9991 - loss: 0.0148 - val_acc: 0.9117 - val_auc: 0.9559 - val_loss: 0.4012
Epoch 139/300
50/50 ???????????????????? 0s 54ms/step - acc: 0.9969 - auc: 0.9996 - loss: 0.0118
Epoch 139: val_auc did not improve from 0.96222
50/50 ???????????????????? 3s 57ms/step - acc: 0.9968 - auc: 0.9996 - loss: 0.0119 - val_acc: 0.9041 - val_auc: 0.9478 - val_loss: 0.4516
Epoch 140/300
49/50 ???????????????????? 0s 53ms/step - acc: 0.9973 - auc: 0.9996 - loss: 0.0112
Epoch 140: val_auc did not improve from 0.96222
50/50 ???????????????????? 3s 56ms/step - acc: 0.9973 - auc: 0.9996 - loss: 0.0112 - val_acc: 0.9067 - val_auc: 0.9505 - val_loss: 0.4281
Epoch 141/300
49/50 ???????????????????? 0s 55ms/step - acc: 0.9960 - auc: 0.9979 - loss: 0.0218
Epoch 141: val_auc did not improve from 0.96222
50/50 ???????????????????? 3s 58ms/step - acc: 0.9961 - auc: 0.9979 - loss: 0.0215 - val_acc: 0.9098 - val_auc: 0.9512 - val_loss: 0.4269
Epoch 142/300
49/50 ???????????????????? 0s 54ms/step - acc: 0.9971 - auc: 1.0000 - loss: 0.0088
Epoch 142: val_auc did not improve from 0.96222
50/50 ???????????????????? 3s 56ms/step - acc: 0.9971 - auc: 1.0000 - loss: 0.0088 - val_acc: 0.9098 - val_auc: 0.9519 - val_loss: 0.4317
Epoch 143/300
49/50 ???????????????????? 0s 53ms/step - acc: 0.9936 - auc: 0.9986 - loss: 0.0229
Epoch 143: val_auc did not improve from 0.96222
50/50 ???????????????????? 3s 55ms/step - acc: 0.9935 - auc: 0.9986 - loss: 0.0231 - val_acc: 0.9010 - val_auc: 0.9469 - val_loss: 0.4675
Epoch 144/300
49/50 ???????????????????? 0s 52ms/step - acc: 0.9920 - auc: 0.9986 - loss: 0.0313
Epoch 144: val_auc did not improve from 0.96222
50/50 ???????????????????? 3s 54ms/step - acc: 0.9919 - auc: 0.9986 - loss: 0.0313 - val_acc: 0.9054 - val_auc: 0.9531 - val_loss: 0.4072
Epoch 145/300
49/50 ???????????????????? 0s 53ms/step - acc: 0.9961 - auc: 0.9999 - loss: 0.0117
Epoch 145: val_auc did not improve from 0.96222
50/50 ???????????????????? 3s 56ms/step - acc: 0.9960 - auc: 0.9999 - loss: 0.0118 - val_acc: 0.8990 - val_auc: 0.9451 - val_loss: 0.5012
Epoch 146/300
49/50 ???????????????????? 0s 53ms/step - acc: 0.9942 - auc: 0.9993 - loss: 0.0200
Epoch 146: val_auc did not improve from 0.96222
50/50 ???????????????????? 3s 55ms/step - acc: 0.9942 - auc: 0.9993 - loss: 0.0202 - val_acc: 0.9022 - val_auc: 0.9474 - val_loss: 0.4276
Epoch 147/300
50/50 ???????????????????? 0s 53ms/step - acc: 0.9827 - auc: 0.9973 - loss: 0.0533
Epoch 147: val_auc did not improve from 0.96222
50/50 ???????????????????? 3s 56ms/step - acc: 0.9827 - auc: 0.9973 - loss: 0.0532 - val_acc: 0.9016 - val_auc: 0.9491 - val_loss: 0.4516
Epoch 148/300
49/50 ???????????????????? 0s 53ms/step - acc: 0.9943 - auc: 0.9994 - loss: 0.0212
Epoch 148: val_auc did not improve from 0.96222
50/50 ???????????????????? 3s 55ms/step - acc: 0.9943 - auc: 0.9994 - loss: 0.0212 - val_acc: 0.9041 - val_auc: 0.9526 - val_loss: 0.4104
Epoch 149/300
49/50 ???????????????????? 0s 53ms/step - acc: 0.9980 - auc: 1.0000 - loss: 0.0074
Epoch 149: val_auc did not improve from 0.96222
50/50 ???????????????????? 3s 56ms/step - acc: 0.9980 - auc: 1.0000 - loss: 0.0074 - val_acc: 0.9143 - val_auc: 0.9511 - val_loss: 0.4102
Epoch 150/300
49/50 ???????????????????? 0s 53ms/step - acc: 0.9995 - auc: 1.0000 - loss: 0.0030
Epoch 150: val_auc did not improve from 0.96222
50/50 ???????????????????? 3s 56ms/step - acc: 0.9995 - auc: 1.0000 - loss: 0.0031 - val_acc: 0.9130 - val_auc: 0.9543 - val_loss: 0.3910
Epoch 151/300
49/50 ???????????????????? 0s 54ms/step - acc: 0.9970 - auc: 0.9997 - loss: 0.0093
Epoch 151: val_auc did not improve from 0.96222
50/50 ???????????????????? 3s 56ms/step - acc: 0.9970 - auc: 0.9997 - loss: 0.0093 - val_acc: 0.9124 - val_auc: 0.9513 - val_loss: 0.4177
Epoch 152/300
49/50 ???????????????????? 0s 53ms/step - acc: 0.9985 - auc: 0.9997 - loss: 0.0084
Epoch 152: val_auc did not improve from 0.96222
50/50 ???????????????????? 3s 56ms/step - acc: 0.9985 - auc: 0.9997 - loss: 0.0085 - val_acc: 0.9048 - val_auc: 0.9510 - val_loss: 0.4253
Epoch 153/300
50/50 ???????????????????? 0s 53ms/step - acc: 0.9960 - auc: 0.9997 - loss: 0.0091
Epoch 153: val_auc did not improve from 0.96222
50/50 ???????????????????? 3s 55ms/step - acc: 0.9960 - auc: 0.9997 - loss: 0.0091 - val_acc: 0.9029 - val_auc: 0.9518 - val_loss: 0.4234
Epoch 154/300
49/50 ???????????????????? 0s 56ms/step - acc: 0.9977 - auc: 0.9996 - loss: 0.0095
Epoch 154: val_auc did not improve from 0.96222
50/50 ???????????????????? 3s 59ms/step - acc: 0.9976 - auc: 0.9996 - loss: 0.0096 - val_acc: 0.9105 - val_auc: 0.9554 - val_loss: 0.4219
Epoch 155/300
49/50 ???????????????????? 0s 54ms/step - acc: 0.9962 - auc: 0.9985 - loss: 0.0214
Epoch 155: val_auc did not improve from 0.96222
50/50 ???????????????????? 3s 56ms/step - acc: 0.9963 - auc: 0.9985 - loss: 0.0212 - val_acc: 0.9111 - val_auc: 0.9520 - val_loss: 0.4256
Epoch 156/300
49/50 ???????????????????? 0s 53ms/step - acc: 0.9983 - auc: 0.9998 - loss: 0.0067
Epoch 156: val_auc did not improve from 0.96222
50/50 ???????????????????? 3s 56ms/step - acc: 0.9983 - auc: 0.9997 - loss: 0.0068 - val_acc: 0.9092 - val_auc: 0.9484 - val_loss: 0.4663
Epoch 157/300
49/50 ???????????????????? 0s 54ms/step - acc: 0.9954 - auc: 0.9987 - loss: 0.0210
Epoch 157: val_auc did not improve from 0.96222
50/50 ???????????????????? 3s 56ms/step - acc: 0.9953 - auc: 0.9987 - loss: 0.0211 - val_acc: 0.9111 - val_auc: 0.9534 - val_loss: 0.4026
Epoch 158/300
49/50 ???????????????????? 0s 52ms/step - acc: 0.9981 - auc: 1.0000 - loss: 0.0050
Epoch 158: val_auc did not improve from 0.96222
50/50 ???????????????????? 3s 54ms/step - acc: 0.9981 - auc: 1.0000 - loss: 0.0050 - val_acc: 0.9143 - val_auc: 0.9527 - val_loss: 0.4158
Epoch 159/300
49/50 ???????????????????? 0s 53ms/step - acc: 0.9980 - auc: 1.0000 - loss: 0.0051
Epoch 159: val_auc did not improve from 0.96222
50/50 ???????????????????? 3s 56ms/step - acc: 0.9980 - auc: 1.0000 - loss: 0.0053 - val_acc: 0.9022 - val_auc: 0.9478 - val_loss: 0.4813
Epoch 160/300
49/50 ???????????????????? 0s 53ms/step - acc: 0.9885 - auc: 0.9973 - loss: 0.0444
Epoch 160: val_auc did not improve from 0.96222
50/50 ???????????????????? 3s 56ms/step - acc: 0.9886 - auc: 0.9973 - loss: 0.0440 - val_acc: 0.8997 - val_auc: 0.9486 - val_loss: 0.4449
Epoch 161/300
50/50 ???????????????????? 0s 54ms/step - acc: 0.9947 - auc: 0.9999 - loss: 0.0126
Epoch 161: val_auc did not improve from 0.96222
50/50 ???????????????????? 3s 57ms/step - acc: 0.9947 - auc: 0.9999 - loss: 0.0126 - val_acc: 0.9060 - val_auc: 0.9496 - val_loss: 0.4165
Epoch 162/300
49/50 ???????????????????? 0s 52ms/step - acc: 0.9979 - auc: 1.0000 - loss: 0.0081
Epoch 162: val_auc did not improve from 0.96222
50/50 ???????????????????? 3s 55ms/step - acc: 0.9979 - auc: 1.0000 - loss: 0.0081 - val_acc: 0.8984 - val_auc: 0.9545 - val_loss: 0.4198
Epoch 163/300
49/50 ???????????????????? 0s 56ms/step - acc: 0.9940 - auc: 0.9994 - loss: 0.0190
Epoch 163: val_auc did not improve from 0.96222
50/50 ???????????????????? 3s 58ms/step - acc: 0.9940 - auc: 0.9994 - loss: 0.0190 - val_acc: 0.9022 - val_auc: 0.9490 - val_loss: 0.4811
Epoch 164/300
50/50 ???????????????????? 0s 53ms/step - acc: 0.9970 - auc: 0.9999 - loss: 0.0096
Epoch 164: val_auc did not improve from 0.96222
50/50 ???????????????????? 3s 56ms/step - acc: 0.9970 - auc: 0.9999 - loss: 0.0096 - val_acc: 0.8965 - val_auc: 0.9515 - val_loss: 0.4428
Epoch 165/300
49/50 ???????????????????? 0s 54ms/step - acc: 0.9950 - auc: 0.9994 - loss: 0.0185
Epoch 165: val_auc did not improve from 0.96222
50/50 ???????????????????? 3s 57ms/step - acc: 0.9951 - auc: 0.9994 - loss: 0.0184 - val_acc: 0.9016 - val_auc: 0.9512 - val_loss: 0.4283
Epoch 166/300
49/50 ???????????????????? 0s 53ms/step - acc: 0.9985 - auc: 0.9997 - loss: 0.0073
Epoch 166: val_auc did not improve from 0.96222
50/50 ???????????????????? 3s 56ms/step - acc: 0.9985 - auc: 0.9997 - loss: 0.0073 - val_acc: 0.9048 - val_auc: 0.9509 - val_loss: 0.4345
Epoch 167/300
49/50 ???????????????????? 0s 53ms/step - acc: 0.9975 - auc: 1.0000 - loss: 0.0073
Epoch 167: val_auc did not improve from 0.96222
50/50 ???????????????????? 3s 55ms/step - acc: 0.9975 - auc: 1.0000 - loss: 0.0072 - val_acc: 0.9130 - val_auc: 0.9590 - val_loss: 0.3788
Epoch 168/300
49/50 ???????????????????? 0s 53ms/step - acc: 0.9958 - auc: 0.9991 - loss: 0.0195
Epoch 168: val_auc did not improve from 0.96222
50/50 ???????????????????? 3s 56ms/step - acc: 0.9958 - auc: 0.9991 - loss: 0.0193 - val_acc: 0.9117 - val_auc: 0.9548 - val_loss: 0.3975
Epoch 169/300
49/50 ???????????????????? 0s 52ms/step - acc: 0.9979 - auc: 0.9999 - loss: 0.0075
Epoch 169: val_auc did not improve from 0.96222
50/50 ???????????????????? 3s 55ms/step - acc: 0.9978 - auc: 0.9999 - loss: 0.0076 - val_acc: 0.9048 - val_auc: 0.9447 - val_loss: 0.4898
Epoch 170/300
49/50 ???????????????????? 0s 52ms/step - acc: 0.9927 - auc: 0.9978 - loss: 0.0277
Epoch 170: val_auc did not improve from 0.96222
50/50 ???????????????????? 3s 55ms/step - acc: 0.9927 - auc: 0.9979 - loss: 0.0275 - val_acc: 0.9048 - val_auc: 0.9532 - val_loss: 0.4403
Epoch 171/300
49/50 ???????????????????? 0s 53ms/step - acc: 0.9979 - auc: 0.9999 - loss: 0.0095
Epoch 171: val_auc did not improve from 0.96222
50/50 ???????????????????? 3s 55ms/step - acc: 0.9979 - auc: 0.9999 - loss: 0.0095 - val_acc: 0.9092 - val_auc: 0.9543 - val_loss: 0.4137
Epoch 172/300
49/50 ???????????????????? 0s 53ms/step - acc: 0.9996 - auc: 1.0000 - loss: 0.0032
Epoch 172: val_auc did not improve from 0.96222
50/50 ???????????????????? 3s 55ms/step - acc: 0.9996 - auc: 1.0000 - loss: 0.0032 - val_acc: 0.9092 - val_auc: 0.9561 - val_loss: 0.4228
Epoch 173/300
49/50 ???????????????????? 0s 52ms/step - acc: 0.9999 - auc: 1.0000 - loss: 0.0013
Epoch 173: val_auc did not improve from 0.96222
50/50 ???????????????????? 3s 55ms/step - acc: 0.9999 - auc: 1.0000 - loss: 0.0013 - val_acc: 0.9086 - val_auc: 0.9554 - val_loss: 0.4262
Epoch 174/300
49/50 ???????????????????? 0s 52ms/step - acc: 0.9998 - auc: 1.0000 - loss: 0.0011
Epoch 174: val_auc did not improve from 0.96222
50/50 ???????????????????? 3s 55ms/step - acc: 0.9998 - auc: 1.0000 - loss: 0.0011 - val_acc: 0.9105 - val_auc: 0.9551 - val_loss: 0.4337
Epoch 175/300
49/50 ???????????????????? 0s 54ms/step - acc: 0.9975 - auc: 0.9994 - loss: 0.0087
Epoch 175: val_auc did not improve from 0.96222
50/50 ???????????????????? 3s 57ms/step - acc: 0.9975 - auc: 0.9994 - loss: 0.0086 - val_acc: 0.9029 - val_auc: 0.9499 - val_loss: 0.4764
Epoch 176/300
50/50 ???????????????????? 0s 54ms/step - acc: 0.9965 - auc: 0.9994 - loss: 0.0131
Epoch 176: val_auc did not improve from 0.96222
50/50 ???????????????????? 3s 57ms/step - acc: 0.9965 - auc: 0.9994 - loss: 0.0131 - val_acc: 0.9067 - val_auc: 0.9506 - val_loss: 0.4513
Epoch 177/300
49/50 ???????????????????? 0s 54ms/step - acc: 0.9973 - auc: 0.9997 - loss: 0.0120
Epoch 177: val_auc did not improve from 0.96222
50/50 ???????????????????? 3s 56ms/step - acc: 0.9973 - auc: 0.9997 - loss: 0.0121 - val_acc: 0.8971 - val_auc: 0.9471 - val_loss: 0.5040
Epoch 178/300
49/50 ???????????????????? 0s 53ms/step - acc: 0.9979 - auc: 0.9997 - loss: 0.0073
Epoch 178: val_auc did not improve from 0.96222
50/50 ???????????????????? 3s 56ms/step - acc: 0.9979 - auc: 0.9997 - loss: 0.0074 - val_acc: 0.9010 - val_auc: 0.9418 - val_loss: 0.5322
Epoch 179/300
49/50 ???????????????????? 0s 54ms/step - acc: 0.9989 - auc: 1.0000 - loss: 0.0044
Epoch 179: val_auc did not improve from 0.96222
50/50 ???????????????????? 3s 56ms/step - acc: 0.9989 - auc: 1.0000 - loss: 0.0044 - val_acc: 0.9035 - val_auc: 0.9466 - val_loss: 0.4837
Epoch 180/300
50/50 ???????????????????? 0s 53ms/step - acc: 0.9991 - auc: 0.9998 - loss: 0.0050
Epoch 180: val_auc did not improve from 0.96222
50/50 ???????????????????? 3s 56ms/step - acc: 0.9991 - auc: 0.9998 - loss: 0.0050 - val_acc: 0.9092 - val_auc: 0.9490 - val_loss: 0.4777
Epoch 181/300
49/50 ???????????????????? 0s 52ms/step - acc: 1.0000 - auc: 1.0000 - loss: 0.0011
Epoch 181: val_auc did not improve from 0.96222
50/50 ???????????????????? 3s 54ms/step - acc: 1.0000 - auc: 1.0000 - loss: 0.0012 - val_acc: 0.9143 - val_auc: 0.9525 - val_loss: 0.4536
Epoch 182/300
49/50 ???????????????????? 0s 53ms/step - acc: 0.9989 - auc: 1.0000 - loss: 0.0031
Epoch 182: val_auc did not improve from 0.96222
50/50 ???????????????????? 3s 56ms/step - acc: 0.9989 - auc: 1.0000 - loss: 0.0031 - val_acc: 0.9098 - val_auc: 0.9526 - val_loss: 0.4742
Epoch 183/300
49/50 ???????????????????? 0s 54ms/step - acc: 0.9984 - auc: 0.9999 - loss: 0.0056
Epoch 183: val_auc did not improve from 0.96222
50/50 ???????????????????? 3s 57ms/step - acc: 0.9984 - auc: 0.9999 - loss: 0.0057 - val_acc: 0.9060 - val_auc: 0.9469 - val_loss: 0.4968
Epoch 184/300
49/50 ???????????????????? 0s 55ms/step - acc: 0.9970 - auc: 0.9996 - loss: 0.0102
Epoch 184: val_auc did not improve from 0.96222
50/50 ???????????????????? 3s 57ms/step - acc: 0.9970 - auc: 0.9996 - loss: 0.0102 - val_acc: 0.9029 - val_auc: 0.9439 - val_loss: 0.5110
Epoch 185/300
49/50 ???????????????????? 0s 53ms/step - acc: 0.9959 - auc: 0.9992 - loss: 0.0156
Epoch 185: val_auc did not improve from 0.96222
50/50 ???????????????????? 3s 56ms/step - acc: 0.9959 - auc: 0.9992 - loss: 0.0157 - val_acc: 0.9086 - val_auc: 0.9482 - val_loss: 0.4635
Epoch 186/300
49/50 ???????????????????? 0s 54ms/step - acc: 0.9844 - auc: 0.9965 - loss: 0.0527
Epoch 186: val_auc did not improve from 0.96222
50/50 ???????????????????? 3s 57ms/step - acc: 0.9844 - auc: 0.9965 - loss: 0.0526 - val_acc: 0.8927 - val_auc: 0.9459 - val_loss: 0.4495
Epoch 187/300
49/50 ???????????????????? 0s 53ms/step - acc: 0.9927 - auc: 0.9998 - loss: 0.0201
Epoch 187: val_auc did not improve from 0.96222
50/50 ???????????????????? 3s 55ms/step - acc: 0.9928 - auc: 0.9998 - loss: 0.0200 - val_acc: 0.9041 - val_auc: 0.9481 - val_loss: 0.4450
Epoch 188/300
49/50 ???????????????????? 0s 52ms/step - acc: 0.9981 - auc: 1.0000 - loss: 0.0060
Epoch 188: val_auc did not improve from 0.96222
50/50 ???????????????????? 3s 55ms/step - acc: 0.9981 - auc: 1.0000 - loss: 0.0060 - val_acc: 0.9054 - val_auc: 0.9518 - val_loss: 0.4226
Epoch 189/300
49/50 ???????????????????? 0s 55ms/step - acc: 0.9996 - auc: 1.0000 - loss: 0.0024
Epoch 189: val_auc did not improve from 0.96222
50/50 ???????????????????? 3s 57ms/step - acc: 0.9995 - auc: 1.0000 - loss: 0.0024 - val_acc: 0.9130 - val_auc: 0.9509 - val_loss: 0.4284
Epoch 190/300
49/50 ???????????????????? 0s 52ms/step - acc: 0.9969 - auc: 0.9995 - loss: 0.0098
Epoch 190: val_auc did not improve from 0.96222
50/50 ???????????????????? 3s 55ms/step - acc: 0.9969 - auc: 0.9995 - loss: 0.0098 - val_acc: 0.9060 - val_auc: 0.9506 - val_loss: 0.4510
Epoch 191/300
49/50 ???????????????????? 0s 53ms/step - acc: 0.9981 - auc: 0.9998 - loss: 0.0055
Epoch 191: val_auc did not improve from 0.96222
50/50 ???????????????????? 3s 55ms/step - acc: 0.9981 - auc: 0.9998 - loss: 0.0056 - val_acc: 0.9073 - val_auc: 0.9482 - val_loss: 0.4742
Epoch 192/300
49/50 ???????????????????? 0s 54ms/step - acc: 0.9947 - auc: 0.9987 - loss: 0.0215
Epoch 192: val_auc did not improve from 0.96222
50/50 ???????????????????? 3s 56ms/step - acc: 0.9947 - auc: 0.9987 - loss: 0.0217 - val_acc: 0.8984 - val_auc: 0.9479 - val_loss: 0.4828
Epoch 193/300
49/50 ???????????????????? 0s 53ms/step - acc: 0.9951 - auc: 0.9996 - loss: 0.0155
Epoch 193: val_auc did not improve from 0.96222
50/50 ???????????????????? 3s 56ms/step - acc: 0.9951 - auc: 0.9996 - loss: 0.0154 - val_acc: 0.9048 - val_auc: 0.9474 - val_loss: 0.4584
Epoch 194/300
49/50 ???????????????????? 0s 53ms/step - acc: 0.9983 - auc: 1.0000 - loss: 0.0057
Epoch 194: val_auc did not improve from 0.96222
50/50 ???????????????????? 3s 55ms/step - acc: 0.9983 - auc: 1.0000 - loss: 0.0058 - val_acc: 0.9060 - val_auc: 0.9516 - val_loss: 0.4373
Epoch 195/300
49/50 ???????????????????? 0s 52ms/step - acc: 0.9984 - auc: 0.9995 - loss: 0.0072
Epoch 195: val_auc did not improve from 0.96222
50/50 ???????????????????? 3s 54ms/step - acc: 0.9984 - auc: 0.9996 - loss: 0.0072 - val_acc: 0.9003 - val_auc: 0.9462 - val_loss: 0.4953
Epoch 196/300
49/50 ???????????????????? 0s 56ms/step - acc: 0.9954 - auc: 0.9996 - loss: 0.0126
Epoch 196: val_auc did not improve from 0.96222
50/50 ???????????????????? 3s 59ms/step - acc: 0.9954 - auc: 0.9996 - loss: 0.0127 - val_acc: 0.9054 - val_auc: 0.9465 - val_loss: 0.4687
Epoch 197/300
49/50 ???????????????????? 0s 56ms/step - acc: 0.9984 - auc: 1.0000 - loss: 0.0060
Epoch 197: val_auc did not improve from 0.96222
50/50 ???????????????????? 3s 58ms/step - acc: 0.9984 - auc: 1.0000 - loss: 0.0060 - val_acc: 0.9073 - val_auc: 0.9475 - val_loss: 0.4425
Epoch 198/300
50/50 ???????????????????? 0s 52ms/step - acc: 0.9967 - auc: 0.9996 - loss: 0.0104
Epoch 198: val_auc did not improve from 0.96222
50/50 ???????????????????? 3s 54ms/step - acc: 0.9967 - auc: 0.9996 - loss: 0.0103 - val_acc: 0.9022 - val_auc: 0.9449 - val_loss: 0.4993
Epoch 199/300
49/50 ???????????????????? 0s 53ms/step - acc: 0.9960 - auc: 0.9996 - loss: 0.0132
Epoch 199: val_auc did not improve from 0.96222
50/50 ???????????????????? 3s 55ms/step - acc: 0.9960 - auc: 0.9996 - loss: 0.0132 - val_acc: 0.8978 - val_auc: 0.9442 - val_loss: 0.4969
Epoch 200/300
49/50 ???????????????????? 0s 52ms/step - acc: 0.9945 - auc: 0.9993 - loss: 0.0210
Epoch 200: val_auc did not improve from 0.96222
50/50 ???????????????????? 3s 55ms/step - acc: 0.9944 - auc: 0.9992 - loss: 0.0213 - val_acc: 0.8978 - val_auc: 0.9432 - val_loss: 0.5143
Epoch 201/300
49/50 ???????????????????? 0s 53ms/step - acc: 0.9918 - auc: 0.9983 - loss: 0.0267
Epoch 201: val_auc did not improve from 0.96222
50/50 ???????????????????? 3s 56ms/step - acc: 0.9918 - auc: 0.9983 - loss: 0.0266 - val_acc: 0.9003 - val_auc: 0.9405 - val_loss: 0.4817
Epoch 202/300
49/50 ???????????????????? 0s 53ms/step - acc: 0.9976 - auc: 0.9997 - loss: 0.0111
Epoch 202: val_auc did not improve from 0.96222
50/50 ???????????????????? 3s 55ms/step - acc: 0.9976 - auc: 0.9997 - loss: 0.0111 - val_acc: 0.9086 - val_auc: 0.9461 - val_loss: 0.4628
Epoch 203/300
49/50 ???????????????????? 0s 52ms/step - acc: 0.9992 - auc: 1.0000 - loss: 0.0034
Epoch 203: val_auc did not improve from 0.96222
50/50 ???????????????????? 3s 55ms/step - acc: 0.9992 - auc: 1.0000 - loss: 0.0035 - val_acc: 0.9124 - val_auc: 0.9500 - val_loss: 0.4423
Epoch 204/300
49/50 ???????????????????? 0s 52ms/step - acc: 0.9971 - auc: 0.9990 - loss: 0.0145
Epoch 204: val_auc did not improve from 0.96222
50/50 ???????????????????? 3s 54ms/step - acc: 0.9971 - auc: 0.9990 - loss: 0.0145 - val_acc: 0.9054 - val_auc: 0.9457 - val_loss: 0.4790
Epoch 205/300
49/50 ???????????????????? 0s 52ms/step - acc: 0.9981 - auc: 0.9999 - loss: 0.0061
Epoch 205: val_auc did not improve from 0.96222
50/50 ???????????????????? 3s 55ms/step - acc: 0.9981 - auc: 0.9999 - loss: 0.0061 - val_acc: 0.9067 - val_auc: 0.9506 - val_loss: 0.4441
Epoch 206/300
49/50 ???????????????????? 0s 53ms/step - acc: 0.9976 - auc: 0.9996 - loss: 0.0100
Epoch 206: val_auc did not improve from 0.96222
50/50 ???????????????????? 3s 56ms/step - acc: 0.9976 - auc: 0.9996 - loss: 0.0101 - val_acc: 0.9054 - val_auc: 0.9475 - val_loss: 0.4690
Epoch 207/300
49/50 ???????????????????? 0s 52ms/step - acc: 0.9987 - auc: 1.0000 - loss: 0.0052
Epoch 207: val_auc did not improve from 0.96222
50/50 ???????????????????? 3s 55ms/step - acc: 0.9987 - auc: 1.0000 - loss: 0.0052 - val_acc: 0.9054 - val_auc: 0.9464 - val_loss: 0.5047
Epoch 208/300
50/50 ???????????????????? 0s 53ms/step - acc: 0.9992 - auc: 0.9997 - loss: 0.0045
Epoch 208: val_auc did not improve from 0.96222
50/50 ???????????????????? 3s 56ms/step - acc: 0.9992 - auc: 0.9997 - loss: 0.0045 - val_acc: 0.9092 - val_auc: 0.9489 - val_loss: 0.4645
Epoch 209/300
49/50 ???????????????????? 0s 52ms/step - acc: 0.9964 - auc: 0.9990 - loss: 0.0140
Epoch 209: val_auc did not improve from 0.96222
50/50 ???????????????????? 3s 54ms/step - acc: 0.9963 - auc: 0.9990 - loss: 0.0140 - val_acc: 0.9048 - val_auc: 0.9430 - val_loss: 0.4937
Epoch 210/300
49/50 ???????????????????? 0s 53ms/step - acc: 0.9977 - auc: 0.9997 - loss: 0.0075
Epoch 210: val_auc did not improve from 0.96222
50/50 ???????????????????? 3s 55ms/step - acc: 0.9977 - auc: 0.9997 - loss: 0.0075 - val_acc: 0.8990 - val_auc: 0.9482 - val_loss: 0.4573
Epoch 211/300
49/50 ???????????????????? 0s 52ms/step - acc: 0.9994 - auc: 1.0000 - loss: 0.0035
Epoch 211: val_auc did not improve from 0.96222
50/50 ???????????????????? 3s 56ms/step - acc: 0.9993 - auc: 1.0000 - loss: 0.0036 - val_acc: 0.9035 - val_auc: 0.9476 - val_loss: 0.4562
Epoch 212/300
49/50 ???????????????????? 0s 54ms/step - acc: 0.9992 - auc: 0.9998 - loss: 0.0039
Epoch 212: val_auc did not improve from 0.96222
50/50 ???????????????????? 3s 57ms/step - acc: 0.9992 - auc: 0.9998 - loss: 0.0040 - val_acc: 0.8946 - val_auc: 0.9453 - val_loss: 0.5352
Epoch 213/300
49/50 ???????????????????? 0s 53ms/step - acc: 0.9986 - auc: 0.9997 - loss: 0.0047
Epoch 213: val_auc did not improve from 0.96222
50/50 ???????????????????? 3s 56ms/step - acc: 0.9987 - auc: 0.9997 - loss: 0.0046 - val_acc: 0.9010 - val_auc: 0.9444 - val_loss: 0.5013
Epoch 214/300
49/50 ???????????????????? 0s 53ms/step - acc: 0.9996 - auc: 1.0000 - loss: 0.0015
Epoch 214: val_auc did not improve from 0.96222
50/50 ???????????????????? 3s 55ms/step - acc: 0.9996 - auc: 1.0000 - loss: 0.0015 - val_acc: 0.9010 - val_auc: 0.9462 - val_loss: 0.4935
Epoch 215/300
49/50 ???????????????????? 0s 53ms/step - acc: 1.0000 - auc: 1.0000 - loss: 0.0011
Epoch 215: val_auc did not improve from 0.96222
50/50 ???????????????????? 3s 55ms/step - acc: 1.0000 - auc: 1.0000 - loss: 0.0011 - val_acc: 0.9029 - val_auc: 0.9480 - val_loss: 0.4821
Epoch 216/300
49/50 ???????????????????? 0s 53ms/step - acc: 0.9969 - auc: 0.9994 - loss: 0.0143
Epoch 216: val_auc did not improve from 0.96222
50/50 ???????????????????? 3s 56ms/step - acc: 0.9969 - auc: 0.9994 - loss: 0.0145 - val_acc: 0.9016 - val_auc: 0.9348 - val_loss: 0.5559
Epoch 217/300
49/50 ???????????????????? 0s 52ms/step - acc: 0.9936 - auc: 0.9997 - loss: 0.0179
Epoch 217: val_auc did not improve from 0.96222
50/50 ???????????????????? 3s 55ms/step - acc: 0.9935 - auc: 0.9997 - loss: 0.0181 - val_acc: 0.8952 - val_auc: 0.9464 - val_loss: 0.4794
Epoch 218/300
49/50 ???????????????????? 0s 55ms/step - acc: 0.9923 - auc: 0.9988 - loss: 0.0264
Epoch 218: val_auc did not improve from 0.96222
50/50 ???????????????????? 3s 58ms/step - acc: 0.9922 - auc: 0.9988 - loss: 0.0265 - val_acc: 0.8908 - val_auc: 0.9429 - val_loss: 0.4926
Epoch 219/300
49/50 ???????????????????? 0s 54ms/step - acc: 0.9915 - auc: 0.9989 - loss: 0.0258
Epoch 219: val_auc did not improve from 0.96222
50/50 ???????????????????? 3s 56ms/step - acc: 0.9915 - auc: 0.9989 - loss: 0.0257 - val_acc: 0.8914 - val_auc: 0.9417 - val_loss: 0.4994
Epoch 220/300
49/50 ???????????????????? 0s 53ms/step - acc: 0.9966 - auc: 0.9996 - loss: 0.0118
Epoch 220: val_auc did not improve from 0.96222
50/50 ???????????????????? 3s 56ms/step - acc: 0.9966 - auc: 0.9996 - loss: 0.0118 - val_acc: 0.8984 - val_auc: 0.9504 - val_loss: 0.4410
Epoch 221/300
49/50 ???????????????????? 0s 53ms/step - acc: 0.9983 - auc: 0.9998 - loss: 0.0079
Epoch 221: val_auc did not improve from 0.96222
50/50 ???????????????????? 3s 55ms/step - acc: 0.9983 - auc: 0.9998 - loss: 0.0079 - val_acc: 0.9016 - val_auc: 0.9469 - val_loss: 0.4539
Epoch 222/300
49/50 ???????????????????? 0s 53ms/step - acc: 0.9985 - auc: 1.0000 - loss: 0.0047
Epoch 222: val_auc did not improve from 0.96222
50/50 ???????????????????? 3s 55ms/step - acc: 0.9984 - auc: 1.0000 - loss: 0.0047 - val_acc: 0.9073 - val_auc: 0.9517 - val_loss: 0.4421
Epoch 223/300
49/50 ???????????????????? 0s 53ms/step - acc: 0.9980 - auc: 1.0000 - loss: 0.0058
Epoch 223: val_auc did not improve from 0.96222
50/50 ???????????????????? 3s 55ms/step - acc: 0.9980 - auc: 1.0000 - loss: 0.0058 - val_acc: 0.9143 - val_auc: 0.9516 - val_loss: 0.4415
Epoch 224/300
49/50 ???????????????????? 0s 53ms/step - acc: 0.9971 - auc: 0.9993 - loss: 0.0099
Epoch 224: val_auc did not improve from 0.96222
50/50 ???????????????????? 3s 56ms/step - acc: 0.9971 - auc: 0.9993 - loss: 0.0100 - val_acc: 0.9048 - val_auc: 0.9494 - val_loss: 0.4813
Epoch 225/300
49/50 ???????????????????? 0s 52ms/step - acc: 0.9990 - auc: 0.9998 - loss: 0.0042
Epoch 225: val_auc did not improve from 0.96222
50/50 ???????????????????? 3s 55ms/step - acc: 0.9990 - auc: 0.9998 - loss: 0.0042 - val_acc: 0.9060 - val_auc: 0.9524 - val_loss: 0.4580
Epoch 226/300
49/50 ???????????????????? 0s 53ms/step - acc: 0.9990 - auc: 1.0000 - loss: 0.0026
Epoch 226: val_auc did not improve from 0.96222
50/50 ???????????????????? 3s 56ms/step - acc: 0.9990 - auc: 1.0000 - loss: 0.0026 - val_acc: 0.9041 - val_auc: 0.9483 - val_loss: 0.4819
Epoch 227/300
50/50 ???????????????????? 0s 53ms/step - acc: 0.9976 - auc: 0.9998 - loss: 0.0052
Epoch 227: val_auc did not improve from 0.96222
50/50 ???????????????????? 3s 56ms/step - acc: 0.9976 - auc: 0.9998 - loss: 0.0052 - val_acc: 0.9016 - val_auc: 0.9454 - val_loss: 0.4980
Epoch 228/300
50/50 ???????????????????? 0s 53ms/step - acc: 0.9959 - auc: 0.9994 - loss: 0.0148
Epoch 228: val_auc did not improve from 0.96222
50/50 ???????????????????? 3s 55ms/step - acc: 0.9959 - auc: 0.9994 - loss: 0.0149 - val_acc: 0.8984 - val_auc: 0.9494 - val_loss: 0.4684
Epoch 229/300
49/50 ???????????????????? 0s 54ms/step - acc: 0.9962 - auc: 0.9999 - loss: 0.0093
Epoch 229: val_auc did not improve from 0.96222
50/50 ???????????????????? 3s 56ms/step - acc: 0.9962 - auc: 0.9999 - loss: 0.0093 - val_acc: 0.9105 - val_auc: 0.9484 - val_loss: 0.4501
Epoch 230/300
49/50 ???????????????????? 0s 53ms/step - acc: 0.9992 - auc: 1.0000 - loss: 0.0046
Epoch 230: val_auc did not improve from 0.96222
50/50 ???????????????????? 3s 56ms/step - acc: 0.9991 - auc: 1.0000 - loss: 0.0046 - val_acc: 0.9054 - val_auc: 0.9478 - val_loss: 0.4770
Epoch 231/300
50/50 ???????????????????? 0s 54ms/step - acc: 0.9984 - auc: 1.0000 - loss: 0.0048
Epoch 231: val_auc did not improve from 0.96222
50/50 ???????????????????? 3s 57ms/step - acc: 0.9984 - auc: 1.0000 - loss: 0.0048 - val_acc: 0.9086 - val_auc: 0.9498 - val_loss: 0.4578
Epoch 232/300
49/50 ???????????????????? 0s 53ms/step - acc: 0.9995 - auc: 1.0000 - loss: 0.0021
Epoch 232: val_auc did not improve from 0.96222
50/50 ???????????????????? 3s 56ms/step - acc: 0.9995 - auc: 1.0000 - loss: 0.0021 - val_acc: 0.9111 - val_auc: 0.9496 - val_loss: 0.4673
Epoch 233/300
49/50 ???????????????????? 0s 52ms/step - acc: 0.9994 - auc: 0.9999 - loss: 0.0019
Epoch 233: val_auc did not improve from 0.96222
50/50 ???????????????????? 3s 55ms/step - acc: 0.9994 - auc: 0.9999 - loss: 0.0019 - val_acc: 0.9092 - val_auc: 0.9514 - val_loss: 0.4731
Epoch 234/300
50/50 ???????????????????? 0s 53ms/step - acc: 0.9992 - auc: 1.0000 - loss: 0.0026
Epoch 234: val_auc did not improve from 0.96222
50/50 ???????????????????? 3s 56ms/step - acc: 0.9992 - auc: 1.0000 - loss: 0.0026 - val_acc: 0.9029 - val_auc: 0.9464 - val_loss: 0.5193
Epoch 235/300
49/50 ???????????????????? 0s 55ms/step - acc: 0.9994 - auc: 1.0000 - loss: 0.0030
Epoch 235: val_auc did not improve from 0.96222
50/50 ???????????????????? 3s 57ms/step - acc: 0.9994 - auc: 1.0000 - loss: 0.0030 - val_acc: 0.9060 - val_auc: 0.9426 - val_loss: 0.5596
Epoch 236/300
49/50 ???????????????????? 0s 53ms/step - acc: 0.9957 - auc: 0.9987 - loss: 0.0187
Epoch 236: val_auc did not improve from 0.96222
50/50 ???????????????????? 3s 56ms/step - acc: 0.9957 - auc: 0.9987 - loss: 0.0187 - val_acc: 0.8883 - val_auc: 0.9408 - val_loss: 0.5460
Epoch 237/300
49/50 ???????????????????? 0s 54ms/step - acc: 0.9947 - auc: 0.9990 - loss: 0.0209
Epoch 237: val_auc did not improve from 0.96222
50/50 ???????????????????? 3s 56ms/step - acc: 0.9947 - auc: 0.9990 - loss: 0.0208 - val_acc: 0.8933 - val_auc: 0.9420 - val_loss: 0.5224
Epoch 238/300
49/50 ???????????????????? 0s 53ms/step - acc: 0.9982 - auc: 1.0000 - loss: 0.0063
Epoch 238: val_auc did not improve from 0.96222
50/50 ???????????????????? 3s 56ms/step - acc: 0.9982 - auc: 1.0000 - loss: 0.0062 - val_acc: 0.9054 - val_auc: 0.9482 - val_loss: 0.4956
Epoch 239/300
49/50 ???????????????????? 0s 55ms/step - acc: 0.9989 - auc: 0.9998 - loss: 0.0050
Epoch 239: val_auc did not improve from 0.96222
50/50 ???????????????????? 3s 58ms/step - acc: 0.9989 - auc: 0.9998 - loss: 0.0051 - val_acc: 0.8997 - val_auc: 0.9431 - val_loss: 0.5298
Epoch 240/300
49/50 ???????????????????? 0s 54ms/step - acc: 0.9977 - auc: 0.9999 - loss: 0.0088
Epoch 240: val_auc did not improve from 0.96222
50/50 ???????????????????? 3s 57ms/step - acc: 0.9976 - auc: 0.9999 - loss: 0.0089 - val_acc: 0.9003 - val_auc: 0.9427 - val_loss: 0.5153
Epoch 241/300
49/50 ???????????????????? 0s 52ms/step - acc: 0.9944 - auc: 0.9995 - loss: 0.0161
Epoch 241: val_auc did not improve from 0.96222
50/50 ???????????????????? 3s 55ms/step - acc: 0.9944 - auc: 0.9995 - loss: 0.0161 - val_acc: 0.8946 - val_auc: 0.9469 - val_loss: 0.4802
Epoch 242/300
49/50 ???????????????????? 0s 54ms/step - acc: 0.9941 - auc: 0.9991 - loss: 0.0230
Epoch 242: val_auc did not improve from 0.96222
50/50 ???????????????????? 3s 56ms/step - acc: 0.9941 - auc: 0.9991 - loss: 0.0229 - val_acc: 0.9035 - val_auc: 0.9497 - val_loss: 0.4323
Epoch 243/300
49/50 ???????????????????? 0s 54ms/step - acc: 0.9967 - auc: 0.9995 - loss: 0.0141
Epoch 243: val_auc did not improve from 0.96222
50/50 ???????????????????? 3s 56ms/step - acc: 0.9967 - auc: 0.9995 - loss: 0.0142 - val_acc: 0.9003 - val_auc: 0.9524 - val_loss: 0.4301
Epoch 244/300
49/50 ???????????????????? 0s 52ms/step - acc: 0.9959 - auc: 0.9999 - loss: 0.0106
Epoch 244: val_auc did not improve from 0.96222
50/50 ???????????????????? 3s 55ms/step - acc: 0.9959 - auc: 0.9999 - loss: 0.0106 - val_acc: 0.9041 - val_auc: 0.9487 - val_loss: 0.4497
Epoch 245/300
50/50 ???????????????????? 0s 52ms/step - acc: 0.9990 - auc: 1.0000 - loss: 0.0046
Epoch 245: val_auc did not improve from 0.96222
50/50 ???????????????????? 3s 54ms/step - acc: 0.9990 - auc: 1.0000 - loss: 0.0046 - val_acc: 0.9022 - val_auc: 0.9518 - val_loss: 0.4651
Epoch 246/300
49/50 ???????????????????? 0s 53ms/step - acc: 0.9987 - auc: 1.0000 - loss: 0.0036
Epoch 246: val_auc did not improve from 0.96222
50/50 ???????????????????? 3s 56ms/step - acc: 0.9986 - auc: 1.0000 - loss: 0.0036 - val_acc: 0.8984 - val_auc: 0.9519 - val_loss: 0.4590
Epoch 247/300
49/50 ???????????????????? 0s 52ms/step - acc: 0.9941 - auc: 0.9982 - loss: 0.0264
Epoch 247: val_auc did not improve from 0.96222
50/50 ???????????????????? 3s 55ms/step - acc: 0.9941 - auc: 0.9982 - loss: 0.0262 - val_acc: 0.9067 - val_auc: 0.9491 - val_loss: 0.4208
Epoch 248/300
49/50 ???????????????????? 0s 53ms/step - acc: 0.9969 - auc: 0.9999 - loss: 0.0102
Epoch 248: val_auc did not improve from 0.96222
50/50 ???????????????????? 3s 56ms/step - acc: 0.9969 - auc: 0.9999 - loss: 0.0101 - val_acc: 0.9098 - val_auc: 0.9567 - val_loss: 0.4091
Epoch 249/300
49/50 ???????????????????? 0s 54ms/step - acc: 0.9968 - auc: 0.9992 - loss: 0.0129
Epoch 249: val_auc did not improve from 0.96222
50/50 ???????????????????? 3s 57ms/step - acc: 0.9968 - auc: 0.9992 - loss: 0.0129 - val_acc: 0.9098 - val_auc: 0.9481 - val_loss: 0.4287
Epoch 250/300
49/50 ???????????????????? 0s 54ms/step - acc: 0.9986 - auc: 0.9999 - loss: 0.0060
Epoch 250: val_auc did not improve from 0.96222
50/50 ???????????????????? 3s 56ms/step - acc: 0.9985 - auc: 0.9999 - loss: 0.0061 - val_acc: 0.9054 - val_auc: 0.9491 - val_loss: 0.4349
Epoch 251/300
49/50 ???????????????????? 0s 54ms/step - acc: 0.9990 - auc: 1.0000 - loss: 0.0033
Epoch 251: val_auc did not improve from 0.96222
50/50 ???????????????????? 3s 57ms/step - acc: 0.9990 - auc: 1.0000 - loss: 0.0033 - val_acc: 0.9105 - val_auc: 0.9520 - val_loss: 0.4334
Epoch 252/300
49/50 ???????????????????? 0s 54ms/step - acc: 1.0000 - auc: 1.0000 - loss: 9.5015e-04
Epoch 252: val_auc did not improve from 0.96222
50/50 ???????????????????? 3s 57ms/step - acc: 1.0000 - auc: 1.0000 - loss: 9.5472e-04 - val_acc: 0.9124 - val_auc: 0.9530 - val_loss: 0.4247
Epoch 253/300
49/50 ???????????????????? 0s 53ms/step - acc: 0.9986 - auc: 0.9997 - loss: 0.0061
Epoch 253: val_auc did not improve from 0.96222
50/50 ???????????????????? 3s 55ms/step - acc: 0.9986 - auc: 0.9997 - loss: 0.0061 - val_acc: 0.9060 - val_auc: 0.9532 - val_loss: 0.4215
Epoch 254/300
50/50 ???????????????????? 0s 53ms/step - acc: 0.9964 - auc: 0.9998 - loss: 0.0101
Epoch 254: val_auc did not improve from 0.96222
50/50 ???????????????????? 3s 56ms/step - acc: 0.9964 - auc: 0.9998 - loss: 0.0101 - val_acc: 0.8978 - val_auc: 0.9479 - val_loss: 0.4681
Epoch 255/300
49/50 ???????????????????? 0s 54ms/step - acc: 0.9963 - auc: 0.9996 - loss: 0.0103
Epoch 255: val_auc did not improve from 0.96222
50/50 ???????????????????? 3s 56ms/step - acc: 0.9963 - auc: 0.9996 - loss: 0.0102 - val_acc: 0.9010 - val_auc: 0.9493 - val_loss: 0.4483
Epoch 256/300
50/50 ???????????????????? 0s 53ms/step - acc: 0.9981 - auc: 1.0000 - loss: 0.0072
Epoch 256: val_auc did not improve from 0.96222
50/50 ???????????????????? 3s 56ms/step - acc: 0.9981 - auc: 1.0000 - loss: 0.0071 - val_acc: 0.9054 - val_auc: 0.9516 - val_loss: 0.4500
Epoch 257/300
49/50 ???????????????????? 0s 54ms/step - acc: 1.0000 - auc: 1.0000 - loss: 0.0010
Epoch 257: val_auc did not improve from 0.96222
50/50 ???????????????????? 3s 57ms/step - acc: 1.0000 - auc: 1.0000 - loss: 0.0010 - val_acc: 0.9098 - val_auc: 0.9483 - val_loss: 0.4545
Epoch 258/300
49/50 ???????????????????? 0s 52ms/step - acc: 0.9985 - auc: 1.0000 - loss: 0.0029
Epoch 258: val_auc did not improve from 0.96222
50/50 ???????????????????? 3s 55ms/step - acc: 0.9985 - auc: 1.0000 - loss: 0.0029 - val_acc: 0.9156 - val_auc: 0.9480 - val_loss: 0.4469
Epoch 259/300
49/50 ???????????????????? 0s 54ms/step - acc: 0.9995 - auc: 1.0000 - loss: 0.0020
Epoch 259: val_auc did not improve from 0.96222
50/50 ???????????????????? 3s 57ms/step - acc: 0.9995 - auc: 1.0000 - loss: 0.0021 - val_acc: 0.9098 - val_auc: 0.9506 - val_loss: 0.4575
Epoch 260/300
49/50 ???????????????????? 0s 54ms/step - acc: 0.9975 - auc: 0.9995 - loss: 0.0119
Epoch 260: val_auc did not improve from 0.96222
50/50 ???????????????????? 3s 57ms/step - acc: 0.9975 - auc: 0.9995 - loss: 0.0119 - val_acc: 0.9029 - val_auc: 0.9520 - val_loss: 0.4805
Epoch 261/300
49/50 ???????????????????? 0s 53ms/step - acc: 0.9981 - auc: 0.9999 - loss: 0.0083
Epoch 261: val_auc did not improve from 0.96222
50/50 ???????????????????? 5s 55ms/step - acc: 0.9981 - auc: 0.9999 - loss: 0.0083 - val_acc: 0.9073 - val_auc: 0.9508 - val_loss: 0.4459
Epoch 262/300
49/50 ???????????????????? 0s 53ms/step - acc: 0.9966 - auc: 0.9994 - loss: 0.0154
Epoch 262: val_auc did not improve from 0.96222
50/50 ???????????????????? 3s 55ms/step - acc: 0.9966 - auc: 0.9994 - loss: 0.0154 - val_acc: 0.9029 - val_auc: 0.9458 - val_loss: 0.5004
Epoch 263/300
49/50 ???????????????????? 0s 53ms/step - acc: 0.9959 - auc: 0.9998 - loss: 0.0100
Epoch 263: val_auc did not improve from 0.96222
50/50 ???????????????????? 3s 55ms/step - acc: 0.9959 - auc: 0.9998 - loss: 0.0099 - val_acc: 0.9041 - val_auc: 0.9482 - val_loss: 0.4695
Epoch 264/300
49/50 ???????????????????? 0s 52ms/step - acc: 0.9985 - auc: 0.9999 - loss: 0.0063
Epoch 264: val_auc did not improve from 0.96222
50/50 ???????????????????? 3s 55ms/step - acc: 0.9985 - auc: 0.9999 - loss: 0.0064 - val_acc: 0.9092 - val_auc: 0.9530 - val_loss: 0.4275
Epoch 265/300
49/50 ???????????????????? 0s 53ms/step - acc: 0.9968 - auc: 0.9995 - loss: 0.0104
Epoch 265: val_auc did not improve from 0.96222
50/50 ???????????????????? 3s 55ms/step - acc: 0.9968 - auc: 0.9995 - loss: 0.0104 - val_acc: 0.9130 - val_auc: 0.9527 - val_loss: 0.4301
Epoch 266/300
50/50 ???????????????????? 0s 52ms/step - acc: 0.9991 - auc: 1.0000 - loss: 0.0024
Epoch 266: val_auc did not improve from 0.96222
50/50 ???????????????????? 3s 55ms/step - acc: 0.9991 - auc: 1.0000 - loss: 0.0024 - val_acc: 0.9162 - val_auc: 0.9524 - val_loss: 0.4260
Epoch 267/300
49/50 ???????????????????? 0s 55ms/step - acc: 0.9978 - auc: 0.9989 - loss: 0.0115
Epoch 267: val_auc did not improve from 0.96222
50/50 ???????????????????? 3s 58ms/step - acc: 0.9978 - auc: 0.9989 - loss: 0.0115 - val_acc: 0.9060 - val_auc: 0.9499 - val_loss: 0.4803
Epoch 268/300
49/50 ???????????????????? 0s 55ms/step - acc: 0.9976 - auc: 1.0000 - loss: 0.0047
Epoch 268: val_auc did not improve from 0.96222
50/50 ???????????????????? 3s 58ms/step - acc: 0.9976 - auc: 1.0000 - loss: 0.0047 - val_acc: 0.9105 - val_auc: 0.9498 - val_loss: 0.4368
Epoch 269/300
49/50 ???????????????????? 0s 53ms/step - acc: 0.9993 - auc: 1.0000 - loss: 0.0024
Epoch 269: val_auc did not improve from 0.96222
50/50 ???????????????????? 3s 55ms/step - acc: 0.9993 - auc: 1.0000 - loss: 0.0024 - val_acc: 0.9124 - val_auc: 0.9503 - val_loss: 0.4475
Epoch 270/300
50/50 ???????????????????? 0s 53ms/step - acc: 0.9988 - auc: 0.9997 - loss: 0.0047
Epoch 270: val_auc did not improve from 0.96222
50/50 ???????????????????? 3s 56ms/step - acc: 0.9988 - auc: 0.9997 - loss: 0.0047 - val_acc: 0.9073 - val_auc: 0.9511 - val_loss: 0.4531
Epoch 271/300
49/50 ???????????????????? 0s 54ms/step - acc: 0.9997 - auc: 1.0000 - loss: 0.0012
Epoch 271: val_auc did not improve from 0.96222
50/50 ???????????????????? 3s 56ms/step - acc: 0.9997 - auc: 1.0000 - loss: 0.0012 - val_acc: 0.9117 - val_auc: 0.9516 - val_loss: 0.4536
Epoch 272/300
49/50 ???????????????????? 0s 53ms/step - acc: 0.9984 - auc: 1.0000 - loss: 0.0042
Epoch 272: val_auc did not improve from 0.96222
50/50 ???????????????????? 3s 56ms/step - acc: 0.9984 - auc: 1.0000 - loss: 0.0043 - val_acc: 0.9067 - val_auc: 0.9456 - val_loss: 0.4906
Epoch 273/300
49/50 ???????????????????? 0s 53ms/step - acc: 0.9938 - auc: 0.9994 - loss: 0.0199
Epoch 273: val_auc did not improve from 0.96222
50/50 ???????????????????? 3s 56ms/step - acc: 0.9938 - auc: 0.9993 - loss: 0.0199 - val_acc: 0.8984 - val_auc: 0.9403 - val_loss: 0.5132
Epoch 274/300
49/50 ???????????????????? 0s 54ms/step - acc: 0.9931 - auc: 0.9994 - loss: 0.0193
Epoch 274: val_auc did not improve from 0.96222
50/50 ???????????????????? 3s 56ms/step - acc: 0.9932 - auc: 0.9994 - loss: 0.0192 - val_acc: 0.9029 - val_auc: 0.9374 - val_loss: 0.5428
Epoch 275/300
49/50 ???????????????????? 0s 53ms/step - acc: 0.9951 - auc: 0.9997 - loss: 0.0138
Epoch 275: val_auc did not improve from 0.96222
50/50 ???????????????????? 3s 55ms/step - acc: 0.9951 - auc: 0.9997 - loss: 0.0138 - val_acc: 0.8984 - val_auc: 0.9408 - val_loss: 0.5204
Epoch 276/300
50/50 ???????????????????? 0s 53ms/step - acc: 0.9984 - auc: 1.0000 - loss: 0.0043
Epoch 276: val_auc did not improve from 0.96222
50/50 ???????????????????? 3s 56ms/step - acc: 0.9984 - auc: 1.0000 - loss: 0.0043 - val_acc: 0.9060 - val_auc: 0.9479 - val_loss: 0.5015
Epoch 277/300
50/50 ???????????????????? 0s 52ms/step - acc: 0.9982 - auc: 0.9999 - loss: 0.0075
Epoch 277: val_auc did not improve from 0.96222
50/50 ???????????????????? 3s 55ms/step - acc: 0.9982 - auc: 0.9999 - loss: 0.0075 - val_acc: 0.9149 - val_auc: 0.9508 - val_loss: 0.4537
Epoch 278/300
49/50 ???????????????????? 0s 53ms/step - acc: 0.9988 - auc: 0.9999 - loss: 0.0044
Epoch 278: val_auc did not improve from 0.96222
50/50 ???????????????????? 3s 55ms/step - acc: 0.9988 - auc: 0.9999 - loss: 0.0045 - val_acc: 0.9124 - val_auc: 0.9451 - val_loss: 0.4541
Epoch 279/300
49/50 ???????????????????? 0s 53ms/step - acc: 0.9978 - auc: 0.9998 - loss: 0.0090
Epoch 279: val_auc did not improve from 0.96222
50/50 ???????????????????? 3s 56ms/step - acc: 0.9978 - auc: 0.9998 - loss: 0.0091 - val_acc: 0.9003 - val_auc: 0.9466 - val_loss: 0.4725
Epoch 280/300
49/50 ???????????????????? 0s 52ms/step - acc: 0.9950 - auc: 0.9995 - loss: 0.0142
Epoch 280: val_auc did not improve from 0.96222
50/50 ???????????????????? 3s 54ms/step - acc: 0.9950 - auc: 0.9995 - loss: 0.0142 - val_acc: 0.9016 - val_auc: 0.9483 - val_loss: 0.4700
Epoch 281/300
49/50 ???????????????????? 0s 57ms/step - acc: 0.9981 - auc: 0.9998 - loss: 0.0064
Epoch 281: val_auc did not improve from 0.96222
50/50 ???????????????????? 3s 60ms/step - acc: 0.9981 - auc: 0.9998 - loss: 0.0064 - val_acc: 0.9060 - val_auc: 0.9509 - val_loss: 0.4578
Epoch 282/300
49/50 ???????????????????? 0s 55ms/step - acc: 0.9997 - auc: 1.0000 - loss: 0.0018
Epoch 282: val_auc did not improve from 0.96222
50/50 ???????????????????? 3s 58ms/step - acc: 0.9997 - auc: 1.0000 - loss: 0.0018 - val_acc: 0.9048 - val_auc: 0.9497 - val_loss: 0.4677
Epoch 283/300
49/50 ???????????????????? 0s 53ms/step - acc: 0.9995 - auc: 1.0000 - loss: 0.0027
Epoch 283: val_auc did not improve from 0.96222
50/50 ???????????????????? 3s 55ms/step - acc: 0.9995 - auc: 1.0000 - loss: 0.0027 - val_acc: 0.9067 - val_auc: 0.9522 - val_loss: 0.4548
Epoch 284/300
49/50 ???????????????????? 0s 54ms/step - acc: 0.9988 - auc: 0.9997 - loss: 0.0057
Epoch 284: val_auc did not improve from 0.96222
50/50 ???????????????????? 3s 57ms/step - acc: 0.9988 - auc: 0.9997 - loss: 0.0058 - val_acc: 0.9105 - val_auc: 0.9479 - val_loss: 0.4993
Epoch 285/300
49/50 ???????????????????? 0s 52ms/step - acc: 0.9968 - auc: 0.9995 - loss: 0.0131
Epoch 285: val_auc did not improve from 0.96222
50/50 ???????????????????? 3s 55ms/step - acc: 0.9968 - auc: 0.9995 - loss: 0.0131 - val_acc: 0.9054 - val_auc: 0.9467 - val_loss: 0.4671
Epoch 286/300
49/50 ???????????????????? 0s 53ms/step - acc: 0.9957 - auc: 0.9996 - loss: 0.0135
Epoch 286: val_auc did not improve from 0.96222
50/50 ???????????????????? 3s 56ms/step - acc: 0.9957 - auc: 0.9996 - loss: 0.0136 - val_acc: 0.9086 - val_auc: 0.9462 - val_loss: 0.4491
Epoch 287/300
50/50 ???????????????????? 0s 52ms/step - acc: 0.9982 - auc: 0.9999 - loss: 0.0062
Epoch 287: val_auc did not improve from 0.96222
50/50 ???????????????????? 3s 55ms/step - acc: 0.9981 - auc: 0.9999 - loss: 0.0062 - val_acc: 0.9124 - val_auc: 0.9534 - val_loss: 0.4303
Epoch 288/300
49/50 ???????????????????? 0s 52ms/step - acc: 0.9989 - auc: 1.0000 - loss: 0.0047
Epoch 288: val_auc did not improve from 0.96222
50/50 ???????????????????? 3s 55ms/step - acc: 0.9989 - auc: 1.0000 - loss: 0.0046 - val_acc: 0.9111 - val_auc: 0.9533 - val_loss: 0.4383
Epoch 289/300
50/50 ???????????????????? 0s 52ms/step - acc: 0.9995 - auc: 1.0000 - loss: 0.0027
Epoch 289: val_auc did not improve from 0.96222
50/50 ???????????????????? 3s 55ms/step - acc: 0.9995 - auc: 1.0000 - loss: 0.0027 - val_acc: 0.9067 - val_auc: 0.9525 - val_loss: 0.4450
Epoch 290/300
49/50 ???????????????????? 0s 52ms/step - acc: 0.9983 - auc: 1.0000 - loss: 0.0037
Epoch 290: val_auc did not improve from 0.96222
50/50 ???????????????????? 3s 55ms/step - acc: 0.9984 - auc: 1.0000 - loss: 0.0036 - val_acc: 0.9105 - val_auc: 0.9508 - val_loss: 0.4510
Epoch 291/300
49/50 ???????????????????? 0s 53ms/step - acc: 0.9999 - auc: 1.0000 - loss: 0.0016
Epoch 291: val_auc did not improve from 0.96222
50/50 ???????????????????? 3s 56ms/step - acc: 0.9999 - auc: 1.0000 - loss: 0.0016 - val_acc: 0.9111 - val_auc: 0.9502 - val_loss: 0.4588
Epoch 292/300
49/50 ???????????????????? 0s 53ms/step - acc: 0.9995 - auc: 1.0000 - loss: 0.0015
Epoch 292: val_auc did not improve from 0.96222
50/50 ???????????????????? 3s 55ms/step - acc: 0.9995 - auc: 1.0000 - loss: 0.0015 - val_acc: 0.9073 - val_auc: 0.9450 - val_loss: 0.4898
Epoch 293/300
49/50 ???????????????????? 0s 53ms/step - acc: 0.9981 - auc: 0.9999 - loss: 0.0046
Epoch 293: val_auc did not improve from 0.96222
50/50 ???????????????????? 3s 56ms/step - acc: 0.9980 - auc: 0.9999 - loss: 0.0046 - val_acc: 0.9022 - val_auc: 0.9393 - val_loss: 0.5648
Epoch 294/300
49/50 ???????????????????? 0s 53ms/step - acc: 0.9968 - auc: 0.9990 - loss: 0.0147
Epoch 294: val_auc did not improve from 0.96222
50/50 ???????????????????? 3s 55ms/step - acc: 0.9968 - auc: 0.9990 - loss: 0.0148 - val_acc: 0.8933 - val_auc: 0.9408 - val_loss: 0.5448
Epoch 295/300
49/50 ???????????????????? 0s 53ms/step - acc: 0.9971 - auc: 0.9998 - loss: 0.0084
Epoch 295: val_auc did not improve from 0.96222
50/50 ???????????????????? 3s 56ms/step - acc: 0.9971 - auc: 0.9998 - loss: 0.0083 - val_acc: 0.9016 - val_auc: 0.9456 - val_loss: 0.5201
Epoch 296/300
49/50 ???????????????????? 0s 54ms/step - acc: 0.9973 - auc: 0.9997 - loss: 0.0091
Epoch 296: val_auc did not improve from 0.96222
50/50 ???????????????????? 3s 56ms/step - acc: 0.9973 - auc: 0.9997 - loss: 0.0091 - val_acc: 0.8997 - val_auc: 0.9452 - val_loss: 0.5137
Epoch 297/300
49/50 ???????????????????? 0s 53ms/step - acc: 0.9968 - auc: 0.9996 - loss: 0.0102
Epoch 297: val_auc did not improve from 0.96222
50/50 ???????????????????? 3s 56ms/step - acc: 0.9968 - auc: 0.9996 - loss: 0.0102 - val_acc: 0.9041 - val_auc: 0.9463 - val_loss: 0.4819
Epoch 298/300
49/50 ???????????????????? 0s 53ms/step - acc: 0.9986 - auc: 1.0000 - loss: 0.0050
Epoch 298: val_auc did not improve from 0.96222
50/50 ???????????????????? 3s 56ms/step - acc: 0.9986 - auc: 1.0000 - loss: 0.0049 - val_acc: 0.8997 - val_auc: 0.9454 - val_loss: 0.4964
Epoch 299/300
49/50 ???????????????????? 0s 54ms/step - acc: 0.9976 - auc: 0.9997 - loss: 0.0086
Epoch 299: val_auc did not improve from 0.96222
50/50 ???????????????????? 3s 56ms/step - acc: 0.9975 - auc: 0.9997 - loss: 0.0087 - val_acc: 0.8997 - val_auc: 0.9479 - val_loss: 0.4699
Epoch 300/300
49/50 ???????????????????? 0s 53ms/step - acc: 0.9963 - auc: 0.9999 - loss: 0.0081
Epoch 300: val_auc did not improve from 0.96222
50/50 ???????????????????? 3s 56ms/step - acc: 0.9963 - auc: 0.9999 - loss: 0.0081 - val_acc: 0.9035 - val_auc: 0.9434 - val_loss: 0.5047
50/50 ???????????????????? 0s 6ms/step
50/50 ???????????????????? 0s 4ms/step
ANN: Accuracy: 0.9086, AUC-ROC: 0.9718
ANN: AUC-PR: 0.9724, Precision: 0.9124,
ANN Recall: 0.9078, F1 Score: 0.9101
\ANN:RMSE: 12.0000 , PCC: 0.8454
Data processing and Training of MACSynDCR_CNN model:
MACSynDCR_CNN model:
Model: "sequential_7"
????????????????????????????????????????????????????????????????????????????????????????
? Layer (type)                         ? Output Shape                ?         Param # ?
????????????????????????????????????????????????????????????????????????????????????????
¦ conv2d_9 (Conv2D)                    ¦ (None, 62, 36, 32)          ¦             320 ¦
+--------------------------------------+-----------------------------+-----------------¦
¦ max_pooling2d_9 (MaxPooling2D)       ¦ (None, 31, 18, 32)          ¦               0 ¦
+--------------------------------------+-----------------------------+-----------------¦
¦ dropout_9 (Dropout)                  ¦ (None, 31, 18, 32)          ¦               0 ¦
+--------------------------------------+-----------------------------+-----------------¦
¦ conv2d_10 (Conv2D)                   ¦ (None, 29, 16, 64)          ¦          18,496 ¦
+--------------------------------------+-----------------------------+-----------------¦
¦ max_pooling2d_10 (MaxPooling2D)      ¦ (None, 14, 8, 64)           ¦               0 ¦
+--------------------------------------+-----------------------------+-----------------¦
¦ dropout_10 (Dropout)                 ¦ (None, 14, 8, 64)           ¦               0 ¦
+--------------------------------------+-----------------------------+-----------------¦
¦ conv2d_11 (Conv2D)                   ¦ (None, 12, 6, 128)          ¦          73,856 ¦
+--------------------------------------+-----------------------------+-----------------¦
¦ max_pooling2d_11 (MaxPooling2D)      ¦ (None, 6, 3, 128)           ¦               0 ¦
+--------------------------------------+-----------------------------+-----------------¦
¦ dropout_11 (Dropout)                 ¦ (None, 6, 3, 128)           ¦               0 ¦
+--------------------------------------+-----------------------------+-----------------¦
¦ flatten_3 (Flatten)                  ¦ (None, 2304)                ¦               0 ¦
+--------------------------------------+-----------------------------+-----------------¦
¦ dense_30 (Dense)                     ¦ (None, 128)                 ¦         295,040 ¦
+--------------------------------------+-----------------------------+-----------------¦
¦ dense_31 (Dense)                     ¦ (None, 2)                   ¦             258 ¦
+--------------------------------------------------------------------------------------+
 Total params: 387,970 (1.48 MB)
 Trainable params: 387,970 (1.48 MB)
 Non-trainable params: 0 (0.00 B)
Epoch 1/300
49/50 ???????????????????? 0s 62ms/step - acc: 0.5040 - auc: 0.5064 - loss: 0.7135
Epoch 1: val_acc improved from -inf to 0.50984, saving model to saved_models/best_MACSynDCR_CNN_model.keras
50/50 ???????????????????? 6s 72ms/step - acc: 0.5039 - auc: 0.5064 - loss: 0.7129 - val_acc: 0.5098 - val_auc: 0.6198 - val_loss: 0.6922
Epoch 2/300
49/50 ???????????????????? 0s 55ms/step - acc: 0.5219 - auc: 0.5288 - loss: 0.6922
Epoch 2: val_acc improved from 0.50984 to 0.55873, saving model to saved_models/best_MACSynDCR_CNN_model.keras
50/50 ???????????????????? 3s 59ms/step - acc: 0.5220 - auc: 0.5288 - loss: 0.6922 - val_acc: 0.5587 - val_auc: 0.6780 - val_loss: 0.6892
Epoch 3/300
49/50 ???????????????????? 0s 57ms/step - acc: 0.5837 - auc: 0.6145 - loss: 0.6836
Epoch 3: val_acc improved from 0.55873 to 0.69016, saving model to saved_models/best_MACSynDCR_CNN_model.keras
50/50 ???????????????????? 3s 62ms/step - acc: 0.5843 - auc: 0.6154 - loss: 0.6831 - val_acc: 0.6902 - val_auc: 0.7501 - val_loss: 0.6115
Epoch 4/300
49/50 ???????????????????? 0s 57ms/step - acc: 0.6986 - auc: 0.7635 - loss: 0.5836
Epoch 4: val_acc improved from 0.69016 to 0.76698, saving model to saved_models/best_MACSynDCR_CNN_model.keras
50/50 ???????????????????? 3s 62ms/step - acc: 0.6998 - auc: 0.7647 - loss: 0.5824 - val_acc: 0.7670 - val_auc: 0.8432 - val_loss: 0.4995
Epoch 5/300
49/50 ???????????????????? 0s 57ms/step - acc: 0.7461 - auc: 0.8197 - loss: 0.5219
Epoch 5: val_acc improved from 0.76698 to 0.77460, saving model to saved_models/best_MACSynDCR_CNN_model.keras
50/50 ???????????????????? 3s 62ms/step - acc: 0.7465 - auc: 0.8202 - loss: 0.5213 - val_acc: 0.7746 - val_auc: 0.8728 - val_loss: 0.4512
Epoch 6/300
50/50 ???????????????????? 0s 55ms/step - acc: 0.7638 - auc: 0.8528 - loss: 0.4760
Epoch 6: val_acc improved from 0.77460 to 0.77905, saving model to saved_models/best_MACSynDCR_CNN_model.keras
50/50 ???????????????????? 3s 61ms/step - acc: 0.7641 - auc: 0.8531 - loss: 0.4756 - val_acc: 0.7790 - val_auc: 0.8628 - val_loss: 0.4688
Epoch 7/300
49/50 ???????????????????? 0s 55ms/step - acc: 0.7883 - auc: 0.8659 - loss: 0.4579
Epoch 7: val_acc improved from 0.77905 to 0.79302, saving model to saved_models/best_MACSynDCR_CNN_model.keras
50/50 ???????????????????? 3s 60ms/step - acc: 0.7885 - auc: 0.8662 - loss: 0.4574 - val_acc: 0.7930 - val_auc: 0.8848 - val_loss: 0.4327
Epoch 8/300
50/50 ???????????????????? 0s 55ms/step - acc: 0.7984 - auc: 0.8858 - loss: 0.4245
Epoch 8: val_acc improved from 0.79302 to 0.79492, saving model to saved_models/best_MACSynDCR_CNN_model.keras
50/50 ???????????????????? 3s 61ms/step - acc: 0.7984 - auc: 0.8857 - loss: 0.4246 - val_acc: 0.7949 - val_auc: 0.8921 - val_loss: 0.4174
Epoch 9/300
49/50 ???????????????????? 0s 56ms/step - acc: 0.8073 - auc: 0.8947 - loss: 0.4097
Epoch 9: val_acc improved from 0.79492 to 0.82095, saving model to saved_models/best_MACSynDCR_CNN_model.keras
50/50 ???????????????????? 3s 61ms/step - acc: 0.8073 - auc: 0.8946 - loss: 0.4101 - val_acc: 0.8210 - val_auc: 0.9007 - val_loss: 0.4004
Epoch 10/300
49/50 ???????????????????? 0s 56ms/step - acc: 0.8149 - auc: 0.8958 - loss: 0.4085
Epoch 10: val_acc did not improve from 0.82095
50/50 ???????????????????? 3s 60ms/step - acc: 0.8148 - auc: 0.8957 - loss: 0.4086 - val_acc: 0.8121 - val_auc: 0.9022 - val_loss: 0.3972
Epoch 11/300
49/50 ???????????????????? 0s 56ms/step - acc: 0.8171 - auc: 0.8953 - loss: 0.4096
Epoch 11: val_acc improved from 0.82095 to 0.83302, saving model to saved_models/best_MACSynDCR_CNN_model.keras
50/50 ???????????????????? 3s 61ms/step - acc: 0.8170 - auc: 0.8954 - loss: 0.4094 - val_acc: 0.8330 - val_auc: 0.9071 - val_loss: 0.3867
Epoch 12/300
49/50 ???????????????????? 0s 55ms/step - acc: 0.8147 - auc: 0.8966 - loss: 0.4064
Epoch 12: val_acc did not improve from 0.83302
50/50 ???????????????????? 3s 58ms/step - acc: 0.8146 - auc: 0.8966 - loss: 0.4064 - val_acc: 0.8324 - val_auc: 0.9095 - val_loss: 0.3824
Epoch 13/300
49/50 ???????????????????? 0s 56ms/step - acc: 0.8247 - auc: 0.9042 - loss: 0.3925
Epoch 13: val_acc improved from 0.83302 to 0.83365, saving model to saved_models/best_MACSynDCR_CNN_model.keras
50/50 ???????????????????? 3s 60ms/step - acc: 0.8245 - auc: 0.9041 - loss: 0.3927 - val_acc: 0.8337 - val_auc: 0.9109 - val_loss: 0.3802
Epoch 14/300
49/50 ???????????????????? 0s 55ms/step - acc: 0.8237 - auc: 0.9078 - loss: 0.3849
Epoch 14: val_acc improved from 0.83365 to 0.84127, saving model to saved_models/best_MACSynDCR_CNN_model.keras
50/50 ???????????????????? 3s 59ms/step - acc: 0.8237 - auc: 0.9077 - loss: 0.3850 - val_acc: 0.8413 - val_auc: 0.9119 - val_loss: 0.3782
Epoch 15/300
49/50 ???????????????????? 0s 56ms/step - acc: 0.8182 - auc: 0.9067 - loss: 0.3870
Epoch 15: val_acc improved from 0.84127 to 0.84508, saving model to saved_models/best_MACSynDCR_CNN_model.keras
50/50 ???????????????????? 3s 61ms/step - acc: 0.8184 - auc: 0.9067 - loss: 0.3870 - val_acc: 0.8451 - val_auc: 0.9163 - val_loss: 0.3684
Epoch 16/300
49/50 ???????????????????? 0s 56ms/step - acc: 0.8253 - auc: 0.9038 - loss: 0.3938
Epoch 16: val_acc improved from 0.84508 to 0.85270, saving model to saved_models/best_MACSynDCR_CNN_model.keras
50/50 ???????????????????? 3s 60ms/step - acc: 0.8254 - auc: 0.9040 - loss: 0.3934 - val_acc: 0.8527 - val_auc: 0.9178 - val_loss: 0.3643
Epoch 17/300
49/50 ???????????????????? 0s 57ms/step - acc: 0.8357 - auc: 0.9154 - loss: 0.3698
Epoch 17: val_acc did not improve from 0.85270
50/50 ???????????????????? 3s 60ms/step - acc: 0.8357 - auc: 0.9154 - loss: 0.3698 - val_acc: 0.8400 - val_auc: 0.9205 - val_loss: 0.3593
Epoch 18/300
49/50 ???????????????????? 0s 58ms/step - acc: 0.8323 - auc: 0.9129 - loss: 0.3748
Epoch 18: val_acc did not improve from 0.85270
50/50 ???????????????????? 3s 61ms/step - acc: 0.8325 - auc: 0.9130 - loss: 0.3747 - val_acc: 0.8483 - val_auc: 0.9233 - val_loss: 0.3558
Epoch 19/300
50/50 ???????????????????? 0s 58ms/step - acc: 0.8481 - auc: 0.9231 - loss: 0.3545
Epoch 19: val_acc improved from 0.85270 to 0.85587, saving model to saved_models/best_MACSynDCR_CNN_model.keras
50/50 ???????????????????? 3s 64ms/step - acc: 0.8480 - auc: 0.9230 - loss: 0.3546 - val_acc: 0.8559 - val_auc: 0.9287 - val_loss: 0.3407
Epoch 20/300
49/50 ???????????????????? 0s 59ms/step - acc: 0.8539 - auc: 0.9291 - loss: 0.3411
Epoch 20: val_acc improved from 0.85587 to 0.85968, saving model to saved_models/best_MACSynDCR_CNN_model.keras
50/50 ???????????????????? 3s 64ms/step - acc: 0.8536 - auc: 0.9289 - loss: 0.3415 - val_acc: 0.8597 - val_auc: 0.9281 - val_loss: 0.3409
Epoch 21/300
49/50 ???????????????????? 0s 61ms/step - acc: 0.8461 - auc: 0.9302 - loss: 0.3367
Epoch 21: val_acc improved from 0.85968 to 0.86413, saving model to saved_models/best_MACSynDCR_CNN_model.keras
50/50 ???????????????????? 3s 66ms/step - acc: 0.8460 - auc: 0.9300 - loss: 0.3371 - val_acc: 0.8641 - val_auc: 0.9298 - val_loss: 0.3381
Epoch 22/300
49/50 ???????????????????? 0s 57ms/step - acc: 0.8639 - auc: 0.9332 - loss: 0.3313
Epoch 22: val_acc did not improve from 0.86413
50/50 ???????????????????? 5s 61ms/step - acc: 0.8637 - auc: 0.9330 - loss: 0.3318 - val_acc: 0.8483 - val_auc: 0.9288 - val_loss: 0.3422
Epoch 23/300
49/50 ???????????????????? 0s 57ms/step - acc: 0.8487 - auc: 0.9271 - loss: 0.3444
Epoch 23: val_acc improved from 0.86413 to 0.86730, saving model to saved_models/best_MACSynDCR_CNN_model.keras
50/50 ???????????????????? 3s 62ms/step - acc: 0.8489 - auc: 0.9272 - loss: 0.3441 - val_acc: 0.8673 - val_auc: 0.9359 - val_loss: 0.3237
Epoch 24/300
49/50 ???????????????????? 0s 61ms/step - acc: 0.8573 - auc: 0.9348 - loss: 0.3283
Epoch 24: val_acc did not improve from 0.86730
50/50 ???????????????????? 3s 64ms/step - acc: 0.8572 - auc: 0.9347 - loss: 0.3284 - val_acc: 0.8610 - val_auc: 0.9332 - val_loss: 0.3313
Epoch 25/300
49/50 ???????????????????? 0s 59ms/step - acc: 0.8603 - auc: 0.9341 - loss: 0.3274
Epoch 25: val_acc improved from 0.86730 to 0.86794, saving model to saved_models/best_MACSynDCR_CNN_model.keras
50/50 ???????????????????? 3s 64ms/step - acc: 0.8604 - auc: 0.9342 - loss: 0.3273 - val_acc: 0.8679 - val_auc: 0.9361 - val_loss: 0.3223
Epoch 26/300
49/50 ???????????????????? 0s 61ms/step - acc: 0.8607 - auc: 0.9375 - loss: 0.3196
Epoch 26: val_acc improved from 0.86794 to 0.87238, saving model to saved_models/best_MACSynDCR_CNN_model.keras
50/50 ???????????????????? 3s 65ms/step - acc: 0.8608 - auc: 0.9375 - loss: 0.3197 - val_acc: 0.8724 - val_auc: 0.9392 - val_loss: 0.3151
Epoch 27/300
49/50 ???????????????????? 0s 56ms/step - acc: 0.8570 - auc: 0.9337 - loss: 0.3295
Epoch 27: val_acc did not improve from 0.87238
50/50 ???????????????????? 3s 59ms/step - acc: 0.8572 - auc: 0.9338 - loss: 0.3291 - val_acc: 0.8692 - val_auc: 0.9389 - val_loss: 0.3158
Epoch 28/300
49/50 ???????????????????? 0s 56ms/step - acc: 0.8644 - auc: 0.9379 - loss: 0.3178
Epoch 28: val_acc did not improve from 0.87238
50/50 ???????????????????? 3s 60ms/step - acc: 0.8643 - auc: 0.9379 - loss: 0.3177 - val_acc: 0.8698 - val_auc: 0.9388 - val_loss: 0.3170
Epoch 29/300
49/50 ???????????????????? 0s 61ms/step - acc: 0.8721 - auc: 0.9450 - loss: 0.2995
Epoch 29: val_acc did not improve from 0.87238
50/50 ???????????????????? 3s 64ms/step - acc: 0.8720 - auc: 0.9450 - loss: 0.2997 - val_acc: 0.8692 - val_auc: 0.9379 - val_loss: 0.3187
Epoch 30/300
49/50 ???????????????????? 0s 59ms/step - acc: 0.8720 - auc: 0.9436 - loss: 0.3035
Epoch 30: val_acc did not improve from 0.87238
50/50 ???????????????????? 3s 62ms/step - acc: 0.8721 - auc: 0.9436 - loss: 0.3034 - val_acc: 0.8679 - val_auc: 0.9388 - val_loss: 0.3175
Epoch 31/300
49/50 ???????????????????? 0s 57ms/step - acc: 0.8778 - auc: 0.9477 - loss: 0.2921
Epoch 31: val_acc improved from 0.87238 to 0.87492, saving model to saved_models/best_MACSynDCR_CNN_model.keras
50/50 ???????????????????? 3s 62ms/step - acc: 0.8778 - auc: 0.9478 - loss: 0.2921 - val_acc: 0.8749 - val_auc: 0.9410 - val_loss: 0.3111
Epoch 32/300
49/50 ???????????????????? 0s 57ms/step - acc: 0.8653 - auc: 0.9441 - loss: 0.3017
Epoch 32: val_acc improved from 0.87492 to 0.87937, saving model to saved_models/best_MACSynDCR_CNN_model.keras
50/50 ???????????????????? 3s 62ms/step - acc: 0.8656 - auc: 0.9442 - loss: 0.3013 - val_acc: 0.8794 - val_auc: 0.9458 - val_loss: 0.2982
Epoch 33/300
49/50 ???????????????????? 0s 56ms/step - acc: 0.8787 - auc: 0.9515 - loss: 0.2821
Epoch 33: val_acc did not improve from 0.87937
50/50 ???????????????????? 3s 60ms/step - acc: 0.8789 - auc: 0.9515 - loss: 0.2822 - val_acc: 0.8698 - val_auc: 0.9360 - val_loss: 0.3265
Epoch 34/300
49/50 ???????????????????? 0s 56ms/step - acc: 0.8774 - auc: 0.9501 - loss: 0.2860
Epoch 34: val_acc did not improve from 0.87937
50/50 ???????????????????? 3s 60ms/step - acc: 0.8776 - auc: 0.9501 - loss: 0.2858 - val_acc: 0.8679 - val_auc: 0.9392 - val_loss: 0.3250
Epoch 35/300
49/50 ???????????????????? 0s 56ms/step - acc: 0.8811 - auc: 0.9483 - loss: 0.2906
Epoch 35: val_acc improved from 0.87937 to 0.88254, saving model to saved_models/best_MACSynDCR_CNN_model.keras
50/50 ???????????????????? 3s 60ms/step - acc: 0.8811 - auc: 0.9484 - loss: 0.2905 - val_acc: 0.8825 - val_auc: 0.9461 - val_loss: 0.2965
Epoch 36/300
50/50 ???????????????????? 0s 54ms/step - acc: 0.8837 - auc: 0.9536 - loss: 0.2760
Epoch 36: val_acc did not improve from 0.88254
50/50 ???????????????????? 3s 59ms/step - acc: 0.8837 - auc: 0.9536 - loss: 0.2760 - val_acc: 0.8756 - val_auc: 0.9449 - val_loss: 0.3041
Epoch 37/300
50/50 ???????????????????? 0s 55ms/step - acc: 0.8919 - auc: 0.9574 - loss: 0.2641
Epoch 37: val_acc improved from 0.88254 to 0.88317, saving model to saved_models/best_MACSynDCR_CNN_model.keras
50/50 ???????????????????? 3s 61ms/step - acc: 0.8919 - auc: 0.9574 - loss: 0.2642 - val_acc: 0.8832 - val_auc: 0.9456 - val_loss: 0.2983
Epoch 38/300
49/50 ???????????????????? 0s 55ms/step - acc: 0.8848 - auc: 0.9579 - loss: 0.2630
Epoch 38: val_acc did not improve from 0.88317
50/50 ???????????????????? 3s 58ms/step - acc: 0.8848 - auc: 0.9578 - loss: 0.2631 - val_acc: 0.8800 - val_auc: 0.9477 - val_loss: 0.2943
Epoch 39/300
49/50 ???????????????????? 0s 62ms/step - acc: 0.8888 - auc: 0.9582 - loss: 0.2622
Epoch 39: val_acc did not improve from 0.88317
50/50 ???????????????????? 3s 66ms/step - acc: 0.8888 - auc: 0.9581 - loss: 0.2623 - val_acc: 0.8768 - val_auc: 0.9473 - val_loss: 0.2948
Epoch 40/300
49/50 ???????????????????? 0s 59ms/step - acc: 0.8932 - auc: 0.9595 - loss: 0.2578
Epoch 40: val_acc did not improve from 0.88317
50/50 ???????????????????? 3s 62ms/step - acc: 0.8930 - auc: 0.9593 - loss: 0.2582 - val_acc: 0.8806 - val_auc: 0.9485 - val_loss: 0.2924
Epoch 41/300
49/50 ???????????????????? 0s 55ms/step - acc: 0.8907 - auc: 0.9593 - loss: 0.2580
Epoch 41: val_acc did not improve from 0.88317
50/50 ???????????????????? 3s 59ms/step - acc: 0.8905 - auc: 0.9592 - loss: 0.2582 - val_acc: 0.8775 - val_auc: 0.9457 - val_loss: 0.2982
Epoch 42/300
49/50 ???????????????????? 0s 55ms/step - acc: 0.9001 - auc: 0.9611 - loss: 0.2525
Epoch 42: val_acc did not improve from 0.88317
50/50 ???????????????????? 3s 59ms/step - acc: 0.9000 - auc: 0.9611 - loss: 0.2525 - val_acc: 0.8781 - val_auc: 0.9476 - val_loss: 0.2963
Epoch 43/300
49/50 ???????????????????? 0s 58ms/step - acc: 0.8968 - auc: 0.9609 - loss: 0.2534
Epoch 43: val_acc did not improve from 0.88317
50/50 ???????????????????? 3s 62ms/step - acc: 0.8967 - auc: 0.9609 - loss: 0.2535 - val_acc: 0.8787 - val_auc: 0.9472 - val_loss: 0.3061
Epoch 44/300
49/50 ???????????????????? 0s 57ms/step - acc: 0.8983 - auc: 0.9656 - loss: 0.2375
Epoch 44: val_acc improved from 0.88317 to 0.88508, saving model to saved_models/best_MACSynDCR_CNN_model.keras
50/50 ???????????????????? 3s 62ms/step - acc: 0.8982 - auc: 0.9656 - loss: 0.2376 - val_acc: 0.8851 - val_auc: 0.9471 - val_loss: 0.2989
Epoch 45/300
49/50 ???????????????????? 0s 57ms/step - acc: 0.9002 - auc: 0.9606 - loss: 0.2534
Epoch 45: val_acc did not improve from 0.88508
50/50 ???????????????????? 3s 61ms/step - acc: 0.9001 - auc: 0.9606 - loss: 0.2532 - val_acc: 0.8813 - val_auc: 0.9495 - val_loss: 0.2986
Epoch 46/300
49/50 ???????????????????? 0s 59ms/step - acc: 0.8998 - auc: 0.9682 - loss: 0.2283
Epoch 46: val_acc did not improve from 0.88508
50/50 ???????????????????? 3s 63ms/step - acc: 0.8998 - auc: 0.9681 - loss: 0.2287 - val_acc: 0.8787 - val_auc: 0.9482 - val_loss: 0.2958
Epoch 47/300
49/50 ???????????????????? 0s 60ms/step - acc: 0.9042 - auc: 0.9657 - loss: 0.2376
Epoch 47: val_acc did not improve from 0.88508
50/50 ???????????????????? 3s 64ms/step - acc: 0.9039 - auc: 0.9656 - loss: 0.2379 - val_acc: 0.8781 - val_auc: 0.9503 - val_loss: 0.2905
Epoch 48/300
49/50 ???????????????????? 0s 58ms/step - acc: 0.9047 - auc: 0.9678 - loss: 0.2309
Epoch 48: val_acc did not improve from 0.88508
50/50 ???????????????????? 3s 61ms/step - acc: 0.9046 - auc: 0.9677 - loss: 0.2310 - val_acc: 0.8787 - val_auc: 0.9494 - val_loss: 0.2941
Epoch 49/300
49/50 ???????????????????? 0s 58ms/step - acc: 0.9013 - auc: 0.9669 - loss: 0.2326
Epoch 49: val_acc did not improve from 0.88508
50/50 ???????????????????? 3s 62ms/step - acc: 0.9014 - auc: 0.9670 - loss: 0.2324 - val_acc: 0.8800 - val_auc: 0.9514 - val_loss: 0.2903
Epoch 50/300
49/50 ???????????????????? 0s 58ms/step - acc: 0.9034 - auc: 0.9688 - loss: 0.2273
Epoch 50: val_acc did not improve from 0.88508
50/50 ???????????????????? 3s 61ms/step - acc: 0.9036 - auc: 0.9688 - loss: 0.2272 - val_acc: 0.8756 - val_auc: 0.9519 - val_loss: 0.2890
Epoch 51/300
49/50 ???????????????????? 0s 57ms/step - acc: 0.9043 - auc: 0.9670 - loss: 0.2322
Epoch 51: val_acc did not improve from 0.88508
50/50 ???????????????????? 3s 60ms/step - acc: 0.9042 - auc: 0.9670 - loss: 0.2323 - val_acc: 0.8838 - val_auc: 0.9505 - val_loss: 0.2927
Epoch 52/300
49/50 ???????????????????? 0s 55ms/step - acc: 0.9141 - auc: 0.9714 - loss: 0.2159
Epoch 52: val_acc did not improve from 0.88508
50/50 ???????????????????? 3s 59ms/step - acc: 0.9139 - auc: 0.9713 - loss: 0.2162 - val_acc: 0.8832 - val_auc: 0.9491 - val_loss: 0.2966
Epoch 53/300
49/50 ???????????????????? 0s 57ms/step - acc: 0.9080 - auc: 0.9720 - loss: 0.2143
Epoch 53: val_acc did not improve from 0.88508
50/50 ???????????????????? 3s 61ms/step - acc: 0.9080 - auc: 0.9720 - loss: 0.2145 - val_acc: 0.8838 - val_auc: 0.9486 - val_loss: 0.3016
Epoch 54/300
49/50 ???????????????????? 0s 55ms/step - acc: 0.9060 - auc: 0.9687 - loss: 0.2260
Epoch 54: val_acc did not improve from 0.88508
50/50 ???????????????????? 3s 58ms/step - acc: 0.9064 - auc: 0.9688 - loss: 0.2256 - val_acc: 0.8838 - val_auc: 0.9511 - val_loss: 0.2955
Epoch 55/300
49/50 ???????????????????? 0s 55ms/step - acc: 0.9113 - auc: 0.9714 - loss: 0.2160
Epoch 55: val_acc did not improve from 0.88508
50/50 ???????????????????? 3s 59ms/step - acc: 0.9111 - auc: 0.9714 - loss: 0.2161 - val_acc: 0.8832 - val_auc: 0.9508 - val_loss: 0.2959
Epoch 56/300
49/50 ???????????????????? 0s 56ms/step - acc: 0.9160 - auc: 0.9744 - loss: 0.2052
Epoch 56: val_acc improved from 0.88508 to 0.88635, saving model to saved_models/best_MACSynDCR_CNN_model.keras
50/50 ???????????????????? 3s 60ms/step - acc: 0.9160 - auc: 0.9744 - loss: 0.2051 - val_acc: 0.8863 - val_auc: 0.9519 - val_loss: 0.2944
Epoch 57/300
49/50 ???????????????????? 0s 55ms/step - acc: 0.9075 - auc: 0.9704 - loss: 0.2208
Epoch 57: val_acc did not improve from 0.88635
50/50 ???????????????????? 3s 58ms/step - acc: 0.9076 - auc: 0.9704 - loss: 0.2204 - val_acc: 0.8825 - val_auc: 0.9503 - val_loss: 0.2993
Epoch 58/300
49/50 ???????????????????? 0s 56ms/step - acc: 0.9116 - auc: 0.9727 - loss: 0.2113
Epoch 58: val_acc did not improve from 0.88635
50/50 ???????????????????? 3s 60ms/step - acc: 0.9117 - auc: 0.9727 - loss: 0.2113 - val_acc: 0.8838 - val_auc: 0.9498 - val_loss: 0.2999
Epoch 59/300
49/50 ???????????????????? 0s 63ms/step - acc: 0.9209 - auc: 0.9770 - loss: 0.1940
Epoch 59: val_acc did not improve from 0.88635
50/50 ???????????????????? 3s 66ms/step - acc: 0.9209 - auc: 0.9770 - loss: 0.1942 - val_acc: 0.8768 - val_auc: 0.9510 - val_loss: 0.2982
Epoch 60/300
49/50 ???????????????????? 0s 57ms/step - acc: 0.9135 - auc: 0.9742 - loss: 0.2054
Epoch 60: val_acc did not improve from 0.88635
50/50 ???????????????????? 3s 60ms/step - acc: 0.9137 - auc: 0.9744 - loss: 0.2050 - val_acc: 0.8787 - val_auc: 0.9471 - val_loss: 0.3221
Epoch 61/300
49/50 ???????????????????? 0s 55ms/step - acc: 0.9173 - auc: 0.9738 - loss: 0.2071
Epoch 61: val_acc did not improve from 0.88635
50/50 ???????????????????? 3s 59ms/step - acc: 0.9174 - auc: 0.9738 - loss: 0.2069 - val_acc: 0.8857 - val_auc: 0.9500 - val_loss: 0.3050
Epoch 62/300
49/50 ???????????????????? 0s 54ms/step - acc: 0.9150 - auc: 0.9748 - loss: 0.2031
Epoch 62: val_acc did not improve from 0.88635
50/50 ???????????????????? 3s 58ms/step - acc: 0.9151 - auc: 0.9748 - loss: 0.2031 - val_acc: 0.8787 - val_auc: 0.9483 - val_loss: 0.3108
Epoch 63/300
49/50 ???????????????????? 0s 56ms/step - acc: 0.9207 - auc: 0.9779 - loss: 0.1915
Epoch 63: val_acc did not improve from 0.88635
50/50 ???????????????????? 3s 60ms/step - acc: 0.9206 - auc: 0.9779 - loss: 0.1916 - val_acc: 0.8844 - val_auc: 0.9517 - val_loss: 0.3002
Epoch 64/300
50/50 ???????????????????? 0s 54ms/step - acc: 0.9205 - auc: 0.9785 - loss: 0.1882
Epoch 64: val_acc did not improve from 0.88635
50/50 ???????????????????? 3s 58ms/step - acc: 0.9205 - auc: 0.9785 - loss: 0.1882 - val_acc: 0.8800 - val_auc: 0.9492 - val_loss: 0.3086
Epoch 65/300
50/50 ???????????????????? 0s 56ms/step - acc: 0.9205 - auc: 0.9785 - loss: 0.1870
Epoch 65: val_acc did not improve from 0.88635
50/50 ???????????????????? 3s 60ms/step - acc: 0.9206 - auc: 0.9785 - loss: 0.1869 - val_acc: 0.8743 - val_auc: 0.9465 - val_loss: 0.3371
Epoch 66/300
49/50 ???????????????????? 0s 56ms/step - acc: 0.9272 - auc: 0.9797 - loss: 0.1804
Epoch 66: val_acc did not improve from 0.88635
50/50 ???????????????????? 3s 59ms/step - acc: 0.9270 - auc: 0.9796 - loss: 0.1808 - val_acc: 0.8794 - val_auc: 0.9509 - val_loss: 0.3076
Epoch 67/300
49/50 ???????????????????? 0s 58ms/step - acc: 0.9205 - auc: 0.9753 - loss: 0.2013
Epoch 67: val_acc did not improve from 0.88635
50/50 ???????????????????? 3s 61ms/step - acc: 0.9206 - auc: 0.9753 - loss: 0.2010 - val_acc: 0.8756 - val_auc: 0.9505 - val_loss: 0.2999
Epoch 68/300
49/50 ???????????????????? 0s 56ms/step - acc: 0.9264 - auc: 0.9813 - loss: 0.1754
Epoch 68: val_acc improved from 0.88635 to 0.88698, saving model to saved_models/best_MACSynDCR_CNN_model.keras
50/50 ???????????????????? 3s 61ms/step - acc: 0.9264 - auc: 0.9813 - loss: 0.1755 - val_acc: 0.8870 - val_auc: 0.9531 - val_loss: 0.2955
Epoch 69/300
49/50 ???????????????????? 0s 59ms/step - acc: 0.9313 - auc: 0.9831 - loss: 0.1661
Epoch 69: val_acc did not improve from 0.88698
50/50 ???????????????????? 3s 63ms/step - acc: 0.9312 - auc: 0.9830 - loss: 0.1664 - val_acc: 0.8832 - val_auc: 0.9485 - val_loss: 0.3181
Epoch 70/300
50/50 ???????????????????? 0s 56ms/step - acc: 0.9264 - auc: 0.9794 - loss: 0.1816
Epoch 70: val_acc did not improve from 0.88698
50/50 ???????????????????? 3s 60ms/step - acc: 0.9264 - auc: 0.9795 - loss: 0.1815 - val_acc: 0.8857 - val_auc: 0.9498 - val_loss: 0.3081
Epoch 71/300
49/50 ???????????????????? 0s 56ms/step - acc: 0.9301 - auc: 0.9812 - loss: 0.1754
Epoch 71: val_acc did not improve from 0.88698
50/50 ???????????????????? 3s 60ms/step - acc: 0.9301 - auc: 0.9813 - loss: 0.1751 - val_acc: 0.8863 - val_auc: 0.9512 - val_loss: 0.3074
Epoch 72/300
49/50 ???????????????????? 0s 57ms/step - acc: 0.9301 - auc: 0.9835 - loss: 0.1637
Epoch 72: val_acc improved from 0.88698 to 0.88762, saving model to saved_models/best_MACSynDCR_CNN_model.keras
50/50 ???????????????????? 3s 61ms/step - acc: 0.9303 - auc: 0.9835 - loss: 0.1636 - val_acc: 0.8876 - val_auc: 0.9536 - val_loss: 0.3043
Epoch 73/300
49/50 ???????????????????? 0s 55ms/step - acc: 0.9260 - auc: 0.9791 - loss: 0.1850
Epoch 73: val_acc did not improve from 0.88762
50/50 ???????????????????? 3s 58ms/step - acc: 0.9260 - auc: 0.9791 - loss: 0.1847 - val_acc: 0.8832 - val_auc: 0.9522 - val_loss: 0.3085
Epoch 74/300
49/50 ???????????????????? 0s 57ms/step - acc: 0.9273 - auc: 0.9810 - loss: 0.1768
Epoch 74: val_acc did not improve from 0.88762
50/50 ???????????????????? 3s 61ms/step - acc: 0.9274 - auc: 0.9810 - loss: 0.1764 - val_acc: 0.8863 - val_auc: 0.9498 - val_loss: 0.3197
Epoch 75/300
49/50 ???????????????????? 0s 55ms/step - acc: 0.9349 - auc: 0.9849 - loss: 0.1559
Epoch 75: val_acc improved from 0.88762 to 0.89397, saving model to saved_models/best_MACSynDCR_CNN_model.keras
50/50 ???????????????????? 3s 60ms/step - acc: 0.9347 - auc: 0.9848 - loss: 0.1564 - val_acc: 0.8940 - val_auc: 0.9520 - val_loss: 0.3053
Epoch 76/300
49/50 ???????????????????? 0s 54ms/step - acc: 0.9370 - auc: 0.9861 - loss: 0.1531
Epoch 76: val_acc did not improve from 0.89397
50/50 ???????????????????? 3s 58ms/step - acc: 0.9369 - auc: 0.9860 - loss: 0.1534 - val_acc: 0.8908 - val_auc: 0.9526 - val_loss: 0.3122
Epoch 77/300
49/50 ???????????????????? 0s 56ms/step - acc: 0.9361 - auc: 0.9852 - loss: 0.1558
Epoch 77: val_acc did not improve from 0.89397
50/50 ???????????????????? 3s 59ms/step - acc: 0.9360 - auc: 0.9851 - loss: 0.1560 - val_acc: 0.8813 - val_auc: 0.9501 - val_loss: 0.3219
Epoch 78/300
49/50 ???????????????????? 0s 55ms/step - acc: 0.9325 - auc: 0.9850 - loss: 0.1570
Epoch 78: val_acc did not improve from 0.89397
50/50 ???????????????????? 3s 59ms/step - acc: 0.9326 - auc: 0.9850 - loss: 0.1568 - val_acc: 0.8889 - val_auc: 0.9508 - val_loss: 0.3171
Epoch 79/300
49/50 ???????????????????? 0s 59ms/step - acc: 0.9375 - auc: 0.9857 - loss: 0.1496
Epoch 79: val_acc did not improve from 0.89397
50/50 ???????????????????? 3s 63ms/step - acc: 0.9376 - auc: 0.9858 - loss: 0.1495 - val_acc: 0.8825 - val_auc: 0.9477 - val_loss: 0.3251
Epoch 80/300
49/50 ???????????????????? 0s 58ms/step - acc: 0.9358 - auc: 0.9857 - loss: 0.1538
Epoch 80: val_acc did not improve from 0.89397
50/50 ???????????????????? 3s 61ms/step - acc: 0.9358 - auc: 0.9856 - loss: 0.1540 - val_acc: 0.8857 - val_auc: 0.9509 - val_loss: 0.3167
Epoch 81/300
49/50 ???????????????????? 0s 56ms/step - acc: 0.9381 - auc: 0.9852 - loss: 0.1551
Epoch 81: val_acc did not improve from 0.89397
50/50 ???????????????????? 3s 60ms/step - acc: 0.9382 - auc: 0.9852 - loss: 0.1551 - val_acc: 0.8825 - val_auc: 0.9488 - val_loss: 0.3239
Epoch 82/300
49/50 ???????????????????? 0s 55ms/step - acc: 0.9373 - auc: 0.9856 - loss: 0.1533
Epoch 82: val_acc did not improve from 0.89397
50/50 ???????????????????? 3s 58ms/step - acc: 0.9372 - auc: 0.9856 - loss: 0.1534 - val_acc: 0.8813 - val_auc: 0.9502 - val_loss: 0.3117
Epoch 83/300
49/50 ???????????????????? 0s 55ms/step - acc: 0.9408 - auc: 0.9867 - loss: 0.1462
Epoch 83: val_acc did not improve from 0.89397
50/50 ???????????????????? 3s 59ms/step - acc: 0.9408 - auc: 0.9867 - loss: 0.1462 - val_acc: 0.8819 - val_auc: 0.9487 - val_loss: 0.3250
Epoch 84/300
49/50 ???????????????????? 0s 56ms/step - acc: 0.9405 - auc: 0.9871 - loss: 0.1445
Epoch 84: val_acc did not improve from 0.89397
50/50 ???????????????????? 3s 60ms/step - acc: 0.9406 - auc: 0.9871 - loss: 0.1445 - val_acc: 0.8857 - val_auc: 0.9496 - val_loss: 0.3330
Epoch 85/300
49/50 ???????????????????? 0s 55ms/step - acc: 0.9470 - auc: 0.9889 - loss: 0.1331
Epoch 85: val_acc did not improve from 0.89397
50/50 ???????????????????? 3s 58ms/step - acc: 0.9467 - auc: 0.9889 - loss: 0.1335 - val_acc: 0.8870 - val_auc: 0.9496 - val_loss: 0.3236
Epoch 86/300
49/50 ???????????????????? 0s 55ms/step - acc: 0.9472 - auc: 0.9894 - loss: 0.1318
Epoch 86: val_acc did not improve from 0.89397
50/50 ???????????????????? 3s 59ms/step - acc: 0.9470 - auc: 0.9894 - loss: 0.1322 - val_acc: 0.8844 - val_auc: 0.9513 - val_loss: 0.3211
Epoch 87/300
49/50 ???????????????????? 0s 56ms/step - acc: 0.9371 - auc: 0.9862 - loss: 0.1494
Epoch 87: val_acc did not improve from 0.89397
50/50 ???????????????????? 3s 60ms/step - acc: 0.9374 - auc: 0.9863 - loss: 0.1492 - val_acc: 0.8863 - val_auc: 0.9504 - val_loss: 0.3240
Epoch 88/300
49/50 ???????????????????? 0s 57ms/step - acc: 0.9427 - auc: 0.9887 - loss: 0.1357
Epoch 88: val_acc did not improve from 0.89397
50/50 ???????????????????? 3s 60ms/step - acc: 0.9427 - auc: 0.9887 - loss: 0.1357 - val_acc: 0.8876 - val_auc: 0.9523 - val_loss: 0.3234
Epoch 89/300
49/50 ???????????????????? 0s 59ms/step - acc: 0.9484 - auc: 0.9898 - loss: 0.1278
Epoch 89: val_acc did not improve from 0.89397
50/50 ???????????????????? 3s 62ms/step - acc: 0.9484 - auc: 0.9898 - loss: 0.1277 - val_acc: 0.8870 - val_auc: 0.9514 - val_loss: 0.3275
Epoch 90/300
49/50 ???????????????????? 0s 56ms/step - acc: 0.9487 - auc: 0.9911 - loss: 0.1199
Epoch 90: val_acc did not improve from 0.89397
50/50 ???????????????????? 3s 60ms/step - acc: 0.9487 - auc: 0.9911 - loss: 0.1202 - val_acc: 0.8895 - val_auc: 0.9521 - val_loss: 0.3316
Epoch 91/300
49/50 ???????????????????? 0s 57ms/step - acc: 0.9533 - auc: 0.9905 - loss: 0.1228
Epoch 91: val_acc did not improve from 0.89397
50/50 ???????????????????? 3s 61ms/step - acc: 0.9532 - auc: 0.9904 - loss: 0.1231 - val_acc: 0.8870 - val_auc: 0.9514 - val_loss: 0.3258
Epoch 92/300
49/50 ???????????????????? 0s 56ms/step - acc: 0.9480 - auc: 0.9896 - loss: 0.1301
Epoch 92: val_acc did not improve from 0.89397
50/50 ???????????????????? 3s 59ms/step - acc: 0.9481 - auc: 0.9896 - loss: 0.1299 - val_acc: 0.8863 - val_auc: 0.9530 - val_loss: 0.3303
Epoch 93/300
49/50 ???????????????????? 0s 56ms/step - acc: 0.9461 - auc: 0.9887 - loss: 0.1335
Epoch 93: val_acc did not improve from 0.89397
50/50 ???????????????????? 3s 60ms/step - acc: 0.9459 - auc: 0.9887 - loss: 0.1339 - val_acc: 0.8794 - val_auc: 0.9515 - val_loss: 0.3211
Epoch 94/300
49/50 ???????????????????? 0s 55ms/step - acc: 0.9495 - auc: 0.9907 - loss: 0.1233
Epoch 94: val_acc did not improve from 0.89397
50/50 ???????????????????? 3s 59ms/step - acc: 0.9495 - auc: 0.9907 - loss: 0.1232 - val_acc: 0.8857 - val_auc: 0.9517 - val_loss: 0.3471
Epoch 95/300
49/50 ???????????????????? 0s 57ms/step - acc: 0.9438 - auc: 0.9878 - loss: 0.1389
Epoch 95: val_acc did not improve from 0.89397
50/50 ???????????????????? 3s 61ms/step - acc: 0.9439 - auc: 0.9878 - loss: 0.1389 - val_acc: 0.8870 - val_auc: 0.9532 - val_loss: 0.3291
Epoch 96/300
49/50 ???????????????????? 0s 55ms/step - acc: 0.9423 - auc: 0.9882 - loss: 0.1390
Epoch 96: val_acc did not improve from 0.89397
50/50 ???????????????????? 3s 58ms/step - acc: 0.9426 - auc: 0.9883 - loss: 0.1386 - val_acc: 0.8902 - val_auc: 0.9526 - val_loss: 0.3268
Epoch 97/300
49/50 ???????????????????? 0s 56ms/step - acc: 0.9471 - auc: 0.9901 - loss: 0.1261
Epoch 97: val_acc did not improve from 0.89397
50/50 ???????????????????? 3s 59ms/step - acc: 0.9471 - auc: 0.9901 - loss: 0.1263 - val_acc: 0.8863 - val_auc: 0.9538 - val_loss: 0.3144
Epoch 98/300
49/50 ???????????????????? 0s 57ms/step - acc: 0.9525 - auc: 0.9918 - loss: 0.1163
Epoch 98: val_acc did not improve from 0.89397
50/50 ???????????????????? 3s 61ms/step - acc: 0.9525 - auc: 0.9917 - loss: 0.1164 - val_acc: 0.8876 - val_auc: 0.9519 - val_loss: 0.3288
Epoch 99/300
49/50 ???????????????????? 0s 59ms/step - acc: 0.9558 - auc: 0.9912 - loss: 0.1186
Epoch 99: val_acc did not improve from 0.89397
50/50 ???????????????????? 3s 62ms/step - acc: 0.9557 - auc: 0.9911 - loss: 0.1188 - val_acc: 0.8914 - val_auc: 0.9531 - val_loss: 0.3249
Epoch 100/300
50/50 ???????????????????? 0s 55ms/step - acc: 0.9565 - auc: 0.9922 - loss: 0.1121
Epoch 100: val_acc did not improve from 0.89397
50/50 ???????????????????? 3s 59ms/step - acc: 0.9564 - auc: 0.9922 - loss: 0.1123 - val_acc: 0.8800 - val_auc: 0.9488 - val_loss: 0.3372
Epoch 101/300
49/50 ???????????????????? 0s 55ms/step - acc: 0.9482 - auc: 0.9892 - loss: 0.1308
Epoch 101: val_acc did not improve from 0.89397
50/50 ???????????????????? 3s 59ms/step - acc: 0.9483 - auc: 0.9892 - loss: 0.1304 - val_acc: 0.8902 - val_auc: 0.9525 - val_loss: 0.3383
Epoch 102/300
49/50 ???????????????????? 0s 55ms/step - acc: 0.9526 - auc: 0.9911 - loss: 0.1195
Epoch 102: val_acc did not improve from 0.89397
50/50 ???????????????????? 3s 58ms/step - acc: 0.9527 - auc: 0.9911 - loss: 0.1194 - val_acc: 0.8800 - val_auc: 0.9483 - val_loss: 0.3520
Epoch 103/300
50/50 ???????????????????? 0s 55ms/step - acc: 0.9547 - auc: 0.9910 - loss: 0.1191
Epoch 103: val_acc improved from 0.89397 to 0.89841, saving model to saved_models/best_MACSynDCR_CNN_model.keras
50/50 ???????????????????? 3s 61ms/step - acc: 0.9547 - auc: 0.9910 - loss: 0.1191 - val_acc: 0.8984 - val_auc: 0.9542 - val_loss: 0.3202
Epoch 104/300
49/50 ???????????????????? 0s 55ms/step - acc: 0.9539 - auc: 0.9909 - loss: 0.1195
Epoch 104: val_acc did not improve from 0.89841
50/50 ???????????????????? 3s 58ms/step - acc: 0.9539 - auc: 0.9909 - loss: 0.1194 - val_acc: 0.8895 - val_auc: 0.9505 - val_loss: 0.3520
Epoch 105/300
49/50 ???????????????????? 0s 55ms/step - acc: 0.9591 - auc: 0.9916 - loss: 0.1132
Epoch 105: val_acc did not improve from 0.89841
50/50 ???????????????????? 3s 59ms/step - acc: 0.9589 - auc: 0.9916 - loss: 0.1133 - val_acc: 0.8921 - val_auc: 0.9518 - val_loss: 0.3460
Epoch 106/300
50/50 ???????????????????? 0s 57ms/step - acc: 0.9565 - auc: 0.9920 - loss: 0.1128
Epoch 106: val_acc did not improve from 0.89841
50/50 ???????????????????? 3s 61ms/step - acc: 0.9565 - auc: 0.9920 - loss: 0.1129 - val_acc: 0.8940 - val_auc: 0.9529 - val_loss: 0.3293
Epoch 107/300
49/50 ???????????????????? 0s 54ms/step - acc: 0.9567 - auc: 0.9929 - loss: 0.1073
Epoch 107: val_acc did not improve from 0.89841
50/50 ???????????????????? 3s 58ms/step - acc: 0.9567 - auc: 0.9929 - loss: 0.1074 - val_acc: 0.8787 - val_auc: 0.9480 - val_loss: 0.3536
Epoch 108/300
49/50 ???????????????????? 0s 55ms/step - acc: 0.9559 - auc: 0.9921 - loss: 0.1126
Epoch 108: val_acc did not improve from 0.89841
50/50 ???????????????????? 3s 59ms/step - acc: 0.9558 - auc: 0.9920 - loss: 0.1127 - val_acc: 0.8908 - val_auc: 0.9526 - val_loss: 0.3287
Epoch 109/300
49/50 ???????????????????? 0s 57ms/step - acc: 0.9552 - auc: 0.9915 - loss: 0.1137
Epoch 109: val_acc did not improve from 0.89841
50/50 ???????????????????? 3s 61ms/step - acc: 0.9551 - auc: 0.9915 - loss: 0.1138 - val_acc: 0.8863 - val_auc: 0.9544 - val_loss: 0.3225
Epoch 110/300
50/50 ???????????????????? 0s 55ms/step - acc: 0.9588 - auc: 0.9927 - loss: 0.1088
Epoch 110: val_acc did not improve from 0.89841
50/50 ???????????????????? 3s 60ms/step - acc: 0.9588 - auc: 0.9927 - loss: 0.1087 - val_acc: 0.8902 - val_auc: 0.9528 - val_loss: 0.3286
Epoch 111/300
49/50 ???????????????????? 0s 56ms/step - acc: 0.9598 - auc: 0.9934 - loss: 0.1016
Epoch 111: val_acc did not improve from 0.89841
50/50 ???????????????????? 3s 60ms/step - acc: 0.9598 - auc: 0.9934 - loss: 0.1016 - val_acc: 0.8914 - val_auc: 0.9504 - val_loss: 0.3459
Epoch 112/300
49/50 ???????????????????? 0s 58ms/step - acc: 0.9574 - auc: 0.9924 - loss: 0.1093
Epoch 112: val_acc did not improve from 0.89841
50/50 ???????????????????? 3s 62ms/step - acc: 0.9575 - auc: 0.9924 - loss: 0.1092 - val_acc: 0.8908 - val_auc: 0.9541 - val_loss: 0.3371
Epoch 113/300
49/50 ???????????????????? 0s 57ms/step - acc: 0.9608 - auc: 0.9940 - loss: 0.0986
Epoch 113: val_acc did not improve from 0.89841
50/50 ???????????????????? 3s 60ms/step - acc: 0.9608 - auc: 0.9940 - loss: 0.0987 - val_acc: 0.8927 - val_auc: 0.9537 - val_loss: 0.3383
Epoch 114/300
49/50 ???????????????????? 0s 56ms/step - acc: 0.9590 - auc: 0.9923 - loss: 0.1087
Epoch 114: val_acc did not improve from 0.89841
50/50 ???????????????????? 3s 59ms/step - acc: 0.9590 - auc: 0.9923 - loss: 0.1085 - val_acc: 0.8927 - val_auc: 0.9541 - val_loss: 0.3320
Epoch 115/300
49/50 ???????????????????? 0s 57ms/step - acc: 0.9612 - auc: 0.9945 - loss: 0.0940
Epoch 115: val_acc did not improve from 0.89841
50/50 ???????????????????? 3s 60ms/step - acc: 0.9612 - auc: 0.9945 - loss: 0.0943 - val_acc: 0.8851 - val_auc: 0.9514 - val_loss: 0.3455
Epoch 116/300
49/50 ???????????????????? 0s 57ms/step - acc: 0.9599 - auc: 0.9932 - loss: 0.1055
Epoch 116: val_acc did not improve from 0.89841
50/50 ???????????????????? 3s 61ms/step - acc: 0.9598 - auc: 0.9932 - loss: 0.1055 - val_acc: 0.8959 - val_auc: 0.9537 - val_loss: 0.3385
Epoch 117/300
49/50 ???????????????????? 0s 56ms/step - acc: 0.9620 - auc: 0.9947 - loss: 0.0931
Epoch 117: val_acc did not improve from 0.89841
50/50 ???????????????????? 3s 60ms/step - acc: 0.9619 - auc: 0.9946 - loss: 0.0932 - val_acc: 0.8895 - val_auc: 0.9496 - val_loss: 0.3603
Epoch 118/300
49/50 ???????????????????? 0s 58ms/step - acc: 0.9592 - auc: 0.9936 - loss: 0.1010
Epoch 118: val_acc did not improve from 0.89841
50/50 ???????????????????? 3s 62ms/step - acc: 0.9592 - auc: 0.9936 - loss: 0.1010 - val_acc: 0.8889 - val_auc: 0.9521 - val_loss: 0.3518
Epoch 119/300
49/50 ???????????????????? 0s 57ms/step - acc: 0.9679 - auc: 0.9943 - loss: 0.0897
Epoch 119: val_acc did not improve from 0.89841
50/50 ???????????????????? 3s 61ms/step - acc: 0.9678 - auc: 0.9943 - loss: 0.0900 - val_acc: 0.8921 - val_auc: 0.9531 - val_loss: 0.3366
Epoch 120/300
49/50 ???????????????????? 0s 58ms/step - acc: 0.9605 - auc: 0.9932 - loss: 0.1049
Epoch 120: val_acc did not improve from 0.89841
50/50 ???????????????????? 3s 61ms/step - acc: 0.9605 - auc: 0.9932 - loss: 0.1047 - val_acc: 0.8851 - val_auc: 0.9507 - val_loss: 0.3535
Epoch 121/300
49/50 ???????????????????? 0s 56ms/step - acc: 0.9622 - auc: 0.9943 - loss: 0.0941
Epoch 121: val_acc did not improve from 0.89841
50/50 ???????????????????? 3s 59ms/step - acc: 0.9621 - auc: 0.9943 - loss: 0.0944 - val_acc: 0.8883 - val_auc: 0.9527 - val_loss: 0.3347
Epoch 122/300
50/50 ???????????????????? 0s 55ms/step - acc: 0.9637 - auc: 0.9948 - loss: 0.0922
Epoch 122: val_acc did not improve from 0.89841
50/50 ???????????????????? 3s 59ms/step - acc: 0.9637 - auc: 0.9948 - loss: 0.0922 - val_acc: 0.8940 - val_auc: 0.9546 - val_loss: 0.3460
Epoch 123/300
49/50 ???????????????????? 0s 57ms/step - acc: 0.9664 - auc: 0.9942 - loss: 0.0912
Epoch 123: val_acc did not improve from 0.89841
50/50 ???????????????????? 3s 60ms/step - acc: 0.9663 - auc: 0.9943 - loss: 0.0913 - val_acc: 0.8921 - val_auc: 0.9530 - val_loss: 0.3467
Epoch 124/300
49/50 ???????????????????? 0s 57ms/step - acc: 0.9648 - auc: 0.9952 - loss: 0.0870
Epoch 124: val_acc did not improve from 0.89841
50/50 ???????????????????? 3s 60ms/step - acc: 0.9647 - auc: 0.9952 - loss: 0.0871 - val_acc: 0.8940 - val_auc: 0.9541 - val_loss: 0.3513
Epoch 125/300
49/50 ???????????????????? 0s 55ms/step - acc: 0.9637 - auc: 0.9944 - loss: 0.0935
Epoch 125: val_acc did not improve from 0.89841
50/50 ???????????????????? 3s 58ms/step - acc: 0.9637 - auc: 0.9944 - loss: 0.0936 - val_acc: 0.8940 - val_auc: 0.9577 - val_loss: 0.3260
Epoch 126/300
49/50 ???????????????????? 0s 55ms/step - acc: 0.9634 - auc: 0.9957 - loss: 0.0846
Epoch 126: val_acc did not improve from 0.89841
50/50 ???????????????????? 3s 59ms/step - acc: 0.9634 - auc: 0.9957 - loss: 0.0848 - val_acc: 0.8876 - val_auc: 0.9538 - val_loss: 0.3419
Epoch 127/300
49/50 ???????????????????? 0s 55ms/step - acc: 0.9631 - auc: 0.9944 - loss: 0.0924
Epoch 127: val_acc did not improve from 0.89841
50/50 ???????????????????? 3s 59ms/step - acc: 0.9631 - auc: 0.9944 - loss: 0.0926 - val_acc: 0.8984 - val_auc: 0.9560 - val_loss: 0.3312
Epoch 128/300
49/50 ???????????????????? 0s 55ms/step - acc: 0.9682 - auc: 0.9950 - loss: 0.0872
Epoch 128: val_acc did not improve from 0.89841
50/50 ???????????????????? 3s 59ms/step - acc: 0.9681 - auc: 0.9950 - loss: 0.0873 - val_acc: 0.8965 - val_auc: 0.9549 - val_loss: 0.3373
Epoch 129/300
50/50 ???????????????????? 0s 55ms/step - acc: 0.9640 - auc: 0.9949 - loss: 0.0866
Epoch 129: val_acc did not improve from 0.89841
50/50 ???????????????????? 3s 59ms/step - acc: 0.9640 - auc: 0.9949 - loss: 0.0868 - val_acc: 0.8959 - val_auc: 0.9535 - val_loss: 0.3362
Epoch 130/300
49/50 ???????????????????? 0s 56ms/step - acc: 0.9678 - auc: 0.9959 - loss: 0.0820
Epoch 130: val_acc did not improve from 0.89841
50/50 ???????????????????? 3s 59ms/step - acc: 0.9678 - auc: 0.9959 - loss: 0.0820 - val_acc: 0.8933 - val_auc: 0.9531 - val_loss: 0.3547
Epoch 131/300
49/50 ???????????????????? 0s 57ms/step - acc: 0.9664 - auc: 0.9949 - loss: 0.0888
Epoch 131: val_acc did not improve from 0.89841
50/50 ???????????????????? 3s 60ms/step - acc: 0.9665 - auc: 0.9949 - loss: 0.0887 - val_acc: 0.8959 - val_auc: 0.9573 - val_loss: 0.3201
Epoch 132/300
49/50 ???????????????????? 0s 57ms/step - acc: 0.9721 - auc: 0.9960 - loss: 0.0807
Epoch 132: val_acc did not improve from 0.89841
50/50 ???????????????????? 3s 61ms/step - acc: 0.9720 - auc: 0.9960 - loss: 0.0809 - val_acc: 0.8889 - val_auc: 0.9554 - val_loss: 0.3413
Epoch 133/300
49/50 ???????????????????? 0s 57ms/step - acc: 0.9707 - auc: 0.9953 - loss: 0.0850
Epoch 133: val_acc did not improve from 0.89841
50/50 ???????????????????? 3s 61ms/step - acc: 0.9706 - auc: 0.9953 - loss: 0.0851 - val_acc: 0.8965 - val_auc: 0.9527 - val_loss: 0.3419
Epoch 134/300
49/50 ???????????????????? 0s 56ms/step - acc: 0.9650 - auc: 0.9953 - loss: 0.0865
Epoch 134: val_acc did not improve from 0.89841
50/50 ???????????????????? 3s 60ms/step - acc: 0.9650 - auc: 0.9953 - loss: 0.0865 - val_acc: 0.8883 - val_auc: 0.9536 - val_loss: 0.3493
Epoch 135/300
49/50 ???????????????????? 0s 57ms/step - acc: 0.9603 - auc: 0.9945 - loss: 0.0955
Epoch 135: val_acc did not improve from 0.89841
50/50 ???????????????????? 3s 60ms/step - acc: 0.9605 - auc: 0.9945 - loss: 0.0951 - val_acc: 0.8952 - val_auc: 0.9537 - val_loss: 0.3596
Epoch 136/300
49/50 ???????????????????? 0s 55ms/step - acc: 0.9670 - auc: 0.9958 - loss: 0.0814
Epoch 136: val_acc did not improve from 0.89841
50/50 ???????????????????? 3s 58ms/step - acc: 0.9668 - auc: 0.9957 - loss: 0.0818 - val_acc: 0.8933 - val_auc: 0.9526 - val_loss: 0.3460
Epoch 137/300
49/50 ???????????????????? 0s 56ms/step - acc: 0.9631 - auc: 0.9944 - loss: 0.0921
Epoch 137: val_acc did not improve from 0.89841
50/50 ???????????????????? 3s 59ms/step - acc: 0.9632 - auc: 0.9944 - loss: 0.0921 - val_acc: 0.8889 - val_auc: 0.9545 - val_loss: 0.3475
Epoch 138/300
49/50 ???????????????????? 0s 58ms/step - acc: 0.9668 - auc: 0.9960 - loss: 0.0800
Epoch 138: val_acc did not improve from 0.89841
50/50 ???????????????????? 3s 62ms/step - acc: 0.9669 - auc: 0.9960 - loss: 0.0799 - val_acc: 0.8927 - val_auc: 0.9545 - val_loss: 0.3421
Epoch 139/300
49/50 ???????????????????? 0s 58ms/step - acc: 0.9751 - auc: 0.9967 - loss: 0.0718
Epoch 139: val_acc did not improve from 0.89841
50/50 ???????????????????? 3s 61ms/step - acc: 0.9750 - auc: 0.9967 - loss: 0.0720 - val_acc: 0.8946 - val_auc: 0.9527 - val_loss: 0.3552
Epoch 140/300
49/50 ???????????????????? 0s 56ms/step - acc: 0.9677 - auc: 0.9956 - loss: 0.0827
Epoch 140: val_acc did not improve from 0.89841
50/50 ???????????????????? 3s 59ms/step - acc: 0.9677 - auc: 0.9956 - loss: 0.0827 - val_acc: 0.8908 - val_auc: 0.9563 - val_loss: 0.3342
Epoch 141/300
49/50 ???????????????????? 0s 57ms/step - acc: 0.9735 - auc: 0.9968 - loss: 0.0715
Epoch 141: val_acc did not improve from 0.89841
50/50 ???????????????????? 3s 61ms/step - acc: 0.9733 - auc: 0.9968 - loss: 0.0718 - val_acc: 0.8921 - val_auc: 0.9541 - val_loss: 0.3385
Epoch 142/300
49/50 ???????????????????? 0s 56ms/step - acc: 0.9706 - auc: 0.9963 - loss: 0.0763
Epoch 142: val_acc did not improve from 0.89841
50/50 ???????????????????? 3s 59ms/step - acc: 0.9705 - auc: 0.9963 - loss: 0.0764 - val_acc: 0.8902 - val_auc: 0.9503 - val_loss: 0.3722
Epoch 143/300
49/50 ???????????????????? 0s 56ms/step - acc: 0.9649 - auc: 0.9956 - loss: 0.0849
Epoch 143: val_acc did not improve from 0.89841
50/50 ???????????????????? 3s 59ms/step - acc: 0.9649 - auc: 0.9956 - loss: 0.0849 - val_acc: 0.8902 - val_auc: 0.9517 - val_loss: 0.3698
Epoch 144/300
50/50 ???????????????????? 0s 54ms/step - acc: 0.9673 - auc: 0.9957 - loss: 0.0813
Epoch 144: val_acc did not improve from 0.89841
50/50 ???????????????????? 3s 59ms/step - acc: 0.9673 - auc: 0.9957 - loss: 0.0813 - val_acc: 0.8927 - val_auc: 0.9498 - val_loss: 0.3671
Epoch 145/300
49/50 ???????????????????? 0s 56ms/step - acc: 0.9675 - auc: 0.9958 - loss: 0.0819
Epoch 145: val_acc did not improve from 0.89841
50/50 ???????????????????? 3s 60ms/step - acc: 0.9674 - auc: 0.9958 - loss: 0.0821 - val_acc: 0.8927 - val_auc: 0.9541 - val_loss: 0.3358
Epoch 146/300
49/50 ???????????????????? 0s 55ms/step - acc: 0.9721 - auc: 0.9967 - loss: 0.0741
Epoch 146: val_acc did not improve from 0.89841
50/50 ???????????????????? 3s 58ms/step - acc: 0.9721 - auc: 0.9967 - loss: 0.0741 - val_acc: 0.8952 - val_auc: 0.9537 - val_loss: 0.3463
Epoch 147/300
49/50 ???????????????????? 0s 56ms/step - acc: 0.9660 - auc: 0.9955 - loss: 0.0838
Epoch 147: val_acc did not improve from 0.89841
50/50 ???????????????????? 3s 60ms/step - acc: 0.9660 - auc: 0.9955 - loss: 0.0837 - val_acc: 0.8895 - val_auc: 0.9531 - val_loss: 0.3650
Epoch 148/300
49/50 ???????????????????? 0s 55ms/step - acc: 0.9722 - auc: 0.9966 - loss: 0.0726
Epoch 148: val_acc did not improve from 0.89841
50/50 ???????????????????? 3s 58ms/step - acc: 0.9722 - auc: 0.9966 - loss: 0.0727 - val_acc: 0.8933 - val_auc: 0.9540 - val_loss: 0.3613
Epoch 149/300
49/50 ???????????????????? 0s 55ms/step - acc: 0.9743 - auc: 0.9969 - loss: 0.0699
Epoch 149: val_acc did not improve from 0.89841
50/50 ???????????????????? 3s 58ms/step - acc: 0.9743 - auc: 0.9969 - loss: 0.0699 - val_acc: 0.8978 - val_auc: 0.9546 - val_loss: 0.3593
Epoch 150/300
49/50 ???????????????????? 0s 57ms/step - acc: 0.9742 - auc: 0.9973 - loss: 0.0642
Epoch 150: val_acc improved from 0.89841 to 0.89968, saving model to saved_models/best_MACSynDCR_CNN_model.keras
50/50 ???????????????????? 3s 62ms/step - acc: 0.9741 - auc: 0.9973 - loss: 0.0644 - val_acc: 0.8997 - val_auc: 0.9554 - val_loss: 0.3383
Epoch 151/300
49/50 ???????????????????? 0s 56ms/step - acc: 0.9699 - auc: 0.9961 - loss: 0.0756
Epoch 151: val_acc did not improve from 0.89968
50/50 ???????????????????? 3s 59ms/step - acc: 0.9699 - auc: 0.9961 - loss: 0.0756 - val_acc: 0.8940 - val_auc: 0.9535 - val_loss: 0.3581
Epoch 152/300
49/50 ???????????????????? 0s 57ms/step - acc: 0.9744 - auc: 0.9970 - loss: 0.0687
Epoch 152: val_acc did not improve from 0.89968
50/50 ???????????????????? 3s 60ms/step - acc: 0.9744 - auc: 0.9970 - loss: 0.0686 - val_acc: 0.8940 - val_auc: 0.9497 - val_loss: 0.3719
Epoch 153/300
49/50 ???????????????????? 0s 56ms/step - acc: 0.9726 - auc: 0.9963 - loss: 0.0728
Epoch 153: val_acc did not improve from 0.89968
50/50 ???????????????????? 3s 59ms/step - acc: 0.9726 - auc: 0.9964 - loss: 0.0727 - val_acc: 0.8959 - val_auc: 0.9522 - val_loss: 0.3838
Epoch 154/300
49/50 ???????????????????? 0s 58ms/step - acc: 0.9708 - auc: 0.9965 - loss: 0.0717
Epoch 154: val_acc did not improve from 0.89968
50/50 ???????????????????? 3s 61ms/step - acc: 0.9709 - auc: 0.9965 - loss: 0.0717 - val_acc: 0.8889 - val_auc: 0.9506 - val_loss: 0.3863
Epoch 155/300
49/50 ???????????????????? 0s 57ms/step - acc: 0.9697 - auc: 0.9962 - loss: 0.0770
Epoch 155: val_acc did not improve from 0.89968
50/50 ???????????????????? 3s 61ms/step - acc: 0.9697 - auc: 0.9962 - loss: 0.0771 - val_acc: 0.8940 - val_auc: 0.9557 - val_loss: 0.3487
Epoch 156/300
49/50 ???????????????????? 0s 57ms/step - acc: 0.9735 - auc: 0.9969 - loss: 0.0708
Epoch 156: val_acc did not improve from 0.89968
50/50 ???????????????????? 3s 61ms/step - acc: 0.9735 - auc: 0.9969 - loss: 0.0707 - val_acc: 0.8946 - val_auc: 0.9550 - val_loss: 0.3523
Epoch 157/300
49/50 ???????????????????? 0s 59ms/step - acc: 0.9725 - auc: 0.9970 - loss: 0.0700
Epoch 157: val_acc did not improve from 0.89968
50/50 ???????????????????? 3s 62ms/step - acc: 0.9724 - auc: 0.9970 - loss: 0.0702 - val_acc: 0.8902 - val_auc: 0.9528 - val_loss: 0.3596
Epoch 158/300
49/50 ???????????????????? 0s 60ms/step - acc: 0.9727 - auc: 0.9968 - loss: 0.0709
Epoch 158: val_acc did not improve from 0.89968
50/50 ???????????????????? 3s 63ms/step - acc: 0.9726 - auc: 0.9967 - loss: 0.0711 - val_acc: 0.8971 - val_auc: 0.9558 - val_loss: 0.3392
Epoch 159/300
49/50 ???????????????????? 0s 58ms/step - acc: 0.9723 - auc: 0.9975 - loss: 0.0642
Epoch 159: val_acc did not improve from 0.89968
50/50 ???????????????????? 3s 62ms/step - acc: 0.9722 - auc: 0.9975 - loss: 0.0643 - val_acc: 0.8971 - val_auc: 0.9551 - val_loss: 0.3564
Epoch 160/300
49/50 ???????????????????? 0s 58ms/step - acc: 0.9756 - auc: 0.9971 - loss: 0.0669
Epoch 160: val_acc did not improve from 0.89968
50/50 ???????????????????? 3s 61ms/step - acc: 0.9755 - auc: 0.9971 - loss: 0.0669 - val_acc: 0.8952 - val_auc: 0.9554 - val_loss: 0.3571
Epoch 161/300
49/50 ???????????????????? 0s 56ms/step - acc: 0.9787 - auc: 0.9977 - loss: 0.0609
Epoch 161: val_acc did not improve from 0.89968
50/50 ???????????????????? 3s 60ms/step - acc: 0.9787 - auc: 0.9976 - loss: 0.0611 - val_acc: 0.8921 - val_auc: 0.9523 - val_loss: 0.3794
Epoch 162/300
49/50 ???????????????????? 0s 57ms/step - acc: 0.9754 - auc: 0.9969 - loss: 0.0679
Epoch 162: val_acc improved from 0.89968 to 0.90603, saving model to saved_models/best_MACSynDCR_CNN_model.keras
50/50 ???????????????????? 3s 61ms/step - acc: 0.9753 - auc: 0.9969 - loss: 0.0679 - val_acc: 0.9060 - val_auc: 0.9561 - val_loss: 0.3403
Epoch 163/300
49/50 ???????????????????? 0s 55ms/step - acc: 0.9767 - auc: 0.9976 - loss: 0.0618
Epoch 163: val_acc did not improve from 0.90603
50/50 ???????????????????? 3s 58ms/step - acc: 0.9767 - auc: 0.9976 - loss: 0.0619 - val_acc: 0.8978 - val_auc: 0.9551 - val_loss: 0.3623
Epoch 164/300
49/50 ???????????????????? 0s 56ms/step - acc: 0.9767 - auc: 0.9982 - loss: 0.0546
Epoch 164: val_acc did not improve from 0.90603
50/50 ???????????????????? 3s 60ms/step - acc: 0.9766 - auc: 0.9982 - loss: 0.0547 - val_acc: 0.8933 - val_auc: 0.9547 - val_loss: 0.3638
Epoch 165/300
49/50 ???????????????????? 0s 56ms/step - acc: 0.9759 - auc: 0.9977 - loss: 0.0593
Epoch 165: val_acc improved from 0.90603 to 0.90794, saving model to saved_models/best_MACSynDCR_CNN_model.keras
50/50 ???????????????????? 3s 61ms/step - acc: 0.9759 - auc: 0.9977 - loss: 0.0593 - val_acc: 0.9079 - val_auc: 0.9556 - val_loss: 0.3444
Epoch 166/300
49/50 ???????????????????? 0s 57ms/step - acc: 0.9702 - auc: 0.9966 - loss: 0.0723
Epoch 166: val_acc did not improve from 0.90794
50/50 ???????????????????? 3s 61ms/step - acc: 0.9702 - auc: 0.9966 - loss: 0.0724 - val_acc: 0.8971 - val_auc: 0.9530 - val_loss: 0.3552
Epoch 167/300
49/50 ???????????????????? 0s 55ms/step - acc: 0.9769 - auc: 0.9981 - loss: 0.0565
Epoch 167: val_acc did not improve from 0.90794
50/50 ???????????????????? 3s 59ms/step - acc: 0.9769 - auc: 0.9981 - loss: 0.0565 - val_acc: 0.8914 - val_auc: 0.9546 - val_loss: 0.3627
Epoch 168/300
49/50 ???????????????????? 0s 55ms/step - acc: 0.9764 - auc: 0.9975 - loss: 0.0618
Epoch 168: val_acc did not improve from 0.90794
50/50 ???????????????????? 3s 59ms/step - acc: 0.9763 - auc: 0.9975 - loss: 0.0618 - val_acc: 0.8889 - val_auc: 0.9529 - val_loss: 0.3699
Epoch 169/300
49/50 ???????????????????? 0s 55ms/step - acc: 0.9756 - auc: 0.9975 - loss: 0.0626
Epoch 169: val_acc did not improve from 0.90794
50/50 ???????????????????? 3s 59ms/step - acc: 0.9756 - auc: 0.9975 - loss: 0.0626 - val_acc: 0.8990 - val_auc: 0.9521 - val_loss: 0.3865
Epoch 170/300
50/50 ???????????????????? 0s 54ms/step - acc: 0.9739 - auc: 0.9972 - loss: 0.0633
Epoch 170: val_acc did not improve from 0.90794
50/50 ???????????????????? 3s 58ms/step - acc: 0.9739 - auc: 0.9972 - loss: 0.0633 - val_acc: 0.8971 - val_auc: 0.9540 - val_loss: 0.3726
Epoch 171/300
49/50 ???????????????????? 0s 57ms/step - acc: 0.9789 - auc: 0.9975 - loss: 0.0604
Epoch 171: val_acc did not improve from 0.90794
50/50 ???????????????????? 3s 60ms/step - acc: 0.9789 - auc: 0.9975 - loss: 0.0603 - val_acc: 0.8978 - val_auc: 0.9522 - val_loss: 0.3769
Epoch 172/300
49/50 ???????????????????? 0s 54ms/step - acc: 0.9780 - auc: 0.9973 - loss: 0.0597
Epoch 172: val_acc did not improve from 0.90794
50/50 ???????????????????? 3s 58ms/step - acc: 0.9780 - auc: 0.9973 - loss: 0.0597 - val_acc: 0.8984 - val_auc: 0.9533 - val_loss: 0.3824
Epoch 173/300
49/50 ???????????????????? 0s 56ms/step - acc: 0.9774 - auc: 0.9979 - loss: 0.0557
Epoch 173: val_acc did not improve from 0.90794
50/50 ???????????????????? 3s 60ms/step - acc: 0.9773 - auc: 0.9979 - loss: 0.0561 - val_acc: 0.9010 - val_auc: 0.9536 - val_loss: 0.3701
Epoch 174/300
49/50 ???????????????????? 0s 56ms/step - acc: 0.9776 - auc: 0.9975 - loss: 0.0611
Epoch 174: val_acc did not improve from 0.90794
50/50 ???????????????????? 3s 59ms/step - acc: 0.9776 - auc: 0.9975 - loss: 0.0609 - val_acc: 0.8952 - val_auc: 0.9522 - val_loss: 0.3892
Epoch 175/300
49/50 ???????????????????? 0s 57ms/step - acc: 0.9772 - auc: 0.9977 - loss: 0.0594
Epoch 175: val_acc did not improve from 0.90794
50/50 ???????????????????? 3s 62ms/step - acc: 0.9772 - auc: 0.9977 - loss: 0.0596 - val_acc: 0.8959 - val_auc: 0.9542 - val_loss: 0.3613
Epoch 176/300
50/50 ???????????????????? 0s 56ms/step - acc: 0.9800 - auc: 0.9984 - loss: 0.0518
Epoch 176: val_acc did not improve from 0.90794
50/50 ???????????????????? 3s 60ms/step - acc: 0.9799 - auc: 0.9984 - loss: 0.0519 - val_acc: 0.8946 - val_auc: 0.9498 - val_loss: 0.4062
Epoch 177/300
49/50 ???????????????????? 0s 58ms/step - acc: 0.9757 - auc: 0.9970 - loss: 0.0620
Epoch 177: val_acc did not improve from 0.90794
50/50 ???????????????????? 3s 61ms/step - acc: 0.9758 - auc: 0.9970 - loss: 0.0617 - val_acc: 0.8940 - val_auc: 0.9518 - val_loss: 0.3720
Epoch 178/300
49/50 ???????????????????? 0s 60ms/step - acc: 0.9754 - auc: 0.9971 - loss: 0.0642
Epoch 178: val_acc did not improve from 0.90794
50/50 ???????????????????? 3s 64ms/step - acc: 0.9755 - auc: 0.9971 - loss: 0.0640 - val_acc: 0.8984 - val_auc: 0.9515 - val_loss: 0.3939
Epoch 179/300
49/50 ???????????????????? 0s 56ms/step - acc: 0.9736 - auc: 0.9976 - loss: 0.0624
Epoch 179: val_acc did not improve from 0.90794
50/50 ???????????????????? 3s 59ms/step - acc: 0.9737 - auc: 0.9976 - loss: 0.0621 - val_acc: 0.9022 - val_auc: 0.9537 - val_loss: 0.3870
Epoch 180/300
49/50 ???????????????????? 0s 56ms/step - acc: 0.9816 - auc: 0.9975 - loss: 0.0531
Epoch 180: val_acc did not improve from 0.90794
50/50 ???????????????????? 3s 60ms/step - acc: 0.9815 - auc: 0.9975 - loss: 0.0532 - val_acc: 0.8997 - val_auc: 0.9536 - val_loss: 0.3761
Epoch 181/300
49/50 ???????????????????? 0s 57ms/step - acc: 0.9788 - auc: 0.9981 - loss: 0.0533
Epoch 181: val_acc did not improve from 0.90794
50/50 ???????????????????? 3s 60ms/step - acc: 0.9787 - auc: 0.9980 - loss: 0.0536 - val_acc: 0.9010 - val_auc: 0.9519 - val_loss: 0.3757
Epoch 182/300
50/50 ???????????????????? 0s 56ms/step - acc: 0.9743 - auc: 0.9978 - loss: 0.0592
Epoch 182: val_acc did not improve from 0.90794
50/50 ???????????????????? 3s 60ms/step - acc: 0.9744 - auc: 0.9978 - loss: 0.0592 - val_acc: 0.8940 - val_auc: 0.9484 - val_loss: 0.4087
Epoch 183/300
49/50 ???????????????????? 0s 55ms/step - acc: 0.9794 - auc: 0.9982 - loss: 0.0533
Epoch 183: val_acc did not improve from 0.90794
50/50 ???????????????????? 3s 58ms/step - acc: 0.9794 - auc: 0.9982 - loss: 0.0534 - val_acc: 0.9003 - val_auc: 0.9539 - val_loss: 0.3848
Epoch 184/300
50/50 ???????????????????? 0s 53ms/step - acc: 0.9801 - auc: 0.9979 - loss: 0.0538
Epoch 184: val_acc did not improve from 0.90794
50/50 ???????????????????? 3s 57ms/step - acc: 0.9802 - auc: 0.9979 - loss: 0.0537 - val_acc: 0.8997 - val_auc: 0.9533 - val_loss: 0.3916
Epoch 185/300
49/50 ???????????????????? 0s 56ms/step - acc: 0.9785 - auc: 0.9970 - loss: 0.0645
Epoch 185: val_acc did not improve from 0.90794
50/50 ???????????????????? 3s 60ms/step - acc: 0.9785 - auc: 0.9970 - loss: 0.0644 - val_acc: 0.8978 - val_auc: 0.9528 - val_loss: 0.3992
Epoch 186/300
49/50 ???????????????????? 0s 55ms/step - acc: 0.9808 - auc: 0.9983 - loss: 0.0523
Epoch 186: val_acc did not improve from 0.90794
50/50 ???????????????????? 3s 59ms/step - acc: 0.9808 - auc: 0.9983 - loss: 0.0525 - val_acc: 0.9067 - val_auc: 0.9564 - val_loss: 0.3622
Epoch 187/300
49/50 ???????????????????? 0s 57ms/step - acc: 0.9717 - auc: 0.9963 - loss: 0.0703
Epoch 187: val_acc did not improve from 0.90794
50/50 ???????????????????? 3s 61ms/step - acc: 0.9718 - auc: 0.9963 - loss: 0.0700 - val_acc: 0.8959 - val_auc: 0.9520 - val_loss: 0.3877
Epoch 188/300
49/50 ???????????????????? 0s 54ms/step - acc: 0.9817 - auc: 0.9979 - loss: 0.0534
Epoch 188: val_acc did not improve from 0.90794
50/50 ???????????????????? 3s 58ms/step - acc: 0.9815 - auc: 0.9979 - loss: 0.0537 - val_acc: 0.8990 - val_auc: 0.9533 - val_loss: 0.3806
Epoch 189/300
49/50 ???????????????????? 0s 56ms/step - acc: 0.9770 - auc: 0.9981 - loss: 0.0527
Epoch 189: val_acc did not improve from 0.90794
50/50 ???????????????????? 3s 59ms/step - acc: 0.9771 - auc: 0.9981 - loss: 0.0526 - val_acc: 0.8984 - val_auc: 0.9534 - val_loss: 0.3912
Epoch 190/300
49/50 ???????????????????? 0s 55ms/step - acc: 0.9804 - auc: 0.9974 - loss: 0.0561
Epoch 190: val_acc did not improve from 0.90794
50/50 ???????????????????? 3s 58ms/step - acc: 0.9804 - auc: 0.9974 - loss: 0.0560 - val_acc: 0.8902 - val_auc: 0.9487 - val_loss: 0.3998
Epoch 191/300
49/50 ???????????????????? 0s 56ms/step - acc: 0.9810 - auc: 0.9979 - loss: 0.0531
Epoch 191: val_acc did not improve from 0.90794
50/50 ???????????????????? 3s 59ms/step - acc: 0.9811 - auc: 0.9979 - loss: 0.0530 - val_acc: 0.8959 - val_auc: 0.9478 - val_loss: 0.4226
Epoch 192/300
49/50 ???????????????????? 0s 55ms/step - acc: 0.9804 - auc: 0.9984 - loss: 0.0504
Epoch 192: val_acc did not improve from 0.90794
50/50 ???????????????????? 3s 58ms/step - acc: 0.9804 - auc: 0.9984 - loss: 0.0503 - val_acc: 0.8933 - val_auc: 0.9491 - val_loss: 0.4071
Epoch 193/300
49/50 ???????????????????? 0s 56ms/step - acc: 0.9794 - auc: 0.9980 - loss: 0.0540
Epoch 193: val_acc did not improve from 0.90794
50/50 ???????????????????? 3s 59ms/step - acc: 0.9794 - auc: 0.9980 - loss: 0.0542 - val_acc: 0.9016 - val_auc: 0.9534 - val_loss: 0.3843
Epoch 194/300
49/50 ???????????????????? 0s 56ms/step - acc: 0.9804 - auc: 0.9988 - loss: 0.0452
Epoch 194: val_acc did not improve from 0.90794
50/50 ???????????????????? 3s 59ms/step - acc: 0.9804 - auc: 0.9988 - loss: 0.0453 - val_acc: 0.8990 - val_auc: 0.9528 - val_loss: 0.3986
Epoch 195/300
50/50 ???????????????????? 0s 55ms/step - acc: 0.9800 - auc: 0.9983 - loss: 0.0517
Epoch 195: val_acc did not improve from 0.90794
50/50 ???????????????????? 3s 59ms/step - acc: 0.9800 - auc: 0.9983 - loss: 0.0518 - val_acc: 0.8971 - val_auc: 0.9528 - val_loss: 0.3888
Epoch 196/300
49/50 ???????????????????? 0s 57ms/step - acc: 0.9812 - auc: 0.9984 - loss: 0.0490
Epoch 196: val_acc did not improve from 0.90794
50/50 ???????????????????? 3s 60ms/step - acc: 0.9811 - auc: 0.9984 - loss: 0.0491 - val_acc: 0.8978 - val_auc: 0.9531 - val_loss: 0.3980
Epoch 197/300
49/50 ???????????????????? 0s 58ms/step - acc: 0.9789 - auc: 0.9982 - loss: 0.0501
Epoch 197: val_acc did not improve from 0.90794
50/50 ???????????????????? 3s 62ms/step - acc: 0.9789 - auc: 0.9982 - loss: 0.0502 - val_acc: 0.9029 - val_auc: 0.9520 - val_loss: 0.3793
Epoch 198/300
49/50 ???????????????????? 0s 60ms/step - acc: 0.9793 - auc: 0.9969 - loss: 0.0579
Epoch 198: val_acc did not improve from 0.90794
50/50 ???????????????????? 3s 64ms/step - acc: 0.9794 - auc: 0.9970 - loss: 0.0577 - val_acc: 0.9041 - val_auc: 0.9537 - val_loss: 0.3664
Epoch 199/300
49/50 ???????????????????? 0s 57ms/step - acc: 0.9799 - auc: 0.9974 - loss: 0.0557
Epoch 199: val_acc did not improve from 0.90794
50/50 ???????????????????? 3s 61ms/step - acc: 0.9799 - auc: 0.9975 - loss: 0.0557 - val_acc: 0.9029 - val_auc: 0.9522 - val_loss: 0.3927
Epoch 200/300
49/50 ???????????????????? 0s 57ms/step - acc: 0.9806 - auc: 0.9982 - loss: 0.0509
Epoch 200: val_acc did not improve from 0.90794
50/50 ???????????????????? 3s 61ms/step - acc: 0.9806 - auc: 0.9982 - loss: 0.0508 - val_acc: 0.9060 - val_auc: 0.9535 - val_loss: 0.3817
Epoch 201/300
50/50 ???????????????????? 0s 56ms/step - acc: 0.9780 - auc: 0.9965 - loss: 0.0612
Epoch 201: val_acc did not improve from 0.90794
50/50 ???????????????????? 3s 60ms/step - acc: 0.9781 - auc: 0.9965 - loss: 0.0610 - val_acc: 0.9054 - val_auc: 0.9562 - val_loss: 0.3605
Epoch 202/300
49/50 ???????????????????? 0s 57ms/step - acc: 0.9793 - auc: 0.9978 - loss: 0.0547
Epoch 202: val_acc did not improve from 0.90794
50/50 ???????????????????? 3s 60ms/step - acc: 0.9794 - auc: 0.9978 - loss: 0.0545 - val_acc: 0.9035 - val_auc: 0.9535 - val_loss: 0.3865
Epoch 203/300
50/50 ???????????????????? 0s 55ms/step - acc: 0.9845 - auc: 0.9990 - loss: 0.0400
Epoch 203: val_acc did not improve from 0.90794
50/50 ???????????????????? 3s 60ms/step - acc: 0.9845 - auc: 0.9990 - loss: 0.0401 - val_acc: 0.9048 - val_auc: 0.9545 - val_loss: 0.3795
Epoch 204/300
49/50 ???????????????????? 0s 55ms/step - acc: 0.9819 - auc: 0.9982 - loss: 0.0505
Epoch 204: val_acc did not improve from 0.90794
50/50 ???????????????????? 3s 59ms/step - acc: 0.9819 - auc: 0.9982 - loss: 0.0506 - val_acc: 0.9073 - val_auc: 0.9542 - val_loss: 0.3796
Epoch 205/300
49/50 ???????????????????? 0s 56ms/step - acc: 0.9801 - auc: 0.9982 - loss: 0.0525
Epoch 205: val_acc improved from 0.90794 to 0.90857, saving model to saved_models/best_MACSynDCR_CNN_model.keras
50/50 ???????????????????? 3s 60ms/step - acc: 0.9802 - auc: 0.9983 - loss: 0.0524 - val_acc: 0.9086 - val_auc: 0.9557 - val_loss: 0.3798
Epoch 206/300
49/50 ???????????????????? 0s 55ms/step - acc: 0.9792 - auc: 0.9980 - loss: 0.0548
Epoch 206: val_acc did not improve from 0.90857
50/50 ???????????????????? 3s 58ms/step - acc: 0.9793 - auc: 0.9981 - loss: 0.0546 - val_acc: 0.9041 - val_auc: 0.9570 - val_loss: 0.3834
Epoch 207/300
49/50 ???????????????????? 0s 55ms/step - acc: 0.9812 - auc: 0.9977 - loss: 0.0536
Epoch 207: val_acc did not improve from 0.90857
50/50 ???????????????????? 3s 59ms/step - acc: 0.9811 - auc: 0.9976 - loss: 0.0539 - val_acc: 0.9060 - val_auc: 0.9558 - val_loss: 0.3704
Epoch 208/300
49/50 ???????????????????? 0s 58ms/step - acc: 0.9794 - auc: 0.9983 - loss: 0.0527
Epoch 208: val_acc did not improve from 0.90857
50/50 ???????????????????? 3s 61ms/step - acc: 0.9794 - auc: 0.9983 - loss: 0.0526 - val_acc: 0.9022 - val_auc: 0.9572 - val_loss: 0.3607
Epoch 209/300
49/50 ???????????????????? 0s 55ms/step - acc: 0.9868 - auc: 0.9989 - loss: 0.0396
Epoch 209: val_acc did not improve from 0.90857
50/50 ???????????????????? 3s 58ms/step - acc: 0.9868 - auc: 0.9988 - loss: 0.0397 - val_acc: 0.9016 - val_auc: 0.9545 - val_loss: 0.3970
Epoch 210/300
50/50 ???????????????????? 0s 55ms/step - acc: 0.9826 - auc: 0.9982 - loss: 0.0490
Epoch 210: val_acc did not improve from 0.90857
50/50 ???????????????????? 3s 60ms/step - acc: 0.9825 - auc: 0.9982 - loss: 0.0490 - val_acc: 0.9048 - val_auc: 0.9551 - val_loss: 0.3954
Epoch 211/300
50/50 ???????????????????? 0s 53ms/step - acc: 0.9823 - auc: 0.9977 - loss: 0.0507
Epoch 211: val_acc improved from 0.90857 to 0.90921, saving model to saved_models/best_MACSynDCR_CNN_model.keras
50/50 ???????????????????? 3s 59ms/step - acc: 0.9823 - auc: 0.9977 - loss: 0.0506 - val_acc: 0.9092 - val_auc: 0.9592 - val_loss: 0.3588
Epoch 212/300
49/50 ???????????????????? 0s 55ms/step - acc: 0.9853 - auc: 0.9986 - loss: 0.0431
Epoch 212: val_acc did not improve from 0.90921
50/50 ???????????????????? 3s 59ms/step - acc: 0.9853 - auc: 0.9986 - loss: 0.0431 - val_acc: 0.9079 - val_auc: 0.9584 - val_loss: 0.3699
Epoch 213/300
49/50 ???????????????????? 0s 56ms/step - acc: 0.9811 - auc: 0.9982 - loss: 0.0501
Epoch 213: val_acc did not improve from 0.90921
50/50 ???????????????????? 3s 59ms/step - acc: 0.9811 - auc: 0.9982 - loss: 0.0500 - val_acc: 0.9048 - val_auc: 0.9583 - val_loss: 0.3721
Epoch 214/300
49/50 ???????????????????? 0s 55ms/step - acc: 0.9799 - auc: 0.9981 - loss: 0.0487
Epoch 214: val_acc improved from 0.90921 to 0.91111, saving model to saved_models/best_MACSynDCR_CNN_model.keras
50/50 ???????????????????? 3s 60ms/step - acc: 0.9800 - auc: 0.9981 - loss: 0.0486 - val_acc: 0.9111 - val_auc: 0.9569 - val_loss: 0.3730
Epoch 215/300
49/50 ???????????????????? 0s 55ms/step - acc: 0.9792 - auc: 0.9976 - loss: 0.0583
Epoch 215: val_acc did not improve from 0.91111
50/50 ???????????????????? 3s 58ms/step - acc: 0.9793 - auc: 0.9976 - loss: 0.0581 - val_acc: 0.9048 - val_auc: 0.9505 - val_loss: 0.4101
Epoch 216/300
49/50 ???????????????????? 0s 55ms/step - acc: 0.9849 - auc: 0.9984 - loss: 0.0415
Epoch 216: val_acc did not improve from 0.91111
50/50 ???????????????????? 3s 59ms/step - acc: 0.9848 - auc: 0.9984 - loss: 0.0417 - val_acc: 0.9092 - val_auc: 0.9569 - val_loss: 0.3662
Epoch 217/300
49/50 ???????????????????? 0s 57ms/step - acc: 0.9848 - auc: 0.9988 - loss: 0.0421
Epoch 217: val_acc did not improve from 0.91111
50/50 ???????????????????? 3s 60ms/step - acc: 0.9847 - auc: 0.9988 - loss: 0.0422 - val_acc: 0.9029 - val_auc: 0.9549 - val_loss: 0.3761
Epoch 218/300
49/50 ???????????????????? 0s 60ms/step - acc: 0.9827 - auc: 0.9987 - loss: 0.0417
Epoch 218: val_acc did not improve from 0.91111
50/50 ???????????????????? 3s 64ms/step - acc: 0.9827 - auc: 0.9987 - loss: 0.0417 - val_acc: 0.9022 - val_auc: 0.9550 - val_loss: 0.3776
Epoch 219/300
49/50 ???????????????????? 0s 59ms/step - acc: 0.9825 - auc: 0.9985 - loss: 0.0450
Epoch 219: val_acc did not improve from 0.91111
50/50 ???????????????????? 3s 63ms/step - acc: 0.9825 - auc: 0.9985 - loss: 0.0451 - val_acc: 0.9054 - val_auc: 0.9537 - val_loss: 0.3961
Epoch 220/300
49/50 ???????????????????? 0s 55ms/step - acc: 0.9850 - auc: 0.9990 - loss: 0.0409
Epoch 220: val_acc did not improve from 0.91111
50/50 ???????????????????? 3s 58ms/step - acc: 0.9849 - auc: 0.9990 - loss: 0.0411 - val_acc: 0.9022 - val_auc: 0.9551 - val_loss: 0.3733
Epoch 221/300
50/50 ???????????????????? 0s 58ms/step - acc: 0.9814 - auc: 0.9985 - loss: 0.0496
Epoch 221: val_acc did not improve from 0.91111
50/50 ???????????????????? 3s 62ms/step - acc: 0.9814 - auc: 0.9985 - loss: 0.0496 - val_acc: 0.9086 - val_auc: 0.9540 - val_loss: 0.3757
Epoch 222/300
49/50 ???????????????????? 0s 56ms/step - acc: 0.9770 - auc: 0.9968 - loss: 0.0644
Epoch 222: val_acc did not improve from 0.91111
50/50 ???????????????????? 3s 59ms/step - acc: 0.9770 - auc: 0.9968 - loss: 0.0643 - val_acc: 0.9067 - val_auc: 0.9523 - val_loss: 0.3725
Epoch 223/300
49/50 ???????????????????? 0s 57ms/step - acc: 0.9817 - auc: 0.9986 - loss: 0.0448
Epoch 223: val_acc did not improve from 0.91111
50/50 ???????????????????? 3s 60ms/step - acc: 0.9817 - auc: 0.9986 - loss: 0.0450 - val_acc: 0.9067 - val_auc: 0.9570 - val_loss: 0.3600
Epoch 224/300
49/50 ???????????????????? 0s 57ms/step - acc: 0.9830 - auc: 0.9981 - loss: 0.0476
Epoch 224: val_acc did not improve from 0.91111
50/50 ???????????????????? 3s 60ms/step - acc: 0.9831 - auc: 0.9981 - loss: 0.0474 - val_acc: 0.9105 - val_auc: 0.9582 - val_loss: 0.3486
Epoch 225/300
49/50 ???????????????????? 0s 57ms/step - acc: 0.9816 - auc: 0.9985 - loss: 0.0485
Epoch 225: val_acc did not improve from 0.91111
50/50 ???????????????????? 3s 60ms/step - acc: 0.9817 - auc: 0.9985 - loss: 0.0484 - val_acc: 0.9048 - val_auc: 0.9534 - val_loss: 0.3965
Epoch 226/300
49/50 ???????????????????? 0s 55ms/step - acc: 0.9843 - auc: 0.9983 - loss: 0.0421
Epoch 226: val_acc did not improve from 0.91111
50/50 ???????????????????? 3s 58ms/step - acc: 0.9843 - auc: 0.9983 - loss: 0.0421 - val_acc: 0.9098 - val_auc: 0.9564 - val_loss: 0.3695
Epoch 227/300
49/50 ???????????????????? 0s 55ms/step - acc: 0.9865 - auc: 0.9989 - loss: 0.0411
Epoch 227: val_acc did not improve from 0.91111
50/50 ???????????????????? 3s 58ms/step - acc: 0.9865 - auc: 0.9989 - loss: 0.0412 - val_acc: 0.9086 - val_auc: 0.9562 - val_loss: 0.3710
Epoch 228/300
49/50 ???????????????????? 0s 55ms/step - acc: 0.9817 - auc: 0.9984 - loss: 0.0480
Epoch 228: val_acc did not improve from 0.91111
50/50 ???????????????????? 3s 59ms/step - acc: 0.9818 - auc: 0.9984 - loss: 0.0478 - val_acc: 0.9092 - val_auc: 0.9556 - val_loss: 0.3868
Epoch 229/300
50/50 ???????????????????? 0s 55ms/step - acc: 0.9861 - auc: 0.9991 - loss: 0.0366
Epoch 229: val_acc did not improve from 0.91111
50/50 ???????????????????? 3s 59ms/step - acc: 0.9861 - auc: 0.9991 - loss: 0.0366 - val_acc: 0.9098 - val_auc: 0.9569 - val_loss: 0.3803
Epoch 230/300
49/50 ???????????????????? 0s 55ms/step - acc: 0.9796 - auc: 0.9972 - loss: 0.0577
Epoch 230: val_acc did not improve from 0.91111
50/50 ???????????????????? 3s 59ms/step - acc: 0.9797 - auc: 0.9972 - loss: 0.0574 - val_acc: 0.9098 - val_auc: 0.9560 - val_loss: 0.3804
Epoch 231/300
49/50 ???????????????????? 0s 56ms/step - acc: 0.9849 - auc: 0.9984 - loss: 0.0421
Epoch 231: val_acc did not improve from 0.91111
50/50 ???????????????????? 3s 60ms/step - acc: 0.9849 - auc: 0.9984 - loss: 0.0422 - val_acc: 0.9092 - val_auc: 0.9546 - val_loss: 0.3799
Epoch 232/300
50/50 ???????????????????? 0s 54ms/step - acc: 0.9840 - auc: 0.9989 - loss: 0.0420
Epoch 232: val_acc improved from 0.91111 to 0.91238, saving model to saved_models/best_MACSynDCR_CNN_model.keras
50/50 ???????????????????? 3s 60ms/step - acc: 0.9840 - auc: 0.9989 - loss: 0.0420 - val_acc: 0.9124 - val_auc: 0.9555 - val_loss: 0.3904
Epoch 233/300
49/50 ???????????????????? 0s 56ms/step - acc: 0.9861 - auc: 0.9992 - loss: 0.0373
Epoch 233: val_acc did not improve from 0.91238
50/50 ???????????????????? 3s 60ms/step - acc: 0.9861 - auc: 0.9992 - loss: 0.0374 - val_acc: 0.9010 - val_auc: 0.9528 - val_loss: 0.4051
Epoch 234/300
49/50 ???????????????????? 0s 56ms/step - acc: 0.9849 - auc: 0.9989 - loss: 0.0398
Epoch 234: val_acc did not improve from 0.91238
50/50 ???????????????????? 3s 59ms/step - acc: 0.9849 - auc: 0.9989 - loss: 0.0398 - val_acc: 0.9048 - val_auc: 0.9509 - val_loss: 0.4160
Epoch 235/300
49/50 ???????????????????? 0s 55ms/step - acc: 0.9855 - auc: 0.9989 - loss: 0.0370
Epoch 235: val_acc did not improve from 0.91238
50/50 ???????????????????? 3s 59ms/step - acc: 0.9854 - auc: 0.9989 - loss: 0.0372 - val_acc: 0.9054 - val_auc: 0.9509 - val_loss: 0.4149
Epoch 236/300
49/50 ???????????????????? 0s 56ms/step - acc: 0.9863 - auc: 0.9990 - loss: 0.0377
Epoch 236: val_acc did not improve from 0.91238
50/50 ???????????????????? 3s 59ms/step - acc: 0.9864 - auc: 0.9990 - loss: 0.0376 - val_acc: 0.9060 - val_auc: 0.9539 - val_loss: 0.4098
Epoch 237/300
49/50 ???????????????????? 0s 56ms/step - acc: 0.9874 - auc: 0.9986 - loss: 0.0350
Epoch 237: val_acc did not improve from 0.91238
50/50 ???????????????????? 3s 59ms/step - acc: 0.9873 - auc: 0.9985 - loss: 0.0352 - val_acc: 0.9016 - val_auc: 0.9517 - val_loss: 0.4339
Epoch 238/300
49/50 ???????????????????? 0s 62ms/step - acc: 0.9823 - auc: 0.9978 - loss: 0.0472
Epoch 238: val_acc did not improve from 0.91238
50/50 ???????????????????? 3s 65ms/step - acc: 0.9824 - auc: 0.9978 - loss: 0.0471 - val_acc: 0.9086 - val_auc: 0.9532 - val_loss: 0.4036
Epoch 239/300
49/50 ???????????????????? 0s 56ms/step - acc: 0.9842 - auc: 0.9989 - loss: 0.0410
Epoch 239: val_acc did not improve from 0.91238
50/50 ???????????????????? 3s 59ms/step - acc: 0.9842 - auc: 0.9989 - loss: 0.0410 - val_acc: 0.9054 - val_auc: 0.9539 - val_loss: 0.4114
Epoch 240/300
49/50 ???????????????????? 0s 56ms/step - acc: 0.9867 - auc: 0.9991 - loss: 0.0368
Epoch 240: val_acc did not improve from 0.91238
50/50 ???????????????????? 3s 60ms/step - acc: 0.9866 - auc: 0.9991 - loss: 0.0371 - val_acc: 0.9098 - val_auc: 0.9529 - val_loss: 0.4109
Epoch 241/300
49/50 ???????????????????? 0s 59ms/step - acc: 0.9834 - auc: 0.9980 - loss: 0.0442
Epoch 241: val_acc did not improve from 0.91238
50/50 ???????????????????? 3s 63ms/step - acc: 0.9834 - auc: 0.9980 - loss: 0.0441 - val_acc: 0.8984 - val_auc: 0.9529 - val_loss: 0.3997
Epoch 242/300
49/50 ???????????????????? 0s 57ms/step - acc: 0.9806 - auc: 0.9985 - loss: 0.0471
Epoch 242: val_acc did not improve from 0.91238
50/50 ???????????????????? 3s 61ms/step - acc: 0.9806 - auc: 0.9985 - loss: 0.0472 - val_acc: 0.9029 - val_auc: 0.9542 - val_loss: 0.3853
Epoch 243/300
49/50 ???????????????????? 0s 56ms/step - acc: 0.9896 - auc: 0.9994 - loss: 0.0298
Epoch 243: val_acc did not improve from 0.91238
50/50 ???????????????????? 3s 59ms/step - acc: 0.9896 - auc: 0.9994 - loss: 0.0300 - val_acc: 0.9035 - val_auc: 0.9525 - val_loss: 0.4177
Epoch 244/300
49/50 ???????????????????? 0s 58ms/step - acc: 0.9914 - auc: 0.9994 - loss: 0.0257
Epoch 244: val_acc did not improve from 0.91238
50/50 ???????????????????? 3s 61ms/step - acc: 0.9914 - auc: 0.9994 - loss: 0.0259 - val_acc: 0.9111 - val_auc: 0.9563 - val_loss: 0.3876
Epoch 245/300
49/50 ???????????????????? 0s 58ms/step - acc: 0.9864 - auc: 0.9990 - loss: 0.0376
Epoch 245: val_acc did not improve from 0.91238
50/50 ???????????????????? 3s 62ms/step - acc: 0.9864 - auc: 0.9990 - loss: 0.0376 - val_acc: 0.9073 - val_auc: 0.9543 - val_loss: 0.4166
Epoch 246/300
50/50 ???????????????????? 0s 55ms/step - acc: 0.9856 - auc: 0.9988 - loss: 0.0359
Epoch 246: val_acc did not improve from 0.91238
50/50 ???????????????????? 3s 59ms/step - acc: 0.9856 - auc: 0.9988 - loss: 0.0359 - val_acc: 0.9105 - val_auc: 0.9526 - val_loss: 0.4243
Epoch 247/300
49/50 ???????????????????? 0s 59ms/step - acc: 0.9869 - auc: 0.9989 - loss: 0.0377
Epoch 247: val_acc did not improve from 0.91238
50/50 ???????????????????? 3s 63ms/step - acc: 0.9868 - auc: 0.9989 - loss: 0.0378 - val_acc: 0.9060 - val_auc: 0.9530 - val_loss: 0.4075
Epoch 248/300
49/50 ???????????????????? 0s 60ms/step - acc: 0.9864 - auc: 0.9988 - loss: 0.0395
Epoch 248: val_acc did not improve from 0.91238
50/50 ???????????????????? 3s 64ms/step - acc: 0.9864 - auc: 0.9988 - loss: 0.0395 - val_acc: 0.9098 - val_auc: 0.9534 - val_loss: 0.3886
Epoch 249/300
49/50 ???????????????????? 0s 59ms/step - acc: 0.9846 - auc: 0.9989 - loss: 0.0404
Epoch 249: val_acc did not improve from 0.91238
50/50 ???????????????????? 3s 63ms/step - acc: 0.9845 - auc: 0.9989 - loss: 0.0405 - val_acc: 0.9086 - val_auc: 0.9518 - val_loss: 0.4123
Epoch 250/300
49/50 ???????????????????? 0s 59ms/step - acc: 0.9865 - auc: 0.9994 - loss: 0.0324
Epoch 250: val_acc did not improve from 0.91238
50/50 ???????????????????? 3s 63ms/step - acc: 0.9865 - auc: 0.9994 - loss: 0.0326 - val_acc: 0.9035 - val_auc: 0.9538 - val_loss: 0.3938
Epoch 251/300
49/50 ???????????????????? 0s 56ms/step - acc: 0.9849 - auc: 0.9988 - loss: 0.0402
Epoch 251: val_acc did not improve from 0.91238
50/50 ???????????????????? 3s 61ms/step - acc: 0.9849 - auc: 0.9988 - loss: 0.0401 - val_acc: 0.9048 - val_auc: 0.9586 - val_loss: 0.3720
Epoch 252/300
49/50 ???????????????????? 0s 57ms/step - acc: 0.9834 - auc: 0.9980 - loss: 0.0471
Epoch 252: val_acc did not improve from 0.91238
50/50 ???????????????????? 3s 61ms/step - acc: 0.9834 - auc: 0.9981 - loss: 0.0470 - val_acc: 0.9048 - val_auc: 0.9589 - val_loss: 0.3822
Epoch 253/300
49/50 ???????????????????? 0s 55ms/step - acc: 0.9879 - auc: 0.9989 - loss: 0.0361
Epoch 253: val_acc did not improve from 0.91238
50/50 ???????????????????? 3s 59ms/step - acc: 0.9878 - auc: 0.9989 - loss: 0.0362 - val_acc: 0.9117 - val_auc: 0.9582 - val_loss: 0.3786
Epoch 254/300
49/50 ???????????????????? 0s 55ms/step - acc: 0.9848 - auc: 0.9987 - loss: 0.0424
Epoch 254: val_acc improved from 0.91238 to 0.91302, saving model to saved_models/best_MACSynDCR_CNN_model.keras
50/50 ???????????????????? 3s 60ms/step - acc: 0.9848 - auc: 0.9987 - loss: 0.0425 - val_acc: 0.9130 - val_auc: 0.9587 - val_loss: 0.3670
Epoch 255/300
49/50 ???????????????????? 0s 54ms/step - acc: 0.9881 - auc: 0.9992 - loss: 0.0342
Epoch 255: val_acc did not improve from 0.91302
50/50 ???????????????????? 3s 58ms/step - acc: 0.9881 - auc: 0.9992 - loss: 0.0343 - val_acc: 0.9079 - val_auc: 0.9553 - val_loss: 0.3923
Epoch 256/300
49/50 ???????????????????? 0s 57ms/step - acc: 0.9847 - auc: 0.9982 - loss: 0.0419
Epoch 256: val_acc did not improve from 0.91302
50/50 ???????????????????? 3s 61ms/step - acc: 0.9847 - auc: 0.9982 - loss: 0.0417 - val_acc: 0.9035 - val_auc: 0.9601 - val_loss: 0.3743
Epoch 257/300
49/50 ???????????????????? 0s 56ms/step - acc: 0.9917 - auc: 0.9996 - loss: 0.0244
Epoch 257: val_acc did not improve from 0.91302
50/50 ???????????????????? 3s 60ms/step - acc: 0.9917 - auc: 0.9996 - loss: 0.0245 - val_acc: 0.9092 - val_auc: 0.9567 - val_loss: 0.4166
Epoch 258/300
49/50 ???????????????????? 0s 59ms/step - acc: 0.9891 - auc: 0.9994 - loss: 0.0256
Epoch 258: val_acc did not improve from 0.91302
50/50 ???????????????????? 3s 62ms/step - acc: 0.9890 - auc: 0.9994 - loss: 0.0258 - val_acc: 0.9054 - val_auc: 0.9530 - val_loss: 0.4384
Epoch 259/300
49/50 ???????????????????? 0s 56ms/step - acc: 0.9838 - auc: 0.9990 - loss: 0.0400
Epoch 259: val_acc did not improve from 0.91302
50/50 ???????????????????? 3s 60ms/step - acc: 0.9839 - auc: 0.9990 - loss: 0.0399 - val_acc: 0.9073 - val_auc: 0.9538 - val_loss: 0.4038
Epoch 260/300
49/50 ???????????????????? 0s 55ms/step - acc: 0.9845 - auc: 0.9987 - loss: 0.0413
Epoch 260: val_acc did not improve from 0.91302
50/50 ???????????????????? 3s 59ms/step - acc: 0.9846 - auc: 0.9987 - loss: 0.0411 - val_acc: 0.9010 - val_auc: 0.9499 - val_loss: 0.4290
Epoch 261/300
49/50 ???????????????????? 0s 55ms/step - acc: 0.9882 - auc: 0.9983 - loss: 0.0362
Epoch 261: val_acc did not improve from 0.91302
50/50 ???????????????????? 3s 59ms/step - acc: 0.9882 - auc: 0.9983 - loss: 0.0362 - val_acc: 0.9048 - val_auc: 0.9557 - val_loss: 0.4037
Epoch 262/300
49/50 ???????????????????? 0s 57ms/step - acc: 0.9868 - auc: 0.9984 - loss: 0.0358
Epoch 262: val_acc did not improve from 0.91302
50/50 ???????????????????? 3s 61ms/step - acc: 0.9868 - auc: 0.9984 - loss: 0.0356 - val_acc: 0.8984 - val_auc: 0.9528 - val_loss: 0.4560
Epoch 263/300
49/50 ???????????????????? 0s 56ms/step - acc: 0.9888 - auc: 0.9989 - loss: 0.0303
Epoch 263: val_acc did not improve from 0.91302
50/50 ???????????????????? 3s 60ms/step - acc: 0.9887 - auc: 0.9989 - loss: 0.0304 - val_acc: 0.9035 - val_auc: 0.9531 - val_loss: 0.4337
Epoch 264/300
49/50 ???????????????????? 0s 57ms/step - acc: 0.9890 - auc: 0.9995 - loss: 0.0278
Epoch 264: val_acc did not improve from 0.91302
50/50 ???????????????????? 3s 60ms/step - acc: 0.9890 - auc: 0.9995 - loss: 0.0278 - val_acc: 0.9016 - val_auc: 0.9561 - val_loss: 0.4086
Epoch 265/300
49/50 ???????????????????? 0s 56ms/step - acc: 0.9861 - auc: 0.9994 - loss: 0.0315
Epoch 265: val_acc did not improve from 0.91302
50/50 ???????????????????? 3s 60ms/step - acc: 0.9861 - auc: 0.9994 - loss: 0.0318 - val_acc: 0.9098 - val_auc: 0.9587 - val_loss: 0.3683
Epoch 266/300
49/50 ???????????????????? 0s 56ms/step - acc: 0.9843 - auc: 0.9984 - loss: 0.0423
Epoch 266: val_acc did not improve from 0.91302
50/50 ???????????????????? 3s 59ms/step - acc: 0.9844 - auc: 0.9984 - loss: 0.0421 - val_acc: 0.9073 - val_auc: 0.9575 - val_loss: 0.3918
Epoch 267/300
49/50 ???????????????????? 0s 58ms/step - acc: 0.9864 - auc: 0.9992 - loss: 0.0351
Epoch 267: val_acc did not improve from 0.91302
50/50 ???????????????????? 3s 61ms/step - acc: 0.9864 - auc: 0.9991 - loss: 0.0351 - val_acc: 0.9098 - val_auc: 0.9575 - val_loss: 0.3916
Epoch 268/300
49/50 ???????????????????? 0s 58ms/step - acc: 0.9902 - auc: 0.9992 - loss: 0.0295
Epoch 268: val_acc did not improve from 0.91302
50/50 ???????????????????? 3s 62ms/step - acc: 0.9901 - auc: 0.9992 - loss: 0.0297 - val_acc: 0.9041 - val_auc: 0.9585 - val_loss: 0.3970
Epoch 269/300
49/50 ???????????????????? 0s 61ms/step - acc: 0.9879 - auc: 0.9991 - loss: 0.0356
Epoch 269: val_acc did not improve from 0.91302
50/50 ???????????????????? 3s 65ms/step - acc: 0.9879 - auc: 0.9991 - loss: 0.0356 - val_acc: 0.9067 - val_auc: 0.9557 - val_loss: 0.3945
Epoch 270/300
49/50 ???????????????????? 0s 60ms/step - acc: 0.9899 - auc: 0.9995 - loss: 0.0281
Epoch 270: val_acc did not improve from 0.91302
50/50 ???????????????????? 3s 64ms/step - acc: 0.9899 - auc: 0.9995 - loss: 0.0281 - val_acc: 0.9117 - val_auc: 0.9576 - val_loss: 0.3913
Epoch 271/300
49/50 ???????????????????? 0s 56ms/step - acc: 0.9876 - auc: 0.9986 - loss: 0.0361
Epoch 271: val_acc did not improve from 0.91302
50/50 ???????????????????? 3s 59ms/step - acc: 0.9876 - auc: 0.9986 - loss: 0.0362 - val_acc: 0.9079 - val_auc: 0.9547 - val_loss: 0.4065
Epoch 272/300
50/50 ???????????????????? 0s 55ms/step - acc: 0.9866 - auc: 0.9984 - loss: 0.0360
Epoch 272: val_acc did not improve from 0.91302
50/50 ???????????????????? 3s 59ms/step - acc: 0.9866 - auc: 0.9984 - loss: 0.0360 - val_acc: 0.9086 - val_auc: 0.9548 - val_loss: 0.4026
Epoch 273/300
49/50 ???????????????????? 0s 56ms/step - acc: 0.9892 - auc: 0.9993 - loss: 0.0293
Epoch 273: val_acc did not improve from 0.91302
50/50 ???????????????????? 3s 59ms/step - acc: 0.9893 - auc: 0.9993 - loss: 0.0292 - val_acc: 0.9105 - val_auc: 0.9556 - val_loss: 0.4294
Epoch 274/300
49/50 ???????????????????? 0s 56ms/step - acc: 0.9865 - auc: 0.9992 - loss: 0.0310
Epoch 274: val_acc did not improve from 0.91302
50/50 ???????????????????? 3s 59ms/step - acc: 0.9865 - auc: 0.9993 - loss: 0.0309 - val_acc: 0.9048 - val_auc: 0.9554 - val_loss: 0.4247
Epoch 275/300
49/50 ???????????????????? 0s 55ms/step - acc: 0.9908 - auc: 0.9994 - loss: 0.0260
Epoch 275: val_acc did not improve from 0.91302
50/50 ???????????????????? 3s 58ms/step - acc: 0.9907 - auc: 0.9994 - loss: 0.0261 - val_acc: 0.9117 - val_auc: 0.9583 - val_loss: 0.3884
Epoch 276/300
49/50 ???????????????????? 0s 55ms/step - acc: 0.9883 - auc: 0.9994 - loss: 0.0309
Epoch 276: val_acc did not improve from 0.91302
50/50 ???????????????????? 3s 58ms/step - acc: 0.9882 - auc: 0.9994 - loss: 0.0311 - val_acc: 0.9086 - val_auc: 0.9548 - val_loss: 0.4151
Epoch 277/300
49/50 ???????????????????? 0s 57ms/step - acc: 0.9903 - auc: 0.9992 - loss: 0.0297
Epoch 277: val_acc did not improve from 0.91302
50/50 ???????????????????? 3s 61ms/step - acc: 0.9903 - auc: 0.9992 - loss: 0.0297 - val_acc: 0.9067 - val_auc: 0.9570 - val_loss: 0.4028
Epoch 278/300
49/50 ???????????????????? 0s 57ms/step - acc: 0.9849 - auc: 0.9988 - loss: 0.0417
Epoch 278: val_acc did not improve from 0.91302
50/50 ???????????????????? 3s 60ms/step - acc: 0.9849 - auc: 0.9988 - loss: 0.0416 - val_acc: 0.9048 - val_auc: 0.9524 - val_loss: 0.4129
Epoch 279/300
50/50 ???????????????????? 0s 54ms/step - acc: 0.9867 - auc: 0.9988 - loss: 0.0378
Epoch 279: val_acc did not improve from 0.91302
50/50 ???????????????????? 3s 58ms/step - acc: 0.9867 - auc: 0.9988 - loss: 0.0378 - val_acc: 0.9105 - val_auc: 0.9571 - val_loss: 0.3953
Epoch 280/300
49/50 ???????????????????? 0s 56ms/step - acc: 0.9892 - auc: 0.9992 - loss: 0.0321
Epoch 280: val_acc improved from 0.91302 to 0.91810, saving model to saved_models/best_MACSynDCR_CNN_model.keras
50/50 ???????????????????? 3s 61ms/step - acc: 0.9892 - auc: 0.9992 - loss: 0.0321 - val_acc: 0.9181 - val_auc: 0.9540 - val_loss: 0.4052
Epoch 281/300
49/50 ???????????????????? 0s 56ms/step - acc: 0.9866 - auc: 0.9987 - loss: 0.0401
Epoch 281: val_acc did not improve from 0.91810
50/50 ???????????????????? 3s 59ms/step - acc: 0.9867 - auc: 0.9987 - loss: 0.0399 - val_acc: 0.9124 - val_auc: 0.9545 - val_loss: 0.4175
Epoch 282/300
50/50 ???????????????????? 0s 55ms/step - acc: 0.9885 - auc: 0.9993 - loss: 0.0300
Epoch 282: val_acc did not improve from 0.91810
50/50 ???????????????????? 3s 60ms/step - acc: 0.9885 - auc: 0.9993 - loss: 0.0300 - val_acc: 0.9022 - val_auc: 0.9520 - val_loss: 0.4524
Epoch 283/300
49/50 ???????????????????? 0s 57ms/step - acc: 0.9849 - auc: 0.9988 - loss: 0.0392
Epoch 283: val_acc did not improve from 0.91810
50/50 ???????????????????? 3s 61ms/step - acc: 0.9848 - auc: 0.9988 - loss: 0.0392 - val_acc: 0.9073 - val_auc: 0.9553 - val_loss: 0.4052
Epoch 284/300
49/50 ???????????????????? 0s 59ms/step - acc: 0.9891 - auc: 0.9994 - loss: 0.0296
Epoch 284: val_acc did not improve from 0.91810
50/50 ???????????????????? 3s 62ms/step - acc: 0.9891 - auc: 0.9994 - loss: 0.0297 - val_acc: 0.9067 - val_auc: 0.9542 - val_loss: 0.4132
Epoch 285/300
49/50 ???????????????????? 0s 58ms/step - acc: 0.9898 - auc: 0.9995 - loss: 0.0292
Epoch 285: val_acc did not improve from 0.91810
50/50 ???????????????????? 3s 61ms/step - acc: 0.9898 - auc: 0.9994 - loss: 0.0294 - val_acc: 0.9168 - val_auc: 0.9573 - val_loss: 0.4171
Epoch 286/300
49/50 ???????????????????? 0s 56ms/step - acc: 0.9899 - auc: 0.9992 - loss: 0.0325
Epoch 286: val_acc improved from 0.91810 to 0.92254, saving model to saved_models/best_MACSynDCR_CNN_model.keras
50/50 ???????????????????? 3s 61ms/step - acc: 0.9898 - auc: 0.9992 - loss: 0.0325 - val_acc: 0.9225 - val_auc: 0.9538 - val_loss: 0.4128
Epoch 287/300
49/50 ???????????????????? 0s 60ms/step - acc: 0.9863 - auc: 0.9990 - loss: 0.0341
Epoch 287: val_acc did not improve from 0.92254
50/50 ???????????????????? 3s 63ms/step - acc: 0.9863 - auc: 0.9990 - loss: 0.0342 - val_acc: 0.9162 - val_auc: 0.9573 - val_loss: 0.3962
Epoch 288/300
49/50 ???????????????????? 0s 59ms/step - acc: 0.9885 - auc: 0.9990 - loss: 0.0329
Epoch 288: val_acc did not improve from 0.92254
50/50 ???????????????????? 3s 62ms/step - acc: 0.9885 - auc: 0.9990 - loss: 0.0328 - val_acc: 0.9098 - val_auc: 0.9556 - val_loss: 0.4138
Epoch 289/300
49/50 ???????????????????? 0s 59ms/step - acc: 0.9841 - auc: 0.9985 - loss: 0.0375
Epoch 289: val_acc did not improve from 0.92254
50/50 ???????????????????? 3s 63ms/step - acc: 0.9843 - auc: 0.9985 - loss: 0.0372 - val_acc: 0.9181 - val_auc: 0.9551 - val_loss: 0.4208
Epoch 290/300
49/50 ???????????????????? 0s 55ms/step - acc: 0.9886 - auc: 0.9993 - loss: 0.0312
Epoch 290: val_acc did not improve from 0.92254
50/50 ???????????????????? 3s 59ms/step - acc: 0.9886 - auc: 0.9993 - loss: 0.0311 - val_acc: 0.9124 - val_auc: 0.9537 - val_loss: 0.4326
Epoch 291/300
49/50 ???????????????????? 0s 57ms/step - acc: 0.9836 - auc: 0.9988 - loss: 0.0398
Epoch 291: val_acc did not improve from 0.92254
50/50 ???????????????????? 3s 61ms/step - acc: 0.9836 - auc: 0.9988 - loss: 0.0397 - val_acc: 0.9143 - val_auc: 0.9590 - val_loss: 0.3992
Epoch 292/300
49/50 ???????????????????? 0s 56ms/step - acc: 0.9915 - auc: 0.9993 - loss: 0.0260
Epoch 292: val_acc did not improve from 0.92254
50/50 ???????????????????? 3s 60ms/step - acc: 0.9914 - auc: 0.9993 - loss: 0.0260 - val_acc: 0.9137 - val_auc: 0.9574 - val_loss: 0.4068
Epoch 293/300
49/50 ???????????????????? 0s 57ms/step - acc: 0.9907 - auc: 0.9995 - loss: 0.0257
Epoch 293: val_acc did not improve from 0.92254
50/50 ???????????????????? 3s 60ms/step - acc: 0.9906 - auc: 0.9995 - loss: 0.0258 - val_acc: 0.9149 - val_auc: 0.9556 - val_loss: 0.4090
Epoch 294/300
50/50 ???????????????????? 0s 55ms/step - acc: 0.9867 - auc: 0.9993 - loss: 0.0329
Epoch 294: val_acc did not improve from 0.92254
50/50 ???????????????????? 3s 59ms/step - acc: 0.9867 - auc: 0.9993 - loss: 0.0329 - val_acc: 0.9175 - val_auc: 0.9565 - val_loss: 0.4053
Epoch 295/300
49/50 ???????????????????? 0s 56ms/step - acc: 0.9926 - auc: 0.9997 - loss: 0.0229
Epoch 295: val_acc did not improve from 0.92254
50/50 ???????????????????? 3s 60ms/step - acc: 0.9925 - auc: 0.9997 - loss: 0.0230 - val_acc: 0.9073 - val_auc: 0.9559 - val_loss: 0.4202
Epoch 296/300
49/50 ???????????????????? 0s 55ms/step - acc: 0.9945 - auc: 0.9993 - loss: 0.0195
Epoch 296: val_acc did not improve from 0.92254
50/50 ???????????????????? 3s 59ms/step - acc: 0.9945 - auc: 0.9993 - loss: 0.0196 - val_acc: 0.9086 - val_auc: 0.9520 - val_loss: 0.4376
Epoch 297/300
49/50 ???????????????????? 0s 62ms/step - acc: 0.9888 - auc: 0.9994 - loss: 0.0293
Epoch 297: val_acc did not improve from 0.92254
50/50 ???????????????????? 3s 65ms/step - acc: 0.9889 - auc: 0.9994 - loss: 0.0293 - val_acc: 0.9194 - val_auc: 0.9591 - val_loss: 0.3951
Epoch 298/300
49/50 ???????????????????? 0s 56ms/step - acc: 0.9902 - auc: 0.9993 - loss: 0.0266
Epoch 298: val_acc did not improve from 0.92254
50/50 ???????????????????? 3s 59ms/step - acc: 0.9902 - auc: 0.9993 - loss: 0.0267 - val_acc: 0.9149 - val_auc: 0.9571 - val_loss: 0.4142
Epoch 299/300
49/50 ???????????????????? 0s 56ms/step - acc: 0.9913 - auc: 0.9995 - loss: 0.0260
Epoch 299: val_acc did not improve from 0.92254
50/50 ???????????????????? 3s 59ms/step - acc: 0.9913 - auc: 0.9994 - loss: 0.0260 - val_acc: 0.9156 - val_auc: 0.9575 - val_loss: 0.4037
Epoch 300/300
49/50 ???????????????????? 0s 57ms/step - acc: 0.9869 - auc: 0.9987 - loss: 0.0339
Epoch 300: val_acc did not improve from 0.92254
50/50 ???????????????????? 3s 60ms/step - acc: 0.9869 - auc: 0.9987 - loss: 0.0339 - val_acc: 0.9194 - val_auc: 0.9555 - val_loss: 0.4099
50/50 ???????????????????? 0s 6ms/step
50/50 ???????????????????? 0s 5ms/step
CNN: Accuracy: 0.9225, AUC-ROC: 0.9674
CNN: AUC-PR: 0.9663, Precision: 0.9262,
CNN Recall: 0.9215, F1 Score: 0.9238
CNN:RMSE: 11.0454 , PCC: 0.8559
Evaluation of Keras MACSynDCR_ANN model:
50/50 ???????????????????? 1s 4ms/step - acc: 0.9068 - auc: 0.9591 - loss: 0.3864
Evaluate->  Loss: 0.3569, Accuracy: 0.9086,AUC: 0.9622
50/50 ???????????????????? 0s 6ms/step
197/197 ???????????????????? 1s 4ms/step
ANN: Accuracy: 0.9086, AUC-ROC: 0.9718
ANN: AUC-PR: 0.9724, Precision: 0.9124,
ANN Recall: 0.9078, F1 Score: 0.9101
ANN:RMSE: 12.0000 , PCC: 0.8454
****************************************************************************************************
Evaluation of Keras MACSynDCR_CNN model:
50/50 ???????????????????? 1s 5ms/step - acc: 0.9137 - auc: 0.9440 - loss: 0.4984
Evaluate->  Loss: 0.4128, Accuracy: 0.9225,Accuracy: 0.9538
50/50 ???????????????????? 0s 6ms/step
197/197 ???????????????????? 1s 5ms/step
CNN: Accuracy: 0.9225, AUC-ROC: 0.9674
CNN: AUC-PR: 0.9663, Precision: 0.9262,
CNN Recall: 0.9215, F1 Score: 0.9238
CNN:RMSE: 11.0454 , PCC: 0.8559
****************************************************************************************************
Accuracy Score and AUC for ANN = AUC: 0.9660, Accuracy: 0.9098
Accuracy Score and AUC for KANN = AUC: 0.9718, Accuracy: 0.9086
Accuracy Score and AUC for KCNN = AUC: 0.9674, Accuracy: 0.9225
Average AUC = AUC: 0.9764, Accuracy: 0.9194
MAX AUC = AUC: 0.9736, Accuracy: 0.9073
Fitting 5 folds for each of 14 candidates, totalling 70 fits
Finall ensemble results of fold_4 for MACSynDCR:
----------------------------------------------------------------------------------------------------
Ensemble Accuracy: 0.9238, AUC-ROC: 0.9767
Ensemble AUC-PR: 0.9775, Precision: 0.9263,
Ensemble Recall: 0.9240, F1 Score: 0.9252
Ensemble RMSE: 10.9545 , PCC: 0.8709
----------------------------------------------------------------------------------------------------
Fold 5
Data processing and Training of MACSynDCR_ANN model:
ANN_model saved with Val_ACC: 0.4682 Val_AUC: 0.4555
fold_5: Epoch [1/300], Loss: 0.7065, Val_ACC: 0.4682, Val_AUC: 0.4555
ANN_model saved with Val_ACC: 0.8011 Val_AUC: 0.8643
ANN_model saved with Val_ACC: 0.8202 Val_AUC: 0.9057
ANN_model saved with Val_ACC: 0.8355 Val_AUC: 0.9184
ANN_model saved with Val_ACC: 0.8482 Val_AUC: 0.9288
ANN_model saved with Val_ACC: 0.8666 Val_AUC: 0.9377
ANN_model saved with Val_ACC: 0.8748 Val_AUC: 0.9439
ANN_model saved with Val_ACC: 0.8787 Val_AUC: 0.9469
ANN_model saved with Val_ACC: 0.8793 Val_AUC: 0.9485
ANN_model saved with Val_ACC: 0.8907 Val_AUC: 0.9520
ANN_model saved with Val_ACC: 0.8933 Val_AUC: 0.9568
ANN_model saved with Val_ACC: 0.8964 Val_AUC: 0.9579
ANN_model saved with Val_ACC: 0.9022 Val_AUC: 0.9621
fold_5: Epoch [21/300], Loss: 0.3371, Val_ACC: 0.9015, Val_AUC: 0.9638
ANN_model saved with Val_ACC: 0.9041 Val_AUC: 0.9640
ANN_model saved with Val_ACC: 0.9047 Val_AUC: 0.9650
ANN_model saved with Val_ACC: 0.9060 Val_AUC: 0.9655
fold_5: Epoch [41/300], Loss: 0.3196, Val_ACC: 0.9022, Val_AUC: 0.9656
ANN_model saved with Val_ACC: 0.9085 Val_AUC: 0.9670
fold_5: Epoch [61/300], Loss: 0.3166, Val_ACC: 0.9085, Val_AUC: 0.9665
fold_5: Epoch [81/300], Loss: 0.3155, Val_ACC: 0.9047, Val_AUC: 0.9664
fold_5: Epoch [101/300], Loss: 0.3150, Val_ACC: 0.9079, Val_AUC: 0.9664
ANN_model saved with Val_ACC: 0.9098 Val_AUC: 0.9653
fold_5: Epoch [121/300], Loss: 0.3147, Val_ACC: 0.9047, Val_AUC: 0.9637
fold_5: Epoch [141/300], Loss: 0.3213, Val_ACC: 0.8964, Val_AUC: 0.9569
fold_5: Epoch [161/300], Loss: 0.3174, Val_ACC: 0.9034, Val_AUC: 0.9606
fold_5: Epoch [181/300], Loss: 0.3168, Val_ACC: 0.8990, Val_AUC: 0.9626
fold_5: Epoch [201/300], Loss: 0.3166, Val_ACC: 0.9034, Val_AUC: 0.9639
fold_5: Epoch [221/300], Loss: 0.3165, Val_ACC: 0.9053, Val_AUC: 0.9643
fold_5: Epoch [241/300], Loss: 0.3165, Val_ACC: 0.9041, Val_AUC: 0.9649
fold_5: Epoch [261/300], Loss: 0.3164, Val_ACC: 0.9028, Val_AUC: 0.9650
fold_5: Epoch [281/300], Loss: 0.3162, Val_ACC: 0.9028, Val_AUC: 0.9648
Accuracy: 0.9098, AUC-ROC: 0.9653
 AUC-PR: 0.9642, Precision: 0.9174, Recall: 0.9036, F1 Score: 0.9105
RMSE: 11.1616 , PCC: 0.8355
Data processing and Training of MACSynDCR_ANN model:
MACSynDCR_ANN model:
Model: "sequential_8"
????????????????????????????????????????????????????????????????????????????????????????
? Layer (type)                         ? Output Shape                ?         Param # ?
????????????????????????????????????????????????????????????????????????????????????????
¦ dense_32 (Dense)                     ¦ (None, 2048)                ¦       4,982,784 ¦
+--------------------------------------+-----------------------------+-----------------¦
¦ batch_normalization_20               ¦ (None, 2048)                ¦           8,192 ¦
¦ (BatchNormalization)                 ¦                             ¦                 ¦
+--------------------------------------+-----------------------------+-----------------¦
¦ dense_33 (Dense)                     ¦ (None, 1024)                ¦       2,098,176 ¦
+--------------------------------------+-----------------------------+-----------------¦
¦ batch_normalization_21               ¦ (None, 1024)                ¦           4,096 ¦
¦ (BatchNormalization)                 ¦                             ¦                 ¦
+--------------------------------------+-----------------------------+-----------------¦
¦ dense_34 (Dense)                     ¦ (None, 512)                 ¦         524,800 ¦
+--------------------------------------+-----------------------------+-----------------¦
¦ batch_normalization_22               ¦ (None, 512)                 ¦           2,048 ¦
¦ (BatchNormalization)                 ¦                             ¦                 ¦
+--------------------------------------+-----------------------------+-----------------¦
¦ dense_35 (Dense)                     ¦ (None, 256)                 ¦         131,328 ¦
+--------------------------------------+-----------------------------+-----------------¦
¦ batch_normalization_23               ¦ (None, 256)                 ¦           1,024 ¦
¦ (BatchNormalization)                 ¦                             ¦                 ¦
+--------------------------------------+-----------------------------+-----------------¦
¦ dense_36 (Dense)                     ¦ (None, 128)                 ¦          32,896 ¦
+--------------------------------------+-----------------------------+-----------------¦
¦ batch_normalization_24               ¦ (None, 128)                 ¦             512 ¦
¦ (BatchNormalization)                 ¦                             ¦                 ¦
+--------------------------------------+-----------------------------+-----------------¦
¦ dense_37 (Dense)                     ¦ (None, 2)                   ¦             258 ¦
+--------------------------------------------------------------------------------------+
 Total params: 7,786,114 (29.70 MB)
 Trainable params: 7,778,178 (29.67 MB)
 Non-trainable params: 7,936 (31.00 KB)
Epoch 1/300
49/50 ???????????????????? 0s 55ms/step - acc: 0.7454 - auc: 0.8126 - loss: 0.6149
Epoch 1: val_auc improved from -inf to 0.80359, saving model to saved_models/best_MACSynDCR_ANN_model.keras
50/50 ???????????????????? 7s 75ms/step - acc: 0.7473 - auc: 0.8148 - loss: 0.6100 - val_acc: 0.7262 - val_auc: 0.8036 - val_loss: 0.5524
Epoch 2/300
50/50 ???????????????????? 0s 52ms/step - acc: 0.8901 - auc: 0.9578 - loss: 0.2655
Epoch 2: val_auc improved from 0.80359 to 0.85690, saving model to saved_models/best_MACSynDCR_ANN_model.keras
50/50 ???????????????????? 3s 68ms/step - acc: 0.8900 - auc: 0.9578 - loss: 0.2657 - val_acc: 0.7675 - val_auc: 0.8569 - val_loss: 0.4755
Epoch 3/300
49/50 ???????????????????? 0s 255ms/step - acc: 0.9229 - auc: 0.9731 - loss: 0.2096
Epoch 3: val_auc did not improve from 0.85690
50/50 ???????????????????? 13s 254ms/step - acc: 0.9228 - auc: 0.9731 - loss: 0.2098 - val_acc: 0.7332 - val_auc: 0.8303 - val_loss: 0.5929
Epoch 4/300
49/50 ???????????????????? 0s 57ms/step - acc: 0.9419 - auc: 0.9844 - loss: 0.1605
Epoch 4: val_auc improved from 0.85690 to 0.90123, saving model to saved_models/best_MACSynDCR_ANN_model.keras
50/50 ???????????????????? 4s 72ms/step - acc: 0.9415 - auc: 0.9842 - loss: 0.1612 - val_acc: 0.8100 - val_auc: 0.9012 - val_loss: 0.4193
Epoch 5/300
49/50 ???????????????????? 0s 55ms/step - acc: 0.9461 - auc: 0.9890 - loss: 0.1350
Epoch 5: val_auc improved from 0.90123 to 0.94440, saving model to saved_models/best_MACSynDCR_ANN_model.keras
50/50 ???????????????????? 3s 69ms/step - acc: 0.9460 - auc: 0.9889 - loss: 0.1354 - val_acc: 0.8767 - val_auc: 0.9444 - val_loss: 0.3414
Epoch 6/300
50/50 ???????????????????? 0s 58ms/step - acc: 0.9557 - auc: 0.9907 - loss: 0.1223
Epoch 6: val_auc improved from 0.94440 to 0.94636, saving model to saved_models/best_MACSynDCR_ANN_model.keras
50/50 ???????????????????? 4s 75ms/step - acc: 0.9556 - auc: 0.9907 - loss: 0.1224 - val_acc: 0.8799 - val_auc: 0.9464 - val_loss: 0.3674
Epoch 7/300
49/50 ???????????????????? 0s 87ms/step - acc: 0.9662 - auc: 0.9933 - loss: 0.1003
Epoch 7: val_auc improved from 0.94636 to 0.95588, saving model to saved_models/best_MACSynDCR_ANN_model.keras
50/50 ???????????????????? 5s 102ms/step - acc: 0.9662 - auc: 0.9933 - loss: 0.1003 - val_acc: 0.8888 - val_auc: 0.9559 - val_loss: 0.3132
Epoch 8/300
50/50 ???????????????????? 0s 52ms/step - acc: 0.9698 - auc: 0.9954 - loss: 0.0829
Epoch 8: val_auc did not improve from 0.95588
50/50 ???????????????????? 3s 54ms/step - acc: 0.9698 - auc: 0.9954 - loss: 0.0829 - val_acc: 0.8748 - val_auc: 0.9409 - val_loss: 0.4132
Epoch 9/300
49/50 ???????????????????? 0s 55ms/step - acc: 0.9695 - auc: 0.9954 - loss: 0.0823
Epoch 9: val_auc did not improve from 0.95588
50/50 ???????????????????? 3s 57ms/step - acc: 0.9694 - auc: 0.9954 - loss: 0.0826 - val_acc: 0.8837 - val_auc: 0.9488 - val_loss: 0.3912
Epoch 10/300
49/50 ???????????????????? 0s 51ms/step - acc: 0.9696 - auc: 0.9958 - loss: 0.0789
Epoch 10: val_auc did not improve from 0.95588
50/50 ???????????????????? 3s 54ms/step - acc: 0.9695 - auc: 0.9958 - loss: 0.0792 - val_acc: 0.8787 - val_auc: 0.9465 - val_loss: 0.3829
Epoch 11/300
49/50 ???????????????????? 0s 53ms/step - acc: 0.9690 - auc: 0.9947 - loss: 0.0871
Epoch 11: val_auc did not improve from 0.95588
50/50 ???????????????????? 3s 56ms/step - acc: 0.9690 - auc: 0.9947 - loss: 0.0871 - val_acc: 0.8831 - val_auc: 0.9456 - val_loss: 0.4145
Epoch 12/300
49/50 ???????????????????? 0s 59ms/step - acc: 0.9813 - auc: 0.9976 - loss: 0.0603
Epoch 12: val_auc did not improve from 0.95588
50/50 ???????????????????? 3s 62ms/step - acc: 0.9812 - auc: 0.9976 - loss: 0.0603 - val_acc: 0.8882 - val_auc: 0.9505 - val_loss: 0.3793
Epoch 13/300
49/50 ???????????????????? 0s 60ms/step - acc: 0.9808 - auc: 0.9976 - loss: 0.0553
Epoch 13: val_auc did not improve from 0.95588
50/50 ???????????????????? 3s 63ms/step - acc: 0.9807 - auc: 0.9976 - loss: 0.0554 - val_acc: 0.8933 - val_auc: 0.9485 - val_loss: 0.3783
Epoch 14/300
49/50 ???????????????????? 0s 56ms/step - acc: 0.9837 - auc: 0.9984 - loss: 0.0467
Epoch 14: val_auc did not improve from 0.95588
50/50 ???????????????????? 3s 58ms/step - acc: 0.9836 - auc: 0.9983 - loss: 0.0471 - val_acc: 0.8736 - val_auc: 0.9403 - val_loss: 0.4514
Epoch 15/300
49/50 ???????????????????? 0s 55ms/step - acc: 0.9738 - auc: 0.9964 - loss: 0.0694
Epoch 15: val_auc did not improve from 0.95588
50/50 ???????????????????? 3s 58ms/step - acc: 0.9737 - auc: 0.9964 - loss: 0.0698 - val_acc: 0.8856 - val_auc: 0.9502 - val_loss: 0.4096
Epoch 16/300
49/50 ???????????????????? 0s 56ms/step - acc: 0.9833 - auc: 0.9985 - loss: 0.0490
Epoch 16: val_auc did not improve from 0.95588
50/50 ???????????????????? 3s 59ms/step - acc: 0.9833 - auc: 0.9985 - loss: 0.0492 - val_acc: 0.8818 - val_auc: 0.9459 - val_loss: 0.4292
Epoch 17/300
49/50 ???????????????????? 0s 54ms/step - acc: 0.9824 - auc: 0.9983 - loss: 0.0496
Epoch 17: val_auc did not improve from 0.95588
50/50 ???????????????????? 3s 56ms/step - acc: 0.9824 - auc: 0.9983 - loss: 0.0497 - val_acc: 0.8964 - val_auc: 0.9522 - val_loss: 0.3820
Epoch 18/300
49/50 ???????????????????? 0s 53ms/step - acc: 0.9839 - auc: 0.9979 - loss: 0.0499
Epoch 18: val_auc did not improve from 0.95588
50/50 ???????????????????? 3s 56ms/step - acc: 0.9839 - auc: 0.9979 - loss: 0.0500 - val_acc: 0.8856 - val_auc: 0.9483 - val_loss: 0.4112
Epoch 19/300
49/50 ???????????????????? 0s 57ms/step - acc: 0.9756 - auc: 0.9957 - loss: 0.0746
Epoch 19: val_auc did not improve from 0.95588
50/50 ???????????????????? 3s 61ms/step - acc: 0.9756 - auc: 0.9957 - loss: 0.0746 - val_acc: 0.8907 - val_auc: 0.9461 - val_loss: 0.4317
Epoch 20/300
50/50 ???????????????????? 0s 59ms/step - acc: 0.9796 - auc: 0.9970 - loss: 0.0622
Epoch 20: val_auc did not improve from 0.95588
50/50 ???????????????????? 3s 63ms/step - acc: 0.9796 - auc: 0.9970 - loss: 0.0622 - val_acc: 0.8952 - val_auc: 0.9527 - val_loss: 0.3908
Epoch 21/300
50/50 ???????????????????? 0s 63ms/step - acc: 0.9841 - auc: 0.9988 - loss: 0.0399
Epoch 21: val_auc did not improve from 0.95588
50/50 ???????????????????? 3s 68ms/step - acc: 0.9842 - auc: 0.9988 - loss: 0.0399 - val_acc: 0.9015 - val_auc: 0.9527 - val_loss: 0.4061
Epoch 22/300
50/50 ???????????????????? 0s 82ms/step - acc: 0.9903 - auc: 0.9991 - loss: 0.0282
Epoch 22: val_auc did not improve from 0.95588
50/50 ???????????????????? 4s 87ms/step - acc: 0.9904 - auc: 0.9991 - loss: 0.0282 - val_acc: 0.8901 - val_auc: 0.9464 - val_loss: 0.4366
Epoch 23/300
50/50 ???????????????????? 0s 84ms/step - acc: 0.9889 - auc: 0.9993 - loss: 0.0328
Epoch 23: val_auc did not improve from 0.95588
50/50 ???????????????????? 5s 90ms/step - acc: 0.9888 - auc: 0.9993 - loss: 0.0329 - val_acc: 0.8964 - val_auc: 0.9468 - val_loss: 0.4487
Epoch 24/300
50/50 ???????????????????? 0s 75ms/step - acc: 0.9871 - auc: 0.9993 - loss: 0.0347
Epoch 24: val_auc did not improve from 0.95588
50/50 ???????????????????? 4s 79ms/step - acc: 0.9871 - auc: 0.9993 - loss: 0.0348 - val_acc: 0.8933 - val_auc: 0.9478 - val_loss: 0.4400
Epoch 25/300
50/50 ???????????????????? 0s 69ms/step - acc: 0.9885 - auc: 0.9992 - loss: 0.0334
Epoch 25: val_auc did not improve from 0.95588
50/50 ???????????????????? 4s 72ms/step - acc: 0.9885 - auc: 0.9992 - loss: 0.0335 - val_acc: 0.8882 - val_auc: 0.9505 - val_loss: 0.4167
Epoch 26/300
50/50 ???????????????????? 0s 66ms/step - acc: 0.9791 - auc: 0.9962 - loss: 0.0622
Epoch 26: val_auc did not improve from 0.95588
50/50 ???????????????????? 4s 70ms/step - acc: 0.9791 - auc: 0.9962 - loss: 0.0621 - val_acc: 0.8799 - val_auc: 0.9392 - val_loss: 0.4465
Epoch 27/300
50/50 ???????????????????? 0s 65ms/step - acc: 0.9835 - auc: 0.9974 - loss: 0.0515
Epoch 27: val_auc did not improve from 0.95588
50/50 ???????????????????? 3s 67ms/step - acc: 0.9834 - auc: 0.9974 - loss: 0.0515 - val_acc: 0.8901 - val_auc: 0.9489 - val_loss: 0.4249
Epoch 28/300
50/50 ???????????????????? 0s 65ms/step - acc: 0.9836 - auc: 0.9979 - loss: 0.0483
Epoch 28: val_auc did not improve from 0.95588
50/50 ???????????????????? 3s 68ms/step - acc: 0.9836 - auc: 0.9979 - loss: 0.0482 - val_acc: 0.8990 - val_auc: 0.9487 - val_loss: 0.4344
Epoch 29/300
50/50 ???????????????????? 0s 64ms/step - acc: 0.9833 - auc: 0.9980 - loss: 0.0443
Epoch 29: val_auc did not improve from 0.95588
50/50 ???????????????????? 3s 68ms/step - acc: 0.9833 - auc: 0.9980 - loss: 0.0443 - val_acc: 0.8907 - val_auc: 0.9491 - val_loss: 0.4282
Epoch 30/300
50/50 ???????????????????? 0s 63ms/step - acc: 0.9940 - auc: 0.9997 - loss: 0.0205
Epoch 30: val_auc did not improve from 0.95588
50/50 ???????????????????? 3s 66ms/step - acc: 0.9939 - auc: 0.9997 - loss: 0.0206 - val_acc: 0.8939 - val_auc: 0.9511 - val_loss: 0.4262
Epoch 31/300
50/50 ???????????????????? 0s 65ms/step - acc: 0.9954 - auc: 0.9998 - loss: 0.0159
Epoch 31: val_auc did not improve from 0.95588
50/50 ???????????????????? 3s 68ms/step - acc: 0.9954 - auc: 0.9998 - loss: 0.0159 - val_acc: 0.8920 - val_auc: 0.9504 - val_loss: 0.4236
Epoch 32/300
50/50 ???????????????????? 0s 64ms/step - acc: 0.9955 - auc: 0.9998 - loss: 0.0143
Epoch 32: val_auc did not improve from 0.95588
50/50 ???????????????????? 3s 67ms/step - acc: 0.9955 - auc: 0.9998 - loss: 0.0144 - val_acc: 0.8856 - val_auc: 0.9430 - val_loss: 0.4824
Epoch 33/300
50/50 ???????????????????? 0s 66ms/step - acc: 0.9808 - auc: 0.9948 - loss: 0.0736
Epoch 33: val_auc did not improve from 0.95588
50/50 ???????????????????? 4s 70ms/step - acc: 0.9808 - auc: 0.9948 - loss: 0.0734 - val_acc: 0.8736 - val_auc: 0.9370 - val_loss: 0.5100
Epoch 34/300
49/50 ???????????????????? 0s 67ms/step - acc: 0.9873 - auc: 0.9980 - loss: 0.0444
Epoch 34: val_auc did not improve from 0.95588
50/50 ???????????????????? 4s 70ms/step - acc: 0.9872 - auc: 0.9980 - loss: 0.0444 - val_acc: 0.8901 - val_auc: 0.9394 - val_loss: 0.4759
Epoch 35/300
49/50 ???????????????????? 0s 65ms/step - acc: 0.9876 - auc: 0.9985 - loss: 0.0367
Epoch 35: val_auc did not improve from 0.95588
50/50 ???????????????????? 3s 68ms/step - acc: 0.9876 - auc: 0.9985 - loss: 0.0366 - val_acc: 0.8926 - val_auc: 0.9473 - val_loss: 0.4493
Epoch 36/300
50/50 ???????????????????? 0s 68ms/step - acc: 0.9919 - auc: 0.9984 - loss: 0.0275
Epoch 36: val_auc did not improve from 0.95588
50/50 ???????????????????? 4s 73ms/step - acc: 0.9919 - auc: 0.9984 - loss: 0.0275 - val_acc: 0.8914 - val_auc: 0.9469 - val_loss: 0.4643
Epoch 37/300
50/50 ???????????????????? 0s 64ms/step - acc: 0.9941 - auc: 0.9995 - loss: 0.0180
Epoch 37: val_auc did not improve from 0.95588
50/50 ???????????????????? 3s 68ms/step - acc: 0.9941 - auc: 0.9995 - loss: 0.0180 - val_acc: 0.8977 - val_auc: 0.9486 - val_loss: 0.4487
Epoch 38/300
50/50 ???????????????????? 0s 69ms/step - acc: 0.9933 - auc: 0.9995 - loss: 0.0211
Epoch 38: val_auc did not improve from 0.95588
50/50 ???????????????????? 4s 72ms/step - acc: 0.9932 - auc: 0.9995 - loss: 0.0212 - val_acc: 0.8863 - val_auc: 0.9404 - val_loss: 0.5197
Epoch 39/300
50/50 ???????????????????? 0s 68ms/step - acc: 0.9909 - auc: 0.9989 - loss: 0.0316
Epoch 39: val_auc did not improve from 0.95588
50/50 ???????????????????? 4s 71ms/step - acc: 0.9909 - auc: 0.9989 - loss: 0.0315 - val_acc: 0.8939 - val_auc: 0.9530 - val_loss: 0.4134
Epoch 40/300
49/50 ???????????????????? 0s 68ms/step - acc: 0.9950 - auc: 0.9998 - loss: 0.0171
Epoch 40: val_auc did not improve from 0.95588
50/50 ???????????????????? 4s 71ms/step - acc: 0.9950 - auc: 0.9998 - loss: 0.0172 - val_acc: 0.8882 - val_auc: 0.9476 - val_loss: 0.4763
Epoch 41/300
49/50 ???????????????????? 0s 56ms/step - acc: 0.9923 - auc: 0.9992 - loss: 0.0239
Epoch 41: val_auc did not improve from 0.95588
50/50 ???????????????????? 3s 59ms/step - acc: 0.9924 - auc: 0.9992 - loss: 0.0238 - val_acc: 0.8850 - val_auc: 0.9421 - val_loss: 0.4925
Epoch 42/300
49/50 ???????????????????? 0s 63ms/step - acc: 0.9973 - auc: 0.9996 - loss: 0.0118
Epoch 42: val_auc improved from 0.95588 to 0.95742, saving model to saved_models/best_MACSynDCR_ANN_model.keras
50/50 ???????????????????? 4s 78ms/step - acc: 0.9973 - auc: 0.9996 - loss: 0.0118 - val_acc: 0.9098 - val_auc: 0.9574 - val_loss: 0.4181
Epoch 43/300
49/50 ???????????????????? 0s 56ms/step - acc: 0.9955 - auc: 0.9997 - loss: 0.0124
Epoch 43: val_auc did not improve from 0.95742
50/50 ???????????????????? 3s 59ms/step - acc: 0.9954 - auc: 0.9997 - loss: 0.0127 - val_acc: 0.8888 - val_auc: 0.9449 - val_loss: 0.4767
Epoch 44/300
49/50 ???????????????????? 0s 55ms/step - acc: 0.9922 - auc: 0.9988 - loss: 0.0291
Epoch 44: val_auc did not improve from 0.95742
50/50 ???????????????????? 3s 58ms/step - acc: 0.9922 - auc: 0.9988 - loss: 0.0291 - val_acc: 0.8888 - val_auc: 0.9429 - val_loss: 0.4826
Epoch 45/300
49/50 ???????????????????? 0s 55ms/step - acc: 0.9902 - auc: 0.9987 - loss: 0.0298
Epoch 45: val_auc did not improve from 0.95742
50/50 ???????????????????? 3s 58ms/step - acc: 0.9902 - auc: 0.9987 - loss: 0.0299 - val_acc: 0.8888 - val_auc: 0.9427 - val_loss: 0.4883
Epoch 46/300
49/50 ???????????????????? 0s 55ms/step - acc: 0.9903 - auc: 0.9987 - loss: 0.0335
Epoch 46: val_auc did not improve from 0.95742
50/50 ???????????????????? 3s 57ms/step - acc: 0.9903 - auc: 0.9987 - loss: 0.0335 - val_acc: 0.8882 - val_auc: 0.9322 - val_loss: 0.5567
Epoch 47/300
49/50 ???????????????????? 0s 54ms/step - acc: 0.9897 - auc: 0.9973 - loss: 0.0385
Epoch 47: val_auc did not improve from 0.95742
50/50 ???????????????????? 3s 57ms/step - acc: 0.9896 - auc: 0.9974 - loss: 0.0384 - val_acc: 0.8964 - val_auc: 0.9500 - val_loss: 0.4464
Epoch 48/300
49/50 ???????????????????? 0s 52ms/step - acc: 0.9878 - auc: 0.9985 - loss: 0.0372
Epoch 48: val_auc did not improve from 0.95742
50/50 ???????????????????? 3s 55ms/step - acc: 0.9878 - auc: 0.9985 - loss: 0.0370 - val_acc: 0.8812 - val_auc: 0.9363 - val_loss: 0.5363
Epoch 49/300
50/50 ???????????????????? 0s 52ms/step - acc: 0.9911 - auc: 0.9989 - loss: 0.0291
Epoch 49: val_auc did not improve from 0.95742
50/50 ???????????????????? 3s 54ms/step - acc: 0.9911 - auc: 0.9989 - loss: 0.0291 - val_acc: 0.8907 - val_auc: 0.9433 - val_loss: 0.4754
Epoch 50/300
49/50 ???????????????????? 0s 58ms/step - acc: 0.9895 - auc: 0.9989 - loss: 0.0278
Epoch 50: val_auc did not improve from 0.95742
50/50 ???????????????????? 3s 62ms/step - acc: 0.9895 - auc: 0.9989 - loss: 0.0277 - val_acc: 0.8844 - val_auc: 0.9450 - val_loss: 0.4889
Epoch 51/300
49/50 ???????????????????? 0s 60ms/step - acc: 0.9921 - auc: 0.9995 - loss: 0.0198
Epoch 51: val_auc did not improve from 0.95742
50/50 ???????????????????? 3s 63ms/step - acc: 0.9922 - auc: 0.9995 - loss: 0.0197 - val_acc: 0.8926 - val_auc: 0.9460 - val_loss: 0.4810
Epoch 52/300
49/50 ???????????????????? 0s 60ms/step - acc: 0.9981 - auc: 0.9999 - loss: 0.0094
Epoch 52: val_auc did not improve from 0.95742
50/50 ???????????????????? 3s 63ms/step - acc: 0.9981 - auc: 0.9999 - loss: 0.0094 - val_acc: 0.8958 - val_auc: 0.9470 - val_loss: 0.4808
Epoch 53/300
49/50 ???????????????????? 0s 57ms/step - acc: 0.9967 - auc: 0.9993 - loss: 0.0155
Epoch 53: val_auc did not improve from 0.95742
50/50 ???????????????????? 3s 60ms/step - acc: 0.9967 - auc: 0.9993 - loss: 0.0155 - val_acc: 0.8901 - val_auc: 0.9477 - val_loss: 0.4655
Epoch 54/300
50/50 ???????????????????? 0s 59ms/step - acc: 0.9964 - auc: 0.9996 - loss: 0.0128
Epoch 54: val_auc did not improve from 0.95742
50/50 ???????????????????? 3s 62ms/step - acc: 0.9964 - auc: 0.9996 - loss: 0.0127 - val_acc: 0.9003 - val_auc: 0.9519 - val_loss: 0.4463
Epoch 55/300
50/50 ???????????????????? 0s 57ms/step - acc: 0.9958 - auc: 0.9992 - loss: 0.0150
Epoch 55: val_auc did not improve from 0.95742
50/50 ???????????????????? 3s 60ms/step - acc: 0.9958 - auc: 0.9992 - loss: 0.0151 - val_acc: 0.8837 - val_auc: 0.9404 - val_loss: 0.5366
Epoch 56/300
49/50 ???????????????????? 0s 67ms/step - acc: 0.9909 - auc: 0.9990 - loss: 0.0291
Epoch 56: val_auc did not improve from 0.95742
50/50 ???????????????????? 4s 69ms/step - acc: 0.9909 - auc: 0.9990 - loss: 0.0291 - val_acc: 0.8869 - val_auc: 0.9447 - val_loss: 0.5112
Epoch 57/300
50/50 ???????????????????? 0s 62ms/step - acc: 0.9884 - auc: 0.9985 - loss: 0.0353
Epoch 57: val_auc did not improve from 0.95742
50/50 ???????????????????? 3s 65ms/step - acc: 0.9884 - auc: 0.9985 - loss: 0.0354 - val_acc: 0.8844 - val_auc: 0.9354 - val_loss: 0.5302
Epoch 58/300
50/50 ???????????????????? 0s 56ms/step - acc: 0.9913 - auc: 0.9990 - loss: 0.0262
Epoch 58: val_auc did not improve from 0.95742
50/50 ???????????????????? 3s 60ms/step - acc: 0.9914 - auc: 0.9990 - loss: 0.0261 - val_acc: 0.8907 - val_auc: 0.9446 - val_loss: 0.4759
Epoch 59/300
49/50 ???????????????????? 0s 59ms/step - acc: 0.9958 - auc: 0.9992 - loss: 0.0147
Epoch 59: val_auc did not improve from 0.95742
50/50 ???????????????????? 3s 62ms/step - acc: 0.9958 - auc: 0.9992 - loss: 0.0146 - val_acc: 0.8977 - val_auc: 0.9500 - val_loss: 0.4567
Epoch 60/300
49/50 ???????????????????? 0s 60ms/step - acc: 0.9930 - auc: 0.9996 - loss: 0.0185
Epoch 60: val_auc did not improve from 0.95742
50/50 ???????????????????? 3s 62ms/step - acc: 0.9929 - auc: 0.9996 - loss: 0.0189 - val_acc: 0.8767 - val_auc: 0.9353 - val_loss: 0.5498
Epoch 61/300
50/50 ???????????????????? 0s 84ms/step - acc: 0.9879 - auc: 0.9975 - loss: 0.0427
Epoch 61: val_auc did not improve from 0.95742
50/50 ???????????????????? 4s 89ms/step - acc: 0.9879 - auc: 0.9975 - loss: 0.0426 - val_acc: 0.8837 - val_auc: 0.9351 - val_loss: 0.5526
Epoch 62/300
50/50 ???????????????????? 0s 90ms/step - acc: 0.9891 - auc: 0.9991 - loss: 0.0286
Epoch 62: val_auc did not improve from 0.95742
50/50 ???????????????????? 5s 95ms/step - acc: 0.9891 - auc: 0.9991 - loss: 0.0288 - val_acc: 0.8837 - val_auc: 0.9357 - val_loss: 0.5286
Epoch 63/300
50/50 ???????????????????? 0s 83ms/step - acc: 0.9764 - auc: 0.9960 - loss: 0.0711
Epoch 63: val_auc did not improve from 0.95742
50/50 ???????????????????? 4s 87ms/step - acc: 0.9764 - auc: 0.9960 - loss: 0.0709 - val_acc: 0.8882 - val_auc: 0.9399 - val_loss: 0.4808
Epoch 64/300
50/50 ???????????????????? 0s 87ms/step - acc: 0.9896 - auc: 0.9989 - loss: 0.0304
Epoch 64: val_auc did not improve from 0.95742
50/50 ???????????????????? 5s 92ms/step - acc: 0.9896 - auc: 0.9990 - loss: 0.0304 - val_acc: 0.8901 - val_auc: 0.9459 - val_loss: 0.4399
Epoch 65/300
50/50 ???????????????????? 0s 93ms/step - acc: 0.9949 - auc: 0.9998 - loss: 0.0164
Epoch 65: val_auc did not improve from 0.95742
50/50 ???????????????????? 5s 98ms/step - acc: 0.9949 - auc: 0.9998 - loss: 0.0164 - val_acc: 0.8952 - val_auc: 0.9425 - val_loss: 0.4833
Epoch 66/300
50/50 ???????????????????? 0s 99ms/step - acc: 0.9888 - auc: 0.9976 - loss: 0.0388
Epoch 66: val_auc did not improve from 0.95742
50/50 ???????????????????? 5s 104ms/step - acc: 0.9888 - auc: 0.9976 - loss: 0.0387 - val_acc: 0.8901 - val_auc: 0.9481 - val_loss: 0.4449
Epoch 67/300
50/50 ???????????????????? 0s 98ms/step - acc: 0.9913 - auc: 0.9987 - loss: 0.0293
Epoch 67: val_auc did not improve from 0.95742
50/50 ???????????????????? 5s 103ms/step - acc: 0.9913 - auc: 0.9987 - loss: 0.0293 - val_acc: 0.8958 - val_auc: 0.9480 - val_loss: 0.4236
Epoch 68/300
50/50 ???????????????????? 0s 93ms/step - acc: 0.9952 - auc: 0.9997 - loss: 0.0152
Epoch 68: val_auc did not improve from 0.95742
50/50 ???????????????????? 5s 98ms/step - acc: 0.9953 - auc: 0.9997 - loss: 0.0152 - val_acc: 0.8983 - val_auc: 0.9457 - val_loss: 0.4590
Epoch 69/300
50/50 ???????????????????? 0s 89ms/step - acc: 0.9970 - auc: 1.0000 - loss: 0.0084
Epoch 69: val_auc did not improve from 0.95742
50/50 ???????????????????? 5s 94ms/step - acc: 0.9970 - auc: 1.0000 - loss: 0.0084 - val_acc: 0.8971 - val_auc: 0.9491 - val_loss: 0.4412
Epoch 70/300
50/50 ???????????????????? 0s 91ms/step - acc: 0.9974 - auc: 0.9997 - loss: 0.0109
Epoch 70: val_auc did not improve from 0.95742
50/50 ???????????????????? 5s 95ms/step - acc: 0.9974 - auc: 0.9997 - loss: 0.0109 - val_acc: 0.8958 - val_auc: 0.9464 - val_loss: 0.4447
Epoch 71/300
50/50 ???????????????????? 0s 81ms/step - acc: 0.9985 - auc: 0.9997 - loss: 0.0072
Epoch 71: val_auc did not improve from 0.95742
50/50 ???????????????????? 4s 85ms/step - acc: 0.9985 - auc: 0.9997 - loss: 0.0072 - val_acc: 0.9041 - val_auc: 0.9494 - val_loss: 0.4513
Epoch 72/300
50/50 ???????????????????? 0s 79ms/step - acc: 0.9926 - auc: 0.9976 - loss: 0.0289
Epoch 72: val_auc did not improve from 0.95742
50/50 ???????????????????? 4s 83ms/step - acc: 0.9927 - auc: 0.9976 - loss: 0.0288 - val_acc: 0.8907 - val_auc: 0.9480 - val_loss: 0.4472
Epoch 73/300
50/50 ???????????????????? 0s 80ms/step - acc: 0.9969 - auc: 0.9997 - loss: 0.0109
Epoch 73: val_auc did not improve from 0.95742
50/50 ???????????????????? 4s 85ms/step - acc: 0.9969 - auc: 0.9997 - loss: 0.0109 - val_acc: 0.8958 - val_auc: 0.9393 - val_loss: 0.5092
Epoch 74/300
50/50 ???????????????????? 0s 83ms/step - acc: 0.9965 - auc: 0.9999 - loss: 0.0104
Epoch 74: val_auc did not improve from 0.95742
50/50 ???????????????????? 4s 87ms/step - acc: 0.9965 - auc: 0.9999 - loss: 0.0103 - val_acc: 0.9015 - val_auc: 0.9469 - val_loss: 0.4891
Epoch 75/300
50/50 ???????????????????? 0s 85ms/step - acc: 0.9979 - auc: 1.0000 - loss: 0.0071
Epoch 75: val_auc did not improve from 0.95742
50/50 ???????????????????? 5s 90ms/step - acc: 0.9979 - auc: 1.0000 - loss: 0.0072 - val_acc: 0.8983 - val_auc: 0.9430 - val_loss: 0.5203
Epoch 76/300
50/50 ???????????????????? 0s 90ms/step - acc: 0.9939 - auc: 0.9987 - loss: 0.0256
Epoch 76: val_auc did not improve from 0.95742
50/50 ???????????????????? 5s 94ms/step - acc: 0.9939 - auc: 0.9987 - loss: 0.0256 - val_acc: 0.8895 - val_auc: 0.9399 - val_loss: 0.5072
Epoch 77/300
50/50 ???????????????????? 0s 88ms/step - acc: 0.9937 - auc: 0.9993 - loss: 0.0200
Epoch 77: val_auc did not improve from 0.95742
50/50 ???????????????????? 5s 92ms/step - acc: 0.9937 - auc: 0.9993 - loss: 0.0200 - val_acc: 0.8920 - val_auc: 0.9338 - val_loss: 0.5489
Epoch 78/300
50/50 ???????????????????? 0s 91ms/step - acc: 0.9890 - auc: 0.9980 - loss: 0.0402
Epoch 78: val_auc did not improve from 0.95742
50/50 ???????????????????? 5s 96ms/step - acc: 0.9890 - auc: 0.9980 - loss: 0.0402 - val_acc: 0.8653 - val_auc: 0.9253 - val_loss: 0.6332
Epoch 79/300
50/50 ???????????????????? 0s 90ms/step - acc: 0.9908 - auc: 0.9993 - loss: 0.0252
Epoch 79: val_auc did not improve from 0.95742
50/50 ???????????????????? 5s 94ms/step - acc: 0.9908 - auc: 0.9993 - loss: 0.0252 - val_acc: 0.8914 - val_auc: 0.9420 - val_loss: 0.4917
Epoch 80/300
50/50 ???????????????????? 0s 83ms/step - acc: 0.9841 - auc: 0.9985 - loss: 0.0427
Epoch 80: val_auc did not improve from 0.95742
50/50 ???????????????????? 4s 87ms/step - acc: 0.9841 - auc: 0.9985 - loss: 0.0427 - val_acc: 0.8939 - val_auc: 0.9455 - val_loss: 0.4513
Epoch 81/300
50/50 ???????????????????? 0s 91ms/step - acc: 0.9920 - auc: 0.9987 - loss: 0.0299
Epoch 81: val_auc did not improve from 0.95742
50/50 ???????????????????? 5s 95ms/step - acc: 0.9919 - auc: 0.9987 - loss: 0.0300 - val_acc: 0.8907 - val_auc: 0.9377 - val_loss: 0.4998
Epoch 82/300
50/50 ???????????????????? 0s 80ms/step - acc: 0.9922 - auc: 0.9997 - loss: 0.0205
Epoch 82: val_auc did not improve from 0.95742
50/50 ???????????????????? 4s 84ms/step - acc: 0.9922 - auc: 0.9997 - loss: 0.0206 - val_acc: 0.8977 - val_auc: 0.9463 - val_loss: 0.4819
Epoch 83/300
50/50 ???????????????????? 0s 98ms/step - acc: 0.9832 - auc: 0.9968 - loss: 0.0532
Epoch 83: val_auc did not improve from 0.95742
50/50 ???????????????????? 5s 103ms/step - acc: 0.9832 - auc: 0.9968 - loss: 0.0532 - val_acc: 0.8863 - val_auc: 0.9417 - val_loss: 0.4977
Epoch 84/300
50/50 ???????????????????? 0s 96ms/step - acc: 0.9893 - auc: 0.9985 - loss: 0.0322
Epoch 84: val_auc did not improve from 0.95742
50/50 ???????????????????? 5s 101ms/step - acc: 0.9893 - auc: 0.9985 - loss: 0.0321 - val_acc: 0.9003 - val_auc: 0.9450 - val_loss: 0.4965
Epoch 85/300
50/50 ???????????????????? 0s 91ms/step - acc: 0.9944 - auc: 0.9997 - loss: 0.0174
Epoch 85: val_auc did not improve from 0.95742
50/50 ???????????????????? 5s 97ms/step - acc: 0.9944 - auc: 0.9997 - loss: 0.0174 - val_acc: 0.8926 - val_auc: 0.9471 - val_loss: 0.4628
Epoch 86/300
50/50 ???????????????????? 0s 95ms/step - acc: 0.9953 - auc: 0.9997 - loss: 0.0160
Epoch 86: val_auc did not improve from 0.95742
50/50 ???????????????????? 5s 101ms/step - acc: 0.9953 - auc: 0.9997 - loss: 0.0160 - val_acc: 0.8983 - val_auc: 0.9435 - val_loss: 0.4656
Epoch 87/300
50/50 ???????????????????? 0s 94ms/step - acc: 0.9945 - auc: 0.9990 - loss: 0.0190
Epoch 87: val_auc did not improve from 0.95742
50/50 ???????????????????? 5s 100ms/step - acc: 0.9945 - auc: 0.9990 - loss: 0.0190 - val_acc: 0.8818 - val_auc: 0.9407 - val_loss: 0.5201
Epoch 88/300
50/50 ???????????????????? 0s 92ms/step - acc: 0.9961 - auc: 0.9998 - loss: 0.0125
Epoch 88: val_auc did not improve from 0.95742
50/50 ???????????????????? 5s 97ms/step - acc: 0.9961 - auc: 0.9998 - loss: 0.0126 - val_acc: 0.8723 - val_auc: 0.9274 - val_loss: 0.6182
Epoch 89/300
50/50 ???????????????????? 0s 94ms/step - acc: 0.9934 - auc: 0.9990 - loss: 0.0230
Epoch 89: val_auc did not improve from 0.95742
50/50 ???????????????????? 5s 100ms/step - acc: 0.9934 - auc: 0.9990 - loss: 0.0230 - val_acc: 0.8761 - val_auc: 0.9313 - val_loss: 0.5870
Epoch 90/300
50/50 ???????????????????? 0s 95ms/step - acc: 0.9911 - auc: 0.9984 - loss: 0.0289
Epoch 90: val_auc did not improve from 0.95742
50/50 ???????????????????? 5s 99ms/step - acc: 0.9911 - auc: 0.9984 - loss: 0.0289 - val_acc: 0.8818 - val_auc: 0.9355 - val_loss: 0.5534
Epoch 91/300
50/50 ???????????????????? 0s 91ms/step - acc: 0.9905 - auc: 0.9990 - loss: 0.0251
Epoch 91: val_auc did not improve from 0.95742
50/50 ???????????????????? 5s 96ms/step - acc: 0.9905 - auc: 0.9990 - loss: 0.0251 - val_acc: 0.8799 - val_auc: 0.9362 - val_loss: 0.5471
Epoch 92/300
50/50 ???????????????????? 0s 91ms/step - acc: 0.9936 - auc: 0.9983 - loss: 0.0289
Epoch 92: val_auc did not improve from 0.95742
50/50 ???????????????????? 5s 96ms/step - acc: 0.9936 - auc: 0.9983 - loss: 0.0288 - val_acc: 0.8761 - val_auc: 0.9330 - val_loss: 0.5488
Epoch 93/300
50/50 ???????????????????? 0s 78ms/step - acc: 0.9975 - auc: 1.0000 - loss: 0.0079
Epoch 93: val_auc did not improve from 0.95742
50/50 ???????????????????? 4s 82ms/step - acc: 0.9975 - auc: 1.0000 - loss: 0.0079 - val_acc: 0.8875 - val_auc: 0.9357 - val_loss: 0.5516
Epoch 94/300
49/50 ???????????????????? 0s 62ms/step - acc: 0.9991 - auc: 0.9999 - loss: 0.0052
Epoch 94: val_auc did not improve from 0.95742
50/50 ???????????????????? 3s 64ms/step - acc: 0.9990 - auc: 0.9999 - loss: 0.0053 - val_acc: 0.8882 - val_auc: 0.9440 - val_loss: 0.5408
Epoch 95/300
50/50 ???????????????????? 0s 54ms/step - acc: 0.9982 - auc: 1.0000 - loss: 0.0067
Epoch 95: val_auc did not improve from 0.95742
50/50 ???????????????????? 3s 59ms/step - acc: 0.9982 - auc: 1.0000 - loss: 0.0067 - val_acc: 0.8850 - val_auc: 0.9407 - val_loss: 0.5445
Epoch 96/300
49/50 ???????????????????? 0s 60ms/step - acc: 0.9965 - auc: 0.9999 - loss: 0.0107
Epoch 96: val_auc did not improve from 0.95742
50/50 ???????????????????? 3s 63ms/step - acc: 0.9965 - auc: 0.9999 - loss: 0.0108 - val_acc: 0.8882 - val_auc: 0.9382 - val_loss: 0.5690
Epoch 97/300
49/50 ???????????????????? 0s 57ms/step - acc: 0.9941 - auc: 0.9995 - loss: 0.0193
Epoch 97: val_auc did not improve from 0.95742
50/50 ???????????????????? 3s 60ms/step - acc: 0.9940 - auc: 0.9995 - loss: 0.0193 - val_acc: 0.8869 - val_auc: 0.9382 - val_loss: 0.5366
Epoch 98/300
50/50 ???????????????????? 0s 69ms/step - acc: 0.9933 - auc: 0.9993 - loss: 0.0209
Epoch 98: val_auc did not improve from 0.95742
50/50 ???????????????????? 4s 73ms/step - acc: 0.9934 - auc: 0.9993 - loss: 0.0209 - val_acc: 0.8907 - val_auc: 0.9386 - val_loss: 0.5182
Epoch 99/300
49/50 ???????????????????? 0s 65ms/step - acc: 0.9942 - auc: 0.9991 - loss: 0.0207
Epoch 99: val_auc did not improve from 0.95742
50/50 ???????????????????? 3s 68ms/step - acc: 0.9941 - auc: 0.9991 - loss: 0.0208 - val_acc: 0.8983 - val_auc: 0.9419 - val_loss: 0.5079
Epoch 100/300
50/50 ???????????????????? 0s 60ms/step - acc: 0.9939 - auc: 0.9997 - loss: 0.0173
Epoch 100: val_auc did not improve from 0.95742
50/50 ???????????????????? 3s 64ms/step - acc: 0.9938 - auc: 0.9997 - loss: 0.0173 - val_acc: 0.8990 - val_auc: 0.9420 - val_loss: 0.4857
Epoch 101/300
50/50 ???????????????????? 0s 63ms/step - acc: 0.9936 - auc: 0.9998 - loss: 0.0155
Epoch 101: val_auc did not improve from 0.95742
50/50 ???????????????????? 3s 66ms/step - acc: 0.9936 - auc: 0.9998 - loss: 0.0155 - val_acc: 0.8990 - val_auc: 0.9478 - val_loss: 0.4628
Epoch 102/300
49/50 ???????????????????? 0s 61ms/step - acc: 0.9890 - auc: 0.9979 - loss: 0.0370
Epoch 102: val_auc did not improve from 0.95742
50/50 ???????????????????? 3s 64ms/step - acc: 0.9889 - auc: 0.9979 - loss: 0.0373 - val_acc: 0.8755 - val_auc: 0.9378 - val_loss: 0.5243
Epoch 103/300
50/50 ???????????????????? 0s 62ms/step - acc: 0.9910 - auc: 0.9995 - loss: 0.0253
Epoch 103: val_auc did not improve from 0.95742
50/50 ???????????????????? 3s 66ms/step - acc: 0.9910 - auc: 0.9995 - loss: 0.0253 - val_acc: 0.8882 - val_auc: 0.9484 - val_loss: 0.4467
Epoch 104/300
50/50 ???????????????????? 0s 63ms/step - acc: 0.9967 - auc: 0.9999 - loss: 0.0124
Epoch 104: val_auc did not improve from 0.95742
50/50 ???????????????????? 3s 67ms/step - acc: 0.9967 - auc: 0.9999 - loss: 0.0124 - val_acc: 0.8895 - val_auc: 0.9483 - val_loss: 0.4808
Epoch 105/300
50/50 ???????????????????? 0s 69ms/step - acc: 0.9991 - auc: 1.0000 - loss: 0.0056
Epoch 105: val_auc did not improve from 0.95742
50/50 ???????????????????? 4s 73ms/step - acc: 0.9990 - auc: 1.0000 - loss: 0.0056 - val_acc: 0.8945 - val_auc: 0.9444 - val_loss: 0.4876
Epoch 106/300
50/50 ???????????????????? 0s 70ms/step - acc: 0.9993 - auc: 1.0000 - loss: 0.0025
Epoch 106: val_auc did not improve from 0.95742
50/50 ???????????????????? 4s 74ms/step - acc: 0.9993 - auc: 1.0000 - loss: 0.0026 - val_acc: 0.8875 - val_auc: 0.9401 - val_loss: 0.5315
Epoch 107/300
50/50 ???????????????????? 0s 68ms/step - acc: 0.9917 - auc: 0.9987 - loss: 0.0295
Epoch 107: val_auc did not improve from 0.95742
50/50 ???????????????????? 4s 72ms/step - acc: 0.9917 - auc: 0.9987 - loss: 0.0295 - val_acc: 0.8844 - val_auc: 0.9400 - val_loss: 0.5085
Epoch 108/300
50/50 ???????????????????? 0s 70ms/step - acc: 0.9966 - auc: 0.9999 - loss: 0.0115
Epoch 108: val_auc did not improve from 0.95742
50/50 ???????????????????? 4s 73ms/step - acc: 0.9966 - auc: 0.9999 - loss: 0.0114 - val_acc: 0.8863 - val_auc: 0.9457 - val_loss: 0.4725
Epoch 109/300
50/50 ???????????????????? 0s 69ms/step - acc: 0.9955 - auc: 0.9998 - loss: 0.0133
Epoch 109: val_auc did not improve from 0.95742
50/50 ???????????????????? 4s 72ms/step - acc: 0.9955 - auc: 0.9998 - loss: 0.0134 - val_acc: 0.8914 - val_auc: 0.9444 - val_loss: 0.5274
Epoch 110/300
50/50 ???????????????????? 0s 72ms/step - acc: 0.9964 - auc: 0.9998 - loss: 0.0118
Epoch 110: val_auc did not improve from 0.95742
50/50 ???????????????????? 4s 77ms/step - acc: 0.9964 - auc: 0.9998 - loss: 0.0118 - val_acc: 0.8825 - val_auc: 0.9388 - val_loss: 0.5485
Epoch 111/300
49/50 ???????????????????? 0s 63ms/step - acc: 0.9953 - auc: 0.9997 - loss: 0.0137
Epoch 111: val_auc did not improve from 0.95742
50/50 ???????????????????? 3s 66ms/step - acc: 0.9953 - auc: 0.9997 - loss: 0.0138 - val_acc: 0.8952 - val_auc: 0.9375 - val_loss: 0.5664
Epoch 112/300
49/50 ???????????????????? 0s 68ms/step - acc: 0.9974 - auc: 0.9999 - loss: 0.0087
Epoch 112: val_auc did not improve from 0.95742
50/50 ???????????????????? 4s 71ms/step - acc: 0.9974 - auc: 0.9999 - loss: 0.0087 - val_acc: 0.8926 - val_auc: 0.9446 - val_loss: 0.5299
Epoch 113/300
50/50 ???????????????????? 0s 66ms/step - acc: 0.9991 - auc: 1.0000 - loss: 0.0033
Epoch 113: val_auc did not improve from 0.95742
50/50 ???????????????????? 4s 70ms/step - acc: 0.9991 - auc: 1.0000 - loss: 0.0033 - val_acc: 0.8964 - val_auc: 0.9455 - val_loss: 0.5012
Epoch 114/300
50/50 ???????????????????? 0s 63ms/step - acc: 0.9988 - auc: 1.0000 - loss: 0.0026
Epoch 114: val_auc did not improve from 0.95742
50/50 ???????????????????? 3s 66ms/step - acc: 0.9988 - auc: 1.0000 - loss: 0.0026 - val_acc: 0.8933 - val_auc: 0.9458 - val_loss: 0.5125
Epoch 115/300
49/50 ???????????????????? 0s 63ms/step - acc: 0.9975 - auc: 1.0000 - loss: 0.0077
Epoch 115: val_auc did not improve from 0.95742
50/50 ???????????????????? 3s 66ms/step - acc: 0.9975 - auc: 1.0000 - loss: 0.0078 - val_acc: 0.8952 - val_auc: 0.9368 - val_loss: 0.5454
Epoch 116/300
50/50 ???????????????????? 0s 62ms/step - acc: 0.9977 - auc: 1.0000 - loss: 0.0066
Epoch 116: val_auc did not improve from 0.95742
50/50 ???????????????????? 3s 65ms/step - acc: 0.9977 - auc: 1.0000 - loss: 0.0066 - val_acc: 0.8971 - val_auc: 0.9419 - val_loss: 0.5328
Epoch 117/300
50/50 ???????????????????? 0s 65ms/step - acc: 0.9989 - auc: 0.9995 - loss: 0.0068
Epoch 117: val_auc did not improve from 0.95742
50/50 ???????????????????? 3s 69ms/step - acc: 0.9988 - auc: 0.9996 - loss: 0.0068 - val_acc: 0.9022 - val_auc: 0.9427 - val_loss: 0.5391
Epoch 118/300
49/50 ???????????????????? 0s 65ms/step - acc: 0.9966 - auc: 0.9990 - loss: 0.0145
Epoch 118: val_auc did not improve from 0.95742
50/50 ???????????????????? 3s 68ms/step - acc: 0.9967 - auc: 0.9990 - loss: 0.0144 - val_acc: 0.9009 - val_auc: 0.9459 - val_loss: 0.5056
Epoch 119/300
50/50 ???????????????????? 0s 66ms/step - acc: 0.9980 - auc: 1.0000 - loss: 0.0056
Epoch 119: val_auc did not improve from 0.95742
50/50 ???????????????????? 4s 70ms/step - acc: 0.9980 - auc: 1.0000 - loss: 0.0056 - val_acc: 0.8977 - val_auc: 0.9429 - val_loss: 0.5404
Epoch 120/300
50/50 ???????????????????? 0s 63ms/step - acc: 0.9984 - auc: 0.9995 - loss: 0.0094
Epoch 120: val_auc did not improve from 0.95742
50/50 ???????????????????? 3s 66ms/step - acc: 0.9984 - auc: 0.9995 - loss: 0.0094 - val_acc: 0.8869 - val_auc: 0.9418 - val_loss: 0.5180
Epoch 121/300
49/50 ???????????????????? 0s 65ms/step - acc: 0.9915 - auc: 0.9989 - loss: 0.0324
Epoch 121: val_auc did not improve from 0.95742
50/50 ???????????????????? 3s 68ms/step - acc: 0.9914 - auc: 0.9989 - loss: 0.0325 - val_acc: 0.8933 - val_auc: 0.9385 - val_loss: 0.5314
Epoch 122/300
50/50 ???????????????????? 0s 78ms/step - acc: 0.9902 - auc: 0.9985 - loss: 0.0304
Epoch 122: val_auc did not improve from 0.95742
50/50 ???????????????????? 4s 82ms/step - acc: 0.9902 - auc: 0.9985 - loss: 0.0303 - val_acc: 0.8895 - val_auc: 0.9402 - val_loss: 0.5429
Epoch 123/300
50/50 ???????????????????? 0s 72ms/step - acc: 0.9925 - auc: 0.9990 - loss: 0.0248
Epoch 123: val_auc did not improve from 0.95742
50/50 ???????????????????? 4s 75ms/step - acc: 0.9925 - auc: 0.9990 - loss: 0.0247 - val_acc: 0.8952 - val_auc: 0.9420 - val_loss: 0.5067
Epoch 124/300
50/50 ???????????????????? 0s 73ms/step - acc: 0.9942 - auc: 0.9997 - loss: 0.0165
Epoch 124: val_auc did not improve from 0.95742
50/50 ???????????????????? 4s 77ms/step - acc: 0.9942 - auc: 0.9997 - loss: 0.0164 - val_acc: 0.8920 - val_auc: 0.9451 - val_loss: 0.5157
Epoch 125/300
50/50 ???????????????????? 0s 72ms/step - acc: 0.9985 - auc: 1.0000 - loss: 0.0060
Epoch 125: val_auc did not improve from 0.95742
50/50 ???????????????????? 4s 75ms/step - acc: 0.9984 - auc: 0.9999 - loss: 0.0062 - val_acc: 0.8856 - val_auc: 0.9393 - val_loss: 0.5426
Epoch 126/300
50/50 ???????????????????? 0s 74ms/step - acc: 0.9910 - auc: 0.9984 - loss: 0.0332
Epoch 126: val_auc did not improve from 0.95742
50/50 ???????????????????? 4s 77ms/step - acc: 0.9910 - auc: 0.9984 - loss: 0.0331 - val_acc: 0.8920 - val_auc: 0.9425 - val_loss: 0.5212
Epoch 127/300
50/50 ???????????????????? 0s 73ms/step - acc: 0.9938 - auc: 0.9990 - loss: 0.0214
Epoch 127: val_auc did not improve from 0.95742
50/50 ???????????????????? 4s 77ms/step - acc: 0.9938 - auc: 0.9990 - loss: 0.0215 - val_acc: 0.8901 - val_auc: 0.9424 - val_loss: 0.5077
Epoch 128/300
50/50 ???????????????????? 0s 72ms/step - acc: 0.9874 - auc: 0.9967 - loss: 0.0459
Epoch 128: val_auc did not improve from 0.95742
50/50 ???????????????????? 4s 76ms/step - acc: 0.9874 - auc: 0.9967 - loss: 0.0458 - val_acc: 0.8895 - val_auc: 0.9465 - val_loss: 0.4821
Epoch 129/300
50/50 ???????????????????? 0s 69ms/step - acc: 0.9918 - auc: 0.9994 - loss: 0.0246
Epoch 129: val_auc did not improve from 0.95742
50/50 ???????????????????? 4s 73ms/step - acc: 0.9918 - auc: 0.9994 - loss: 0.0246 - val_acc: 0.8907 - val_auc: 0.9459 - val_loss: 0.4547
Epoch 130/300
50/50 ???????????????????? 0s 76ms/step - acc: 0.9968 - auc: 0.9999 - loss: 0.0112
Epoch 130: val_auc did not improve from 0.95742
50/50 ???????????????????? 4s 80ms/step - acc: 0.9968 - auc: 0.9999 - loss: 0.0111 - val_acc: 0.8964 - val_auc: 0.9465 - val_loss: 0.4505
Epoch 131/300
50/50 ???????????????????? 0s 69ms/step - acc: 0.9943 - auc: 0.9994 - loss: 0.0215
Epoch 131: val_auc did not improve from 0.95742
50/50 ???????????????????? 4s 73ms/step - acc: 0.9943 - auc: 0.9994 - loss: 0.0215 - val_acc: 0.9034 - val_auc: 0.9488 - val_loss: 0.4524
Epoch 132/300
49/50 ???????????????????? 0s 69ms/step - acc: 0.9939 - auc: 0.9993 - loss: 0.0220
Epoch 132: val_auc did not improve from 0.95742
50/50 ???????????????????? 4s 72ms/step - acc: 0.9939 - auc: 0.9993 - loss: 0.0220 - val_acc: 0.8996 - val_auc: 0.9468 - val_loss: 0.4692
Epoch 133/300
50/50 ???????????????????? 0s 73ms/step - acc: 0.9973 - auc: 1.0000 - loss: 0.0097
Epoch 133: val_auc did not improve from 0.95742
50/50 ???????????????????? 4s 78ms/step - acc: 0.9972 - auc: 1.0000 - loss: 0.0097 - val_acc: 0.8977 - val_auc: 0.9469 - val_loss: 0.4730
Epoch 134/300
50/50 ???????????????????? 0s 71ms/step - acc: 0.9969 - auc: 0.9997 - loss: 0.0126
Epoch 134: val_auc did not improve from 0.95742
50/50 ???????????????????? 4s 75ms/step - acc: 0.9969 - auc: 0.9997 - loss: 0.0126 - val_acc: 0.8952 - val_auc: 0.9431 - val_loss: 0.5364
Epoch 135/300
49/50 ???????????????????? 0s 72ms/step - acc: 0.9915 - auc: 0.9979 - loss: 0.0358
Epoch 135: val_auc did not improve from 0.95742
50/50 ???????????????????? 4s 75ms/step - acc: 0.9916 - auc: 0.9979 - loss: 0.0355 - val_acc: 0.8977 - val_auc: 0.9457 - val_loss: 0.4744
Epoch 136/300
50/50 ???????????????????? 0s 68ms/step - acc: 0.9952 - auc: 0.9994 - loss: 0.0181
Epoch 136: val_auc did not improve from 0.95742
50/50 ???????????????????? 4s 71ms/step - acc: 0.9952 - auc: 0.9994 - loss: 0.0181 - val_acc: 0.8895 - val_auc: 0.9368 - val_loss: 0.5343
Epoch 137/300
50/50 ???????????????????? 0s 70ms/step - acc: 0.9947 - auc: 0.9997 - loss: 0.0158
Epoch 137: val_auc did not improve from 0.95742
50/50 ???????????????????? 4s 74ms/step - acc: 0.9947 - auc: 0.9997 - loss: 0.0158 - val_acc: 0.8945 - val_auc: 0.9387 - val_loss: 0.5369
Epoch 138/300
50/50 ???????????????????? 0s 70ms/step - acc: 0.9958 - auc: 0.9998 - loss: 0.0112
Epoch 138: val_auc did not improve from 0.95742
50/50 ???????????????????? 4s 73ms/step - acc: 0.9958 - auc: 0.9998 - loss: 0.0112 - val_acc: 0.8863 - val_auc: 0.9360 - val_loss: 0.5549
Epoch 139/300
50/50 ???????????????????? 0s 72ms/step - acc: 0.9950 - auc: 0.9986 - loss: 0.0246
Epoch 139: val_auc did not improve from 0.95742
50/50 ???????????????????? 4s 75ms/step - acc: 0.9950 - auc: 0.9986 - loss: 0.0246 - val_acc: 0.8933 - val_auc: 0.9413 - val_loss: 0.5105
Epoch 140/300
50/50 ???????????????????? 0s 70ms/step - acc: 0.9946 - auc: 0.9991 - loss: 0.0167
Epoch 140: val_auc did not improve from 0.95742
50/50 ???????????????????? 4s 73ms/step - acc: 0.9946 - auc: 0.9991 - loss: 0.0166 - val_acc: 0.9041 - val_auc: 0.9458 - val_loss: 0.4638
Epoch 141/300
50/50 ???????????????????? 0s 69ms/step - acc: 0.9975 - auc: 1.0000 - loss: 0.0080
Epoch 141: val_auc did not improve from 0.95742
50/50 ???????????????????? 4s 72ms/step - acc: 0.9975 - auc: 1.0000 - loss: 0.0080 - val_acc: 0.8990 - val_auc: 0.9447 - val_loss: 0.5048
Epoch 142/300
50/50 ???????????????????? 0s 70ms/step - acc: 0.9981 - auc: 1.0000 - loss: 0.0055
Epoch 142: val_auc did not improve from 0.95742
50/50 ???????????????????? 4s 73ms/step - acc: 0.9981 - auc: 1.0000 - loss: 0.0056 - val_acc: 0.8939 - val_auc: 0.9409 - val_loss: 0.5114
Epoch 143/300
50/50 ???????????????????? 0s 69ms/step - acc: 0.9966 - auc: 0.9994 - loss: 0.0138
Epoch 143: val_auc did not improve from 0.95742
50/50 ???????????????????? 4s 72ms/step - acc: 0.9966 - auc: 0.9994 - loss: 0.0138 - val_acc: 0.8977 - val_auc: 0.9428 - val_loss: 0.5148
Epoch 144/300
50/50 ???????????????????? 0s 68ms/step - acc: 0.9967 - auc: 0.9994 - loss: 0.0111
Epoch 144: val_auc did not improve from 0.95742
50/50 ???????????????????? 4s 72ms/step - acc: 0.9967 - auc: 0.9994 - loss: 0.0111 - val_acc: 0.8945 - val_auc: 0.9425 - val_loss: 0.5186
Epoch 145/300
50/50 ???????????????????? 0s 68ms/step - acc: 0.9938 - auc: 0.9994 - loss: 0.0185
Epoch 145: val_auc did not improve from 0.95742
50/50 ???????????????????? 4s 71ms/step - acc: 0.9938 - auc: 0.9994 - loss: 0.0185 - val_acc: 0.8996 - val_auc: 0.9412 - val_loss: 0.4886
Epoch 146/300
50/50 ???????????????????? 0s 70ms/step - acc: 0.9978 - auc: 0.9999 - loss: 0.0089
Epoch 146: val_auc did not improve from 0.95742
50/50 ???????????????????? 4s 74ms/step - acc: 0.9978 - auc: 0.9999 - loss: 0.0090 - val_acc: 0.9015 - val_auc: 0.9456 - val_loss: 0.4883
Epoch 147/300
50/50 ???????????????????? 0s 71ms/step - acc: 0.9975 - auc: 1.0000 - loss: 0.0067
Epoch 147: val_auc did not improve from 0.95742
50/50 ???????????????????? 4s 75ms/step - acc: 0.9975 - auc: 1.0000 - loss: 0.0068 - val_acc: 0.8996 - val_auc: 0.9455 - val_loss: 0.4868
Epoch 148/300
50/50 ???????????????????? 0s 75ms/step - acc: 0.9983 - auc: 1.0000 - loss: 0.0055
Epoch 148: val_auc did not improve from 0.95742
50/50 ???????????????????? 4s 79ms/step - acc: 0.9984 - auc: 1.0000 - loss: 0.0055 - val_acc: 0.9053 - val_auc: 0.9499 - val_loss: 0.4749
Epoch 149/300
50/50 ???????????????????? 0s 76ms/step - acc: 0.9991 - auc: 1.0000 - loss: 0.0035
Epoch 149: val_auc did not improve from 0.95742
50/50 ???????????????????? 4s 80ms/step - acc: 0.9990 - auc: 0.9999 - loss: 0.0036 - val_acc: 0.9022 - val_auc: 0.9493 - val_loss: 0.4804
Epoch 150/300
50/50 ???????????????????? 0s 76ms/step - acc: 0.9981 - auc: 0.9998 - loss: 0.0057
Epoch 150: val_auc did not improve from 0.95742
50/50 ???????????????????? 4s 80ms/step - acc: 0.9981 - auc: 0.9998 - loss: 0.0058 - val_acc: 0.8945 - val_auc: 0.9357 - val_loss: 0.5846
Epoch 151/300
50/50 ???????????????????? 0s 75ms/step - acc: 0.9972 - auc: 0.9999 - loss: 0.0060
Epoch 151: val_auc did not improve from 0.95742
50/50 ???????????????????? 4s 80ms/step - acc: 0.9972 - auc: 0.9999 - loss: 0.0060 - val_acc: 0.9053 - val_auc: 0.9442 - val_loss: 0.5189
Epoch 152/300
50/50 ???????????????????? 0s 75ms/step - acc: 0.9947 - auc: 0.9986 - loss: 0.0198
Epoch 152: val_auc did not improve from 0.95742
50/50 ???????????????????? 4s 80ms/step - acc: 0.9947 - auc: 0.9986 - loss: 0.0198 - val_acc: 0.9047 - val_auc: 0.9435 - val_loss: 0.5251
Epoch 153/300
50/50 ???????????????????? 0s 75ms/step - acc: 0.9948 - auc: 0.9995 - loss: 0.0164
Epoch 153: val_auc did not improve from 0.95742
50/50 ???????????????????? 4s 79ms/step - acc: 0.9948 - auc: 0.9995 - loss: 0.0164 - val_acc: 0.8990 - val_auc: 0.9429 - val_loss: 0.5518
Epoch 154/300
50/50 ???????????????????? 0s 75ms/step - acc: 0.9951 - auc: 0.9997 - loss: 0.0117
Epoch 154: val_auc did not improve from 0.95742
50/50 ???????????????????? 4s 79ms/step - acc: 0.9951 - auc: 0.9997 - loss: 0.0117 - val_acc: 0.8996 - val_auc: 0.9426 - val_loss: 0.5124
Epoch 155/300
50/50 ???????????????????? 0s 75ms/step - acc: 0.9966 - auc: 0.9996 - loss: 0.0108
Epoch 155: val_auc did not improve from 0.95742
50/50 ???????????????????? 4s 79ms/step - acc: 0.9966 - auc: 0.9996 - loss: 0.0108 - val_acc: 0.8939 - val_auc: 0.9348 - val_loss: 0.5741
Epoch 156/300
50/50 ???????????????????? 0s 75ms/step - acc: 0.9949 - auc: 0.9997 - loss: 0.0162
Epoch 156: val_auc did not improve from 0.95742
50/50 ???????????????????? 4s 80ms/step - acc: 0.9949 - auc: 0.9997 - loss: 0.0162 - val_acc: 0.8926 - val_auc: 0.9454 - val_loss: 0.5112
Epoch 157/300
50/50 ???????????????????? 0s 75ms/step - acc: 0.9973 - auc: 1.0000 - loss: 0.0057
Epoch 157: val_auc did not improve from 0.95742
50/50 ???????????????????? 4s 79ms/step - acc: 0.9973 - auc: 1.0000 - loss: 0.0057 - val_acc: 0.9041 - val_auc: 0.9494 - val_loss: 0.4985
Epoch 158/300
49/50 ???????????????????? 0s 74ms/step - acc: 0.9986 - auc: 1.0000 - loss: 0.0049
Epoch 158: val_auc did not improve from 0.95742
50/50 ???????????????????? 4s 77ms/step - acc: 0.9986 - auc: 1.0000 - loss: 0.0050 - val_acc: 0.9009 - val_auc: 0.9477 - val_loss: 0.5014
Epoch 159/300
49/50 ???????????????????? 0s 63ms/step - acc: 0.9867 - auc: 0.9973 - loss: 0.0418
Epoch 159: val_auc did not improve from 0.95742
50/50 ???????????????????? 3s 67ms/step - acc: 0.9867 - auc: 0.9973 - loss: 0.0419 - val_acc: 0.8914 - val_auc: 0.9340 - val_loss: 0.5725
Epoch 160/300
50/50 ???????????????????? 0s 69ms/step - acc: 0.9916 - auc: 0.9992 - loss: 0.0258
Epoch 160: val_auc did not improve from 0.95742
50/50 ???????????????????? 4s 73ms/step - acc: 0.9917 - auc: 0.9992 - loss: 0.0258 - val_acc: 0.8977 - val_auc: 0.9436 - val_loss: 0.4963
Epoch 161/300
50/50 ???????????????????? 0s 76ms/step - acc: 0.9971 - auc: 0.9998 - loss: 0.0090
Epoch 161: val_auc did not improve from 0.95742
50/50 ???????????????????? 4s 80ms/step - acc: 0.9971 - auc: 0.9998 - loss: 0.0090 - val_acc: 0.8907 - val_auc: 0.9451 - val_loss: 0.4964
Epoch 162/300
50/50 ???????????????????? 0s 77ms/step - acc: 0.9987 - auc: 0.9993 - loss: 0.0071
Epoch 162: val_auc did not improve from 0.95742
50/50 ???????????????????? 4s 81ms/step - acc: 0.9987 - auc: 0.9993 - loss: 0.0070 - val_acc: 0.9047 - val_auc: 0.9460 - val_loss: 0.5004
Epoch 163/300
50/50 ???????????????????? 0s 74ms/step - acc: 0.9976 - auc: 0.9995 - loss: 0.0114
Epoch 163: val_auc did not improve from 0.95742
50/50 ???????????????????? 4s 77ms/step - acc: 0.9976 - auc: 0.9995 - loss: 0.0114 - val_acc: 0.8901 - val_auc: 0.9404 - val_loss: 0.5591
Epoch 164/300
50/50 ???????????????????? 0s 71ms/step - acc: 0.9982 - auc: 1.0000 - loss: 0.0064
Epoch 164: val_auc did not improve from 0.95742
50/50 ???????????????????? 4s 75ms/step - acc: 0.9982 - auc: 1.0000 - loss: 0.0064 - val_acc: 0.8920 - val_auc: 0.9387 - val_loss: 0.5596
Epoch 165/300
50/50 ???????????????????? 0s 68ms/step - acc: 0.9982 - auc: 0.9999 - loss: 0.0046
Epoch 165: val_auc did not improve from 0.95742
50/50 ???????????????????? 4s 72ms/step - acc: 0.9982 - auc: 0.9999 - loss: 0.0046 - val_acc: 0.8958 - val_auc: 0.9402 - val_loss: 0.5422
Epoch 166/300
50/50 ???????????????????? 0s 71ms/step - acc: 0.9981 - auc: 0.9998 - loss: 0.0060
Epoch 166: val_auc did not improve from 0.95742
50/50 ???????????????????? 4s 74ms/step - acc: 0.9981 - auc: 0.9998 - loss: 0.0061 - val_acc: 0.8977 - val_auc: 0.9450 - val_loss: 0.5307
Epoch 167/300
50/50 ???????????????????? 0s 74ms/step - acc: 0.9997 - auc: 1.0000 - loss: 0.0024
Epoch 167: val_auc did not improve from 0.95742
50/50 ???????????????????? 4s 78ms/step - acc: 0.9997 - auc: 1.0000 - loss: 0.0024 - val_acc: 0.9003 - val_auc: 0.9481 - val_loss: 0.5180
Epoch 168/300
50/50 ???????????????????? 0s 76ms/step - acc: 0.9991 - auc: 0.9995 - loss: 0.0056
Epoch 168: val_auc did not improve from 0.95742
50/50 ???????????????????? 4s 80ms/step - acc: 0.9991 - auc: 0.9995 - loss: 0.0056 - val_acc: 0.9034 - val_auc: 0.9447 - val_loss: 0.5344
Epoch 169/300
50/50 ???????????????????? 0s 77ms/step - acc: 0.9996 - auc: 1.0000 - loss: 0.0030
Epoch 169: val_auc did not improve from 0.95742
50/50 ???????????????????? 4s 81ms/step - acc: 0.9996 - auc: 1.0000 - loss: 0.0030 - val_acc: 0.9047 - val_auc: 0.9460 - val_loss: 0.5162
Epoch 170/300
50/50 ???????????????????? 0s 77ms/step - acc: 0.9963 - auc: 0.9992 - loss: 0.0142
Epoch 170: val_auc did not improve from 0.95742
50/50 ???????????????????? 4s 81ms/step - acc: 0.9963 - auc: 0.9992 - loss: 0.0142 - val_acc: 0.8831 - val_auc: 0.9300 - val_loss: 0.6117
Epoch 171/300
49/50 ???????????????????? 0s 74ms/step - acc: 0.9969 - auc: 0.9999 - loss: 0.0085
Epoch 171: val_auc did not improve from 0.95742
50/50 ???????????????????? 4s 77ms/step - acc: 0.9969 - auc: 0.9999 - loss: 0.0085 - val_acc: 0.8907 - val_auc: 0.9422 - val_loss: 0.5808
Epoch 172/300
50/50 ???????????????????? 0s 69ms/step - acc: 0.9904 - auc: 0.9978 - loss: 0.0369
Epoch 172: val_auc did not improve from 0.95742
50/50 ???????????????????? 4s 72ms/step - acc: 0.9904 - auc: 0.9978 - loss: 0.0368 - val_acc: 0.9015 - val_auc: 0.9462 - val_loss: 0.4780
Epoch 173/300
50/50 ???????????????????? 0s 71ms/step - acc: 0.9957 - auc: 0.9991 - loss: 0.0150
Epoch 173: val_auc did not improve from 0.95742
50/50 ???????????????????? 4s 75ms/step - acc: 0.9957 - auc: 0.9991 - loss: 0.0151 - val_acc: 0.8920 - val_auc: 0.9432 - val_loss: 0.5068
Epoch 174/300
50/50 ???????????????????? 0s 70ms/step - acc: 0.9971 - auc: 0.9999 - loss: 0.0098
Epoch 174: val_auc did not improve from 0.95742
50/50 ???????????????????? 4s 73ms/step - acc: 0.9971 - auc: 0.9999 - loss: 0.0099 - val_acc: 0.9022 - val_auc: 0.9520 - val_loss: 0.4561
Epoch 175/300
50/50 ???????????????????? 0s 73ms/step - acc: 0.9945 - auc: 0.9995 - loss: 0.0156
Epoch 175: val_auc did not improve from 0.95742
50/50 ???????????????????? 4s 76ms/step - acc: 0.9945 - auc: 0.9995 - loss: 0.0156 - val_acc: 0.8825 - val_auc: 0.9365 - val_loss: 0.5485
Epoch 176/300
50/50 ???????????????????? 0s 71ms/step - acc: 0.9923 - auc: 0.9981 - loss: 0.0279
Epoch 176: val_auc did not improve from 0.95742
50/50 ???????????????????? 4s 74ms/step - acc: 0.9923 - auc: 0.9981 - loss: 0.0278 - val_acc: 0.9123 - val_auc: 0.9500 - val_loss: 0.4310
Epoch 177/300
50/50 ???????????????????? 0s 73ms/step - acc: 0.9940 - auc: 0.9986 - loss: 0.0267
Epoch 177: val_auc did not improve from 0.95742
50/50 ???????????????????? 4s 77ms/step - acc: 0.9939 - auc: 0.9986 - loss: 0.0267 - val_acc: 0.8971 - val_auc: 0.9448 - val_loss: 0.4645
Epoch 178/300
50/50 ???????????????????? 0s 71ms/step - acc: 0.9963 - auc: 0.9995 - loss: 0.0126
Epoch 178: val_auc did not improve from 0.95742
50/50 ???????????????????? 4s 75ms/step - acc: 0.9963 - auc: 0.9995 - loss: 0.0126 - val_acc: 0.8952 - val_auc: 0.9463 - val_loss: 0.4726
Epoch 179/300
50/50 ???????????????????? 0s 69ms/step - acc: 0.9980 - auc: 1.0000 - loss: 0.0067
Epoch 179: val_auc did not improve from 0.95742
50/50 ???????????????????? 4s 72ms/step - acc: 0.9980 - auc: 1.0000 - loss: 0.0067 - val_acc: 0.9003 - val_auc: 0.9524 - val_loss: 0.4580
Epoch 180/300
50/50 ???????????????????? 0s 71ms/step - acc: 0.9984 - auc: 1.0000 - loss: 0.0033
Epoch 180: val_auc did not improve from 0.95742
50/50 ???????????????????? 4s 75ms/step - acc: 0.9984 - auc: 1.0000 - loss: 0.0033 - val_acc: 0.9028 - val_auc: 0.9511 - val_loss: 0.4702
Epoch 181/300
50/50 ???????????????????? 0s 73ms/step - acc: 0.9995 - auc: 1.0000 - loss: 0.0025
Epoch 181: val_auc did not improve from 0.95742
50/50 ???????????????????? 4s 77ms/step - acc: 0.9995 - auc: 1.0000 - loss: 0.0024 - val_acc: 0.9009 - val_auc: 0.9490 - val_loss: 0.4661
Epoch 182/300
50/50 ???????????????????? 0s 70ms/step - acc: 1.0000 - auc: 1.0000 - loss: 5.8839e-04
Epoch 182: val_auc did not improve from 0.95742
50/50 ???????????????????? 4s 74ms/step - acc: 1.0000 - auc: 1.0000 - loss: 5.9241e-04 - val_acc: 0.9022 - val_auc: 0.9487 - val_loss: 0.4716
Epoch 183/300
49/50 ???????????????????? 0s 75ms/step - acc: 0.9993 - auc: 1.0000 - loss: 0.0041
Epoch 183: val_auc did not improve from 0.95742
50/50 ???????????????????? 4s 77ms/step - acc: 0.9993 - auc: 1.0000 - loss: 0.0041 - val_acc: 0.8996 - val_auc: 0.9465 - val_loss: 0.5223
Epoch 184/300
50/50 ???????????????????? 0s 65ms/step - acc: 0.9987 - auc: 0.9995 - loss: 0.0069
Epoch 184: val_auc did not improve from 0.95742
50/50 ???????????????????? 3s 69ms/step - acc: 0.9987 - auc: 0.9995 - loss: 0.0069 - val_acc: 0.9022 - val_auc: 0.9493 - val_loss: 0.4857
Epoch 185/300
50/50 ???????????????????? 0s 75ms/step - acc: 0.9996 - auc: 1.0000 - loss: 0.0025
Epoch 185: val_auc did not improve from 0.95742
50/50 ???????????????????? 4s 79ms/step - acc: 0.9996 - auc: 1.0000 - loss: 0.0025 - val_acc: 0.8983 - val_auc: 0.9419 - val_loss: 0.5191
Epoch 186/300
50/50 ???????????????????? 0s 73ms/step - acc: 0.9990 - auc: 1.0000 - loss: 0.0040
Epoch 186: val_auc did not improve from 0.95742
50/50 ???????????????????? 4s 76ms/step - acc: 0.9990 - auc: 1.0000 - loss: 0.0040 - val_acc: 0.8983 - val_auc: 0.9465 - val_loss: 0.4960
Epoch 187/300
50/50 ???????????????????? 0s 76ms/step - acc: 0.9998 - auc: 1.0000 - loss: 0.0010
Epoch 187: val_auc did not improve from 0.95742
50/50 ???????????????????? 4s 80ms/step - acc: 0.9997 - auc: 1.0000 - loss: 0.0010 - val_acc: 0.8977 - val_auc: 0.9507 - val_loss: 0.4972
Epoch 188/300
50/50 ???????????????????? 0s 71ms/step - acc: 1.0000 - auc: 1.0000 - loss: 4.1985e-04
Epoch 188: val_auc did not improve from 0.95742
50/50 ???????????????????? 4s 75ms/step - acc: 1.0000 - auc: 1.0000 - loss: 4.2206e-04 - val_acc: 0.9047 - val_auc: 0.9495 - val_loss: 0.4950
Epoch 189/300
50/50 ???????????????????? 0s 73ms/step - acc: 1.0000 - auc: 1.0000 - loss: 4.8302e-04
Epoch 189: val_auc did not improve from 0.95742
50/50 ???????????????????? 4s 76ms/step - acc: 1.0000 - auc: 1.0000 - loss: 4.9208e-04 - val_acc: 0.9047 - val_auc: 0.9464 - val_loss: 0.5029
Epoch 190/300
50/50 ???????????????????? 0s 73ms/step - acc: 0.9999 - auc: 1.0000 - loss: 6.8334e-04
Epoch 190: val_auc did not improve from 0.95742
50/50 ???????????????????? 4s 76ms/step - acc: 0.9999 - auc: 1.0000 - loss: 7.1754e-04 - val_acc: 0.9085 - val_auc: 0.9460 - val_loss: 0.5036
Epoch 191/300
50/50 ???????????????????? 0s 72ms/step - acc: 0.9982 - auc: 0.9996 - loss: 0.0087
Epoch 191: val_auc did not improve from 0.95742
50/50 ???????????????????? 4s 76ms/step - acc: 0.9982 - auc: 0.9996 - loss: 0.0087 - val_acc: 0.8799 - val_auc: 0.9270 - val_loss: 0.6115
Epoch 192/300
50/50 ???????????????????? 0s 74ms/step - acc: 0.9984 - auc: 1.0000 - loss: 0.0060
Epoch 192: val_auc did not improve from 0.95742
50/50 ???????????????????? 4s 78ms/step - acc: 0.9984 - auc: 1.0000 - loss: 0.0061 - val_acc: 0.8875 - val_auc: 0.9264 - val_loss: 0.6606
Epoch 193/300
50/50 ???????????????????? 0s 72ms/step - acc: 0.9916 - auc: 0.9988 - loss: 0.0276
Epoch 193: val_auc did not improve from 0.95742
50/50 ???????????????????? 4s 75ms/step - acc: 0.9916 - auc: 0.9988 - loss: 0.0277 - val_acc: 0.8926 - val_auc: 0.9396 - val_loss: 0.5392
Epoch 194/300
50/50 ???????????????????? 0s 70ms/step - acc: 0.9924 - auc: 0.9990 - loss: 0.0248
Epoch 194: val_auc did not improve from 0.95742
50/50 ???????????????????? 4s 74ms/step - acc: 0.9924 - auc: 0.9990 - loss: 0.0248 - val_acc: 0.8901 - val_auc: 0.9446 - val_loss: 0.4805
Epoch 195/300
50/50 ???????????????????? 0s 70ms/step - acc: 0.9926 - auc: 0.9983 - loss: 0.0292
Epoch 195: val_auc did not improve from 0.95742
50/50 ???????????????????? 4s 73ms/step - acc: 0.9926 - auc: 0.9983 - loss: 0.0292 - val_acc: 0.8964 - val_auc: 0.9406 - val_loss: 0.4891
Epoch 196/300
50/50 ???????????????????? 0s 73ms/step - acc: 0.9974 - auc: 0.9998 - loss: 0.0113
Epoch 196: val_auc did not improve from 0.95742
50/50 ???????????????????? 4s 77ms/step - acc: 0.9974 - auc: 0.9998 - loss: 0.0113 - val_acc: 0.8952 - val_auc: 0.9425 - val_loss: 0.5064
Epoch 197/300
50/50 ???????????????????? 0s 75ms/step - acc: 0.9975 - auc: 0.9998 - loss: 0.0113
Epoch 197: val_auc did not improve from 0.95742
50/50 ???????????????????? 4s 78ms/step - acc: 0.9975 - auc: 0.9998 - loss: 0.0113 - val_acc: 0.8971 - val_auc: 0.9370 - val_loss: 0.5299
Epoch 198/300
50/50 ???????????????????? 0s 68ms/step - acc: 0.9924 - auc: 0.9992 - loss: 0.0219
Epoch 198: val_auc did not improve from 0.95742
50/50 ???????????????????? 4s 72ms/step - acc: 0.9924 - auc: 0.9992 - loss: 0.0219 - val_acc: 0.8882 - val_auc: 0.9372 - val_loss: 0.5356
Epoch 199/300
50/50 ???????????????????? 0s 73ms/step - acc: 0.9969 - auc: 0.9999 - loss: 0.0102
Epoch 199: val_auc did not improve from 0.95742
50/50 ???????????????????? 4s 77ms/step - acc: 0.9969 - auc: 0.9999 - loss: 0.0101 - val_acc: 0.8907 - val_auc: 0.9389 - val_loss: 0.5296
Epoch 200/300
50/50 ???????????????????? 0s 69ms/step - acc: 1.0000 - auc: 1.0000 - loss: 0.0024
Epoch 200: val_auc did not improve from 0.95742
50/50 ???????????????????? 4s 73ms/step - acc: 0.9999 - auc: 1.0000 - loss: 0.0024 - val_acc: 0.8983 - val_auc: 0.9432 - val_loss: 0.5003
Epoch 201/300
50/50 ???????????????????? 0s 74ms/step - acc: 0.9962 - auc: 0.9996 - loss: 0.0138
Epoch 201: val_auc did not improve from 0.95742
50/50 ???????????????????? 4s 77ms/step - acc: 0.9962 - auc: 0.9996 - loss: 0.0138 - val_acc: 0.8958 - val_auc: 0.9421 - val_loss: 0.5028
Epoch 202/300
50/50 ???????????????????? 0s 70ms/step - acc: 0.9933 - auc: 0.9989 - loss: 0.0212
Epoch 202: val_auc did not improve from 0.95742
50/50 ???????????????????? 4s 73ms/step - acc: 0.9933 - auc: 0.9989 - loss: 0.0212 - val_acc: 0.8920 - val_auc: 0.9414 - val_loss: 0.5035
Epoch 203/300
50/50 ???????????????????? 0s 75ms/step - acc: 0.9923 - auc: 0.9982 - loss: 0.0311
Epoch 203: val_auc did not improve from 0.95742
50/50 ???????????????????? 4s 79ms/step - acc: 0.9923 - auc: 0.9982 - loss: 0.0310 - val_acc: 0.8926 - val_auc: 0.9453 - val_loss: 0.4835
Epoch 204/300
50/50 ???????????????????? 0s 75ms/step - acc: 0.9976 - auc: 0.9995 - loss: 0.0106
Epoch 204: val_auc did not improve from 0.95742
50/50 ???????????????????? 4s 79ms/step - acc: 0.9976 - auc: 0.9995 - loss: 0.0106 - val_acc: 0.8939 - val_auc: 0.9431 - val_loss: 0.4934
Epoch 205/300
49/50 ???????????????????? 0s 81ms/step - acc: 0.9959 - auc: 0.9990 - loss: 0.0206
Epoch 205: val_auc did not improve from 0.95742
50/50 ???????????????????? 4s 83ms/step - acc: 0.9959 - auc: 0.9991 - loss: 0.0204 - val_acc: 0.9060 - val_auc: 0.9418 - val_loss: 0.4783
Epoch 206/300
49/50 ???????????????????? 0s 57ms/step - acc: 0.9983 - auc: 0.9999 - loss: 0.0063
Epoch 206: val_auc did not improve from 0.95742
50/50 ???????????????????? 3s 60ms/step - acc: 0.9983 - auc: 0.9999 - loss: 0.0063 - val_acc: 0.8977 - val_auc: 0.9445 - val_loss: 0.4820
Epoch 207/300
49/50 ???????????????????? 0s 58ms/step - acc: 0.9994 - auc: 1.0000 - loss: 0.0028
Epoch 207: val_auc did not improve from 0.95742
50/50 ???????????????????? 3s 61ms/step - acc: 0.9994 - auc: 1.0000 - loss: 0.0028 - val_acc: 0.9015 - val_auc: 0.9439 - val_loss: 0.4914
Epoch 208/300
49/50 ???????????????????? 0s 59ms/step - acc: 0.9996 - auc: 1.0000 - loss: 0.0018
Epoch 208: val_auc did not improve from 0.95742
50/50 ???????????????????? 3s 61ms/step - acc: 0.9995 - auc: 1.0000 - loss: 0.0018 - val_acc: 0.9060 - val_auc: 0.9411 - val_loss: 0.5148
Epoch 209/300
49/50 ???????????????????? 0s 57ms/step - acc: 0.9949 - auc: 0.9992 - loss: 0.0194
Epoch 209: val_auc did not improve from 0.95742
50/50 ???????????????????? 3s 60ms/step - acc: 0.9949 - auc: 0.9992 - loss: 0.0194 - val_acc: 0.8945 - val_auc: 0.9378 - val_loss: 0.5249
Epoch 210/300
49/50 ???????????????????? 0s 57ms/step - acc: 0.9961 - auc: 0.9992 - loss: 0.0157
Epoch 210: val_auc did not improve from 0.95742
50/50 ???????????????????? 3s 60ms/step - acc: 0.9961 - auc: 0.9992 - loss: 0.0158 - val_acc: 0.8888 - val_auc: 0.9464 - val_loss: 0.4931
Epoch 211/300
50/50 ???????????????????? 0s 56ms/step - acc: 0.9976 - auc: 0.9996 - loss: 0.0089
Epoch 211: val_auc did not improve from 0.95742
50/50 ???????????????????? 3s 59ms/step - acc: 0.9976 - auc: 0.9996 - loss: 0.0089 - val_acc: 0.8926 - val_auc: 0.9487 - val_loss: 0.4731
Epoch 212/300
49/50 ???????????????????? 0s 56ms/step - acc: 0.9993 - auc: 1.0000 - loss: 0.0029
Epoch 212: val_auc did not improve from 0.95742
50/50 ???????????????????? 3s 59ms/step - acc: 0.9993 - auc: 1.0000 - loss: 0.0029 - val_acc: 0.8977 - val_auc: 0.9467 - val_loss: 0.4837
Epoch 213/300
50/50 ???????????????????? 0s 55ms/step - acc: 0.9980 - auc: 1.0000 - loss: 0.0059
Epoch 213: val_auc did not improve from 0.95742
50/50 ???????????????????? 3s 59ms/step - acc: 0.9980 - auc: 1.0000 - loss: 0.0059 - val_acc: 0.8952 - val_auc: 0.9415 - val_loss: 0.5376
Epoch 214/300
49/50 ???????????????????? 0s 56ms/step - acc: 0.9966 - auc: 0.9993 - loss: 0.0134
Epoch 214: val_auc did not improve from 0.95742
50/50 ???????????????????? 3s 59ms/step - acc: 0.9966 - auc: 0.9993 - loss: 0.0133 - val_acc: 0.8996 - val_auc: 0.9427 - val_loss: 0.4846
Epoch 215/300
49/50 ???????????????????? 0s 56ms/step - acc: 0.9976 - auc: 0.9998 - loss: 0.0095
Epoch 215: val_auc did not improve from 0.95742
50/50 ???????????????????? 3s 59ms/step - acc: 0.9976 - auc: 0.9998 - loss: 0.0095 - val_acc: 0.8901 - val_auc: 0.9379 - val_loss: 0.5427
Epoch 216/300
49/50 ???????????????????? 0s 56ms/step - acc: 0.9971 - auc: 0.9987 - loss: 0.0167
Epoch 216: val_auc did not improve from 0.95742
50/50 ???????????????????? 3s 58ms/step - acc: 0.9970 - auc: 0.9987 - loss: 0.0167 - val_acc: 0.8964 - val_auc: 0.9421 - val_loss: 0.4763
Epoch 217/300
50/50 ???????????????????? 0s 58ms/step - acc: 0.9976 - auc: 1.0000 - loss: 0.0084
Epoch 217: val_auc did not improve from 0.95742
50/50 ???????????????????? 3s 61ms/step - acc: 0.9976 - auc: 1.0000 - loss: 0.0084 - val_acc: 0.8977 - val_auc: 0.9471 - val_loss: 0.4844
Epoch 218/300
49/50 ???????????????????? 0s 57ms/step - acc: 0.9975 - auc: 0.9998 - loss: 0.0081
Epoch 218: val_auc did not improve from 0.95742
50/50 ???????????????????? 3s 59ms/step - acc: 0.9975 - auc: 0.9998 - loss: 0.0081 - val_acc: 0.9066 - val_auc: 0.9458 - val_loss: 0.4780
Epoch 219/300
49/50 ???????????????????? 0s 57ms/step - acc: 0.9989 - auc: 0.9999 - loss: 0.0039
Epoch 219: val_auc did not improve from 0.95742
50/50 ???????????????????? 3s 59ms/step - acc: 0.9989 - auc: 0.9999 - loss: 0.0040 - val_acc: 0.9003 - val_auc: 0.9467 - val_loss: 0.4980
Epoch 220/300
49/50 ???????????????????? 0s 57ms/step - acc: 0.9992 - auc: 1.0000 - loss: 0.0024
Epoch 220: val_auc did not improve from 0.95742
50/50 ???????????????????? 3s 61ms/step - acc: 0.9992 - auc: 1.0000 - loss: 0.0025 - val_acc: 0.8958 - val_auc: 0.9418 - val_loss: 0.5413
Epoch 221/300
49/50 ???????????????????? 0s 56ms/step - acc: 0.9980 - auc: 0.9997 - loss: 0.0076
Epoch 221: val_auc did not improve from 0.95742
50/50 ???????????????????? 3s 58ms/step - acc: 0.9979 - auc: 0.9997 - loss: 0.0078 - val_acc: 0.8869 - val_auc: 0.9374 - val_loss: 0.5964
Epoch 222/300
49/50 ???????????????????? 0s 57ms/step - acc: 0.9978 - auc: 0.9999 - loss: 0.0084
Epoch 222: val_auc did not improve from 0.95742
50/50 ???????????????????? 3s 60ms/step - acc: 0.9978 - auc: 0.9999 - loss: 0.0084 - val_acc: 0.8914 - val_auc: 0.9408 - val_loss: 0.5466
Epoch 223/300
49/50 ???????????????????? 0s 56ms/step - acc: 0.9985 - auc: 0.9997 - loss: 0.0060
Epoch 223: val_auc did not improve from 0.95742
50/50 ???????????????????? 3s 59ms/step - acc: 0.9985 - auc: 0.9997 - loss: 0.0060 - val_acc: 0.8990 - val_auc: 0.9359 - val_loss: 0.5810
Epoch 224/300
50/50 ???????????????????? 0s 54ms/step - acc: 0.9966 - auc: 0.9994 - loss: 0.0109
Epoch 224: val_auc did not improve from 0.95742
50/50 ???????????????????? 3s 58ms/step - acc: 0.9966 - auc: 0.9994 - loss: 0.0110 - val_acc: 0.8888 - val_auc: 0.9417 - val_loss: 0.5132
Epoch 225/300
50/50 ???????????????????? 0s 56ms/step - acc: 0.9954 - auc: 0.9994 - loss: 0.0165
Epoch 225: val_auc did not improve from 0.95742
50/50 ???????????????????? 3s 60ms/step - acc: 0.9954 - auc: 0.9994 - loss: 0.0164 - val_acc: 0.8977 - val_auc: 0.9427 - val_loss: 0.5050
Epoch 226/300
50/50 ???????????????????? 0s 55ms/step - acc: 0.9978 - auc: 1.0000 - loss: 0.0065
Epoch 226: val_auc did not improve from 0.95742
50/50 ???????????????????? 3s 58ms/step - acc: 0.9978 - auc: 1.0000 - loss: 0.0065 - val_acc: 0.8952 - val_auc: 0.9444 - val_loss: 0.5155
Epoch 227/300
49/50 ???????????????????? 0s 56ms/step - acc: 0.9965 - auc: 0.9989 - loss: 0.0159
Epoch 227: val_auc did not improve from 0.95742
50/50 ???????????????????? 3s 59ms/step - acc: 0.9965 - auc: 0.9989 - loss: 0.0159 - val_acc: 0.8939 - val_auc: 0.9436 - val_loss: 0.5060
Epoch 228/300
49/50 ???????????????????? 0s 56ms/step - acc: 0.9930 - auc: 0.9975 - loss: 0.0317
Epoch 228: val_auc did not improve from 0.95742
50/50 ???????????????????? 3s 59ms/step - acc: 0.9930 - auc: 0.9975 - loss: 0.0315 - val_acc: 0.8983 - val_auc: 0.9469 - val_loss: 0.4822
Epoch 229/300
49/50 ???????????????????? 0s 59ms/step - acc: 0.9956 - auc: 0.9995 - loss: 0.0146
Epoch 229: val_auc did not improve from 0.95742
50/50 ???????????????????? 3s 63ms/step - acc: 0.9956 - auc: 0.9995 - loss: 0.0144 - val_acc: 0.9066 - val_auc: 0.9491 - val_loss: 0.4509
Epoch 230/300
50/50 ???????????????????? 0s 62ms/step - acc: 0.9988 - auc: 1.0000 - loss: 0.0034
Epoch 230: val_auc did not improve from 0.95742
50/50 ???????????????????? 3s 66ms/step - acc: 0.9988 - auc: 1.0000 - loss: 0.0034 - val_acc: 0.8971 - val_auc: 0.9464 - val_loss: 0.4902
Epoch 231/300
49/50 ???????????????????? 0s 66ms/step - acc: 0.9993 - auc: 0.9998 - loss: 0.0032
Epoch 231: val_auc did not improve from 0.95742
50/50 ???????????????????? 3s 69ms/step - acc: 0.9993 - auc: 0.9998 - loss: 0.0032 - val_acc: 0.9015 - val_auc: 0.9484 - val_loss: 0.4734
Epoch 232/300
50/50 ???????????????????? 0s 53ms/step - acc: 0.9996 - auc: 1.0000 - loss: 0.0021
Epoch 232: val_auc did not improve from 0.95742
50/50 ???????????????????? 3s 56ms/step - acc: 0.9996 - auc: 1.0000 - loss: 0.0021 - val_acc: 0.9066 - val_auc: 0.9487 - val_loss: 0.4768
Epoch 233/300
49/50 ???????????????????? 0s 53ms/step - acc: 0.9988 - auc: 1.0000 - loss: 0.0048
Epoch 233: val_auc did not improve from 0.95742
50/50 ???????????????????? 3s 56ms/step - acc: 0.9988 - auc: 1.0000 - loss: 0.0048 - val_acc: 0.9047 - val_auc: 0.9454 - val_loss: 0.5046
Epoch 234/300
49/50 ???????????????????? 0s 54ms/step - acc: 0.9995 - auc: 1.0000 - loss: 0.0016
Epoch 234: val_auc did not improve from 0.95742
50/50 ???????????????????? 3s 57ms/step - acc: 0.9995 - auc: 1.0000 - loss: 0.0016 - val_acc: 0.9041 - val_auc: 0.9451 - val_loss: 0.5078
Epoch 235/300
49/50 ???????????????????? 0s 56ms/step - acc: 0.9990 - auc: 1.0000 - loss: 0.0028
Epoch 235: val_auc did not improve from 0.95742
50/50 ???????????????????? 3s 58ms/step - acc: 0.9990 - auc: 1.0000 - loss: 0.0028 - val_acc: 0.9041 - val_auc: 0.9446 - val_loss: 0.5090
Epoch 236/300
50/50 ???????????????????? 0s 64ms/step - acc: 0.9995 - auc: 1.0000 - loss: 0.0012
Epoch 236: val_auc did not improve from 0.95742
50/50 ???????????????????? 3s 68ms/step - acc: 0.9995 - auc: 1.0000 - loss: 0.0012 - val_acc: 0.9028 - val_auc: 0.9420 - val_loss: 0.5410
Epoch 237/300
49/50 ???????????????????? 0s 62ms/step - acc: 0.9992 - auc: 0.9997 - loss: 0.0037
Epoch 237: val_auc did not improve from 0.95742
50/50 ???????????????????? 3s 65ms/step - acc: 0.9992 - auc: 0.9997 - loss: 0.0037 - val_acc: 0.8907 - val_auc: 0.9377 - val_loss: 0.5839
Epoch 238/300
49/50 ???????????????????? 0s 53ms/step - acc: 0.9996 - auc: 0.9998 - loss: 0.0028
Epoch 238: val_auc did not improve from 0.95742
50/50 ???????????????????? 3s 56ms/step - acc: 0.9996 - auc: 0.9998 - loss: 0.0028 - val_acc: 0.9015 - val_auc: 0.9393 - val_loss: 0.5786
Epoch 239/300
49/50 ???????????????????? 0s 59ms/step - acc: 0.9992 - auc: 0.9997 - loss: 0.0042
Epoch 239: val_auc did not improve from 0.95742
50/50 ???????????????????? 3s 62ms/step - acc: 0.9992 - auc: 0.9997 - loss: 0.0043 - val_acc: 0.9003 - val_auc: 0.9410 - val_loss: 0.5700
Epoch 240/300
49/50 ???????????????????? 0s 56ms/step - acc: 0.9960 - auc: 0.9984 - loss: 0.0205
Epoch 240: val_auc did not improve from 0.95742
50/50 ???????????????????? 3s 59ms/step - acc: 0.9960 - auc: 0.9984 - loss: 0.0204 - val_acc: 0.8945 - val_auc: 0.9428 - val_loss: 0.5389
Epoch 241/300
49/50 ???????????????????? 0s 56ms/step - acc: 0.9974 - auc: 0.9996 - loss: 0.0078
Epoch 241: val_auc did not improve from 0.95742
50/50 ???????????????????? 3s 60ms/step - acc: 0.9975 - auc: 0.9996 - loss: 0.0078 - val_acc: 0.8990 - val_auc: 0.9441 - val_loss: 0.5092
Epoch 242/300
49/50 ???????????????????? 0s 59ms/step - acc: 0.9996 - auc: 1.0000 - loss: 0.0028
Epoch 242: val_auc did not improve from 0.95742
50/50 ???????????????????? 3s 62ms/step - acc: 0.9995 - auc: 1.0000 - loss: 0.0028 - val_acc: 0.9009 - val_auc: 0.9441 - val_loss: 0.5143
Epoch 243/300
50/50 ???????????????????? 0s 56ms/step - acc: 0.9956 - auc: 0.9989 - loss: 0.0185
Epoch 243: val_auc did not improve from 0.95742
50/50 ???????????????????? 3s 60ms/step - acc: 0.9956 - auc: 0.9989 - loss: 0.0186 - val_acc: 0.8964 - val_auc: 0.9456 - val_loss: 0.4852
Epoch 244/300
50/50 ???????????????????? 0s 57ms/step - acc: 0.9942 - auc: 0.9989 - loss: 0.0215
Epoch 244: val_auc did not improve from 0.95742
50/50 ???????????????????? 3s 61ms/step - acc: 0.9942 - auc: 0.9989 - loss: 0.0214 - val_acc: 0.8914 - val_auc: 0.9443 - val_loss: 0.5086
Epoch 245/300
49/50 ???????????????????? 0s 57ms/step - acc: 0.9974 - auc: 0.9997 - loss: 0.0091
Epoch 245: val_auc did not improve from 0.95742
50/50 ???????????????????? 3s 60ms/step - acc: 0.9974 - auc: 0.9997 - loss: 0.0091 - val_acc: 0.8869 - val_auc: 0.9433 - val_loss: 0.5376
Epoch 246/300
49/50 ???????????????????? 0s 54ms/step - acc: 0.9987 - auc: 0.9996 - loss: 0.0067
Epoch 246: val_auc did not improve from 0.95742
50/50 ???????????????????? 3s 56ms/step - acc: 0.9987 - auc: 0.9996 - loss: 0.0067 - val_acc: 0.8945 - val_auc: 0.9434 - val_loss: 0.5169
Epoch 247/300
49/50 ???????????????????? 0s 54ms/step - acc: 0.9987 - auc: 1.0000 - loss: 0.0047
Epoch 247: val_auc did not improve from 0.95742
50/50 ???????????????????? 3s 56ms/step - acc: 0.9987 - auc: 1.0000 - loss: 0.0047 - val_acc: 0.8958 - val_auc: 0.9472 - val_loss: 0.5171
Epoch 248/300
49/50 ???????????????????? 0s 58ms/step - acc: 0.9955 - auc: 0.9990 - loss: 0.0166
Epoch 248: val_auc did not improve from 0.95742
50/50 ???????????????????? 3s 61ms/step - acc: 0.9955 - auc: 0.9991 - loss: 0.0165 - val_acc: 0.8812 - val_auc: 0.9415 - val_loss: 0.5290
Epoch 249/300
50/50 ???????????????????? 0s 57ms/step - acc: 0.9988 - auc: 1.0000 - loss: 0.0052
Epoch 249: val_auc did not improve from 0.95742
50/50 ???????????????????? 3s 60ms/step - acc: 0.9988 - auc: 1.0000 - loss: 0.0052 - val_acc: 0.8901 - val_auc: 0.9342 - val_loss: 0.5793
Epoch 250/300
49/50 ???????????????????? 0s 53ms/step - acc: 0.9974 - auc: 0.9997 - loss: 0.0093
Epoch 250: val_auc did not improve from 0.95742
50/50 ???????????????????? 3s 55ms/step - acc: 0.9974 - auc: 0.9997 - loss: 0.0093 - val_acc: 0.8990 - val_auc: 0.9433 - val_loss: 0.5454
Epoch 251/300
50/50 ???????????????????? 0s 55ms/step - acc: 0.9959 - auc: 0.9995 - loss: 0.0142
Epoch 251: val_auc did not improve from 0.95742
50/50 ???????????????????? 3s 59ms/step - acc: 0.9959 - auc: 0.9995 - loss: 0.0142 - val_acc: 0.8952 - val_auc: 0.9372 - val_loss: 0.5336
Epoch 252/300
49/50 ???????????????????? 0s 56ms/step - acc: 0.9995 - auc: 0.9998 - loss: 0.0037
Epoch 252: val_auc did not improve from 0.95742
50/50 ???????????????????? 3s 59ms/step - acc: 0.9995 - auc: 0.9998 - loss: 0.0038 - val_acc: 0.8920 - val_auc: 0.9410 - val_loss: 0.5395
Epoch 253/300
49/50 ???????????????????? 0s 53ms/step - acc: 0.9994 - auc: 0.9996 - loss: 0.0065
Epoch 253: val_auc did not improve from 0.95742
50/50 ???????????????????? 3s 56ms/step - acc: 0.9994 - auc: 0.9996 - loss: 0.0064 - val_acc: 0.8964 - val_auc: 0.9391 - val_loss: 0.5340
Epoch 254/300
49/50 ???????????????????? 0s 51ms/step - acc: 0.9993 - auc: 0.9998 - loss: 0.0033
Epoch 254: val_auc did not improve from 0.95742
50/50 ???????????????????? 3s 53ms/step - acc: 0.9992 - auc: 0.9998 - loss: 0.0034 - val_acc: 0.8933 - val_auc: 0.9377 - val_loss: 0.5354
Epoch 255/300
49/50 ???????????????????? 0s 55ms/step - acc: 0.9984 - auc: 1.0000 - loss: 0.0029
Epoch 255: val_auc did not improve from 0.95742
50/50 ???????????????????? 3s 57ms/step - acc: 0.9985 - auc: 1.0000 - loss: 0.0029 - val_acc: 0.8945 - val_auc: 0.9432 - val_loss: 0.5054
Epoch 256/300
49/50 ???????????????????? 0s 53ms/step - acc: 0.9990 - auc: 0.9998 - loss: 0.0034
Epoch 256: val_auc did not improve from 0.95742
50/50 ???????????????????? 3s 56ms/step - acc: 0.9990 - auc: 0.9998 - loss: 0.0034 - val_acc: 0.8996 - val_auc: 0.9460 - val_loss: 0.5078
Epoch 257/300
50/50 ???????????????????? 0s 54ms/step - acc: 0.9997 - auc: 1.0000 - loss: 0.0016
Epoch 257: val_auc did not improve from 0.95742
50/50 ???????????????????? 3s 57ms/step - acc: 0.9997 - auc: 1.0000 - loss: 0.0016 - val_acc: 0.8945 - val_auc: 0.9350 - val_loss: 0.5469
Epoch 258/300
50/50 ???????????????????? 0s 58ms/step - acc: 0.9993 - auc: 0.9996 - loss: 0.0046
Epoch 258: val_auc did not improve from 0.95742
50/50 ???????????????????? 3s 61ms/step - acc: 0.9993 - auc: 0.9996 - loss: 0.0046 - val_acc: 0.8907 - val_auc: 0.9407 - val_loss: 0.5525
Epoch 259/300
49/50 ???????????????????? 0s 55ms/step - acc: 0.9989 - auc: 1.0000 - loss: 0.0036
Epoch 259: val_auc did not improve from 0.95742
50/50 ???????????????????? 3s 58ms/step - acc: 0.9989 - auc: 1.0000 - loss: 0.0036 - val_acc: 0.8990 - val_auc: 0.9385 - val_loss: 0.5510
Epoch 260/300
49/50 ???????????????????? 0s 53ms/step - acc: 0.9960 - auc: 0.9998 - loss: 0.0099
Epoch 260: val_auc did not improve from 0.95742
50/50 ???????????????????? 3s 56ms/step - acc: 0.9960 - auc: 0.9998 - loss: 0.0100 - val_acc: 0.8926 - val_auc: 0.9409 - val_loss: 0.5469
Epoch 261/300
49/50 ???????????????????? 0s 54ms/step - acc: 0.9983 - auc: 0.9997 - loss: 0.0075
Epoch 261: val_auc did not improve from 0.95742
50/50 ???????????????????? 3s 57ms/step - acc: 0.9983 - auc: 0.9997 - loss: 0.0075 - val_acc: 0.9022 - val_auc: 0.9422 - val_loss: 0.5211
Epoch 262/300
50/50 ???????????????????? 0s 57ms/step - acc: 0.9981 - auc: 0.9999 - loss: 0.0052
Epoch 262: val_auc did not improve from 0.95742
50/50 ???????????????????? 3s 61ms/step - acc: 0.9981 - auc: 0.9999 - loss: 0.0052 - val_acc: 0.8971 - val_auc: 0.9474 - val_loss: 0.4982
Epoch 263/300
49/50 ???????????????????? 0s 53ms/step - acc: 0.9972 - auc: 0.9997 - loss: 0.0105
Epoch 263: val_auc did not improve from 0.95742
50/50 ???????????????????? 3s 56ms/step - acc: 0.9971 - auc: 0.9997 - loss: 0.0105 - val_acc: 0.8895 - val_auc: 0.9409 - val_loss: 0.5427
Epoch 264/300
49/50 ???????????????????? 0s 54ms/step - acc: 0.9966 - auc: 0.9995 - loss: 0.0114
Epoch 264: val_auc did not improve from 0.95742
50/50 ???????????????????? 3s 57ms/step - acc: 0.9965 - auc: 0.9995 - loss: 0.0116 - val_acc: 0.8945 - val_auc: 0.9490 - val_loss: 0.4808
Epoch 265/300
49/50 ???????????????????? 0s 56ms/step - acc: 0.9921 - auc: 0.9982 - loss: 0.0289
Epoch 265: val_auc did not improve from 0.95742
50/50 ???????????????????? 3s 59ms/step - acc: 0.9921 - auc: 0.9982 - loss: 0.0289 - val_acc: 0.8850 - val_auc: 0.9409 - val_loss: 0.5266
Epoch 266/300
50/50 ???????????????????? 0s 63ms/step - acc: 0.9966 - auc: 0.9999 - loss: 0.0102
Epoch 266: val_auc did not improve from 0.95742
50/50 ???????????????????? 3s 66ms/step - acc: 0.9966 - auc: 0.9999 - loss: 0.0102 - val_acc: 0.8977 - val_auc: 0.9495 - val_loss: 0.4451
Epoch 267/300
49/50 ???????????????????? 0s 59ms/step - acc: 0.9995 - auc: 1.0000 - loss: 0.0043
Epoch 267: val_auc did not improve from 0.95742
50/50 ???????????????????? 3s 61ms/step - acc: 0.9995 - auc: 1.0000 - loss: 0.0043 - val_acc: 0.9034 - val_auc: 0.9499 - val_loss: 0.4590
Epoch 268/300
49/50 ???????????????????? 0s 53ms/step - acc: 0.9996 - auc: 1.0000 - loss: 0.0024
Epoch 268: val_auc did not improve from 0.95742
50/50 ???????????????????? 3s 55ms/step - acc: 0.9996 - auc: 1.0000 - loss: 0.0024 - val_acc: 0.9022 - val_auc: 0.9485 - val_loss: 0.4921
Epoch 269/300
50/50 ???????????????????? 0s 61ms/step - acc: 0.9995 - auc: 1.0000 - loss: 0.0015
Epoch 269: val_auc did not improve from 0.95742
50/50 ???????????????????? 3s 65ms/step - acc: 0.9995 - auc: 1.0000 - loss: 0.0015 - val_acc: 0.9066 - val_auc: 0.9494 - val_loss: 0.4914
Epoch 270/300
49/50 ???????????????????? 0s 54ms/step - acc: 0.9992 - auc: 1.0000 - loss: 0.0027
Epoch 270: val_auc did not improve from 0.95742
50/50 ???????????????????? 3s 56ms/step - acc: 0.9992 - auc: 1.0000 - loss: 0.0027 - val_acc: 0.9079 - val_auc: 0.9488 - val_loss: 0.4947
Epoch 271/300
49/50 ???????????????????? 0s 51ms/step - acc: 0.9992 - auc: 1.0000 - loss: 0.0025
Epoch 271: val_auc did not improve from 0.95742
50/50 ???????????????????? 3s 54ms/step - acc: 0.9992 - auc: 1.0000 - loss: 0.0025 - val_acc: 0.9041 - val_auc: 0.9455 - val_loss: 0.5348
Epoch 272/300
49/50 ???????????????????? 0s 50ms/step - acc: 0.9989 - auc: 0.9999 - loss: 0.0033
Epoch 272: val_auc did not improve from 0.95742
50/50 ???????????????????? 3s 53ms/step - acc: 0.9989 - auc: 0.9999 - loss: 0.0033 - val_acc: 0.9060 - val_auc: 0.9463 - val_loss: 0.5153
Epoch 273/300
49/50 ???????????????????? 0s 53ms/step - acc: 0.9997 - auc: 1.0000 - loss: 9.6849e-04
Epoch 273: val_auc did not improve from 0.95742
50/50 ???????????????????? 3s 55ms/step - acc: 0.9997 - auc: 1.0000 - loss: 9.8571e-04 - val_acc: 0.8983 - val_auc: 0.9450 - val_loss: 0.5298
Epoch 274/300
49/50 ???????????????????? 0s 60ms/step - acc: 0.9994 - auc: 1.0000 - loss: 0.0026
Epoch 274: val_auc did not improve from 0.95742
50/50 ???????????????????? 3s 63ms/step - acc: 0.9994 - auc: 1.0000 - loss: 0.0026 - val_acc: 0.9022 - val_auc: 0.9437 - val_loss: 0.5420
Epoch 275/300
49/50 ???????????????????? 0s 59ms/step - acc: 0.9992 - auc: 1.0000 - loss: 0.0015
Epoch 275: val_auc did not improve from 0.95742
50/50 ???????????????????? 3s 63ms/step - acc: 0.9992 - auc: 1.0000 - loss: 0.0015 - val_acc: 0.9098 - val_auc: 0.9450 - val_loss: 0.5324
Epoch 276/300
50/50 ???????????????????? 0s 64ms/step - acc: 0.9999 - auc: 1.0000 - loss: 7.2492e-04
Epoch 276: val_auc did not improve from 0.95742
50/50 ???????????????????? 3s 67ms/step - acc: 0.9999 - auc: 1.0000 - loss: 7.2613e-04 - val_acc: 0.9053 - val_auc: 0.9461 - val_loss: 0.5383
Epoch 277/300
49/50 ???????????????????? 0s 62ms/step - acc: 1.0000 - auc: 1.0000 - loss: 6.2193e-04
Epoch 277: val_auc did not improve from 0.95742
50/50 ???????????????????? 3s 66ms/step - acc: 1.0000 - auc: 1.0000 - loss: 6.1753e-04 - val_acc: 0.9041 - val_auc: 0.9449 - val_loss: 0.5500
Epoch 278/300
50/50 ???????????????????? 0s 60ms/step - acc: 1.0000 - auc: 1.0000 - loss: 9.2804e-04
Epoch 278: val_auc did not improve from 0.95742
50/50 ???????????????????? 3s 64ms/step - acc: 1.0000 - auc: 1.0000 - loss: 9.2333e-04 - val_acc: 0.9034 - val_auc: 0.9454 - val_loss: 0.5458
Epoch 279/300
50/50 ???????????????????? 0s 57ms/step - acc: 0.9990 - auc: 1.0000 - loss: 0.0028
Epoch 279: val_auc did not improve from 0.95742
50/50 ???????????????????? 3s 60ms/step - acc: 0.9990 - auc: 1.0000 - loss: 0.0028 - val_acc: 0.8964 - val_auc: 0.9437 - val_loss: 0.5584
Epoch 280/300
49/50 ???????????????????? 0s 51ms/step - acc: 0.9978 - auc: 0.9995 - loss: 0.0107
Epoch 280: val_auc did not improve from 0.95742
50/50 ???????????????????? 3s 54ms/step - acc: 0.9978 - auc: 0.9995 - loss: 0.0106 - val_acc: 0.8952 - val_auc: 0.9362 - val_loss: 0.6045
Epoch 281/300
49/50 ???????????????????? 0s 55ms/step - acc: 0.9975 - auc: 0.9993 - loss: 0.0092
Epoch 281: val_auc did not improve from 0.95742
50/50 ???????????????????? 3s 58ms/step - acc: 0.9975 - auc: 0.9993 - loss: 0.0091 - val_acc: 0.8939 - val_auc: 0.9408 - val_loss: 0.6092
Epoch 282/300
49/50 ???????????????????? 0s 58ms/step - acc: 0.9975 - auc: 0.9995 - loss: 0.0066
Epoch 282: val_auc did not improve from 0.95742
50/50 ???????????????????? 3s 60ms/step - acc: 0.9975 - auc: 0.9995 - loss: 0.0066 - val_acc: 0.8971 - val_auc: 0.9392 - val_loss: 0.5982
Epoch 283/300
49/50 ???????????????????? 0s 63ms/step - acc: 0.9985 - auc: 0.9999 - loss: 0.0042
Epoch 283: val_auc did not improve from 0.95742
50/50 ???????????????????? 3s 66ms/step - acc: 0.9985 - auc: 0.9999 - loss: 0.0042 - val_acc: 0.8971 - val_auc: 0.9392 - val_loss: 0.5903
Epoch 284/300
49/50 ???????????????????? 0s 59ms/step - acc: 0.9979 - auc: 0.9994 - loss: 0.0098
Epoch 284: val_auc did not improve from 0.95742
50/50 ???????????????????? 3s 61ms/step - acc: 0.9979 - auc: 0.9994 - loss: 0.0098 - val_acc: 0.8977 - val_auc: 0.9442 - val_loss: 0.5693
Epoch 285/300
49/50 ???????????????????? 0s 54ms/step - acc: 0.9926 - auc: 0.9985 - loss: 0.0303
Epoch 285: val_auc did not improve from 0.95742
50/50 ???????????????????? 3s 56ms/step - acc: 0.9926 - auc: 0.9985 - loss: 0.0302 - val_acc: 0.8825 - val_auc: 0.9321 - val_loss: 0.5783
Epoch 286/300
49/50 ???????????????????? 0s 52ms/step - acc: 0.9940 - auc: 0.9989 - loss: 0.0210
Epoch 286: val_auc did not improve from 0.95742
50/50 ???????????????????? 3s 55ms/step - acc: 0.9941 - auc: 0.9989 - loss: 0.0209 - val_acc: 0.8799 - val_auc: 0.9364 - val_loss: 0.6034
Epoch 287/300
49/50 ???????????????????? 0s 53ms/step - acc: 0.9972 - auc: 0.9995 - loss: 0.0106
Epoch 287: val_auc did not improve from 0.95742
50/50 ???????????????????? 3s 56ms/step - acc: 0.9972 - auc: 0.9995 - loss: 0.0105 - val_acc: 0.8914 - val_auc: 0.9402 - val_loss: 0.5320
Epoch 288/300
49/50 ???????????????????? 0s 52ms/step - acc: 0.9971 - auc: 1.0000 - loss: 0.0083
Epoch 288: val_auc did not improve from 0.95742
50/50 ???????????????????? 3s 55ms/step - acc: 0.9971 - auc: 1.0000 - loss: 0.0083 - val_acc: 0.8952 - val_auc: 0.9457 - val_loss: 0.5214
Epoch 289/300
49/50 ???????????????????? 0s 52ms/step - acc: 0.9970 - auc: 0.9994 - loss: 0.0120
Epoch 289: val_auc did not improve from 0.95742
50/50 ???????????????????? 3s 55ms/step - acc: 0.9970 - auc: 0.9994 - loss: 0.0120 - val_acc: 0.8996 - val_auc: 0.9512 - val_loss: 0.4796
Epoch 290/300
49/50 ???????????????????? 0s 52ms/step - acc: 0.9973 - auc: 1.0000 - loss: 0.0087
Epoch 290: val_auc did not improve from 0.95742
50/50 ???????????????????? 3s 54ms/step - acc: 0.9974 - auc: 1.0000 - loss: 0.0087 - val_acc: 0.8901 - val_auc: 0.9463 - val_loss: 0.5198
Epoch 291/300
50/50 ???????????????????? 0s 51ms/step - acc: 0.9974 - auc: 0.9997 - loss: 0.0103
Epoch 291: val_auc did not improve from 0.95742
50/50 ???????????????????? 3s 53ms/step - acc: 0.9974 - auc: 0.9997 - loss: 0.0102 - val_acc: 0.8964 - val_auc: 0.9449 - val_loss: 0.5325
Epoch 292/300
49/50 ???????????????????? 0s 53ms/step - acc: 0.9991 - auc: 1.0000 - loss: 0.0037
Epoch 292: val_auc did not improve from 0.95742
50/50 ???????????????????? 3s 56ms/step - acc: 0.9991 - auc: 1.0000 - loss: 0.0037 - val_acc: 0.9041 - val_auc: 0.9497 - val_loss: 0.4884
Epoch 293/300
50/50 ???????????????????? 0s 52ms/step - acc: 0.9997 - auc: 1.0000 - loss: 0.0018
Epoch 293: val_auc did not improve from 0.95742
50/50 ???????????????????? 3s 55ms/step - acc: 0.9997 - auc: 1.0000 - loss: 0.0018 - val_acc: 0.9015 - val_auc: 0.9481 - val_loss: 0.5089
Epoch 294/300
49/50 ???????????????????? 0s 52ms/step - acc: 0.9993 - auc: 1.0000 - loss: 0.0018
Epoch 294: val_auc did not improve from 0.95742
50/50 ???????????????????? 3s 54ms/step - acc: 0.9993 - auc: 1.0000 - loss: 0.0018 - val_acc: 0.9041 - val_auc: 0.9474 - val_loss: 0.5223
Epoch 295/300
49/50 ???????????????????? 0s 52ms/step - acc: 0.9997 - auc: 1.0000 - loss: 0.0013
Epoch 295: val_auc did not improve from 0.95742
50/50 ???????????????????? 3s 55ms/step - acc: 0.9997 - auc: 1.0000 - loss: 0.0014 - val_acc: 0.9047 - val_auc: 0.9463 - val_loss: 0.5451
Epoch 296/300
49/50 ???????????????????? 0s 51ms/step - acc: 0.9997 - auc: 1.0000 - loss: 0.0013
Epoch 296: val_auc did not improve from 0.95742
50/50 ???????????????????? 3s 54ms/step - acc: 0.9997 - auc: 1.0000 - loss: 0.0013 - val_acc: 0.9028 - val_auc: 0.9458 - val_loss: 0.5397
Epoch 297/300
49/50 ???????????????????? 0s 52ms/step - acc: 0.9984 - auc: 0.9999 - loss: 0.0041
Epoch 297: val_auc did not improve from 0.95742
50/50 ???????????????????? 3s 54ms/step - acc: 0.9984 - auc: 0.9999 - loss: 0.0042 - val_acc: 0.8901 - val_auc: 0.9365 - val_loss: 0.6388
Epoch 298/300
49/50 ???????????????????? 0s 51ms/step - acc: 0.9978 - auc: 0.9996 - loss: 0.0077
Epoch 298: val_auc did not improve from 0.95742
50/50 ???????????????????? 3s 54ms/step - acc: 0.9978 - auc: 0.9996 - loss: 0.0077 - val_acc: 0.8926 - val_auc: 0.9363 - val_loss: 0.6317
Epoch 299/300
50/50 ???????????????????? 0s 51ms/step - acc: 0.9991 - auc: 1.0000 - loss: 0.0043
Epoch 299: val_auc did not improve from 0.95742
50/50 ???????????????????? 3s 54ms/step - acc: 0.9990 - auc: 1.0000 - loss: 0.0043 - val_acc: 0.8933 - val_auc: 0.9360 - val_loss: 0.6184
Epoch 300/300
49/50 ???????????????????? 0s 51ms/step - acc: 0.9971 - auc: 0.9986 - loss: 0.0165
Epoch 300: val_auc did not improve from 0.95742
50/50 ???????????????????? 3s 53ms/step - acc: 0.9971 - auc: 0.9987 - loss: 0.0164 - val_acc: 0.8945 - val_auc: 0.9461 - val_loss: 0.5334
50/50 ???????????????????? 0s 7ms/step
50/50 ???????????????????? 0s 4ms/step
ANN: Accuracy: 0.9098, AUC-ROC: 0.9656
ANN: AUC-PR: 0.9637, Precision: 0.9217,
ANN Recall: 0.8986, F1 Score: 0.9100
\ANN:RMSE: 11.9164 , PCC: 0.8357
Data processing and Training of MACSynDCR_CNN model:
MACSynDCR_CNN model:
Model: "sequential_9"
????????????????????????????????????????????????????????????????????????????????????????
? Layer (type)                         ? Output Shape                ?         Param # ?
????????????????????????????????????????????????????????????????????????????????????????
¦ conv2d_12 (Conv2D)                   ¦ (None, 62, 36, 32)          ¦             320 ¦
+--------------------------------------+-----------------------------+-----------------¦
¦ max_pooling2d_12 (MaxPooling2D)      ¦ (None, 31, 18, 32)          ¦               0 ¦
+--------------------------------------+-----------------------------+-----------------¦
¦ dropout_12 (Dropout)                 ¦ (None, 31, 18, 32)          ¦               0 ¦
+--------------------------------------+-----------------------------+-----------------¦
¦ conv2d_13 (Conv2D)                   ¦ (None, 29, 16, 64)          ¦          18,496 ¦
+--------------------------------------+-----------------------------+-----------------¦
¦ max_pooling2d_13 (MaxPooling2D)      ¦ (None, 14, 8, 64)           ¦               0 ¦
+--------------------------------------+-----------------------------+-----------------¦
¦ dropout_13 (Dropout)                 ¦ (None, 14, 8, 64)           ¦               0 ¦
+--------------------------------------+-----------------------------+-----------------¦
¦ conv2d_14 (Conv2D)                   ¦ (None, 12, 6, 128)          ¦          73,856 ¦
+--------------------------------------+-----------------------------+-----------------¦
¦ max_pooling2d_14 (MaxPooling2D)      ¦ (None, 6, 3, 128)           ¦               0 ¦
+--------------------------------------+-----------------------------+-----------------¦
¦ dropout_14 (Dropout)                 ¦ (None, 6, 3, 128)           ¦               0 ¦
+--------------------------------------+-----------------------------+-----------------¦
¦ flatten_4 (Flatten)                  ¦ (None, 2304)                ¦               0 ¦
+--------------------------------------+-----------------------------+-----------------¦
¦ dense_38 (Dense)                     ¦ (None, 128)                 ¦         295,040 ¦
+--------------------------------------+-----------------------------+-----------------¦
¦ dense_39 (Dense)                     ¦ (None, 2)                   ¦             258 ¦
+--------------------------------------------------------------------------------------+
 Total params: 387,970 (1.48 MB)
 Trainable params: 387,970 (1.48 MB)
 Non-trainable params: 0 (0.00 B)
Epoch 1/300
49/50 ???????????????????? 0s 55ms/step - acc: 0.5015 - auc: 0.5019 - loss: 0.7276
Epoch 1: val_acc improved from -inf to 0.49238, saving model to saved_models/best_MACSynDCR_CNN_model.keras
50/50 ???????????????????? 5s 65ms/step - acc: 0.5015 - auc: 0.5018 - loss: 0.7267 - val_acc: 0.4924 - val_auc: 0.4924 - val_loss: 0.6933
Epoch 2/300
49/50 ???????????????????? 0s 55ms/step - acc: 0.4891 - auc: 0.4887 - loss: 0.6936
Epoch 2: val_acc did not improve from 0.49238
50/50 ???????????????????? 3s 58ms/step - acc: 0.4897 - auc: 0.4894 - loss: 0.6936 - val_acc: 0.4924 - val_auc: 0.4933 - val_loss: 0.6925
Epoch 3/300
49/50 ???????????????????? 0s 55ms/step - acc: 0.5189 - auc: 0.5400 - loss: 0.6918
Epoch 3: val_acc improved from 0.49238 to 0.67980, saving model to saved_models/best_MACSynDCR_CNN_model.keras
50/50 ???????????????????? 3s 59ms/step - acc: 0.5195 - auc: 0.5406 - loss: 0.6917 - val_acc: 0.6798 - val_auc: 0.7510 - val_loss: 0.6798
Epoch 4/300
49/50 ???????????????????? 0s 55ms/step - acc: 0.6208 - auc: 0.6762 - loss: 0.6625
Epoch 4: val_acc improved from 0.67980 to 0.74206, saving model to saved_models/best_MACSynDCR_CNN_model.keras
50/50 ???????????????????? 3s 59ms/step - acc: 0.6224 - auc: 0.6779 - loss: 0.6612 - val_acc: 0.7421 - val_auc: 0.8213 - val_loss: 0.5244
Epoch 5/300
50/50 ???????????????????? 0s 55ms/step - acc: 0.7388 - auc: 0.8095 - loss: 0.5347
Epoch 5: val_acc improved from 0.74206 to 0.74905, saving model to saved_models/best_MACSynDCR_CNN_model.keras
50/50 ???????????????????? 3s 61ms/step - acc: 0.7388 - auc: 0.8095 - loss: 0.5347 - val_acc: 0.7490 - val_auc: 0.8387 - val_loss: 0.5058
Epoch 6/300
49/50 ???????????????????? 0s 55ms/step - acc: 0.7512 - auc: 0.8246 - loss: 0.5153
Epoch 6: val_acc improved from 0.74905 to 0.77192, saving model to saved_models/best_MACSynDCR_CNN_model.keras
50/50 ???????????????????? 3s 59ms/step - acc: 0.7515 - auc: 0.8251 - loss: 0.5147 - val_acc: 0.7719 - val_auc: 0.8626 - val_loss: 0.4647
Epoch 7/300
49/50 ???????????????????? 0s 55ms/step - acc: 0.7654 - auc: 0.8498 - loss: 0.4814
Epoch 7: val_acc improved from 0.77192 to 0.80623, saving model to saved_models/best_MACSynDCR_CNN_model.keras
50/50 ???????????????????? 3s 60ms/step - acc: 0.7658 - auc: 0.8503 - loss: 0.4808 - val_acc: 0.8062 - val_auc: 0.8914 - val_loss: 0.4156
Epoch 8/300
49/50 ???????????????????? 0s 55ms/step - acc: 0.7849 - auc: 0.8687 - loss: 0.4535
Epoch 8: val_acc did not improve from 0.80623
50/50 ???????????????????? 3s 59ms/step - acc: 0.7849 - auc: 0.8689 - loss: 0.4532 - val_acc: 0.8030 - val_auc: 0.8936 - val_loss: 0.4132
Epoch 9/300
49/50 ???????????????????? 0s 57ms/step - acc: 0.8071 - auc: 0.8888 - loss: 0.4220
Epoch 9: val_acc improved from 0.80623 to 0.80940, saving model to saved_models/best_MACSynDCR_CNN_model.keras
50/50 ???????????????????? 3s 62ms/step - acc: 0.8070 - auc: 0.8887 - loss: 0.4221 - val_acc: 0.8094 - val_auc: 0.8960 - val_loss: 0.4072
Epoch 10/300
49/50 ???????????????????? 0s 55ms/step - acc: 0.8125 - auc: 0.8947 - loss: 0.4095
Epoch 10: val_acc improved from 0.80940 to 0.81639, saving model to saved_models/best_MACSynDCR_CNN_model.keras
50/50 ???????????????????? 3s 59ms/step - acc: 0.8125 - auc: 0.8945 - loss: 0.4098 - val_acc: 0.8164 - val_auc: 0.9028 - val_loss: 0.3961
Epoch 11/300
49/50 ???????????????????? 0s 59ms/step - acc: 0.8024 - auc: 0.8853 - loss: 0.4266
Epoch 11: val_acc improved from 0.81639 to 0.82338, saving model to saved_models/best_MACSynDCR_CNN_model.keras
50/50 ???????????????????? 3s 63ms/step - acc: 0.8028 - auc: 0.8856 - loss: 0.4260 - val_acc: 0.8234 - val_auc: 0.9071 - val_loss: 0.3865
Epoch 12/300
49/50 ???????????????????? 0s 55ms/step - acc: 0.8323 - auc: 0.9051 - loss: 0.3916
Epoch 12: val_acc improved from 0.82338 to 0.83418, saving model to saved_models/best_MACSynDCR_CNN_model.keras
50/50 ???????????????????? 3s 60ms/step - acc: 0.8319 - auc: 0.9048 - loss: 0.3921 - val_acc: 0.8342 - val_auc: 0.9107 - val_loss: 0.3798
Epoch 13/300
49/50 ???????????????????? 0s 55ms/step - acc: 0.8176 - auc: 0.8991 - loss: 0.4014
Epoch 13: val_acc improved from 0.83418 to 0.83736, saving model to saved_models/best_MACSynDCR_CNN_model.keras
50/50 ???????????????????? 3s 60ms/step - acc: 0.8178 - auc: 0.8992 - loss: 0.4013 - val_acc: 0.8374 - val_auc: 0.9118 - val_loss: 0.3769
Epoch 14/300
49/50 ???????????????????? 0s 55ms/step - acc: 0.8296 - auc: 0.9095 - loss: 0.3816
Epoch 14: val_acc did not improve from 0.83736
50/50 ???????????????????? 3s 58ms/step - acc: 0.8295 - auc: 0.9094 - loss: 0.3819 - val_acc: 0.8310 - val_auc: 0.9106 - val_loss: 0.3791
Epoch 15/300
49/50 ???????????????????? 0s 56ms/step - acc: 0.8216 - auc: 0.8990 - loss: 0.4030
Epoch 15: val_acc improved from 0.83736 to 0.84180, saving model to saved_models/best_MACSynDCR_CNN_model.keras
50/50 ???????????????????? 3s 60ms/step - acc: 0.8219 - auc: 0.8992 - loss: 0.4025 - val_acc: 0.8418 - val_auc: 0.9160 - val_loss: 0.3698
Epoch 16/300
49/50 ???????????????????? 0s 55ms/step - acc: 0.8231 - auc: 0.9072 - loss: 0.3862
Epoch 16: val_acc did not improve from 0.84180
50/50 ???????????????????? 3s 58ms/step - acc: 0.8233 - auc: 0.9072 - loss: 0.3861 - val_acc: 0.8297 - val_auc: 0.9092 - val_loss: 0.3874
Epoch 17/300
49/50 ???????????????????? 0s 53ms/step - acc: 0.8360 - auc: 0.9084 - loss: 0.3846
Epoch 17: val_acc did not improve from 0.84180
50/50 ???????????????????? 3s 57ms/step - acc: 0.8362 - auc: 0.9087 - loss: 0.3841 - val_acc: 0.8374 - val_auc: 0.9166 - val_loss: 0.3676
Epoch 18/300
49/50 ???????????????????? 0s 55ms/step - acc: 0.8386 - auc: 0.9138 - loss: 0.3729
Epoch 18: val_acc improved from 0.84180 to 0.84498, saving model to saved_models/best_MACSynDCR_CNN_model.keras
50/50 ???????????????????? 3s 60ms/step - acc: 0.8386 - auc: 0.9139 - loss: 0.3729 - val_acc: 0.8450 - val_auc: 0.9210 - val_loss: 0.3606
Epoch 19/300
49/50 ???????????????????? 0s 55ms/step - acc: 0.8534 - auc: 0.9220 - loss: 0.3584
Epoch 19: val_acc improved from 0.84498 to 0.85197, saving model to saved_models/best_MACSynDCR_CNN_model.keras
50/50 ???????????????????? 3s 59ms/step - acc: 0.8532 - auc: 0.9220 - loss: 0.3585 - val_acc: 0.8520 - val_auc: 0.9229 - val_loss: 0.3559
Epoch 20/300
49/50 ???????????????????? 0s 56ms/step - acc: 0.8525 - auc: 0.9286 - loss: 0.3424
Epoch 20: val_acc improved from 0.85197 to 0.85324, saving model to saved_models/best_MACSynDCR_CNN_model.keras
50/50 ???????????????????? 3s 61ms/step - acc: 0.8524 - auc: 0.9284 - loss: 0.3427 - val_acc: 0.8532 - val_auc: 0.9268 - val_loss: 0.3455
Epoch 21/300
49/50 ???????????????????? 0s 55ms/step - acc: 0.8480 - auc: 0.9261 - loss: 0.3463
Epoch 21: val_acc improved from 0.85324 to 0.85642, saving model to saved_models/best_MACSynDCR_CNN_model.keras
50/50 ???????????????????? 3s 60ms/step - acc: 0.8482 - auc: 0.9261 - loss: 0.3461 - val_acc: 0.8564 - val_auc: 0.9296 - val_loss: 0.3390
Epoch 22/300
49/50 ???????????????????? 0s 55ms/step - acc: 0.8556 - auc: 0.9281 - loss: 0.3417
Epoch 22: val_acc improved from 0.85642 to 0.85769, saving model to saved_models/best_MACSynDCR_CNN_model.keras
50/50 ???????????????????? 3s 59ms/step - acc: 0.8557 - auc: 0.9281 - loss: 0.3417 - val_acc: 0.8577 - val_auc: 0.9297 - val_loss: 0.3390
Epoch 23/300
49/50 ???????????????????? 0s 55ms/step - acc: 0.8601 - auc: 0.9323 - loss: 0.3325
Epoch 23: val_acc improved from 0.85769 to 0.85959, saving model to saved_models/best_MACSynDCR_CNN_model.keras
50/50 ???????????????????? 3s 60ms/step - acc: 0.8601 - auc: 0.9323 - loss: 0.3324 - val_acc: 0.8596 - val_auc: 0.9331 - val_loss: 0.3302
Epoch 24/300
49/50 ???????????????????? 0s 56ms/step - acc: 0.8593 - auc: 0.9357 - loss: 0.3239
Epoch 24: val_acc did not improve from 0.85959
50/50 ???????????????????? 3s 59ms/step - acc: 0.8592 - auc: 0.9357 - loss: 0.3240 - val_acc: 0.8558 - val_auc: 0.9327 - val_loss: 0.3310
Epoch 25/300
49/50 ???????????????????? 0s 56ms/step - acc: 0.8675 - auc: 0.9401 - loss: 0.3130
Epoch 25: val_acc improved from 0.85959 to 0.86150, saving model to saved_models/best_MACSynDCR_CNN_model.keras
50/50 ???????????????????? 3s 61ms/step - acc: 0.8674 - auc: 0.9400 - loss: 0.3132 - val_acc: 0.8615 - val_auc: 0.9345 - val_loss: 0.3278
Epoch 26/300
49/50 ???????????????????? 0s 53ms/step - acc: 0.8707 - auc: 0.9385 - loss: 0.3163
Epoch 26: val_acc improved from 0.86150 to 0.86849, saving model to saved_models/best_MACSynDCR_CNN_model.keras
50/50 ???????????????????? 3s 58ms/step - acc: 0.8705 - auc: 0.9385 - loss: 0.3163 - val_acc: 0.8685 - val_auc: 0.9380 - val_loss: 0.3178
Epoch 27/300
49/50 ???????????????????? 0s 54ms/step - acc: 0.8717 - auc: 0.9416 - loss: 0.3090
Epoch 27: val_acc did not improve from 0.86849
50/50 ???????????????????? 3s 58ms/step - acc: 0.8716 - auc: 0.9415 - loss: 0.3091 - val_acc: 0.8653 - val_auc: 0.9399 - val_loss: 0.3149
Epoch 28/300
49/50 ???????????????????? 0s 55ms/step - acc: 0.8803 - auc: 0.9484 - loss: 0.2918
Epoch 28: val_acc did not improve from 0.86849
50/50 ???????????????????? 3s 59ms/step - acc: 0.8801 - auc: 0.9482 - loss: 0.2923 - val_acc: 0.8621 - val_auc: 0.9366 - val_loss: 0.3218
Epoch 29/300
49/50 ???????????????????? 0s 56ms/step - acc: 0.8745 - auc: 0.9439 - loss: 0.3032
Epoch 29: val_acc improved from 0.86849 to 0.87611, saving model to saved_models/best_MACSynDCR_CNN_model.keras
50/50 ???????????????????? 3s 60ms/step - acc: 0.8745 - auc: 0.9439 - loss: 0.3031 - val_acc: 0.8761 - val_auc: 0.9382 - val_loss: 0.3172
Epoch 30/300
49/50 ???????????????????? 0s 56ms/step - acc: 0.8797 - auc: 0.9503 - loss: 0.2848
Epoch 30: val_acc did not improve from 0.87611
50/50 ???????????????????? 3s 59ms/step - acc: 0.8797 - auc: 0.9502 - loss: 0.2851 - val_acc: 0.8691 - val_auc: 0.9411 - val_loss: 0.3109
Epoch 31/300
49/50 ???????????????????? 0s 55ms/step - acc: 0.8776 - auc: 0.9489 - loss: 0.2895
Epoch 31: val_acc did not improve from 0.87611
50/50 ???????????????????? 3s 59ms/step - acc: 0.8779 - auc: 0.9490 - loss: 0.2893 - val_acc: 0.8659 - val_auc: 0.9413 - val_loss: 0.3108
Epoch 32/300
49/50 ???????????????????? 0s 55ms/step - acc: 0.8831 - auc: 0.9490 - loss: 0.2882
Epoch 32: val_acc did not improve from 0.87611
50/50 ???????????????????? 3s 59ms/step - acc: 0.8830 - auc: 0.9491 - loss: 0.2881 - val_acc: 0.8679 - val_auc: 0.9427 - val_loss: 0.3066
Epoch 33/300
50/50 ???????????????????? 0s 54ms/step - acc: 0.8789 - auc: 0.9516 - loss: 0.2818
Epoch 33: val_acc did not improve from 0.87611
50/50 ???????????????????? 3s 59ms/step - acc: 0.8789 - auc: 0.9516 - loss: 0.2819 - val_acc: 0.8691 - val_auc: 0.9449 - val_loss: 0.3006
Epoch 34/300
49/50 ???????????????????? 0s 55ms/step - acc: 0.8876 - auc: 0.9532 - loss: 0.2766
Epoch 34: val_acc did not improve from 0.87611
50/50 ???????????????????? 3s 59ms/step - acc: 0.8876 - auc: 0.9532 - loss: 0.2767 - val_acc: 0.8710 - val_auc: 0.9453 - val_loss: 0.3007
Epoch 35/300
49/50 ???????????????????? 0s 56ms/step - acc: 0.8905 - auc: 0.9550 - loss: 0.2712
Epoch 35: val_acc did not improve from 0.87611
50/50 ???????????????????? 3s 59ms/step - acc: 0.8905 - auc: 0.9550 - loss: 0.2710 - val_acc: 0.8742 - val_auc: 0.9433 - val_loss: 0.3045
Epoch 36/300
49/50 ???????????????????? 0s 56ms/step - acc: 0.8975 - auc: 0.9584 - loss: 0.2611
Epoch 36: val_acc did not improve from 0.87611
50/50 ???????????????????? 3s 60ms/step - acc: 0.8974 - auc: 0.9583 - loss: 0.2614 - val_acc: 0.8704 - val_auc: 0.9433 - val_loss: 0.3080
Epoch 37/300
49/50 ???????????????????? 0s 54ms/step - acc: 0.8871 - auc: 0.9567 - loss: 0.2674
Epoch 37: val_acc improved from 0.87611 to 0.87865, saving model to saved_models/best_MACSynDCR_CNN_model.keras
50/50 ???????????????????? 3s 59ms/step - acc: 0.8871 - auc: 0.9568 - loss: 0.2673 - val_acc: 0.8787 - val_auc: 0.9469 - val_loss: 0.2964
Epoch 38/300
49/50 ???????????????????? 0s 55ms/step - acc: 0.8931 - auc: 0.9613 - loss: 0.2532
Epoch 38: val_acc did not improve from 0.87865
50/50 ???????????????????? 3s 58ms/step - acc: 0.8930 - auc: 0.9611 - loss: 0.2536 - val_acc: 0.8787 - val_auc: 0.9469 - val_loss: 0.2951
Epoch 39/300
50/50 ???????????????????? 0s 51ms/step - acc: 0.9056 - auc: 0.9643 - loss: 0.2424
Epoch 39: val_acc did not improve from 0.87865
50/50 ???????????????????? 3s 56ms/step - acc: 0.9054 - auc: 0.9643 - loss: 0.2427 - val_acc: 0.8761 - val_auc: 0.9433 - val_loss: 0.3045
Epoch 40/300
49/50 ???????????????????? 0s 56ms/step - acc: 0.8891 - auc: 0.9579 - loss: 0.2638
Epoch 40: val_acc did not improve from 0.87865
50/50 ???????????????????? 3s 59ms/step - acc: 0.8892 - auc: 0.9579 - loss: 0.2637 - val_acc: 0.8717 - val_auc: 0.9479 - val_loss: 0.2966
Epoch 41/300
49/50 ???????????????????? 0s 55ms/step - acc: 0.9008 - auc: 0.9619 - loss: 0.2488
Epoch 41: val_acc did not improve from 0.87865
50/50 ???????????????????? 3s 58ms/step - acc: 0.9006 - auc: 0.9619 - loss: 0.2490 - val_acc: 0.8780 - val_auc: 0.9462 - val_loss: 0.2978
Epoch 42/300
50/50 ???????????????????? 0s 53ms/step - acc: 0.8977 - auc: 0.9618 - loss: 0.2494
Epoch 42: val_acc did not improve from 0.87865
50/50 ???????????????????? 3s 58ms/step - acc: 0.8977 - auc: 0.9618 - loss: 0.2494 - val_acc: 0.8710 - val_auc: 0.9468 - val_loss: 0.2972
Epoch 43/300
49/50 ???????????????????? 0s 56ms/step - acc: 0.9047 - auc: 0.9654 - loss: 0.2380
Epoch 43: val_acc did not improve from 0.87865
50/50 ???????????????????? 3s 60ms/step - acc: 0.9046 - auc: 0.9654 - loss: 0.2381 - val_acc: 0.8748 - val_auc: 0.9481 - val_loss: 0.2936
Epoch 44/300
49/50 ???????????????????? 0s 55ms/step - acc: 0.9034 - auc: 0.9662 - loss: 0.2361
Epoch 44: val_acc did not improve from 0.87865
50/50 ???????????????????? 3s 58ms/step - acc: 0.9035 - auc: 0.9662 - loss: 0.2359 - val_acc: 0.8748 - val_auc: 0.9462 - val_loss: 0.3020
Epoch 45/300
49/50 ???????????????????? 0s 55ms/step - acc: 0.9036 - auc: 0.9656 - loss: 0.2375
Epoch 45: val_acc did not improve from 0.87865
50/50 ???????????????????? 3s 58ms/step - acc: 0.9036 - auc: 0.9656 - loss: 0.2376 - val_acc: 0.8691 - val_auc: 0.9475 - val_loss: 0.2944
Epoch 46/300
49/50 ???????????????????? 0s 54ms/step - acc: 0.9100 - auc: 0.9676 - loss: 0.2311
Epoch 46: val_acc did not improve from 0.87865
50/50 ???????????????????? 3s 57ms/step - acc: 0.9097 - auc: 0.9676 - loss: 0.2314 - val_acc: 0.8736 - val_auc: 0.9479 - val_loss: 0.2945
Epoch 47/300
49/50 ???????????????????? 0s 55ms/step - acc: 0.9075 - auc: 0.9696 - loss: 0.2253
Epoch 47: val_acc did not improve from 0.87865
50/50 ???????????????????? 3s 58ms/step - acc: 0.9073 - auc: 0.9695 - loss: 0.2255 - val_acc: 0.8729 - val_auc: 0.9474 - val_loss: 0.2963
Epoch 48/300
49/50 ???????????????????? 0s 54ms/step - acc: 0.9198 - auc: 0.9734 - loss: 0.2085
Epoch 48: val_acc did not improve from 0.87865
50/50 ???????????????????? 3s 57ms/step - acc: 0.9196 - auc: 0.9733 - loss: 0.2089 - val_acc: 0.8710 - val_auc: 0.9505 - val_loss: 0.2926
Epoch 49/300
49/50 ???????????????????? 0s 55ms/step - acc: 0.9112 - auc: 0.9708 - loss: 0.2189
Epoch 49: val_acc did not improve from 0.87865
50/50 ???????????????????? 3s 58ms/step - acc: 0.9111 - auc: 0.9708 - loss: 0.2190 - val_acc: 0.8787 - val_auc: 0.9513 - val_loss: 0.2903
Epoch 50/300
49/50 ???????????????????? 0s 56ms/step - acc: 0.9137 - auc: 0.9738 - loss: 0.2079
Epoch 50: val_acc improved from 0.87865 to 0.88119, saving model to saved_models/best_MACSynDCR_CNN_model.keras
50/50 ???????????????????? 3s 61ms/step - acc: 0.9136 - auc: 0.9738 - loss: 0.2081 - val_acc: 0.8812 - val_auc: 0.9480 - val_loss: 0.2963
Epoch 51/300
49/50 ???????????????????? 0s 56ms/step - acc: 0.9166 - auc: 0.9720 - loss: 0.2132
Epoch 51: val_acc did not improve from 0.88119
50/50 ???????????????????? 3s 60ms/step - acc: 0.9165 - auc: 0.9721 - loss: 0.2130 - val_acc: 0.8767 - val_auc: 0.9486 - val_loss: 0.2994
Epoch 52/300
50/50 ???????????????????? 0s 54ms/step - acc: 0.9115 - auc: 0.9721 - loss: 0.2135
Epoch 52: val_acc did not improve from 0.88119
50/50 ???????????????????? 3s 59ms/step - acc: 0.9115 - auc: 0.9721 - loss: 0.2135 - val_acc: 0.8767 - val_auc: 0.9484 - val_loss: 0.2990
Epoch 53/300
49/50 ???????????????????? 0s 54ms/step - acc: 0.9173 - auc: 0.9742 - loss: 0.2050
Epoch 53: val_acc did not improve from 0.88119
50/50 ???????????????????? 3s 58ms/step - acc: 0.9171 - auc: 0.9742 - loss: 0.2052 - val_acc: 0.8793 - val_auc: 0.9498 - val_loss: 0.2933
Epoch 54/300
49/50 ???????????????????? 0s 54ms/step - acc: 0.9148 - auc: 0.9747 - loss: 0.2039
Epoch 54: val_acc did not improve from 0.88119
50/50 ???????????????????? 3s 57ms/step - acc: 0.9148 - auc: 0.9748 - loss: 0.2038 - val_acc: 0.8717 - val_auc: 0.9489 - val_loss: 0.3012
Epoch 55/300
49/50 ???????????????????? 0s 53ms/step - acc: 0.9148 - auc: 0.9770 - loss: 0.1953
Epoch 55: val_acc did not improve from 0.88119
50/50 ???????????????????? 3s 57ms/step - acc: 0.9148 - auc: 0.9769 - loss: 0.1957 - val_acc: 0.8761 - val_auc: 0.9480 - val_loss: 0.2973
Epoch 56/300
50/50 ???????????????????? 0s 54ms/step - acc: 0.9272 - auc: 0.9788 - loss: 0.1870
Epoch 56: val_acc improved from 0.88119 to 0.88564, saving model to saved_models/best_MACSynDCR_CNN_model.keras
50/50 ???????????????????? 3s 59ms/step - acc: 0.9270 - auc: 0.9788 - loss: 0.1873 - val_acc: 0.8856 - val_auc: 0.9511 - val_loss: 0.2907
Epoch 57/300
49/50 ???????????????????? 0s 54ms/step - acc: 0.9188 - auc: 0.9757 - loss: 0.2002
Epoch 57: val_acc did not improve from 0.88564
50/50 ???????????????????? 3s 57ms/step - acc: 0.9188 - auc: 0.9757 - loss: 0.2001 - val_acc: 0.8793 - val_auc: 0.9491 - val_loss: 0.2999
Epoch 58/300
49/50 ???????????????????? 0s 54ms/step - acc: 0.9142 - auc: 0.9753 - loss: 0.2019
Epoch 58: val_acc did not improve from 0.88564
50/50 ???????????????????? 3s 57ms/step - acc: 0.9143 - auc: 0.9753 - loss: 0.2017 - val_acc: 0.8825 - val_auc: 0.9522 - val_loss: 0.2895
Epoch 59/300
49/50 ???????????????????? 0s 53ms/step - acc: 0.9289 - auc: 0.9805 - loss: 0.1789
Epoch 59: val_acc did not improve from 0.88564
50/50 ???????????????????? 3s 56ms/step - acc: 0.9288 - auc: 0.9804 - loss: 0.1792 - val_acc: 0.8723 - val_auc: 0.9494 - val_loss: 0.3012
Epoch 60/300
49/50 ???????????????????? 0s 54ms/step - acc: 0.9279 - auc: 0.9803 - loss: 0.1796
Epoch 60: val_acc did not improve from 0.88564
50/50 ???????????????????? 3s 57ms/step - acc: 0.9277 - auc: 0.9803 - loss: 0.1799 - val_acc: 0.8818 - val_auc: 0.9494 - val_loss: 0.3011
Epoch 61/300
50/50 ???????????????????? 0s 53ms/step - acc: 0.9303 - auc: 0.9805 - loss: 0.1790
Epoch 61: val_acc improved from 0.88564 to 0.88818, saving model to saved_models/best_MACSynDCR_CNN_model.keras
50/50 ???????????????????? 3s 58ms/step - acc: 0.9303 - auc: 0.9805 - loss: 0.1790 - val_acc: 0.8882 - val_auc: 0.9512 - val_loss: 0.3063
Epoch 62/300
50/50 ???????????????????? 0s 53ms/step - acc: 0.9252 - auc: 0.9818 - loss: 0.1734
Epoch 62: val_acc did not improve from 0.88818
50/50 ???????????????????? 3s 57ms/step - acc: 0.9252 - auc: 0.9817 - loss: 0.1735 - val_acc: 0.8780 - val_auc: 0.9498 - val_loss: 0.3013
Epoch 63/300
49/50 ???????????????????? 0s 56ms/step - acc: 0.9253 - auc: 0.9800 - loss: 0.1814
Epoch 63: val_acc did not improve from 0.88818
50/50 ???????????????????? 3s 59ms/step - acc: 0.9254 - auc: 0.9800 - loss: 0.1814 - val_acc: 0.8799 - val_auc: 0.9495 - val_loss: 0.3036
Epoch 64/300
49/50 ???????????????????? 0s 55ms/step - acc: 0.9309 - auc: 0.9829 - loss: 0.1683
Epoch 64: val_acc did not improve from 0.88818
50/50 ???????????????????? 3s 59ms/step - acc: 0.9308 - auc: 0.9828 - loss: 0.1687 - val_acc: 0.8793 - val_auc: 0.9500 - val_loss: 0.3030
Epoch 65/300
49/50 ???????????????????? 0s 55ms/step - acc: 0.9299 - auc: 0.9801 - loss: 0.1795
Epoch 65: val_acc did not improve from 0.88818
50/50 ???????????????????? 3s 59ms/step - acc: 0.9299 - auc: 0.9801 - loss: 0.1793 - val_acc: 0.8780 - val_auc: 0.9518 - val_loss: 0.3004
Epoch 66/300
49/50 ???????????????????? 0s 55ms/step - acc: 0.9290 - auc: 0.9827 - loss: 0.1691
Epoch 66: val_acc did not improve from 0.88818
50/50 ???????????????????? 3s 58ms/step - acc: 0.9290 - auc: 0.9827 - loss: 0.1691 - val_acc: 0.8767 - val_auc: 0.9490 - val_loss: 0.3265
Epoch 67/300
49/50 ???????????????????? 0s 55ms/step - acc: 0.9281 - auc: 0.9826 - loss: 0.1654
Epoch 67: val_acc did not improve from 0.88818
50/50 ???????????????????? 3s 59ms/step - acc: 0.9281 - auc: 0.9827 - loss: 0.1654 - val_acc: 0.8742 - val_auc: 0.9462 - val_loss: 0.3206
Epoch 68/300
49/50 ???????????????????? 0s 55ms/step - acc: 0.9283 - auc: 0.9833 - loss: 0.1652
Epoch 68: val_acc did not improve from 0.88818
50/50 ???????????????????? 3s 59ms/step - acc: 0.9285 - auc: 0.9833 - loss: 0.1651 - val_acc: 0.8812 - val_auc: 0.9489 - val_loss: 0.3122
Epoch 69/300
49/50 ???????????????????? 0s 55ms/step - acc: 0.9279 - auc: 0.9825 - loss: 0.1703
Epoch 69: val_acc did not improve from 0.88818
50/50 ???????????????????? 3s 58ms/step - acc: 0.9279 - auc: 0.9825 - loss: 0.1703 - val_acc: 0.8837 - val_auc: 0.9498 - val_loss: 0.3050
Epoch 70/300
49/50 ???????????????????? 0s 56ms/step - acc: 0.9275 - auc: 0.9828 - loss: 0.1676
Epoch 70: val_acc did not improve from 0.88818
50/50 ???????????????????? 3s 59ms/step - acc: 0.9276 - auc: 0.9829 - loss: 0.1675 - val_acc: 0.8780 - val_auc: 0.9483 - val_loss: 0.3160
Epoch 71/300
49/50 ???????????????????? 0s 56ms/step - acc: 0.9366 - auc: 0.9865 - loss: 0.1493
Epoch 71: val_acc did not improve from 0.88818
50/50 ???????????????????? 3s 59ms/step - acc: 0.9365 - auc: 0.9864 - loss: 0.1495 - val_acc: 0.8806 - val_auc: 0.9493 - val_loss: 0.3148
Epoch 72/300
49/50 ???????????????????? 0s 56ms/step - acc: 0.9413 - auc: 0.9868 - loss: 0.1473
Epoch 72: val_acc did not improve from 0.88818
50/50 ???????????????????? 3s 59ms/step - acc: 0.9412 - auc: 0.9868 - loss: 0.1474 - val_acc: 0.8787 - val_auc: 0.9466 - val_loss: 0.3199
Epoch 73/300
49/50 ???????????????????? 0s 55ms/step - acc: 0.9322 - auc: 0.9834 - loss: 0.1648
Epoch 73: val_acc did not improve from 0.88818
50/50 ???????????????????? 3s 59ms/step - acc: 0.9322 - auc: 0.9834 - loss: 0.1646 - val_acc: 0.8806 - val_auc: 0.9500 - val_loss: 0.3067
Epoch 74/300
49/50 ???????????????????? 0s 55ms/step - acc: 0.9428 - auc: 0.9868 - loss: 0.1478
Epoch 74: val_acc did not improve from 0.88818
50/50 ???????????????????? 3s 59ms/step - acc: 0.9426 - auc: 0.9868 - loss: 0.1479 - val_acc: 0.8856 - val_auc: 0.9523 - val_loss: 0.3008
Epoch 75/300
50/50 ???????????????????? 0s 55ms/step - acc: 0.9332 - auc: 0.9838 - loss: 0.1646
Epoch 75: val_acc did not improve from 0.88818
50/50 ???????????????????? 3s 59ms/step - acc: 0.9332 - auc: 0.9838 - loss: 0.1645 - val_acc: 0.8818 - val_auc: 0.9500 - val_loss: 0.3141
Epoch 76/300
49/50 ???????????????????? 0s 55ms/step - acc: 0.9350 - auc: 0.9839 - loss: 0.1604
Epoch 76: val_acc did not improve from 0.88818
50/50 ???????????????????? 3s 58ms/step - acc: 0.9350 - auc: 0.9839 - loss: 0.1603 - val_acc: 0.8825 - val_auc: 0.9495 - val_loss: 0.3064
Epoch 77/300
49/50 ???????????????????? 0s 55ms/step - acc: 0.9465 - auc: 0.9872 - loss: 0.1434
Epoch 77: val_acc did not improve from 0.88818
50/50 ???????????????????? 3s 58ms/step - acc: 0.9464 - auc: 0.9871 - loss: 0.1436 - val_acc: 0.8837 - val_auc: 0.9493 - val_loss: 0.3084
Epoch 78/300
49/50 ???????????????????? 0s 55ms/step - acc: 0.9446 - auc: 0.9886 - loss: 0.1373
Epoch 78: val_acc did not improve from 0.88818
50/50 ???????????????????? 3s 59ms/step - acc: 0.9446 - auc: 0.9886 - loss: 0.1375 - val_acc: 0.8806 - val_auc: 0.9479 - val_loss: 0.3178
Epoch 79/300
49/50 ???????????????????? 0s 55ms/step - acc: 0.9393 - auc: 0.9863 - loss: 0.1492
Epoch 79: val_acc did not improve from 0.88818
50/50 ???????????????????? 3s 59ms/step - acc: 0.9395 - auc: 0.9863 - loss: 0.1489 - val_acc: 0.8806 - val_auc: 0.9498 - val_loss: 0.3157
Epoch 80/300
49/50 ???????????????????? 0s 53ms/step - acc: 0.9453 - auc: 0.9892 - loss: 0.1336
Epoch 80: val_acc did not improve from 0.88818
50/50 ???????????????????? 3s 56ms/step - acc: 0.9454 - auc: 0.9892 - loss: 0.1335 - val_acc: 0.8831 - val_auc: 0.9489 - val_loss: 0.3450
Epoch 81/300
49/50 ???????????????????? 0s 56ms/step - acc: 0.9431 - auc: 0.9874 - loss: 0.1438
Epoch 81: val_acc did not improve from 0.88818
50/50 ???????????????????? 3s 59ms/step - acc: 0.9432 - auc: 0.9874 - loss: 0.1437 - val_acc: 0.8793 - val_auc: 0.9491 - val_loss: 0.3250
Epoch 82/300
49/50 ???????????????????? 0s 53ms/step - acc: 0.9497 - auc: 0.9884 - loss: 0.1346
Epoch 82: val_acc did not improve from 0.88818
50/50 ???????????????????? 3s 56ms/step - acc: 0.9496 - auc: 0.9884 - loss: 0.1347 - val_acc: 0.8806 - val_auc: 0.9497 - val_loss: 0.3193
Epoch 83/300
49/50 ???????????????????? 0s 54ms/step - acc: 0.9470 - auc: 0.9900 - loss: 0.1274
Epoch 83: val_acc did not improve from 0.88818
50/50 ???????????????????? 3s 57ms/step - acc: 0.9470 - auc: 0.9900 - loss: 0.1277 - val_acc: 0.8774 - val_auc: 0.9501 - val_loss: 0.3286
Epoch 84/300
49/50 ???????????????????? 0s 54ms/step - acc: 0.9399 - auc: 0.9876 - loss: 0.1423
Epoch 84: val_acc did not improve from 0.88818
50/50 ???????????????????? 3s 58ms/step - acc: 0.9399 - auc: 0.9876 - loss: 0.1422 - val_acc: 0.8748 - val_auc: 0.9498 - val_loss: 0.3210
Epoch 85/300
50/50 ???????????????????? 0s 53ms/step - acc: 0.9520 - auc: 0.9906 - loss: 0.1222
Epoch 85: val_acc did not improve from 0.88818
50/50 ???????????????????? 3s 57ms/step - acc: 0.9519 - auc: 0.9906 - loss: 0.1223 - val_acc: 0.8780 - val_auc: 0.9457 - val_loss: 0.3472
Epoch 86/300
49/50 ???????????????????? 0s 54ms/step - acc: 0.9477 - auc: 0.9887 - loss: 0.1360
Epoch 86: val_acc did not improve from 0.88818
50/50 ???????????????????? 3s 58ms/step - acc: 0.9477 - auc: 0.9887 - loss: 0.1360 - val_acc: 0.8825 - val_auc: 0.9505 - val_loss: 0.3211
Epoch 87/300
50/50 ???????????????????? 0s 51ms/step - acc: 0.9502 - auc: 0.9907 - loss: 0.1222
Epoch 87: val_acc did not improve from 0.88818
50/50 ???????????????????? 3s 56ms/step - acc: 0.9502 - auc: 0.9907 - loss: 0.1222 - val_acc: 0.8812 - val_auc: 0.9482 - val_loss: 0.3419
Epoch 88/300
49/50 ???????????????????? 0s 54ms/step - acc: 0.9518 - auc: 0.9900 - loss: 0.1282
Epoch 88: val_acc did not improve from 0.88818
50/50 ???????????????????? 3s 57ms/step - acc: 0.9518 - auc: 0.9900 - loss: 0.1279 - val_acc: 0.8831 - val_auc: 0.9508 - val_loss: 0.3327
Epoch 89/300
49/50 ???????????????????? 0s 54ms/step - acc: 0.9530 - auc: 0.9913 - loss: 0.1181
Epoch 89: val_acc did not improve from 0.88818
50/50 ???????????????????? 3s 57ms/step - acc: 0.9529 - auc: 0.9912 - loss: 0.1185 - val_acc: 0.8793 - val_auc: 0.9508 - val_loss: 0.3264
Epoch 90/300
49/50 ???????????????????? 0s 53ms/step - acc: 0.9508 - auc: 0.9914 - loss: 0.1184
Epoch 90: val_acc did not improve from 0.88818
50/50 ???????????????????? 3s 57ms/step - acc: 0.9507 - auc: 0.9914 - loss: 0.1186 - val_acc: 0.8818 - val_auc: 0.9489 - val_loss: 0.3352
Epoch 91/300
49/50 ???????????????????? 0s 56ms/step - acc: 0.9495 - auc: 0.9911 - loss: 0.1206
Epoch 91: val_acc did not improve from 0.88818
50/50 ???????????????????? 3s 59ms/step - acc: 0.9496 - auc: 0.9911 - loss: 0.1204 - val_acc: 0.8780 - val_auc: 0.9475 - val_loss: 0.3500
Epoch 92/300
49/50 ???????????????????? 0s 54ms/step - acc: 0.9538 - auc: 0.9920 - loss: 0.1121
Epoch 92: val_acc did not improve from 0.88818
50/50 ???????????????????? 3s 58ms/step - acc: 0.9537 - auc: 0.9920 - loss: 0.1122 - val_acc: 0.8825 - val_auc: 0.9488 - val_loss: 0.3381
Epoch 93/300
50/50 ???????????????????? 0s 54ms/step - acc: 0.9483 - auc: 0.9909 - loss: 0.1224
Epoch 93: val_acc did not improve from 0.88818
50/50 ???????????????????? 3s 58ms/step - acc: 0.9483 - auc: 0.9909 - loss: 0.1225 - val_acc: 0.8818 - val_auc: 0.9478 - val_loss: 0.3389
Epoch 94/300
49/50 ???????????????????? 0s 55ms/step - acc: 0.9547 - auc: 0.9920 - loss: 0.1134
Epoch 94: val_acc did not improve from 0.88818
50/50 ???????????????????? 3s 58ms/step - acc: 0.9546 - auc: 0.9920 - loss: 0.1136 - val_acc: 0.8863 - val_auc: 0.9528 - val_loss: 0.3170
Epoch 95/300
49/50 ???????????????????? 0s 54ms/step - acc: 0.9575 - auc: 0.9916 - loss: 0.1125
Epoch 95: val_acc did not improve from 0.88818
50/50 ???????????????????? 3s 57ms/step - acc: 0.9575 - auc: 0.9916 - loss: 0.1125 - val_acc: 0.8844 - val_auc: 0.9507 - val_loss: 0.3304
Epoch 96/300
50/50 ???????????????????? 0s 53ms/step - acc: 0.9589 - auc: 0.9928 - loss: 0.1059
Epoch 96: val_acc did not improve from 0.88818
50/50 ???????????????????? 3s 58ms/step - acc: 0.9589 - auc: 0.9928 - loss: 0.1060 - val_acc: 0.8787 - val_auc: 0.9512 - val_loss: 0.3299
Epoch 97/300
49/50 ???????????????????? 0s 54ms/step - acc: 0.9617 - auc: 0.9944 - loss: 0.0975
Epoch 97: val_acc did not improve from 0.88818
50/50 ???????????????????? 3s 58ms/step - acc: 0.9616 - auc: 0.9943 - loss: 0.0977 - val_acc: 0.8799 - val_auc: 0.9511 - val_loss: 0.3358
Epoch 98/300
50/50 ???????????????????? 0s 53ms/step - acc: 0.9570 - auc: 0.9927 - loss: 0.1069
Epoch 98: val_acc did not improve from 0.88818
50/50 ???????????????????? 3s 57ms/step - acc: 0.9570 - auc: 0.9926 - loss: 0.1070 - val_acc: 0.8856 - val_auc: 0.9506 - val_loss: 0.3340
Epoch 99/300
49/50 ???????????????????? 0s 55ms/step - acc: 0.9568 - auc: 0.9938 - loss: 0.1014
Epoch 99: val_acc did not improve from 0.88818
50/50 ???????????????????? 3s 58ms/step - acc: 0.9568 - auc: 0.9937 - loss: 0.1016 - val_acc: 0.8882 - val_auc: 0.9519 - val_loss: 0.3202
Epoch 100/300
49/50 ???????????????????? 0s 54ms/step - acc: 0.9611 - auc: 0.9942 - loss: 0.0971
Epoch 100: val_acc did not improve from 0.88818
50/50 ???????????????????? 3s 58ms/step - acc: 0.9611 - auc: 0.9942 - loss: 0.0972 - val_acc: 0.8825 - val_auc: 0.9519 - val_loss: 0.3253
Epoch 101/300
49/50 ???????????????????? 0s 55ms/step - acc: 0.9565 - auc: 0.9924 - loss: 0.1099
Epoch 101: val_acc did not improve from 0.88818
50/50 ???????????????????? 3s 58ms/step - acc: 0.9565 - auc: 0.9924 - loss: 0.1099 - val_acc: 0.8787 - val_auc: 0.9484 - val_loss: 0.3556
Epoch 102/300
49/50 ???????????????????? 0s 55ms/step - acc: 0.9589 - auc: 0.9917 - loss: 0.1113
Epoch 102: val_acc did not improve from 0.88818
50/50 ???????????????????? 3s 59ms/step - acc: 0.9588 - auc: 0.9918 - loss: 0.1113 - val_acc: 0.8831 - val_auc: 0.9471 - val_loss: 0.3618
Epoch 103/300
49/50 ???????????????????? 0s 56ms/step - acc: 0.9577 - auc: 0.9903 - loss: 0.1163
Epoch 103: val_acc did not improve from 0.88818
50/50 ???????????????????? 3s 59ms/step - acc: 0.9577 - auc: 0.9904 - loss: 0.1160 - val_acc: 0.8875 - val_auc: 0.9501 - val_loss: 0.3447
Epoch 104/300
49/50 ???????????????????? 0s 55ms/step - acc: 0.9684 - auc: 0.9959 - loss: 0.0828
Epoch 104: val_acc did not improve from 0.88818
50/50 ???????????????????? 3s 58ms/step - acc: 0.9682 - auc: 0.9958 - loss: 0.0832 - val_acc: 0.8761 - val_auc: 0.9487 - val_loss: 0.3638
Epoch 105/300
49/50 ???????????????????? 0s 55ms/step - acc: 0.9633 - auc: 0.9944 - loss: 0.0917
Epoch 105: val_acc improved from 0.88818 to 0.88882, saving model to saved_models/best_MACSynDCR_CNN_model.keras
50/50 ???????????????????? 3s 60ms/step - acc: 0.9633 - auc: 0.9944 - loss: 0.0918 - val_acc: 0.8888 - val_auc: 0.9504 - val_loss: 0.3485
Epoch 106/300
49/50 ???????????????????? 0s 55ms/step - acc: 0.9657 - auc: 0.9955 - loss: 0.0868
Epoch 106: val_acc did not improve from 0.88882
50/50 ???????????????????? 3s 58ms/step - acc: 0.9655 - auc: 0.9955 - loss: 0.0870 - val_acc: 0.8787 - val_auc: 0.9492 - val_loss: 0.3593
Epoch 107/300
49/50 ???????????????????? 0s 53ms/step - acc: 0.9609 - auc: 0.9934 - loss: 0.1018
Epoch 107: val_acc did not improve from 0.88882
50/50 ???????????????????? 3s 56ms/step - acc: 0.9608 - auc: 0.9934 - loss: 0.1019 - val_acc: 0.8863 - val_auc: 0.9476 - val_loss: 0.3571
Epoch 108/300
49/50 ???????????????????? 0s 54ms/step - acc: 0.9652 - auc: 0.9942 - loss: 0.0929
Epoch 108: val_acc did not improve from 0.88882
50/50 ???????????????????? 3s 57ms/step - acc: 0.9652 - auc: 0.9942 - loss: 0.0929 - val_acc: 0.8818 - val_auc: 0.9475 - val_loss: 0.3649
Epoch 109/300
49/50 ???????????????????? 0s 53ms/step - acc: 0.9664 - auc: 0.9945 - loss: 0.0897
Epoch 109: val_acc did not improve from 0.88882
50/50 ???????????????????? 3s 56ms/step - acc: 0.9663 - auc: 0.9945 - loss: 0.0898 - val_acc: 0.8831 - val_auc: 0.9482 - val_loss: 0.3661
Epoch 110/300
49/50 ???????????????????? 0s 53ms/step - acc: 0.9619 - auc: 0.9945 - loss: 0.0943
Epoch 110: val_acc did not improve from 0.88882
50/50 ???????????????????? 3s 56ms/step - acc: 0.9619 - auc: 0.9945 - loss: 0.0943 - val_acc: 0.8837 - val_auc: 0.9480 - val_loss: 0.3601
Epoch 111/300
49/50 ???????????????????? 0s 55ms/step - acc: 0.9605 - auc: 0.9941 - loss: 0.0976
Epoch 111: val_acc did not improve from 0.88882
50/50 ???????????????????? 3s 58ms/step - acc: 0.9605 - auc: 0.9942 - loss: 0.0974 - val_acc: 0.8806 - val_auc: 0.9483 - val_loss: 0.3603
Epoch 112/300
49/50 ???????????????????? 0s 55ms/step - acc: 0.9592 - auc: 0.9926 - loss: 0.1079
Epoch 112: val_acc did not improve from 0.88882
50/50 ???????????????????? 3s 58ms/step - acc: 0.9592 - auc: 0.9926 - loss: 0.1077 - val_acc: 0.8780 - val_auc: 0.9480 - val_loss: 0.3614
Epoch 113/300
49/50 ???????????????????? 0s 53ms/step - acc: 0.9656 - auc: 0.9947 - loss: 0.0905
Epoch 113: val_acc did not improve from 0.88882
50/50 ???????????????????? 3s 57ms/step - acc: 0.9654 - auc: 0.9947 - loss: 0.0909 - val_acc: 0.8869 - val_auc: 0.9497 - val_loss: 0.3501
Epoch 114/300
50/50 ???????????????????? 0s 52ms/step - acc: 0.9645 - auc: 0.9946 - loss: 0.0915
Epoch 114: val_acc did not improve from 0.88882
50/50 ???????????????????? 3s 56ms/step - acc: 0.9645 - auc: 0.9946 - loss: 0.0915 - val_acc: 0.8825 - val_auc: 0.9503 - val_loss: 0.3505
Epoch 115/300
49/50 ???????????????????? 0s 53ms/step - acc: 0.9703 - auc: 0.9962 - loss: 0.0780
Epoch 115: val_acc did not improve from 0.88882
50/50 ???????????????????? 3s 56ms/step - acc: 0.9702 - auc: 0.9962 - loss: 0.0781 - val_acc: 0.8863 - val_auc: 0.9480 - val_loss: 0.3914
Epoch 116/300
50/50 ???????????????????? 0s 53ms/step - acc: 0.9625 - auc: 0.9941 - loss: 0.0965
Epoch 116: val_acc did not improve from 0.88882
50/50 ???????????????????? 3s 57ms/step - acc: 0.9625 - auc: 0.9941 - loss: 0.0965 - val_acc: 0.8806 - val_auc: 0.9467 - val_loss: 0.3847
Epoch 117/300
49/50 ???????????????????? 0s 54ms/step - acc: 0.9621 - auc: 0.9941 - loss: 0.0952
Epoch 117: val_acc did not improve from 0.88882
50/50 ???????????????????? 3s 57ms/step - acc: 0.9622 - auc: 0.9941 - loss: 0.0948 - val_acc: 0.8831 - val_auc: 0.9475 - val_loss: 0.3703
Epoch 118/300
49/50 ???????????????????? 0s 57ms/step - acc: 0.9667 - auc: 0.9952 - loss: 0.0854
Epoch 118: val_acc did not improve from 0.88882
50/50 ???????????????????? 3s 60ms/step - acc: 0.9665 - auc: 0.9952 - loss: 0.0857 - val_acc: 0.8787 - val_auc: 0.9478 - val_loss: 0.3611
Epoch 119/300
49/50 ???????????????????? 0s 55ms/step - acc: 0.9637 - auc: 0.9955 - loss: 0.0851
Epoch 119: val_acc did not improve from 0.88882
50/50 ???????????????????? 3s 59ms/step - acc: 0.9638 - auc: 0.9955 - loss: 0.0851 - val_acc: 0.8844 - val_auc: 0.9453 - val_loss: 0.3984
Epoch 120/300
49/50 ???????????????????? 0s 58ms/step - acc: 0.9635 - auc: 0.9947 - loss: 0.0872
Epoch 120: val_acc did not improve from 0.88882
50/50 ???????????????????? 3s 62ms/step - acc: 0.9636 - auc: 0.9947 - loss: 0.0872 - val_acc: 0.8806 - val_auc: 0.9479 - val_loss: 0.3629
Epoch 121/300
50/50 ???????????????????? 0s 54ms/step - acc: 0.9661 - auc: 0.9951 - loss: 0.0879
Epoch 121: val_acc did not improve from 0.88882
50/50 ???????????????????? 3s 58ms/step - acc: 0.9660 - auc: 0.9951 - loss: 0.0880 - val_acc: 0.8748 - val_auc: 0.9473 - val_loss: 0.3735
Epoch 122/300
49/50 ???????????????????? 0s 53ms/step - acc: 0.9577 - auc: 0.9943 - loss: 0.0974
Epoch 122: val_acc did not improve from 0.88882
50/50 ???????????????????? 3s 56ms/step - acc: 0.9578 - auc: 0.9943 - loss: 0.0973 - val_acc: 0.8818 - val_auc: 0.9449 - val_loss: 0.3840
Epoch 123/300
49/50 ???????????????????? 0s 56ms/step - acc: 0.9654 - auc: 0.9950 - loss: 0.0885
Epoch 123: val_acc did not improve from 0.88882
50/50 ???????????????????? 3s 59ms/step - acc: 0.9654 - auc: 0.9950 - loss: 0.0886 - val_acc: 0.8869 - val_auc: 0.9498 - val_loss: 0.3654
Epoch 124/300
49/50 ???????????????????? 0s 52ms/step - acc: 0.9712 - auc: 0.9960 - loss: 0.0782
Epoch 124: val_acc did not improve from 0.88882
50/50 ???????????????????? 3s 56ms/step - acc: 0.9711 - auc: 0.9960 - loss: 0.0783 - val_acc: 0.8844 - val_auc: 0.9458 - val_loss: 0.3816
Epoch 125/300
49/50 ???????????????????? 0s 54ms/step - acc: 0.9680 - auc: 0.9967 - loss: 0.0749
Epoch 125: val_acc improved from 0.88882 to 0.88945, saving model to saved_models/best_MACSynDCR_CNN_model.keras
50/50 ???????????????????? 3s 58ms/step - acc: 0.9679 - auc: 0.9966 - loss: 0.0753 - val_acc: 0.8895 - val_auc: 0.9466 - val_loss: 0.3821
Epoch 126/300
50/50 ???????????????????? 0s 52ms/step - acc: 0.9679 - auc: 0.9953 - loss: 0.0856
Epoch 126: val_acc did not improve from 0.88945
50/50 ???????????????????? 3s 56ms/step - acc: 0.9679 - auc: 0.9953 - loss: 0.0856 - val_acc: 0.8875 - val_auc: 0.9458 - val_loss: 0.3703
Epoch 127/300
50/50 ???????????????????? 0s 52ms/step - acc: 0.9648 - auc: 0.9952 - loss: 0.0869
Epoch 127: val_acc did not improve from 0.88945
50/50 ???????????????????? 3s 56ms/step - acc: 0.9647 - auc: 0.9952 - loss: 0.0870 - val_acc: 0.8869 - val_auc: 0.9499 - val_loss: 0.3461
Epoch 128/300
49/50 ???????????????????? 0s 55ms/step - acc: 0.9688 - auc: 0.9964 - loss: 0.0766
Epoch 128: val_acc did not improve from 0.88945
50/50 ???????????????????? 3s 59ms/step - acc: 0.9688 - auc: 0.9964 - loss: 0.0768 - val_acc: 0.8856 - val_auc: 0.9464 - val_loss: 0.3743
Epoch 129/300
50/50 ???????????????????? 0s 54ms/step - acc: 0.9667 - auc: 0.9948 - loss: 0.0911
Epoch 129: val_acc did not improve from 0.88945
50/50 ???????????????????? 3s 58ms/step - acc: 0.9668 - auc: 0.9948 - loss: 0.0909 - val_acc: 0.8863 - val_auc: 0.9432 - val_loss: 0.4004
Epoch 130/300
49/50 ???????????????????? 0s 54ms/step - acc: 0.9734 - auc: 0.9973 - loss: 0.0664
Epoch 130: val_acc did not improve from 0.88945
50/50 ???????????????????? 3s 57ms/step - acc: 0.9733 - auc: 0.9973 - loss: 0.0666 - val_acc: 0.8818 - val_auc: 0.9448 - val_loss: 0.3962
Epoch 131/300
49/50 ???????????????????? 0s 54ms/step - acc: 0.9720 - auc: 0.9955 - loss: 0.0812
Epoch 131: val_acc did not improve from 0.88945
50/50 ???????????????????? 3s 57ms/step - acc: 0.9720 - auc: 0.9955 - loss: 0.0812 - val_acc: 0.8888 - val_auc: 0.9448 - val_loss: 0.3760
Epoch 132/300
49/50 ???????????????????? 0s 57ms/step - acc: 0.9720 - auc: 0.9965 - loss: 0.0754
Epoch 132: val_acc did not improve from 0.88945
50/50 ???????????????????? 3s 60ms/step - acc: 0.9719 - auc: 0.9964 - loss: 0.0755 - val_acc: 0.8856 - val_auc: 0.9448 - val_loss: 0.3901
Epoch 133/300
49/50 ???????????????????? 0s 54ms/step - acc: 0.9733 - auc: 0.9973 - loss: 0.0650
Epoch 133: val_acc did not improve from 0.88945
50/50 ???????????????????? 3s 58ms/step - acc: 0.9733 - auc: 0.9973 - loss: 0.0653 - val_acc: 0.8875 - val_auc: 0.9448 - val_loss: 0.3919
Epoch 134/300
49/50 ???????????????????? 0s 53ms/step - acc: 0.9691 - auc: 0.9961 - loss: 0.0787
Epoch 134: val_acc did not improve from 0.88945
50/50 ???????????????????? 3s 57ms/step - acc: 0.9691 - auc: 0.9961 - loss: 0.0788 - val_acc: 0.8825 - val_auc: 0.9446 - val_loss: 0.3897
Epoch 135/300
49/50 ???????????????????? 0s 53ms/step - acc: 0.9687 - auc: 0.9963 - loss: 0.0774
Epoch 135: val_acc did not improve from 0.88945
50/50 ???????????????????? 3s 56ms/step - acc: 0.9687 - auc: 0.9963 - loss: 0.0774 - val_acc: 0.8837 - val_auc: 0.9457 - val_loss: 0.3771
Epoch 136/300
49/50 ???????????????????? 0s 54ms/step - acc: 0.9725 - auc: 0.9959 - loss: 0.0781
Epoch 136: val_acc did not improve from 0.88945
50/50 ???????????????????? 3s 58ms/step - acc: 0.9725 - auc: 0.9959 - loss: 0.0781 - val_acc: 0.8856 - val_auc: 0.9449 - val_loss: 0.3888
Epoch 137/300
49/50 ???????????????????? 0s 54ms/step - acc: 0.9719 - auc: 0.9959 - loss: 0.0782
Epoch 137: val_acc did not improve from 0.88945
50/50 ???????????????????? 3s 58ms/step - acc: 0.9719 - auc: 0.9958 - loss: 0.0783 - val_acc: 0.8850 - val_auc: 0.9457 - val_loss: 0.3919
Epoch 138/300
50/50 ???????????????????? 0s 55ms/step - acc: 0.9686 - auc: 0.9958 - loss: 0.0767
Epoch 138: val_acc did not improve from 0.88945
50/50 ???????????????????? 3s 58ms/step - acc: 0.9687 - auc: 0.9959 - loss: 0.0765 - val_acc: 0.8844 - val_auc: 0.9447 - val_loss: 0.4035
Epoch 139/300
49/50 ???????????????????? 0s 54ms/step - acc: 0.9720 - auc: 0.9968 - loss: 0.0695
Epoch 139: val_acc did not improve from 0.88945
50/50 ???????????????????? 3s 57ms/step - acc: 0.9720 - auc: 0.9968 - loss: 0.0695 - val_acc: 0.8774 - val_auc: 0.9450 - val_loss: 0.3881
Epoch 140/300
49/50 ???????????????????? 0s 56ms/step - acc: 0.9738 - auc: 0.9971 - loss: 0.0648
Epoch 140: val_acc did not improve from 0.88945
50/50 ???????????????????? 3s 59ms/step - acc: 0.9738 - auc: 0.9970 - loss: 0.0650 - val_acc: 0.8888 - val_auc: 0.9480 - val_loss: 0.3696
Epoch 141/300
49/50 ???????????????????? 0s 53ms/step - acc: 0.9695 - auc: 0.9962 - loss: 0.0774
Epoch 141: val_acc did not improve from 0.88945
50/50 ???????????????????? 3s 57ms/step - acc: 0.9695 - auc: 0.9962 - loss: 0.0773 - val_acc: 0.8856 - val_auc: 0.9473 - val_loss: 0.3870
Epoch 142/300
50/50 ???????????????????? 0s 53ms/step - acc: 0.9729 - auc: 0.9958 - loss: 0.0784
Epoch 142: val_acc did not improve from 0.88945
50/50 ???????????????????? 3s 56ms/step - acc: 0.9729 - auc: 0.9958 - loss: 0.0783 - val_acc: 0.8812 - val_auc: 0.9460 - val_loss: 0.3988
Epoch 143/300
49/50 ???????????????????? 0s 56ms/step - acc: 0.9714 - auc: 0.9969 - loss: 0.0711
Epoch 143: val_acc did not improve from 0.88945
50/50 ???????????????????? 3s 60ms/step - acc: 0.9714 - auc: 0.9969 - loss: 0.0712 - val_acc: 0.8755 - val_auc: 0.9443 - val_loss: 0.4062
Epoch 144/300
49/50 ???????????????????? 0s 55ms/step - acc: 0.9720 - auc: 0.9973 - loss: 0.0667
Epoch 144: val_acc did not improve from 0.88945
50/50 ???????????????????? 3s 59ms/step - acc: 0.9720 - auc: 0.9973 - loss: 0.0668 - val_acc: 0.8831 - val_auc: 0.9488 - val_loss: 0.3829
Epoch 145/300
49/50 ???????????????????? 0s 53ms/step - acc: 0.9724 - auc: 0.9969 - loss: 0.0670
Epoch 145: val_acc improved from 0.88945 to 0.89009, saving model to saved_models/best_MACSynDCR_CNN_model.keras
50/50 ???????????????????? 3s 58ms/step - acc: 0.9725 - auc: 0.9970 - loss: 0.0668 - val_acc: 0.8901 - val_auc: 0.9490 - val_loss: 0.3843
Epoch 146/300
50/50 ???????????????????? 0s 52ms/step - acc: 0.9676 - auc: 0.9956 - loss: 0.0820
Epoch 146: val_acc did not improve from 0.89009
50/50 ???????????????????? 3s 57ms/step - acc: 0.9676 - auc: 0.9956 - loss: 0.0819 - val_acc: 0.8856 - val_auc: 0.9470 - val_loss: 0.3947
Epoch 147/300
49/50 ???????????????????? 0s 53ms/step - acc: 0.9753 - auc: 0.9973 - loss: 0.0663
Epoch 147: val_acc did not improve from 0.89009
50/50 ???????????????????? 3s 57ms/step - acc: 0.9752 - auc: 0.9973 - loss: 0.0664 - val_acc: 0.8767 - val_auc: 0.9472 - val_loss: 0.3855
Epoch 148/300
49/50 ???????????????????? 0s 53ms/step - acc: 0.9742 - auc: 0.9968 - loss: 0.0701
Epoch 148: val_acc did not improve from 0.89009
50/50 ???????????????????? 3s 57ms/step - acc: 0.9741 - auc: 0.9968 - loss: 0.0701 - val_acc: 0.8787 - val_auc: 0.9485 - val_loss: 0.3707
Epoch 149/300
49/50 ???????????????????? 0s 55ms/step - acc: 0.9663 - auc: 0.9959 - loss: 0.0836
Epoch 149: val_acc did not improve from 0.89009
50/50 ???????????????????? 3s 58ms/step - acc: 0.9662 - auc: 0.9959 - loss: 0.0836 - val_acc: 0.8888 - val_auc: 0.9494 - val_loss: 0.3626
Epoch 150/300
49/50 ???????????????????? 0s 55ms/step - acc: 0.9731 - auc: 0.9954 - loss: 0.0756
Epoch 150: val_acc did not improve from 0.89009
50/50 ???????????????????? 3s 59ms/step - acc: 0.9731 - auc: 0.9954 - loss: 0.0755 - val_acc: 0.8882 - val_auc: 0.9498 - val_loss: 0.3691
Epoch 151/300
49/50 ???????????????????? 0s 54ms/step - acc: 0.9715 - auc: 0.9955 - loss: 0.0802
Epoch 151: val_acc did not improve from 0.89009
50/50 ???????????????????? 3s 57ms/step - acc: 0.9716 - auc: 0.9955 - loss: 0.0800 - val_acc: 0.8806 - val_auc: 0.9465 - val_loss: 0.3839
Epoch 152/300
49/50 ???????????????????? 0s 53ms/step - acc: 0.9759 - auc: 0.9974 - loss: 0.0637
Epoch 152: val_acc did not improve from 0.89009
50/50 ???????????????????? 3s 57ms/step - acc: 0.9759 - auc: 0.9974 - loss: 0.0639 - val_acc: 0.8856 - val_auc: 0.9481 - val_loss: 0.3747
Epoch 153/300
49/50 ???????????????????? 0s 56ms/step - acc: 0.9738 - auc: 0.9975 - loss: 0.0643
Epoch 153: val_acc did not improve from 0.89009
50/50 ???????????????????? 3s 60ms/step - acc: 0.9739 - auc: 0.9975 - loss: 0.0642 - val_acc: 0.8831 - val_auc: 0.9471 - val_loss: 0.3975
Epoch 154/300
49/50 ???????????????????? 0s 55ms/step - acc: 0.9771 - auc: 0.9972 - loss: 0.0606
Epoch 154: val_acc did not improve from 0.89009
50/50 ???????????????????? 3s 58ms/step - acc: 0.9770 - auc: 0.9972 - loss: 0.0606 - val_acc: 0.8818 - val_auc: 0.9445 - val_loss: 0.4148
Epoch 155/300
50/50 ???????????????????? 0s 52ms/step - acc: 0.9756 - auc: 0.9972 - loss: 0.0627
Epoch 155: val_acc did not improve from 0.89009
50/50 ???????????????????? 3s 56ms/step - acc: 0.9757 - auc: 0.9972 - loss: 0.0627 - val_acc: 0.8850 - val_auc: 0.9464 - val_loss: 0.4092
Epoch 156/300
49/50 ???????????????????? 0s 54ms/step - acc: 0.9711 - auc: 0.9968 - loss: 0.0722
Epoch 156: val_acc did not improve from 0.89009
50/50 ???????????????????? 3s 57ms/step - acc: 0.9712 - auc: 0.9968 - loss: 0.0719 - val_acc: 0.8856 - val_auc: 0.9432 - val_loss: 0.4188
Epoch 157/300
49/50 ???????????????????? 0s 52ms/step - acc: 0.9738 - auc: 0.9969 - loss: 0.0658
Epoch 157: val_acc did not improve from 0.89009
50/50 ???????????????????? 3s 56ms/step - acc: 0.9738 - auc: 0.9969 - loss: 0.0659 - val_acc: 0.8799 - val_auc: 0.9441 - val_loss: 0.4160
Epoch 158/300
49/50 ???????????????????? 0s 53ms/step - acc: 0.9708 - auc: 0.9956 - loss: 0.0763
Epoch 158: val_acc did not improve from 0.89009
50/50 ???????????????????? 3s 56ms/step - acc: 0.9709 - auc: 0.9957 - loss: 0.0759 - val_acc: 0.8863 - val_auc: 0.9490 - val_loss: 0.3922
Epoch 159/300
49/50 ???????????????????? 0s 55ms/step - acc: 0.9706 - auc: 0.9964 - loss: 0.0732
Epoch 159: val_acc did not improve from 0.89009
50/50 ???????????????????? 3s 58ms/step - acc: 0.9707 - auc: 0.9964 - loss: 0.0732 - val_acc: 0.8825 - val_auc: 0.9454 - val_loss: 0.4012
Epoch 160/300
50/50 ???????????????????? 0s 52ms/step - acc: 0.9740 - auc: 0.9964 - loss: 0.0747
Epoch 160: val_acc did not improve from 0.89009
50/50 ???????????????????? 3s 56ms/step - acc: 0.9739 - auc: 0.9964 - loss: 0.0748 - val_acc: 0.8895 - val_auc: 0.9471 - val_loss: 0.3771
Epoch 161/300
49/50 ???????????????????? 0s 54ms/step - acc: 0.9779 - auc: 0.9973 - loss: 0.0572
Epoch 161: val_acc did not improve from 0.89009
50/50 ???????????????????? 3s 57ms/step - acc: 0.9778 - auc: 0.9973 - loss: 0.0574 - val_acc: 0.8787 - val_auc: 0.9464 - val_loss: 0.4022
Epoch 162/300
50/50 ???????????????????? 0s 51ms/step - acc: 0.9739 - auc: 0.9968 - loss: 0.0694
Epoch 162: val_acc did not improve from 0.89009
50/50 ???????????????????? 3s 55ms/step - acc: 0.9739 - auc: 0.9968 - loss: 0.0694 - val_acc: 0.8856 - val_auc: 0.9439 - val_loss: 0.4142
Epoch 163/300
49/50 ???????????????????? 0s 54ms/step - acc: 0.9759 - auc: 0.9982 - loss: 0.0536
Epoch 163: val_acc did not improve from 0.89009
50/50 ???????????????????? 3s 58ms/step - acc: 0.9759 - auc: 0.9981 - loss: 0.0538 - val_acc: 0.8825 - val_auc: 0.9450 - val_loss: 0.4136
Epoch 164/300
49/50 ???????????????????? 0s 54ms/step - acc: 0.9776 - auc: 0.9971 - loss: 0.0615
Epoch 164: val_acc did not improve from 0.89009
50/50 ???????????????????? 3s 57ms/step - acc: 0.9776 - auc: 0.9971 - loss: 0.0615 - val_acc: 0.8863 - val_auc: 0.9469 - val_loss: 0.4095
Epoch 165/300
50/50 ???????????????????? 0s 54ms/step - acc: 0.9766 - auc: 0.9981 - loss: 0.0574
Epoch 165: val_acc did not improve from 0.89009
50/50 ???????????????????? 3s 58ms/step - acc: 0.9767 - auc: 0.9981 - loss: 0.0574 - val_acc: 0.8888 - val_auc: 0.9451 - val_loss: 0.4256
Epoch 166/300
50/50 ???????????????????? 0s 54ms/step - acc: 0.9771 - auc: 0.9973 - loss: 0.0597
Epoch 166: val_acc improved from 0.89009 to 0.89136, saving model to saved_models/best_MACSynDCR_CNN_model.keras
50/50 ???????????????????? 3s 59ms/step - acc: 0.9771 - auc: 0.9973 - loss: 0.0597 - val_acc: 0.8914 - val_auc: 0.9462 - val_loss: 0.3997
Epoch 167/300
49/50 ???????????????????? 0s 54ms/step - acc: 0.9787 - auc: 0.9969 - loss: 0.0641
Epoch 167: val_acc did not improve from 0.89136
50/50 ???????????????????? 3s 57ms/step - acc: 0.9786 - auc: 0.9969 - loss: 0.0642 - val_acc: 0.8837 - val_auc: 0.9458 - val_loss: 0.3997
Epoch 168/300
49/50 ???????????????????? 0s 53ms/step - acc: 0.9815 - auc: 0.9983 - loss: 0.0502
Epoch 168: val_acc did not improve from 0.89136
50/50 ???????????????????? 3s 56ms/step - acc: 0.9814 - auc: 0.9982 - loss: 0.0504 - val_acc: 0.8850 - val_auc: 0.9480 - val_loss: 0.3972
Epoch 169/300
49/50 ???????????????????? 0s 53ms/step - acc: 0.9759 - auc: 0.9975 - loss: 0.0634
Epoch 169: val_acc did not improve from 0.89136
50/50 ???????????????????? 3s 56ms/step - acc: 0.9759 - auc: 0.9975 - loss: 0.0635 - val_acc: 0.8856 - val_auc: 0.9456 - val_loss: 0.3980
Epoch 170/300
49/50 ???????????????????? 0s 54ms/step - acc: 0.9785 - auc: 0.9983 - loss: 0.0522
Epoch 170: val_acc did not improve from 0.89136
50/50 ???????????????????? 3s 57ms/step - acc: 0.9785 - auc: 0.9983 - loss: 0.0522 - val_acc: 0.8888 - val_auc: 0.9468 - val_loss: 0.4123
Epoch 171/300
49/50 ???????????????????? 0s 54ms/step - acc: 0.9777 - auc: 0.9969 - loss: 0.0616
Epoch 171: val_acc did not improve from 0.89136
50/50 ???????????????????? 3s 57ms/step - acc: 0.9776 - auc: 0.9969 - loss: 0.0618 - val_acc: 0.8850 - val_auc: 0.9479 - val_loss: 0.3929
Epoch 172/300
49/50 ???????????????????? 0s 53ms/step - acc: 0.9757 - auc: 0.9976 - loss: 0.0610
Epoch 172: val_acc did not improve from 0.89136
50/50 ???????????????????? 3s 57ms/step - acc: 0.9757 - auc: 0.9976 - loss: 0.0611 - val_acc: 0.8844 - val_auc: 0.9439 - val_loss: 0.4160
Epoch 173/300
49/50 ???????????????????? 0s 54ms/step - acc: 0.9768 - auc: 0.9972 - loss: 0.0603
Epoch 173: val_acc did not improve from 0.89136
50/50 ???????????????????? 3s 57ms/step - acc: 0.9768 - auc: 0.9972 - loss: 0.0604 - val_acc: 0.8863 - val_auc: 0.9440 - val_loss: 0.4295
Epoch 174/300
49/50 ???????????????????? 0s 58ms/step - acc: 0.9743 - auc: 0.9957 - loss: 0.0753
Epoch 174: val_acc improved from 0.89136 to 0.89581, saving model to saved_models/best_MACSynDCR_CNN_model.keras
50/50 ???????????????????? 3s 63ms/step - acc: 0.9745 - auc: 0.9957 - loss: 0.0749 - val_acc: 0.8958 - val_auc: 0.9464 - val_loss: 0.4092
Epoch 175/300
49/50 ???????????????????? 0s 54ms/step - acc: 0.9706 - auc: 0.9966 - loss: 0.0740
Epoch 175: val_acc did not improve from 0.89581
50/50 ???????????????????? 3s 58ms/step - acc: 0.9706 - auc: 0.9966 - loss: 0.0740 - val_acc: 0.8825 - val_auc: 0.9459 - val_loss: 0.4006
Epoch 176/300
49/50 ???????????????????? 0s 54ms/step - acc: 0.9809 - auc: 0.9978 - loss: 0.0574
Epoch 176: val_acc did not improve from 0.89581
50/50 ???????????????????? 3s 58ms/step - acc: 0.9808 - auc: 0.9978 - loss: 0.0575 - val_acc: 0.8856 - val_auc: 0.9455 - val_loss: 0.3991
Epoch 177/300
49/50 ???????????????????? 0s 54ms/step - acc: 0.9746 - auc: 0.9975 - loss: 0.0601
Epoch 177: val_acc did not improve from 0.89581
50/50 ???????????????????? 3s 57ms/step - acc: 0.9746 - auc: 0.9975 - loss: 0.0602 - val_acc: 0.8831 - val_auc: 0.9432 - val_loss: 0.4179
Epoch 178/300
49/50 ???????????????????? 0s 54ms/step - acc: 0.9810 - auc: 0.9976 - loss: 0.0547
Epoch 178: val_acc did not improve from 0.89581
50/50 ???????????????????? 3s 57ms/step - acc: 0.9810 - auc: 0.9976 - loss: 0.0548 - val_acc: 0.8939 - val_auc: 0.9499 - val_loss: 0.3857
Epoch 179/300
49/50 ???????????????????? 0s 54ms/step - acc: 0.9769 - auc: 0.9971 - loss: 0.0622
Epoch 179: val_acc did not improve from 0.89581
50/50 ???????????????????? 3s 58ms/step - acc: 0.9769 - auc: 0.9971 - loss: 0.0622 - val_acc: 0.8914 - val_auc: 0.9501 - val_loss: 0.3632
Epoch 180/300
49/50 ???????????????????? 0s 56ms/step - acc: 0.9818 - auc: 0.9985 - loss: 0.0499
Epoch 180: val_acc did not improve from 0.89581
50/50 ???????????????????? 3s 59ms/step - acc: 0.9818 - auc: 0.9985 - loss: 0.0499 - val_acc: 0.8856 - val_auc: 0.9458 - val_loss: 0.4176
Epoch 181/300
49/50 ???????????????????? 0s 52ms/step - acc: 0.9773 - auc: 0.9969 - loss: 0.0630
Epoch 181: val_acc did not improve from 0.89581
50/50 ???????????????????? 3s 56ms/step - acc: 0.9772 - auc: 0.9969 - loss: 0.0631 - val_acc: 0.8831 - val_auc: 0.9505 - val_loss: 0.3870
Epoch 182/300
49/50 ???????????????????? 0s 54ms/step - acc: 0.9738 - auc: 0.9971 - loss: 0.0662
Epoch 182: val_acc did not improve from 0.89581
50/50 ???????????????????? 3s 57ms/step - acc: 0.9738 - auc: 0.9971 - loss: 0.0661 - val_acc: 0.8882 - val_auc: 0.9493 - val_loss: 0.4040
Epoch 183/300
50/50 ???????????????????? 0s 52ms/step - acc: 0.9810 - auc: 0.9983 - loss: 0.0521
Epoch 183: val_acc did not improve from 0.89581
50/50 ???????????????????? 3s 56ms/step - acc: 0.9811 - auc: 0.9983 - loss: 0.0520 - val_acc: 0.8895 - val_auc: 0.9473 - val_loss: 0.4197
Epoch 184/300
49/50 ???????????????????? 0s 53ms/step - acc: 0.9763 - auc: 0.9982 - loss: 0.0552
Epoch 184: val_acc did not improve from 0.89581
50/50 ???????????????????? 3s 56ms/step - acc: 0.9764 - auc: 0.9981 - loss: 0.0551 - val_acc: 0.8945 - val_auc: 0.9459 - val_loss: 0.4239
Epoch 185/300
49/50 ???????????????????? 0s 54ms/step - acc: 0.9827 - auc: 0.9984 - loss: 0.0472
Epoch 185: val_acc did not improve from 0.89581
50/50 ???????????????????? 3s 58ms/step - acc: 0.9826 - auc: 0.9984 - loss: 0.0473 - val_acc: 0.8914 - val_auc: 0.9499 - val_loss: 0.3976
Epoch 186/300
50/50 ???????????????????? 0s 54ms/step - acc: 0.9813 - auc: 0.9975 - loss: 0.0549
Epoch 186: val_acc did not improve from 0.89581
50/50 ???????????????????? 3s 58ms/step - acc: 0.9812 - auc: 0.9975 - loss: 0.0549 - val_acc: 0.8952 - val_auc: 0.9475 - val_loss: 0.4067
Epoch 187/300
49/50 ???????????????????? 0s 56ms/step - acc: 0.9792 - auc: 0.9982 - loss: 0.0522
Epoch 187: val_acc did not improve from 0.89581
50/50 ???????????????????? 3s 59ms/step - acc: 0.9792 - auc: 0.9982 - loss: 0.0523 - val_acc: 0.8939 - val_auc: 0.9477 - val_loss: 0.4067
Epoch 188/300
49/50 ???????????????????? 0s 54ms/step - acc: 0.9815 - auc: 0.9983 - loss: 0.0490
Epoch 188: val_acc did not improve from 0.89581
50/50 ???????????????????? 3s 58ms/step - acc: 0.9815 - auc: 0.9983 - loss: 0.0490 - val_acc: 0.8799 - val_auc: 0.9463 - val_loss: 0.4239
Epoch 189/300
49/50 ???????????????????? 0s 54ms/step - acc: 0.9793 - auc: 0.9975 - loss: 0.0545
Epoch 189: val_acc did not improve from 0.89581
50/50 ???????????????????? 3s 57ms/step - acc: 0.9794 - auc: 0.9975 - loss: 0.0543 - val_acc: 0.8863 - val_auc: 0.9432 - val_loss: 0.4545
Epoch 190/300
49/50 ???????????????????? 0s 53ms/step - acc: 0.9819 - auc: 0.9979 - loss: 0.0520
Epoch 190: val_acc did not improve from 0.89581
50/50 ???????????????????? 3s 56ms/step - acc: 0.9819 - auc: 0.9979 - loss: 0.0521 - val_acc: 0.8907 - val_auc: 0.9465 - val_loss: 0.4243
Epoch 191/300
49/50 ???????????????????? 0s 53ms/step - acc: 0.9845 - auc: 0.9988 - loss: 0.0432
Epoch 191: val_acc did not improve from 0.89581
50/50 ???????????????????? 3s 56ms/step - acc: 0.9844 - auc: 0.9988 - loss: 0.0435 - val_acc: 0.8844 - val_auc: 0.9444 - val_loss: 0.4288
Epoch 192/300
49/50 ???????????????????? 0s 54ms/step - acc: 0.9775 - auc: 0.9980 - loss: 0.0550
Epoch 192: val_acc did not improve from 0.89581
50/50 ???????????????????? 3s 57ms/step - acc: 0.9775 - auc: 0.9980 - loss: 0.0549 - val_acc: 0.8882 - val_auc: 0.9443 - val_loss: 0.4274
Epoch 193/300
49/50 ???????????????????? 0s 52ms/step - acc: 0.9797 - auc: 0.9983 - loss: 0.0491
Epoch 193: val_acc did not improve from 0.89581
50/50 ???????????????????? 3s 56ms/step - acc: 0.9797 - auc: 0.9983 - loss: 0.0493 - val_acc: 0.8806 - val_auc: 0.9440 - val_loss: 0.4386
Epoch 194/300
49/50 ???????????????????? 0s 56ms/step - acc: 0.9805 - auc: 0.9979 - loss: 0.0558
Epoch 194: val_acc did not improve from 0.89581
50/50 ???????????????????? 3s 59ms/step - acc: 0.9805 - auc: 0.9979 - loss: 0.0558 - val_acc: 0.8863 - val_auc: 0.9444 - val_loss: 0.4299
Epoch 195/300
49/50 ???????????????????? 0s 56ms/step - acc: 0.9847 - auc: 0.9986 - loss: 0.0427
Epoch 195: val_acc did not improve from 0.89581
50/50 ???????????????????? 3s 59ms/step - acc: 0.9846 - auc: 0.9986 - loss: 0.0428 - val_acc: 0.8875 - val_auc: 0.9447 - val_loss: 0.4168
Epoch 196/300
50/50 ???????????????????? 0s 53ms/step - acc: 0.9795 - auc: 0.9977 - loss: 0.0498
Epoch 196: val_acc did not improve from 0.89581
50/50 ???????????????????? 3s 57ms/step - acc: 0.9795 - auc: 0.9977 - loss: 0.0498 - val_acc: 0.8895 - val_auc: 0.9413 - val_loss: 0.4600
Epoch 197/300
49/50 ???????????????????? 0s 53ms/step - acc: 0.9814 - auc: 0.9978 - loss: 0.0514
Epoch 197: val_acc improved from 0.89581 to 0.89898, saving model to saved_models/best_MACSynDCR_CNN_model.keras
50/50 ???????????????????? 3s 57ms/step - acc: 0.9815 - auc: 0.9978 - loss: 0.0515 - val_acc: 0.8990 - val_auc: 0.9481 - val_loss: 0.4140
Epoch 198/300
49/50 ???????????????????? 0s 53ms/step - acc: 0.9758 - auc: 0.9977 - loss: 0.0590
Epoch 198: val_acc did not improve from 0.89898
50/50 ???????????????????? 3s 56ms/step - acc: 0.9759 - auc: 0.9977 - loss: 0.0590 - val_acc: 0.8907 - val_auc: 0.9463 - val_loss: 0.4118
Epoch 199/300
49/50 ???????????????????? 0s 53ms/step - acc: 0.9806 - auc: 0.9979 - loss: 0.0517
Epoch 199: val_acc improved from 0.89898 to 0.89962, saving model to saved_models/best_MACSynDCR_CNN_model.keras
50/50 ???????????????????? 3s 57ms/step - acc: 0.9806 - auc: 0.9979 - loss: 0.0518 - val_acc: 0.8996 - val_auc: 0.9472 - val_loss: 0.4089
Epoch 200/300
49/50 ???????????????????? 0s 54ms/step - acc: 0.9767 - auc: 0.9978 - loss: 0.0583
Epoch 200: val_acc did not improve from 0.89962
50/50 ???????????????????? 3s 58ms/step - acc: 0.9768 - auc: 0.9978 - loss: 0.0583 - val_acc: 0.8945 - val_auc: 0.9476 - val_loss: 0.4211
Epoch 201/300
49/50 ???????????????????? 0s 54ms/step - acc: 0.9813 - auc: 0.9985 - loss: 0.0496
Epoch 201: val_acc did not improve from 0.89962
50/50 ???????????????????? 3s 58ms/step - acc: 0.9813 - auc: 0.9985 - loss: 0.0497 - val_acc: 0.8945 - val_auc: 0.9497 - val_loss: 0.3922
Epoch 202/300
49/50 ???????????????????? 0s 54ms/step - acc: 0.9802 - auc: 0.9986 - loss: 0.0471
Epoch 202: val_acc did not improve from 0.89962
50/50 ???????????????????? 3s 57ms/step - acc: 0.9802 - auc: 0.9986 - loss: 0.0473 - val_acc: 0.8996 - val_auc: 0.9453 - val_loss: 0.4182
Epoch 203/300
49/50 ???????????????????? 0s 52ms/step - acc: 0.9811 - auc: 0.9986 - loss: 0.0470
Epoch 203: val_acc did not improve from 0.89962
50/50 ???????????????????? 3s 56ms/step - acc: 0.9811 - auc: 0.9986 - loss: 0.0471 - val_acc: 0.8964 - val_auc: 0.9467 - val_loss: 0.4065
Epoch 204/300
49/50 ???????????????????? 0s 52ms/step - acc: 0.9802 - auc: 0.9974 - loss: 0.0545
Epoch 204: val_acc did not improve from 0.89962
50/50 ???????????????????? 3s 56ms/step - acc: 0.9801 - auc: 0.9974 - loss: 0.0547 - val_acc: 0.8926 - val_auc: 0.9503 - val_loss: 0.3887
Epoch 205/300
50/50 ???????????????????? 0s 52ms/step - acc: 0.9840 - auc: 0.9990 - loss: 0.0406
Epoch 205: val_acc did not improve from 0.89962
50/50 ???????????????????? 3s 56ms/step - acc: 0.9840 - auc: 0.9990 - loss: 0.0408 - val_acc: 0.8901 - val_auc: 0.9458 - val_loss: 0.4123
Epoch 206/300
49/50 ???????????????????? 0s 53ms/step - acc: 0.9899 - auc: 0.9991 - loss: 0.0357
Epoch 206: val_acc did not improve from 0.89962
50/50 ???????????????????? 3s 56ms/step - acc: 0.9897 - auc: 0.9991 - loss: 0.0360 - val_acc: 0.8977 - val_auc: 0.9453 - val_loss: 0.4321
Epoch 207/300
49/50 ???????????????????? 0s 55ms/step - acc: 0.9839 - auc: 0.9987 - loss: 0.0418
Epoch 207: val_acc did not improve from 0.89962
50/50 ???????????????????? 3s 58ms/step - acc: 0.9839 - auc: 0.9987 - loss: 0.0418 - val_acc: 0.8920 - val_auc: 0.9470 - val_loss: 0.4187
Epoch 208/300
49/50 ???????????????????? 0s 53ms/step - acc: 0.9796 - auc: 0.9981 - loss: 0.0525
Epoch 208: val_acc did not improve from 0.89962
50/50 ???????????????????? 3s 56ms/step - acc: 0.9795 - auc: 0.9981 - loss: 0.0526 - val_acc: 0.8914 - val_auc: 0.9468 - val_loss: 0.4015
Epoch 209/300
49/50 ???????????????????? 0s 55ms/step - acc: 0.9820 - auc: 0.9983 - loss: 0.0485
Epoch 209: val_acc did not improve from 0.89962
50/50 ???????????????????? 3s 59ms/step - acc: 0.9821 - auc: 0.9983 - loss: 0.0483 - val_acc: 0.8945 - val_auc: 0.9453 - val_loss: 0.4315
Epoch 210/300
49/50 ???????????????????? 0s 53ms/step - acc: 0.9795 - auc: 0.9964 - loss: 0.0639
Epoch 210: val_acc did not improve from 0.89962
50/50 ???????????????????? 3s 56ms/step - acc: 0.9795 - auc: 0.9964 - loss: 0.0638 - val_acc: 0.8869 - val_auc: 0.9462 - val_loss: 0.4427
Epoch 211/300
50/50 ???????????????????? 0s 55ms/step - acc: 0.9795 - auc: 0.9985 - loss: 0.0484
Epoch 211: val_acc did not improve from 0.89962
50/50 ???????????????????? 3s 59ms/step - acc: 0.9795 - auc: 0.9985 - loss: 0.0484 - val_acc: 0.8958 - val_auc: 0.9474 - val_loss: 0.4252
Epoch 212/300
49/50 ???????????????????? 0s 53ms/step - acc: 0.9798 - auc: 0.9977 - loss: 0.0529
Epoch 212: val_acc did not improve from 0.89962
50/50 ???????????????????? 3s 56ms/step - acc: 0.9798 - auc: 0.9977 - loss: 0.0529 - val_acc: 0.8983 - val_auc: 0.9467 - val_loss: 0.4203
Epoch 213/300
50/50 ???????????????????? 0s 53ms/step - acc: 0.9808 - auc: 0.9976 - loss: 0.0515
Epoch 213: val_acc did not improve from 0.89962
50/50 ???????????????????? 3s 58ms/step - acc: 0.9808 - auc: 0.9976 - loss: 0.0515 - val_acc: 0.8964 - val_auc: 0.9479 - val_loss: 0.4142
Epoch 214/300
49/50 ???????????????????? 0s 54ms/step - acc: 0.9821 - auc: 0.9983 - loss: 0.0476
Epoch 214: val_acc did not improve from 0.89962
50/50 ???????????????????? 3s 57ms/step - acc: 0.9821 - auc: 0.9983 - loss: 0.0476 - val_acc: 0.8977 - val_auc: 0.9469 - val_loss: 0.4259
Epoch 215/300
49/50 ???????????????????? 0s 55ms/step - acc: 0.9851 - auc: 0.9989 - loss: 0.0401
Epoch 215: val_acc did not improve from 0.89962
50/50 ???????????????????? 3s 59ms/step - acc: 0.9851 - auc: 0.9989 - loss: 0.0401 - val_acc: 0.8888 - val_auc: 0.9440 - val_loss: 0.4501
Epoch 216/300
49/50 ???????????????????? 0s 56ms/step - acc: 0.9798 - auc: 0.9981 - loss: 0.0512
Epoch 216: val_acc did not improve from 0.89962
50/50 ???????????????????? 3s 59ms/step - acc: 0.9797 - auc: 0.9981 - loss: 0.0514 - val_acc: 0.8914 - val_auc: 0.9501 - val_loss: 0.4250
Epoch 217/300
50/50 ???????????????????? 0s 52ms/step - acc: 0.9857 - auc: 0.9990 - loss: 0.0373
Epoch 217: val_acc did not improve from 0.89962
50/50 ???????????????????? 3s 57ms/step - acc: 0.9856 - auc: 0.9990 - loss: 0.0374 - val_acc: 0.8933 - val_auc: 0.9446 - val_loss: 0.4376
Epoch 218/300
49/50 ???????????????????? 0s 54ms/step - acc: 0.9843 - auc: 0.9985 - loss: 0.0470
Epoch 218: val_acc did not improve from 0.89962
50/50 ???????????????????? 3s 58ms/step - acc: 0.9842 - auc: 0.9985 - loss: 0.0471 - val_acc: 0.8983 - val_auc: 0.9498 - val_loss: 0.4005
Epoch 219/300
50/50 ???????????????????? 0s 52ms/step - acc: 0.9841 - auc: 0.9989 - loss: 0.0413
Epoch 219: val_acc did not improve from 0.89962
50/50 ???????????????????? 3s 56ms/step - acc: 0.9841 - auc: 0.9989 - loss: 0.0413 - val_acc: 0.8939 - val_auc: 0.9447 - val_loss: 0.4474
Epoch 220/300
50/50 ???????????????????? 0s 52ms/step - acc: 0.9825 - auc: 0.9983 - loss: 0.0466
Epoch 220: val_acc did not improve from 0.89962
50/50 ???????????????????? 3s 56ms/step - acc: 0.9825 - auc: 0.9983 - loss: 0.0467 - val_acc: 0.8958 - val_auc: 0.9416 - val_loss: 0.4390
Epoch 221/300
49/50 ???????????????????? 0s 53ms/step - acc: 0.9828 - auc: 0.9981 - loss: 0.0484
Epoch 221: val_acc did not improve from 0.89962
50/50 ???????????????????? 3s 56ms/step - acc: 0.9830 - auc: 0.9982 - loss: 0.0481 - val_acc: 0.8869 - val_auc: 0.9410 - val_loss: 0.4809
Epoch 222/300
49/50 ???????????????????? 0s 54ms/step - acc: 0.9833 - auc: 0.9991 - loss: 0.0366
Epoch 222: val_acc improved from 0.89962 to 0.90216, saving model to saved_models/best_MACSynDCR_CNN_model.keras
50/50 ???????????????????? 3s 58ms/step - acc: 0.9833 - auc: 0.9991 - loss: 0.0367 - val_acc: 0.9022 - val_auc: 0.9421 - val_loss: 0.4584
Epoch 223/300
49/50 ???????????????????? 0s 53ms/step - acc: 0.9837 - auc: 0.9983 - loss: 0.0440
Epoch 223: val_acc did not improve from 0.90216
50/50 ???????????????????? 3s 56ms/step - acc: 0.9837 - auc: 0.9983 - loss: 0.0440 - val_acc: 0.8888 - val_auc: 0.9436 - val_loss: 0.4340
Epoch 224/300
49/50 ???????????????????? 0s 53ms/step - acc: 0.9797 - auc: 0.9978 - loss: 0.0511
Epoch 224: val_acc did not improve from 0.90216
50/50 ???????????????????? 3s 56ms/step - acc: 0.9798 - auc: 0.9979 - loss: 0.0510 - val_acc: 0.8926 - val_auc: 0.9479 - val_loss: 0.4255
Epoch 225/300
49/50 ???????????????????? 0s 52ms/step - acc: 0.9799 - auc: 0.9982 - loss: 0.0497
Epoch 225: val_acc did not improve from 0.90216
50/50 ???????????????????? 3s 55ms/step - acc: 0.9799 - auc: 0.9982 - loss: 0.0496 - val_acc: 0.8958 - val_auc: 0.9504 - val_loss: 0.4078
Epoch 226/300
49/50 ???????????????????? 0s 53ms/step - acc: 0.9827 - auc: 0.9978 - loss: 0.0496
Epoch 226: val_acc did not improve from 0.90216
50/50 ???????????????????? 3s 57ms/step - acc: 0.9828 - auc: 0.9978 - loss: 0.0495 - val_acc: 0.8996 - val_auc: 0.9477 - val_loss: 0.4210
Epoch 227/300
49/50 ???????????????????? 0s 52ms/step - acc: 0.9838 - auc: 0.9980 - loss: 0.0463
Epoch 227: val_acc did not improve from 0.90216
50/50 ???????????????????? 3s 56ms/step - acc: 0.9838 - auc: 0.9980 - loss: 0.0463 - val_acc: 0.8996 - val_auc: 0.9467 - val_loss: 0.4303
Epoch 228/300
49/50 ???????????????????? 0s 53ms/step - acc: 0.9807 - auc: 0.9988 - loss: 0.0461
Epoch 228: val_acc did not improve from 0.90216
50/50 ???????????????????? 3s 57ms/step - acc: 0.9809 - auc: 0.9988 - loss: 0.0459 - val_acc: 0.8977 - val_auc: 0.9468 - val_loss: 0.4363
Epoch 229/300
49/50 ???????????????????? 0s 53ms/step - acc: 0.9815 - auc: 0.9979 - loss: 0.0494
Epoch 229: val_acc did not improve from 0.90216
50/50 ???????????????????? 3s 57ms/step - acc: 0.9815 - auc: 0.9980 - loss: 0.0493 - val_acc: 0.8977 - val_auc: 0.9488 - val_loss: 0.4380
Epoch 230/300
49/50 ???????????????????? 0s 53ms/step - acc: 0.9844 - auc: 0.9989 - loss: 0.0375
Epoch 230: val_acc did not improve from 0.90216
50/50 ???????????????????? 3s 57ms/step - acc: 0.9844 - auc: 0.9989 - loss: 0.0377 - val_acc: 0.8958 - val_auc: 0.9460 - val_loss: 0.4350
Epoch 231/300
49/50 ???????????????????? 0s 54ms/step - acc: 0.9836 - auc: 0.9982 - loss: 0.0454
Epoch 231: val_acc did not improve from 0.90216
50/50 ???????????????????? 3s 57ms/step - acc: 0.9837 - auc: 0.9982 - loss: 0.0454 - val_acc: 0.9009 - val_auc: 0.9470 - val_loss: 0.4405
Epoch 232/300
49/50 ???????????????????? 0s 53ms/step - acc: 0.9767 - auc: 0.9970 - loss: 0.0620
Epoch 232: val_acc did not improve from 0.90216
50/50 ???????????????????? 3s 57ms/step - acc: 0.9768 - auc: 0.9970 - loss: 0.0617 - val_acc: 0.8971 - val_auc: 0.9481 - val_loss: 0.4197
Epoch 233/300
50/50 ???????????????????? 0s 54ms/step - acc: 0.9814 - auc: 0.9985 - loss: 0.0481
Epoch 233: val_acc did not improve from 0.90216
50/50 ???????????????????? 3s 59ms/step - acc: 0.9814 - auc: 0.9985 - loss: 0.0481 - val_acc: 0.8958 - val_auc: 0.9461 - val_loss: 0.4201
Epoch 234/300
49/50 ???????????????????? 0s 53ms/step - acc: 0.9834 - auc: 0.9988 - loss: 0.0442
Epoch 234: val_acc did not improve from 0.90216
50/50 ???????????????????? 3s 56ms/step - acc: 0.9834 - auc: 0.9988 - loss: 0.0443 - val_acc: 0.8926 - val_auc: 0.9442 - val_loss: 0.4480
Epoch 235/300
49/50 ???????????????????? 0s 54ms/step - acc: 0.9822 - auc: 0.9976 - loss: 0.0499
Epoch 235: val_acc did not improve from 0.90216
50/50 ???????????????????? 3s 57ms/step - acc: 0.9822 - auc: 0.9976 - loss: 0.0497 - val_acc: 0.8958 - val_auc: 0.9477 - val_loss: 0.4228
Epoch 236/300
49/50 ???????????????????? 0s 55ms/step - acc: 0.9871 - auc: 0.9991 - loss: 0.0385
Epoch 236: val_acc did not improve from 0.90216
50/50 ???????????????????? 3s 59ms/step - acc: 0.9871 - auc: 0.9991 - loss: 0.0384 - val_acc: 0.8939 - val_auc: 0.9426 - val_loss: 0.4604
Epoch 237/300
50/50 ???????????????????? 0s 55ms/step - acc: 0.9868 - auc: 0.9981 - loss: 0.0411
Epoch 237: val_acc did not improve from 0.90216
50/50 ???????????????????? 3s 59ms/step - acc: 0.9868 - auc: 0.9981 - loss: 0.0411 - val_acc: 0.8990 - val_auc: 0.9463 - val_loss: 0.4366
Epoch 238/300
49/50 ???????????????????? 0s 52ms/step - acc: 0.9852 - auc: 0.9988 - loss: 0.0411
Epoch 238: val_acc did not improve from 0.90216
50/50 ???????????????????? 3s 56ms/step - acc: 0.9852 - auc: 0.9988 - loss: 0.0411 - val_acc: 0.8964 - val_auc: 0.9440 - val_loss: 0.4445
Epoch 239/300
50/50 ???????????????????? 0s 53ms/step - acc: 0.9873 - auc: 0.9986 - loss: 0.0381
Epoch 239: val_acc did not improve from 0.90216
50/50 ???????????????????? 3s 56ms/step - acc: 0.9873 - auc: 0.9986 - loss: 0.0382 - val_acc: 0.8907 - val_auc: 0.9443 - val_loss: 0.4566
Epoch 240/300
50/50 ???????????????????? 0s 52ms/step - acc: 0.9853 - auc: 0.9980 - loss: 0.0419
Epoch 240: val_acc did not improve from 0.90216
50/50 ???????????????????? 3s 56ms/step - acc: 0.9852 - auc: 0.9980 - loss: 0.0418 - val_acc: 0.8964 - val_auc: 0.9418 - val_loss: 0.4578
Epoch 241/300
49/50 ???????????????????? 0s 52ms/step - acc: 0.9850 - auc: 0.9981 - loss: 0.0434
Epoch 241: val_acc did not improve from 0.90216
50/50 ???????????????????? 3s 56ms/step - acc: 0.9851 - auc: 0.9981 - loss: 0.0433 - val_acc: 0.9015 - val_auc: 0.9482 - val_loss: 0.4150
Epoch 242/300
49/50 ???????????????????? 0s 55ms/step - acc: 0.9790 - auc: 0.9977 - loss: 0.0534
Epoch 242: val_acc did not improve from 0.90216
50/50 ???????????????????? 3s 58ms/step - acc: 0.9791 - auc: 0.9977 - loss: 0.0533 - val_acc: 0.8933 - val_auc: 0.9462 - val_loss: 0.4110
Epoch 243/300
49/50 ???????????????????? 0s 53ms/step - acc: 0.9830 - auc: 0.9988 - loss: 0.0435
Epoch 243: val_acc did not improve from 0.90216
50/50 ???????????????????? 3s 56ms/step - acc: 0.9830 - auc: 0.9988 - loss: 0.0435 - val_acc: 0.8971 - val_auc: 0.9467 - val_loss: 0.4396
Epoch 244/300
49/50 ???????????????????? 0s 53ms/step - acc: 0.9831 - auc: 0.9981 - loss: 0.0457
Epoch 244: val_acc did not improve from 0.90216
50/50 ???????????????????? 3s 57ms/step - acc: 0.9831 - auc: 0.9982 - loss: 0.0458 - val_acc: 0.8983 - val_auc: 0.9499 - val_loss: 0.4059
Epoch 245/300
49/50 ???????????????????? 0s 53ms/step - acc: 0.9815 - auc: 0.9985 - loss: 0.0457
Epoch 245: val_acc did not improve from 0.90216
50/50 ???????????????????? 3s 56ms/step - acc: 0.9816 - auc: 0.9985 - loss: 0.0456 - val_acc: 0.8983 - val_auc: 0.9479 - val_loss: 0.4368
Epoch 246/300
49/50 ???????????????????? 0s 53ms/step - acc: 0.9853 - auc: 0.9992 - loss: 0.0364
Epoch 246: val_acc did not improve from 0.90216
50/50 ???????????????????? 3s 56ms/step - acc: 0.9854 - auc: 0.9992 - loss: 0.0364 - val_acc: 0.8926 - val_auc: 0.9490 - val_loss: 0.4440
Epoch 247/300
49/50 ???????????????????? 0s 53ms/step - acc: 0.9865 - auc: 0.9991 - loss: 0.0374
Epoch 247: val_acc did not improve from 0.90216
50/50 ???????????????????? 3s 56ms/step - acc: 0.9864 - auc: 0.9990 - loss: 0.0376 - val_acc: 0.8945 - val_auc: 0.9468 - val_loss: 0.4566
Epoch 248/300
49/50 ???????????????????? 0s 52ms/step - acc: 0.9871 - auc: 0.9984 - loss: 0.0410
Epoch 248: val_acc did not improve from 0.90216
50/50 ???????????????????? 3s 56ms/step - acc: 0.9871 - auc: 0.9985 - loss: 0.0410 - val_acc: 0.8983 - val_auc: 0.9503 - val_loss: 0.4186
Epoch 249/300
49/50 ???????????????????? 0s 53ms/step - acc: 0.9877 - auc: 0.9987 - loss: 0.0349
Epoch 249: val_acc did not improve from 0.90216
50/50 ???????????????????? 3s 56ms/step - acc: 0.9876 - auc: 0.9987 - loss: 0.0350 - val_acc: 0.8977 - val_auc: 0.9497 - val_loss: 0.4269
Epoch 250/300
49/50 ???????????????????? 0s 54ms/step - acc: 0.9870 - auc: 0.9991 - loss: 0.0346
Epoch 250: val_acc did not improve from 0.90216
50/50 ???????????????????? 3s 57ms/step - acc: 0.9869 - auc: 0.9991 - loss: 0.0348 - val_acc: 0.8933 - val_auc: 0.9473 - val_loss: 0.4343
Epoch 251/300
50/50 ???????????????????? 0s 52ms/step - acc: 0.9853 - auc: 0.9991 - loss: 0.0355
Epoch 251: val_acc did not improve from 0.90216
50/50 ???????????????????? 3s 56ms/step - acc: 0.9853 - auc: 0.9991 - loss: 0.0355 - val_acc: 0.8933 - val_auc: 0.9469 - val_loss: 0.4541
Epoch 252/300
49/50 ???????????????????? 0s 53ms/step - acc: 0.9875 - auc: 0.9988 - loss: 0.0350
Epoch 252: val_acc did not improve from 0.90216
50/50 ???????????????????? 3s 56ms/step - acc: 0.9874 - auc: 0.9988 - loss: 0.0351 - val_acc: 0.8914 - val_auc: 0.9441 - val_loss: 0.4816
Epoch 253/300
50/50 ???????????????????? 0s 53ms/step - acc: 0.9882 - auc: 0.9991 - loss: 0.0351
Epoch 253: val_acc did not improve from 0.90216
50/50 ???????????????????? 3s 57ms/step - acc: 0.9881 - auc: 0.9991 - loss: 0.0352 - val_acc: 0.8996 - val_auc: 0.9468 - val_loss: 0.4423
Epoch 254/300
49/50 ???????????????????? 0s 54ms/step - acc: 0.9880 - auc: 0.9992 - loss: 0.0344
Epoch 254: val_acc did not improve from 0.90216
50/50 ???????????????????? 3s 57ms/step - acc: 0.9880 - auc: 0.9992 - loss: 0.0345 - val_acc: 0.8926 - val_auc: 0.9478 - val_loss: 0.4308
Epoch 255/300
49/50 ???????????????????? 0s 55ms/step - acc: 0.9857 - auc: 0.9989 - loss: 0.0399
Epoch 255: val_acc did not improve from 0.90216
50/50 ???????????????????? 3s 58ms/step - acc: 0.9858 - auc: 0.9989 - loss: 0.0399 - val_acc: 0.8825 - val_auc: 0.9394 - val_loss: 0.5101
Epoch 256/300
50/50 ???????????????????? 0s 52ms/step - acc: 0.9909 - auc: 0.9994 - loss: 0.0271
Epoch 256: val_acc did not improve from 0.90216
50/50 ???????????????????? 3s 56ms/step - acc: 0.9909 - auc: 0.9994 - loss: 0.0273 - val_acc: 0.8933 - val_auc: 0.9447 - val_loss: 0.4594
Epoch 257/300
49/50 ???????????????????? 0s 55ms/step - acc: 0.9877 - auc: 0.9987 - loss: 0.0363
Epoch 257: val_acc did not improve from 0.90216
50/50 ???????????????????? 3s 58ms/step - acc: 0.9877 - auc: 0.9987 - loss: 0.0364 - val_acc: 0.8914 - val_auc: 0.9434 - val_loss: 0.4703
Epoch 258/300
49/50 ???????????????????? 0s 56ms/step - acc: 0.9866 - auc: 0.9990 - loss: 0.0366
Epoch 258: val_acc did not improve from 0.90216
50/50 ???????????????????? 3s 59ms/step - acc: 0.9865 - auc: 0.9990 - loss: 0.0367 - val_acc: 0.8888 - val_auc: 0.9437 - val_loss: 0.4752
Epoch 259/300
49/50 ???????????????????? 0s 52ms/step - acc: 0.9841 - auc: 0.9987 - loss: 0.0427
Epoch 259: val_acc did not improve from 0.90216
50/50 ???????????????????? 3s 56ms/step - acc: 0.9841 - auc: 0.9987 - loss: 0.0428 - val_acc: 0.8971 - val_auc: 0.9474 - val_loss: 0.4196
Epoch 260/300
49/50 ???????????????????? 0s 54ms/step - acc: 0.9857 - auc: 0.9984 - loss: 0.0406
Epoch 260: val_acc did not improve from 0.90216
50/50 ???????????????????? 3s 57ms/step - acc: 0.9857 - auc: 0.9984 - loss: 0.0406 - val_acc: 0.8869 - val_auc: 0.9438 - val_loss: 0.4504
Epoch 261/300
49/50 ???????????????????? 0s 53ms/step - acc: 0.9842 - auc: 0.9990 - loss: 0.0395
Epoch 261: val_acc did not improve from 0.90216
50/50 ???????????????????? 3s 56ms/step - acc: 0.9843 - auc: 0.9990 - loss: 0.0394 - val_acc: 0.8952 - val_auc: 0.9500 - val_loss: 0.4448
Epoch 262/300
49/50 ???????????????????? 0s 54ms/step - acc: 0.9818 - auc: 0.9984 - loss: 0.0462
Epoch 262: val_acc did not improve from 0.90216
50/50 ???????????????????? 3s 57ms/step - acc: 0.9819 - auc: 0.9984 - loss: 0.0461 - val_acc: 0.8945 - val_auc: 0.9472 - val_loss: 0.4425
Epoch 263/300
49/50 ???????????????????? 0s 54ms/step - acc: 0.9917 - auc: 0.9995 - loss: 0.0270
Epoch 263: val_acc did not improve from 0.90216
50/50 ???????????????????? 3s 57ms/step - acc: 0.9915 - auc: 0.9995 - loss: 0.0274 - val_acc: 0.8977 - val_auc: 0.9470 - val_loss: 0.4412
Epoch 264/300
49/50 ???????????????????? 0s 54ms/step - acc: 0.9834 - auc: 0.9982 - loss: 0.0468
Epoch 264: val_acc did not improve from 0.90216
50/50 ???????????????????? 3s 58ms/step - acc: 0.9833 - auc: 0.9982 - loss: 0.0468 - val_acc: 0.9009 - val_auc: 0.9469 - val_loss: 0.4405
Epoch 265/300
49/50 ???????????????????? 0s 53ms/step - acc: 0.9851 - auc: 0.9990 - loss: 0.0401
Epoch 265: val_acc improved from 0.90216 to 0.90470, saving model to saved_models/best_MACSynDCR_CNN_model.keras
50/50 ???????????????????? 3s 58ms/step - acc: 0.9851 - auc: 0.9990 - loss: 0.0399 - val_acc: 0.9047 - val_auc: 0.9476 - val_loss: 0.4407
Epoch 266/300
49/50 ???????????????????? 0s 52ms/step - acc: 0.9842 - auc: 0.9987 - loss: 0.0399
Epoch 266: val_acc did not improve from 0.90470
50/50 ???????????????????? 3s 55ms/step - acc: 0.9842 - auc: 0.9987 - loss: 0.0402 - val_acc: 0.8990 - val_auc: 0.9472 - val_loss: 0.4408
Epoch 267/300
50/50 ???????????????????? 0s 52ms/step - acc: 0.9837 - auc: 0.9987 - loss: 0.0435
Epoch 267: val_acc did not improve from 0.90470
50/50 ???????????????????? 3s 56ms/step - acc: 0.9837 - auc: 0.9987 - loss: 0.0435 - val_acc: 0.8952 - val_auc: 0.9486 - val_loss: 0.4332
Epoch 268/300
49/50 ???????????????????? 0s 53ms/step - acc: 0.9885 - auc: 0.9987 - loss: 0.0328
Epoch 268: val_acc did not improve from 0.90470
50/50 ???????????????????? 3s 56ms/step - acc: 0.9884 - auc: 0.9987 - loss: 0.0328 - val_acc: 0.8945 - val_auc: 0.9460 - val_loss: 0.4354
Epoch 269/300
49/50 ???????????????????? 0s 52ms/step - acc: 0.9864 - auc: 0.9991 - loss: 0.0343
Epoch 269: val_acc did not improve from 0.90470
50/50 ???????????????????? 3s 56ms/step - acc: 0.9863 - auc: 0.9991 - loss: 0.0345 - val_acc: 0.8977 - val_auc: 0.9424 - val_loss: 0.4885
Epoch 270/300
50/50 ???????????????????? 0s 53ms/step - acc: 0.9859 - auc: 0.9988 - loss: 0.0362
Epoch 270: val_acc did not improve from 0.90470
50/50 ???????????????????? 3s 58ms/step - acc: 0.9859 - auc: 0.9988 - loss: 0.0363 - val_acc: 0.8964 - val_auc: 0.9437 - val_loss: 0.4598
Epoch 271/300
49/50 ???????????????????? 0s 53ms/step - acc: 0.9858 - auc: 0.9992 - loss: 0.0336
Epoch 271: val_acc did not improve from 0.90470
50/50 ???????????????????? 3s 56ms/step - acc: 0.9858 - auc: 0.9991 - loss: 0.0337 - val_acc: 0.8939 - val_auc: 0.9429 - val_loss: 0.4599
Epoch 272/300
49/50 ???????????????????? 0s 53ms/step - acc: 0.9863 - auc: 0.9975 - loss: 0.0437
Epoch 272: val_acc did not improve from 0.90470
50/50 ???????????????????? 3s 56ms/step - acc: 0.9864 - auc: 0.9975 - loss: 0.0435 - val_acc: 0.8952 - val_auc: 0.9441 - val_loss: 0.4656
Epoch 273/300
50/50 ???????????????????? 0s 51ms/step - acc: 0.9863 - auc: 0.9991 - loss: 0.0342
Epoch 273: val_acc did not improve from 0.90470
50/50 ???????????????????? 3s 55ms/step - acc: 0.9863 - auc: 0.9991 - loss: 0.0342 - val_acc: 0.8945 - val_auc: 0.9497 - val_loss: 0.4436
Epoch 274/300
49/50 ???????????????????? 0s 54ms/step - acc: 0.9867 - auc: 0.9988 - loss: 0.0363
Epoch 274: val_acc did not improve from 0.90470
50/50 ???????????????????? 3s 57ms/step - acc: 0.9867 - auc: 0.9988 - loss: 0.0364 - val_acc: 0.8971 - val_auc: 0.9432 - val_loss: 0.4561
Epoch 275/300
49/50 ???????????????????? 0s 55ms/step - acc: 0.9872 - auc: 0.9992 - loss: 0.0361
Epoch 275: val_acc did not improve from 0.90470
50/50 ???????????????????? 3s 58ms/step - acc: 0.9871 - auc: 0.9992 - loss: 0.0362 - val_acc: 0.8907 - val_auc: 0.9435 - val_loss: 0.4746
Epoch 276/300
49/50 ???????????????????? 0s 51ms/step - acc: 0.9880 - auc: 0.9991 - loss: 0.0307
Epoch 276: val_acc did not improve from 0.90470
50/50 ???????????????????? 3s 55ms/step - acc: 0.9880 - auc: 0.9991 - loss: 0.0308 - val_acc: 0.8837 - val_auc: 0.9442 - val_loss: 0.4729
Epoch 277/300
50/50 ???????????????????? 0s 53ms/step - acc: 0.9850 - auc: 0.9990 - loss: 0.0375
Epoch 277: val_acc did not improve from 0.90470
50/50 ???????????????????? 3s 57ms/step - acc: 0.9850 - auc: 0.9990 - loss: 0.0376 - val_acc: 0.8907 - val_auc: 0.9436 - val_loss: 0.4832
Epoch 278/300
49/50 ???????????????????? 0s 55ms/step - acc: 0.9876 - auc: 0.9987 - loss: 0.0375
Epoch 278: val_acc did not improve from 0.90470
50/50 ???????????????????? 3s 58ms/step - acc: 0.9876 - auc: 0.9987 - loss: 0.0375 - val_acc: 0.9015 - val_auc: 0.9468 - val_loss: 0.4482
Epoch 279/300
49/50 ???????????????????? 0s 56ms/step - acc: 0.9856 - auc: 0.9984 - loss: 0.0442
Epoch 279: val_acc did not improve from 0.90470
50/50 ???????????????????? 3s 59ms/step - acc: 0.9856 - auc: 0.9984 - loss: 0.0440 - val_acc: 0.8945 - val_auc: 0.9499 - val_loss: 0.4545
Epoch 280/300
49/50 ???????????????????? 0s 54ms/step - acc: 0.9858 - auc: 0.9992 - loss: 0.0356
Epoch 280: val_acc did not improve from 0.90470
50/50 ???????????????????? 3s 57ms/step - acc: 0.9859 - auc: 0.9992 - loss: 0.0356 - val_acc: 0.8958 - val_auc: 0.9448 - val_loss: 0.4606
Epoch 281/300
50/50 ???????????????????? 0s 52ms/step - acc: 0.9876 - auc: 0.9985 - loss: 0.0362
Epoch 281: val_acc did not improve from 0.90470
50/50 ???????????????????? 3s 56ms/step - acc: 0.9876 - auc: 0.9985 - loss: 0.0362 - val_acc: 0.8945 - val_auc: 0.9446 - val_loss: 0.4492
Epoch 282/300
50/50 ???????????????????? 0s 54ms/step - acc: 0.9860 - auc: 0.9989 - loss: 0.0373
Epoch 282: val_acc did not improve from 0.90470
50/50 ???????????????????? 3s 58ms/step - acc: 0.9860 - auc: 0.9989 - loss: 0.0372 - val_acc: 0.8907 - val_auc: 0.9436 - val_loss: 0.4522
Epoch 283/300
49/50 ???????????????????? 0s 54ms/step - acc: 0.9859 - auc: 0.9987 - loss: 0.0377
Epoch 283: val_acc did not improve from 0.90470
50/50 ???????????????????? 3s 57ms/step - acc: 0.9859 - auc: 0.9987 - loss: 0.0376 - val_acc: 0.8945 - val_auc: 0.9436 - val_loss: 0.4848
Epoch 284/300
49/50 ???????????????????? 0s 55ms/step - acc: 0.9860 - auc: 0.9993 - loss: 0.0331
Epoch 284: val_acc improved from 0.90470 to 0.90534, saving model to saved_models/best_MACSynDCR_CNN_model.keras
50/50 ???????????????????? 3s 59ms/step - acc: 0.9860 - auc: 0.9993 - loss: 0.0332 - val_acc: 0.9053 - val_auc: 0.9454 - val_loss: 0.4463
Epoch 285/300
49/50 ???????????????????? 0s 53ms/step - acc: 0.9877 - auc: 0.9989 - loss: 0.0336
Epoch 285: val_acc did not improve from 0.90534
50/50 ???????????????????? 3s 56ms/step - acc: 0.9876 - auc: 0.9989 - loss: 0.0338 - val_acc: 0.8939 - val_auc: 0.9443 - val_loss: 0.4796
Epoch 286/300
49/50 ???????????????????? 0s 56ms/step - acc: 0.9869 - auc: 0.9990 - loss: 0.0344
Epoch 286: val_acc did not improve from 0.90534
50/50 ???????????????????? 3s 59ms/step - acc: 0.9869 - auc: 0.9990 - loss: 0.0344 - val_acc: 0.8983 - val_auc: 0.9446 - val_loss: 0.4739
Epoch 287/300
49/50 ???????????????????? 0s 52ms/step - acc: 0.9901 - auc: 0.9995 - loss: 0.0287
Epoch 287: val_acc did not improve from 0.90534
50/50 ???????????????????? 3s 56ms/step - acc: 0.9900 - auc: 0.9995 - loss: 0.0288 - val_acc: 0.9003 - val_auc: 0.9446 - val_loss: 0.4549
Epoch 288/300
49/50 ???????????????????? 0s 56ms/step - acc: 0.9884 - auc: 0.9991 - loss: 0.0331
Epoch 288: val_acc did not improve from 0.90534
50/50 ???????????????????? 3s 59ms/step - acc: 0.9884 - auc: 0.9991 - loss: 0.0332 - val_acc: 0.8977 - val_auc: 0.9429 - val_loss: 0.4945
Epoch 289/300
49/50 ???????????????????? 0s 54ms/step - acc: 0.9860 - auc: 0.9992 - loss: 0.0369
Epoch 289: val_acc did not improve from 0.90534
50/50 ???????????????????? 3s 57ms/step - acc: 0.9860 - auc: 0.9992 - loss: 0.0369 - val_acc: 0.8952 - val_auc: 0.9429 - val_loss: 0.4773
Epoch 290/300
49/50 ???????????????????? 0s 54ms/step - acc: 0.9909 - auc: 0.9995 - loss: 0.0298
Epoch 290: val_acc did not improve from 0.90534
50/50 ???????????????????? 3s 57ms/step - acc: 0.9909 - auc: 0.9995 - loss: 0.0297 - val_acc: 0.8926 - val_auc: 0.9440 - val_loss: 0.4819
Epoch 291/300
50/50 ???????????????????? 0s 54ms/step - acc: 0.9837 - auc: 0.9985 - loss: 0.0442
Epoch 291: val_acc did not improve from 0.90534
50/50 ???????????????????? 3s 59ms/step - acc: 0.9837 - auc: 0.9985 - loss: 0.0442 - val_acc: 0.8983 - val_auc: 0.9457 - val_loss: 0.4444
Epoch 292/300
49/50 ???????????????????? 0s 53ms/step - acc: 0.9874 - auc: 0.9993 - loss: 0.0332
Epoch 292: val_acc did not improve from 0.90534
50/50 ???????????????????? 3s 57ms/step - acc: 0.9874 - auc: 0.9993 - loss: 0.0333 - val_acc: 0.8933 - val_auc: 0.9440 - val_loss: 0.4604
Epoch 293/300
49/50 ???????????????????? 0s 54ms/step - acc: 0.9908 - auc: 0.9996 - loss: 0.0260
Epoch 293: val_acc did not improve from 0.90534
50/50 ???????????????????? 3s 58ms/step - acc: 0.9907 - auc: 0.9996 - loss: 0.0262 - val_acc: 0.8983 - val_auc: 0.9419 - val_loss: 0.5136
Epoch 294/300
50/50 ???????????????????? 0s 54ms/step - acc: 0.9880 - auc: 0.9990 - loss: 0.0324
Epoch 294: val_acc did not improve from 0.90534
50/50 ???????????????????? 3s 58ms/step - acc: 0.9879 - auc: 0.9990 - loss: 0.0324 - val_acc: 0.8933 - val_auc: 0.9411 - val_loss: 0.5008
Epoch 295/300
49/50 ???????????????????? 0s 54ms/step - acc: 0.9866 - auc: 0.9985 - loss: 0.0375
Epoch 295: val_acc did not improve from 0.90534
50/50 ???????????????????? 3s 58ms/step - acc: 0.9866 - auc: 0.9986 - loss: 0.0374 - val_acc: 0.9047 - val_auc: 0.9438 - val_loss: 0.4753
Epoch 296/300
49/50 ???????????????????? 0s 54ms/step - acc: 0.9860 - auc: 0.9990 - loss: 0.0362
Epoch 296: val_acc did not improve from 0.90534
50/50 ???????????????????? 3s 57ms/step - acc: 0.9860 - auc: 0.9990 - loss: 0.0362 - val_acc: 0.8926 - val_auc: 0.9430 - val_loss: 0.4849
Epoch 297/300
49/50 ???????????????????? 0s 55ms/step - acc: 0.9892 - auc: 0.9992 - loss: 0.0284
Epoch 297: val_acc did not improve from 0.90534
50/50 ???????????????????? 3s 58ms/step - acc: 0.9891 - auc: 0.9992 - loss: 0.0286 - val_acc: 0.9022 - val_auc: 0.9425 - val_loss: 0.4880
Epoch 298/300
49/50 ???????????????????? 0s 54ms/step - acc: 0.9874 - auc: 0.9989 - loss: 0.0324
Epoch 298: val_acc did not improve from 0.90534
50/50 ???????????????????? 3s 57ms/step - acc: 0.9873 - auc: 0.9989 - loss: 0.0324 - val_acc: 0.8933 - val_auc: 0.9419 - val_loss: 0.5083
Epoch 299/300
49/50 ???????????????????? 0s 57ms/step - acc: 0.9865 - auc: 0.9992 - loss: 0.0322
Epoch 299: val_acc did not improve from 0.90534
50/50 ???????????????????? 3s 60ms/step - acc: 0.9866 - auc: 0.9992 - loss: 0.0322 - val_acc: 0.8945 - val_auc: 0.9408 - val_loss: 0.5035
Epoch 300/300
49/50 ???????????????????? 0s 55ms/step - acc: 0.9890 - auc: 0.9992 - loss: 0.0333
Epoch 300: val_acc did not improve from 0.90534
50/50 ???????????????????? 3s 59ms/step - acc: 0.9889 - auc: 0.9992 - loss: 0.0334 - val_acc: 0.9009 - val_auc: 0.9423 - val_loss: 0.4960
50/50 ???????????????????? 0s 6ms/step
50/50 ???????????????????? 0s 5ms/step
CNN: Accuracy: 0.9053, AUC-ROC: 0.9597
CNN: AUC-PR: 0.9601, Precision: 0.9114,
CNN Recall: 0.9011, F1 Score: 0.9062
CNN:RMSE: 12.2066 , PCC: 0.8252
Evaluation of Keras MACSynDCR_ANN model:
50/50 ???????????????????? 1s 4ms/step - acc: 0.9219 - auc: 0.9640 - loss: 0.3707
Evaluate->  Loss: 0.4181, Accuracy: 0.9098,AUC: 0.9574
50/50 ???????????????????? 0s 6ms/step
197/197 ???????????????????? 1s 3ms/step
ANN: Accuracy: 0.9098, AUC-ROC: 0.9656
ANN: AUC-PR: 0.9637, Precision: 0.9217,
ANN Recall: 0.8986, F1 Score: 0.9100
ANN:RMSE: 11.9164 , PCC: 0.8357
****************************************************************************************************
Evaluation of Keras MACSynDCR_CNN model:
50/50 ???????????????????? 1s 5ms/step - acc: 0.9165 - auc: 0.9521 - loss: 0.4087
Evaluate->  Loss: 0.4463, Accuracy: 0.9053,Accuracy: 0.9454
50/50 ???????????????????? 0s 6ms/step
197/197 ???????????????????? 1s 4ms/step
CNN: Accuracy: 0.9053, AUC-ROC: 0.9597
CNN: AUC-PR: 0.9601, Precision: 0.9114,
CNN Recall: 0.9011, F1 Score: 0.9062
CNN:RMSE: 12.2066 , PCC: 0.8252
****************************************************************************************************
Accuracy Score and AUC for ANN = AUC: 0.9653, Accuracy: 0.9098
Accuracy Score and AUC for KANN = AUC: 0.9655, Accuracy: 0.9098
Accuracy Score and AUC for KCNN = AUC: 0.9597, Accuracy: 0.9053
Average AUC = AUC: 0.9719, Accuracy: 0.9168
MAX AUC = AUC: 0.9677, Accuracy: 0.9047
Fitting 5 folds for each of 14 candidates, totalling 70 fits
Finall ensemble results of fold_5 for MACSynDCR:
----------------------------------------------------------------------------------------------------
Ensemble Accuracy: 0.9168, AUC-ROC: 0.9719
Ensemble AUC-PR: 0.9706, Precision: 0.9249,
Ensemble Recall: 0.9099, F1 Score: 0.9174
Ensemble RMSE: 11.4455 , PCC: 0.8645
----------------------------------------------------------------------------------------------------
****************************************************************************************************
*           Final MACSynCDR Results:
****************************************************************************************************
 AUC: 0.9719 ± 0.0030
 Accuracy: 0.9190 ± 0.0033
 AUC-PR: 0.9692 ± 0.0047
 Precision: 0.9192 ± 0.0084
 Recall: 0.9182 ± 0.0055
 F1: 0.9187 ± 0.0037
 RMSE: 11.2936 ± 0.2327
 PCC: 0.8652 ± 0.0062
Max AUC: 0.9767
Max ACC: 0.9238
Max AUC-PR: 0.9775
Max Precision: 0.9267
Max Reacall: 0.9240
Max F1: 0.9252
MIN RMSE: 10.9545
Max PCC: 0.8709
