,drug1,drug2,cell,score,label,SynClass
9,5-FU,ABT-888,OV90,-10.06884761,0,0
12,5-FU,ABT-888,SKMEL30,-36.45922958,0,0
14,5-FU,ABT-888,SW837,-14.52310863,0,0
20,5-FU,AZD1775,CAOV3,23.98617954,1,1
26,5-FU,AZD1775,MDAMB436,23.3811342,1,1
27,5-FU,AZD1775,MSTO,-32.99061919,0,0
34,5-FU,AZD1775,SKMES1,33.3532584,1,1
42,5-FU,BEZ-235,LNCAP,55.29129934,1,1
46,5-FU,BEZ-235,NCIH460,20.10041374,1,1
51,5-FU,BEZ-235,SKMEL30,-73.13840165,0,0
52,5-FU,BEZ-235,SKMES1,21.2679035,1,1
54,5-FU,BEZ-235,T47D,106.0071924,1,1
57,5-FU,BORTEZOMIB,A2780,-18.59912622,0,0
60,5-FU,BORTEZOMIB,CAOV3,-35.27304184,0,0
61,5-FU,BORTEZOMIB,ES2,-16.13012533,0,0
63,5-FU,BORTEZOMIB,HT144,-14.56978258,0,0
64,5-FU,BORTEZOMIB,HT29,-15.95161347,0,0
69,5-FU,BORTEZOMIB,MSTO,52.48518972,1,1
70,5-FU,BORTEZOMIB,NCIH1650,-15.77870569,0,0
71,5-FU,BORTEZOMIB,NCIH2122,-16.69626568,0,0
73,5-FU,BORTEZOMIB,NCIH460,-18.99813026,0,0
74,5-FU,BORTEZOMIB,NCIH520,-24.06755091,0,0
76,5-FU,BORTEZOMIB,RPMI7951,-10.47941439,0,0
77,5-FU,BORTEZOMIB,SKMEL30,-172.8887021,0,0
78,5-FU,BORTEZOMIB,SKMES1,-11.64272985,0,0
82,5-FU,BORTEZOMIB,UACC62,-17.84185108,0,0
84,5-FU,BORTEZOMIB,ZR751,-17.45137527,0,0
85,5-FU,DASATINIB,A2058,31.12564418,1,1
86,5-FU,DASATINIB,A2780,50.60366026,1,1
87,5-FU,DASATINIB,A427,28.34808451,1,1
91,5-FU,DASATINIB,HT144,-22.97327812,0,0
93,5-FU,DASATINIB,LOVO,21.38558819,1,1
96,5-FU,DASATINIB,NCIH1650,23.23497071,1,1
97,5-FU,DASATINIB,NCIH2122,-31.1947196,0,0
99,5-FU,DASATINIB,NCIH460,21.6687261,1,1
100,5-FU,DASATINIB,NCIH520,42.73505144,1,1
104,5-FU,DASATINIB,SW620,30.44463084,1,1
108,5-FU,DASATINIB,VCAP,21.45572644,1,1
112,5-FU,DINACICLIB,CAOV3,-14.34742589,0,0
116,5-FU,DINACICLIB,LOVO,-11.87695993,0,0
123,5-FU,DINACICLIB,SKMEL30,-96.61714003,0,0
125,5-FU,DINACICLIB,SKOV3,-13.89910152,0,0
127,5-FU,DINACICLIB,SW837,-19.57332293,0,0
130,5-FU,DINACICLIB,ZR751,-13.58239014,0,0
142,5-FU,ERLOTINIB,MSTO,-45.89376066,0,0
143,5-FU,ERLOTINIB,NCIH2122,24.45497683,1,1
145,5-FU,ERLOTINIB,OV90,-11.04004585,0,0
146,5-FU,ERLOTINIB,RKO,20.98757258,1,1
149,5-FU,ERLOTINIB,SKMES1,21.28942476,1,1
154,5-FU,ERLOTINIB,VCAP,24.41379314,1,1
155,5-FU,ERLOTINIB,ZR751,22.8306176,1,1
156,5-FU,GELDANAMYCIN,CAOV3,-12.98670671,0,0
166,5-FU,GELDANAMYCIN,SKMEL30,-80.63896867,0,0
169,5-FU,GELDANAMYCIN,SW837,-10.01418099,0,0
170,5-FU,GELDANAMYCIN,T47D,30.67999441,1,1
173,5-FU,GELDANAMYCIN,ZR751,-15.00928456,0,0
175,5-FU,L778123,CAOV3,-11.24456132,0,0
183,5-FU,L778123,SKMEL30,-57.88453337,0,0
185,5-FU,L778123,T47D,21.15875733,1,1
190,5-FU,LAPATINIB,LNCAP,-16.37649722,0,0
192,5-FU,LAPATINIB,MSTO,-55.47026432,0,0
206,5-FU,MK-2206,CAOV3,41.06914178,1,1
208,5-FU,MK-2206,KPL1,26.86477535,1,1
210,5-FU,MK-2206,MSTO,-35.31198822,0,0
215,5-FU,MK-2206,RKO,21.99868299,1,1
227,5-FU,MK-4827,LNCAP,-24.4814919,0,0
228,5-FU,MK-4827,LOVO,-14.5737162,0,0
229,5-FU,MK-4827,MSTO,-54.84820211,0,0
231,5-FU,MK-4827,NCIH23,-10.52634233,0,0
233,5-FU,MK-4827,OV90,-11.5759633,0,0
236,5-FU,MK-4827,SW837,-12.72451513,0,0
239,5-FU,MK-5108,CAOV3,-13.04134069,0,0
242,5-FU,MK-5108,LNCAP,-20.6434715,0,0
243,5-FU,MK-5108,MSTO,-34.44593587,0,0
253,5-FU,MK-8669,A2058,32.33623166,1,1
256,5-FU,MK-8669,A427,20.62786482,1,1
262,5-FU,MK-8669,MSTO,-34.43024988,0,0
265,5-FU,MK-8669,NCIH23,21.73781029,1,1
266,5-FU,MK-8669,RKO,23.25413422,1,1
267,5-FU,MK-8669,RPMI7951,27.33122745,1,1
268,5-FU,MK-8669,SKMEL30,28.19210471,1,1
269,5-FU,MK-8669,SKOV3,28.71514833,1,1
272,5-FU,MK-8669,T47D,24.17858199,1,1
274,5-FU,MK-8669,VCAP,29.67190189,1,1
276,5-FU,MK-8776,A2058,24.27497218,1,1
277,5-FU,MK-8776,A2058,24.27497218,1,1
278,5-FU,MK-8776,A375,21.58284028,1,1
279,5-FU,MK-8776,A375,21.58284028,1,1
280,5-FU,MK-8776,A427,25.93455259,1,1
281,5-FU,MK-8776,A427,25.93455259,1,1
282,5-FU,MK-8776,CAOV3,58.11878659,1,1
283,5-FU,MK-8776,CAOV3,58.11878659,1,1
289,5-FU,MK-8776,MDAMB436,43.35485062,1,1
290,5-FU,MK-8776,MSTO,-28.69135036,0,0
295,5-FU,MK-8776,NCIH460,24.84605685,1,1
298,5-FU,MK-8776,SKMEL30,-81.44128366,0,0
300,5-FU,MK-8776,SW837,-20.52658286,0,0
303,5-FU,PD325901,A2780,24.61014916,1,1
310,5-FU,PD325901,MSTO,22.0330269,1,1
314,5-FU,PD325901,SKMEL30,-144.4016546,0,0
316,5-FU,PD325901,T47D,46.99657957,1,1
320,5-FU,SORAFENIB,CAOV3,-16.67220342,0,0
324,5-FU,SORAFENIB,LNCAP,-13.39034615,0,0
325,5-FU,SORAFENIB,LOVO,-13.81534377,0,0
327,5-FU,SORAFENIB,MSTO,-13.50351384,0,0
336,5-FU,SORAFENIB,ZR751,-11.36179266,0,0
339,5-FU,SUNITINIB,MSTO,-19.19337264,0,0
346,5-FU,TEMOZOLOMIDE,A375,-15.98333594,0,0
348,5-FU,TEMOZOLOMIDE,CAOV3,-35.66063407,0,0
349,5-FU,TEMOZOLOMIDE,HCT116,-15.66309184,0,0
350,5-FU,TEMOZOLOMIDE,HT144,-24.286518,0,0
351,5-FU,TEMOZOLOMIDE,HT29,-13.17812058,0,0
352,5-FU,TEMOZOLOMIDE,KPL1,-32.03551474,0,0
353,5-FU,TEMOZOLOMIDE,LNCAP,-16.14608633,0,0
354,5-FU,TEMOZOLOMIDE,LOVO,-17.96614029,0,0
356,5-FU,TEMOZOLOMIDE,NCIH1650,-16.13611503,0,0
358,5-FU,TEMOZOLOMIDE,NCIH23,-22.41858189,0,0
359,5-FU,TEMOZOLOMIDE,NCIH460,-23.41105381,0,0
362,5-FU,TEMOZOLOMIDE,SKMEL30,-55.9657771,0,0
364,5-FU,TEMOZOLOMIDE,SW837,-44.6178968,0,0
365,5-FU,TEMOZOLOMIDE,T47D,-31.48916586,0,0
366,5-FU,TEMOZOLOMIDE,UACC62,-11.96862443,0,0
368,5-FU,TEMOZOLOMIDE,ZR751,-51.98862044,0,0
371,5-FU,ZOLINZA,A427,-31.94692955,0,0
380,5-FU,ZOLINZA,NCIH23,-15.10567636,0,0
387,5-FU,ZOLINZA,SW620,-17.22800516,0,0
389,5-FU,ZOLINZA,VCAP,22.99565591,1,1
390,5-FU,ZOLINZA,ZR751,-20.67751276,0,0
391,ABT-888,BEZ-235,A2058,24.07097148,1,1
392,ABT-888,BEZ-235,A2780,29.43971431,1,1
393,ABT-888,BEZ-235,A375,26.77702751,1,1
395,ABT-888,BEZ-235,CAOV3,48.3199691,1,1
399,ABT-888,BEZ-235,HT29,24.14577087,1,1
400,ABT-888,BEZ-235,KPL1,29.12456296,1,1
401,ABT-888,BEZ-235,LNCAP,78.70408281,1,1
403,ABT-888,BEZ-235,MDAMB436,24.11737313,1,1
404,ABT-888,BEZ-235,MSTO,42.00615065,1,1
408,ABT-888,BEZ-235,NCIH520,24.98075461,1,1
411,ABT-888,BEZ-235,RPMI7951,27.95688569,1,1
412,ABT-888,BEZ-235,SKMEL30,29.52276092,1,1
415,ABT-888,BEZ-235,SW837,23.28959911,1,1
416,ABT-888,BEZ-235,T47D,117.0012793,1,1
419,ABT-888,BEZ-235,ZR751,27.42592944,1,1
423,ABT-888,DINACICLIB,LNCAP,44.93017733,1,1
430,ABT-888,DINACICLIB,T47D,-24.15595065,0,0
433,ABT-888,GELDANAMYCIN,A2058,22.66972082,1,1
437,ABT-888,GELDANAMYCIN,HCT116,22.97216302,1,1
440,ABT-888,GELDANAMYCIN,LNCAP,26.08846407,1,1
449,ABT-888,GELDANAMYCIN,RKO,33.83147768,1,1
450,ABT-888,GELDANAMYCIN,SKMEL30,30.34189343,1,1
451,ABT-888,GELDANAMYCIN,SKOV3,-10.74656256,0,0
452,ABT-888,GELDANAMYCIN,SW620,-15.0026455,0,0
453,ABT-888,GELDANAMYCIN,T47D,-27.25381749,0,0
455,ABT-888,GELDANAMYCIN,ZR751,-17.08015794,0,0
456,ABT-888,MK-8669,A2058,24.76000602,1,1
457,ABT-888,MK-8669,CAOV3,21.27725009,1,1
461,ABT-888,MK-8669,KPL1,41.59951047,1,1
463,ABT-888,MK-8669,MSTO,75.5280528,1,1
471,ABT-888,MK-8669,SW837,-16.01122021,0,0
477,ABT-888,MK-8776,ES2,-17.17202362,0,0
478,ABT-888,MK-8776,HT144,-51.21988037,0,0
480,ABT-888,MK-8776,LNCAP,-40.5994196,0,0
491,ABT-888,MK-8776,SW837,-85.53233701,0,0
493,ABT-888,MK-8776,ZR751,-32.47762672,0,0
494,ABT-888,SN-38,A2058,37.19755244,1,1
495,ABT-888,SN-38,A2780,27.44316256,1,1
496,ABT-888,SN-38,A375,29.45915958,1,1
497,ABT-888,SN-38,CAOV3,41.82261363,1,1
498,ABT-888,SN-38,HCT116,23.42591491,1,1
499,ABT-888,SN-38,LNCAP,28.68890188,1,1
502,ABT-888,SN-38,MSTO,21.46794278,1,1
503,ABT-888,SN-38,NCIH2122,21.39044581,1,1
505,ABT-888,SN-38,NCIH460,22.60303623,1,1
508,ABT-888,SN-38,RKO,30.53249026,1,1
509,ABT-888,SN-38,RPMI7951,23.87063157,1,1
510,ABT-888,SN-38,SKMEL30,29.65052395,1,1
511,ABT-888,SN-38,SKMES1,20.08675206,1,1
513,ABT-888,SN-38,T47D,39.83231175,1,1
514,ABT-888,SN-38,UACC62,24.96544956,1,1
516,ABT-888,SN-38,ZR751,-12.24364896,0,0
517,ABT-888,SORAFENIB,A2058,36.19616521,1,1
529,ABT-888,SORAFENIB,RKO,24.38215762,1,1
539,ABT-888,TOPOTECAN,A375,-30.05242132,0,0
541,ABT-888,TOPOTECAN,ES2,-15.16316218,0,0
543,ABT-888,TOPOTECAN,HT144,-12.71817083,0,0
544,ABT-888,TOPOTECAN,HT29,-13.74201482,0,0
546,ABT-888,TOPOTECAN,LOVO,-20.57774761,0,0
548,ABT-888,TOPOTECAN,NCIH1650,-16.28525243,0,0
550,ABT-888,TOPOTECAN,NCIH23,-13.17469848,0,0
551,ABT-888,TOPOTECAN,NCIH460,-35.55824357,0,0
554,ABT-888,TOPOTECAN,RKO,-12.44712596,0,0
557,ABT-888,TOPOTECAN,SKMES1,-17.67508406,0,0
559,ABT-888,TOPOTECAN,SW837,-13.77537319,0,0
562,ABT-888,TOPOTECAN,VCAP,-16.73042364,0,0
568,AZD1775,ABT-888,LNCAP,-11.56591243,0,0
579,AZD1775,ABT-888,SW837,-10.75733812,0,0
580,AZD1775,ABT-888,T47D,-10.32331212,0,0
581,AZD1775,ABT-888,VCAP,-10.38201033,0,0
582,AZD1775,ABT-888,ZR751,-11.19139976,0,0
583,AZD1775,BEZ-235,A2058,22.52066544,1,1
584,AZD1775,BEZ-235,A2058,22.52066544,0,1
586,AZD1775,BEZ-235,A375,62.98332484,1,1
587,AZD1775,BEZ-235,A375,62.98332484,1,1
588,AZD1775,BEZ-235,A427,27.33669558,1,1
589,AZD1775,BEZ-235,CAOV3,20.03637879,1,1
590,AZD1775,BEZ-235,CAOV3,20.03637879,1,1
591,AZD1775,BEZ-235,ES2,22.48587068,1,1
592,AZD1775,BEZ-235,HCT116,38.18009264,1,1
593,AZD1775,BEZ-235,HCT116,38.18009264,1,1
594,AZD1775,BEZ-235,HT144,30.76397327,1,1
595,AZD1775,BEZ-235,HT29,25.98448167,1,1
596,AZD1775,BEZ-235,KPL1,21.91627509,1,1
597,AZD1775,BEZ-235,LNCAP,61.89051853,1,1
600,AZD1775,BEZ-235,MDAMB436,27.5112821,1,1
601,AZD1775,BEZ-235,MSTO,24.1922954,1,1
602,AZD1775,BEZ-235,NCIH1650,27.77110381,1,1
605,AZD1775,BEZ-235,NCIH460,38.21325157,1,1
606,AZD1775,BEZ-235,NCIH520,28.82820786,1,1
608,AZD1775,BEZ-235,RKO,31.73685611,1,1
611,AZD1775,BEZ-235,SKMES1,26.5938059,1,1
612,AZD1775,BEZ-235,SKOV3,25.46992744,1,1
615,AZD1775,BEZ-235,SW837,23.61253202,1,1
616,AZD1775,BEZ-235,T47D,93.72819505,1,1
617,AZD1775,BEZ-235,UACC62,23.04106128,1,1
619,AZD1775,BORTEZOMIB,A2780,-17.55948042,0,0
620,AZD1775,BORTEZOMIB,A427,-18.34661485,0,0
621,AZD1775,BORTEZOMIB,CAOV3,-20.03555451,0,0
622,AZD1775,BORTEZOMIB,ES2,-18.64255603,0,0
625,AZD1775,BORTEZOMIB,HT29,-18.92954483,0,0
627,AZD1775,BORTEZOMIB,LNCAP,-11.56046415,0,0
630,AZD1775,BORTEZOMIB,MSTO,36.59996851,1,1
631,AZD1775,BORTEZOMIB,NCIH1650,-19.84631947,0,0
632,AZD1775,BORTEZOMIB,NCIH2122,-16.26938113,0,0
633,AZD1775,BORTEZOMIB,NCIH23,-18.820814,0,0
634,AZD1775,BORTEZOMIB,NCIH520,-18.59569714,0,0
635,AZD1775,BORTEZOMIB,OV90,-11.91326085,0,0
636,AZD1775,BORTEZOMIB,RKO,-12.67666435,0,0
637,AZD1775,BORTEZOMIB,RPMI7951,-17.90369234,0,0
638,AZD1775,BORTEZOMIB,SKMEL30,-15.70918499,0,0
639,AZD1775,BORTEZOMIB,SKMES1,-18.74799388,0,0
641,AZD1775,BORTEZOMIB,T47D,-16.28306878,0,0
643,AZD1775,BORTEZOMIB,VCAP,-24.43246657,0,0
644,AZD1775,BORTEZOMIB,ZR751,-11.21496757,0,0
645,AZD1775,DASATINIB,A2058,54.7695814,1,1
646,AZD1775,DASATINIB,A2058,54.7695814,1,1
647,AZD1775,DASATINIB,A2780,63.3161055,1,1
648,AZD1775,DASATINIB,A375,65.96928795,1,1
649,AZD1775,DASATINIB,A375,65.96928795,1,1
650,AZD1775,DASATINIB,A427,43.27366132,1,1
651,AZD1775,DASATINIB,A427,43.27366132,1,1
654,AZD1775,DASATINIB,ES2,27.67755693,1,1
655,AZD1775,DASATINIB,ES2,27.67755693,1,1
656,AZD1775,DASATINIB,HCT116,24.30600247,1,1
657,AZD1775,DASATINIB,HCT116,24.30600247,1,1
658,AZD1775,DASATINIB,HT29,24.24402391,1,1
659,AZD1775,DASATINIB,HT29,24.24402391,1,1
660,AZD1775,DASATINIB,KPL1,35.72886618,1,1
661,AZD1775,DASATINIB,LNCAP,24.71473218,1,1
662,AZD1775,DASATINIB,LOVO,28.84528363,1,1
663,AZD1775,DASATINIB,LOVO,28.84528363,1,1
664,AZD1775,DASATINIB,MDAMB436,39.31007727,1,1
665,AZD1775,DASATINIB,MSTO,56.50941313,1,1
666,AZD1775,DASATINIB,NCIH1650,41.56942014,1,1
667,AZD1775,DASATINIB,NCIH1650,41.56942014,1,1
670,AZD1775,DASATINIB,NCIH23,33.95577223,1,1
671,AZD1775,DASATINIB,NCIH23,33.95577223,1,1
672,AZD1775,DASATINIB,NCIH460,24.67543309,1,1
673,AZD1775,DASATINIB,NCIH520,42.09049498,1,1
674,AZD1775,DASATINIB,OV90,25.65497092,1,1
675,AZD1775,DASATINIB,RKO,41.91153524,1,1
680,AZD1775,DASATINIB,SW620,63.86497013,1,1
681,AZD1775,DASATINIB,SW620,63.86497013,1,1
682,AZD1775,DASATINIB,SW837,37.53767894,1,1
684,AZD1775,DASATINIB,UACC62,29.47712099,1,1
685,AZD1775,DASATINIB,VCAP,20.51484393,1,1
686,AZD1775,DASATINIB,ZR751,-23.97165911,0,0
687,AZD1775,DINACICLIB,A2058,-12.36585978,0,0
689,AZD1775,DINACICLIB,A427,-11.37380434,0,0
690,AZD1775,DINACICLIB,CAOV3,-21.76145014,0,0
697,AZD1775,DINACICLIB,LOVO,-15.35342803,0,0
701,AZD1775,DINACICLIB,NCIH2122,-11.4558726,0,0
702,AZD1775,DINACICLIB,NCIH23,-24.27417292,0,0
705,AZD1775,DINACICLIB,OV90,-17.31290487,0,0
708,AZD1775,DINACICLIB,SKMES1,-18.11300988,0,0
713,AZD1775,DINACICLIB,VCAP,-27.30666551,0,0
714,AZD1775,DINACICLIB,ZR751,-14.95849747,0,0
717,AZD1775,ERLOTINIB,CAOV3,23.63531282,1,1
732,AZD1775,ERLOTINIB,SW837,26.33971849,1,1
742,AZD1775,GELDANAMYCIN,MSTO,-14.8467137,0,0
744,AZD1775,GELDANAMYCIN,NCIH2122,-11.43914148,0,0
745,AZD1775,GELDANAMYCIN,NCIH23,-19.31689367,0,0
748,AZD1775,GELDANAMYCIN,OV90,-16.49296861,0,0
749,AZD1775,GELDANAMYCIN,RPMI7951,-10.08765428,0,0
755,AZD1775,GELDANAMYCIN,T47D,-15.83642827,0,0
757,AZD1775,GELDANAMYCIN,VCAP,-20.01642439,0,0
758,AZD1775,GELDANAMYCIN,ZR751,-12.46712116,0,0
760,AZD1775,LAPATINIB,A375,21.2157936,1,1
762,AZD1775,LAPATINIB,CAOV3,29.90778381,1,1
767,AZD1775,LAPATINIB,LNCAP,-12.22936762,0,0
768,AZD1775,LAPATINIB,LOVO,23.42830874,1,1
777,AZD1775,LAPATINIB,SW837,33.69723988,1,1
778,AZD1775,LAPATINIB,UACC62,22.17051952,1,1
780,AZD1775,LAPATINIB,ZR751,-12.03149739,0,0
782,AZD1775,MK-2206,A2780,21.08159858,1,1
783,AZD1775,MK-2206,A375,22.7261358,1,1
785,AZD1775,MK-2206,CAOV3,23.94126471,1,1
788,AZD1775,MK-2206,KPL1,27.62449166,1,1
799,AZD1775,MK-2206,SKMES1,29.43976676,1,1
800,AZD1775,MK-2206,SKOV3,28.77331594,1,1
802,AZD1775,MK-2206,SW837,20.6844303,1,1
806,AZD1775,MK-4827,A2058,32.76872947,1,1
807,AZD1775,MK-4827,A375,20.43024601,1,1
813,AZD1775,MK-4827,NCIH1650,22.48071637,1,1
814,AZD1775,MK-4827,NCIH2122,25.08213802,1,1
823,AZD1775,MK-4827,UACC62,21.79819028,1,1
830,AZD1775,MK-5108,NCIH2122,-15.78427287,0,0
834,AZD1775,MK-5108,SKOV3,23.42185222,1,1
838,AZD1775,MK-8669,A2058,38.93836298,1,1
839,AZD1775,MK-8669,A2780,26.15576468,1,1
840,AZD1775,MK-8669,A375,42.60021913,1,1
841,AZD1775,MK-8669,A427,28.16870642,1,1
842,AZD1775,MK-8669,CAOV3,21.90470536,1,1
843,AZD1775,MK-8669,ES2,30.71813145,1,1
844,AZD1775,MK-8669,HT144,20.25239339,1,1
845,AZD1775,MK-8669,HT29,22.90490363,1,1
846,AZD1775,MK-8669,KPL1,32.90502518,1,1
847,AZD1775,MK-8669,LNCAP,24.31792545,1,1
849,AZD1775,MK-8669,MDAMB436,20.28457326,1,1
850,AZD1775,MK-8669,MSTO,27.456432,1,1
851,AZD1775,MK-8669,NCIH1650,36.96883119,1,1
853,AZD1775,MK-8669,NCIH23,20.04664176,1,1
857,AZD1775,MK-8669,RKO,29.01960223,1,1
858,AZD1775,MK-8669,RPMI7951,33.03589298,1,1
859,AZD1775,MK-8669,SKMEL30,29.84403079,1,1
860,AZD1775,MK-8669,SKMES1,20.83918079,1,1
861,AZD1775,MK-8669,SKOV3,46.2955311,1,1
863,AZD1775,MK-8669,SW837,23.9856736,1,1
864,AZD1775,MK-8669,T47D,28.9104439,1,1
865,AZD1775,MK-8669,UACC62,31.87602611,1,1
867,AZD1775,MK-8776,A2058,80.17940179,1,1
868,AZD1775,MK-8776,A2058,80.17940179,1,1
869,AZD1775,MK-8776,A2780,54.0791044,1,1
870,AZD1775,MK-8776,A375,71.75917754,1,1
871,AZD1775,MK-8776,A375,71.75917754,1,1
872,AZD1775,MK-8776,A427,70.6294923,1,1
873,AZD1775,MK-8776,A427,70.6294923,1,1
876,AZD1775,MK-8776,ES2,54.66785758,1,1
877,AZD1775,MK-8776,ES2,54.66785758,1,1
878,AZD1775,MK-8776,HCT116,44.04899659,1,1
879,AZD1775,MK-8776,HCT116,44.04899659,1,1
880,AZD1775,MK-8776,HT144,45.71018599,1,1
881,AZD1775,MK-8776,HT29,59.40748145,1,1
882,AZD1775,MK-8776,HT29,59.40748145,1,1
885,AZD1775,MK-8776,LOVO,34.0180465,1,1
886,AZD1775,MK-8776,LOVO,34.0180465,1,1
887,AZD1775,MK-8776,MDAMB436,47.22748984,1,1
888,AZD1775,MK-8776,MSTO,42.8606636,1,1
889,AZD1775,MK-8776,NCIH1650,50.61714501,1,1
890,AZD1775,MK-8776,NCIH1650,50.61714501,1,1
891,AZD1775,MK-8776,NCIH2122,30.90669463,1,1
892,AZD1775,MK-8776,NCIH2122,30.90669463,1,1
893,AZD1775,MK-8776,NCIH23,43.90047467,1,1
894,AZD1775,MK-8776,NCIH23,43.90047467,1,1
895,AZD1775,MK-8776,NCIH460,33.94350197,1,1
896,AZD1775,MK-8776,NCIH520,40.75548759,1,1
897,AZD1775,MK-8776,OV90,32.25263687,1,1
898,AZD1775,MK-8776,RKO,58.45222688,1,1
899,AZD1775,MK-8776,RPMI7951,32.4372578,1,1
900,AZD1775,MK-8776,SKMEL30,64.51711716,1,1
901,AZD1775,MK-8776,SKOV3,63.47893218,1,1
904,AZD1775,MK-8776,SW837,28.51830428,1,1
905,AZD1775,MK-8776,UACC62,43.18698553,1,1
906,AZD1775,MK-8776,VCAP,78.22509908,1,1
907,AZD1775,MK-8776,ZR751,36.01811775,1,1
908,AZD1775,PD325901,A2780,28.30699896,1,1
910,AZD1775,PD325901,A427,21.85626393,1,1
911,AZD1775,PD325901,CAOV3,21.00331807,1,1
914,AZD1775,PD325901,HT144,22.54632447,1,1
916,AZD1775,PD325901,LNCAP,-22.34432496,0,0
921,AZD1775,PD325901,RKO,24.39642072,1,1
931,AZD1775,SN-38,NCIH1650,21.22512843,1,1
932,AZD1775,SN-38,NCIH2122,-80.17199576,0,0
936,AZD1775,SN-38,RKO,-11.98206191,0,0
941,AZD1775,SN-38,T47D,-18.69047823,0,0
954,AZD1775,SORAFENIB,NCIH23,-10.55821782,0,0
961,AZD1775,SORAFENIB,VCAP,-20.82927107,0,0
962,AZD1775,SORAFENIB,ZR751,-15.88240417,0,0
968,AZD1775,TOPOTECAN,LNCAP,-94.59775759,0,0
970,AZD1775,TOPOTECAN,NCIH460,-17.06965137,0,0
975,AZD1775,TOPOTECAN,SKMES1,-11.42575829,0,0
985,BEZ-235,DINACICLIB,LNCAP,23.10043252,1,1
995,BEZ-235,DINACICLIB,SKOV3,-15.47790974,0,0
997,BEZ-235,DINACICLIB,T47D,90.99144315,1,1
1001,BEZ-235,MK-8776,A2058,65.61573897,1,1
1002,BEZ-235,MK-8776,A2780,29.54217132,1,1
1003,BEZ-235,MK-8776,A375,84.87796409,1,1
1004,BEZ-235,MK-8776,A427,36.46922909,1,1
1005,BEZ-235,MK-8776,CAOV3,37.37857369,1,1
1006,BEZ-235,MK-8776,ES2,43.08752858,1,1
1007,BEZ-235,MK-8776,HCT116,24.48141098,1,1
1008,BEZ-235,MK-8776,HT144,-140.3657077,0,0
1009,BEZ-235,MK-8776,HT29,29.98637422,1,1
1011,BEZ-235,MK-8776,LNCAP,-109.2773148,0,0
1012,BEZ-235,MK-8776,LOVO,22.42661342,1,1
1013,BEZ-235,MK-8776,MDAMB436,36.99710833,1,1
1014,BEZ-235,MK-8776,MSTO,23.47580691,1,1
1018,BEZ-235,MK-8776,NCIH460,41.27199381,1,1
1019,BEZ-235,MK-8776,NCIH520,22.6156485,1,1
1021,BEZ-235,MK-8776,RKO,67.46701741,1,1
1022,BEZ-235,MK-8776,SKMEL30,39.1988903,1,1
1025,BEZ-235,MK-8776,SW837,-166.377562,0,0
1026,BEZ-235,MK-8776,T47D,103.9669876,1,1
1027,BEZ-235,MK-8776,UACC62,25.67113205,1,1
1028,BEZ-235,MK-8776,VCAP,27.20109148,1,1
1031,BEZ-235,SN-38,A375,29.91150099,1,1
1034,BEZ-235,SN-38,HT144,28.44695134,1,1
1036,BEZ-235,SN-38,KPL1,30.14680216,1,1
1037,BEZ-235,SN-38,LNCAP,82.50811929,1,1
1039,BEZ-235,SN-38,MDAMB436,20.69512266,1,1
1040,BEZ-235,SN-38,MSTO,22.36229625,1,1
1044,BEZ-235,SN-38,NCIH460,39.22686474,1,1
1045,BEZ-235,SN-38,NCIH520,23.76332807,1,1
1048,BEZ-235,SN-38,SKMEL30,22.03630487,1,1
1049,BEZ-235,SN-38,SKMES1,24.81227003,1,1
1051,BEZ-235,SN-38,T47D,33.15341607,1,1
1053,BEZ-235,SN-38,VCAP,20.2200498,1,1
1054,BEZ-235,SN-38,ZR751,23.48443944,1,1
1055,BEZ-235,SORAFENIB,A427,20.93287603,1,1
1057,BEZ-235,SORAFENIB,HCT116,22.02832984,1,1
1060,BEZ-235,SORAFENIB,LNCAP,22.33933886,1,1
1068,BEZ-235,SORAFENIB,T47D,36.98789056,1,1
1073,BORTEZOMIB,ABT-888,CAOV3,28.91084263,1,1
1076,BORTEZOMIB,ABT-888,HT29,-15.42171027,0,0
1079,BORTEZOMIB,ABT-888,NCIH1650,-11.33553539,0,0
1082,BORTEZOMIB,ABT-888,NCIH520,-21.12397099,0,0
1085,BORTEZOMIB,ABT-888,SW837,-11.22651581,0,0
1086,BORTEZOMIB,ABT-888,T47D,-18.76073137,0,0
1088,BORTEZOMIB,ABT-888,ZR751,-21.03920298,0,0
1089,BORTEZOMIB,BEZ-235,A375,20.49768574,1,1
1094,BORTEZOMIB,BEZ-235,LNCAP,71.13581489,1,1
1095,BORTEZOMIB,BEZ-235,LOVO,21.58994155,1,1
1097,BORTEZOMIB,BEZ-235,MSTO,72.65026596,1,1
1098,BORTEZOMIB,BEZ-235,NCIH1650,-11.10806125,0,0
1100,BORTEZOMIB,BEZ-235,NCIH460,21.67089907,1,1
1101,BORTEZOMIB,BEZ-235,NCIH520,-20.11544403,0,0
1107,BORTEZOMIB,BEZ-235,SW837,27.78943825,1,1
1108,BORTEZOMIB,BEZ-235,T47D,87.02122222,1,1
1112,BORTEZOMIB,DASATINIB,A2058,21.6596544,1,1
1113,BORTEZOMIB,DASATINIB,A2780,27.35302788,1,1
1114,BORTEZOMIB,DASATINIB,A375,24.4102755,1,1
1118,BORTEZOMIB,DASATINIB,HT144,-13.58574463,0,0
1120,BORTEZOMIB,DASATINIB,KPL1,28.20252476,1,1
1121,BORTEZOMIB,DASATINIB,LNCAP,-24.84117669,0,0
1122,BORTEZOMIB,DASATINIB,LOVO,38.26264078,1,1
1123,BORTEZOMIB,DASATINIB,MSTO,101.8360377,1,1
1125,BORTEZOMIB,DASATINIB,NCIH2122,-44.78519575,0,0
1126,BORTEZOMIB,DASATINIB,NCIH23,-203.7000358,0,0
1127,BORTEZOMIB,DASATINIB,NCIH460,36.82935113,1,1
1129,BORTEZOMIB,DASATINIB,OV90,-12.67982596,0,0
1130,BORTEZOMIB,DASATINIB,SKMEL30,-11.63233672,0,0
1131,BORTEZOMIB,DASATINIB,SKMES1,-10.15485192,0,0
1132,BORTEZOMIB,DASATINIB,SKOV3,-16.71126553,0,0
1133,BORTEZOMIB,DASATINIB,SW620,20.41344681,1,1
1134,BORTEZOMIB,DASATINIB,SW837,26.88470633,1,1
1137,BORTEZOMIB,DASATINIB,ZR751,39.53908878,1,1
1138,BORTEZOMIB,DINACICLIB,A2058,-20.0646923,0,0
1139,BORTEZOMIB,DINACICLIB,A2780,-27.63468162,0,0
1141,BORTEZOMIB,DINACICLIB,A427,-13.08659913,0,0
1142,BORTEZOMIB,DINACICLIB,CAOV3,-23.1522558,0,0
1143,BORTEZOMIB,DINACICLIB,ES2,-29.55305764,0,0
1144,BORTEZOMIB,DINACICLIB,HCT116,-23.24848597,0,0
1145,BORTEZOMIB,DINACICLIB,HT144,-18.78198328,0,0
1146,BORTEZOMIB,DINACICLIB,HT29,-20.60522746,0,0
1148,BORTEZOMIB,DINACICLIB,LNCAP,-10.75062215,0,0
1149,BORTEZOMIB,DINACICLIB,LOVO,-16.74289563,0,0
1150,BORTEZOMIB,DINACICLIB,MDAMB436,-21.86566212,0,0
1151,BORTEZOMIB,DINACICLIB,MSTO,-10.37374052,0,0
1152,BORTEZOMIB,DINACICLIB,NCIH1650,-36.35803272,0,0
1153,BORTEZOMIB,DINACICLIB,NCIH2122,-25.36699326,0,0
1154,BORTEZOMIB,DINACICLIB,NCIH23,-21.38269258,0,0
1155,BORTEZOMIB,DINACICLIB,NCIH460,-24.29165293,0,0
1156,BORTEZOMIB,DINACICLIB,NCIH520,-42.04754365,0,0
1157,BORTEZOMIB,DINACICLIB,OV90,-28.66736455,0,0
1158,BORTEZOMIB,DINACICLIB,RKO,-17.38781674,0,0
1159,BORTEZOMIB,DINACICLIB,RPMI7951,-10.20828102,0,0
1160,BORTEZOMIB,DINACICLIB,SKMEL30,-11.61182111,0,0
1161,BORTEZOMIB,DINACICLIB,SKMES1,-33.42437027,0,0
1162,BORTEZOMIB,DINACICLIB,SKOV3,-32.0419469,0,0
1163,BORTEZOMIB,DINACICLIB,SW620,-17.56227003,0,0
1164,BORTEZOMIB,DINACICLIB,SW837,-33.78299517,0,0
1165,BORTEZOMIB,DINACICLIB,T47D,-30.84448292,0,0
1166,BORTEZOMIB,DINACICLIB,UACC62,-20.94367758,0,0
1167,BORTEZOMIB,DINACICLIB,VCAP,-21.60681736,0,0
1168,BORTEZOMIB,DINACICLIB,ZR751,-28.27517706,0,0
1169,BORTEZOMIB,GELDANAMYCIN,A2058,-12.34475241,0,0
1170,BORTEZOMIB,GELDANAMYCIN,A2780,-17.02476713,0,0
1171,BORTEZOMIB,GELDANAMYCIN,CAOV3,-20.85491468,0,0
1173,BORTEZOMIB,GELDANAMYCIN,HT144,-13.74556196,0,0
1174,BORTEZOMIB,GELDANAMYCIN,HT29,-30.91418954,0,0
1175,BORTEZOMIB,GELDANAMYCIN,KPL1,-13.38945178,0,0
1176,BORTEZOMIB,GELDANAMYCIN,MSTO,50.83693548,1,1
1177,BORTEZOMIB,GELDANAMYCIN,NCIH1650,-35.69315773,0,0
1178,BORTEZOMIB,GELDANAMYCIN,NCIH2122,-25.06318521,0,0
1179,BORTEZOMIB,GELDANAMYCIN,NCIH23,-41.08430335,0,0
1180,BORTEZOMIB,GELDANAMYCIN,NCIH460,-19.40727362,0,0
1181,BORTEZOMIB,GELDANAMYCIN,NCIH520,-56.43622674,0,0
1182,BORTEZOMIB,GELDANAMYCIN,OV90,-24.82392367,0,0
1185,BORTEZOMIB,GELDANAMYCIN,SKMES1,-35.14950673,0,0
1187,BORTEZOMIB,GELDANAMYCIN,SW620,-20.84675917,0,0
1188,BORTEZOMIB,GELDANAMYCIN,SW837,-33.36509163,0,0
1189,BORTEZOMIB,GELDANAMYCIN,T47D,-54.25105653,0,0
1190,BORTEZOMIB,GELDANAMYCIN,UACC62,-45.52184568,0,0
1192,BORTEZOMIB,GELDANAMYCIN,ZR751,-65.75981373,0,0
1194,BORTEZOMIB,MK-8669,A375,-23.32659332,0,0
1197,BORTEZOMIB,MK-8669,HT144,-11.57656028,0,0
1198,BORTEZOMIB,MK-8669,HT29,-16.90233122,0,0
1199,BORTEZOMIB,MK-8669,KPL1,34.40381568,1,1
1200,BORTEZOMIB,MK-8669,LOVO,20.47515367,1,1
1201,BORTEZOMIB,MK-8669,MSTO,114.1798682,1,1
1202,BORTEZOMIB,MK-8669,NCIH1650,-12.13689924,0,0
1203,BORTEZOMIB,MK-8669,NCIH2122,37.59401095,1,1
1204,BORTEZOMIB,MK-8669,NCIH520,-26.76576926,0,0
1206,BORTEZOMIB,MK-8669,SKMES1,-13.9048135,0,0
1210,BORTEZOMIB,MK-8669,T47D,-11.06971667,0,0
1211,BORTEZOMIB,MK-8669,UACC62,-13.51387453,0,0
1214,BORTEZOMIB,MK-8776,A2780,-12.22617953,0,0
1216,BORTEZOMIB,MK-8776,CAOV3,-15.75781949,0,0
1217,BORTEZOMIB,MK-8776,ES2,-33.73188195,0,0
1218,BORTEZOMIB,MK-8776,HT144,-167.5247327,0,0
1219,BORTEZOMIB,MK-8776,HT29,-18.4238796,0,0
1221,BORTEZOMIB,MK-8776,LNCAP,-181.2876039,0,0
1224,BORTEZOMIB,MK-8776,MSTO,25.58225158,1,1
1225,BORTEZOMIB,MK-8776,NCIH1650,-22.29307766,0,0
1226,BORTEZOMIB,MK-8776,NCIH2122,-44.45731987,0,0
1227,BORTEZOMIB,MK-8776,NCIH23,-18.10129902,0,0
1228,BORTEZOMIB,MK-8776,NCIH520,-26.96549692,0,0
1229,BORTEZOMIB,MK-8776,OV90,-15.86483071,0,0
1231,BORTEZOMIB,MK-8776,RPMI7951,-22.10843367,0,0
1232,BORTEZOMIB,MK-8776,SKMEL30,-11.38392655,0,0
1233,BORTEZOMIB,MK-8776,SKMES1,-29.32207731,0,0
1234,BORTEZOMIB,MK-8776,SKOV3,-16.16944838,0,0
1236,BORTEZOMIB,MK-8776,SW837,-194.361426,0,0
1238,BORTEZOMIB,MK-8776,UACC62,-14.22081134,0,0
1239,BORTEZOMIB,MK-8776,ZR751,-25.92906309,0,0
1240,BORTEZOMIB,SN-38,A2058,28.09286244,1,1
1241,BORTEZOMIB,SN-38,A2780,-22.74125359,0,0
1242,BORTEZOMIB,SN-38,A375,26.75478809,1,1
1244,BORTEZOMIB,SN-38,CAOV3,-36.21089519,0,0
1245,BORTEZOMIB,SN-38,ES2,-27.17578999,0,0
1247,BORTEZOMIB,SN-38,HT29,-22.62474929,0,0
1249,BORTEZOMIB,SN-38,MSTO,64.75092073,1,1
1250,BORTEZOMIB,SN-38,NCIH1650,-17.35480308,0,0
1254,BORTEZOMIB,SN-38,NCIH520,-36.06637464,0,0
1255,BORTEZOMIB,SN-38,OV90,-23.92654268,0,0
1257,BORTEZOMIB,SN-38,RPMI7951,-14.95782149,0,0
1258,BORTEZOMIB,SN-38,SKMEL30,-13.02435125,0,0
1259,BORTEZOMIB,SN-38,SKMES1,-10.95026714,0,0
1260,BORTEZOMIB,SN-38,SKOV3,-11.00320161,0,0
1263,BORTEZOMIB,SN-38,T47D,-11.05282061,0,0
1264,BORTEZOMIB,SN-38,UACC62,-12.11596686,0,0
1268,BORTEZOMIB,SORAFENIB,CAOV3,-32.20388168,0,0
1269,BORTEZOMIB,SORAFENIB,ES2,-23.74510742,0,0
1272,BORTEZOMIB,SORAFENIB,HT29,-14.24369719,0,0
1275,BORTEZOMIB,SORAFENIB,LOVO,-12.18622651,0,0
1276,BORTEZOMIB,SORAFENIB,MDAMB436,-16.92885239,0,0
1277,BORTEZOMIB,SORAFENIB,MSTO,-20.90589063,0,0
1278,BORTEZOMIB,SORAFENIB,NCIH1650,-11.89760523,0,0
1279,BORTEZOMIB,SORAFENIB,NCIH2122,-14.79454224,0,0
1280,BORTEZOMIB,SORAFENIB,NCIH23,-10.49909452,0,0
1282,BORTEZOMIB,SORAFENIB,NCIH520,-21.3325054,0,0
1283,BORTEZOMIB,SORAFENIB,OV90,-12.67239461,0,0
1285,BORTEZOMIB,SORAFENIB,RPMI7951,-20.15788074,0,0
1287,BORTEZOMIB,SORAFENIB,SKMES1,-18.67537574,0,0
1290,BORTEZOMIB,SORAFENIB,UACC62,-11.40104496,0,0
1291,BORTEZOMIB,SORAFENIB,VCAP,-20.68077486,0,0
1292,BORTEZOMIB,SORAFENIB,ZR751,-27.04694572,0,0
1293,BORTEZOMIB,TOPOTECAN,A2058,-12.18818438,0,0
1295,BORTEZOMIB,TOPOTECAN,A375,-52.78331514,0,0
1298,BORTEZOMIB,TOPOTECAN,ES2,-21.45833034,0,0
1301,BORTEZOMIB,TOPOTECAN,HT29,-18.18157992,0,0
1302,BORTEZOMIB,TOPOTECAN,LNCAP,-16.8464289,0,0
1303,BORTEZOMIB,TOPOTECAN,MSTO,21.76637409,1,1
1304,BORTEZOMIB,TOPOTECAN,NCIH1650,-37.35306375,0,0
1306,BORTEZOMIB,TOPOTECAN,NCIH23,-17.17711556,0,0
1307,BORTEZOMIB,TOPOTECAN,NCIH460,-33.81974983,0,0
1308,BORTEZOMIB,TOPOTECAN,NCIH520,-22.45005136,0,0
1309,BORTEZOMIB,TOPOTECAN,OV90,-12.20427248,0,0
1313,BORTEZOMIB,TOPOTECAN,SKMES1,-28.94272555,0,0
1314,BORTEZOMIB,TOPOTECAN,SKOV3,-10.78558961,0,0
1317,BORTEZOMIB,TOPOTECAN,VCAP,-13.31920317,0,0
1318,BORTEZOMIB,TOPOTECAN,ZR751,-22.41353036,0,0
1321,CYCLOPHOSPHAMIDE,ABT-888,A427,-11.63887968,0,0
1324,CYCLOPHOSPHAMIDE,ABT-888,KPL1,-10.6320112,0,0
1325,CYCLOPHOSPHAMIDE,ABT-888,LNCAP,-13.96198475,0,0
1332,CYCLOPHOSPHAMIDE,ABT-888,SW837,-15.42055822,0,0
1334,CYCLOPHOSPHAMIDE,ABT-888,ZR751,-32.21629252,0,0
1335,CYCLOPHOSPHAMIDE,AZD1775,LNCAP,-41.47720935,0,0
1346,CYCLOPHOSPHAMIDE,BEZ-235,CAOV3,25.73426903,1,1
1349,CYCLOPHOSPHAMIDE,BEZ-235,HT29,27.56912056,1,1
1351,CYCLOPHOSPHAMIDE,BEZ-235,LNCAP,67.79077683,1,1
1358,CYCLOPHOSPHAMIDE,BEZ-235,NCIH520,27.06526505,1,1
1361,CYCLOPHOSPHAMIDE,BEZ-235,RPMI7951,20.11601915,1,1
1366,CYCLOPHOSPHAMIDE,BEZ-235,SW837,24.16298095,1,1
1367,CYCLOPHOSPHAMIDE,BEZ-235,T47D,100.4024954,1,1
1369,CYCLOPHOSPHAMIDE,BEZ-235,VCAP,23.40807993,1,1
1371,CYCLOPHOSPHAMIDE,BORTEZOMIB,A2780,-11.26735375,0,0
1372,CYCLOPHOSPHAMIDE,BORTEZOMIB,A375,28.57707415,1,1
1374,CYCLOPHOSPHAMIDE,BORTEZOMIB,CAOV3,-36.65413992,0,0
1376,CYCLOPHOSPHAMIDE,BORTEZOMIB,HT29,-16.67612259,0,0
1377,CYCLOPHOSPHAMIDE,BORTEZOMIB,KPL1,-15.40532685,0,0
1380,CYCLOPHOSPHAMIDE,BORTEZOMIB,NCIH1650,-14.47544863,0,0
1381,CYCLOPHOSPHAMIDE,BORTEZOMIB,NCIH2122,27.75692904,1,1
1383,CYCLOPHOSPHAMIDE,BORTEZOMIB,NCIH520,-17.71924757,0,0
1385,CYCLOPHOSPHAMIDE,BORTEZOMIB,RKO,28.37985911,1,1
1386,CYCLOPHOSPHAMIDE,BORTEZOMIB,SKMES1,-10.2518384,0,0
1388,CYCLOPHOSPHAMIDE,BORTEZOMIB,T47D,-23.08859768,0,0
1392,CYCLOPHOSPHAMIDE,DASATINIB,A2780,23.25825742,1,1
1396,CYCLOPHOSPHAMIDE,DASATINIB,HCT116,-28.00152206,0,0
1397,CYCLOPHOSPHAMIDE,DASATINIB,HT144,-53.79648119,0,0
1400,CYCLOPHOSPHAMIDE,DASATINIB,LNCAP,-27.42883623,0,0
1401,CYCLOPHOSPHAMIDE,DASATINIB,LOVO,20.84082433,1,1
1402,CYCLOPHOSPHAMIDE,DASATINIB,MSTO,-16.99645444,0,0
1403,CYCLOPHOSPHAMIDE,DASATINIB,NCIH1650,24.79300577,1,1
1404,CYCLOPHOSPHAMIDE,DASATINIB,NCIH2122,-48.37729556,0,0
1408,CYCLOPHOSPHAMIDE,DASATINIB,SKMEL30,-24.34554135,0,0
1410,CYCLOPHOSPHAMIDE,DASATINIB,T47D,-15.33862999,0,0
1413,CYCLOPHOSPHAMIDE,DASATINIB,ZR751,-16.76462773,0,0
1417,CYCLOPHOSPHAMIDE,DINACICLIB,CAOV3,-17.60390771,0,0
1418,CYCLOPHOSPHAMIDE,DINACICLIB,KPL1,-12.26423344,0,0
1419,CYCLOPHOSPHAMIDE,DINACICLIB,LNCAP,56.67788114,1,1
1421,CYCLOPHOSPHAMIDE,DINACICLIB,MSTO,20.77980249,1,1
1427,CYCLOPHOSPHAMIDE,DINACICLIB,SW837,-11.81288946,0,0
1436,CYCLOPHOSPHAMIDE,ERLOTINIB,HT144,-13.57168234,0,0
1438,CYCLOPHOSPHAMIDE,ERLOTINIB,LNCAP,-29.89584273,0,0
1441,CYCLOPHOSPHAMIDE,ERLOTINIB,MSTO,-11.81036447,0,0
1445,CYCLOPHOSPHAMIDE,ERLOTINIB,OV90,-13.23937296,0,0
1446,CYCLOPHOSPHAMIDE,ERLOTINIB,RKO,-11.2879549,0,0
1449,CYCLOPHOSPHAMIDE,ERLOTINIB,SW620,-11.92897578,0,0
1451,CYCLOPHOSPHAMIDE,ERLOTINIB,T47D,26.18489183,1,1
1457,CYCLOPHOSPHAMIDE,GELDANAMYCIN,ES2,-12.92243489,0,0
1459,CYCLOPHOSPHAMIDE,GELDANAMYCIN,HT144,-11.28078492,0,0
1460,CYCLOPHOSPHAMIDE,GELDANAMYCIN,LNCAP,20.25024227,1,1
1462,CYCLOPHOSPHAMIDE,GELDANAMYCIN,MSTO,-19.45589953,0,0
1467,CYCLOPHOSPHAMIDE,GELDANAMYCIN,SKMEL30,-10.78081908,0,0
1470,CYCLOPHOSPHAMIDE,GELDANAMYCIN,T47D,-25.05944518,0,0
1471,CYCLOPHOSPHAMIDE,GELDANAMYCIN,UACC62,-13.0158698,0,0
1475,CYCLOPHOSPHAMIDE,L778123,KPL1,-12.25271445,0,0
1483,CYCLOPHOSPHAMIDE,L778123,T47D,-14.96860537,0,0
1489,CYCLOPHOSPHAMIDE,LAPATINIB,A375,-10.04213779,0,0
1490,CYCLOPHOSPHAMIDE,LAPATINIB,A427,-21.25150723,0,0
1494,CYCLOPHOSPHAMIDE,LAPATINIB,HT144,-12.54923127,0,0
1496,CYCLOPHOSPHAMIDE,LAPATINIB,LNCAP,-13.39055466,0,0
1498,CYCLOPHOSPHAMIDE,LAPATINIB,MSTO,-14.86962351,0,0
1502,CYCLOPHOSPHAMIDE,LAPATINIB,NCIH460,-17.63280257,0,0
1504,CYCLOPHOSPHAMIDE,LAPATINIB,OV90,-12.78199443,0,0
1507,CYCLOPHOSPHAMIDE,LAPATINIB,SKMEL30,-12.4487957,0,0
1512,CYCLOPHOSPHAMIDE,LAPATINIB,UACC62,-16.42072751,0,0
1517,CYCLOPHOSPHAMIDE,MK-2206,CAOV3,23.47213243,1,1
1522,CYCLOPHOSPHAMIDE,MK-2206,KPL1,29.77514728,1,1
1523,CYCLOPHOSPHAMIDE,MK-2206,LNCAP,-115.3140291,0,0
1524,CYCLOPHOSPHAMIDE,MK-2206,LOVO,-11.15448584,0,0
1527,CYCLOPHOSPHAMIDE,MK-2206,RKO,27.22991066,1,1
1529,CYCLOPHOSPHAMIDE,MK-2206,T47D,37.41936164,1,1
1532,CYCLOPHOSPHAMIDE,MK-4827,A427,-10.7346263,0,0
1535,CYCLOPHOSPHAMIDE,MK-4827,LNCAP,-66.13421817,0,0
1536,CYCLOPHOSPHAMIDE,MK-4827,LOVO,-13.74195139,0,0
1543,CYCLOPHOSPHAMIDE,MK-4827,SW837,-17.67207508,0,0
1544,CYCLOPHOSPHAMIDE,MK-4827,T47D,-24.21855613,0,0
1545,CYCLOPHOSPHAMIDE,MK-4827,UACC62,-13.88910739,0,0
1551,CYCLOPHOSPHAMIDE,MK-5108,LNCAP,-44.89482989,0,0
1554,CYCLOPHOSPHAMIDE,MK-5108,RKO,29.25941015,1,1
1555,CYCLOPHOSPHAMIDE,MK-5108,SKMEL30,20.04232712,1,1
1558,CYCLOPHOSPHAMIDE,MK-5108,T47D,22.07693933,1,1
1561,CYCLOPHOSPHAMIDE,MK-8669,A2058,20.19732054,1,1
1563,CYCLOPHOSPHAMIDE,MK-8669,A427,22.79309695,1,1
1567,CYCLOPHOSPHAMIDE,MK-8669,KPL1,45.36507029,1,1
1568,CYCLOPHOSPHAMIDE,MK-8669,LNCAP,-39.61912652,0,0
1569,CYCLOPHOSPHAMIDE,MK-8669,NCIH1650,21.77249105,1,1
1574,CYCLOPHOSPHAMIDE,MK-8669,RKO,25.51276496,1,1
1576,CYCLOPHOSPHAMIDE,MK-8669,SKMEL30,34.48879438,1,1
1580,CYCLOPHOSPHAMIDE,MK-8669,T47D,24.59091498,1,1
1582,CYCLOPHOSPHAMIDE,MK-8669,VCAP,24.77674304,1,1
1589,CYCLOPHOSPHAMIDE,MK-8776,KPL1,-18.7208177,0,0
1590,CYCLOPHOSPHAMIDE,MK-8776,LNCAP,21.72912695,1,1
1592,CYCLOPHOSPHAMIDE,MK-8776,MSTO,-17.29457907,0,0
1593,CYCLOPHOSPHAMIDE,MK-8776,NCIH1650,-10.65970238,0,0
1594,CYCLOPHOSPHAMIDE,MK-8776,NCIH2122,-10.50085667,0,0
1600,CYCLOPHOSPHAMIDE,MK-8776,SW837,-21.49748875,0,0
1609,CYCLOPHOSPHAMIDE,PD325901,CAOV3,31.65245495,1,1
1612,CYCLOPHOSPHAMIDE,PD325901,KPL1,24.96305469,1,1
1616,CYCLOPHOSPHAMIDE,PD325901,MSTO,-14.17603986,0,0
1619,CYCLOPHOSPHAMIDE,PD325901,OV90,-12.2633658,0,0
1626,CYCLOPHOSPHAMIDE,PD325901,T47D,-54.33920079,0,0
1633,CYCLOPHOSPHAMIDE,SORAFENIB,LNCAP,-65.35527541,0,0
1635,CYCLOPHOSPHAMIDE,SORAFENIB,MSTO,-10.82105449,0,0
1642,CYCLOPHOSPHAMIDE,SORAFENIB,UACC62,-13.19055662,0,0
1643,CYCLOPHOSPHAMIDE,SORAFENIB,ZR751,-15.28187565,0,0
1645,CYCLOPHOSPHAMIDE,SUNITINIB,LNCAP,-14.56500887,0,0
1656,CYCLOPHOSPHAMIDE,TEMOZOLOMIDE,CAOV3,-51.85738786,0,0
1658,CYCLOPHOSPHAMIDE,TEMOZOLOMIDE,KPL1,-28.1622482,0,0
1663,CYCLOPHOSPHAMIDE,TEMOZOLOMIDE,NCIH1650,-27.4583989,0,0
1672,CYCLOPHOSPHAMIDE,TEMOZOLOMIDE,SW837,-37.77038905,0,0
1673,CYCLOPHOSPHAMIDE,TEMOZOLOMIDE,T47D,-47.74951594,0,0
1678,CYCLOPHOSPHAMIDE,ZOLINZA,CAOV3,32.89813653,1,1
1682,CYCLOPHOSPHAMIDE,ZOLINZA,LNCAP,-23.05236163,0,0
1687,CYCLOPHOSPHAMIDE,ZOLINZA,RKO,23.6328811,1,1
1691,CYCLOPHOSPHAMIDE,ZOLINZA,SKOV3,21.66839674,1,1
1692,CYCLOPHOSPHAMIDE,ZOLINZA,T47D,36.96806046,1,1
1693,CYCLOPHOSPHAMIDE,ZOLINZA,VCAP,30.69582424,1,1
1694,CYCLOPHOSPHAMIDE,ZOLINZA,ZR751,33.64181551,1,1
1696,DASATINIB,ABT-888,A2780,40.28481032,1,1
1697,DASATINIB,ABT-888,A427,27.52645663,1,1
1698,DASATINIB,ABT-888,HCT116,-20.07587466,0,0
1699,DASATINIB,ABT-888,HT144,-15.59125746,0,0
1700,DASATINIB,ABT-888,LOVO,28.27503441,1,1
1702,DASATINIB,ABT-888,MSTO,95.96490103,1,1
1703,DASATINIB,ABT-888,NCIH1650,25.04861151,1,1
1704,DASATINIB,ABT-888,NCIH2122,-46.36721793,0,0
1705,DASATINIB,ABT-888,NCIH520,21.68497258,1,1
1706,DASATINIB,ABT-888,RKO,-11.54700146,0,0
1707,DASATINIB,ABT-888,SKMEL30,-27.18860154,0,0
1710,DASATINIB,ABT-888,T47D,-14.32665176,0,0
1712,DASATINIB,ABT-888,ZR751,-15.68714113,0,0
1713,DASATINIB,BEZ-235,A2058,70.18047839,1,1
1714,DASATINIB,BEZ-235,A2780,70.18079056,1,1
1715,DASATINIB,BEZ-235,A375,64.92870443,1,1
1716,DASATINIB,BEZ-235,A427,73.63375761,1,1
1717,DASATINIB,BEZ-235,CAOV3,42.77143229,1,1
1718,DASATINIB,BEZ-235,ES2,23.31449703,1,1
1719,DASATINIB,BEZ-235,HCT116,56.53418947,1,1
1721,DASATINIB,BEZ-235,HT29,38.47714415,1,1
1722,DASATINIB,BEZ-235,KPL1,36.77448459,1,1
1723,DASATINIB,BEZ-235,LNCAP,106.5608575,1,1
1724,DASATINIB,BEZ-235,LOVO,49.58537842,1,1
1725,DASATINIB,BEZ-235,MDAMB436,47.9805984,1,1
1726,DASATINIB,BEZ-235,MSTO,65.61774831,1,1
1727,DASATINIB,BEZ-235,NCIH1650,63.5705615,1,1
1728,DASATINIB,BEZ-235,NCIH23,58.28804452,1,1
1729,DASATINIB,BEZ-235,NCIH460,80.69566922,1,1
1730,DASATINIB,BEZ-235,NCIH520,60.14042907,1,1
1731,DASATINIB,BEZ-235,OV90,46.79932479,1,1
1732,DASATINIB,BEZ-235,RKO,34.95048098,1,1
1733,DASATINIB,BEZ-235,RPMI7951,39.40212291,1,1
1734,DASATINIB,BEZ-235,SKMEL30,34.11083944,1,1
1735,DASATINIB,BEZ-235,SKMES1,36.13155243,1,1
1736,DASATINIB,BEZ-235,SKOV3,40.89812387,1,1
1737,DASATINIB,BEZ-235,SW620,59.52088474,1,1
1738,DASATINIB,BEZ-235,SW837,82.68758365,1,1
1739,DASATINIB,BEZ-235,T47D,169.7166583,1,1
1740,DASATINIB,BEZ-235,UACC62,38.85407314,1,1
1741,DASATINIB,BEZ-235,VCAP,47.2309885,1,1
1742,DASATINIB,BEZ-235,ZR751,21.54838325,1,1
1743,DASATINIB,DINACICLIB,A2058,48.91716359,1,1
1744,DASATINIB,DINACICLIB,A2780,29.1960155,1,1
1750,DASATINIB,DINACICLIB,LNCAP,58.06515215,1,1
1753,DASATINIB,DINACICLIB,MSTO,57.13086584,1,1
1754,DASATINIB,DINACICLIB,NCIH1650,24.00002691,1,1
1755,DASATINIB,DINACICLIB,NCIH2122,-22.61659214,0,0
1756,DASATINIB,DINACICLIB,NCIH23,33.30649066,1,1
1757,DASATINIB,DINACICLIB,NCIH460,27.535057,1,1
1758,DASATINIB,DINACICLIB,NCIH520,26.29311455,1,1
1762,DASATINIB,DINACICLIB,SKOV3,-12.88273056,0,0
1766,DASATINIB,DINACICLIB,UACC62,30.660164,1,1
1767,DASATINIB,DINACICLIB,VCAP,29.79198375,1,1
1768,DASATINIB,DINACICLIB,ZR751,-17.04907589,0,0
1770,DASATINIB,GELDANAMYCIN,A2780,36.06922119,1,1
1771,DASATINIB,GELDANAMYCIN,A375,47.07251276,1,1
1772,DASATINIB,GELDANAMYCIN,A427,28.00451112,1,1
1773,DASATINIB,GELDANAMYCIN,CAOV3,-24.22489573,0,0
1775,DASATINIB,GELDANAMYCIN,HCT116,32.12280936,1,1
1776,DASATINIB,GELDANAMYCIN,HT144,-55.13889756,0,0
1777,DASATINIB,GELDANAMYCIN,HT29,31.18587051,1,1
1779,DASATINIB,GELDANAMYCIN,LNCAP,65.54190601,1,1
1780,DASATINIB,GELDANAMYCIN,LOVO,28.70070653,1,1
1781,DASATINIB,GELDANAMYCIN,MDAMB436,20.09410803,1,1
1782,DASATINIB,GELDANAMYCIN,MSTO,90.46363381,1,1
1783,DASATINIB,GELDANAMYCIN,NCIH1650,52.49632011,1,1
1785,DASATINIB,GELDANAMYCIN,NCIH23,33.69553393,1,1
1787,DASATINIB,GELDANAMYCIN,OV90,22.66802548,1,1
1789,DASATINIB,GELDANAMYCIN,SKMEL30,-22.05733284,0,0
1790,DASATINIB,GELDANAMYCIN,SKMES1,32.96730514,1,1
1792,DASATINIB,GELDANAMYCIN,SW837,31.32391017,1,1
1794,DASATINIB,GELDANAMYCIN,UACC62,-19.75905096,0,0
1796,DASATINIB,GELDANAMYCIN,ZR751,-23.64692556,0,0
1797,DASATINIB,MK-8669,A2058,84.44534771,1,1
1798,DASATINIB,MK-8669,A2780,98.67657525,1,1
1799,DASATINIB,MK-8669,A375,59.73889523,1,1
1800,DASATINIB,MK-8669,A427,48.60369186,1,1
1801,DASATINIB,MK-8669,CAOV3,27.53716438,1,1
1802,DASATINIB,MK-8669,ES2,35.70094507,1,1
1803,DASATINIB,MK-8669,HCT116,-18.70635478,0,0
1804,DASATINIB,MK-8669,HT144,-11.91084118,0,0
1805,DASATINIB,MK-8669,HT29,58.36220417,1,1
1806,DASATINIB,MK-8669,KPL1,50.60157143,1,1
1808,DASATINIB,MK-8669,LOVO,56.92641316,1,1
1809,DASATINIB,MK-8669,MDAMB436,47.52944836,1,1
1810,DASATINIB,MK-8669,MSTO,113.1061478,1,1
1811,DASATINIB,MK-8669,NCIH1650,44.66867203,1,1
1812,DASATINIB,MK-8669,NCIH2122,-40.14701598,0,0
1813,DASATINIB,MK-8669,NCIH23,56.75221701,1,1
1814,DASATINIB,MK-8669,NCIH460,39.81920777,1,1
1815,DASATINIB,MK-8669,NCIH520,73.28046519,1,1
1816,DASATINIB,MK-8669,OV90,54.93310811,1,1
1817,DASATINIB,MK-8669,RKO,58.27169161,1,1
1818,DASATINIB,MK-8669,RPMI7951,54.7248702,1,1
1820,DASATINIB,MK-8669,SKOV3,28.79742156,1,1
1821,DASATINIB,MK-8669,SW620,45.55292089,1,1
1822,DASATINIB,MK-8669,SW837,51.55723616,1,1
1823,DASATINIB,MK-8669,T47D,54.01528824,1,1
1824,DASATINIB,MK-8669,UACC62,21.4208594,1,1
1825,DASATINIB,MK-8669,VCAP,52.51983895,1,1
1827,DASATINIB,MK-8776,A2058,63.95671041,1,1
1828,DASATINIB,MK-8776,A2058,63.95671041,1,1
1829,DASATINIB,MK-8776,A2780,69.69484662,1,1
1830,DASATINIB,MK-8776,A375,102.6390945,1,1
1831,DASATINIB,MK-8776,A375,102.6390945,1,1
1832,DASATINIB,MK-8776,A427,83.43816999,1,1
1833,DASATINIB,MK-8776,A427,83.43816999,1,1
1834,DASATINIB,MK-8776,CAOV3,33.03231022,1,1
1835,DASATINIB,MK-8776,CAOV3,33.03231022,1,1
1836,DASATINIB,MK-8776,ES2,32.53973382,1,1
1837,DASATINIB,MK-8776,ES2,32.53973382,0,1
1841,DASATINIB,MK-8776,HT29,46.70225405,1,1
1842,DASATINIB,MK-8776,HT29,46.70225405,1,1
1843,DASATINIB,MK-8776,KPL1,38.42459009,1,1
1844,DASATINIB,MK-8776,LNCAP,36.67144953,1,1
1845,DASATINIB,MK-8776,LOVO,47.64392154,1,1
1846,DASATINIB,MK-8776,LOVO,47.64392154,1,1
1847,DASATINIB,MK-8776,MDAMB436,32.80019709,1,1
1848,DASATINIB,MK-8776,MSTO,81.67940849,1,1
1849,DASATINIB,MK-8776,NCIH1650,57.81086872,1,1
1850,DASATINIB,MK-8776,NCIH1650,57.81086872,1,1
1851,DASATINIB,MK-8776,NCIH2122,-24.11644577,0,0
1852,DASATINIB,MK-8776,NCIH2122,-24.11644577,0,0
1853,DASATINIB,MK-8776,NCIH23,58.49320884,1,1
1854,DASATINIB,MK-8776,NCIH23,58.49320884,1,1
1855,DASATINIB,MK-8776,NCIH460,43.00839655,1,1
1856,DASATINIB,MK-8776,NCIH520,57.29755945,1,1
1857,DASATINIB,MK-8776,OV90,28.56021067,1,1
1858,DASATINIB,MK-8776,RKO,45.41291221,1,1
1862,DASATINIB,MK-8776,SW620,44.95045329,1,1
1863,DASATINIB,MK-8776,SW620,44.95045329,1,1
1864,DASATINIB,MK-8776,SW837,29.75058346,1,1
1865,DASATINIB,MK-8776,UACC62,38.13487615,1,1
1866,DASATINIB,MK-8776,VCAP,34.84155261,1,1
1867,DASATINIB,MK-8776,ZR751,20.4821506,1,1
1868,DASATINIB,SN-38,A2058,34.01496226,1,1
1869,DASATINIB,SN-38,A2780,74.36260912,1,1
1870,DASATINIB,SN-38,A375,29.77397006,1,1
1871,DASATINIB,SN-38,A427,28.19546154,1,1
1872,DASATINIB,SN-38,CAOV3,20.1197885,1,1
1875,DASATINIB,SN-38,HT29,24.58091737,1,1
1876,DASATINIB,SN-38,KPL1,20.6107762,1,1
1877,DASATINIB,SN-38,LNCAP,-11.84251921,0,0
1878,DASATINIB,SN-38,LOVO,39.68598911,1,1
1879,DASATINIB,SN-38,MDAMB436,28.8025396,1,1
1880,DASATINIB,SN-38,MSTO,89.08812266,1,1
1881,DASATINIB,SN-38,NCIH1650,35.80399235,1,1
1882,DASATINIB,SN-38,NCIH2122,-29.04323059,0,0
1884,DASATINIB,SN-38,NCIH460,27.16015807,1,1
1885,DASATINIB,SN-38,NCIH520,47.29077303,1,1
1886,DASATINIB,SN-38,RKO,21.31191706,1,1
1888,DASATINIB,SN-38,SKMEL30,-11.11532941,0,0
1889,DASATINIB,SN-38,SW620,30.3963556,1,1
1890,DASATINIB,SN-38,SW837,36.39944491,1,1
1891,DASATINIB,SN-38,T47D,40.41995678,1,1
1892,DASATINIB,SN-38,UACC62,26.88806903,1,1
1893,DASATINIB,SN-38,VCAP,31.3949814,1,1
1895,DASATINIB,SORAFENIB,A2058,36.32943556,1,1
1896,DASATINIB,SORAFENIB,A2780,26.18215744,1,1
1897,DASATINIB,SORAFENIB,A375,29.90385252,1,1
1898,DASATINIB,SORAFENIB,A427,27.85304007,1,1
1900,DASATINIB,SORAFENIB,HCT116,29.67690976,1,1
1901,DASATINIB,SORAFENIB,HT29,22.03209424,1,1
1904,DASATINIB,SORAFENIB,MSTO,-17.64735276,0,0
1905,DASATINIB,SORAFENIB,NCIH1650,23.69402051,1,1
1906,DASATINIB,SORAFENIB,NCIH23,25.37151937,1,1
1907,DASATINIB,SORAFENIB,NCIH460,24.97815028,1,1
1908,DASATINIB,SORAFENIB,NCIH520,30.51259643,1,1
1911,DASATINIB,SORAFENIB,SKMEL30,-17.45443374,0,0
1914,DASATINIB,SORAFENIB,SW620,26.67138283,1,1
1918,DASATINIB,SORAFENIB,ZR751,21.34933153,1,1
1919,DASATINIB,TOPOTECAN,A2780,33.44677757,1,1
1921,DASATINIB,TOPOTECAN,A427,57.6444937,1,1
1923,DASATINIB,TOPOTECAN,ES2,-15.04850207,0,0
1924,DASATINIB,TOPOTECAN,HT144,-31.7610064,0,0
1925,DASATINIB,TOPOTECAN,KPL1,24.71368371,1,1
1926,DASATINIB,TOPOTECAN,LOVO,27.20024806,1,1
1928,DASATINIB,TOPOTECAN,MSTO,35.84331315,1,1
1929,DASATINIB,TOPOTECAN,NCIH1650,29.11731102,1,1
1930,DASATINIB,TOPOTECAN,NCIH2122,-29.80506527,0,0
1931,DASATINIB,TOPOTECAN,NCIH23,-14.48832753,0,0
1932,DASATINIB,TOPOTECAN,NCIH460,-27.42383273,0,0
1933,DASATINIB,TOPOTECAN,NCIH520,62.19001366,1,1
1935,DASATINIB,TOPOTECAN,SKMEL30,-18.64284517,0,0
1936,DASATINIB,TOPOTECAN,SKMES1,-19.58670156,0,0
1937,DASATINIB,TOPOTECAN,SW620,51.34207805,1,1
1938,DASATINIB,TOPOTECAN,SW837,22.827985,1,1
1939,DASATINIB,TOPOTECAN,UACC62,-13.96532217,0,0
1941,DEXAMETHASONE,ABT-888,A2058,-14.70238461,0,0
1943,DEXAMETHASONE,ABT-888,A427,-10.60987778,0,0
1945,DEXAMETHASONE,ABT-888,ES2,-17.42255208,0,0
1948,DEXAMETHASONE,ABT-888,LNCAP,-10.63307702,0,0
1950,DEXAMETHASONE,ABT-888,MSTO,-11.78252869,0,0
1951,DEXAMETHASONE,ABT-888,NCIH1650,-11.97457304,0,0
1954,DEXAMETHASONE,ABT-888,OV90,-11.38901128,0,0
1956,DEXAMETHASONE,ABT-888,RPMI7951,-35.16985908,0,0
1958,DEXAMETHASONE,ABT-888,SW837,-17.57839698,0,0
1959,DEXAMETHASONE,ABT-888,T47D,-13.19120927,0,0
1966,DEXAMETHASONE,AZD1775,KPL1,25.64532197,1,1
1967,DEXAMETHASONE,AZD1775,LNCAP,-10.93798802,0,0
1972,DEXAMETHASONE,AZD1775,RPMI7951,-13.62628863,0,0
1974,DEXAMETHASONE,AZD1775,SKOV3,29.89106459,1,1
1976,DEXAMETHASONE,AZD1775,T47D,-16.57348017,0,0
1981,DEXAMETHASONE,BEZ-235,A2780,25.34820553,1,1
1983,DEXAMETHASONE,BEZ-235,CAOV3,45.77364067,1,1
1986,DEXAMETHASONE,BEZ-235,HT29,22.5300091,1,1
1987,DEXAMETHASONE,BEZ-235,KPL1,41.31087461,1,1
1988,DEXAMETHASONE,BEZ-235,LNCAP,49.93035881,1,1
1989,DEXAMETHASONE,BEZ-235,LOVO,26.61560809,1,1
1991,DEXAMETHASONE,BEZ-235,NCIH1650,27.23351075,1,1
1992,DEXAMETHASONE,BEZ-235,NCIH2122,52.92983695,1,1
1994,DEXAMETHASONE,BEZ-235,NCIH460,23.58272545,1,1
1995,DEXAMETHASONE,BEZ-235,NCIH520,26.80481395,1,1
1998,DEXAMETHASONE,BEZ-235,SKMEL30,41.01777853,1,1
1999,DEXAMETHASONE,BEZ-235,SKMES1,42.89991029,1,1
2003,DEXAMETHASONE,BEZ-235,T47D,90.90923441,1,1
2005,DEXAMETHASONE,BEZ-235,VCAP,23.98160338,1,1
2006,DEXAMETHASONE,BEZ-235,ZR751,27.96995608,1,1
2008,DEXAMETHASONE,BORTEZOMIB,A2780,-13.5476308,0,0
2010,DEXAMETHASONE,BORTEZOMIB,CAOV3,-13.44802296,0,0
2012,DEXAMETHASONE,BORTEZOMIB,HT144,-13.16198248,0,0
2013,DEXAMETHASONE,BORTEZOMIB,HT29,-15.19792114,0,0
2016,DEXAMETHASONE,BORTEZOMIB,MSTO,66.7194975,1,1
2017,DEXAMETHASONE,BORTEZOMIB,NCIH1650,-15.48085067,0,0
2020,DEXAMETHASONE,BORTEZOMIB,NCIH460,27.17882652,1,1
2021,DEXAMETHASONE,BORTEZOMIB,NCIH520,-20.51845669,0,0
2024,DEXAMETHASONE,BORTEZOMIB,RPMI7951,-19.65311033,0,0
2025,DEXAMETHASONE,BORTEZOMIB,SKMES1,-11.43480359,0,0
2033,DEXAMETHASONE,DASATINIB,A375,38.48330291,1,1
2034,DEXAMETHASONE,DASATINIB,CAOV3,52.08151088,1,1
2035,DEXAMETHASONE,DASATINIB,ES2,-27.43501134,0,0
2036,DEXAMETHASONE,DASATINIB,HCT116,-46.19424113,0,0
2037,DEXAMETHASONE,DASATINIB,HT144,-35.98115982,0,0
2038,DEXAMETHASONE,DASATINIB,KPL1,49.29822811,1,1
2039,DEXAMETHASONE,DASATINIB,LNCAP,-22.02475092,0,0
2040,DEXAMETHASONE,DASATINIB,LOVO,61.01399927,1,1
2042,DEXAMETHASONE,DASATINIB,MSTO,41.68602521,1,1
2044,DEXAMETHASONE,DASATINIB,NCIH2122,60.52033784,1,1
2045,DEXAMETHASONE,DASATINIB,NCIH460,-13.60867096,0,0
2046,DEXAMETHASONE,DASATINIB,NCIH520,28.41521007,1,1
2047,DEXAMETHASONE,DASATINIB,OV90,-14.00130496,0,0
2048,DEXAMETHASONE,DASATINIB,RPMI7951,-23.30165857,0,0
2049,DEXAMETHASONE,DASATINIB,SKMEL30,-15.5409231,0,0
2050,DEXAMETHASONE,DASATINIB,SKMES1,59.07601127,1,1
2051,DEXAMETHASONE,DASATINIB,SKOV3,32.5124521,1,1
2052,DEXAMETHASONE,DASATINIB,T47D,-56.4086851,0,0
2054,DEXAMETHASONE,DASATINIB,VCAP,-24.49171442,0,0
2055,DEXAMETHASONE,DINACICLIB,A2058,-11.40825752,0,0
2058,DEXAMETHASONE,DINACICLIB,HT144,-12.69412769,0,0
2060,DEXAMETHASONE,DINACICLIB,LNCAP,30.17025436,1,1
2061,DEXAMETHASONE,DINACICLIB,MSTO,-18.21498851,0,0
2063,DEXAMETHASONE,DINACICLIB,OV90,-10.15303299,0,0
2067,DEXAMETHASONE,DINACICLIB,T47D,-31.80455604,0,0
2069,DEXAMETHASONE,DINACICLIB,ZR751,-13.90086508,0,0
2070,DEXAMETHASONE,ERLOTINIB,A2058,-18.8279417,0,0
2074,DEXAMETHASONE,ERLOTINIB,CAOV3,42.95743104,1,1
2075,DEXAMETHASONE,ERLOTINIB,ES2,-19.21052691,0,0
2077,DEXAMETHASONE,ERLOTINIB,HT144,-21.42706708,0,0
2079,DEXAMETHASONE,ERLOTINIB,LNCAP,-21.66137716,0,0
2082,DEXAMETHASONE,ERLOTINIB,MSTO,-61.22461729,0,0
2083,DEXAMETHASONE,ERLOTINIB,NCIH1650,33.09442231,1,1
2084,DEXAMETHASONE,ERLOTINIB,NCIH2122,52.71829456,1,1
2088,DEXAMETHASONE,ERLOTINIB,OV90,-14.43662286,0,0
2089,DEXAMETHASONE,ERLOTINIB,RKO,-12.1036628,0,0
2090,DEXAMETHASONE,ERLOTINIB,RPMI7951,-32.28269213,0,0
2093,DEXAMETHASONE,ERLOTINIB,SKOV3,37.67902288,1,1
2096,DEXAMETHASONE,ERLOTINIB,T47D,-22.50252279,0,0
2098,DEXAMETHASONE,ERLOTINIB,VCAP,-14.64932466,0,0
2099,DEXAMETHASONE,ERLOTINIB,ZR751,29.72083762,1,1
2103,DEXAMETHASONE,GELDANAMYCIN,ES2,-10.66512029,0,0
2107,DEXAMETHASONE,GELDANAMYCIN,LNCAP,34.27257918,1,1
2112,DEXAMETHASONE,GELDANAMYCIN,OV90,-22.2375828,0,0
2113,DEXAMETHASONE,GELDANAMYCIN,RPMI7951,-18.16506912,0,0
2117,DEXAMETHASONE,GELDANAMYCIN,T47D,-30.07927989,0,0
2119,DEXAMETHASONE,GELDANAMYCIN,ZR751,-17.59747838,0,0
2121,DEXAMETHASONE,L778123,CAOV3,31.48016929,1,1
2122,DEXAMETHASONE,L778123,ES2,-10.77576852,0,0
2131,DEXAMETHASONE,L778123,RPMI7951,-13.37758621,0,0
2132,DEXAMETHASONE,L778123,SKMEL30,27.61992149,1,1
2135,DEXAMETHASONE,L778123,T47D,-42.16076203,0,0
2138,DEXAMETHASONE,LAPATINIB,A2058,-16.23708253,0,0
2140,DEXAMETHASONE,LAPATINIB,A427,-10.15445248,0,0
2141,DEXAMETHASONE,LAPATINIB,CAOV3,50.78208204,1,1
2142,DEXAMETHASONE,LAPATINIB,ES2,-22.31396343,0,0
2144,DEXAMETHASONE,LAPATINIB,HT144,-18.76719077,0,0
2146,DEXAMETHASONE,LAPATINIB,LNCAP,-15.41494289,0,0
2147,DEXAMETHASONE,LAPATINIB,LOVO,28.11855047,1,1
2149,DEXAMETHASONE,LAPATINIB,MSTO,-17.54874488,0,0
2150,DEXAMETHASONE,LAPATINIB,NCIH1650,29.08798755,1,1
2151,DEXAMETHASONE,LAPATINIB,NCIH2122,32.69391907,1,1
2152,DEXAMETHASONE,LAPATINIB,NCIH460,-16.75533239,0,0
2153,DEXAMETHASONE,LAPATINIB,OV90,-17.45420697,0,0
2154,DEXAMETHASONE,LAPATINIB,RKO,-10.0183544,0,0
2155,DEXAMETHASONE,LAPATINIB,RPMI7951,-42.24253708,0,0
2158,DEXAMETHASONE,LAPATINIB,SKOV3,42.19924568,1,1
2161,DEXAMETHASONE,LAPATINIB,T47D,-44.21924557,0,0
2163,DEXAMETHASONE,LAPATINIB,VCAP,-29.52280562,0,0
2164,DEXAMETHASONE,LAPATINIB,ZR751,34.22696236,1,1
2167,DEXAMETHASONE,MK-2206,CAOV3,64.46033017,1,1
2168,DEXAMETHASONE,MK-2206,ES2,-18.4724161,0,0
2172,DEXAMETHASONE,MK-2206,KPL1,57.01983589,1,1
2174,DEXAMETHASONE,MK-2206,LOVO,38.20959773,1,1
2175,DEXAMETHASONE,MK-2206,MSTO,-15.12834398,0,0
2176,DEXAMETHASONE,MK-2206,NCIH1650,33.15240689,1,1
2177,DEXAMETHASONE,MK-2206,NCIH2122,89.8233377,1,1
2182,DEXAMETHASONE,MK-2206,SKMEL30,22.06917149,1,1
2183,DEXAMETHASONE,MK-2206,SKMES1,40.8180674,1,1
2184,DEXAMETHASONE,MK-2206,SKOV3,42.31804943,1,1
2186,DEXAMETHASONE,MK-2206,T47D,-10.05452424,0,0
2189,DEXAMETHASONE,MK-2206,ZR751,25.16323018,1,1
2190,DEXAMETHASONE,MK-4827,A2058,-17.63091432,0,0
2194,DEXAMETHASONE,MK-4827,ES2,-21.32348237,0,0
2197,DEXAMETHASONE,MK-4827,KPL1,21.9218822,1,1
2198,DEXAMETHASONE,MK-4827,LNCAP,-24.70270587,0,0
2201,DEXAMETHASONE,MK-4827,MSTO,-14.31317304,0,0
2205,DEXAMETHASONE,MK-4827,RPMI7951,-22.8128765,0,0
2208,DEXAMETHASONE,MK-4827,T47D,-42.43367586,0,0
2211,DEXAMETHASONE,MK-4827,ZR751,20.46738323,1,1
2216,DEXAMETHASONE,MK-5108,CAOV3,24.52854832,1,1
2221,DEXAMETHASONE,MK-5108,KPL1,32.12419071,1,1
2222,DEXAMETHASONE,MK-5108,LNCAP,-35.67229739,0,0
2226,DEXAMETHASONE,MK-5108,NCIH460,-10.38303963,0,0
2229,DEXAMETHASONE,MK-5108,RPMI7951,-27.21662823,0,0
2231,DEXAMETHASONE,MK-5108,SKMES1,-11.57688694,0,0
2241,DEXAMETHASONE,MK-8669,CAOV3,47.68029342,1,1
2242,DEXAMETHASONE,MK-8669,ES2,-18.12398859,0,0
2244,DEXAMETHASONE,MK-8669,KPL1,65.48904582,1,1
2245,DEXAMETHASONE,MK-8669,LNCAP,-31.74550154,0,0
2246,DEXAMETHASONE,MK-8669,LOVO,49.61409943,1,1
2248,DEXAMETHASONE,MK-8669,NCIH1650,36.7644027,1,1
2249,DEXAMETHASONE,MK-8669,NCIH2122,59.36961882,1,1
2254,DEXAMETHASONE,MK-8669,SKMEL30,42.82580631,1,1
2255,DEXAMETHASONE,MK-8669,SKMES1,37.09512397,1,1
2256,DEXAMETHASONE,MK-8669,SKOV3,40.81561531,1,1
2262,DEXAMETHASONE,MK-8669,ZR751,37.89883913,1,1
2267,DEXAMETHASONE,MK-8776,CAOV3,38.3181441,1,1
2270,DEXAMETHASONE,MK-8776,KPL1,33.74183301,1,1
2276,DEXAMETHASONE,MK-8776,RPMI7951,-41.99674606,0,0
2278,DEXAMETHASONE,MK-8776,SKMES1,-13.16365046,0,0
2280,DEXAMETHASONE,MK-8776,SW837,-11.58083781,0,0
2281,DEXAMETHASONE,MK-8776,T47D,-42.42649563,0,0
2283,DEXAMETHASONE,MK-8776,VCAP,-13.40271864,0,0
2284,DEXAMETHASONE,MK-8776,ZR751,20.58548469,1,1
2286,DEXAMETHASONE,PD325901,A427,-23.39560713,0,0
2287,DEXAMETHASONE,PD325901,CAOV3,59.63789655,1,1
2294,DEXAMETHASONE,PD325901,NCIH2122,82.2543752,1,1
2297,DEXAMETHASONE,PD325901,OV90,-52.64044787,0,0
2298,DEXAMETHASONE,PD325901,RPMI7951,-10.41491106,0,0
2299,DEXAMETHASONE,PD325901,SKMEL30,25.23966366,1,1
2300,DEXAMETHASONE,PD325901,SKMES1,37.97967314,1,1
2301,DEXAMETHASONE,PD325901,SKOV3,31.56462135,1,1
2303,DEXAMETHASONE,PD325901,SW837,-10.19803447,0,0
2304,DEXAMETHASONE,PD325901,T47D,-42.08692277,0,0
2309,DEXAMETHASONE,SORAFENIB,CAOV3,24.47714374,1,1
2312,DEXAMETHASONE,SORAFENIB,MSTO,-13.2551634,0,0
2318,DEXAMETHASONE,SORAFENIB,VCAP,-10.39016133,0,0
2319,DEXAMETHASONE,SORAFENIB,ZR751,-17.40228488,0,0
2320,DEXAMETHASONE,SUNITINIB,A375,20.16357105,1,1
2322,DEXAMETHASONE,SUNITINIB,KPL1,22.5183179,1,1
2330,DEXAMETHASONE,SUNITINIB,SKMES1,33.92197951,1,1
2331,DEXAMETHASONE,SUNITINIB,SKOV3,27.84233779,1,1
2334,DEXAMETHASONE,TEMOZOLOMIDE,A2058,-31.45511286,0,0
2338,DEXAMETHASONE,TEMOZOLOMIDE,CAOV3,-54.6542334,0,0
2339,DEXAMETHASONE,TEMOZOLOMIDE,ES2,-19.42313437,0,0
2340,DEXAMETHASONE,TEMOZOLOMIDE,HT144,-32.55071014,0,0
2343,DEXAMETHASONE,TEMOZOLOMIDE,LOVO,-11.96595315,0,0
2345,DEXAMETHASONE,TEMOZOLOMIDE,MSTO,-19.78372912,0,0
2346,DEXAMETHASONE,TEMOZOLOMIDE,NCIH1650,-24.82578864,0,0
2351,DEXAMETHASONE,TEMOZOLOMIDE,RPMI7951,-33.55568593,0,0
2356,DEXAMETHASONE,TEMOZOLOMIDE,SW837,-23.68500711,0,0
2357,DEXAMETHASONE,TEMOZOLOMIDE,T47D,-66.16676967,0,0
2359,DEXAMETHASONE,TEMOZOLOMIDE,VCAP,-21.69886716,0,0
2360,DEXAMETHASONE,TEMOZOLOMIDE,ZR751,-61.95623519,0,0
2361,DEXAMETHASONE,ZOLINZA,A2058,-12.44071418,0,0
2363,DEXAMETHASONE,ZOLINZA,A427,-30.79409748,0,0
2364,DEXAMETHASONE,ZOLINZA,CAOV3,21.11872937,1,1
2368,DEXAMETHASONE,ZOLINZA,LNCAP,25.30085949,1,1
2370,DEXAMETHASONE,ZOLINZA,MSTO,-22.60756124,0,0
2373,DEXAMETHASONE,ZOLINZA,RPMI7951,-11.631194,0,0
2377,DINACICLIB,MK-8776,A375,30.12894009,1,1
2378,DINACICLIB,MK-8776,CAOV3,-23.0551863,0,0
2379,DINACICLIB,MK-8776,ES2,-10.96302107,0,0
2381,DINACICLIB,MK-8776,LNCAP,45.43298162,1,1
2383,DINACICLIB,MK-8776,MSTO,-23.72719533,0,0
2384,DINACICLIB,MK-8776,NCIH1650,-14.64425297,0,0
2385,DINACICLIB,MK-8776,NCIH2122,-22.23403754,0,0
2386,DINACICLIB,MK-8776,NCIH23,-160.1475902,0,0
2387,DINACICLIB,MK-8776,OV90,-14.1414729,0,0
2388,DINACICLIB,MK-8776,RKO,20.40627444,1,1
2389,DINACICLIB,MK-8776,RPMI7951,-14.74784278,0,0
2390,DINACICLIB,MK-8776,SKMES1,-28.10017929,0,0
2392,DINACICLIB,MK-8776,SW837,-19.11557712,0,0
2395,DINACICLIB,MK-8776,ZR751,-12.4741166,0,0
2400,DOXORUBICIN,ABT-888,MSTO,-23.21115736,0,0
2405,DOXORUBICIN,ABT-888,SKMEL30,-16.76489181,0,0
2412,DOXORUBICIN,AZD1775,NCIH1650,20.84834046,1,1
2415,DOXORUBICIN,AZD1775,OV90,-13.92283585,0,0
2422,DOXORUBICIN,BEZ-235,A375,32.27278459,1,1
2423,DOXORUBICIN,BEZ-235,HT144,30.63177828,1,1
2426,DOXORUBICIN,BEZ-235,LNCAP,58.91384784,1,1
2429,DOXORUBICIN,BEZ-235,MSTO,-15.97304518,0,0
2431,DOXORUBICIN,BEZ-235,NCIH23,-12.16392394,0,0
2432,DOXORUBICIN,BEZ-235,NCIH460,29.22056752,1,1
2437,DOXORUBICIN,BEZ-235,SW837,21.57672056,1,1
2438,DOXORUBICIN,BEZ-235,T47D,77.42154796,1,1
2439,DOXORUBICIN,BEZ-235,UACC62,20.25884917,1,1
2440,DOXORUBICIN,BEZ-235,VCAP,25.21479486,1,1
2444,DOXORUBICIN,BORTEZOMIB,A375,-12.52496679,0,0
2445,DOXORUBICIN,BORTEZOMIB,A427,-10.02828099,0,0
2446,DOXORUBICIN,BORTEZOMIB,CAOV3,-15.85211812,0,0
2447,DOXORUBICIN,BORTEZOMIB,ES2,-29.20215971,0,0
2449,DOXORUBICIN,BORTEZOMIB,HT144,-11.24310517,0,0
2450,DOXORUBICIN,BORTEZOMIB,HT29,-15.48976013,0,0
2453,DOXORUBICIN,BORTEZOMIB,MSTO,-36.63297091,0,0
2454,DOXORUBICIN,BORTEZOMIB,NCIH1650,-23.04617464,0,0
2455,DOXORUBICIN,BORTEZOMIB,NCIH2122,-24.85599185,0,0
2456,DOXORUBICIN,BORTEZOMIB,NCIH23,-12.7654294,0,0
2458,DOXORUBICIN,BORTEZOMIB,NCIH520,-34.04301459,0,0
2459,DOXORUBICIN,BORTEZOMIB,OV90,-24.81815616,0,0
2461,DOXORUBICIN,BORTEZOMIB,RPMI7951,-11.75971147,0,0
2462,DOXORUBICIN,BORTEZOMIB,SKMEL30,-13.39101488,0,0
2463,DOXORUBICIN,BORTEZOMIB,SKMES1,-19.80912814,0,0
2464,DOXORUBICIN,BORTEZOMIB,SKOV3,-19.96631996,0,0
2465,DOXORUBICIN,BORTEZOMIB,UACC62,-13.95935897,0,0
2467,DOXORUBICIN,BORTEZOMIB,ZR751,-18.24064921,0,0
2468,DOXORUBICIN,DASATINIB,A2780,31.39869974,1,1
2469,DOXORUBICIN,DASATINIB,A427,27.89795946,1,1
2473,DOXORUBICIN,DASATINIB,HT29,24.2714133,1,1
2474,DOXORUBICIN,DASATINIB,KPL1,29.52235794,1,1
2475,DOXORUBICIN,DASATINIB,LNCAP,27.22772039,1,1
2476,DOXORUBICIN,DASATINIB,LOVO,40.48800624,1,1
2477,DOXORUBICIN,DASATINIB,MSTO,50.0688705,1,1
2478,DOXORUBICIN,DASATINIB,NCIH1650,41.57685475,1,1
2479,DOXORUBICIN,DASATINIB,NCIH2122,-45.52738575,0,0
2480,DOXORUBICIN,DASATINIB,NCIH460,32.16283448,1,1
2481,DOXORUBICIN,DASATINIB,NCIH520,37.63085438,1,1
2483,DOXORUBICIN,DASATINIB,RKO,27.20003072,1,1
2485,DOXORUBICIN,DASATINIB,SW620,36.68571176,1,1
2486,DOXORUBICIN,DASATINIB,SW837,42.52311403,1,1
2487,DOXORUBICIN,DASATINIB,T47D,47.20344049,1,1
2489,DOXORUBICIN,DASATINIB,VCAP,22.68755667,1,1
2504,DOXORUBICIN,DINACICLIB,NCIH1650,-11.22434215,0,0
2505,DOXORUBICIN,DINACICLIB,NCIH23,-15.25648904,0,0
2506,DOXORUBICIN,DINACICLIB,NCIH520,-11.46926954,0,0
2507,DOXORUBICIN,DINACICLIB,OV90,-14.13956665,0,0
2511,DOXORUBICIN,DINACICLIB,SKOV3,-13.50683065,0,0
2512,DOXORUBICIN,DINACICLIB,SW837,-10.20374454,0,0
2513,DOXORUBICIN,DINACICLIB,UACC62,-19.79281766,0,0
2519,DOXORUBICIN,ERLOTINIB,LOVO,21.36506775,1,1
2523,DOXORUBICIN,ERLOTINIB,NCIH2122,21.06180058,1,1
2525,DOXORUBICIN,ERLOTINIB,OV90,-17.80334417,0,0
2530,DOXORUBICIN,ERLOTINIB,SKOV3,-21.42793885,0,0
2531,DOXORUBICIN,ERLOTINIB,SW837,31.14249805,1,1
2532,DOXORUBICIN,ERLOTINIB,T47D,23.91141393,1,1
2535,DOXORUBICIN,ERLOTINIB,ZR751,22.75731903,1,1
2537,DOXORUBICIN,GELDANAMYCIN,CAOV3,-12.66027519,0,0
2541,DOXORUBICIN,GELDANAMYCIN,KPL1,-13.10003761,0,0
2545,DOXORUBICIN,GELDANAMYCIN,MSTO,-39.58944098,0,0
2546,DOXORUBICIN,GELDANAMYCIN,NCIH1650,-13.40522824,0,0
2548,DOXORUBICIN,GELDANAMYCIN,NCIH23,-23.6318948,0,0
2549,DOXORUBICIN,GELDANAMYCIN,NCIH520,-13.93060179,0,0
2554,DOXORUBICIN,GELDANAMYCIN,SKMES1,-10.20914689,0,0
2557,DOXORUBICIN,GELDANAMYCIN,UACC62,-13.6567175,0,0
2562,DOXORUBICIN,L778123,ES2,-10.67573422,0,0
2569,DOXORUBICIN,L778123,MSTO,-33.3885015,0,0
2570,DOXORUBICIN,L778123,NCIH1650,-16.1820269,0,0
2574,DOXORUBICIN,L778123,OV90,-12.9239441,0,0
2577,DOXORUBICIN,L778123,SKMEL30,-18.0519715,0,0
2578,DOXORUBICIN,L778123,SKMES1,-12.61471488,0,0
2579,DOXORUBICIN,L778123,SKOV3,-28.31929693,0,0
2580,DOXORUBICIN,L778123,SW837,-17.84420182,0,0
2589,DOXORUBICIN,LAPATINIB,LOVO,27.36484932,1,1
2592,DOXORUBICIN,LAPATINIB,NCIH520,-18.33191573,0,0
2593,DOXORUBICIN,LAPATINIB,OV90,-19.34729439,0,0
2596,DOXORUBICIN,LAPATINIB,SW837,35.1944599,1,1
2597,DOXORUBICIN,LAPATINIB,T47D,42.3755568,1,1
2599,DOXORUBICIN,LAPATINIB,ZR751,20.61489083,1,1
2600,DOXORUBICIN,MK-2206,A375,22.14258923,1,1
2602,DOXORUBICIN,MK-2206,CAOV3,23.55710399,1,1
2603,DOXORUBICIN,MK-2206,HT144,27.55803273,1,1
2604,DOXORUBICIN,MK-2206,HT29,24.334338,1,1
2605,DOXORUBICIN,MK-2206,KPL1,29.00547602,1,1
2606,DOXORUBICIN,MK-2206,LNCAP,21.60217673,1,1
2607,DOXORUBICIN,MK-2206,LOVO,22.72333325,1,1
2609,DOXORUBICIN,MK-2206,NCIH1650,26.88657696,1,1
2611,DOXORUBICIN,MK-2206,NCIH460,34.74622446,1,1
2612,DOXORUBICIN,MK-2206,RKO,21.87779765,1,1
2615,DOXORUBICIN,MK-2206,SKMES1,25.29848232,1,1
2617,DOXORUBICIN,MK-2206,SW837,23.6053657,1,1
2618,DOXORUBICIN,MK-2206,T47D,35.67707513,1,1
2619,DOXORUBICIN,MK-2206,UACC62,23.35116755,1,1
2620,DOXORUBICIN,MK-2206,VCAP,26.36028697,1,1
2622,DOXORUBICIN,MK-4827,A2058,-12.54308836,0,0
2626,DOXORUBICIN,MK-4827,ES2,-14.29408631,0,0
2627,DOXORUBICIN,MK-4827,HCT116,-12.83102695,0,0
2637,DOXORUBICIN,MK-4827,OV90,-27.38243703,0,0
2641,DOXORUBICIN,MK-4827,SKOV3,-17.73927653,0,0
2643,DOXORUBICIN,MK-4827,SW837,-21.08137786,0,0
2644,DOXORUBICIN,MK-4827,T47D,21.05152592,1,1
2650,DOXORUBICIN,MK-5108,A427,-18.570381,0,0
2653,DOXORUBICIN,MK-5108,HT144,-11.66929395,0,0
2655,DOXORUBICIN,MK-5108,KPL1,-10.05356729,0,0
2656,DOXORUBICIN,MK-5108,LNCAP,-17.37521122,0,0
2657,DOXORUBICIN,MK-5108,LOVO,-11.25304566,0,0
2660,DOXORUBICIN,MK-5108,NCIH2122,-18.33430727,0,0
2661,DOXORUBICIN,MK-5108,NCIH460,-12.25201478,0,0
2662,DOXORUBICIN,MK-5108,NCIH520,-21.05570493,0,0
2665,DOXORUBICIN,MK-5108,SKMES1,-24.07595167,0,0
2666,DOXORUBICIN,MK-5108,SKOV3,-17.5550089,0,0
2668,DOXORUBICIN,MK-5108,UACC62,-12.96697781,0,0
2670,DOXORUBICIN,MK-5108,ZR751,-10.85528899,0,0
2671,DOXORUBICIN,MK-8669,A2058,-10.49023254,0,0
2676,DOXORUBICIN,MK-8669,HT144,30.46098996,1,1
2677,DOXORUBICIN,MK-8669,HT29,22.99768644,1,1
2678,DOXORUBICIN,MK-8669,KPL1,29.96509813,1,1
2679,DOXORUBICIN,MK-8669,LNCAP,32.08194968,1,1
2682,DOXORUBICIN,MK-8669,NCIH1650,41.18662302,1,1
2688,DOXORUBICIN,MK-8669,SKMEL30,21.17126116,1,1
2690,DOXORUBICIN,MK-8669,SKOV3,32.25572773,1,1
2693,DOXORUBICIN,MK-8669,T47D,37.87194371,1,1
2695,DOXORUBICIN,MK-8669,VCAP,26.28132634,1,1
2696,DOXORUBICIN,MK-8669,ZR751,20.06848199,1,1
2698,DOXORUBICIN,MK-8776,A375,25.26990432,1,1
2701,DOXORUBICIN,MK-8776,ES2,22.03868685,1,1
2702,DOXORUBICIN,MK-8776,HT144,20.61004647,1,1
2703,DOXORUBICIN,MK-8776,HT29,36.72789817,1,1
2709,DOXORUBICIN,MK-8776,NCIH1650,24.5143169,1,1
2710,DOXORUBICIN,MK-8776,NCIH2122,-12.51493838,0,0
2711,DOXORUBICIN,MK-8776,NCIH520,24.53717622,1,1
2715,DOXORUBICIN,MK-8776,SKMEL30,37.95548534,1,1
2716,DOXORUBICIN,MK-8776,SKMES1,-15.15977039,0,0
2720,DOXORUBICIN,MK-8776,VCAP,23.08072424,1,1
2726,DOXORUBICIN,PD325901,MSTO,-24.77537839,0,0
2728,DOXORUBICIN,PD325901,NCIH460,28.33583948,1,1
2729,DOXORUBICIN,PD325901,NCIH520,-27.66661757,0,0
2732,DOXORUBICIN,PD325901,SKMEL30,-24.51115165,0,0
2742,DOXORUBICIN,SORAFENIB,A375,-46.04624136,0,0
2744,DOXORUBICIN,SORAFENIB,CAOV3,-11.89438771,0,0
2745,DOXORUBICIN,SORAFENIB,ES2,-11.95953971,0,0
2746,DOXORUBICIN,SORAFENIB,HCT116,-12.93846288,0,0
2748,DOXORUBICIN,SORAFENIB,HT29,-13.3605129,0,0
2750,DOXORUBICIN,SORAFENIB,LNCAP,-10.73493807,0,0
2751,DOXORUBICIN,SORAFENIB,LOVO,-15.29786353,0,0
2752,DOXORUBICIN,SORAFENIB,MDAMB436,-16.18892584,0,0
2754,DOXORUBICIN,SORAFENIB,NCIH1650,-22.85367654,0,0
2755,DOXORUBICIN,SORAFENIB,NCIH2122,-12.79070237,0,0
2756,DOXORUBICIN,SORAFENIB,NCIH23,-13.26867902,0,0
2759,DOXORUBICIN,SORAFENIB,OV90,-14.13044098,0,0
2760,DOXORUBICIN,SORAFENIB,RKO,-12.0189401,0,0
2761,DOXORUBICIN,SORAFENIB,RPMI7951,-16.13219697,0,0
2763,DOXORUBICIN,SORAFENIB,SKMES1,-19.00794257,0,0
2764,DOXORUBICIN,SORAFENIB,SKOV3,-22.50246654,0,0
2766,DOXORUBICIN,SORAFENIB,SW837,-17.63687925,0,0
2769,DOXORUBICIN,SORAFENIB,VCAP,-17.31329588,0,0
2770,DOXORUBICIN,SORAFENIB,ZR751,-18.74222054,0,0
2773,DOXORUBICIN,SUNITINIB,A375,-31.96588485,0,0
2779,DOXORUBICIN,SUNITINIB,LNCAP,-23.84764824,0,0
2782,DOXORUBICIN,SUNITINIB,MSTO,-14.56283254,0,0
2785,DOXORUBICIN,SUNITINIB,NCIH23,-15.54788956,0,0
2787,DOXORUBICIN,SUNITINIB,NCIH520,-10.66924847,0,0
2788,DOXORUBICIN,SUNITINIB,OV90,-12.69968245,0,0
2790,DOXORUBICIN,SUNITINIB,RPMI7951,-12.95040498,0,0
2792,DOXORUBICIN,SUNITINIB,SKMES1,-16.63118696,0,0
2793,DOXORUBICIN,SUNITINIB,SKOV3,-14.38319177,0,0
2795,DOXORUBICIN,SUNITINIB,T47D,-12.09784645,0,0
2803,DOXORUBICIN,TEMOZOLOMIDE,KPL1,-17.7321459,0,0
2806,DOXORUBICIN,TEMOZOLOMIDE,MDAMB436,-12.98371133,0,0
2808,DOXORUBICIN,TEMOZOLOMIDE,NCIH2122,-11.3086724,0,0
2815,DOXORUBICIN,TEMOZOLOMIDE,SW837,-13.32181269,0,0
2816,DOXORUBICIN,TEMOZOLOMIDE,UACC62,-18.9433129,0,0
2818,DOXORUBICIN,TEMOZOLOMIDE,ZR751,-13.27729077,0,0
2820,DOXORUBICIN,ZOLINZA,A427,-11.11280124,0,0
2824,DOXORUBICIN,ZOLINZA,HT29,24.56828323,1,1
2826,DOXORUBICIN,ZOLINZA,LNCAP,25.43427623,1,1
2836,DOXORUBICIN,ZOLINZA,SKOV3,22.25581931,1,1
2838,DOXORUBICIN,ZOLINZA,T47D,22.84665169,1,1
2842,ERLOTINIB,ABT-888,ES2,-12.43349741,0,0
2845,ERLOTINIB,ABT-888,HT29,-11.26311941,0,0
2847,ERLOTINIB,ABT-888,LNCAP,-23.8823541,0,0
2848,ERLOTINIB,ABT-888,MSTO,52.03256407,1,1
2853,ERLOTINIB,ABT-888,OV90,-13.32020911,0,0
2857,ERLOTINIB,ABT-888,SW620,-11.64468066,0,0
2858,ERLOTINIB,ABT-888,T47D,-14.15331149,0,0
2860,ERLOTINIB,ABT-888,VCAP,-17.27573982,0,0
2862,ERLOTINIB,BEZ-235,A2058,30.44723473,1,1
2863,ERLOTINIB,BEZ-235,A2780,32.9904113,1,1
2864,ERLOTINIB,BEZ-235,A375,32.79138222,1,1
2865,ERLOTINIB,BEZ-235,A427,24.82046387,1,1
2866,ERLOTINIB,BEZ-235,CAOV3,53.23611483,1,1
2868,ERLOTINIB,BEZ-235,HCT116,40.74023865,1,1
2869,ERLOTINIB,BEZ-235,HT29,37.24732576,1,1
2870,ERLOTINIB,BEZ-235,KPL1,31.23105824,1,1
2871,ERLOTINIB,BEZ-235,LNCAP,85.15352215,1,1
2872,ERLOTINIB,BEZ-235,LOVO,38.90157501,1,1
2873,ERLOTINIB,BEZ-235,MDAMB436,34.3614618,1,1
2874,ERLOTINIB,BEZ-235,MSTO,40.76447271,1,1
2875,ERLOTINIB,BEZ-235,NCIH1650,26.76837282,1,1
2876,ERLOTINIB,BEZ-235,NCIH2122,53.94195019,1,1
2877,ERLOTINIB,BEZ-235,NCIH23,30.39517847,1,1
2878,ERLOTINIB,BEZ-235,NCIH460,34.65177323,1,1
2879,ERLOTINIB,BEZ-235,NCIH520,36.29686721,1,1
2880,ERLOTINIB,BEZ-235,OV90,23.65798387,1,1
2882,ERLOTINIB,BEZ-235,RPMI7951,33.10748025,1,1
2883,ERLOTINIB,BEZ-235,SKMEL30,40.3172508,1,1
2884,ERLOTINIB,BEZ-235,SKMES1,40.10436985,1,1
2885,ERLOTINIB,BEZ-235,SKOV3,33.22300939,1,1
2887,ERLOTINIB,BEZ-235,SW837,48.23512601,1,1
2888,ERLOTINIB,BEZ-235,T47D,141.790374,1,1
2889,ERLOTINIB,BEZ-235,UACC62,21.03592517,1,1
2890,ERLOTINIB,BEZ-235,VCAP,29.05193526,1,1
2891,ERLOTINIB,BEZ-235,ZR751,52.1263634,1,1
2893,ERLOTINIB,BORTEZOMIB,A2780,-23.08608321,0,0
2894,ERLOTINIB,BORTEZOMIB,A375,25.53971155,1,1
2895,ERLOTINIB,BORTEZOMIB,A427,-15.65410165,0,0
2896,ERLOTINIB,BORTEZOMIB,CAOV3,-18.43407369,0,0
2897,ERLOTINIB,BORTEZOMIB,ES2,-22.64897131,0,0
2898,ERLOTINIB,BORTEZOMIB,HT144,-16.19947167,0,0
2899,ERLOTINIB,BORTEZOMIB,HT29,-14.92795583,0,0
2900,ERLOTINIB,BORTEZOMIB,LNCAP,-17.80210878,0,0
2902,ERLOTINIB,BORTEZOMIB,MSTO,29.00394489,1,1
2903,ERLOTINIB,BORTEZOMIB,NCIH1650,-14.2940195,0,0
2906,ERLOTINIB,BORTEZOMIB,NCIH520,-23.84255611,0,0
2907,ERLOTINIB,BORTEZOMIB,OV90,-10.51068817,0,0
2909,ERLOTINIB,BORTEZOMIB,RPMI7951,-16.84735374,0,0
2910,ERLOTINIB,BORTEZOMIB,SKMES1,-11.42040437,0,0
2912,ERLOTINIB,BORTEZOMIB,SW837,29.48258491,1,1
2913,ERLOTINIB,BORTEZOMIB,T47D,-42.70233051,0,0
2914,ERLOTINIB,BORTEZOMIB,UACC62,-20.68908184,0,0
2917,ERLOTINIB,DASATINIB,A2058,50.85612673,1,1
2918,ERLOTINIB,DASATINIB,A2780,55.7433202,1,1
2919,ERLOTINIB,DASATINIB,A427,67.02852359,1,1
2920,ERLOTINIB,DASATINIB,CAOV3,35.76292632,1,1
2923,ERLOTINIB,DASATINIB,HT144,-44.27131648,0,0
2924,ERLOTINIB,DASATINIB,HT29,26.65382131,1,1
2926,ERLOTINIB,DASATINIB,LNCAP,30.85505426,1,1
2927,ERLOTINIB,DASATINIB,LOVO,39.95268983,1,1
2928,ERLOTINIB,DASATINIB,MDAMB436,20.86509131,1,1
2929,ERLOTINIB,DASATINIB,MSTO,-112.7046695,0,0
2930,ERLOTINIB,DASATINIB,NCIH1650,61.58695742,1,1
2932,ERLOTINIB,DASATINIB,NCIH23,21.80651781,1,1
2934,ERLOTINIB,DASATINIB,NCIH520,48.936706,1,1
2937,ERLOTINIB,DASATINIB,RPMI7951,20.22782323,1,1
2938,ERLOTINIB,DASATINIB,SKMEL30,-20.14259668,0,0
2939,ERLOTINIB,DASATINIB,SKMES1,55.34476194,1,1
2940,ERLOTINIB,DASATINIB,SKOV3,34.88545929,1,1
2941,ERLOTINIB,DASATINIB,SW620,31.19986694,1,1
2942,ERLOTINIB,DASATINIB,SW837,55.38902039,1,1
2944,ERLOTINIB,DASATINIB,UACC62,30.71440017,1,1
2946,ERLOTINIB,DASATINIB,ZR751,-53.72833547,0,0
2950,ERLOTINIB,DINACICLIB,LNCAP,25.47660754,1,1
2952,ERLOTINIB,DINACICLIB,MSTO,-45.42477831,0,0
2953,ERLOTINIB,DINACICLIB,NCIH2122,20.25445639,1,1
2963,ERLOTINIB,DINACICLIB,VCAP,32.25620878,1,1
2967,ERLOTINIB,GELDANAMYCIN,A375,36.18756156,1,1
2970,ERLOTINIB,GELDANAMYCIN,HCT116,41.62495754,1,1
2975,ERLOTINIB,GELDANAMYCIN,MSTO,-22.21185453,0,0
2981,ERLOTINIB,GELDANAMYCIN,RPMI7951,-10.72328848,0,0
2982,ERLOTINIB,GELDANAMYCIN,SKMES1,22.27090141,1,1
2986,ERLOTINIB,MK-8669,A2058,52.26171598,1,1
2987,ERLOTINIB,MK-8669,A2780,36.23987344,1,1
2988,ERLOTINIB,MK-8669,A375,56.66491207,1,1
2989,ERLOTINIB,MK-8669,A427,32.50271138,1,1
2990,ERLOTINIB,MK-8669,CAOV3,62.65781411,1,1
2991,ERLOTINIB,MK-8669,ES2,44.9903576,1,1
2993,ERLOTINIB,MK-8669,HT144,36.79371745,1,1
2994,ERLOTINIB,MK-8669,HT29,31.57708029,1,1
2995,ERLOTINIB,MK-8669,KPL1,46.75582861,1,1
2996,ERLOTINIB,MK-8669,LNCAP,28.7507326,1,1
2997,ERLOTINIB,MK-8669,LOVO,47.34442041,1,1
2998,ERLOTINIB,MK-8669,MDAMB436,26.64170048,1,1
2999,ERLOTINIB,MK-8669,MSTO,-137.2614159,0,0
3001,ERLOTINIB,MK-8669,NCIH2122,45.29161162,1,1
3002,ERLOTINIB,MK-8669,NCIH23,40.58409884,1,1
3003,ERLOTINIB,MK-8669,NCIH460,42.49559207,1,1
3004,ERLOTINIB,MK-8669,NCIH520,20.02741966,1,1
3005,ERLOTINIB,MK-8669,OV90,42.80120535,1,1
3006,ERLOTINIB,MK-8669,RKO,38.54313446,1,1
3007,ERLOTINIB,MK-8669,RPMI7951,42.44759178,1,1
3008,ERLOTINIB,MK-8669,SKMEL30,62.09326122,1,1
3009,ERLOTINIB,MK-8669,SKMES1,32.10376803,1,1
3010,ERLOTINIB,MK-8669,SKOV3,60.90617431,1,1
3011,ERLOTINIB,MK-8669,SW620,21.62925184,1,1
3012,ERLOTINIB,MK-8669,SW837,34.68853378,1,1
3013,ERLOTINIB,MK-8669,T47D,54.65479081,1,1
3014,ERLOTINIB,MK-8669,UACC62,60.95019851,1,1
3016,ERLOTINIB,MK-8669,ZR751,71.43896439,1,1
3017,ERLOTINIB,MK-8776,A2058,24.12947014,1,1
3018,ERLOTINIB,MK-8776,A2780,29.21281262,1,1
3019,ERLOTINIB,MK-8776,A375,37.74995952,1,1
3021,ERLOTINIB,MK-8776,CAOV3,40.45472172,1,1
3023,ERLOTINIB,MK-8776,HCT116,24.7554418,1,1
3025,ERLOTINIB,MK-8776,LNCAP,25.76972227,1,1
3026,ERLOTINIB,MK-8776,LOVO,21.94775464,1,1
3031,ERLOTINIB,MK-8776,SKMEL30,24.93792278,1,1
3032,ERLOTINIB,MK-8776,SKOV3,22.04840298,1,1
3034,ERLOTINIB,MK-8776,T47D,-10.08431033,0,0
3035,ERLOTINIB,MK-8776,UACC62,28.02400498,1,1
3036,ERLOTINIB,MK-8776,VCAP,24.72858795,1,1
3038,ERLOTINIB,PD325901,A2780,26.39128639,1,1
3039,ERLOTINIB,PD325901,A375,26.85035826,1,1
3040,ERLOTINIB,PD325901,CAOV3,46.93900496,1,1
3046,ERLOTINIB,PD325901,LOVO,37.16879127,1,1
3047,ERLOTINIB,PD325901,MSTO,-17.33461973,0,0
3049,ERLOTINIB,PD325901,NCIH2122,63.43808914,1,1
3053,ERLOTINIB,PD325901,SKMES1,26.85479765,1,1
3055,ERLOTINIB,PD325901,SW620,-10.3945433,0,0
3056,ERLOTINIB,PD325901,SW837,31.64566875,1,1
3057,ERLOTINIB,PD325901,T47D,-32.78744411,0,0
3059,ERLOTINIB,PD325901,ZR751,32.23841884,1,1
3061,ERLOTINIB,SN-38,A2780,36.95459201,1,1
3062,ERLOTINIB,SN-38,A375,33.42878416,1,1
3063,ERLOTINIB,SN-38,CAOV3,20.80699628,1,1
3065,ERLOTINIB,SN-38,HCT116,35.52871201,1,1
3067,ERLOTINIB,SN-38,HT29,33.40283823,1,1
3068,ERLOTINIB,SN-38,KPL1,20.16679018,1,1
3069,ERLOTINIB,SN-38,LNCAP,-23.06287044,0,0
3071,ERLOTINIB,SN-38,MDAMB436,23.57565008,1,1
3073,ERLOTINIB,SN-38,NCIH2122,41.60026332,1,1
3074,ERLOTINIB,SN-38,NCIH23,53.28600154,1,1
3075,ERLOTINIB,SN-38,NCIH460,67.7815276,1,1
3076,ERLOTINIB,SN-38,OV90,-17.32644536,0,0
3077,ERLOTINIB,SN-38,RKO,23.1858689,1,1
3078,ERLOTINIB,SN-38,RPMI7951,48.39241724,1,1
3080,ERLOTINIB,SN-38,SKMES1,27.93890797,1,1
3081,ERLOTINIB,SN-38,SKOV3,21.17547988,1,1
3083,ERLOTINIB,SN-38,SW837,44.01183222,1,1
3085,ERLOTINIB,SN-38,UACC62,22.40289979,1,1
3086,ERLOTINIB,SN-38,VCAP,42.30916661,1,1
3087,ERLOTINIB,SN-38,ZR751,52.34467525,1,1
3096,ERLOTINIB,SORAFENIB,NCIH1650,25.2103511,1,1
3104,ERLOTINIB,TOPOTECAN,A2058,20.65954665,1,1
3105,ERLOTINIB,TOPOTECAN,A2780,24.97319688,1,1
3106,ERLOTINIB,TOPOTECAN,A375,25.44025942,1,1
3107,ERLOTINIB,TOPOTECAN,A427,26.27349199,1,1
3109,ERLOTINIB,TOPOTECAN,ES2,26.16252976,1,1
3110,ERLOTINIB,TOPOTECAN,HCT116,32.08496121,1,1
3111,ERLOTINIB,TOPOTECAN,HT144,21.41281544,1,1
3112,ERLOTINIB,TOPOTECAN,HT29,22.53932867,1,1
3113,ERLOTINIB,TOPOTECAN,KPL1,27.57395354,1,1
3115,ERLOTINIB,TOPOTECAN,LOVO,32.12638544,1,1
3119,ERLOTINIB,TOPOTECAN,NCIH2122,37.08704855,1,1
3120,ERLOTINIB,TOPOTECAN,NCIH23,29.76010548,1,1
3121,ERLOTINIB,TOPOTECAN,NCIH460,33.09865807,1,1
3122,ERLOTINIB,TOPOTECAN,NCIH520,31.44481537,1,1
3124,ERLOTINIB,TOPOTECAN,RKO,49.30660489,1,1
3126,ERLOTINIB,TOPOTECAN,SKMEL30,33.82957414,1,1
3127,ERLOTINIB,TOPOTECAN,SKMES1,25.71822543,1,1
3129,ERLOTINIB,TOPOTECAN,SW620,23.34923593,1,1
3130,ERLOTINIB,TOPOTECAN,SW837,41.81525129,1,1
3132,ERLOTINIB,TOPOTECAN,UACC62,23.24368022,1,1
3133,ERLOTINIB,TOPOTECAN,VCAP,58.19345418,1,1
3134,ERLOTINIB,TOPOTECAN,ZR751,52.94124794,1,1
3136,ETOPOSIDE,ABT-888,A427,-13.99330443,0,0
3137,ETOPOSIDE,ABT-888,CAOV3,88.90313873,1,1
3138,ETOPOSIDE,ABT-888,ES2,-14.56628388,0,0
3142,ETOPOSIDE,ABT-888,MSTO,26.68015393,1,1
3153,ETOPOSIDE,ABT-888,ZR751,23.68977919,1,1
3158,ETOPOSIDE,AZD1775,CAOV3,37.36484746,1,1
3162,ETOPOSIDE,AZD1775,KPL1,24.46834197,1,1
3163,ETOPOSIDE,AZD1775,LNCAP,21.45110565,1,1
3166,ETOPOSIDE,AZD1775,NCIH1650,34.96332912,1,1
3167,ETOPOSIDE,AZD1775,NCIH23,-147.6170918,0,0
3172,ETOPOSIDE,AZD1775,T47D,-20.69843069,0,0
3173,ETOPOSIDE,AZD1775,UACC62,25.10252076,1,1
3174,ETOPOSIDE,AZD1775,VCAP,20.27995291,1,1
3176,ETOPOSIDE,BEZ-235,A375,31.99711368,1,1
3177,ETOPOSIDE,BEZ-235,CAOV3,85.75614627,1,1
3180,ETOPOSIDE,BEZ-235,HT144,36.34399595,1,1
3182,ETOPOSIDE,BEZ-235,KPL1,24.92334535,1,1
3183,ETOPOSIDE,BEZ-235,LNCAP,93.40478314,1,1
3184,ETOPOSIDE,BEZ-235,MDAMB436,28.39176146,1,1
3185,ETOPOSIDE,BEZ-235,MSTO,20.29258749,1,1
3187,ETOPOSIDE,BEZ-235,NCIH23,-11.80792927,0,0
3188,ETOPOSIDE,BEZ-235,NCIH460,29.59680637,1,1
3192,ETOPOSIDE,BEZ-235,RPMI7951,-13.30798634,0,0
3194,ETOPOSIDE,BEZ-235,SKOV3,-12.54844267,0,0
3196,ETOPOSIDE,BEZ-235,T47D,101.6125542,1,1
3199,ETOPOSIDE,BEZ-235,ZR751,37.20808625,1,1
3203,ETOPOSIDE,BORTEZOMIB,A427,-14.07950269,0,0
3204,ETOPOSIDE,BORTEZOMIB,CAOV3,54.31000908,1,1
3205,ETOPOSIDE,BORTEZOMIB,ES2,-38.16106574,0,0
3207,ETOPOSIDE,BORTEZOMIB,HT29,-16.41332149,0,0
3209,ETOPOSIDE,BORTEZOMIB,MSTO,49.13867719,1,1
3211,ETOPOSIDE,BORTEZOMIB,NCIH2122,-11.99507083,0,0
3212,ETOPOSIDE,BORTEZOMIB,NCIH23,-11.27577628,0,0
3214,ETOPOSIDE,BORTEZOMIB,NCIH520,-33.89563814,0,0
3215,ETOPOSIDE,BORTEZOMIB,OV90,-20.56680342,0,0
3217,ETOPOSIDE,BORTEZOMIB,RPMI7951,-15.77053036,0,0
3219,ETOPOSIDE,BORTEZOMIB,SKMES1,-21.79160617,0,0
3221,ETOPOSIDE,BORTEZOMIB,SW837,-14.57106296,0,0
3222,ETOPOSIDE,BORTEZOMIB,T47D,-19.80398812,0,0
3223,ETOPOSIDE,BORTEZOMIB,UACC62,-17.8222598,0,0
3224,ETOPOSIDE,BORTEZOMIB,VCAP,-10.5712824,0,0
3225,ETOPOSIDE,BORTEZOMIB,ZR751,26.75504326,1,1
3227,ETOPOSIDE,DASATINIB,A2780,66.56695223,1,1
3228,ETOPOSIDE,DASATINIB,A375,33.1108059,1,1
3229,ETOPOSIDE,DASATINIB,A427,29.60077592,1,1
3230,ETOPOSIDE,DASATINIB,CAOV3,58.84842185,1,1
3231,ETOPOSIDE,DASATINIB,ES2,-17.70072655,0,0
3232,ETOPOSIDE,DASATINIB,HT144,-36.23824218,0,0
3233,ETOPOSIDE,DASATINIB,HT29,24.34993899,1,1
3234,ETOPOSIDE,DASATINIB,KPL1,26.27136634,1,1
3235,ETOPOSIDE,DASATINIB,LNCAP,31.32548663,1,1
3236,ETOPOSIDE,DASATINIB,LOVO,60.79997037,1,1
3237,ETOPOSIDE,DASATINIB,MDAMB436,25.68606382,1,1
3238,ETOPOSIDE,DASATINIB,MSTO,85.69462031,1,1
3239,ETOPOSIDE,DASATINIB,NCIH1650,50.30604813,1,1
3240,ETOPOSIDE,DASATINIB,NCIH2122,-55.13805214,0,0
3241,ETOPOSIDE,DASATINIB,NCIH23,-183.3295713,0,0
3242,ETOPOSIDE,DASATINIB,NCIH460,40.12098513,1,1
3243,ETOPOSIDE,DASATINIB,NCIH520,43.69840612,1,1
3244,ETOPOSIDE,DASATINIB,RKO,25.08988503,1,1
3246,ETOPOSIDE,DASATINIB,SKMEL30,-32.47747331,0,0
3248,ETOPOSIDE,DASATINIB,SW620,42.24770688,1,1
3249,ETOPOSIDE,DASATINIB,SW837,40.76213756,1,1
3250,ETOPOSIDE,DASATINIB,T47D,-19.09969407,0,0
3252,ETOPOSIDE,DINACICLIB,A375,-122.7718052,0,0
3254,ETOPOSIDE,DINACICLIB,CAOV3,56.19980681,1,1
3256,ETOPOSIDE,DINACICLIB,HCT116,-12.96661918,0,0
3261,ETOPOSIDE,DINACICLIB,NCIH23,-19.11703449,0,0
3264,ETOPOSIDE,DINACICLIB,OV90,-13.03157185,0,0
3265,ETOPOSIDE,DINACICLIB,RPMI7951,-11.643017,0,0
3266,ETOPOSIDE,DINACICLIB,SKMES1,-14.77517427,0,0
3267,ETOPOSIDE,DINACICLIB,SKOV3,-30.18913558,0,0
3268,ETOPOSIDE,DINACICLIB,SW620,-11.10063669,0,0
3269,ETOPOSIDE,DINACICLIB,SW837,-15.55200919,0,0
3274,ETOPOSIDE,ERLOTINIB,A375,34.50823729,1,1
3275,ETOPOSIDE,ERLOTINIB,CAOV3,92.93746278,1,1
3277,ETOPOSIDE,ERLOTINIB,HCT116,35.1756303,1,1
3278,ETOPOSIDE,ERLOTINIB,HT144,31.44622163,1,1
3279,ETOPOSIDE,ERLOTINIB,HT29,28.78939285,1,1
3280,ETOPOSIDE,ERLOTINIB,KPL1,21.82928608,1,1
3282,ETOPOSIDE,ERLOTINIB,LOVO,42.42601554,1,1
3283,ETOPOSIDE,ERLOTINIB,MDAMB436,30.44386811,1,1
3284,ETOPOSIDE,ERLOTINIB,MSTO,24.38717471,1,1
3286,ETOPOSIDE,ERLOTINIB,NCIH2122,47.47430247,1,1
3287,ETOPOSIDE,ERLOTINIB,NCIH23,-164.2668412,0,0
3288,ETOPOSIDE,ERLOTINIB,NCIH460,46.67308553,1,1
3289,ETOPOSIDE,ERLOTINIB,NCIH520,27.1848439,1,1
3291,ETOPOSIDE,ERLOTINIB,RKO,26.04444652,1,1
3294,ETOPOSIDE,ERLOTINIB,SKMES1,23.310596,1,1
3295,ETOPOSIDE,ERLOTINIB,SKOV3,20.97161438,1,1
3297,ETOPOSIDE,ERLOTINIB,SW837,57.51358379,1,1
3299,ETOPOSIDE,ERLOTINIB,UACC62,41.71895529,1,1
3300,ETOPOSIDE,ERLOTINIB,VCAP,41.85350576,1,1
3301,ETOPOSIDE,ERLOTINIB,ZR751,51.47375496,1,1
3302,ETOPOSIDE,GELDANAMYCIN,A2058,31.06156665,1,1
3304,ETOPOSIDE,GELDANAMYCIN,CAOV3,71.48082401,1,1
3309,ETOPOSIDE,GELDANAMYCIN,LNCAP,47.35424191,1,1
3310,ETOPOSIDE,GELDANAMYCIN,LOVO,-10.67503159,0,0
3311,ETOPOSIDE,GELDANAMYCIN,MDAMB436,23.95624073,1,1
3312,ETOPOSIDE,GELDANAMYCIN,MSTO,-19.47647489,0,0
3315,ETOPOSIDE,GELDANAMYCIN,NCIH23,-14.08747051,0,0
3318,ETOPOSIDE,GELDANAMYCIN,SKMEL30,32.84665347,1,1
3322,ETOPOSIDE,GELDANAMYCIN,T47D,27.24545847,1,1
3324,ETOPOSIDE,LAPATINIB,A2780,27.29088399,1,1
3326,ETOPOSIDE,LAPATINIB,A427,-14.40714784,0,0
3327,ETOPOSIDE,LAPATINIB,CAOV3,143.2917905,1,1
3329,ETOPOSIDE,LAPATINIB,HCT116,27.63842614,1,1
3332,ETOPOSIDE,LAPATINIB,LNCAP,27.81267656,1,1
3333,ETOPOSIDE,LAPATINIB,LOVO,50.4281854,1,1
3334,ETOPOSIDE,LAPATINIB,MDAMB436,20.148526,1,1
3336,ETOPOSIDE,LAPATINIB,NCIH1650,21.63106086,1,1
3337,ETOPOSIDE,LAPATINIB,NCIH2122,31.30947607,1,1
3338,ETOPOSIDE,LAPATINIB,NCIH23,-167.5463503,0,0
3341,ETOPOSIDE,LAPATINIB,OV90,-14.60244237,0,0
3346,ETOPOSIDE,LAPATINIB,SW837,43.76187067,1,1
3349,ETOPOSIDE,LAPATINIB,ZR751,42.94795226,1,1
3350,ETOPOSIDE,MK-2206,A2058,23.8414603,1,1
3351,ETOPOSIDE,MK-2206,A2780,25.09455866,1,1
3352,ETOPOSIDE,MK-2206,A375,40.3600574,1,1
3353,ETOPOSIDE,MK-2206,A427,24.8922984,1,1
3354,ETOPOSIDE,MK-2206,CAOV3,159.9074884,1,1
3356,ETOPOSIDE,MK-2206,HCT116,41.47821659,1,1
3357,ETOPOSIDE,MK-2206,HT144,47.84405312,1,1
3358,ETOPOSIDE,MK-2206,HT29,20.80452543,1,1
3359,ETOPOSIDE,MK-2206,KPL1,60.24310124,1,1
3360,ETOPOSIDE,MK-2206,LNCAP,28.94828404,1,1
3361,ETOPOSIDE,MK-2206,LOVO,36.55388298,1,1
3362,ETOPOSIDE,MK-2206,MDAMB436,34.50086052,1,1
3363,ETOPOSIDE,MK-2206,MSTO,46.61376899,1,1
3364,ETOPOSIDE,MK-2206,NCIH1650,35.02054763,1,1
3365,ETOPOSIDE,MK-2206,NCIH2122,43.0982675,1,1
3366,ETOPOSIDE,MK-2206,NCIH23,-168.9394512,0,0
3367,ETOPOSIDE,MK-2206,NCIH460,46.56657824,1,1
3369,ETOPOSIDE,MK-2206,OV90,35.08106665,1,1
3370,ETOPOSIDE,MK-2206,RKO,49.94340541,1,1
3372,ETOPOSIDE,MK-2206,SKMEL30,33.04954641,1,1
3373,ETOPOSIDE,MK-2206,SKMES1,44.45871774,1,1
3375,ETOPOSIDE,MK-2206,SW837,41.49633741,1,1
3376,ETOPOSIDE,MK-2206,UACC62,42.952925,1,1
3377,ETOPOSIDE,MK-2206,VCAP,33.39039432,1,1
3378,ETOPOSIDE,MK-2206,ZR751,20.59921408,1,1
3381,ETOPOSIDE,MK-4827,CAOV3,80.47079268,1,1
3386,ETOPOSIDE,MK-4827,LNCAP,-21.59027419,0,0
3389,ETOPOSIDE,MK-4827,NCIH1650,26.22483109,1,1
3391,ETOPOSIDE,MK-4827,NCIH23,-148.8888175,0,0
3393,ETOPOSIDE,MK-4827,NCIH520,24.07225252,1,1
3395,ETOPOSIDE,MK-4827,SKOV3,21.90598342,1,1
3397,ETOPOSIDE,MK-4827,T47D,-30.71348163,0,0
3398,ETOPOSIDE,MK-4827,VCAP,22.09555743,1,1
3403,ETOPOSIDE,MK-5108,CAOV3,70.49294954,1,1
3406,ETOPOSIDE,MK-5108,HT29,22.04488376,1,1
3407,ETOPOSIDE,MK-5108,LNCAP,-12.66025633,0,0
3409,ETOPOSIDE,MK-5108,MSTO,27.5905608,1,1
3413,ETOPOSIDE,MK-5108,NCIH460,-12.89621832,0,0
3414,ETOPOSIDE,MK-5108,NCIH520,-11.51128765,0,0
3415,ETOPOSIDE,MK-5108,OV90,21.11551933,1,1
3416,ETOPOSIDE,MK-5108,RKO,29.56165952,1,1
3420,ETOPOSIDE,MK-5108,SW620,20.04486147,1,1
3423,ETOPOSIDE,MK-5108,VCAP,-10.31394043,0,0
3424,ETOPOSIDE,MK-5108,ZR751,-13.80178169,0,0
3426,ETOPOSIDE,MK-8669,A2780,22.65392265,1,1
3427,ETOPOSIDE,MK-8669,A375,30.71559892,1,1
3428,ETOPOSIDE,MK-8669,CAOV3,118.6852801,1,1
3429,ETOPOSIDE,MK-8669,HT144,41.58992657,1,1
3431,ETOPOSIDE,MK-8669,KPL1,47.41302637,1,1
3432,ETOPOSIDE,MK-8669,LNCAP,34.45017819,1,1
3434,ETOPOSIDE,MK-8669,MDAMB436,32.37389935,1,1
3435,ETOPOSIDE,MK-8669,MSTO,41.59139974,1,1
3436,ETOPOSIDE,MK-8669,NCIH1650,35.97509228,1,1
3438,ETOPOSIDE,MK-8669,NCIH23,-146.9487222,0,0
3440,ETOPOSIDE,MK-8669,RKO,34.5234873,1,1
3441,ETOPOSIDE,MK-8669,SKMEL30,28.66295459,1,1
3444,ETOPOSIDE,MK-8669,SW837,33.80011003,1,1
3446,ETOPOSIDE,MK-8669,UACC62,34.55875316,1,1
3447,ETOPOSIDE,MK-8669,VCAP,30.50590257,1,1
3448,ETOPOSIDE,MK-8776,A2058,57.67901606,1,1
3449,ETOPOSIDE,MK-8776,A2780,21.34548508,1,1
3450,ETOPOSIDE,MK-8776,A375,-65.08015716,0,0
3451,ETOPOSIDE,MK-8776,CAOV3,65.09984723,1,1
3453,ETOPOSIDE,MK-8776,HT144,26.87486066,1,1
3454,ETOPOSIDE,MK-8776,HT29,22.77599038,1,1
3458,ETOPOSIDE,MK-8776,MDAMB436,25.41312428,1,1
3459,ETOPOSIDE,MK-8776,NCIH1650,25.17189985,1,1
3463,ETOPOSIDE,MK-8776,SKMEL30,58.93855866,1,1
3464,ETOPOSIDE,MK-8776,SKMES1,-14.15759259,0,0
3465,ETOPOSIDE,MK-8776,SW620,-12.87630561,0,0
3466,ETOPOSIDE,MK-8776,T47D,-29.18931096,0,0
3467,ETOPOSIDE,MK-8776,UACC62,20.63281721,1,1
3468,ETOPOSIDE,MK-8776,VCAP,54.77812255,1,1
3470,ETOPOSIDE,PD325901,A2058,22.17348782,1,1
3471,ETOPOSIDE,PD325901,A2780,36.84388809,1,1
3474,ETOPOSIDE,PD325901,CAOV3,122.0788947,1,1
3476,ETOPOSIDE,PD325901,HT144,39.74829923,1,1
3478,ETOPOSIDE,PD325901,LNCAP,40.32291573,1,1
3479,ETOPOSIDE,PD325901,LOVO,30.23540886,1,1
3480,ETOPOSIDE,PD325901,MDAMB436,25.97741805,1,1
3481,ETOPOSIDE,PD325901,MSTO,-20.58151609,0,0
3482,ETOPOSIDE,PD325901,NCIH1650,25.46667544,1,1
3483,ETOPOSIDE,PD325901,NCIH2122,27.0184105,1,1
3484,ETOPOSIDE,PD325901,NCIH460,39.75978234,1,1
3486,ETOPOSIDE,PD325901,OV90,21.03998461,1,1
3487,ETOPOSIDE,PD325901,RKO,38.3604726,1,1
3493,ETOPOSIDE,PD325901,T47D,33.34594771,1,1
3495,ETOPOSIDE,PD325901,ZR751,48.6253214,1,1
3496,ETOPOSIDE,SORAFENIB,A2058,-12.15503625,0,0
3498,ETOPOSIDE,SORAFENIB,CAOV3,40.76840903,1,1
3503,ETOPOSIDE,SORAFENIB,LOVO,-10.0797683,0,0
3507,ETOPOSIDE,SORAFENIB,NCIH23,-116.1653965,0,0
3511,ETOPOSIDE,SORAFENIB,RPMI7951,-10.84972086,0,0
3515,ETOPOSIDE,SORAFENIB,T47D,-12.4278492,0,0
3517,ETOPOSIDE,SORAFENIB,VCAP,-19.78803715,0,0
3518,ETOPOSIDE,SORAFENIB,ZR751,-11.74689916,0,0
3520,ETOPOSIDE,SUNITINIB,CAOV3,30.61709086,1,1
3524,ETOPOSIDE,SUNITINIB,MSTO,-15.12080583,0,0
3526,ETOPOSIDE,SUNITINIB,NCIH23,-98.62741446,0,0
3530,ETOPOSIDE,SUNITINIB,RPMI7951,-13.32447019,0,0
3531,ETOPOSIDE,SUNITINIB,SKMES1,-10.19342421,0,0
3533,ETOPOSIDE,SUNITINIB,T47D,-26.44624539,0,0
3536,ETOPOSIDE,TEMOZOLOMIDE,A375,-87.4802028,0,0
3537,ETOPOSIDE,TEMOZOLOMIDE,CAOV3,83.00585057,1,1
3544,ETOPOSIDE,TEMOZOLOMIDE,NCIH1650,-10.23455147,0,0
3551,ETOPOSIDE,TEMOZOLOMIDE,SKMEL30,21.19310545,1,1
3552,ETOPOSIDE,TEMOZOLOMIDE,SKMES1,25.00914684,1,1
3555,ETOPOSIDE,TEMOZOLOMIDE,SW837,-18.67907384,0,0
3556,ETOPOSIDE,TEMOZOLOMIDE,T47D,-27.82829749,0,0
3558,ETOPOSIDE,TEMOZOLOMIDE,ZR751,-16.39943726,0,0
3560,ETOPOSIDE,ZOLINZA,A375,-71.18505172,0,0
3561,ETOPOSIDE,ZOLINZA,A427,-18.84435619,0,0
3562,ETOPOSIDE,ZOLINZA,CAOV3,83.62883659,1,1
3564,ETOPOSIDE,ZOLINZA,HCT116,-17.37379223,0,0
3568,ETOPOSIDE,ZOLINZA,LNCAP,28.61619415,1,1
3571,ETOPOSIDE,ZOLINZA,MSTO,56.83462933,1,1
3575,ETOPOSIDE,ZOLINZA,SKOV3,29.64057569,1,1
3576,ETOPOSIDE,ZOLINZA,SW837,21.63323076,1,1
3577,ETOPOSIDE,ZOLINZA,T47D,25.24241347,1,1
3580,ETOPOSIDE,ZOLINZA,ZR751,22.83573645,1,1
3581,GELDANAMYCIN,BEZ-235,A2058,34.57333585,1,1
3583,GELDANAMYCIN,BEZ-235,A375,20.65600784,1,1
3585,GELDANAMYCIN,BEZ-235,CAOV3,25.67518873,1,1
3586,GELDANAMYCIN,BEZ-235,ES2,22.05057677,1,1
3587,GELDANAMYCIN,BEZ-235,HCT116,35.76379658,1,1
3588,GELDANAMYCIN,BEZ-235,HT144,45.48122797,1,1
3590,GELDANAMYCIN,BEZ-235,LNCAP,107.6222417,1,1
3592,GELDANAMYCIN,BEZ-235,MDAMB436,23.29901802,1,1
3594,GELDANAMYCIN,BEZ-235,NCIH460,34.03656802,1,1
3596,GELDANAMYCIN,BEZ-235,RKO,20.10584985,1,1
3598,GELDANAMYCIN,BEZ-235,SKMEL30,48.27593907,1,1
3599,GELDANAMYCIN,BEZ-235,SKMES1,45.63680144,1,1
3602,GELDANAMYCIN,BEZ-235,T47D,155.3899654,1,1
3603,GELDANAMYCIN,BEZ-235,UACC62,29.76025464,1,1
3604,GELDANAMYCIN,BEZ-235,VCAP,28.05066048,1,1
3605,GELDANAMYCIN,DINACICLIB,A2780,-17.97817111,0,0
3606,GELDANAMYCIN,DINACICLIB,A375,22.05450091,1,1
3608,GELDANAMYCIN,DINACICLIB,LNCAP,33.17178636,1,1
3611,GELDANAMYCIN,DINACICLIB,MSTO,-22.90589188,0,0
3612,GELDANAMYCIN,DINACICLIB,NCIH1650,-23.08653485,0,0
3613,GELDANAMYCIN,DINACICLIB,NCIH23,-12.48833358,0,0
3615,GELDANAMYCIN,DINACICLIB,RPMI7951,-11.41869766,0,0
3616,GELDANAMYCIN,DINACICLIB,SKMES1,-10.94429024,0,0
3617,GELDANAMYCIN,DINACICLIB,SKOV3,-22.80868825,0,0
3618,GELDANAMYCIN,DINACICLIB,SW620,-13.56571062,0,0
3619,GELDANAMYCIN,DINACICLIB,SW837,-13.89481261,0,0
3620,GELDANAMYCIN,DINACICLIB,T47D,-39.85034847,0,0
3623,GELDANAMYCIN,DINACICLIB,ZR751,-19.07458503,0,0
3624,GELDANAMYCIN,MK-8776,A2058,51.41963491,1,1
3625,GELDANAMYCIN,MK-8776,A375,20.88618832,1,1
3626,GELDANAMYCIN,MK-8776,A427,23.03757955,1,1
3627,GELDANAMYCIN,MK-8776,CAOV3,24.8543465,1,1
3628,GELDANAMYCIN,MK-8776,HCT116,30.28012904,1,1
3629,GELDANAMYCIN,MK-8776,HT144,-198.6874066,0,0
3632,GELDANAMYCIN,MK-8776,LNCAP,-105.3544017,0,0
3634,GELDANAMYCIN,MK-8776,MSTO,-36.80066992,0,0
3636,GELDANAMYCIN,MK-8776,NCIH2122,-17.72773735,0,0
3637,GELDANAMYCIN,MK-8776,NCIH23,-11.01680765,0,0
3640,GELDANAMYCIN,MK-8776,RKO,32.13845443,1,1
3642,GELDANAMYCIN,MK-8776,SKMEL30,37.16106996,1,1
3643,GELDANAMYCIN,MK-8776,SKMES1,-23.43171311,0,0
3644,GELDANAMYCIN,MK-8776,SKOV3,-31.75296787,0,0
3646,GELDANAMYCIN,MK-8776,SW837,-184.7983901,0,0
3647,GELDANAMYCIN,MK-8776,T47D,-34.98235241,0,0
3649,GELDANAMYCIN,MK-8776,ZR751,-28.73240892,0,0
3651,GELDANAMYCIN,SN-38,A375,22.09706901,1,1
3657,GELDANAMYCIN,SN-38,LNCAP,33.95907446,1,1
3658,GELDANAMYCIN,SN-38,LOVO,-18.13081596,0,0
3665,GELDANAMYCIN,SN-38,SKMEL30,38.26844823,1,1
3667,GELDANAMYCIN,SN-38,SKOV3,-12.02502079,0,0
3680,GELDANAMYCIN,SORAFENIB,MDAMB436,-17.59525207,0,0
3681,GELDANAMYCIN,SORAFENIB,MSTO,-43.62177115,0,0
3687,GELDANAMYCIN,SORAFENIB,RPMI7951,-11.75896295,0,0
3689,GELDANAMYCIN,SORAFENIB,SKMES1,-13.59548446,0,0
3691,GELDANAMYCIN,SORAFENIB,SW620,-10.96608563,0,0
3693,GELDANAMYCIN,SORAFENIB,VCAP,-13.33651052,0,0
3694,GELDANAMYCIN,SORAFENIB,ZR751,-17.09555794,0,0
3695,GELDANAMYCIN,TOPOTECAN,A2058,22.38658565,1,1
3697,GELDANAMYCIN,TOPOTECAN,A375,-16.3920222,0,0
3698,GELDANAMYCIN,TOPOTECAN,A427,21.65186525,1,1
3707,GELDANAMYCIN,TOPOTECAN,MSTO,-14.63725658,0,0
3708,GELDANAMYCIN,TOPOTECAN,NCIH1650,-15.30165422,0,0
3710,GELDANAMYCIN,TOPOTECAN,NCIH23,-17.97647101,0,0
3711,GELDANAMYCIN,TOPOTECAN,NCIH460,-23.95784414,0,0
3714,GELDANAMYCIN,TOPOTECAN,RKO,-10.70715216,0,0
3716,GELDANAMYCIN,TOPOTECAN,SKMEL30,48.38401733,1,1
3717,GELDANAMYCIN,TOPOTECAN,SKMES1,-15.97279372,0,0
3724,GEMCITABINE,ABT-888,A375,-20.51873205,0,0
3734,GEMCITABINE,ABT-888,RKO,-10.13746929,0,0
3735,GEMCITABINE,ABT-888,RPMI7951,-12.18811971,0,0
3737,GEMCITABINE,ABT-888,SKMES1,-16.39024838,0,0
3742,GEMCITABINE,AZD1775,A2058,22.52751282,1,1
3748,GEMCITABINE,AZD1775,HT29,20.30482052,1,1
3749,GEMCITABINE,AZD1775,HT29,20.30482052,1,1
3750,GEMCITABINE,AZD1775,LNCAP,-40.59067921,0,0
3752,GEMCITABINE,AZD1775,MDAMB436,21.31809506,1,1
3762,GEMCITABINE,AZD1775,SKMES1,-14.68150812,0,0
3766,GEMCITABINE,AZD1775,SW837,24.60905058,1,1
3768,GEMCITABINE,AZD1775,UACC62,24.89268877,1,1
3778,GEMCITABINE,BEZ-235,HT144,24.09512725,1,1
3781,GEMCITABINE,BEZ-235,LNCAP,48.96142284,1,1
3782,GEMCITABINE,BEZ-235,MDAMB436,22.07134162,1,1
3784,GEMCITABINE,BEZ-235,NCIH23,-12.84994994,0,0
3785,GEMCITABINE,BEZ-235,NCIH460,23.36042667,1,1
3789,GEMCITABINE,BEZ-235,SKMES1,-20.12882119,0,0
3790,GEMCITABINE,BEZ-235,SW837,21.07815577,1,1
3791,GEMCITABINE,BEZ-235,T47D,46.29499521,1,1
3796,GEMCITABINE,BORTEZOMIB,A375,-13.75187464,0,0
3803,GEMCITABINE,BORTEZOMIB,LNCAP,-12.97157344,0,0
3805,GEMCITABINE,BORTEZOMIB,NCIH1650,-22.11945406,0,0
3806,GEMCITABINE,BORTEZOMIB,NCIH2122,-12.22627785,0,0
3807,GEMCITABINE,BORTEZOMIB,NCIH23,-12.89049632,0,0
3808,GEMCITABINE,BORTEZOMIB,NCIH460,-21.30293841,0,0
3809,GEMCITABINE,BORTEZOMIB,NCIH520,-17.78788737,0,0
3811,GEMCITABINE,BORTEZOMIB,RKO,-13.64787362,0,0
3813,GEMCITABINE,BORTEZOMIB,SKMES1,-15.69506048,0,0
3814,GEMCITABINE,BORTEZOMIB,SKOV3,-15.06590493,0,0
3817,GEMCITABINE,BORTEZOMIB,T47D,-12.46561222,0,0
3818,GEMCITABINE,BORTEZOMIB,UACC62,-10.83625909,0,0
3822,GEMCITABINE,DASATINIB,A375,-16.43549823,0,0
3823,GEMCITABINE,DASATINIB,A427,24.83990329,1,1
3825,GEMCITABINE,DASATINIB,ES2,22.16153127,1,1
3826,GEMCITABINE,DASATINIB,HT144,-12.10848568,0,0
3827,GEMCITABINE,DASATINIB,HT29,20.41730764,1,1
3830,GEMCITABINE,DASATINIB,MDAMB436,22.14643948,1,1
3833,GEMCITABINE,DASATINIB,NCIH460,34.89286379,1,1
3834,GEMCITABINE,DASATINIB,NCIH520,30.40318904,1,1
3836,GEMCITABINE,DASATINIB,SKMES1,-25.33111813,0,0
3837,GEMCITABINE,DASATINIB,SW620,26.07092261,1,1
3838,GEMCITABINE,DASATINIB,SW837,32.83142452,1,1
3841,GEMCITABINE,DASATINIB,ZR751,28.60504354,1,1
3844,GEMCITABINE,DINACICLIB,A375,-11.24724268,0,0
3845,GEMCITABINE,DINACICLIB,A427,-10.18996634,0,0
3848,GEMCITABINE,DINACICLIB,HCT116,-19.96226453,0,0
3855,GEMCITABINE,DINACICLIB,NCIH1650,-19.96303077,0,0
3857,GEMCITABINE,DINACICLIB,NCIH23,-15.36621631,0,0
3861,GEMCITABINE,DINACICLIB,RKO,-13.24666787,0,0
3864,GEMCITABINE,DINACICLIB,SKMES1,-20.49837622,0,0
3865,GEMCITABINE,DINACICLIB,SKOV3,-17.84781199,0,0
3872,GEMCITABINE,ERLOTINIB,A375,-25.17442823,0,0
3879,GEMCITABINE,ERLOTINIB,MSTO,-11.87209492,0,0
3886,GEMCITABINE,ERLOTINIB,SKMES1,-20.83934512,0,0
3887,GEMCITABINE,ERLOTINIB,SKOV3,-10.02921699,0,0
3888,GEMCITABINE,ERLOTINIB,SW837,30.39899769,1,1
3892,GEMCITABINE,ERLOTINIB,ZR751,37.48917942,1,1
3894,GEMCITABINE,GELDANAMYCIN,A375,-22.40239349,0,0
3897,GEMCITABINE,GELDANAMYCIN,HCT116,-25.4680307,0,0
3902,GEMCITABINE,GELDANAMYCIN,MSTO,-19.531057,0,0
3905,GEMCITABINE,GELDANAMYCIN,NCIH23,-24.63521431,0,0
3906,GEMCITABINE,GELDANAMYCIN,NCIH460,-12.44264543,0,0
3909,GEMCITABINE,GELDANAMYCIN,RKO,-21.75967991,0,0
3912,GEMCITABINE,GELDANAMYCIN,SKMES1,-28.47417839,0,0
3913,GEMCITABINE,GELDANAMYCIN,SKOV3,-17.12933004,0,0
3916,GEMCITABINE,GELDANAMYCIN,T47D,-20.38756712,0,0
3920,GEMCITABINE,LAPATINIB,A375,-33.99071414,0,0
3927,GEMCITABINE,LAPATINIB,MSTO,-22.64524487,0,0
3928,GEMCITABINE,LAPATINIB,NCIH1650,-11.35362209,0,0
3933,GEMCITABINE,LAPATINIB,RKO,-14.44743869,0,0
3934,GEMCITABINE,LAPATINIB,RPMI7951,-13.00521455,0,0
3935,GEMCITABINE,LAPATINIB,SKMES1,-26.9290907,0,0
3938,GEMCITABINE,LAPATINIB,SW837,26.60538983,1,1
3940,GEMCITABINE,LAPATINIB,ZR751,26.6270347,1,1
3942,GEMCITABINE,MK-2206,A375,-11.4558261,0,0
3945,GEMCITABINE,MK-2206,HT144,26.12446427,1,1
3947,GEMCITABINE,MK-2206,KPL1,28.6830796,1,1
3948,GEMCITABINE,MK-2206,LNCAP,-109.5929303,0,0
3953,GEMCITABINE,MK-2206,NCIH460,25.07068346,1,1
3957,GEMCITABINE,MK-2206,SKMES1,-13.93156927,0,0
3960,GEMCITABINE,MK-2206,SW837,30.69067196,1,1
3963,GEMCITABINE,MK-2206,VCAP,21.70074093,1,1
3966,GEMCITABINE,MK-4827,A375,-22.04634144,0,0
3968,GEMCITABINE,MK-4827,HCT116,-12.15632144,0,0
3971,GEMCITABINE,MK-4827,MSTO,-12.02415985,0,0
3973,GEMCITABINE,MK-4827,RKO,-16.47187347,0,0
3975,GEMCITABINE,MK-4827,SKMES1,-17.46276966,0,0
3979,GEMCITABINE,MK-5108,A375,-12.07375337,0,0
3982,GEMCITABINE,MK-5108,LNCAP,-61.50342095,0,0
3987,GEMCITABINE,MK-5108,NCIH460,-12.72195416,0,0
3990,GEMCITABINE,MK-5108,SKMES1,-14.93727626,0,0
3998,GEMCITABINE,MK-8669,HT144,22.88167937,1,1
3999,GEMCITABINE,MK-8669,KPL1,25.39531535,1,1
4000,GEMCITABINE,MK-8669,LNCAP,-72.78454555,0,0
4001,GEMCITABINE,MK-8669,MDAMB436,21.07989718,1,1
4003,GEMCITABINE,MK-8669,NCIH23,-12.59156029,0,0
4004,GEMCITABINE,MK-8669,NCIH460,26.98520807,1,1
4007,GEMCITABINE,MK-8669,SKMES1,-19.35266487,0,0
4008,GEMCITABINE,MK-8669,SKOV3,24.81240922,1,1
4010,GEMCITABINE,MK-8669,UACC62,25.13419823,1,1
4013,GEMCITABINE,MK-8776,A2058,61.69913895,1,1
4014,GEMCITABINE,MK-8776,A2058,61.69913895,1,1
4015,GEMCITABINE,MK-8776,A2780,20.58768498,1,1
4018,GEMCITABINE,MK-8776,A427,30.46917135,1,1
4019,GEMCITABINE,MK-8776,A427,30.46917135,1,1
4024,GEMCITABINE,MK-8776,HT144,49.19593905,1,1
4025,GEMCITABINE,MK-8776,HT29,62.70598096,1,1
4026,GEMCITABINE,MK-8776,HT29,62.70598096,1,1
4027,GEMCITABINE,MK-8776,LNCAP,33.93724185,1,1
4030,GEMCITABINE,MK-8776,MDAMB436,29.17620763,1,1
4031,GEMCITABINE,MK-8776,NCIH1650,46.33917997,1,1
4032,GEMCITABINE,MK-8776,NCIH1650,46.33917997,1,1
4036,GEMCITABINE,MK-8776,NCIH460,40.3245615,1,1
4037,GEMCITABINE,MK-8776,NCIH520,38.50277923,1,1
4040,GEMCITABINE,MK-8776,SKMEL30,28.45455263,1,1
4041,GEMCITABINE,MK-8776,SKMES1,-19.35684839,0,0
4042,GEMCITABINE,MK-8776,SKOV3,39.91435683,1,1
4043,GEMCITABINE,MK-8776,SW620,53.86602524,1,1
4044,GEMCITABINE,MK-8776,SW620,53.86602524,1,1
4045,GEMCITABINE,MK-8776,SW837,35.90485953,1,1
4046,GEMCITABINE,MK-8776,T47D,20.99778891,1,1
4047,GEMCITABINE,MK-8776,UACC62,48.00712269,1,1
4048,GEMCITABINE,MK-8776,VCAP,46.03079346,1,1
4049,GEMCITABINE,MK-8776,ZR751,26.83789888,1,1
4051,GEMCITABINE,PD325901,A375,-16.62060199,0,0
4062,GEMCITABINE,PD325901,OV90,26.73457106,1,1
4064,GEMCITABINE,PD325901,SKMES1,-18.78668619,0,0
4069,GEMCITABINE,SORAFENIB,A2058,-15.01487906,0,0
4075,GEMCITABINE,SORAFENIB,HCT116,-15.56851091,0,0
4080,GEMCITABINE,SORAFENIB,LOVO,-10.47691726,0,0
4083,GEMCITABINE,SORAFENIB,NCIH1650,-15.2752202,0,0
4085,GEMCITABINE,SORAFENIB,NCIH23,-13.32617529,0,0
4089,GEMCITABINE,SORAFENIB,RKO,-14.62201961,0,0
4092,GEMCITABINE,SORAFENIB,SKMES1,-20.09649317,0,0
4093,GEMCITABINE,SORAFENIB,SKOV3,-10.27728917,0,0
4095,GEMCITABINE,SORAFENIB,T47D,-11.98307103,0,0
4097,GEMCITABINE,SORAFENIB,VCAP,-12.9885297,0,0
4102,GEMCITABINE,SUNITINIB,HCT116,-12.39222046,0,0
4108,GEMCITABINE,SUNITINIB,RKO,-10.73297334,0,0
4110,GEMCITABINE,SUNITINIB,SKMES1,-14.02290451,0,0
4113,GEMCITABINE,SUNITINIB,T47D,-10.59709445,0,0
4115,GEMCITABINE,TEMOZOLOMIDE,A375,-28.10623084,0,0
4116,GEMCITABINE,TEMOZOLOMIDE,HCT116,-14.0680626,0,0
4124,GEMCITABINE,TEMOZOLOMIDE,RKO,-10.97995823,0,0
4125,GEMCITABINE,TEMOZOLOMIDE,RPMI7951,-11.11718592,0,0
4127,GEMCITABINE,TEMOZOLOMIDE,SKMES1,-20.63260323,0,0
4134,L778123,ABT-888,CAOV3,29.58297829,1,1
4146,L778123,ABT-888,T47D,-17.30650985,0,0
4150,L778123,AZD1775,A2058,22.09591653,1,1
4151,L778123,AZD1775,A2058,22.09591653,0,1
4175,L778123,BEZ-235,A2058,33.03465929,1,1
4177,L778123,BEZ-235,A375,49.11677734,1,1
4178,L778123,BEZ-235,A427,34.3008476,1,1
4179,L778123,BEZ-235,CAOV3,35.09678896,1,1
4180,L778123,BEZ-235,ES2,25.42887091,1,1
4181,L778123,BEZ-235,HCT116,31.51439978,1,1
4182,L778123,BEZ-235,HT144,35.9706855,1,1
4183,L778123,BEZ-235,HT29,43.25882996,1,1
4184,L778123,BEZ-235,KPL1,24.54591637,1,1
4185,L778123,BEZ-235,LNCAP,73.09012501,1,1
4186,L778123,BEZ-235,LOVO,23.24950679,1,1
4187,L778123,BEZ-235,MDAMB436,30.49842585,1,1
4188,L778123,BEZ-235,MSTO,25.049828,1,1
4189,L778123,BEZ-235,NCIH1650,35.86061966,1,1
4190,L778123,BEZ-235,NCIH2122,34.39858584,1,1
4192,L778123,BEZ-235,NCIH460,38.53944321,1,1
4193,L778123,BEZ-235,NCIH520,32.73324095,1,1
4194,L778123,BEZ-235,OV90,31.1769722,1,1
4195,L778123,BEZ-235,RKO,39.13736584,1,1
4197,L778123,BEZ-235,SKMEL30,29.38651443,1,1
4198,L778123,BEZ-235,SKMES1,31.13382529,1,1
4199,L778123,BEZ-235,SKOV3,20.7939583,1,1
4200,L778123,BEZ-235,SW620,29.76964442,1,1
4201,L778123,BEZ-235,SW837,28.3545048,1,1
4202,L778123,BEZ-235,T47D,100.7168772,1,1
4203,L778123,BEZ-235,UACC62,29.13991624,1,1
4204,L778123,BEZ-235,VCAP,36.2040566,1,1
4205,L778123,BEZ-235,ZR751,30.20053617,1,1
4208,L778123,BORTEZOMIB,CAOV3,-23.95335295,0,0
4216,L778123,BORTEZOMIB,NCIH1650,-15.0459436,0,0
4217,L778123,BORTEZOMIB,NCIH2122,-10.98946316,0,0
4219,L778123,BORTEZOMIB,NCIH520,-17.42513337,0,0
4223,L778123,BORTEZOMIB,SKMES1,-13.3994066,0,0
4227,L778123,BORTEZOMIB,T47D,-18.88599842,0,0
4228,L778123,BORTEZOMIB,UACC62,-13.1407886,0,0
4230,L778123,BORTEZOMIB,ZR751,-19.58453346,0,0
4231,L778123,DASATINIB,A2058,38.94681739,1,1
4232,L778123,DASATINIB,A2780,57.53602649,1,1
4233,L778123,DASATINIB,A375,44.02755137,1,1
4234,L778123,DASATINIB,A427,46.50293489,1,1
4235,L778123,DASATINIB,CAOV3,23.00248869,1,1
4236,L778123,DASATINIB,ES2,26.79081533,1,1
4239,L778123,DASATINIB,HT29,54.3615549,1,1
4240,L778123,DASATINIB,LNCAP,21.0760377,1,1
4241,L778123,DASATINIB,LOVO,46.91523611,1,1
4242,L778123,DASATINIB,MDAMB436,27.77590356,1,1
4243,L778123,DASATINIB,MSTO,68.348704,1,1
4244,L778123,DASATINIB,NCIH1650,35.69584712,1,1
4245,L778123,DASATINIB,NCIH2122,-59.85214459,0,0
4246,L778123,DASATINIB,NCIH23,-58.21245074,0,0
4247,L778123,DASATINIB,NCIH460,22.39624395,1,1
4248,L778123,DASATINIB,NCIH520,53.28735753,1,1
4250,L778123,DASATINIB,RKO,38.19936369,1,1
4251,L778123,DASATINIB,RPMI7951,21.60488087,1,1
4253,L778123,DASATINIB,SKMES1,33.59497725,1,1
4255,L778123,DASATINIB,SW620,44.95753677,1,1
4256,L778123,DASATINIB,SW837,22.68476439,1,1
4257,L778123,DASATINIB,T47D,31.75982728,1,1
4258,L778123,DASATINIB,UACC62,42.35479652,1,1
4264,L778123,DINACICLIB,LNCAP,21.33391481,1,1
4270,L778123,DINACICLIB,T47D,-11.03031711,0,0
4274,L778123,ERLOTINIB,A375,24.82051081,1,1
4276,L778123,ERLOTINIB,CAOV3,42.23979945,1,1
4277,L778123,ERLOTINIB,HT29,23.67542708,1,1
4280,L778123,ERLOTINIB,LOVO,24.54634356,1,1
4287,L778123,ERLOTINIB,SKMES1,22.78486036,1,1
4290,L778123,ERLOTINIB,SW837,23.82706711,1,1
4291,L778123,ERLOTINIB,T47D,-12.12386768,0,0
4293,L778123,ERLOTINIB,VCAP,24.00800198,1,1
4294,L778123,ERLOTINIB,ZR751,23.04674371,1,1
4295,L778123,ETOPOSIDE,A2058,24.9439129,1,1
4297,L778123,ETOPOSIDE,CAOV3,60.15290274,1,1
4298,L778123,ETOPOSIDE,ES2,-11.78385268,0,0
4304,L778123,ETOPOSIDE,MSTO,-16.57878303,0,0
4308,L778123,ETOPOSIDE,ZR751,20.00842935,1,1
4309,L778123,GELDANAMYCIN,A2058,25.81079702,1,1
4311,L778123,GELDANAMYCIN,A375,28.83358612,1,1
4312,L778123,GELDANAMYCIN,A427,30.83757204,1,1
4313,L778123,GELDANAMYCIN,CAOV3,22.80614552,1,1
4315,L778123,GELDANAMYCIN,HCT116,23.55891939,1,1
4317,L778123,GELDANAMYCIN,LNCAP,32.36907528,1,1
4322,L778123,GELDANAMYCIN,NCIH460,31.10478431,1,1
4324,L778123,GELDANAMYCIN,RKO,30.50704571,1,1
4326,L778123,GELDANAMYCIN,SKMES1,21.75639953,1,1
4328,L778123,GELDANAMYCIN,SW620,21.08716116,1,1
4331,L778123,GELDANAMYCIN,UACC62,35.07442761,1,1
4336,L778123,GEMCITABINE,A375,-10.28018314,0,0
4348,L778123,GEMCITABINE,SKMES1,-14.53448084,0,0
4354,L778123,LAPATINIB,A375,21.21443302,1,1
4355,L778123,LAPATINIB,CAOV3,39.61931685,1,1
4359,L778123,LAPATINIB,LNCAP,21.52316784,1,1
4360,L778123,LAPATINIB,LOVO,25.76757675,1,1
4373,L778123,LAPATINIB,VCAP,20.80027509,1,1
4374,L778123,LAPATINIB,ZR751,23.56161835,1,1
4375,L778123,MK-2206,A2058,27.85896904,1,1
4376,L778123,MK-2206,A2780,35.52529402,1,1
4377,L778123,MK-2206,A375,32.16353676,1,1
4378,L778123,MK-2206,A427,33.54284733,1,1
4379,L778123,MK-2206,CAOV3,60.49488599,1,1
4383,L778123,MK-2206,HT29,38.46365786,1,1
4384,L778123,MK-2206,KPL1,45.62393463,1,1
4385,L778123,MK-2206,LNCAP,20.23233462,1,1
4386,L778123,MK-2206,LOVO,23.91476532,1,1
4388,L778123,MK-2206,NCIH1650,27.03868778,1,1
4389,L778123,MK-2206,NCIH2122,26.11496453,1,1
4391,L778123,MK-2206,NCIH460,24.11003111,1,1
4392,L778123,MK-2206,NCIH520,26.6392148,1,1
4393,L778123,MK-2206,OV90,23.45895699,1,1
4394,L778123,MK-2206,RKO,24.91008412,1,1
4396,L778123,MK-2206,SKMEL30,24.57444041,1,1
4397,L778123,MK-2206,SKMES1,25.49740374,1,1
4398,L778123,MK-2206,SKOV3,28.72216383,1,1
4402,L778123,MK-2206,UACC62,21.63954272,1,1
4404,L778123,MK-2206,ZR751,24.37361736,1,1
4405,L778123,MK-4827,A2058,32.17033318,1,1
4408,L778123,MK-4827,HT144,-53.48177148,0,0
4411,L778123,MK-4827,LNCAP,-73.61146513,0,0
4413,L778123,MK-4827,MSTO,-12.67266585,0,0
4419,L778123,MK-4827,SW837,-43.41334659,0,0
4423,L778123,MK-5108,A2058,25.4027631,1,1
4425,L778123,MK-5108,A375,27.48518919,1,1
4426,L778123,MK-5108,A427,31.11662341,1,1
4429,L778123,MK-5108,HT29,23.46348238,1,1
4431,L778123,MK-5108,LNCAP,-48.41904865,0,0
4436,L778123,MK-5108,SKMEL30,23.14351777,1,1
4438,L778123,MK-5108,SW620,22.66867374,1,1
4442,L778123,MK-5108,ZR751,-10.64945264,0,0
4443,L778123,MK-8669,A2058,58.87584853,1,1
4444,L778123,MK-8669,A2058,58.87584853,1,1
4445,L778123,MK-8669,A2780,38.88260616,1,1
4446,L778123,MK-8669,A375,35.95541534,1,1
4447,L778123,MK-8669,A375,35.95541534,1,1
4448,L778123,MK-8669,A427,47.27449937,1,1
4449,L778123,MK-8669,A427,47.27449937,1,1
4450,L778123,MK-8669,CAOV3,46.52843425,1,1
4451,L778123,MK-8669,CAOV3,46.52843425,1,1
4452,L778123,MK-8669,ES2,29.2503043,1,1
4453,L778123,MK-8669,ES2,29.2503043,1,1
4455,L778123,MK-8669,HT144,40.54201311,1,1
4456,L778123,MK-8669,HT29,42.17496095,1,1
4457,L778123,MK-8669,HT29,42.17496095,1,1
4458,L778123,MK-8669,KPL1,37.74392779,1,1
4459,L778123,MK-8669,LNCAP,54.39460903,1,1
4460,L778123,MK-8669,LOVO,29.33821543,1,1
4461,L778123,MK-8669,LOVO,29.33821543,1,1
4462,L778123,MK-8669,MDAMB436,34.19421959,1,1
4463,L778123,MK-8669,MSTO,44.80655134,1,1
4464,L778123,MK-8669,NCIH1650,38.25945063,1,1
4465,L778123,MK-8669,NCIH1650,38.25945063,1,1
4466,L778123,MK-8669,NCIH2122,47.63149538,1,1
4467,L778123,MK-8669,NCIH2122,47.63149538,1,1
4468,L778123,MK-8669,NCIH23,33.11523517,1,1
4469,L778123,MK-8669,NCIH23,33.11523517,1,1
4470,L778123,MK-8669,NCIH460,29.84292815,1,1
4471,L778123,MK-8669,NCIH520,43.73504997,1,1
4472,L778123,MK-8669,OV90,35.90390591,1,1
4473,L778123,MK-8669,RKO,45.6577058,1,1
4474,L778123,MK-8669,RPMI7951,31.63901828,1,1
4475,L778123,MK-8669,SKMEL30,41.24719032,1,1
4476,L778123,MK-8669,SKMES1,30.66591236,1,1
4477,L778123,MK-8669,SKOV3,48.44299796,1,1
4478,L778123,MK-8669,SW620,28.72951511,1,1
4479,L778123,MK-8669,SW620,28.72951511,1,1
4480,L778123,MK-8669,SW837,30.8585163,1,1
4481,L778123,MK-8669,T47D,40.04916007,1,1
4482,L778123,MK-8669,UACC62,39.92569565,1,1
4483,L778123,MK-8669,VCAP,51.97185783,1,1
4484,L778123,MK-8669,ZR751,31.46964042,1,1
4485,L778123,MK-8776,A2058,34.40433372,1,1
4486,L778123,MK-8776,A2780,20.98064666,1,1
4487,L778123,MK-8776,A375,23.17707892,1,1
4489,L778123,MK-8776,CAOV3,21.69121505,1,1
4491,L778123,MK-8776,HT144,-69.55298015,0,0
4494,L778123,MK-8776,LNCAP,-69.91688569,0,0
4499,L778123,MK-8776,RKO,22.01897036,1,1
4501,L778123,MK-8776,SW837,-87.12752054,0,0
4504,L778123,PD325901,A2780,32.49092847,1,1
4506,L778123,PD325901,A427,23.7544086,1,1
4507,L778123,PD325901,CAOV3,51.29024931,1,1
4508,L778123,PD325901,ES2,25.06591414,1,1
4509,L778123,PD325901,HCT116,27.13820301,1,1
4510,L778123,PD325901,HT144,29.57662754,1,1
4511,L778123,PD325901,HT29,25.21388447,1,1
4517,L778123,PD325901,NCIH2122,34.99398612,1,1
4521,L778123,PD325901,RKO,28.60090852,1,1
4523,L778123,PD325901,SKMEL30,25.39440458,1,1
4525,L778123,PD325901,SKOV3,20.42089941,1,1
4527,L778123,PD325901,T47D,-14.86371545,0,0
4530,L778123,SN-38,A2058,40.81060203,1,1
4532,L778123,SN-38,A427,24.02207234,1,1
4547,L778123,SORAFENIB,A2058,23.18745777,1,1
4554,L778123,SORAFENIB,MDAMB436,-10.2236752,0,0
4555,L778123,SORAFENIB,MSTO,-25.16985204,0,0
4564,L778123,SUNITINIB,A2058,21.02058874,1,1
4571,L778123,SUNITINIB,HT29,21.6185879,1,1
4580,L778123,TEMOZOLOMIDE,A2058,38.53907249,1,1
4582,L778123,TEMOZOLOMIDE,A427,24.79784247,1,1
4586,L778123,TEMOZOLOMIDE,KPL1,-26.01477346,0,0
4587,L778123,TEMOZOLOMIDE,NCIH1650,-13.71528592,0,0
4588,L778123,TEMOZOLOMIDE,OV90,21.21645312,1,1
4592,L778123,TEMOZOLOMIDE,T47D,-31.683189,0,0
4594,L778123,TEMOZOLOMIDE,ZR751,-29.40778253,0,0
4595,L778123,TOPOTECAN,A2058,45.10320001,1,1
4596,L778123,TOPOTECAN,A375,-36.31706666,0,0
4597,L778123,TOPOTECAN,A427,23.66434287,1,1
4599,L778123,TOPOTECAN,HCT116,22.75343346,1,1
4600,L778123,TOPOTECAN,HT29,24.95918685,1,1
4601,L778123,TOPOTECAN,LNCAP,28.51713837,1,1
4609,L778123,TOPOTECAN,RKO,30.19132446,1,1
4611,L778123,TOPOTECAN,SKMES1,26.19818471,1,1
4613,L778123,TOPOTECAN,SW620,24.68523819,1,1
4617,L778123,VINORELBINE,A2058,24.03464194,1,1
4627,L778123,VINORELBINE,NCIH2122,-27.18852434,0,0
4628,L778123,VINORELBINE,NCIH23,-101.7144172,0,0
4629,L778123,VINORELBINE,NCIH520,-10.91514974,0,0
4630,L778123,VINORELBINE,OV90,40.21417194,1,1
4637,L778123,ZOLINZA,A427,-32.70836734,0,0
4641,L778123,ZOLINZA,HT29,21.53709351,1,1
4642,L778123,ZOLINZA,LNCAP,22.44109188,1,1
4646,L778123,ZOLINZA,NCIH2122,21.34192409,1,1
4652,L778123,ZOLINZA,SKOV3,24.9558111,1,1
4657,LAPATINIB,ABT-888,A427,-26.00323788,0,0
4664,LAPATINIB,ABT-888,MSTO,47.31666702,1,1
4667,LAPATINIB,ABT-888,NCIH460,-10.78556992,0,0
4669,LAPATINIB,ABT-888,OV90,-13.16172721,0,0
4671,LAPATINIB,ABT-888,RPMI7951,-10.37644078,0,0
4676,LAPATINIB,ABT-888,VCAP,-10.66114851,0,0
4677,LAPATINIB,BEZ-235,A2058,34.88357327,1,1
4678,LAPATINIB,BEZ-235,A2780,33.65391894,1,1
4679,LAPATINIB,BEZ-235,A375,27.90670544,1,1
4681,LAPATINIB,BEZ-235,CAOV3,38.04606235,1,1
4685,LAPATINIB,BEZ-235,HT29,36.40278387,1,1
4686,LAPATINIB,BEZ-235,KPL1,23.26427119,1,1
4687,LAPATINIB,BEZ-235,LNCAP,89.98839495,1,1
4688,LAPATINIB,BEZ-235,LOVO,48.30622234,1,1
4690,LAPATINIB,BEZ-235,MSTO,-17.07556739,0,0
4691,LAPATINIB,BEZ-235,NCIH1650,31.92801923,1,1
4692,LAPATINIB,BEZ-235,NCIH2122,52.15446199,1,1
4694,LAPATINIB,BEZ-235,NCIH460,22.44733457,1,1
4695,LAPATINIB,BEZ-235,NCIH520,27.80756095,1,1
4696,LAPATINIB,BEZ-235,OV90,22.29950647,1,1
4697,LAPATINIB,BEZ-235,RKO,21.89766168,1,1
4698,LAPATINIB,BEZ-235,RPMI7951,20.48600654,1,1
4699,LAPATINIB,BEZ-235,SKMEL30,26.98629293,1,1
4700,LAPATINIB,BEZ-235,SKMES1,31.74558029,1,1
4701,LAPATINIB,BEZ-235,SKOV3,34.70684933,1,1
4703,LAPATINIB,BEZ-235,SW837,63.10413345,1,1
4704,LAPATINIB,BEZ-235,T47D,158.1723247,1,1
4705,LAPATINIB,BEZ-235,UACC62,34.99340476,1,1
4706,LAPATINIB,BEZ-235,VCAP,24.52076125,1,1
4707,LAPATINIB,BEZ-235,ZR751,41.23943802,1,1
4709,LAPATINIB,BORTEZOMIB,A2780,-12.13421033,0,0
4710,LAPATINIB,BORTEZOMIB,A375,39.59126666,1,1
4711,LAPATINIB,BORTEZOMIB,A427,-22.9263193,0,0
4712,LAPATINIB,BORTEZOMIB,CAOV3,-12.43898045,0,0
4713,LAPATINIB,BORTEZOMIB,ES2,21.17143461,1,1
4716,LAPATINIB,BORTEZOMIB,HT29,-12.78628716,0,0
4720,LAPATINIB,BORTEZOMIB,MSTO,87.45849293,1,1
4722,LAPATINIB,BORTEZOMIB,NCIH460,25.68289027,1,1
4723,LAPATINIB,BORTEZOMIB,NCIH520,-29.87570849,0,0
4725,LAPATINIB,BORTEZOMIB,RKO,20.10118152,1,1
4727,LAPATINIB,BORTEZOMIB,SKMES1,-10.95308482,0,0
4728,LAPATINIB,BORTEZOMIB,SKOV3,21.39649925,1,1
4731,LAPATINIB,BORTEZOMIB,T47D,-31.40365846,0,0
4735,LAPATINIB,DASATINIB,A2058,53.53442452,1,1
4736,LAPATINIB,DASATINIB,A2780,71.40143393,1,1
4737,LAPATINIB,DASATINIB,A375,-13.9892057,0,0
4738,LAPATINIB,DASATINIB,A427,23.0666146,1,1
4739,LAPATINIB,DASATINIB,CAOV3,32.00802324,1,1
4741,LAPATINIB,DASATINIB,HCT116,-31.34199924,0,0
4742,LAPATINIB,DASATINIB,HT144,-39.72188641,0,0
4743,LAPATINIB,DASATINIB,HT29,28.12888562,1,1
4745,LAPATINIB,DASATINIB,LOVO,56.42162425,1,1
4747,LAPATINIB,DASATINIB,MSTO,61.34302396,1,1
4748,LAPATINIB,DASATINIB,NCIH1650,65.81115397,1,1
4749,LAPATINIB,DASATINIB,NCIH2122,-29.73167278,0,0
4750,LAPATINIB,DASATINIB,NCIH460,-15.60596566,0,0
4751,LAPATINIB,DASATINIB,NCIH520,33.93364817,1,1
4752,LAPATINIB,DASATINIB,RPMI7951,22.39081299,1,1
4753,LAPATINIB,DASATINIB,SKMES1,63.11185705,1,1
4754,LAPATINIB,DASATINIB,SKOV3,58.86214748,1,1
4756,LAPATINIB,DASATINIB,SW837,83.53453831,1,1
4757,LAPATINIB,DASATINIB,T47D,31.24126538,1,1
4759,LAPATINIB,DASATINIB,ZR751,-34.48491869,0,0
4761,LAPATINIB,DINACICLIB,A375,25.18353308,1,1
4762,LAPATINIB,DINACICLIB,A427,-10.58600537,0,0
4764,LAPATINIB,DINACICLIB,ES2,23.41159458,1,1
4768,LAPATINIB,DINACICLIB,LNCAP,41.44071297,1,1
4769,LAPATINIB,DINACICLIB,LOVO,24.1077486,1,1
4771,LAPATINIB,DINACICLIB,MSTO,21.21902965,1,1
4774,LAPATINIB,DINACICLIB,NCIH23,23.25698178,1,1
4775,LAPATINIB,DINACICLIB,NCIH460,27.20157296,1,1
4777,LAPATINIB,DINACICLIB,RPMI7951,24.76129789,1,1
4786,LAPATINIB,ERLOTINIB,A427,-19.72497872,0,0
4787,LAPATINIB,ERLOTINIB,ES2,-13.64427468,0,0
4789,LAPATINIB,ERLOTINIB,HT144,-15.05091041,0,0
4791,LAPATINIB,ERLOTINIB,KPL1,-24.76739823,0,0
4794,LAPATINIB,ERLOTINIB,MDAMB436,-16.1682116,0,0
4795,LAPATINIB,ERLOTINIB,MSTO,-189.4846798,0,0
4798,LAPATINIB,ERLOTINIB,NCIH23,-11.44323053,0,0
4801,LAPATINIB,ERLOTINIB,OV90,-12.99893615,0,0
4802,LAPATINIB,ERLOTINIB,RKO,-12.15049207,0,0
4806,LAPATINIB,ERLOTINIB,SW620,-16.44658521,0,0
4807,LAPATINIB,ERLOTINIB,T47D,-14.77734431,0,0
4811,LAPATINIB,GELDANAMYCIN,A375,27.08658231,1,1
4813,LAPATINIB,GELDANAMYCIN,CAOV3,35.02468846,1,1
4815,LAPATINIB,GELDANAMYCIN,HCT116,21.1635913,1,1
4816,LAPATINIB,GELDANAMYCIN,HT144,20.26459264,1,1
4818,LAPATINIB,GELDANAMYCIN,LNCAP,56.31335213,1,1
4820,LAPATINIB,GELDANAMYCIN,MDAMB436,22.68989272,1,1
4824,LAPATINIB,GELDANAMYCIN,NCIH460,26.78545932,1,1
4827,LAPATINIB,GELDANAMYCIN,RPMI7951,-12.92158619,0,0
4828,LAPATINIB,GELDANAMYCIN,SKMES1,29.11162784,1,1
4831,LAPATINIB,GELDANAMYCIN,SW837,21.71429178,1,1
4832,LAPATINIB,GELDANAMYCIN,T47D,-31.4758658,0,0
4834,LAPATINIB,GELDANAMYCIN,VCAP,21.86875611,1,1
4836,LAPATINIB,MK-2206,A2058,33.93536209,1,1
4837,LAPATINIB,MK-2206,A2058,33.93536209,1,1
4838,LAPATINIB,MK-2206,A2780,24.29032355,1,1
4841,LAPATINIB,MK-2206,A427,-25.85622145,0,0
4842,LAPATINIB,MK-2206,A427,-25.85622145,1,0
4843,LAPATINIB,MK-2206,CAOV3,57.4773598,1,1
4844,LAPATINIB,MK-2206,CAOV3,57.4773598,1,1
4847,LAPATINIB,MK-2206,HCT116,25.58680005,1,1
4848,LAPATINIB,MK-2206,HCT116,25.58680005,1,1
4849,LAPATINIB,MK-2206,HT144,25.96216039,1,1
4850,LAPATINIB,MK-2206,HT29,41.10955934,1,1
4851,LAPATINIB,MK-2206,HT29,41.10955934,1,1
4852,LAPATINIB,MK-2206,KPL1,42.54077637,1,1
4853,LAPATINIB,MK-2206,LNCAP,-11.99120342,0,0
4854,LAPATINIB,MK-2206,LOVO,40.18501099,1,1
4855,LAPATINIB,MK-2206,LOVO,40.18501099,1,1
4856,LAPATINIB,MK-2206,MSTO,71.62214021,1,1
4857,LAPATINIB,MK-2206,NCIH1650,44.03919342,1,1
4858,LAPATINIB,MK-2206,NCIH1650,44.03919342,1,1
4859,LAPATINIB,MK-2206,NCIH2122,61.65647145,1,1
4860,LAPATINIB,MK-2206,NCIH2122,61.65647145,1,1
4866,LAPATINIB,MK-2206,SKMEL30,26.69493458,1,1
4867,LAPATINIB,MK-2206,SKMES1,43.18513853,1,1
4868,LAPATINIB,MK-2206,SKOV3,51.8625158,1,1
4870,LAPATINIB,MK-2206,SW837,68.73102155,1,1
4874,LAPATINIB,MK-2206,ZR751,48.86655801,1,1
4878,LAPATINIB,MK-4827,A427,-10.0233806,0,0
4881,LAPATINIB,MK-4827,HCT116,21.52502558,1,1
4883,LAPATINIB,MK-4827,HT29,22.53550016,1,1
4885,LAPATINIB,MK-4827,LNCAP,-47.05010829,0,0
4886,LAPATINIB,MK-4827,LOVO,31.11158097,1,1
4888,LAPATINIB,MK-4827,MSTO,20.78015013,1,1
4894,LAPATINIB,MK-4827,SKMEL30,22.90802463,1,1
4897,LAPATINIB,MK-4827,SW837,34.01555838,1,1
4899,LAPATINIB,MK-4827,VCAP,25.01638538,1,1
4902,LAPATINIB,MK-5108,A375,21.56699435,1,1
4903,LAPATINIB,MK-5108,A427,-16.34034937,0,0
4904,LAPATINIB,MK-5108,CAOV3,21.47719376,1,1
4909,LAPATINIB,MK-5108,LNCAP,-33.05688896,0,0
4910,LAPATINIB,MK-5108,LOVO,28.43135492,1,1
4911,LAPATINIB,MK-5108,MSTO,36.97077261,1,1
4912,LAPATINIB,MK-5108,NCIH2122,-11.36972154,0,0
4914,LAPATINIB,MK-5108,NCIH520,-16.94299188,0,0
4919,LAPATINIB,MK-5108,UACC62,20.36298817,1,1
4921,LAPATINIB,MK-8669,A2058,32.53706921,1,1
4922,LAPATINIB,MK-8669,A2780,26.21286426,1,1
4923,LAPATINIB,MK-8669,A375,28.58647659,1,1
4924,LAPATINIB,MK-8669,A427,-11.1096158,0,0
4925,LAPATINIB,MK-8669,CAOV3,52.18861283,1,1
4926,LAPATINIB,MK-8669,ES2,21.94005754,1,1
4929,LAPATINIB,MK-8669,HT29,21.74208056,1,1
4930,LAPATINIB,MK-8669,KPL1,39.98429783,1,1
4931,LAPATINIB,MK-8669,LOVO,58.28508027,1,1
4933,LAPATINIB,MK-8669,MSTO,92.85066305,1,1
4934,LAPATINIB,MK-8669,NCIH1650,26.93772197,1,1
4935,LAPATINIB,MK-8669,NCIH2122,32.83083921,1,1
4940,LAPATINIB,MK-8669,RPMI7951,22.0318023,1,1
4941,LAPATINIB,MK-8669,SKMEL30,45.5204346,1,1
4943,LAPATINIB,MK-8669,SKOV3,58.01792239,1,1
4944,LAPATINIB,MK-8669,SW837,44.54477473,1,1
4946,LAPATINIB,MK-8669,UACC62,20.7864534,1,1
4948,LAPATINIB,MK-8669,ZR751,51.10732549,1,1
4949,LAPATINIB,MK-8776,A2058,22.63455241,1,1
4951,LAPATINIB,MK-8776,A375,21.86062291,1,1
4953,LAPATINIB,MK-8776,CAOV3,70.42307297,1,1
4960,LAPATINIB,MK-8776,LOVO,34.52902977,1,1
4962,LAPATINIB,MK-8776,NCIH2122,-11.5182582,0,0
4963,LAPATINIB,MK-8776,NCIH460,-10.35099436,0,0
4964,LAPATINIB,MK-8776,NCIH520,-18.89181982,0,0
4968,LAPATINIB,MK-8776,T47D,-62.11176396,0,0
4970,LAPATINIB,PD325901,A2058,44.53959785,1,1
4971,LAPATINIB,PD325901,A2780,26.59764991,1,1
4972,LAPATINIB,PD325901,A375,25.87014975,1,1
4974,LAPATINIB,PD325901,CAOV3,24.7476342,1,1
4975,LAPATINIB,PD325901,HT144,24.01547998,1,1
4976,LAPATINIB,PD325901,HT29,29.51398891,1,1
4979,LAPATINIB,PD325901,LOVO,62.69581502,1,1
4982,LAPATINIB,PD325901,NCIH2122,74.0749477,1,1
4987,LAPATINIB,PD325901,RKO,30.03786145,1,1
4989,LAPATINIB,PD325901,SKMES1,33.27908028,1,1
4991,LAPATINIB,PD325901,SW837,59.25733854,1,1
4992,LAPATINIB,PD325901,T47D,58.83005465,1,1
4994,LAPATINIB,PD325901,ZR751,53.38531317,1,1
4995,LAPATINIB,SN-38,A2058,22.20324316,1,1
4996,LAPATINIB,SN-38,A2780,42.90929646,1,1
4997,LAPATINIB,SN-38,A375,26.18976309,1,1
4998,LAPATINIB,SN-38,A427,-12.7966106,0,0
4999,LAPATINIB,SN-38,CAOV3,31.47119412,1,1
5000,LAPATINIB,SN-38,ES2,23.92402027,1,1
5001,LAPATINIB,SN-38,HCT116,32.23325702,1,1
5003,LAPATINIB,SN-38,HT29,21.36731975,1,1
5006,LAPATINIB,SN-38,LOVO,25.47652962,1,1
5007,LAPATINIB,SN-38,MDAMB436,20.01337097,1,1
5008,LAPATINIB,SN-38,MSTO,62.62103329,1,1
5010,LAPATINIB,SN-38,NCIH2122,35.75040793,1,1
5011,LAPATINIB,SN-38,NCIH23,58.04697124,1,1
5012,LAPATINIB,SN-38,NCIH460,72.79578233,1,1
5014,LAPATINIB,SN-38,OV90,-19.57182873,0,0
5015,LAPATINIB,SN-38,RPMI7951,54.41850359,1,1
5016,LAPATINIB,SN-38,SKMES1,25.45579585,1,1
5017,LAPATINIB,SN-38,SKOV3,26.40867812,1,1
5019,LAPATINIB,SN-38,SW837,45.44353946,1,1
5021,LAPATINIB,SN-38,VCAP,34.14797271,1,1
5022,LAPATINIB,SN-38,ZR751,36.74866746,1,1
5032,LAPATINIB,SORAFENIB,MSTO,-23.17492645,0,0
5040,LAPATINIB,SORAFENIB,SKOV3,26.96687272,1,1
5043,LAPATINIB,SORAFENIB,UACC62,20.09940721,1,1
5045,LAPATINIB,SORAFENIB,ZR751,-10.00809262,0,0
5046,LAPATINIB,TOPOTECAN,A2058,22.04350758,1,1
5051,LAPATINIB,TOPOTECAN,HT29,-12.56524254,0,0
5053,LAPATINIB,TOPOTECAN,LOVO,26.61682989,1,1
5056,LAPATINIB,TOPOTECAN,NCIH2122,20.96251393,1,1
5057,LAPATINIB,TOPOTECAN,NCIH23,23.14219149,1,1
5059,LAPATINIB,TOPOTECAN,OV90,-12.15200977,0,0
5062,LAPATINIB,TOPOTECAN,SKOV3,-10.91761431,0,0
5067,LAPATINIB,TOPOTECAN,ZR751,42.33789748,1,1
5070,METFORMIN,ABT-888,A427,-11.71911643,0,0
5071,METFORMIN,ABT-888,ES2,-11.1880301,0,0
5075,METFORMIN,ABT-888,KPL1,-11.52682193,0,0
5084,METFORMIN,ABT-888,RPMI7951,-10.68107062,0,0
5088,METFORMIN,ABT-888,SW837,-24.12093675,0,0
5089,METFORMIN,ABT-888,T47D,-24.07164482,0,0
5091,METFORMIN,ABT-888,VCAP,-11.9249777,0,0
5092,METFORMIN,ABT-888,ZR751,-16.56767209,0,0
5101,METFORMIN,AZD1775,ZR751,-17.07499512,0,0
5102,METFORMIN,BEZ-235,A2058,28.16888608,1,1
5106,METFORMIN,BEZ-235,CAOV3,36.42485052,1,1
5111,METFORMIN,BEZ-235,LNCAP,72.74054899,1,1
5121,METFORMIN,BEZ-235,SKMEL30,24.19831948,1,1
5122,METFORMIN,BEZ-235,SKMES1,21.60846077,1,1
5125,METFORMIN,BEZ-235,T47D,111.9594401,1,1
5129,METFORMIN,BORTEZOMIB,A2058,-20.46692309,0,0
5130,METFORMIN,BORTEZOMIB,A2780,-16.41071723,0,0
5131,METFORMIN,BORTEZOMIB,A427,-16.53144705,0,0
5135,METFORMIN,BORTEZOMIB,HT29,-18.44897928,0,0
5136,METFORMIN,BORTEZOMIB,KPL1,-31.53664838,0,0
5140,METFORMIN,BORTEZOMIB,MSTO,51.00137402,1,1
5141,METFORMIN,BORTEZOMIB,NCIH1650,-31.13257721,0,0
5144,METFORMIN,BORTEZOMIB,NCIH520,-17.21462959,0,0
5146,METFORMIN,BORTEZOMIB,RKO,-19.69298483,0,0
5150,METFORMIN,BORTEZOMIB,SKOV3,-14.75381792,0,0
5155,METFORMIN,BORTEZOMIB,VCAP,-18.12776366,0,0
5156,METFORMIN,BORTEZOMIB,ZR751,-21.04432716,0,0
5158,METFORMIN,DASATINIB,A2780,26.01895977,1,1
5160,METFORMIN,DASATINIB,A427,25.88354722,1,1
5163,METFORMIN,DASATINIB,HCT116,-31.91073337,0,0
5164,METFORMIN,DASATINIB,HT144,-38.9127885,0,0
5165,METFORMIN,DASATINIB,LOVO,22.8819116,1,1
5166,METFORMIN,DASATINIB,MDAMB436,20.70363382,1,1
5167,METFORMIN,DASATINIB,MSTO,98.80382093,1,1
5169,METFORMIN,DASATINIB,NCIH2122,-65.77770455,0,0
5171,METFORMIN,DASATINIB,NCIH520,23.63362329,1,1
5173,METFORMIN,DASATINIB,SKMEL30,-24.72586416,0,0
5180,METFORMIN,DASATINIB,ZR751,-11.34910278,0,0
5182,METFORMIN,DINACICLIB,CAOV3,-13.18277329,0,0
5188,METFORMIN,DINACICLIB,LNCAP,22.30898583,1,1
5190,METFORMIN,DINACICLIB,NCIH1650,23.12398754,1,1
5194,METFORMIN,DINACICLIB,OV90,-14.51763757,0,0
5197,METFORMIN,DINACICLIB,UACC62,-12.57454143,0,0
5198,METFORMIN,DINACICLIB,ZR751,-16.45559122,0,0
5200,METFORMIN,ERLOTINIB,CAOV3,-11.10387958,0,0
5205,METFORMIN,ERLOTINIB,MSTO,43.26890492,1,1
5206,METFORMIN,ERLOTINIB,NCIH1650,-12.14055499,0,0
5207,METFORMIN,ERLOTINIB,NCIH23,-10.73994038,0,0
5211,METFORMIN,ERLOTINIB,RKO,-12.16139013,0,0
5215,METFORMIN,ERLOTINIB,T47D,22.87497244,1,1
5218,METFORMIN,GELDANAMYCIN,A2780,-11.48486153,0,0
5220,METFORMIN,GELDANAMYCIN,CAOV3,-13.89930511,0,0
5221,METFORMIN,GELDANAMYCIN,ES2,-14.91922498,0,0
5223,METFORMIN,GELDANAMYCIN,HT144,-13.93989251,0,0
5224,METFORMIN,GELDANAMYCIN,HT29,-10.55194736,0,0
5225,METFORMIN,GELDANAMYCIN,KPL1,-12.12358589,0,0
5226,METFORMIN,GELDANAMYCIN,LNCAP,27.29410708,1,1
5227,METFORMIN,GELDANAMYCIN,LOVO,-14.01295594,0,0
5230,METFORMIN,GELDANAMYCIN,NCIH2122,-11.34394095,0,0
5231,METFORMIN,GELDANAMYCIN,NCIH23,-14.94304843,0,0
5234,METFORMIN,GELDANAMYCIN,OV90,-16.80050416,0,0
5235,METFORMIN,GELDANAMYCIN,RKO,-10.92224151,0,0
5236,METFORMIN,GELDANAMYCIN,RPMI7951,-18.33544803,0,0
5238,METFORMIN,GELDANAMYCIN,SKOV3,-15.06588144,0,0
5239,METFORMIN,GELDANAMYCIN,SW620,-12.73848547,0,0
5240,METFORMIN,GELDANAMYCIN,SW837,-13.00865844,0,0
5242,METFORMIN,GELDANAMYCIN,UACC62,-12.09323954,0,0
5243,METFORMIN,GELDANAMYCIN,VCAP,-15.40444384,0,0
5244,METFORMIN,GELDANAMYCIN,ZR751,-19.42750635,0,0
5248,METFORMIN,L778123,KPL1,-11.38830342,0,0
5256,METFORMIN,L778123,ZR751,-10.09594877,0,0
5260,METFORMIN,LAPATINIB,A427,-13.57408823,0,0
5266,METFORMIN,LAPATINIB,MSTO,29.18260978,1,1
5271,METFORMIN,LAPATINIB,OV90,-13.89722716,0,0
5278,METFORMIN,LAPATINIB,ZR751,20.68556508,1,1
5288,METFORMIN,MK-2206,NCIH460,-12.90863978,0,0
5293,METFORMIN,MK-2206,T47D,51.18416682,1,1
5306,METFORMIN,MK-4827,SW837,-14.77788579,0,0
5307,METFORMIN,MK-4827,T47D,22.79469315,1,1
5308,METFORMIN,MK-4827,UACC62,-11.73977474,0,0
5312,METFORMIN,MK-5108,CAOV3,-10.53436937,0,0
5321,METFORMIN,MK-5108,T47D,31.27231388,1,1
5323,METFORMIN,MK-5108,ZR751,-11.51327879,0,0
5324,METFORMIN,MK-8669,A2058,26.63151347,1,1
5328,METFORMIN,MK-8669,KPL1,23.45401596,1,1
5335,METFORMIN,MK-8669,SKMEL30,21.24840171,1,1
5339,METFORMIN,MK-8669,T47D,54.12675087,1,1
5348,METFORMIN,MK-8776,KPL1,-11.63073861,0,0
5350,METFORMIN,MK-8776,MSTO,-38.45653539,0,0
5352,METFORMIN,MK-8776,NCIH460,-11.64385468,0,0
5357,METFORMIN,MK-8776,SW837,-10.64272595,0,0
5360,METFORMIN,MK-8776,ZR751,-37.64633317,0,0
5361,METFORMIN,PD325901,A2058,26.4094776,1,1
5368,METFORMIN,PD325901,KPL1,-16.73572752,0,0
5369,METFORMIN,PD325901,LNCAP,23.95325218,1,1
5370,METFORMIN,PD325901,LOVO,-15.73853283,0,0
5375,METFORMIN,PD325901,NCIH23,-12.91235215,0,0
5379,METFORMIN,PD325901,RKO,-11.4270221,0,0
5384,METFORMIN,PD325901,SW837,-16.38505489,0,0
5386,METFORMIN,PD325901,VCAP,-11.27055053,0,0
5387,METFORMIN,PD325901,ZR751,-17.79385017,0,0
5401,METFORMIN,SORAFENIB,ZR751,-18.50403421,0,0
5414,METFORMIN,TEMOZOLOMIDE,CAOV3,-89.92810381,0,0
5417,METFORMIN,TEMOZOLOMIDE,HT144,-10.42096896,0,0
5419,METFORMIN,TEMOZOLOMIDE,KPL1,-20.66547168,0,0
5430,METFORMIN,TEMOZOLOMIDE,SKOV3,-14.10132845,0,0
5432,METFORMIN,TEMOZOLOMIDE,SW837,-15.55652416,0,0
5435,METFORMIN,TEMOZOLOMIDE,VCAP,-11.69491228,0,0
5436,METFORMIN,TEMOZOLOMIDE,ZR751,-71.78942558,0,0
5437,METFORMIN,ZOLINZA,A427,-17.14739769,0,0
5445,METFORMIN,ZOLINZA,T47D,55.63110511,1,1
5447,METFORMIN,ZOLINZA,VCAP,22.24739726,1,1
5448,METFORMIN,ZOLINZA,ZR751,-17.72204566,0,0
5449,METHOTREXATE,ABT-888,A2058,-20.92611544,0,0
5453,METHOTREXATE,ABT-888,HCT116,-21.65183373,0,0
5456,METHOTREXATE,ABT-888,LNCAP,-14.94123794,0,0
5457,METHOTREXATE,ABT-888,LOVO,-15.09554516,0,0
5458,METHOTREXATE,ABT-888,MSTO,-10.42339192,0,0
5461,METHOTREXATE,ABT-888,NCIH460,-12.68037651,0,0
5464,METHOTREXATE,ABT-888,RKO,-19.58169784,0,0
5469,METHOTREXATE,ABT-888,T47D,-31.86794075,0,0
5470,METHOTREXATE,ABT-888,ZR751,-12.04264842,0,0
5471,METHOTREXATE,AZD1775,A2058,-15.7931997,0,0
5473,METHOTREXATE,AZD1775,A427,-10.2741063,0,0
5474,METHOTREXATE,AZD1775,CAOV3,25.15113744,1,1
5476,METHOTREXATE,AZD1775,HCT116,-20.04582991,0,0
5477,METHOTREXATE,AZD1775,HT29,-19.6274971,0,0
5478,METHOTREXATE,AZD1775,KPL1,-13.00411063,0,0
5479,METHOTREXATE,AZD1775,LNCAP,-25.20689136,0,0
5482,METHOTREXATE,AZD1775,MSTO,-14.68436586,0,0
5485,METHOTREXATE,AZD1775,NCIH23,-17.97365095,0,0
5486,METHOTREXATE,AZD1775,NCIH460,-11.04226708,0,0
5487,METHOTREXATE,AZD1775,NCIH520,-18.27517586,0,0
5488,METHOTREXATE,AZD1775,RKO,-16.78835289,0,0
5491,METHOTREXATE,AZD1775,SKMES1,-13.50511874,0,0
5492,METHOTREXATE,AZD1775,SW620,-15.17262545,0,0
5493,METHOTREXATE,AZD1775,SW837,-13.10600229,0,0
5494,METHOTREXATE,AZD1775,T47D,-13.49902402,0,0
5495,METHOTREXATE,AZD1775,VCAP,-27.39232671,0,0
5496,METHOTREXATE,AZD1775,ZR751,-13.97769032,0,0
5497,METHOTREXATE,BEZ-235,A2058,-38.0121297,0,0
5498,METHOTREXATE,BEZ-235,A2780,-16.82481039,0,0
5499,METHOTREXATE,BEZ-235,A375,-25.61862021,0,0
5501,METHOTREXATE,BEZ-235,CAOV3,-17.50490635,0,0
5502,METHOTREXATE,BEZ-235,ES2,-12.19126927,0,0
5503,METHOTREXATE,BEZ-235,HCT116,-41.02096824,0,0
5505,METHOTREXATE,BEZ-235,KPL1,-16.20786001,0,0
5506,METHOTREXATE,BEZ-235,LNCAP,48.29250264,1,1
5507,METHOTREXATE,BEZ-235,MDAMB436,-13.48337625,0,0
5508,METHOTREXATE,BEZ-235,MSTO,-23.31530174,0,0
5510,METHOTREXATE,BEZ-235,NCIH2122,-11.09106924,0,0
5511,METHOTREXATE,BEZ-235,NCIH23,-31.96671719,0,0
5512,METHOTREXATE,BEZ-235,NCIH460,-30.68313271,0,0
5514,METHOTREXATE,BEZ-235,RKO,-28.04532216,0,0
5515,METHOTREXATE,BEZ-235,RPMI7951,-30.63826516,0,0
5517,METHOTREXATE,BEZ-235,SKMES1,-19.01194681,0,0
5518,METHOTREXATE,BEZ-235,SW620,-19.46207595,0,0
5520,METHOTREXATE,BEZ-235,T47D,35.74583505,1,1
5522,METHOTREXATE,BEZ-235,VCAP,-30.57954225,0,0
5524,METHOTREXATE,BORTEZOMIB,A2058,-28.03309248,0,0
5525,METHOTREXATE,BORTEZOMIB,A2780,-16.77236772,0,0
5526,METHOTREXATE,BORTEZOMIB,A375,-16.89549853,0,0
5528,METHOTREXATE,BORTEZOMIB,CAOV3,-20.95464613,0,0
5529,METHOTREXATE,BORTEZOMIB,ES2,-29.02433517,0,0
5530,METHOTREXATE,BORTEZOMIB,HCT116,-22.5307353,0,0
5532,METHOTREXATE,BORTEZOMIB,HT29,-16.27108996,0,0
5533,METHOTREXATE,BORTEZOMIB,KPL1,-16.57915115,0,0
5534,METHOTREXATE,BORTEZOMIB,LNCAP,-31.93526544,0,0
5538,METHOTREXATE,BORTEZOMIB,NCIH1650,-28.29071378,0,0
5539,METHOTREXATE,BORTEZOMIB,NCIH2122,-21.51142905,0,0
5540,METHOTREXATE,BORTEZOMIB,NCIH23,-26.14593871,0,0
5541,METHOTREXATE,BORTEZOMIB,NCIH460,-27.71638468,0,0
5542,METHOTREXATE,BORTEZOMIB,NCIH520,-34.76633177,0,0
5544,METHOTREXATE,BORTEZOMIB,RKO,-29.13647934,0,0
5545,METHOTREXATE,BORTEZOMIB,RPMI7951,-13.87181589,0,0
5546,METHOTREXATE,BORTEZOMIB,SKMEL30,-13.33685328,0,0
5547,METHOTREXATE,BORTEZOMIB,SKMES1,-13.25514519,0,0
5549,METHOTREXATE,BORTEZOMIB,SW620,-11.8587952,0,0
5551,METHOTREXATE,BORTEZOMIB,T47D,-34.99574126,0,0
5552,METHOTREXATE,BORTEZOMIB,UACC62,-18.47629284,0,0
5553,METHOTREXATE,BORTEZOMIB,VCAP,-17.65193314,0,0
5554,METHOTREXATE,BORTEZOMIB,ZR751,-39.87206359,0,0
5556,METHOTREXATE,DASATINIB,A375,-11.07887222,0,0
5559,METHOTREXATE,DASATINIB,HCT116,-35.35244429,0,0
5560,METHOTREXATE,DASATINIB,HT144,-34.24175021,0,0
5561,METHOTREXATE,DASATINIB,HT29,-14.45011672,0,0
5565,METHOTREXATE,DASATINIB,MSTO,-14.52161227,0,0
5567,METHOTREXATE,DASATINIB,NCIH23,-16.42572955,0,0
5568,METHOTREXATE,DASATINIB,NCIH460,-21.19265745,0,0
5571,METHOTREXATE,DASATINIB,RKO,-25.01685668,0,0
5572,METHOTREXATE,DASATINIB,RPMI7951,-24.52559262,0,0
5573,METHOTREXATE,DASATINIB,SKMEL30,-31.23841483,0,0
5574,METHOTREXATE,DASATINIB,SKMES1,-16.56254524,0,0
5578,METHOTREXATE,DASATINIB,ZR751,-29.40917134,0,0
5579,METHOTREXATE,DINACICLIB,A2058,-13.74681739,0,0
5580,METHOTREXATE,DINACICLIB,A2780,-10.30343952,0,0
5584,METHOTREXATE,DINACICLIB,HCT116,-33.4204808,0,0
5587,METHOTREXATE,DINACICLIB,KPL1,-13.88442443,0,0
5590,METHOTREXATE,DINACICLIB,MSTO,-21.42852431,0,0
5591,METHOTREXATE,DINACICLIB,NCIH1650,-10.10463043,0,0
5592,METHOTREXATE,DINACICLIB,NCIH23,-13.65265379,0,0
5595,METHOTREXATE,DINACICLIB,RKO,-11.61599307,0,0
5600,METHOTREXATE,DINACICLIB,SW620,-12.67622232,0,0
5602,METHOTREXATE,DINACICLIB,T47D,-25.36621389,0,0
5604,METHOTREXATE,DINACICLIB,VCAP,-18.71590479,0,0
5608,METHOTREXATE,ERLOTINIB,A375,22.87172523,1,1
5610,METHOTREXATE,ERLOTINIB,CAOV3,-23.4980577,0,0
5611,METHOTREXATE,ERLOTINIB,ES2,22.05903304,1,1
5612,METHOTREXATE,ERLOTINIB,HCT116,-17.90981756,0,0
5619,METHOTREXATE,ERLOTINIB,NCIH460,-16.12337613,0,0
5626,METHOTREXATE,ERLOTINIB,T47D,-16.00668607,0,0
5629,METHOTREXATE,GELDANAMYCIN,A2058,-44.18515593,0,0
5630,METHOTREXATE,GELDANAMYCIN,A2780,-21.07951982,0,0
5632,METHOTREXATE,GELDANAMYCIN,A427,-11.16572821,0,0
5633,METHOTREXATE,GELDANAMYCIN,CAOV3,-16.71346999,0,0
5635,METHOTREXATE,GELDANAMYCIN,HCT116,-49.42810413,0,0
5638,METHOTREXATE,GELDANAMYCIN,KPL1,-29.90598895,0,0
5640,METHOTREXATE,GELDANAMYCIN,MDAMB436,-11.29759903,0,0
5641,METHOTREXATE,GELDANAMYCIN,MSTO,-37.36078315,0,0
5642,METHOTREXATE,GELDANAMYCIN,NCIH1650,-14.6184651,0,0
5643,METHOTREXATE,GELDANAMYCIN,NCIH2122,-17.64561035,0,0
5644,METHOTREXATE,GELDANAMYCIN,NCIH23,-33.84375306,0,0
5645,METHOTREXATE,GELDANAMYCIN,NCIH460,-39.70587496,0,0
5646,METHOTREXATE,GELDANAMYCIN,NCIH520,-16.32603476,0,0
5648,METHOTREXATE,GELDANAMYCIN,RKO,-29.27795159,0,0
5649,METHOTREXATE,GELDANAMYCIN,RPMI7951,-18.53390009,0,0
5650,METHOTREXATE,GELDANAMYCIN,SKMES1,-19.62939942,0,0
5652,METHOTREXATE,GELDANAMYCIN,SW620,-26.09948733,0,0
5654,METHOTREXATE,GELDANAMYCIN,T47D,-23.87788965,0,0
5655,METHOTREXATE,GELDANAMYCIN,UACC62,-21.02512717,0,0
5656,METHOTREXATE,GELDANAMYCIN,VCAP,-13.78559857,0,0
5657,METHOTREXATE,GELDANAMYCIN,ZR751,-26.00808283,0,0
5658,METHOTREXATE,L778123,A2058,-13.84771181,0,0
5663,METHOTREXATE,L778123,ES2,-10.09575907,0,0
5664,METHOTREXATE,L778123,HCT116,-16.09695281,0,0
5667,METHOTREXATE,L778123,KPL1,-17.57233522,0,0
5668,METHOTREXATE,L778123,LNCAP,-14.71654382,0,0
5671,METHOTREXATE,L778123,MSTO,-15.04663061,0,0
5673,METHOTREXATE,L778123,NCIH2122,-13.5456963,0,0
5674,METHOTREXATE,L778123,NCIH23,-10.00780232,0,0
5675,METHOTREXATE,L778123,NCIH460,-18.12480133,0,0
5677,METHOTREXATE,L778123,RKO,-14.04724001,0,0
5678,METHOTREXATE,L778123,RPMI7951,-10.55791119,0,0
5682,METHOTREXATE,L778123,T47D,-24.69357717,0,0
5684,METHOTREXATE,L778123,VCAP,-20.71818056,0,0
5685,METHOTREXATE,L778123,ZR751,-14.89736403,0,0
5686,METHOTREXATE,LAPATINIB,A2058,-15.23182839,0,0
5689,METHOTREXATE,LAPATINIB,CAOV3,-18.76535928,0,0
5690,METHOTREXATE,LAPATINIB,ES2,26.63035917,1,1
5691,METHOTREXATE,LAPATINIB,HCT116,-21.09596403,0,0
5694,METHOTREXATE,LAPATINIB,KPL1,-17.16519062,0,0
5697,METHOTREXATE,LAPATINIB,NCIH1650,-11.14740855,0,0
5699,METHOTREXATE,LAPATINIB,NCIH23,-10.46864132,0,0
5700,METHOTREXATE,LAPATINIB,NCIH460,-19.12905415,0,0
5701,METHOTREXATE,LAPATINIB,NCIH520,-16.52787565,0,0
5702,METHOTREXATE,LAPATINIB,RKO,-15.48116337,0,0
5706,METHOTREXATE,LAPATINIB,ZR751,-21.39017514,0,0
5707,METHOTREXATE,MK-2206,A2058,-11.89008748,0,0
5709,METHOTREXATE,MK-2206,A427,20.79890775,1,1
5711,METHOTREXATE,MK-2206,ES2,21.78281221,1,1
5712,METHOTREXATE,MK-2206,HCT116,-19.1665728,0,0
5717,METHOTREXATE,MK-2206,MSTO,-15.34211611,0,0
5720,METHOTREXATE,MK-2206,NCIH460,-21.21014036,0,0
5721,METHOTREXATE,MK-2206,NCIH520,-12.85406525,0,0
5723,METHOTREXATE,MK-2206,RKO,-17.77559673,0,0
5724,METHOTREXATE,MK-2206,RPMI7951,-14.10145956,0,0
5725,METHOTREXATE,MK-2206,SKMEL30,25.23459693,1,1
5726,METHOTREXATE,MK-2206,T47D,-15.26166404,0,0
5728,METHOTREXATE,MK-2206,VCAP,-24.84040985,0,0
5729,METHOTREXATE,MK-2206,ZR751,-15.84614561,0,0
5730,METHOTREXATE,MK-4827,A2058,-25.77083095,0,0
5732,METHOTREXATE,MK-4827,A375,-10.40122128,0,0
5734,METHOTREXATE,MK-4827,CAOV3,-12.55773895,0,0
5736,METHOTREXATE,MK-4827,HCT116,-26.4602113,0,0
5739,METHOTREXATE,MK-4827,KPL1,-17.23660938,0,0
5740,METHOTREXATE,MK-4827,LNCAP,-30.02924628,0,0
5743,METHOTREXATE,MK-4827,MSTO,-23.78992633,0,0
5745,METHOTREXATE,MK-4827,NCIH23,-13.42669078,0,0
5746,METHOTREXATE,MK-4827,NCIH460,-15.38289385,0,0
5747,METHOTREXATE,MK-4827,NCIH520,-21.2006967,0,0
5749,METHOTREXATE,MK-4827,RKO,-22.26111925,0,0
5750,METHOTREXATE,MK-4827,SKMEL30,-16.18764437,0,0
5752,METHOTREXATE,MK-4827,SW620,-11.41188943,0,0
5757,METHOTREXATE,MK-4827,ZR751,-12.76752259,0,0
5758,METHOTREXATE,MK-5108,A2058,-22.64513057,0,0
5763,METHOTREXATE,MK-5108,HCT116,-16.7084026,0,0
5766,METHOTREXATE,MK-5108,KPL1,-16.33137976,0,0
5767,METHOTREXATE,MK-5108,LNCAP,-29.36170229,0,0
5768,METHOTREXATE,MK-5108,LOVO,-15.79526144,0,0
5769,METHOTREXATE,MK-5108,MSTO,-12.79248306,0,0
5772,METHOTREXATE,MK-5108,NCIH23,-10.98470425,0,0
5773,METHOTREXATE,MK-5108,NCIH460,-39.39955611,0,0
5774,METHOTREXATE,MK-5108,NCIH520,-14.34791926,0,0
5775,METHOTREXATE,MK-5108,RKO,-19.90048731,0,0
5776,METHOTREXATE,MK-5108,RPMI7951,-11.67215194,0,0
5781,METHOTREXATE,MK-5108,VCAP,-22.0539202,0,0
5782,METHOTREXATE,MK-5108,ZR751,-18.65314763,0,0
5783,METHOTREXATE,MK-8669,A2058,-21.66906573,0,0
5784,METHOTREXATE,MK-8669,A2780,-11.29365616,0,0
5785,METHOTREXATE,MK-8669,A375,-15.56543955,0,0
5786,METHOTREXATE,MK-8669,A427,21.96323406,1,1
5789,METHOTREXATE,MK-8669,HCT116,-25.58100925,0,0
5792,METHOTREXATE,MK-8669,LNCAP,-13.56511235,0,0
5794,METHOTREXATE,MK-8669,MDAMB436,-10.76644461,0,0
5795,METHOTREXATE,MK-8669,MSTO,-23.51374829,0,0
5798,METHOTREXATE,MK-8669,NCIH23,-15.00717349,0,0
5799,METHOTREXATE,MK-8669,NCIH460,-11.0543023,0,0
5802,METHOTREXATE,MK-8669,RKO,-25.07276741,0,0
5803,METHOTREXATE,MK-8669,RPMI7951,-33.25390716,0,0
5804,METHOTREXATE,MK-8669,SKMEL30,23.16908422,1,1
5807,METHOTREXATE,MK-8669,T47D,-20.05299688,0,0
5808,METHOTREXATE,MK-8669,VCAP,-12.34087865,0,0
5809,METHOTREXATE,MK-8669,ZR751,-19.54908972,0,0
5810,METHOTREXATE,MK-8776,A2058,-10.82459377,0,0
5812,METHOTREXATE,MK-8776,A375,21.71829859,1,1
5815,METHOTREXATE,MK-8776,HCT116,-22.78299422,0,0
5816,METHOTREXATE,MK-8776,HT29,-15.64250491,0,0
5817,METHOTREXATE,MK-8776,KPL1,-15.60949767,0,0
5818,METHOTREXATE,MK-8776,LNCAP,-17.32791323,0,0
5819,METHOTREXATE,MK-8776,MSTO,-14.4594285,0,0
5822,METHOTREXATE,MK-8776,NCIH23,-10.3582365,0,0
5824,METHOTREXATE,MK-8776,NCIH520,-11.52382182,0,0
5826,METHOTREXATE,MK-8776,RKO,-15.71573371,0,0
5827,METHOTREXATE,MK-8776,RPMI7951,-13.10079255,0,0
5828,METHOTREXATE,MK-8776,SKMES1,-16.42731554,0,0
5829,METHOTREXATE,MK-8776,SW837,-23.83050998,0,0
5830,METHOTREXATE,MK-8776,T47D,-40.17065284,0,0
5832,METHOTREXATE,MK-8776,VCAP,-24.3180062,0,0
5833,METHOTREXATE,MK-8776,ZR751,-20.98974582,0,0
5834,METHOTREXATE,PD325901,A2058,-19.38027871,0,0
5839,METHOTREXATE,PD325901,ES2,-11.41722079,0,0
5840,METHOTREXATE,PD325901,HCT116,-28.24807878,0,0
5841,METHOTREXATE,PD325901,HT29,-11.81256221,0,0
5843,METHOTREXATE,PD325901,LNCAP,-11.13636331,0,0
5844,METHOTREXATE,PD325901,LOVO,-11.54436348,0,0
5846,METHOTREXATE,PD325901,MSTO,-13.0519968,0,0
5850,METHOTREXATE,PD325901,NCIH460,-22.3243714,0,0
5853,METHOTREXATE,PD325901,RKO,-26.86261098,0,0
5854,METHOTREXATE,PD325901,RPMI7951,-23.67247034,0,0
5858,METHOTREXATE,PD325901,SW620,-16.05748437,0,0
5859,METHOTREXATE,PD325901,T47D,-10.52128058,0,0
5860,METHOTREXATE,PD325901,UACC62,-15.10373388,0,0
5861,METHOTREXATE,PD325901,ZR751,-14.25895131,0,0
5862,METHOTREXATE,SORAFENIB,A2058,-10.32858962,0,0
5866,METHOTREXATE,SORAFENIB,CAOV3,-15.37338251,0,0
5868,METHOTREXATE,SORAFENIB,HCT116,-17.03053188,0,0
5870,METHOTREXATE,SORAFENIB,KPL1,-12.80807153,0,0
5873,METHOTREXATE,SORAFENIB,MSTO,-13.03037032,0,0
5877,METHOTREXATE,SORAFENIB,NCIH460,-14.80451543,0,0
5880,METHOTREXATE,SORAFENIB,RKO,-10.97828721,0,0
5882,METHOTREXATE,SORAFENIB,SKMEL30,-20.92983857,0,0
5887,METHOTREXATE,SORAFENIB,T47D,-13.62342347,0,0
5889,METHOTREXATE,SORAFENIB,VCAP,-10.78044433,0,0
5890,METHOTREXATE,SORAFENIB,ZR751,-13.77416668,0,0
5891,METHOTREXATE,SUNITINIB,A2058,-14.35651076,0,0
5893,METHOTREXATE,SUNITINIB,A375,-11.79662018,0,0
5894,METHOTREXATE,SUNITINIB,A427,-11.17787683,0,0
5895,METHOTREXATE,SUNITINIB,CAOV3,-13.28428266,0,0
5897,METHOTREXATE,SUNITINIB,HCT116,-23.43372074,0,0
5899,METHOTREXATE,SUNITINIB,HT29,-12.26749867,0,0
5900,METHOTREXATE,SUNITINIB,KPL1,-12.60925887,0,0
5904,METHOTREXATE,SUNITINIB,MSTO,-21.25303017,0,0
5907,METHOTREXATE,SUNITINIB,NCIH23,-17.93498954,0,0
5908,METHOTREXATE,SUNITINIB,NCIH460,-15.25979172,0,0
5909,METHOTREXATE,SUNITINIB,NCIH520,-15.6273466,0,0
5911,METHOTREXATE,SUNITINIB,RKO,-17.71620688,0,0
5912,METHOTREXATE,SUNITINIB,RPMI7951,-10.91508031,0,0
5913,METHOTREXATE,SUNITINIB,SKMEL30,-14.39924506,0,0
5914,METHOTREXATE,SUNITINIB,SKMES1,-21.39355787,0,0
5915,METHOTREXATE,SUNITINIB,SW620,-16.17773012,0,0
5916,METHOTREXATE,SUNITINIB,SW837,-14.18103886,0,0
5917,METHOTREXATE,SUNITINIB,T47D,-17.10641241,0,0
5919,METHOTREXATE,SUNITINIB,VCAP,-17.16750466,0,0
5920,METHOTREXATE,SUNITINIB,ZR751,-15.34042034,0,0
5921,METHOTREXATE,TEMOZOLOMIDE,A2058,-41.22732503,0,0
5923,METHOTREXATE,TEMOZOLOMIDE,A375,-16.05723943,0,0
5924,METHOTREXATE,TEMOZOLOMIDE,A427,-12.89811972,0,0
5925,METHOTREXATE,TEMOZOLOMIDE,CAOV3,-40.82505066,0,0
5926,METHOTREXATE,TEMOZOLOMIDE,ES2,-12.59259402,0,0
5927,METHOTREXATE,TEMOZOLOMIDE,HCT116,-39.83946789,0,0
5928,METHOTREXATE,TEMOZOLOMIDE,HT144,-11.56125021,0,0
5929,METHOTREXATE,TEMOZOLOMIDE,HT29,-12.95499924,0,0
5930,METHOTREXATE,TEMOZOLOMIDE,KPL1,-24.067175,0,0
5931,METHOTREXATE,TEMOZOLOMIDE,LNCAP,-21.34879819,0,0
5934,METHOTREXATE,TEMOZOLOMIDE,MSTO,-35.68618452,0,0
5935,METHOTREXATE,TEMOZOLOMIDE,NCIH1650,-12.29369421,0,0
5937,METHOTREXATE,TEMOZOLOMIDE,NCIH23,-18.38556703,0,0
5938,METHOTREXATE,TEMOZOLOMIDE,NCIH460,-27.21912378,0,0
5939,METHOTREXATE,TEMOZOLOMIDE,NCIH520,-13.32957616,0,0
5940,METHOTREXATE,TEMOZOLOMIDE,RKO,-31.06065792,0,0
5941,METHOTREXATE,TEMOZOLOMIDE,RPMI7951,-11.75732633,0,0
5942,METHOTREXATE,TEMOZOLOMIDE,SKMES1,-32.46028256,0,0
5943,METHOTREXATE,TEMOZOLOMIDE,SKOV3,-16.13029928,0,0
5944,METHOTREXATE,TEMOZOLOMIDE,SW620,-25.25427338,0,0
5945,METHOTREXATE,TEMOZOLOMIDE,SW837,-38.66983537,0,0
5946,METHOTREXATE,TEMOZOLOMIDE,T47D,-70.76787863,0,0
5947,METHOTREXATE,TEMOZOLOMIDE,UACC62,-11.39702787,0,0
5948,METHOTREXATE,TEMOZOLOMIDE,VCAP,-44.02277073,0,0
5949,METHOTREXATE,TEMOZOLOMIDE,ZR751,-65.91974352,0,0
5950,METHOTREXATE,ZOLINZA,A2058,-33.78337564,0,0
5951,METHOTREXATE,ZOLINZA,A2780,-21.12773956,0,0
5952,METHOTREXATE,ZOLINZA,A375,-28.85524056,0,0
5954,METHOTREXATE,ZOLINZA,CAOV3,-18.97072197,0,0
5955,METHOTREXATE,ZOLINZA,ES2,-17.13016436,0,0
5956,METHOTREXATE,ZOLINZA,HCT116,-33.73298708,0,0
5958,METHOTREXATE,ZOLINZA,HT29,-16.48088156,0,0
5959,METHOTREXATE,ZOLINZA,KPL1,-30.80343959,0,0
5960,METHOTREXATE,ZOLINZA,LNCAP,-10.09896147,0,0
5964,METHOTREXATE,ZOLINZA,NCIH1650,-12.66390756,0,0
5965,METHOTREXATE,ZOLINZA,NCIH2122,-12.58457879,0,0
5966,METHOTREXATE,ZOLINZA,NCIH23,-35.12694508,0,0
5967,METHOTREXATE,ZOLINZA,NCIH460,-36.43261617,0,0
5968,METHOTREXATE,ZOLINZA,NCIH520,-20.03847918,0,0
5969,METHOTREXATE,ZOLINZA,OV90,-11.592862,0,0
5970,METHOTREXATE,ZOLINZA,RKO,-29.98237798,0,0
5971,METHOTREXATE,ZOLINZA,RPMI7951,-23.32659111,0,0
5972,METHOTREXATE,ZOLINZA,SKMEL30,-18.86169717,0,0
5973,METHOTREXATE,ZOLINZA,SKMES1,-11.23492587,0,0
5975,METHOTREXATE,ZOLINZA,SW620,-17.78787278,0,0
5976,METHOTREXATE,ZOLINZA,SW837,-14.09013806,0,0
5977,METHOTREXATE,ZOLINZA,T47D,-27.68509706,0,0
5978,METHOTREXATE,ZOLINZA,UACC62,-10.55814534,0,0
5979,METHOTREXATE,ZOLINZA,VCAP,-32.04507675,0,0
5980,METHOTREXATE,ZOLINZA,ZR751,-21.45627912,0,0
5994,MITOMYCINE,ABT-888,T47D,-22.77339723,0,0
6000,MITOMYCINE,AZD1775,HT29,24.14593873,1,1
6002,MITOMYCINE,AZD1775,NCIH1650,22.03860305,1,1
6005,MITOMYCINE,AZD1775,OV90,-12.30826215,0,0
6009,MITOMYCINE,AZD1775,SKOV3,20.49496784,1,1
6016,MITOMYCINE,BEZ-235,A375,70.47820586,1,1
6017,MITOMYCINE,BEZ-235,A427,25.51817817,1,1
6019,MITOMYCINE,BEZ-235,ES2,32.7913542,1,1
6021,MITOMYCINE,BEZ-235,HT144,33.01778051,1,1
6022,MITOMYCINE,BEZ-235,HT29,30.77344727,1,1
6023,MITOMYCINE,BEZ-235,KPL1,29.95636094,1,1
6026,MITOMYCINE,BEZ-235,MDAMB436,32.70090167,1,1
6028,MITOMYCINE,BEZ-235,NCIH1650,23.15320749,1,1
6030,MITOMYCINE,BEZ-235,NCIH460,28.30188511,1,1
6033,MITOMYCINE,BEZ-235,SKMEL30,24.99220803,1,1
6037,MITOMYCINE,BEZ-235,SW837,31.9514343,1,1
6038,MITOMYCINE,BEZ-235,T47D,113.434362,1,1
6039,MITOMYCINE,BEZ-235,UACC62,29.73700353,1,1
6040,MITOMYCINE,BEZ-235,VCAP,35.80952251,1,1
6041,MITOMYCINE,BEZ-235,ZR751,23.37956611,1,1
6042,MITOMYCINE,BORTEZOMIB,A2780,-12.05274656,0,0
6044,MITOMYCINE,BORTEZOMIB,A427,-10.32931463,0,0
6046,MITOMYCINE,BORTEZOMIB,ES2,-23.35216473,0,0
6048,MITOMYCINE,BORTEZOMIB,HT144,-11.20298891,0,0
6049,MITOMYCINE,BORTEZOMIB,HT29,-15.24048172,0,0
6050,MITOMYCINE,BORTEZOMIB,LNCAP,-14.33635033,0,0
6051,MITOMYCINE,BORTEZOMIB,MSTO,26.92255382,1,1
6052,MITOMYCINE,BORTEZOMIB,NCIH1650,-31.40600823,0,0
6053,MITOMYCINE,BORTEZOMIB,NCIH2122,-27.36192734,0,0
6054,MITOMYCINE,BORTEZOMIB,NCIH23,-15.14251668,0,0
6055,MITOMYCINE,BORTEZOMIB,NCIH460,-21.28697666,0,0
6056,MITOMYCINE,BORTEZOMIB,NCIH520,-28.27986702,0,0
6057,MITOMYCINE,BORTEZOMIB,OV90,-20.70553512,0,0
6060,MITOMYCINE,BORTEZOMIB,SKMEL30,-10.75057055,0,0
6061,MITOMYCINE,BORTEZOMIB,SKMES1,-28.25949179,0,0
6062,MITOMYCINE,BORTEZOMIB,SKOV3,-19.17188182,0,0
6064,MITOMYCINE,BORTEZOMIB,T47D,-32.00631903,0,0
6065,MITOMYCINE,BORTEZOMIB,UACC62,-10.93479689,0,0
6067,MITOMYCINE,BORTEZOMIB,ZR751,-34.05457439,0,0
6069,MITOMYCINE,DASATINIB,A2780,50.15826284,1,1
6070,MITOMYCINE,DASATINIB,A375,61.78477275,1,1
6071,MITOMYCINE,DASATINIB,A427,48.64582095,1,1
6074,MITOMYCINE,DASATINIB,HT144,-20.10115611,0,0
6075,MITOMYCINE,DASATINIB,HT29,39.08680207,1,1
6076,MITOMYCINE,DASATINIB,KPL1,30.87106543,1,1
6078,MITOMYCINE,DASATINIB,LOVO,60.0241176,1,1
6080,MITOMYCINE,DASATINIB,MSTO,75.87390323,1,1
6081,MITOMYCINE,DASATINIB,NCIH1650,49.82584556,1,1
6082,MITOMYCINE,DASATINIB,NCIH2122,-21.71146074,0,0
6084,MITOMYCINE,DASATINIB,NCIH460,20.25122157,1,1
6085,MITOMYCINE,DASATINIB,NCIH520,59.45277096,1,1
6086,MITOMYCINE,DASATINIB,OV90,20.00755375,1,1
6088,MITOMYCINE,DASATINIB,RPMI7951,20.82619719,1,1
6089,MITOMYCINE,DASATINIB,SKMEL30,-24.03235197,0,0
6090,MITOMYCINE,DASATINIB,SKOV3,20.98795464,1,1
6091,MITOMYCINE,DASATINIB,SW620,55.6732101,1,1
6092,MITOMYCINE,DASATINIB,SW837,55.92671664,1,1
6095,MITOMYCINE,DASATINIB,VCAP,29.58575153,1,1
6101,MITOMYCINE,DINACICLIB,NCIH1650,-23.516979,0,0
6103,MITOMYCINE,DINACICLIB,NCIH23,-10.82729701,0,0
6108,MITOMYCINE,DINACICLIB,SKOV3,-20.93155183,0,0
6109,MITOMYCINE,DINACICLIB,T47D,-24.55322948,0,0
6112,MITOMYCINE,DINACICLIB,ZR751,-21.71968695,0,0
6113,MITOMYCINE,ERLOTINIB,A2058,-78.5288674,0,0
6114,MITOMYCINE,ERLOTINIB,A2780,-52.59879084,0,0
6115,MITOMYCINE,ERLOTINIB,A375,-24.32251826,0,0
6116,MITOMYCINE,ERLOTINIB,A427,-37.3487317,0,0
6117,MITOMYCINE,ERLOTINIB,CAOV3,-56.60590491,0,0
6118,MITOMYCINE,ERLOTINIB,ES2,-52.79999023,0,0
6119,MITOMYCINE,ERLOTINIB,HCT116,-54.50033817,0,0
6120,MITOMYCINE,ERLOTINIB,HT144,-34.39006413,0,0
6121,MITOMYCINE,ERLOTINIB,HT29,-43.96201473,0,0
6122,MITOMYCINE,ERLOTINIB,KPL1,-12.29591518,0,0
6123,MITOMYCINE,ERLOTINIB,LNCAP,-53.54699762,0,0
6124,MITOMYCINE,ERLOTINIB,MDAMB436,-37.13348255,0,0
6126,MITOMYCINE,ERLOTINIB,NCIH1650,-12.23288576,0,0
6127,MITOMYCINE,ERLOTINIB,NCIH2122,-50.55830497,0,0
6128,MITOMYCINE,ERLOTINIB,NCIH23,-64.09209522,0,0
6129,MITOMYCINE,ERLOTINIB,NCIH460,-98.53912935,0,0
6130,MITOMYCINE,ERLOTINIB,NCIH520,-47.74328918,0,0
6131,MITOMYCINE,ERLOTINIB,OV90,-90.45470525,0,0
6132,MITOMYCINE,ERLOTINIB,RKO,-51.5381621,0,0
6133,MITOMYCINE,ERLOTINIB,RPMI7951,-99.14402835,0,0
6134,MITOMYCINE,ERLOTINIB,SKMEL30,-41.43227339,0,0
6135,MITOMYCINE,ERLOTINIB,SKMES1,-32.3972714,0,0
6136,MITOMYCINE,ERLOTINIB,SKOV3,-35.31206066,0,0
6137,MITOMYCINE,ERLOTINIB,SW620,-67.80902976,0,0
6139,MITOMYCINE,ERLOTINIB,T47D,-10.70475206,0,0
6140,MITOMYCINE,ERLOTINIB,UACC62,-10.58522231,0,0
6141,MITOMYCINE,ERLOTINIB,VCAP,-12.47091698,0,0
6143,MITOMYCINE,GELDANAMYCIN,A2058,20.37406553,1,1
6146,MITOMYCINE,GELDANAMYCIN,CAOV3,-10.70986914,0,0
6152,MITOMYCINE,GELDANAMYCIN,MSTO,-23.87794354,0,0
6153,MITOMYCINE,GELDANAMYCIN,NCIH1650,-24.34103684,0,0
6155,MITOMYCINE,GELDANAMYCIN,NCIH23,-17.16566917,0,0
6158,MITOMYCINE,GELDANAMYCIN,RKO,-10.01014646,0,0
6160,MITOMYCINE,GELDANAMYCIN,SKMEL30,25.27498572,1,1
6161,MITOMYCINE,GELDANAMYCIN,SKMES1,-16.11635406,0,0
6162,MITOMYCINE,GELDANAMYCIN,SKOV3,-11.48705605,0,0
6164,MITOMYCINE,GELDANAMYCIN,T47D,-22.32412488,0,0
6165,MITOMYCINE,GELDANAMYCIN,UACC62,-17.46265189,0,0
6168,MITOMYCINE,L778123,A2058,-11.52444162,0,0
6172,MITOMYCINE,L778123,CAOV3,-40.22747377,0,0
6173,MITOMYCINE,L778123,ES2,-24.01843142,0,0
6174,MITOMYCINE,L778123,HCT116,-24.0016324,0,0
6175,MITOMYCINE,L778123,HT144,-11.08072489,0,0
6177,MITOMYCINE,L778123,LNCAP,-11.55651592,0,0
6178,MITOMYCINE,L778123,MDAMB436,-11.86682485,0,0
6179,MITOMYCINE,L778123,MSTO,-19.56791497,0,0
6180,MITOMYCINE,L778123,NCIH1650,-29.34373078,0,0
6181,MITOMYCINE,L778123,NCIH2122,-32.06226489,0,0
6182,MITOMYCINE,L778123,NCIH23,-19.23517194,0,0
6183,MITOMYCINE,L778123,NCIH460,-38.12134539,0,0
6184,MITOMYCINE,L778123,NCIH520,-12.22183245,0,0
6185,MITOMYCINE,L778123,OV90,-27.26762195,0,0
6186,MITOMYCINE,L778123,RKO,-16.99858605,0,0
6187,MITOMYCINE,L778123,RPMI7951,-23.67363743,0,0
6189,MITOMYCINE,L778123,SKMES1,-42.56098359,0,0
6190,MITOMYCINE,L778123,SKOV3,-35.90749547,0,0
6191,MITOMYCINE,L778123,SW620,-23.05445983,0,0
6192,MITOMYCINE,L778123,SW837,-23.86348025,0,0
6193,MITOMYCINE,L778123,T47D,-16.40802121,0,0
6194,MITOMYCINE,L778123,UACC62,-12.69561346,0,0
6197,MITOMYCINE,LAPATINIB,A2058,23.37505075,1,1
6204,MITOMYCINE,LAPATINIB,LOVO,48.26045476,1,1
6212,MITOMYCINE,LAPATINIB,SW837,49.32772706,1,1
6213,MITOMYCINE,LAPATINIB,T47D,25.716355,1,1
6216,MITOMYCINE,LAPATINIB,ZR751,34.78543948,1,1
6217,MITOMYCINE,MK-2206,A2780,22.00100618,1,1
6218,MITOMYCINE,MK-2206,A375,21.8048591,1,1
6220,MITOMYCINE,MK-2206,HT144,30.99557751,1,1
6221,MITOMYCINE,MK-2206,HT29,28.65552455,1,1
6222,MITOMYCINE,MK-2206,KPL1,52.75256805,1,1
6224,MITOMYCINE,MK-2206,LOVO,21.29473214,1,1
6226,MITOMYCINE,MK-2206,MSTO,28.48317444,1,1
6229,MITOMYCINE,MK-2206,NCIH460,23.71677231,1,1
6230,MITOMYCINE,MK-2206,NCIH520,21.86640206,1,1
6231,MITOMYCINE,MK-2206,OV90,23.36432113,1,1
6232,MITOMYCINE,MK-2206,RKO,22.21462158,1,1
6236,MITOMYCINE,MK-2206,SW837,40.99362879,1,1
6238,MITOMYCINE,MK-2206,UACC62,32.88986768,1,1
6239,MITOMYCINE,MK-2206,VCAP,26.40852315,1,1
6240,MITOMYCINE,MK-2206,ZR751,26.59195338,1,1
6242,MITOMYCINE,MK-4827,LNCAP,-22.41923219,0,0
6253,MITOMYCINE,MK-5108,CAOV3,-17.02564593,0,0
6256,MITOMYCINE,MK-5108,HT144,-19.43821956,0,0
6258,MITOMYCINE,MK-5108,KPL1,-10.47018385,0,0
6259,MITOMYCINE,MK-5108,LNCAP,-11.29392295,0,0
6260,MITOMYCINE,MK-5108,LOVO,-10.26009055,0,0
6262,MITOMYCINE,MK-5108,NCIH1650,-24.57326523,0,0
6263,MITOMYCINE,MK-5108,NCIH2122,-15.44747483,0,0
6264,MITOMYCINE,MK-5108,NCIH460,-25.03158603,0,0
6265,MITOMYCINE,MK-5108,NCIH520,-16.65503167,0,0
6266,MITOMYCINE,MK-5108,OV90,-21.51098263,0,0
6270,MITOMYCINE,MK-5108,SKMES1,-20.67487022,0,0
6271,MITOMYCINE,MK-5108,SKOV3,-11.33204494,0,0
6274,MITOMYCINE,MK-5108,T47D,-32.34464212,0,0
6275,MITOMYCINE,MK-5108,UACC62,-10.71834458,0,0
6276,MITOMYCINE,MK-5108,ZR751,-22.33755314,0,0
6278,MITOMYCINE,MK-8669,A2780,20.41614918,1,1
6279,MITOMYCINE,MK-8669,A375,43.62668141,1,1
6280,MITOMYCINE,MK-8669,A427,23.77805834,1,1
6282,MITOMYCINE,MK-8669,ES2,25.76502653,1,1
6284,MITOMYCINE,MK-8669,HT144,32.59018874,1,1
6285,MITOMYCINE,MK-8669,HT29,28.21237484,1,1
6286,MITOMYCINE,MK-8669,KPL1,50.25294128,1,1
6289,MITOMYCINE,MK-8669,MDAMB436,23.75724525,1,1
6290,MITOMYCINE,MK-8669,MSTO,28.39944835,1,1
6291,MITOMYCINE,MK-8669,NCIH1650,35.37506245,1,1
6295,MITOMYCINE,MK-8669,RKO,20.75171944,1,1
6297,MITOMYCINE,MK-8669,SKMEL30,20.82761957,1,1
6299,MITOMYCINE,MK-8669,SKOV3,34.47306581,1,1
6301,MITOMYCINE,MK-8669,UACC62,36.47909066,1,1
6302,MITOMYCINE,MK-8669,VCAP,30.11719686,1,1
6303,MITOMYCINE,MK-8669,ZR751,22.17221791,1,1
6304,MITOMYCINE,MK-8776,A2058,69.01270992,1,1
6305,MITOMYCINE,MK-8776,A2058,69.01270992,1,1
6307,MITOMYCINE,MK-8776,A375,40.47816476,1,1
6308,MITOMYCINE,MK-8776,A375,40.47816476,1,1
6309,MITOMYCINE,MK-8776,A427,35.53952831,1,1
6311,MITOMYCINE,MK-8776,ES2,23.02756723,1,1
6312,MITOMYCINE,MK-8776,ES2,23.02756723,0,1
6313,MITOMYCINE,MK-8776,HCT116,23.31905255,1,1
6314,MITOMYCINE,MK-8776,HCT116,23.31905255,1,1
6315,MITOMYCINE,MK-8776,HT144,22.9401808,1,1
6316,MITOMYCINE,MK-8776,HT29,74.17095984,1,1
6317,MITOMYCINE,MK-8776,HT29,74.17095984,1,1
6322,MITOMYCINE,MK-8776,MDAMB436,33.49706536,1,1
6323,MITOMYCINE,MK-8776,NCIH1650,50.18745361,1,1
6327,MITOMYCINE,MK-8776,NCIH520,31.76339947,1,1
6328,MITOMYCINE,MK-8776,SKMEL30,66.79588855,1,1
6329,MITOMYCINE,MK-8776,SKMES1,-10.22010143,0,0
6330,MITOMYCINE,MK-8776,SKOV3,35.03859706,1,1
6333,MITOMYCINE,MK-8776,SW837,38.68819685,1,1
6334,MITOMYCINE,MK-8776,T47D,-33.25056353,0,0
6336,MITOMYCINE,MK-8776,VCAP,44.69988527,1,1
6337,MITOMYCINE,PD325901,A2058,31.4652249,1,1
6339,MITOMYCINE,PD325901,ES2,22.01190789,1,1
6340,MITOMYCINE,PD325901,HT144,27.39316367,1,1
6342,MITOMYCINE,PD325901,KPL1,21.96899068,1,1
6343,MITOMYCINE,PD325901,LNCAP,-30.83989865,0,0
6349,MITOMYCINE,PD325901,OV90,37.92063658,1,1
6350,MITOMYCINE,PD325901,RKO,22.0860842,1,1
6354,MITOMYCINE,PD325901,SW837,27.22694056,1,1
6357,MITOMYCINE,PD325901,ZR751,27.95571973,1,1
6358,MITOMYCINE,SORAFENIB,A2058,-69.35425504,0,0
6359,MITOMYCINE,SORAFENIB,A2780,-23.48162529,0,0
6360,MITOMYCINE,SORAFENIB,A375,-12.136392,0,0
6362,MITOMYCINE,SORAFENIB,CAOV3,-95.38667523,0,0
6363,MITOMYCINE,SORAFENIB,ES2,-23.4106165,0,0
6364,MITOMYCINE,SORAFENIB,HCT116,-21.18857377,0,0
6365,MITOMYCINE,SORAFENIB,HT144,-18.44594166,0,0
6366,MITOMYCINE,SORAFENIB,HT29,-23.64111369,0,0
6368,MITOMYCINE,SORAFENIB,LNCAP,-20.06788876,0,0
6369,MITOMYCINE,SORAFENIB,LOVO,-32.89159201,0,0
6370,MITOMYCINE,SORAFENIB,MDAMB436,-37.39537551,0,0
6372,MITOMYCINE,SORAFENIB,NCIH1650,-33.53794317,0,0
6373,MITOMYCINE,SORAFENIB,NCIH2122,-50.01036597,0,0
6374,MITOMYCINE,SORAFENIB,NCIH23,-45.6830587,0,0
6375,MITOMYCINE,SORAFENIB,NCIH460,-49.51047169,0,0
6376,MITOMYCINE,SORAFENIB,NCIH520,-17.03843149,0,0
6377,MITOMYCINE,SORAFENIB,OV90,-32.83454366,0,0
6378,MITOMYCINE,SORAFENIB,RKO,-19.06896226,0,0
6379,MITOMYCINE,SORAFENIB,RPMI7951,-74.99238376,0,0
6380,MITOMYCINE,SORAFENIB,SKMES1,-69.16319952,0,0
6381,MITOMYCINE,SORAFENIB,SKOV3,-39.1089171,0,0
6382,MITOMYCINE,SORAFENIB,SW620,-32.53595683,0,0
6383,MITOMYCINE,SORAFENIB,SW837,-28.64872424,0,0
6384,MITOMYCINE,SORAFENIB,T47D,-21.2040547,0,0
6385,MITOMYCINE,SORAFENIB,UACC62,-21.19114399,0,0
6386,MITOMYCINE,SORAFENIB,VCAP,-30.37872468,0,0
6387,MITOMYCINE,SORAFENIB,ZR751,-43.84659931,0,0
6392,MITOMYCINE,SUNITINIB,LNCAP,-10.38935068,0,0
6395,MITOMYCINE,SUNITINIB,NCIH23,-11.73053798,0,0
6402,MITOMYCINE,SUNITINIB,T47D,-10.35950165,0,0
6408,MITOMYCINE,TEMOZOLOMIDE,HT144,-11.46084702,0,0
6410,MITOMYCINE,TEMOZOLOMIDE,KPL1,-29.95106943,0,0
6413,MITOMYCINE,TEMOZOLOMIDE,NCIH1650,-15.47111846,0,0
6420,MITOMYCINE,TEMOZOLOMIDE,SKOV3,-13.45134758,0,0
6422,MITOMYCINE,TEMOZOLOMIDE,T47D,-62.58065467,0,0
6424,MITOMYCINE,TEMOZOLOMIDE,ZR751,-52.0442687,0,0
6426,MITOMYCINE,ZOLINZA,A375,26.17640289,1,1
6429,MITOMYCINE,ZOLINZA,ES2,20.59617485,1,1
6432,MITOMYCINE,ZOLINZA,LNCAP,31.86650313,1,1
6435,MITOMYCINE,ZOLINZA,MSTO,41.87827972,1,1
6442,MITOMYCINE,ZOLINZA,SKOV3,25.59877958,1,1
6447,MITOMYCINE,ZOLINZA,ZR751,-23.7886763,0,0
6449,MK-2206,ABT-888,A2780,41.66715297,1,1
6450,MK-2206,ABT-888,CAOV3,44.58182702,1,1
6452,MK-2206,ABT-888,KPL1,32.40263584,1,1
6459,MK-2206,BEZ-235,A2058,57.29083468,1,1
6460,MK-2206,BEZ-235,A2780,46.28015781,1,1
6461,MK-2206,BEZ-235,A375,48.88394339,1,1
6462,MK-2206,BEZ-235,A427,56.38448433,1,1
6463,MK-2206,BEZ-235,CAOV3,80.54547349,1,1
6464,MK-2206,BEZ-235,ES2,25.17890994,1,1
6465,MK-2206,BEZ-235,HCT116,47.09585372,1,1
6466,MK-2206,BEZ-235,HT144,21.91145346,1,1
6467,MK-2206,BEZ-235,HT29,45.72154735,1,1
6468,MK-2206,BEZ-235,KPL1,60.48163016,1,1
6469,MK-2206,BEZ-235,LNCAP,83.7343656,1,1
6470,MK-2206,BEZ-235,LOVO,34.68018858,1,1
6471,MK-2206,BEZ-235,MDAMB436,42.18533791,1,1
6473,MK-2206,BEZ-235,NCIH1650,40.36160508,1,1
6474,MK-2206,BEZ-235,NCIH2122,52.45911308,1,1
6475,MK-2206,BEZ-235,NCIH23,42.73329203,1,1
6476,MK-2206,BEZ-235,NCIH460,36.48709841,1,1
6477,MK-2206,BEZ-235,NCIH520,22.74961749,1,1
6478,MK-2206,BEZ-235,OV90,49.51245263,1,1
6479,MK-2206,BEZ-235,RKO,32.23580867,1,1
6480,MK-2206,BEZ-235,RPMI7951,42.49059696,1,1
6481,MK-2206,BEZ-235,SKMEL30,55.44346212,1,1
6482,MK-2206,BEZ-235,SKMES1,34.64222861,1,1
6483,MK-2206,BEZ-235,SKOV3,41.00705113,1,1
6484,MK-2206,BEZ-235,SW620,39.25782587,1,1
6485,MK-2206,BEZ-235,SW837,42.21856907,1,1
6486,MK-2206,BEZ-235,T47D,84.54414889,1,1
6487,MK-2206,BEZ-235,UACC62,33.30443585,1,1
6488,MK-2206,BEZ-235,VCAP,38.0703329,1,1
6489,MK-2206,BEZ-235,ZR751,36.75358024,1,1
6491,MK-2206,BORTEZOMIB,A2780,21.57883973,1,1
6492,MK-2206,BORTEZOMIB,A375,27.35312461,1,1
6496,MK-2206,BORTEZOMIB,HT29,-24.83132752,0,0
6497,MK-2206,BORTEZOMIB,KPL1,21.84089458,1,1
6498,MK-2206,BORTEZOMIB,MDAMB436,-16.37034622,0,0
6499,MK-2206,BORTEZOMIB,MSTO,64.83379718,1,1
6500,MK-2206,BORTEZOMIB,NCIH1650,-18.08187321,0,0
6503,MK-2206,BORTEZOMIB,NCIH520,-32.57259499,0,0
6504,MK-2206,BORTEZOMIB,OV90,-21.56278244,0,0
6506,MK-2206,BORTEZOMIB,RPMI7951,-16.10889897,0,0
6508,MK-2206,BORTEZOMIB,SKMES1,-12.31546068,0,0
6510,MK-2206,BORTEZOMIB,T47D,-10.6691753,0,0
6511,MK-2206,BORTEZOMIB,UACC62,-17.88266052,0,0
6512,MK-2206,BORTEZOMIB,VCAP,-13.71988607,0,0
6513,MK-2206,BORTEZOMIB,ZR751,-11.98836512,0,0
6514,MK-2206,DASATINIB,A2058,89.36773897,1,1
6515,MK-2206,DASATINIB,A2780,112.0310331,1,1
6516,MK-2206,DASATINIB,A375,74.12786525,1,1
6517,MK-2206,DASATINIB,A427,32.03986248,1,1
6518,MK-2206,DASATINIB,CAOV3,22.2114998,1,1
6520,MK-2206,DASATINIB,HCT116,41.31261768,1,1
6521,MK-2206,DASATINIB,HT144,20.48160674,1,1
6522,MK-2206,DASATINIB,HT29,92.67634771,1,1
6523,MK-2206,DASATINIB,KPL1,27.99785987,1,1
6524,MK-2206,DASATINIB,LNCAP,34.47084272,1,1
6525,MK-2206,DASATINIB,LOVO,58.9528984,1,1
6526,MK-2206,DASATINIB,MDAMB436,46.42935527,1,1
6527,MK-2206,DASATINIB,MSTO,88.33317664,1,1
6528,MK-2206,DASATINIB,NCIH1650,79.33795464,1,1
6529,MK-2206,DASATINIB,NCIH2122,62.33808977,1,1
6530,MK-2206,DASATINIB,NCIH23,38.73707855,1,1
6531,MK-2206,DASATINIB,NCIH460,52.99748664,1,1
6532,MK-2206,DASATINIB,NCIH520,60.18384285,1,1
6533,MK-2206,DASATINIB,OV90,58.60538753,1,1
6534,MK-2206,DASATINIB,RKO,80.05392223,1,1
6535,MK-2206,DASATINIB,RPMI7951,24.38109623,1,1
6537,MK-2206,DASATINIB,SKMES1,40.56600647,1,1
6538,MK-2206,DASATINIB,SKOV3,33.25620059,1,1
6539,MK-2206,DASATINIB,SW620,43.8597303,1,1
6540,MK-2206,DASATINIB,SW837,72.99388724,1,1
6542,MK-2206,DASATINIB,UACC62,55.61194107,1,1
6543,MK-2206,DASATINIB,VCAP,23.30637616,1,1
6544,MK-2206,DASATINIB,ZR751,27.6223492,1,1
6554,MK-2206,DINACICLIB,NCIH2122,22.15971465,1,1
6560,MK-2206,DINACICLIB,VCAP,-20.90269332,0,0
6563,MK-2206,ERLOTINIB,A2780,36.05292457,1,1
6566,MK-2206,ERLOTINIB,CAOV3,44.91174394,1,1
6567,MK-2206,ERLOTINIB,CAOV3,44.91174394,1,1
6571,MK-2206,ERLOTINIB,HT144,20.26133122,1,1
6572,MK-2206,ERLOTINIB,HT29,57.27791197,1,1
6573,MK-2206,ERLOTINIB,HT29,57.27791197,1,1
6574,MK-2206,ERLOTINIB,KPL1,56.0780394,1,1
6575,MK-2206,ERLOTINIB,LOVO,45.37454813,1,1
6576,MK-2206,ERLOTINIB,LOVO,45.37454813,1,1
6578,MK-2206,ERLOTINIB,MSTO,66.78584124,1,1
6579,MK-2206,ERLOTINIB,NCIH1650,53.9025872,1,1
6580,MK-2206,ERLOTINIB,NCIH1650,53.9025872,1,1
6581,MK-2206,ERLOTINIB,NCIH2122,94.91098528,1,1
6582,MK-2206,ERLOTINIB,NCIH2122,94.91098528,1,1
6583,MK-2206,ERLOTINIB,NCIH23,21.53191544,1,1
6584,MK-2206,ERLOTINIB,NCIH23,21.53191544,1,1
6585,MK-2206,ERLOTINIB,NCIH460,22.95310715,1,1
6589,MK-2206,ERLOTINIB,RPMI7951,24.83858159,1,1
6590,MK-2206,ERLOTINIB,SKMES1,55.93520513,1,1
6591,MK-2206,ERLOTINIB,SKOV3,58.80524209,1,1
6593,MK-2206,ERLOTINIB,SW837,89.3189494,1,1
6595,MK-2206,ERLOTINIB,UACC62,38.33333565,1,1
6596,MK-2206,ERLOTINIB,VCAP,24.62671243,1,1
6597,MK-2206,ERLOTINIB,ZR751,51.87789229,1,1
6599,MK-2206,GELDANAMYCIN,A2780,41.57486072,1,1
6602,MK-2206,GELDANAMYCIN,CAOV3,28.82144726,1,1
6604,MK-2206,GELDANAMYCIN,HCT116,24.21573593,1,1
6605,MK-2206,GELDANAMYCIN,HT144,22.06944678,1,1
6608,MK-2206,GELDANAMYCIN,LNCAP,21.10356278,1,1
6610,MK-2206,GELDANAMYCIN,MDAMB436,20.03940125,1,1
6611,MK-2206,GELDANAMYCIN,MSTO,-23.86586022,0,0
6612,MK-2206,GELDANAMYCIN,NCIH1650,24.90280259,1,1
6615,MK-2206,GELDANAMYCIN,NCIH460,22.0536525,1,1
6616,MK-2206,GELDANAMYCIN,NCIH520,-23.0962683,0,0
6623,MK-2206,GELDANAMYCIN,UACC62,25.40389574,1,1
6625,MK-2206,MK-8669,A2058,52.15597005,1,1
6626,MK-2206,MK-8669,A2058,52.15597005,1,1
6627,MK-2206,MK-8669,A2780,38.25235608,1,1
6628,MK-2206,MK-8669,A375,48.50912033,1,1
6629,MK-2206,MK-8669,A375,48.50912033,1,1
6630,MK-2206,MK-8669,A427,41.90449763,1,1
6631,MK-2206,MK-8669,A427,41.90449763,1,1
6632,MK-2206,MK-8669,CAOV3,112.4579627,1,1
6633,MK-2206,MK-8669,CAOV3,112.4579627,1,1
6634,MK-2206,MK-8669,ES2,26.04081661,1,1
6635,MK-2206,MK-8669,ES2,26.04081661,1,1
6638,MK-2206,MK-8669,HT144,46.10446714,1,1
6639,MK-2206,MK-8669,HT29,46.07821616,1,1
6640,MK-2206,MK-8669,HT29,46.07821616,1,1
6641,MK-2206,MK-8669,KPL1,85.90195078,1,1
6643,MK-2206,MK-8669,LOVO,22.75199354,1,1
6644,MK-2206,MK-8669,LOVO,22.75199354,1,1
6645,MK-2206,MK-8669,MDAMB436,31.68517624,1,1
6646,MK-2206,MK-8669,MSTO,74.83609048,1,1
6647,MK-2206,MK-8669,NCIH1650,33.64062342,1,1
6648,MK-2206,MK-8669,NCIH1650,33.64062342,1,1
6649,MK-2206,MK-8669,NCIH2122,49.50449557,1,1
6650,MK-2206,MK-8669,NCIH2122,49.50449557,1,1
6651,MK-2206,MK-8669,NCIH23,31.54093847,1,1
6652,MK-2206,MK-8669,NCIH23,31.54093847,1,1
6653,MK-2206,MK-8669,NCIH460,29.84057095,1,1
6654,MK-2206,MK-8669,NCIH520,31.05193118,1,1
6655,MK-2206,MK-8669,OV90,79.39449774,1,1
6656,MK-2206,MK-8669,RKO,40.77521737,1,1
6657,MK-2206,MK-8669,RPMI7951,52.67032056,1,1
6658,MK-2206,MK-8669,SKMEL30,57.99074065,1,1
6659,MK-2206,MK-8669,SKMES1,50.55044864,1,1
6660,MK-2206,MK-8669,SKOV3,79.35380752,1,1
6661,MK-2206,MK-8669,SW620,22.73289888,1,1
6662,MK-2206,MK-8669,SW620,22.73289888,1,1
6664,MK-2206,MK-8669,UACC62,42.45413159,1,1
6665,MK-2206,MK-8669,VCAP,21.68451619,1,1
6666,MK-2206,MK-8669,ZR751,34.53419147,1,1
6667,MK-2206,MK-8776,A2058,20.10843092,1,1
6668,MK-2206,MK-8776,A2780,24.7553892,1,1
6669,MK-2206,MK-8776,A375,22.58707872,1,1
6670,MK-2206,MK-8776,CAOV3,51.24397386,1,1
6672,MK-2206,MK-8776,HT144,32.06715543,1,1
6673,MK-2206,MK-8776,HT29,32.56727692,1,1
6674,MK-2206,MK-8776,KPL1,36.22384688,1,1
6675,MK-2206,MK-8776,LNCAP,21.3726406,1,1
6676,MK-2206,MK-8776,LOVO,26.08727601,1,1
6678,MK-2206,MK-8776,MSTO,34.5066659,1,1
6681,MK-2206,MK-8776,NCIH520,20.65597335,1,1
6684,MK-2206,MK-8776,RPMI7951,-11.07931925,0,0
6686,MK-2206,MK-8776,SKMES1,20.35503268,1,1
6688,MK-2206,MK-8776,SW620,-11.87177244,0,0
6689,MK-2206,MK-8776,T47D,-20.37842303,0,0
6690,MK-2206,MK-8776,UACC62,31.72532947,1,1
6691,MK-2206,MK-8776,VCAP,28.09255419,1,1
6693,MK-2206,PD325901,A2058,45.15288676,1,1
6694,MK-2206,PD325901,A2780,81.99827512,1,1
6696,MK-2206,PD325901,A427,43.39414118,1,1
6697,MK-2206,PD325901,CAOV3,68.54531014,1,1
6698,MK-2206,PD325901,ES2,20.26824364,1,1
6699,MK-2206,PD325901,HCT116,38.16283319,1,1
6700,MK-2206,PD325901,HT144,21.7885274,1,1
6701,MK-2206,PD325901,HT29,40.04670144,1,1
6702,MK-2206,PD325901,KPL1,51.11354744,1,1
6704,MK-2206,PD325901,LOVO,40.30703362,1,1
6708,MK-2206,PD325901,NCIH2122,54.43648537,1,1
6709,MK-2206,PD325901,NCIH23,23.18385932,1,1
6710,MK-2206,PD325901,NCIH460,65.94852535,1,1
6712,MK-2206,PD325901,OV90,29.71348596,1,1
6713,MK-2206,PD325901,RKO,33.83286488,1,1
6714,MK-2206,PD325901,RPMI7951,36.22199551,1,1
6715,MK-2206,PD325901,SKMEL30,25.18153768,1,1
6716,MK-2206,PD325901,SKMES1,33.98259028,1,1
6717,MK-2206,PD325901,SKOV3,51.48965792,1,1
6718,MK-2206,PD325901,SW837,44.91738708,1,1
6719,MK-2206,PD325901,T47D,21.63398304,1,1
6720,MK-2206,PD325901,UACC62,33.04398437,1,1
6721,MK-2206,PD325901,VCAP,-23.95662941,0,0
6722,MK-2206,PD325901,ZR751,41.92638833,1,1
6725,MK-2206,SN-38,A375,45.8996785,1,1
6727,MK-2206,SN-38,CAOV3,42.78067507,1,1
6728,MK-2206,SN-38,ES2,27.8859788,1,1
6729,MK-2206,SN-38,HCT116,21.84103257,1,1
6730,MK-2206,SN-38,HT144,44.70688808,1,1
6732,MK-2206,SN-38,KPL1,53.37997312,1,1
6733,MK-2206,SN-38,MDAMB436,25.15511215,1,1
6734,MK-2206,SN-38,MSTO,29.72784954,1,1
6736,MK-2206,SN-38,NCIH2122,28.11154494,1,1
6738,MK-2206,SN-38,NCIH460,29.87963482,1,1
6740,MK-2206,SN-38,OV90,21.65611717,1,1
6741,MK-2206,SN-38,RKO,42.49491349,1,1
6743,MK-2206,SN-38,SKMEL30,29.42773145,1,1
6746,MK-2206,SN-38,SW837,22.67472412,1,1
6747,MK-2206,SN-38,T47D,53.95219497,1,1
6748,MK-2206,SN-38,UACC62,35.03718369,1,1
6749,MK-2206,SN-38,VCAP,25.11698704,1,1
6750,MK-2206,SN-38,ZR751,22.1170255,1,1
6753,MK-2206,SORAFENIB,A375,22.70902784,1,1
6754,MK-2206,SORAFENIB,A427,25.38496314,1,1
6757,MK-2206,SORAFENIB,HCT116,30.04669652,1,1
6768,MK-2206,SORAFENIB,RKO,27.35394716,1,1
6773,MK-2206,SORAFENIB,SW837,24.8742412,1,1
6777,MK-2206,TOPOTECAN,A375,20.77997709,1,1
6778,MK-2206,TOPOTECAN,A427,31.93715244,1,1
6781,MK-2206,TOPOTECAN,HCT116,32.57503221,1,1
6782,MK-2206,TOPOTECAN,HT144,24.22545447,1,1
6783,MK-2206,TOPOTECAN,KPL1,52.12661745,1,1
6784,MK-2206,TOPOTECAN,LNCAP,-201.1613889,0,0
6785,MK-2206,TOPOTECAN,LOVO,29.40647247,1,1
6787,MK-2206,TOPOTECAN,MSTO,23.81165745,1,1
6789,MK-2206,TOPOTECAN,NCIH2122,29.2997604,1,1
6791,MK-2206,TOPOTECAN,NCIH460,22.44459969,1,1
6792,MK-2206,TOPOTECAN,NCIH520,33.89400746,1,1
6793,MK-2206,TOPOTECAN,OV90,33.98540792,1,1
6794,MK-2206,TOPOTECAN,RKO,37.06036715,1,1
6795,MK-2206,TOPOTECAN,SKMEL30,21.88284896,1,1
6796,MK-2206,TOPOTECAN,SKMES1,24.28846558,1,1
6798,MK-2206,TOPOTECAN,SW620,22.96568118,1,1
6799,MK-2206,TOPOTECAN,SW837,33.06138247,1,1
6800,MK-2206,TOPOTECAN,T47D,21.53741412,1,1
6802,MK-2206,TOPOTECAN,VCAP,30.99670532,1,1
6803,MK-2206,TOPOTECAN,ZR751,31.52488246,1,1
6808,MK-4541,5-FU,LOVO,-16.46662416,0,0
6809,MK-4541,5-FU,MSTO,-80.26122358,0,0
6821,MK-4541,5-FU,VCAP,21.21463716,1,1
6826,MK-4541,ABT-888,HCT116,-12.57239664,0,0
6828,MK-4541,ABT-888,KPL1,21.83213382,1,1
6829,MK-4541,ABT-888,LNCAP,34.64841764,1,1
6835,MK-4541,ABT-888,NCIH460,-15.519045,0,0
6839,MK-4541,ABT-888,SKMEL30,-13.51838807,0,0
6841,MK-4541,ABT-888,T47D,-16.1532543,0,0
6842,MK-4541,ABT-888,UACC62,-18.06682227,0,0
6844,MK-4541,ABT-888,ZR751,-17.20156062,0,0
6848,MK-4541,AZD1775,KPL1,20.75766034,1,1
6849,MK-4541,AZD1775,LNCAP,-13.39307381,0,0
6855,MK-4541,AZD1775,SKOV3,22.56598876,1,1
6857,MK-4541,AZD1775,T47D,-10.92011243,0,0
6862,MK-4541,BEZ-235,A2780,33.6374407,1,1
6864,MK-4541,BEZ-235,A427,23.14197988,1,1
6869,MK-4541,BEZ-235,HT29,25.09658443,1,1
6870,MK-4541,BEZ-235,KPL1,23.58865757,1,1
6871,MK-4541,BEZ-235,LNCAP,103.2094953,1,1
6872,MK-4541,BEZ-235,LOVO,22.93872493,1,1
6873,MK-4541,BEZ-235,MDAMB436,29.08032076,1,1
6877,MK-4541,BEZ-235,NCIH460,21.93529537,1,1
6878,MK-4541,BEZ-235,NCIH520,24.34037558,1,1
6879,MK-4541,BEZ-235,OV90,22.77805067,1,1
6880,MK-4541,BEZ-235,RPMI7951,27.10043166,1,1
6881,MK-4541,BEZ-235,SKMEL30,37.68878854,1,1
6882,MK-4541,BEZ-235,SKMES1,27.27103404,1,1
6885,MK-4541,BEZ-235,T47D,137.2835902,1,1
6886,MK-4541,BEZ-235,VCAP,41.95459309,1,1
6887,MK-4541,BEZ-235,ZR751,20.42706669,1,1
6889,MK-4541,BORTEZOMIB,A375,28.44333447,1,1
6891,MK-4541,BORTEZOMIB,CAOV3,23.0692687,1,1
6894,MK-4541,BORTEZOMIB,HT144,-13.79735638,0,0
6895,MK-4541,BORTEZOMIB,HT29,-21.35681594,0,0
6896,MK-4541,BORTEZOMIB,LNCAP,24.65515667,1,1
6899,MK-4541,BORTEZOMIB,MSTO,102.9030202,1,1
6900,MK-4541,BORTEZOMIB,NCIH1650,-15.45725566,0,0
6901,MK-4541,BORTEZOMIB,NCIH2122,24.91185375,1,1
6903,MK-4541,BORTEZOMIB,NCIH520,-26.90833485,0,0
6904,MK-4541,BORTEZOMIB,OV90,-10.10813869,0,0
6906,MK-4541,BORTEZOMIB,SKMES1,-17.97968249,0,0
6909,MK-4541,BORTEZOMIB,T47D,-20.03386423,0,0
6910,MK-4541,BORTEZOMIB,UACC62,-13.40678056,0,0
6911,MK-4541,BORTEZOMIB,VCAP,20.49776802,1,1
6912,MK-4541,BORTEZOMIB,ZR751,-48.4043743,0,0
6916,MK-4541,CYCLOPHOSPHAMIDE,KPL1,21.45277617,1,1
6917,MK-4541,CYCLOPHOSPHAMIDE,LNCAP,-20.49412615,0,0
6920,MK-4541,CYCLOPHOSPHAMIDE,MSTO,22.61680591,1,1
6925,MK-4541,CYCLOPHOSPHAMIDE,RKO,20.39639378,1,1
6927,MK-4541,CYCLOPHOSPHAMIDE,SW837,-10.23827028,0,0
6929,MK-4541,CYCLOPHOSPHAMIDE,VCAP,26.57247529,1,1
6930,MK-4541,CYCLOPHOSPHAMIDE,ZR751,-23.79049404,0,0
6931,MK-4541,DASATINIB,A2058,26.32252394,1,1
6932,MK-4541,DASATINIB,A2780,52.36875011,1,1
6933,MK-4541,DASATINIB,A375,-14.13381544,0,0
6934,MK-4541,DASATINIB,A427,26.45017374,1,1
6936,MK-4541,DASATINIB,HCT116,-46.79594408,0,0
6937,MK-4541,DASATINIB,HT144,-50.26877682,0,0
6939,MK-4541,DASATINIB,LNCAP,60.51946754,1,1
6940,MK-4541,DASATINIB,LOVO,37.64561986,1,1
6941,MK-4541,DASATINIB,MSTO,113.5542337,1,1
6942,MK-4541,DASATINIB,NCIH1650,27.50097675,1,1
6943,MK-4541,DASATINIB,NCIH2122,-108.3448162,0,0
6945,MK-4541,DASATINIB,NCIH460,-14.60038501,0,0
6946,MK-4541,DASATINIB,NCIH520,28.08776945,1,1
6948,MK-4541,DASATINIB,RKO,-26.61419328,0,0
6949,MK-4541,DASATINIB,SKMEL30,-45.27256755,0,0
6950,MK-4541,DASATINIB,SW837,31.28263401,1,1
6953,MK-4541,DASATINIB,VCAP,24.3862475,1,1
6954,MK-4541,DASATINIB,ZR751,-41.64119829,0,0
6955,MK-4541,DEXAMETHASONE,A2058,-17.56799826,0,0
6958,MK-4541,DEXAMETHASONE,ES2,-23.33116342,0,0
6960,MK-4541,DEXAMETHASONE,HT144,-19.25473646,0,0
6961,MK-4541,DEXAMETHASONE,KPL1,30.02765884,1,1
6963,MK-4541,DEXAMETHASONE,LOVO,20.46092764,1,1
6965,MK-4541,DEXAMETHASONE,MSTO,-10.86263142,0,0
6969,MK-4541,DEXAMETHASONE,RPMI7951,-32.8420192,0,0
6971,MK-4541,DEXAMETHASONE,T47D,-49.52034458,0,0
6972,MK-4541,DEXAMETHASONE,VCAP,-15.87893439,0,0
6980,MK-4541,DINACICLIB,LNCAP,39.42786979,1,1
6984,MK-4541,DINACICLIB,OV90,-14.68197608,0,0
6989,MK-4541,DINACICLIB,T47D,-53.059033,0,0
6990,MK-4541,DINACICLIB,VCAP,23.77484431,1,1
6993,MK-4541,DOXORUBICIN,HCT116,21.12460081,1,1
6994,MK-4541,DOXORUBICIN,HT29,22.83295829,1,1
6996,MK-4541,DOXORUBICIN,NCIH1650,25.93623158,1,1
7006,MK-4541,DOXORUBICIN,T47D,21.66483825,1,1
7007,MK-4541,DOXORUBICIN,UACC62,-11.19333676,0,0
7008,MK-4541,DOXORUBICIN,VCAP,44.06061044,1,1
7010,MK-4541,ERLOTINIB,A2780,76.39988629,1,1
7016,MK-4541,ERLOTINIB,KPL1,26.2179557,1,1
7022,MK-4541,ERLOTINIB,NCIH23,-17.90054438,0,0
7024,MK-4541,ERLOTINIB,RKO,-20.22994781,0,0
7025,MK-4541,ERLOTINIB,RPMI7951,59.72697223,1,1
7029,MK-4541,ERLOTINIB,SW837,27.91041342,1,1
7030,MK-4541,ERLOTINIB,T47D,42.91153743,1,1
7031,MK-4541,ERLOTINIB,UACC62,22.7521193,1,1
7032,MK-4541,ERLOTINIB,VCAP,40.73762885,1,1
7033,MK-4541,ERLOTINIB,ZR751,29.39771681,1,1
7035,MK-4541,ETOPOSIDE,A375,-62.83437606,0,0
7037,MK-4541,ETOPOSIDE,CAOV3,118.3452354,1,1
7040,MK-4541,ETOPOSIDE,KPL1,29.68699565,1,1
7044,MK-4541,ETOPOSIDE,RKO,21.96021497,1,1
7045,MK-4541,ETOPOSIDE,SKMEL30,21.87010808,1,1
7048,MK-4541,ETOPOSIDE,SW837,-10.91519142,0,0
7049,MK-4541,ETOPOSIDE,T47D,21.0243065,1,1
7051,MK-4541,ETOPOSIDE,VCAP,47.61284483,1,1
7052,MK-4541,ETOPOSIDE,ZR751,20.37835122,1,1
7055,MK-4541,GELDANAMYCIN,CAOV3,-17.62116237,0,0
7060,MK-4541,GELDANAMYCIN,LNCAP,46.13193589,1,1
7064,MK-4541,GELDANAMYCIN,NCIH23,-13.18961957,0,0
7068,MK-4541,GELDANAMYCIN,RPMI7951,-11.12793657,0,0
7071,MK-4541,GELDANAMYCIN,SKOV3,-14.10888823,0,0
7076,MK-4541,GELDANAMYCIN,VCAP,32.7253206,1,1
7078,MK-4541,GEMCITABINE,A375,-23.87533102,0,0
7082,MK-4541,GEMCITABINE,LNCAP,-73.65865034,0,0
7084,MK-4541,GEMCITABINE,NCIH1650,-16.83661806,0,0
7085,MK-4541,GEMCITABINE,NCIH23,-11.52303894,0,0
7089,MK-4541,GEMCITABINE,SKMES1,-25.42066062,0,0
7092,MK-4541,GEMCITABINE,VCAP,29.71199804,1,1
7094,MK-4541,L778123,A427,22.91523839,1,1
7104,MK-4541,L778123,T47D,-25.27060432,0,0
7105,MK-4541,L778123,VCAP,26.41871432,1,1
7109,MK-4541,LAPATINIB,A427,-29.14380045,0,0
7110,MK-4541,LAPATINIB,CAOV3,31.07862605,1,1
7112,MK-4541,LAPATINIB,HT29,24.00597413,1,1
7113,MK-4541,LAPATINIB,KPL1,23.37344355,1,1
7114,MK-4541,LAPATINIB,LNCAP,28.19617215,1,1
7117,MK-4541,LAPATINIB,NCIH460,-12.86600215,0,0
7119,MK-4541,LAPATINIB,OV90,-20.31573882,0,0
7125,MK-4541,LAPATINIB,VCAP,37.23268044,1,1
7126,MK-4541,LAPATINIB,ZR751,27.13194054,1,1
7128,MK-4541,METFORMIN,A427,-10.79575491,0,0
7129,MK-4541,METFORMIN,CAOV3,-24.92982538,0,0
7132,MK-4541,METFORMIN,HT144,-21.52873817,0,0
7136,MK-4541,METFORMIN,LOVO,-19.04047143,0,0
7140,MK-4541,METFORMIN,NCIH23,-10.31186256,0,0
7141,MK-4541,METFORMIN,NCIH460,-19.44614151,0,0
7144,MK-4541,METFORMIN,RPMI7951,-23.78638601,0,0
7145,MK-4541,METFORMIN,SKMEL30,-10.31542204,0,0
7147,MK-4541,METFORMIN,SW837,-14.29219213,0,0
7148,MK-4541,METFORMIN,T47D,32.36395088,1,1
7149,MK-4541,METFORMIN,UACC62,-28.57114731,0,0
7151,MK-4541,METFORMIN,ZR751,-40.9699228,0,0
7152,MK-4541,METHOTREXATE,A2058,-20.84096181,0,0
7155,MK-4541,METHOTREXATE,A427,21.47460842,1,1
7156,MK-4541,METHOTREXATE,HCT116,-28.08825895,0,0
7159,MK-4541,METHOTREXATE,KPL1,-16.75429397,0,0
7161,MK-4541,METHOTREXATE,LOVO,-29.07732432,0,0
7163,MK-4541,METHOTREXATE,MSTO,-18.75517254,0,0
7165,MK-4541,METHOTREXATE,NCIH23,-12.52234819,0,0
7166,MK-4541,METHOTREXATE,NCIH460,-18.50643243,0,0
7167,MK-4541,METHOTREXATE,NCIH520,-13.94258454,0,0
7168,MK-4541,METHOTREXATE,RKO,-26.71086103,0,0
7172,MK-4541,METHOTREXATE,T47D,-25.47469103,0,0
7174,MK-4541,METHOTREXATE,ZR751,-27.46660601,0,0
7184,MK-4541,MITOMYCINE,NCIH1650,-12.72748923,0,0
7191,MK-4541,MITOMYCINE,SKMEL30,-14.0438474,0,0
7195,MK-4541,MITOMYCINE,T47D,-23.5248105,0,0
7196,MK-4541,MITOMYCINE,VCAP,48.40918293,1,1
7197,MK-4541,MITOMYCINE,ZR751,-30.91898109,0,0
7198,MK-4541,MK-2206,A2780,29.86354302,1,1
7199,MK-4541,MK-2206,A375,-14.12001798,0,0
7201,MK-4541,MK-2206,CAOV3,83.63078317,1,1
7204,MK-4541,MK-2206,HT29,34.32233987,1,1
7205,MK-4541,MK-2206,KPL1,38.50374435,1,1
7208,MK-4541,MK-2206,NCIH2122,22.654337,1,1
7211,MK-4541,MK-2206,SKMES1,23.00647633,1,1
7212,MK-4541,MK-2206,SKOV3,20.94654915,1,1
7216,MK-4541,MK-2206,VCAP,46.73735528,1,1
7217,MK-4541,MK-2206,ZR751,22.58316074,1,1
7219,MK-4541,MK-4827,A375,-11.71029171,0,0
7224,MK-4541,MK-4827,HT29,21.66216314,1,1
7234,MK-4541,MK-4827,UACC62,-20.27978177,0,0
7235,MK-4541,MK-4827,VCAP,49.38584587,1,1
7240,MK-4541,MK-5108,CAOV3,-12.4603851,0,0
7242,MK-4541,MK-5108,LNCAP,-20.54402628,0,0
7246,MK-4541,MK-5108,NCIH460,-11.05488659,0,0
7248,MK-4541,MK-5108,RKO,35.6515734,1,1
7249,MK-4541,MK-5108,SKMEL30,24.44966376,1,1
7253,MK-4541,MK-5108,ZR751,-11.87635436,0,0
7254,MK-4541,MK-8669,A2058,21.64169241,1,1
7255,MK-4541,MK-8669,A2780,35.58460478,1,1
7256,MK-4541,MK-8669,A375,20.6353587,1,1
7257,MK-4541,MK-8669,A427,42.73712743,1,1
7258,MK-4541,MK-8669,CAOV3,34.35302189,1,1
7260,MK-4541,MK-8669,HT144,-10.29756889,0,0
7262,MK-4541,MK-8669,KPL1,42.25740356,1,1
7263,MK-4541,MK-8669,LNCAP,44.7739012,1,1
7270,MK-4541,MK-8669,SKMEL30,30.75360453,1,1
7271,MK-4541,MK-8669,SKOV3,27.05458994,1,1
7275,MK-4541,MK-8669,ZR751,30.64852232,1,1
7277,MK-4541,MK-8776,A427,-12.92264233,0,0
7282,MK-4541,MK-8776,LNCAP,29.73083853,1,1
7284,MK-4541,MK-8776,NCIH1650,-11.42042242,0,0
7285,MK-4541,MK-8776,NCIH2122,-18.43308839,0,0
7287,MK-4541,MK-8776,NCIH520,-13.51758559,0,0
7288,MK-4541,MK-8776,RPMI7951,-14.90142879,0,0
7290,MK-4541,MK-8776,SKMES1,-12.25989055,0,0
7291,MK-4541,MK-8776,SW837,-16.89029911,0,0
7292,MK-4541,MK-8776,T47D,-47.33893948,0,0
7294,MK-4541,MK-8776,VCAP,41.15436443,1,1
7297,MK-4541,MRK-003,A427,20.75949328,1,1
7302,MK-4541,MRK-003,KPL1,-12.93098449,0,0
7305,MK-4541,MRK-003,MSTO,-27.68547122,0,0
7309,MK-4541,MRK-003,SKMEL30,23.87070524,1,1
7310,MK-4541,MRK-003,SKOV3,20.63290322,1,1
7313,MK-4541,MRK-003,T47D,21.97984344,1,1
7316,MK-4541,MRK-003,ZR751,-12.08599226,0,0
7317,MK-4541,PACLITAXEL,A2058,-11.78576068,0,0
7319,MK-4541,PACLITAXEL,A375,37.22125826,1,1
7322,MK-4541,PACLITAXEL,ES2,39.92994577,1,1
7324,MK-4541,PACLITAXEL,HT144,22.4186759,1,1
7328,MK-4541,PACLITAXEL,NCIH2122,-15.54260375,0,0
7330,MK-4541,PACLITAXEL,NCIH460,30.74831332,1,1
7335,MK-4541,PACLITAXEL,VCAP,39.85968008,1,1
7336,MK-4541,PACLITAXEL,ZR751,-11.79778565,0,0
7337,MK-4541,PD325901,A2780,22.15951253,1,1
7339,MK-4541,PD325901,CAOV3,48.73145904,1,1
7342,MK-4541,PD325901,KPL1,23.47518442,1,1
7343,MK-4541,PD325901,LNCAP,49.12093858,1,1
7346,MK-4541,PD325901,MSTO,-18.22695392,0,0
7348,MK-4541,PD325901,NCIH23,-15.30336986,0,0
7349,MK-4541,PD325901,OV90,-10.32708744,0,0
7350,MK-4541,PD325901,RPMI7951,-14.48418103,0,0
7352,MK-4541,PD325901,T47D,29.47471593,1,1
7354,MK-4541,PD325901,VCAP,28.38913282,1,1
7358,MK-4541,SN-38,CAOV3,-13.30267374,0,0
7363,MK-4541,SN-38,LOVO,-22.55975815,0,0
7365,MK-4541,SN-38,MSTO,20.2800693,1,1
7366,MK-4541,SN-38,NCIH1650,-14.41569713,0,0
7373,MK-4541,SN-38,SW837,-19.45240073,0,0
7374,MK-4541,SN-38,T47D,-14.14591222,0,0
7376,MK-4541,SN-38,VCAP,28.41869668,1,1
7388,MK-4541,SORAFENIB,SKOV3,22.30814886,1,1
7390,MK-4541,SORAFENIB,ZR751,-28.64290107,0,0
7399,MK-4541,SUNITINIB,SW837,-17.64643235,0,0
7400,MK-4541,SUNITINIB,T47D,40.42639192,1,1
7406,MK-4541,TEMOZOLOMIDE,CAOV3,-76.24592241,0,0
7408,MK-4541,TEMOZOLOMIDE,HCT116,-13.0870727,0,0
7409,MK-4541,TEMOZOLOMIDE,HT144,-38.14640254,0,0
7411,MK-4541,TEMOZOLOMIDE,KPL1,-12.13544383,0,0
7412,MK-4541,TEMOZOLOMIDE,LOVO,-25.83721348,0,0
7413,MK-4541,TEMOZOLOMIDE,MSTO,-52.30395806,0,0
7414,MK-4541,TEMOZOLOMIDE,NCIH1650,-31.78925685,0,0
7416,MK-4541,TEMOZOLOMIDE,NCIH23,-15.42192659,0,0
7417,MK-4541,TEMOZOLOMIDE,NCIH460,-11.95171647,0,0
7419,MK-4541,TEMOZOLOMIDE,OV90,-11.80664104,0,0
7423,MK-4541,TEMOZOLOMIDE,SKOV3,-18.15850524,0,0
7424,MK-4541,TEMOZOLOMIDE,SW837,-28.68353523,0,0
7425,MK-4541,TEMOZOLOMIDE,T47D,-106.2566397,0,0
7427,MK-4541,TEMOZOLOMIDE,ZR751,-102.1366254,0,0
7434,MK-4541,TOPOTECAN,KPL1,20.53731061,1,1
7435,MK-4541,TOPOTECAN,LNCAP,-141.5350423,0,0
7439,MK-4541,TOPOTECAN,NCIH460,-10.32833641,0,0
7443,MK-4541,TOPOTECAN,VCAP,54.93715218,1,1
7445,MK-4541,VINBLASTINE,A2058,33.85344713,1,1
7446,MK-4541,VINBLASTINE,A2780,-15.67595423,0,0
7447,MK-4541,VINBLASTINE,A375,-18.74375604,0,0
7448,MK-4541,VINBLASTINE,A427,-35.00450486,0,0
7449,MK-4541,VINBLASTINE,CAOV3,-61.97072364,0,0
7451,MK-4541,VINBLASTINE,HCT116,-26.4678392,0,0
7454,MK-4541,VINBLASTINE,KPL1,41.91425433,1,1
7457,MK-4541,VINBLASTINE,MDAMB436,-24.58798415,0,0
7458,MK-4541,VINBLASTINE,MSTO,-34.85469642,0,0
7459,MK-4541,VINBLASTINE,NCIH1650,-16.65592701,0,0
7460,MK-4541,VINBLASTINE,NCIH2122,-14.73960046,0,0
7461,MK-4541,VINBLASTINE,NCIH23,-36.76465236,0,0
7462,MK-4541,VINBLASTINE,NCIH460,-11.0591356,0,0
7463,MK-4541,VINBLASTINE,NCIH520,-21.04863761,0,0
7464,MK-4541,VINBLASTINE,OV90,-20.6522219,0,0
7465,MK-4541,VINBLASTINE,RPMI7951,-18.49715303,0,0
7467,MK-4541,VINBLASTINE,SKMES1,-10.54323827,0,0
7470,MK-4541,VINBLASTINE,T47D,-34.7084705,0,0
7471,MK-4541,VINBLASTINE,UACC62,-13.06306657,0,0
7473,MK-4541,VINBLASTINE,ZR751,-31.69281871,0,0
7474,MK-4541,VINORELBINE,A2058,-18.8844755,0,0
7475,MK-4541,VINORELBINE,A2780,-11.09076282,0,0
7476,MK-4541,VINORELBINE,A427,-30.87460459,0,0
7477,MK-4541,VINORELBINE,CAOV3,-49.62158208,0,0
7479,MK-4541,VINORELBINE,HCT116,-22.02198169,0,0
7480,MK-4541,VINORELBINE,HT144,-14.05754324,0,0
7481,MK-4541,VINORELBINE,HT29,-18.37192803,0,0
7484,MK-4541,VINORELBINE,MSTO,-31.26805768,0,0
7485,MK-4541,VINORELBINE,NCIH2122,-19.48779066,0,0
7486,MK-4541,VINORELBINE,NCIH23,-10.07199231,0,0
7488,MK-4541,VINORELBINE,OV90,23.6914835,1,1
7489,MK-4541,VINORELBINE,RKO,-11.04263592,0,0
7490,MK-4541,VINORELBINE,RPMI7951,-15.3226363,0,0
7492,MK-4541,VINORELBINE,SW837,-15.26961977,0,0
7494,MK-4541,VINORELBINE,UACC62,-16.30389212,0,0
7496,MK-4541,VINORELBINE,ZR751,-29.20033682,0,0
7500,MK-4541,ZOLINZA,A427,-16.52897251,0,0
7501,MK-4541,ZOLINZA,CAOV3,31.67795731,1,1
7504,MK-4541,ZOLINZA,HT29,21.73942206,1,1
7506,MK-4541,ZOLINZA,LNCAP,-49.74103375,0,0
7508,MK-4541,ZOLINZA,MSTO,-92.62813758,0,0
7510,MK-4541,ZOLINZA,NCIH2122,22.52459614,1,1
7513,MK-4541,ZOLINZA,RKO,21.8718258,1,1
7515,MK-4541,ZOLINZA,SKOV3,29.71242973,1,1
7516,MK-4541,ZOLINZA,SW837,23.4437746,1,1
7517,MK-4541,ZOLINZA,T47D,28.38441741,1,1
7518,MK-4541,ZOLINZA,VCAP,38.09223417,1,1
7519,MK-4541,ZOLINZA,ZR751,-27.19938225,0,0
7520,MK-4827,ABT-888,A2058,-21.70958503,0,0
7521,MK-4827,ABT-888,A2780,-15.06682657,0,0
7522,MK-4827,ABT-888,A375,-20.25680346,0,0
7524,MK-4827,ABT-888,CAOV3,-44.05137957,0,0
7527,MK-4827,ABT-888,HT144,-27.39012608,0,0
7529,MK-4827,ABT-888,LNCAP,-50.21620144,0,0
7530,MK-4827,ABT-888,LOVO,-10.49160317,0,0
7532,MK-4827,ABT-888,MSTO,-10.98094925,0,0
7533,MK-4827,ABT-888,NCIH1650,-15.65087664,0,0
7536,MK-4827,ABT-888,NCIH460,-13.33376737,0,0
7543,MK-4827,ABT-888,SW837,-60.44111464,0,0
7545,MK-4827,ABT-888,UACC62,-14.40390946,0,0
7547,MK-4827,ABT-888,ZR751,-18.81288319,0,0
7549,MK-4827,BEZ-235,A375,45.06314429,1,1
7553,MK-4827,BEZ-235,HT144,22.51423297,1,1
7556,MK-4827,BEZ-235,LNCAP,67.3045457,1,1
7558,MK-4827,BEZ-235,MDAMB436,22.99900699,1,1
7562,MK-4827,BEZ-235,NCIH460,31.66413676,1,1
7567,MK-4827,BEZ-235,SKMEL30,25.03969819,1,1
7570,MK-4827,BEZ-235,T47D,110.1087282,1,1
7572,MK-4827,BEZ-235,VCAP,21.14351696,1,1
7574,MK-4827,BORTEZOMIB,A2780,-10.3967464,0,0
7575,MK-4827,BORTEZOMIB,A375,-22.39011546,0,0
7577,MK-4827,BORTEZOMIB,CAOV3,-21.75172342,0,0
7578,MK-4827,BORTEZOMIB,ES2,-19.95916294,0,0
7579,MK-4827,BORTEZOMIB,HT144,-153.9406707,0,0
7580,MK-4827,BORTEZOMIB,HT29,-17.70952785,0,0
7581,MK-4827,BORTEZOMIB,LNCAP,-151.2309129,0,0
7583,MK-4827,BORTEZOMIB,MSTO,36.17946125,1,1
7584,MK-4827,BORTEZOMIB,NCIH1650,-20.68081601,0,0
7585,MK-4827,BORTEZOMIB,NCIH2122,21.45523131,1,1
7588,MK-4827,BORTEZOMIB,NCIH520,-32.43348826,0,0
7590,MK-4827,BORTEZOMIB,RPMI7951,-12.09441404,0,0
7592,MK-4827,BORTEZOMIB,SKMES1,-13.01422677,0,0
7593,MK-4827,BORTEZOMIB,SW837,-154.4375722,0,0
7594,MK-4827,BORTEZOMIB,T47D,-11.2295534,0,0
7598,MK-4827,DASATINIB,A2780,65.13695999,1,1
7599,MK-4827,DASATINIB,A375,31.83880147,1,1
7600,MK-4827,DASATINIB,A427,20.33774842,1,1
7603,MK-4827,DASATINIB,HT144,-38.13791476,0,0
7604,MK-4827,DASATINIB,HT29,26.43307598,1,1
7606,MK-4827,DASATINIB,LNCAP,23.45734726,1,1
7607,MK-4827,DASATINIB,LOVO,34.29853174,1,1
7608,MK-4827,DASATINIB,MDAMB436,28.89680491,1,1
7609,MK-4827,DASATINIB,MSTO,90.80406156,1,1
7610,MK-4827,DASATINIB,NCIH1650,30.81865626,1,1
7611,MK-4827,DASATINIB,NCIH2122,-48.85307597,0,0
7614,MK-4827,DASATINIB,NCIH520,55.17163732,1,1
7616,MK-4827,DASATINIB,RKO,23.7353556,1,1
7618,MK-4827,DASATINIB,SKMEL30,-23.27005194,0,0
7620,MK-4827,DASATINIB,SW620,37.05633783,1,1
7622,MK-4827,DASATINIB,T47D,-15.38395731,0,0
7623,MK-4827,DASATINIB,VCAP,29.84276493,1,1
7624,MK-4827,DASATINIB,ZR751,27.37080776,1,1
7626,MK-4827,DINACICLIB,A375,-12.75710589,0,0
7629,MK-4827,DINACICLIB,ES2,-18.76921564,0,0
7634,MK-4827,DINACICLIB,LOVO,-12.53597676,0,0
7637,MK-4827,DINACICLIB,NCIH23,-12.95214228,0,0
7639,MK-4827,DINACICLIB,NCIH520,-11.57183416,0,0
7640,MK-4827,DINACICLIB,OV90,-19.65876003,0,0
7644,MK-4827,DINACICLIB,SW837,-18.83432402,0,0
7645,MK-4827,DINACICLIB,T47D,-28.79779446,0,0
7652,MK-4827,ERLOTINIB,KPL1,23.50045577,1,1
7653,MK-4827,ERLOTINIB,LNCAP,-15.22697238,0,0
7656,MK-4827,ERLOTINIB,MSTO,33.17163046,1,1
7657,MK-4827,ERLOTINIB,NCIH2122,20.40126925,1,1
7659,MK-4827,ERLOTINIB,OV90,-10.55693101,0,0
7663,MK-4827,ERLOTINIB,SW837,25.48342696,1,1
7665,MK-4827,ERLOTINIB,ZR751,26.61921541,1,1
7666,MK-4827,GELDANAMYCIN,A2058,33.02572565,1,1
7667,MK-4827,GELDANAMYCIN,A375,-23.72864256,0,0
7668,MK-4827,GELDANAMYCIN,CAOV3,-11.24477168,0,0
7670,MK-4827,GELDANAMYCIN,HT144,-192.3795413,0,0
7672,MK-4827,GELDANAMYCIN,LNCAP,-146.8610115,0,0
7673,MK-4827,GELDANAMYCIN,LOVO,-17.26781172,0,0
7676,MK-4827,GELDANAMYCIN,NCIH23,-14.19073386,0,0
7681,MK-4827,GELDANAMYCIN,SW837,-159.2956556,0,0
7682,MK-4827,GELDANAMYCIN,T47D,-21.71288315,0,0
7683,MK-4827,GELDANAMYCIN,UACC62,-15.75738636,0,0
7685,MK-4827,GELDANAMYCIN,ZR751,-11.93602233,0,0
7686,MK-4827,MK-2206,A2058,49.61826057,1,1
7687,MK-4827,MK-2206,A2780,29.63735753,1,1
7688,MK-4827,MK-2206,A375,24.40509687,1,1
7689,MK-4827,MK-2206,A427,27.48962474,1,1
7694,MK-4827,MK-2206,HT29,24.44986167,1,1
7695,MK-4827,MK-2206,KPL1,45.91860721,1,1
7701,MK-4827,MK-2206,NCIH2122,58.42670092,1,1
7703,MK-4827,MK-2206,NCIH460,34.08631299,1,1
7706,MK-4827,MK-2206,RKO,69.39351261,1,1
7708,MK-4827,MK-2206,SKMES1,28.64125665,1,1
7710,MK-4827,MK-2206,SW620,36.54412001,1,1
7711,MK-4827,MK-2206,SW837,33.26789276,1,1
7714,MK-4827,MK-2206,VCAP,23.96500405,1,1
7715,MK-4827,MK-2206,ZR751,22.46510209,1,1
7717,MK-4827,MK-8669,A2780,21.78450235,1,1
7718,MK-4827,MK-8669,A375,43.98027013,1,1
7719,MK-4827,MK-8669,A427,33.2012221,1,1
7722,MK-4827,MK-8669,HT29,31.83647965,1,1
7723,MK-4827,MK-8669,KPL1,34.34160551,1,1
7724,MK-4827,MK-8669,LOVO,22.08557507,1,1
7727,MK-4827,MK-8669,NCIH1650,22.68902782,1,1
7728,MK-4827,MK-8669,NCIH2122,28.82946825,1,1
7732,MK-4827,MK-8669,RKO,33.37876583,1,1
7734,MK-4827,MK-8669,SKMEL30,23.87634707,1,1
7735,MK-4827,MK-8669,SKMES1,20.55776165,1,1
7736,MK-4827,MK-8669,SKOV3,22.84941187,1,1
7737,MK-4827,MK-8669,SW620,24.03651114,1,1
7739,MK-4827,MK-8669,T47D,34.45598785,1,1
7741,MK-4827,MK-8669,VCAP,34.69813515,1,1
7742,MK-4827,MK-8669,ZR751,25.74404286,1,1
7743,MK-4827,MK-8776,A2058,76.23093818,1,1
7744,MK-4827,MK-8776,A2058,76.23093818,1,1
7745,MK-4827,MK-8776,A2780,21.63069464,1,1
7746,MK-4827,MK-8776,A375,38.72630223,1,1
7747,MK-4827,MK-8776,A375,38.72630223,1,1
7749,MK-4827,MK-8776,CAOV3,22.37858557,1,1
7750,MK-4827,MK-8776,CAOV3,22.37858557,1,1
7751,MK-4827,MK-8776,ES2,-20.68245208,0,0
7752,MK-4827,MK-8776,ES2,-20.68245208,0,0
7755,MK-4827,MK-8776,HT144,21.76635089,1,1
7758,MK-4827,MK-8776,LNCAP,-12.09874647,0,0
7760,MK-4827,MK-8776,MDAMB436,25.65777401,1,1
7771,MK-4827,MK-8776,SKMEL30,23.4368935,1,1
7774,MK-4827,MK-8776,SW837,-11.45302592,0,0
7775,MK-4827,MK-8776,T47D,-14.81381286,0,0
7777,MK-4827,PD325901,A2780,34.58357927,1,1
7779,MK-4827,PD325901,A427,-10.84520718,0,0
7784,MK-4827,PD325901,LNCAP,-17.88288846,0,0
7786,MK-4827,PD325901,MDAMB436,21.41106634,1,1
7787,MK-4827,PD325901,NCIH1650,-10.39191062,0,0
7796,MK-4827,PD325901,SKMES1,-18.76747563,0,0
7799,MK-4827,PD325901,UACC62,-14.9478733,0,0
7800,MK-4827,PD325901,VCAP,23.94091103,1,1
7802,MK-4827,SN-38,A2058,27.9855866,1,1
7803,MK-4827,SN-38,A2058,27.9855866,1,1
7804,MK-4827,SN-38,A2780,31.23605097,1,1
7805,MK-4827,SN-38,A375,38.87869029,1,1
7806,MK-4827,SN-38,A375,38.87869029,1,1
7807,MK-4827,SN-38,A427,21.5344353,1,1
7808,MK-4827,SN-38,CAOV3,30.84307677,1,1
7809,MK-4827,SN-38,CAOV3,30.84307677,1,1
7810,MK-4827,SN-38,ES2,22.43505382,1,1
7811,MK-4827,SN-38,ES2,22.43505382,1,1
7812,MK-4827,SN-38,HCT116,35.10749753,1,1
7813,MK-4827,SN-38,HCT116,35.10749753,1,1
7819,MK-4827,SN-38,MDAMB436,20.44834523,1,1
7820,MK-4827,SN-38,MSTO,41.07253268,1,1
7821,MK-4827,SN-38,NCIH1650,26.60448212,1,1
7822,MK-4827,SN-38,NCIH1650,26.60448212,0,1
7823,MK-4827,SN-38,NCIH2122,30.11958858,1,1
7824,MK-4827,SN-38,NCIH2122,30.11958858,0,1
7825,MK-4827,SN-38,NCIH23,25.54370325,1,1
7826,MK-4827,SN-38,NCIH460,28.45804204,1,1
7829,MK-4827,SN-38,RKO,35.86583895,1,1
7830,MK-4827,SN-38,RPMI7951,32.00144019,1,1
7831,MK-4827,SN-38,SKMEL30,24.89226833,1,1
7832,MK-4827,SN-38,SKMES1,32.24493211,1,1
7833,MK-4827,SN-38,SKOV3,33.695974,1,1
7836,MK-4827,SN-38,T47D,20.50477411,1,1
7837,MK-4827,SN-38,UACC62,35.62825131,1,1
7838,MK-4827,SN-38,VCAP,38.2374649,1,1
7839,MK-4827,SN-38,ZR751,27.02525838,1,1
7840,MK-4827,SORAFENIB,A2058,-11.72755988,0,0
7841,MK-4827,SORAFENIB,CAOV3,-16.76167867,0,0
7843,MK-4827,SORAFENIB,LNCAP,-10.90478102,0,0
7855,MK-4827,SORAFENIB,ZR751,-20.49732089,0,0
7858,MK-4827,TOPOTECAN,HCT116,30.38325699,1,1
7862,MK-4827,TOPOTECAN,MSTO,32.98579469,1,1
7863,MK-4827,TOPOTECAN,NCIH1650,32.85264182,1,1
7867,MK-4827,TOPOTECAN,RKO,30.62674777,1,1
7870,MK-4827,TOPOTECAN,SKMES1,50.41670258,1,1
7871,MK-4827,TOPOTECAN,SKOV3,33.75560629,1,1
7874,MK-4827,TOPOTECAN,T47D,-15.72579511,0,0
7875,MK-4827,TOPOTECAN,VCAP,36.83249416,1,1
7883,MK-5108,ABT-888,LNCAP,-51.68081715,0,0
7888,MK-5108,ABT-888,RKO,32.22192775,1,1
7892,MK-5108,ABT-888,UACC62,21.40714705,1,1
7893,MK-5108,ABT-888,ZR751,-13.82285845,0,0
7900,MK-5108,BEZ-235,HCT116,29.70547002,1,1
7901,MK-5108,BEZ-235,HT29,25.98375503,1,1
7902,MK-5108,BEZ-235,KPL1,23.39201274,1,1
7903,MK-5108,BEZ-235,LNCAP,-60.32380102,0,0
7904,MK-5108,BEZ-235,LOVO,22.5055494,1,1
7905,MK-5108,BEZ-235,MDAMB436,24.63031407,1,1
7912,MK-5108,BEZ-235,SKMEL30,27.04581675,1,1
7916,MK-5108,BEZ-235,SW837,28.49512573,1,1
7917,MK-5108,BEZ-235,T47D,114.567378,1,1
7918,MK-5108,BEZ-235,UACC62,21.26410648,1,1
7922,MK-5108,BORTEZOMIB,A2780,-12.50471573,0,0
7924,MK-5108,BORTEZOMIB,CAOV3,-22.20998765,0,0
7927,MK-5108,BORTEZOMIB,HT144,-18.6569206,0,0
7928,MK-5108,BORTEZOMIB,HT29,-11.64902318,0,0
7930,MK-5108,BORTEZOMIB,LNCAP,-169.1358709,0,0
7933,MK-5108,BORTEZOMIB,MSTO,64.70115627,1,1
7934,MK-5108,BORTEZOMIB,NCIH1650,-16.54932006,0,0
7935,MK-5108,BORTEZOMIB,NCIH2122,-27.80835809,0,0
7937,MK-5108,BORTEZOMIB,NCIH460,-29.3281424,0,0
7938,MK-5108,BORTEZOMIB,NCIH520,-28.45266802,0,0
7942,MK-5108,BORTEZOMIB,SKMES1,-21.71603783,0,0
7947,MK-5108,BORTEZOMIB,UACC62,-16.92233875,0,0
7948,MK-5108,BORTEZOMIB,VCAP,-12.77397782,0,0
7949,MK-5108,BORTEZOMIB,ZR751,-28.80172155,0,0
7950,MK-5108,DASATINIB,A2058,31.7288986,1,1
7951,MK-5108,DASATINIB,A2780,62.05053129,1,1
7953,MK-5108,DASATINIB,A427,43.50856947,1,1
7955,MK-5108,DASATINIB,HCT116,20.97294145,1,1
7956,MK-5108,DASATINIB,HT144,-34.64473664,0,0
7957,MK-5108,DASATINIB,HT29,23.68657819,1,1
7959,MK-5108,DASATINIB,LOVO,42.36548126,1,1
7961,MK-5108,DASATINIB,MSTO,90.51750612,1,1
7962,MK-5108,DASATINIB,NCIH1650,30.63154386,1,1
7963,MK-5108,DASATINIB,NCIH2122,-63.79162144,0,0
7965,MK-5108,DASATINIB,NCIH520,40.76851974,1,1
7968,MK-5108,DASATINIB,SKMEL30,-12.24510781,0,0
7970,MK-5108,DASATINIB,SW620,24.55421762,1,1
7973,MK-5108,DASATINIB,UACC62,25.70363031,1,1
7974,MK-5108,DASATINIB,VCAP,27.95203801,1,1
7978,MK-5108,DINACICLIB,CAOV3,-11.4823232,0,0
7982,MK-5108,DINACICLIB,LNCAP,-87.07463478,0,0
7987,MK-5108,DINACICLIB,NCIH2122,-13.31410733,0,0
7990,MK-5108,DINACICLIB,NCIH520,-18.26637956,0,0
7993,MK-5108,DINACICLIB,SKMES1,-14.07871494,0,0
7995,MK-5108,DINACICLIB,T47D,-12.40801934,0,0
7996,MK-5108,DINACICLIB,VCAP,-21.43257341,0,0
7997,MK-5108,DINACICLIB,ZR751,-17.72158876,0,0
8005,MK-5108,ERLOTINIB,LNCAP,-12.05321803,0,0
8006,MK-5108,ERLOTINIB,LOVO,24.63964295,1,1
8008,MK-5108,ERLOTINIB,MSTO,36.21998274,1,1
8018,MK-5108,ERLOTINIB,SW837,25.84136336,1,1
8019,MK-5108,ERLOTINIB,T47D,37.66636466,1,1
8020,MK-5108,ERLOTINIB,UACC62,31.40755313,1,1
8021,MK-5108,ERLOTINIB,VCAP,25.87509492,1,1
8022,MK-5108,ERLOTINIB,ZR751,28.68567442,1,1
8023,MK-5108,GELDANAMYCIN,A2058,-11.07479595,0,0
8026,MK-5108,GELDANAMYCIN,CAOV3,-15.45702269,0,0
8030,MK-5108,GELDANAMYCIN,LNCAP,-126.1315601,0,0
8034,MK-5108,GELDANAMYCIN,NCIH2122,-16.17185397,0,0
8037,MK-5108,GELDANAMYCIN,RKO,20.34957302,1,1
8040,MK-5108,GELDANAMYCIN,T47D,44.78143317,1,1
8043,MK-5108,GELDANAMYCIN,ZR751,-23.11928787,0,0
8044,MK-5108,MK-2206,A2780,22.87288173,1,1
8045,MK-5108,MK-2206,CAOV3,39.86931558,1,1
8048,MK-5108,MK-2206,KPL1,38.0653465,1,1
8051,MK-5108,MK-2206,MSTO,65.69614413,1,1
8055,MK-5108,MK-2206,SKOV3,20.03864114,1,1
8057,MK-5108,MK-2206,T47D,-10.81630074,0,0
8060,MK-5108,MK-2206,ZR751,21.8990748,1,1
8061,MK-5108,MK-4827,A2058,29.71889812,1,1
8065,MK-5108,MK-4827,CAOV3,-16.44230102,0,0
8069,MK-5108,MK-4827,HT29,20.01385848,1,1
8071,MK-5108,MK-4827,LNCAP,-22.64114223,0,0
8072,MK-5108,MK-4827,MDAMB436,20.27148875,1,1
8073,MK-5108,MK-4827,NCIH2122,26.35883469,1,1
8076,MK-5108,MK-4827,NCIH520,-12.60974674,0,0
8077,MK-5108,MK-4827,RKO,48.30471226,1,1
8081,MK-5108,MK-4827,SW620,21.13464294,1,1
8086,MK-5108,MK-8669,A2780,49.68135611,1,1
8087,MK-5108,MK-8669,A375,24.16971411,1,1
8088,MK-5108,MK-8669,A427,20.57500865,1,1
8089,MK-5108,MK-8669,CAOV3,35.00406323,1,1
8091,MK-5108,MK-8669,KPL1,28.98951479,1,1
8094,MK-5108,MK-8669,MSTO,26.77965278,1,1
8095,MK-5108,MK-8669,NCIH1650,23.75960104,1,1
8098,MK-5108,MK-8669,NCIH460,-10.61530885,0,0
8101,MK-5108,MK-8669,RPMI7951,25.76183713,1,1
8102,MK-5108,MK-8669,SKMEL30,29.02456041,1,1
8104,MK-5108,MK-8669,SKOV3,28.44464402,1,1
8106,MK-5108,MK-8669,SW837,27.76140018,1,1
8107,MK-5108,MK-8669,T47D,35.58025624,1,1
8108,MK-5108,MK-8669,UACC62,24.36393983,1,1
8109,MK-5108,MK-8669,VCAP,20.43438876,1,1
8116,MK-5108,MK-8776,LNCAP,-84.97298671,0,0
8117,MK-5108,MK-8776,MSTO,-17.04799999,0,0
8119,MK-5108,MK-8776,NCIH2122,-17.11363575,0,0
8121,MK-5108,MK-8776,NCIH460,-10.55445105,0,0
8122,MK-5108,MK-8776,NCIH520,-12.58569527,0,0
8126,MK-5108,MK-8776,SKMEL30,26.77067277,1,1
8128,MK-5108,MK-8776,SKOV3,20.12986518,1,1
8134,MK-5108,PD325901,A2780,24.75633648,1,1
8137,MK-5108,PD325901,HCT116,40.87877443,1,1
8139,MK-5108,PD325901,LNCAP,-86.71063539,0,0
8142,MK-5108,PD325901,NCIH2122,-10.1646911,0,0
8143,MK-5108,PD325901,NCIH23,21.12881206,1,1
8145,MK-5108,PD325901,NCIH520,-10.06844079,0,0
8149,MK-5108,PD325901,SKOV3,22.39965088,1,1
8152,MK-5108,PD325901,T47D,25.57999248,1,1
8154,MK-5108,PD325901,ZR751,-18.51008646,0,0
8157,MK-5108,SN-38,CAOV3,-20.33650068,0,0
8160,MK-5108,SN-38,LNCAP,-13.02700325,0,0
8163,MK-5108,SN-38,NCIH2122,-115.0417586,0,0
8165,MK-5108,SN-38,NCIH460,-11.70061119,0,0
8166,MK-5108,SN-38,NCIH520,-17.89989057,0,0
8177,MK-5108,SORAFENIB,CAOV3,-16.3547382,0,0
8183,MK-5108,SORAFENIB,NCIH2122,-10.33994055,0,0
8193,MK-5108,TOPOTECAN,A427,-18.63846458,0,0
8194,MK-5108,TOPOTECAN,ES2,25.58294626,1,1
8195,MK-5108,TOPOTECAN,HCT116,23.69062079,1,1
8198,MK-5108,TOPOTECAN,LNCAP,-125.2246186,0,0
8200,MK-5108,TOPOTECAN,MSTO,24.29142696,1,1
8201,MK-5108,TOPOTECAN,NCIH2122,-12.8758394,0,0
8203,MK-5108,TOPOTECAN,NCIH460,-11.42581725,0,0
8205,MK-5108,TOPOTECAN,RKO,23.45529874,1,1
8209,MK-5108,TOPOTECAN,SKOV3,25.62696461,1,1
8212,MK-8669,BEZ-235,A2058,86.59857058,1,1
8213,MK-8669,BEZ-235,A2780,72.08907467,1,1
8214,MK-8669,BEZ-235,A375,69.91835046,1,1
8215,MK-8669,BEZ-235,A427,60.80700067,1,1
8216,MK-8669,BEZ-235,CAOV3,75.9558035,1,1
8217,MK-8669,BEZ-235,ES2,84.57574208,1,1
8218,MK-8669,BEZ-235,HCT116,40.8803063,1,1
8219,MK-8669,BEZ-235,HT144,93.01822106,1,1
8220,MK-8669,BEZ-235,HT29,52.84762555,1,1
8221,MK-8669,BEZ-235,KPL1,65.72843906,1,1
8222,MK-8669,BEZ-235,LNCAP,139.6131195,1,1
8223,MK-8669,BEZ-235,LOVO,56.87485083,1,1
8224,MK-8669,BEZ-235,MDAMB436,37.14062847,1,1
8225,MK-8669,BEZ-235,MSTO,155.2523888,1,1
8226,MK-8669,BEZ-235,NCIH1650,80.70328515,1,1
8227,MK-8669,BEZ-235,NCIH2122,107.4570426,1,1
8228,MK-8669,BEZ-235,NCIH23,64.79024972,1,1
8229,MK-8669,BEZ-235,NCIH460,75.05127147,1,1
8230,MK-8669,BEZ-235,NCIH520,77.37379228,1,1
8231,MK-8669,BEZ-235,OV90,63.57179273,1,1
8232,MK-8669,BEZ-235,RKO,44.35690404,1,1
8233,MK-8669,BEZ-235,RPMI7951,75.29882288,1,1
8234,MK-8669,BEZ-235,SKMEL30,121.0564092,1,1
8235,MK-8669,BEZ-235,SKMES1,90.84458241,1,1
8236,MK-8669,BEZ-235,SKOV3,67.99989156,1,1
8237,MK-8669,BEZ-235,SW620,82.79496881,1,1
8238,MK-8669,BEZ-235,SW837,101.5509715,1,1
8239,MK-8669,BEZ-235,T47D,179.1233246,1,1
8240,MK-8669,BEZ-235,UACC62,102.4787821,1,1
8241,MK-8669,BEZ-235,VCAP,88.20447518,1,1
8242,MK-8669,BEZ-235,ZR751,63.90878282,1,1
8244,MK-8669,DINACICLIB,A2780,31.92794058,1,1
8251,MK-8669,DINACICLIB,KPL1,21.62429127,1,1
8252,MK-8669,DINACICLIB,LNCAP,33.37503452,1,1
8255,MK-8669,DINACICLIB,NCIH1650,23.35658885,1,1
8259,MK-8669,DINACICLIB,RKO,26.28722054,1,1
8260,MK-8669,DINACICLIB,RPMI7951,23.62393784,1,1
8265,MK-8669,DINACICLIB,T47D,22.72587666,1,1
8267,MK-8669,DINACICLIB,VCAP,25.02618436,1,1
8269,MK-8669,GELDANAMYCIN,A2058,20.58591637,1,1
8272,MK-8669,GELDANAMYCIN,A427,23.35177525,1,1
8273,MK-8669,GELDANAMYCIN,ES2,21.90875084,1,1
8274,MK-8669,GELDANAMYCIN,HT144,25.17810212,1,1
8276,MK-8669,GELDANAMYCIN,KPL1,40.09982029,1,1
8277,MK-8669,GELDANAMYCIN,LNCAP,46.33929327,1,1
8278,MK-8669,GELDANAMYCIN,MDAMB436,20.40545613,1,1
8279,MK-8669,GELDANAMYCIN,MSTO,58.24143384,1,1
8282,MK-8669,GELDANAMYCIN,RKO,22.96534037,1,1
8283,MK-8669,GELDANAMYCIN,SKMEL30,42.51383953,1,1
8284,MK-8669,GELDANAMYCIN,SKMES1,25.78864224,1,1
8287,MK-8669,GELDANAMYCIN,T47D,31.55305418,1,1
8288,MK-8669,GELDANAMYCIN,UACC62,21.51346876,1,1
8290,MK-8669,MK-8776,A2058,61.78624825,1,1
8291,MK-8669,MK-8776,A2780,52.98183075,1,1
8292,MK-8669,MK-8776,A375,60.06891772,1,1
8293,MK-8669,MK-8776,A427,31.27105198,1,1
8294,MK-8669,MK-8776,CAOV3,59.7006634,1,1
8295,MK-8669,MK-8776,ES2,60.15761148,1,1
8297,MK-8669,MK-8776,HT144,42.27239915,1,1
8298,MK-8669,MK-8776,HT29,29.37671336,1,1
8299,MK-8669,MK-8776,KPL1,23.58303656,1,1
8300,MK-8669,MK-8776,LNCAP,21.16285299,1,1
8302,MK-8669,MK-8776,MDAMB436,31.09414288,1,1
8303,MK-8669,MK-8776,MSTO,28.57924493,1,1
8304,MK-8669,MK-8776,NCIH1650,27.40191109,1,1
8306,MK-8669,MK-8776,NCIH23,28.35880461,1,1
8307,MK-8669,MK-8776,OV90,20.71815063,1,1
8308,MK-8669,MK-8776,RKO,59.98909867,1,1
8309,MK-8669,MK-8776,RPMI7951,20.5268354,1,1
8310,MK-8669,MK-8776,SKMEL30,57.25773487,1,1
8312,MK-8669,MK-8776,SKOV3,62.78158881,1,1
8313,MK-8669,MK-8776,T47D,29.89624814,1,1
8314,MK-8669,MK-8776,UACC62,33.02638245,1,1
8319,MK-8669,SN-38,A375,28.43336076,1,1
8323,MK-8669,SN-38,HT144,26.9966235,1,1
8325,MK-8669,SN-38,KPL1,41.01096111,1,1
8329,MK-8669,SN-38,MSTO,41.1560826,1,1
8333,MK-8669,SN-38,RPMI7951,72.45465002,1,1
8334,MK-8669,SN-38,SKMEL30,25.32226033,1,1
8336,MK-8669,SN-38,SKOV3,21.10863801,1,1
8337,MK-8669,SN-38,T47D,-23.09505806,0,0
8339,MK-8669,SN-38,VCAP,28.27510877,1,1
8340,MK-8669,SN-38,ZR751,27.65712714,1,1
8347,MK-8669,SORAFENIB,HCT116,20.63511872,1,1
8351,MK-8669,SORAFENIB,NCIH1650,22.15964253,1,1
8353,MK-8669,SORAFENIB,NCIH23,21.48864779,1,1
8354,MK-8669,SORAFENIB,NCIH460,22.70194553,1,1
8359,MK-8669,SORAFENIB,SKMEL30,20.14689841,1,1
8360,MK-8669,SORAFENIB,SKMES1,30.09994807,1,1
8361,MK-8669,SORAFENIB,SKOV3,29.70237208,1,1
8367,MK-8669,TOPOTECAN,A2058,-12.66791778,0,0
8369,MK-8669,TOPOTECAN,A375,27.92125327,1,1
8370,MK-8669,TOPOTECAN,A427,25.65327168,1,1
8373,MK-8669,TOPOTECAN,HT144,33.45451181,1,1
8374,MK-8669,TOPOTECAN,HT29,23.95055575,1,1
8375,MK-8669,TOPOTECAN,KPL1,53.40176866,1,1
8376,MK-8669,TOPOTECAN,LNCAP,-151.6624548,0,0
8379,MK-8669,TOPOTECAN,MSTO,29.45834731,1,1
8380,MK-8669,TOPOTECAN,NCIH1650,26.44532958,1,1
8382,MK-8669,TOPOTECAN,NCIH520,23.89003247,1,1
8384,MK-8669,TOPOTECAN,RKO,24.56279779,1,1
8385,MK-8669,TOPOTECAN,SKMEL30,31.66894971,1,1
8386,MK-8669,TOPOTECAN,SKOV3,32.90660924,1,1
8390,MK-8669,TOPOTECAN,VCAP,27.35834307,1,1
8391,MK-8669,TOPOTECAN,ZR751,27.5378498,1,1
8397,MRK-003,5-FU,MSTO,-46.93608306,0,0
8398,MRK-003,5-FU,NCIH2122,-11.30174615,0,0
8403,MRK-003,5-FU,T47D,-10.84738769,0,0
8408,MRK-003,ABT-888,CAOV3,20.83110519,1,1
8409,MRK-003,ABT-888,ES2,-11.81453934,0,0
8412,MRK-003,ABT-888,KPL1,20.1494603,1,1
8420,MRK-003,ABT-888,ZR751,-18.40894358,0,0
8426,MRK-003,AZD1775,LNCAP,-13.44130693,0,0
8427,MRK-003,AZD1775,MSTO,-14.39393188,0,0
8428,MRK-003,AZD1775,NCIH1650,20.99260592,1,1
8435,MRK-003,AZD1775,SKOV3,21.80255602,1,1
8439,MRK-003,BEZ-235,A2058,21.56507558,1,1
8440,MRK-003,BEZ-235,A2780,24.6247986,1,1
8441,MRK-003,BEZ-235,A375,34.29024013,1,1
8442,MRK-003,BEZ-235,A427,32.23472051,1,1
8443,MRK-003,BEZ-235,CAOV3,47.31021095,1,1
8444,MRK-003,BEZ-235,ES2,20.53159817,1,1
8446,MRK-003,BEZ-235,HT144,23.38097587,1,1
8447,MRK-003,BEZ-235,HT29,26.10956488,1,1
8449,MRK-003,BEZ-235,LNCAP,78.42964487,1,1
8450,MRK-003,BEZ-235,LOVO,27.91776764,1,1
8451,MRK-003,BEZ-235,MDAMB436,29.43342464,1,1
8453,MRK-003,BEZ-235,NCIH1650,22.5718613,1,1
8454,MRK-003,BEZ-235,NCIH2122,25.78383409,1,1
8456,MRK-003,BEZ-235,NCIH520,27.94910357,1,1
8457,MRK-003,BEZ-235,OV90,22.66092692,1,1
8458,MRK-003,BEZ-235,RPMI7951,32.7321409,1,1
8459,MRK-003,BEZ-235,SKMEL30,25.71338117,1,1
8460,MRK-003,BEZ-235,SKMES1,24.43733695,1,1
8461,MRK-003,BEZ-235,SKOV3,27.0094196,1,1
8462,MRK-003,BEZ-235,SW620,21.03143335,1,1
8463,MRK-003,BEZ-235,SW837,20.90173201,1,1
8464,MRK-003,BEZ-235,T47D,103.2081093,1,1
8465,MRK-003,BEZ-235,UACC62,25.29485648,1,1
8466,MRK-003,BEZ-235,VCAP,41.99838718,1,1
8468,MRK-003,BORTEZOMIB,A2780,-16.88497689,0,0
8469,MRK-003,BORTEZOMIB,A375,28.45890484,1,1
8473,MRK-003,BORTEZOMIB,HT29,-13.09403784,0,0
8477,MRK-003,BORTEZOMIB,MSTO,70.07591401,1,1
8481,MRK-003,BORTEZOMIB,NCIH520,-20.52460047,0,0
8485,MRK-003,BORTEZOMIB,SKMES1,-11.17998097,0,0
8489,MRK-003,BORTEZOMIB,ZR751,-22.61482513,0,0
8492,MRK-003,CYCLOPHOSPHAMIDE,CAOV3,30.66667933,1,1
8493,MRK-003,CYCLOPHOSPHAMIDE,ES2,-13.09375107,0,0
8496,MRK-003,CYCLOPHOSPHAMIDE,LNCAP,-24.11665086,0,0
8497,MRK-003,CYCLOPHOSPHAMIDE,LOVO,-10.06942914,0,0
8507,MRK-003,CYCLOPHOSPHAMIDE,T47D,-33.56754882,0,0
8511,MRK-003,DASATINIB,A2058,32.18828097,1,1
8512,MRK-003,DASATINIB,A2780,60.44362188,1,1
8513,MRK-003,DASATINIB,A427,47.88024928,1,1
8516,MRK-003,DASATINIB,HCT116,-12.28766755,0,0
8517,MRK-003,DASATINIB,HT144,-41.84289743,0,0
8518,MRK-003,DASATINIB,HT29,37.46797033,1,1
8519,MRK-003,DASATINIB,KPL1,44.34441779,1,1
8521,MRK-003,DASATINIB,LOVO,44.17722855,1,1
8522,MRK-003,DASATINIB,MDAMB436,25.64256087,1,1
8523,MRK-003,DASATINIB,MSTO,46.45779052,1,1
8524,MRK-003,DASATINIB,NCIH1650,39.38152611,1,1
8525,MRK-003,DASATINIB,NCIH2122,-25.42579406,0,0
8526,MRK-003,DASATINIB,NCIH23,22.55935303,1,1
8527,MRK-003,DASATINIB,NCIH520,58.17696562,1,1
8528,MRK-003,DASATINIB,OV90,24.86301129,1,1
8530,MRK-003,DASATINIB,SKMEL30,-16.4038587,0,0
8531,MRK-003,DASATINIB,SKMES1,39.02816923,1,1
8533,MRK-003,DASATINIB,SW837,31.77808016,1,1
8535,MRK-003,DASATINIB,VCAP,29.37734376,1,1
8538,MRK-003,DEXAMETHASONE,CAOV3,27.95797453,1,1
8539,MRK-003,DEXAMETHASONE,ES2,-19.72496457,0,0
8542,MRK-003,DEXAMETHASONE,KPL1,29.23078095,1,1
8543,MRK-003,DEXAMETHASONE,LNCAP,-21.36099802,0,0
8546,MRK-003,DEXAMETHASONE,NCIH2122,-20.66461599,0,0
8548,MRK-003,DEXAMETHASONE,RPMI7951,-19.4869087,0,0
8550,MRK-003,DEXAMETHASONE,SKOV3,20.04236018,1,1
8557,MRK-003,DINACICLIB,HCT116,-14.82703116,0,0
8560,MRK-003,DINACICLIB,KPL1,-10.91130246,0,0
8564,MRK-003,DINACICLIB,MSTO,-13.13813959,0,0
8566,MRK-003,DINACICLIB,NCIH460,-10.03595636,0,0
8569,MRK-003,DINACICLIB,RKO,-12.23043416,0,0
8573,MRK-003,DINACICLIB,SW837,-12.4398598,0,0
8574,MRK-003,DINACICLIB,T47D,-28.64086619,0,0
8576,MRK-003,DINACICLIB,ZR751,-21.16692096,0,0
8580,MRK-003,DOXORUBICIN,HCT116,-14.10937048,0,0
8584,MRK-003,DOXORUBICIN,LNCAP,-17.38201423,0,0
8585,MRK-003,DOXORUBICIN,MDAMB436,-11.8464673,0,0
8586,MRK-003,DOXORUBICIN,MSTO,-30.17628088,0,0
8588,MRK-003,DOXORUBICIN,NCIH2122,-17.00698015,0,0
8591,MRK-003,DOXORUBICIN,OV90,-19.99623629,0,0
8592,MRK-003,DOXORUBICIN,RKO,-10.08227892,0,0
8595,MRK-003,DOXORUBICIN,SKOV3,-21.22172075,0,0
8596,MRK-003,DOXORUBICIN,SW837,-12.61470596,0,0
8599,MRK-003,ERLOTINIB,CAOV3,22.33232939,1,1
8602,MRK-003,ERLOTINIB,HT29,26.50949979,1,1
8603,MRK-003,ERLOTINIB,KPL1,24.37836066,1,1
8604,MRK-003,ERLOTINIB,LNCAP,-18.98522102,0,0
8605,MRK-003,ERLOTINIB,LOVO,22.84912197,1,1
8606,MRK-003,ERLOTINIB,MSTO,-26.99508519,0,0
8607,MRK-003,ERLOTINIB,NCIH1650,22.36001461,1,1
8608,MRK-003,ERLOTINIB,NCIH2122,30.42269649,1,1
8613,MRK-003,ERLOTINIB,SKMEL30,23.2532165,1,1
8615,MRK-003,ERLOTINIB,SKOV3,28.89917641,1,1
8617,MRK-003,ERLOTINIB,SW837,28.8064134,1,1
8626,MRK-003,ETOPOSIDE,CAOV3,99.79199539,1,1
8628,MRK-003,ETOPOSIDE,HT144,21.88445585,1,1
8629,MRK-003,ETOPOSIDE,KPL1,24.86223534,1,1
8632,MRK-003,ETOPOSIDE,MSTO,-24.803394,0,0
8635,MRK-003,ETOPOSIDE,NCIH23,-134.2947319,0,0
8639,MRK-003,ETOPOSIDE,SKMEL30,22.72086509,1,1
8642,MRK-003,ETOPOSIDE,SW837,28.34318756,1,1
8646,MRK-003,GELDANAMYCIN,A2780,-12.66660278,0,0
8648,MRK-003,GELDANAMYCIN,ES2,-19.89304695,0,0
8659,MRK-003,GELDANAMYCIN,OV90,-16.93916453,0,0
8660,MRK-003,GELDANAMYCIN,RKO,-26.91209811,0,0
8661,MRK-003,GELDANAMYCIN,RPMI7951,-13.58782852,0,0
8662,MRK-003,GELDANAMYCIN,SKMEL30,-14.61374633,0,0
8665,MRK-003,GELDANAMYCIN,SW620,-15.40972882,0,0
8669,MRK-003,GELDANAMYCIN,ZR751,-15.71910754,0,0
8670,MRK-003,GEMCITABINE,A375,-16.01027551,0,0
8674,MRK-003,GEMCITABINE,MSTO,-12.82298693,0,0
8677,MRK-003,GEMCITABINE,RKO,-13.20007836,0,0
8680,MRK-003,GEMCITABINE,SKMES1,-18.41925686,0,0
8684,MRK-003,L778123,CAOV3,22.4430409,1,1
8697,MRK-003,L778123,ZR751,-11.57008372,0,0
8698,MRK-003,LAPATINIB,A2058,24.81260031,1,1
8699,MRK-003,LAPATINIB,A2058,24.81260031,1,1
8701,MRK-003,LAPATINIB,A375,28.4889098,1,1
8702,MRK-003,LAPATINIB,A375,28.4889098,1,1
8704,MRK-003,LAPATINIB,CAOV3,44.21015489,1,1
8706,MRK-003,LAPATINIB,HCT116,25.25807616,1,1
8707,MRK-003,LAPATINIB,HCT116,25.25807616,1,1
8708,MRK-003,LAPATINIB,HT144,20.88250728,1,1
8709,MRK-003,LAPATINIB,HT29,27.5021381,1,1
8710,MRK-003,LAPATINIB,HT29,27.5021381,1,1
8712,MRK-003,LAPATINIB,LNCAP,-19.82882102,0,0
8713,MRK-003,LAPATINIB,LOVO,34.66742139,1,1
8714,MRK-003,LAPATINIB,LOVO,34.66742139,1,1
8715,MRK-003,LAPATINIB,NCIH1650,28.21085652,1,1
8716,MRK-003,LAPATINIB,NCIH1650,28.21085652,1,1
8717,MRK-003,LAPATINIB,NCIH2122,33.8747342,1,1
8718,MRK-003,LAPATINIB,NCIH2122,33.8747342,1,1
8723,MRK-003,LAPATINIB,RPMI7951,32.88576015,1,1
8724,MRK-003,LAPATINIB,SKMEL30,41.94832492,1,1
8725,MRK-003,LAPATINIB,SKMES1,20.68838718,1,1
8726,MRK-003,LAPATINIB,SKOV3,31.23952019,1,1
8727,MRK-003,LAPATINIB,SW837,43.25761808,1,1
8728,MRK-003,LAPATINIB,T47D,22.23133032,1,1
8729,MRK-003,LAPATINIB,UACC62,27.15259096,1,1
8740,MRK-003,METFORMIN,ZR751,-21.81015091,0,0
8741,MRK-003,METHOTREXATE,A2058,-11.78689083,0,0
8744,MRK-003,METHOTREXATE,HCT116,-26.02290232,0,0
8746,MRK-003,METHOTREXATE,HT29,-10.62429454,0,0
8747,MRK-003,METHOTREXATE,KPL1,-10.63755703,0,0
8748,MRK-003,METHOTREXATE,LNCAP,-17.42900874,0,0
8750,MRK-003,METHOTREXATE,MSTO,-10.76062272,0,0
8753,MRK-003,METHOTREXATE,NCIH460,-19.69008055,0,0
8754,MRK-003,METHOTREXATE,NCIH520,-12.52320453,0,0
8755,MRK-003,METHOTREXATE,RKO,-24.15564438,0,0
8756,MRK-003,METHOTREXATE,SKMEL30,-27.71425075,0,0
8760,MRK-003,METHOTREXATE,ZR751,-17.22399904,0,0
8765,MRK-003,MITOMYCINE,HCT116,-12.58149629,0,0
8767,MRK-003,MITOMYCINE,LNCAP,-12.72371469,0,0
8768,MRK-003,MITOMYCINE,MSTO,-14.50481543,0,0
8770,MRK-003,MITOMYCINE,NCIH2122,-24.18387012,0,0
8772,MRK-003,MITOMYCINE,NCIH460,-21.52474653,0,0
8776,MRK-003,MITOMYCINE,SKMES1,-12.56344269,0,0
8782,MRK-003,MK-2206,A2780,31.07556128,1,1
8784,MRK-003,MK-2206,A427,28.18474833,1,1
8785,MRK-003,MK-2206,CAOV3,67.16029107,1,1
8789,MRK-003,MK-2206,HT29,31.77448288,1,1
8793,MRK-003,MK-2206,NCIH1650,41.67576786,1,1
8794,MRK-003,MK-2206,NCIH2122,21.16487536,1,1
8796,MRK-003,MK-2206,NCIH520,27.50568919,1,1
8797,MRK-003,MK-2206,OV90,23.14345045,1,1
8798,MRK-003,MK-2206,RKO,20.11165768,1,1
8799,MRK-003,MK-2206,RPMI7951,20.65986193,1,1
8800,MRK-003,MK-2206,SKMEL30,25.35310255,1,1
8801,MRK-003,MK-2206,SKMES1,29.97436596,1,1
8802,MRK-003,MK-2206,SKOV3,35.88559234,1,1
8804,MRK-003,MK-2206,T47D,33.36781248,1,1
8806,MRK-003,MK-2206,VCAP,27.66022432,1,1
8807,MRK-003,MK-4827,A2058,28.49852592,1,1
8810,MRK-003,MK-4827,A427,23.22175096,1,1
8821,MRK-003,MK-4827,NCIH23,21.88768163,1,1
8827,MRK-003,MK-4827,SKOV3,25.3685595,1,1
8830,MRK-003,MK-4827,T47D,33.61059192,1,1
8838,MRK-003,MK-5108,LNCAP,-33.88822665,0,0
8842,MRK-003,MK-5108,NCIH2122,-22.05619751,0,0
8843,MRK-003,MK-5108,NCIH460,-15.95630222,0,0
8848,MRK-003,MK-5108,ZR751,-10.25615397,0,0
8849,MRK-003,MK-8669,A2058,23.52644227,1,1
8850,MRK-003,MK-8669,A2780,25.5228282,1,1
8853,MRK-003,MK-8669,CAOV3,31.06830746,1,1
8855,MRK-003,MK-8669,HT29,26.29173532,1,1
8856,MRK-003,MK-8669,KPL1,23.06844976,1,1
8857,MRK-003,MK-8669,LOVO,29.67300707,1,1
8859,MRK-003,MK-8669,NCIH1650,33.2488083,1,1
8862,MRK-003,MK-8669,NCIH520,24.44548857,1,1
8863,MRK-003,MK-8669,OV90,24.79055813,1,1
8865,MRK-003,MK-8669,RPMI7951,23.26839306,1,1
8866,MRK-003,MK-8669,SKMEL30,26.22380957,1,1
8867,MRK-003,MK-8669,SKMES1,21.11682863,1,1
8868,MRK-003,MK-8669,SKOV3,40.08550533,1,1
8869,MRK-003,MK-8669,T47D,38.439834,1,1
8871,MRK-003,MK-8669,VCAP,27.65832722,1,1
8872,MRK-003,MK-8776,A375,20.64268984,1,1
8874,MRK-003,MK-8776,CAOV3,37.9456134,1,1
8878,MRK-003,MK-8776,MSTO,-11.67641589,0,0
8879,MRK-003,MK-8776,NCIH2122,-13.27483884,0,0
8884,MRK-003,MK-8776,SKMEL30,38.49761653,1,1
8885,MRK-003,MK-8776,SKOV3,25.92829771,1,1
8886,MRK-003,MK-8776,SW837,-17.80938865,0,0
8893,MRK-003,PACLITAXEL,A375,61.18937958,1,1
8895,MRK-003,PACLITAXEL,ES2,44.62056798,1,1
8897,MRK-003,PACLITAXEL,HT144,37.36052071,1,1
8899,MRK-003,PACLITAXEL,LNCAP,-26.38808471,0,0
8900,MRK-003,PACLITAXEL,LOVO,21.69350126,1,1
8904,MRK-003,PACLITAXEL,NCIH2122,-16.25319265,0,0
8906,MRK-003,PACLITAXEL,NCIH460,28.58064629,1,1
8908,MRK-003,PACLITAXEL,OV90,29.66080192,1,1
8909,MRK-003,PACLITAXEL,RKO,-18.04446765,0,0
8911,MRK-003,PACLITAXEL,SKMEL30,28.10055931,1,1
8912,MRK-003,PACLITAXEL,SKMES1,41.1914245,1,1
8916,MRK-003,PACLITAXEL,UACC62,21.2064771,1,1
8917,MRK-003,PACLITAXEL,VCAP,28.84721015,1,1
8921,MRK-003,PD325901,A427,22.65986615,1,1
8926,MRK-003,PD325901,KPL1,27.80127041,1,1
8927,MRK-003,PD325901,LNCAP,39.26101661,1,1
8928,MRK-003,PD325901,LOVO,20.92326198,1,1
8937,MRK-003,PD325901,T47D,28.15700653,1,1
8941,MRK-003,SN-38,A375,22.68725985,1,1
8955,MRK-003,SN-38,RPMI7951,29.36783073,1,1
8957,MRK-003,SN-38,SKOV3,20.24654996,1,1
8972,MRK-003,SORAFENIB,SKMES1,21.47860522,1,1
8973,MRK-003,SORAFENIB,SKOV3,29.31030464,1,1
8992,MRK-003,SUNITINIB,LNCAP,-10.25000138,0,0
9004,MRK-003,SUNITINIB,T47D,21.25627648,1,1
9010,MRK-003,TEMOZOLOMIDE,A427,29.35626525,1,1
9012,MRK-003,TEMOZOLOMIDE,HT144,-13.70181069,0,0
9018,MRK-003,TEMOZOLOMIDE,NCIH1650,-17.82780988,0,0
9021,MRK-003,TEMOZOLOMIDE,NCIH460,-16.09786255,0,0
9025,MRK-003,TEMOZOLOMIDE,RPMI7951,29.19431262,1,1
9026,MRK-003,TEMOZOLOMIDE,SKMEL30,22.10286153,1,1
9028,MRK-003,TEMOZOLOMIDE,SW837,-25.92718364,0,0
9029,MRK-003,TEMOZOLOMIDE,T47D,-42.30758766,0,0
9031,MRK-003,TEMOZOLOMIDE,ZR751,-68.69003565,0,0
9032,MRK-003,TOPOTECAN,A2058,26.47796045,1,1
9036,MRK-003,TOPOTECAN,ES2,30.6828376,1,1
9039,MRK-003,TOPOTECAN,KPL1,23.39061211,1,1
9040,MRK-003,TOPOTECAN,LNCAP,-122.98712,0,0
9043,MRK-003,TOPOTECAN,MSTO,22.79491501,1,1
9044,MRK-003,TOPOTECAN,NCIH1650,22.58570349,1,1
9045,MRK-003,TOPOTECAN,NCIH23,49.94887065,1,1
9051,MRK-003,TOPOTECAN,SKMEL30,27.23327901,1,1
9052,MRK-003,TOPOTECAN,SKMES1,50.44560899,1,1
9053,MRK-003,TOPOTECAN,SKOV3,50.65086449,1,1
9054,MRK-003,TOPOTECAN,SW620,20.58261433,1,1
9055,MRK-003,TOPOTECAN,VCAP,33.14463431,1,1
9056,MRK-003,VINBLASTINE,A2058,74.58710605,1,1
9057,MRK-003,VINBLASTINE,A2058,74.58710605,0,1
9058,MRK-003,VINBLASTINE,A375,37.37917638,1,1
9059,MRK-003,VINBLASTINE,A375,37.37917638,1,1
9060,MRK-003,VINBLASTINE,A427,21.38361583,1,1
9063,MRK-003,VINBLASTINE,ES2,51.63668555,1,1
9064,MRK-003,VINBLASTINE,ES2,51.63668555,1,1
9065,MRK-003,VINBLASTINE,HCT116,44.45517237,1,1
9066,MRK-003,VINBLASTINE,HCT116,44.45517237,0,1
9067,MRK-003,VINBLASTINE,HT144,39.89326817,1,1
9070,MRK-003,VINBLASTINE,KPL1,29.13103182,1,1
9071,MRK-003,VINBLASTINE,LNCAP,25.61837278,1,1
9072,MRK-003,VINBLASTINE,LOVO,26.72651761,1,1
9073,MRK-003,VINBLASTINE,LOVO,26.72651761,1,1
9074,MRK-003,VINBLASTINE,MDAMB436,33.22404851,1,1
9075,MRK-003,VINBLASTINE,NCIH1650,28.92152118,1,1
9076,MRK-003,VINBLASTINE,NCIH1650,28.92152118,1,1
9077,MRK-003,VINBLASTINE,NCIH2122,51.90018867,1,1
9078,MRK-003,VINBLASTINE,NCIH2122,51.90018867,1,1
9079,MRK-003,VINBLASTINE,NCIH23,20.98464228,1,1
9080,MRK-003,VINBLASTINE,NCIH23,20.98464228,0,1
9081,MRK-003,VINBLASTINE,NCIH460,23.83023938,1,1
9084,MRK-003,VINBLASTINE,RKO,42.79292458,1,1
9085,MRK-003,VINBLASTINE,RPMI7951,29.74867706,1,1
9086,MRK-003,VINBLASTINE,SKMEL30,28.69396325,1,1
9087,MRK-003,VINBLASTINE,SKMES1,34.92466259,1,1
9088,MRK-003,VINBLASTINE,SKOV3,60.51595805,1,1
9089,MRK-003,VINBLASTINE,SW620,49.98731596,1,1
9090,MRK-003,VINBLASTINE,SW620,49.98731596,0,1
9091,MRK-003,VINBLASTINE,SW837,29.72188792,1,1
9092,MRK-003,VINBLASTINE,UACC62,36.74187807,1,1
9093,MRK-003,VINBLASTINE,VCAP,80.77168358,1,1
9096,MRK-003,VINORELBINE,A375,35.52639689,1,1
9097,MRK-003,VINORELBINE,A427,-10.03551187,0,0
9098,MRK-003,VINORELBINE,CAOV3,-24.19881491,0,0
9100,MRK-003,VINORELBINE,HCT116,-13.91778017,0,0
9102,MRK-003,VINORELBINE,HT29,-17.43154058,0,0
9107,MRK-003,VINORELBINE,NCIH2122,-22.65555036,0,0
9109,MRK-003,VINORELBINE,OV90,36.76331763,1,1
9110,MRK-003,VINORELBINE,RKO,-20.27390524,0,0
9113,MRK-003,VINORELBINE,SKOV3,22.22349356,1,1
9114,MRK-003,VINORELBINE,VCAP,-11.29668194,0,0
9115,MRK-003,VINORELBINE,ZR751,-15.26867252,0,0
9118,MRK-003,ZOLINZA,A427,-26.1766223,0,0
9119,MRK-003,ZOLINZA,CAOV3,23.57929102,1,1
9132,MRK-003,ZOLINZA,SKOV3,31.10171948,1,1
9135,MRK-003,ZOLINZA,VCAP,31.14318797,1,1
9136,MRK-003,ZOLINZA,ZR751,-16.57586756,0,0
9143,PACLITAXEL,ABT-888,LNCAP,-14.87925873,0,0
9148,PACLITAXEL,ABT-888,NCIH2122,-171.0483071,0,0
9149,PACLITAXEL,ABT-888,NCIH23,-10.74498217,0,0
9156,PACLITAXEL,ABT-888,SW837,-20.96178892,0,0
9158,PACLITAXEL,AZD1775,A2058,-10.30531376,0,0
9162,PACLITAXEL,AZD1775,HT144,28.69024646,1,1
9164,PACLITAXEL,AZD1775,NCIH2122,-19.27158122,0,0
9170,PACLITAXEL,AZD1775,SKOV3,24.58481147,1,1
9171,PACLITAXEL,AZD1775,T47D,-22.91511908,0,0
9176,PACLITAXEL,BEZ-235,A375,25.47613005,1,1
9177,PACLITAXEL,BEZ-235,CAOV3,-15.28519987,0,0
9179,PACLITAXEL,BEZ-235,HT144,27.10803313,1,1
9180,PACLITAXEL,BEZ-235,KPL1,25.12688316,1,1
9181,PACLITAXEL,BEZ-235,LNCAP,40.7314284,1,1
9184,PACLITAXEL,BEZ-235,MSTO,39.96072878,1,1
9185,PACLITAXEL,BEZ-235,NCIH2122,-281.4366679,0,0
9186,PACLITAXEL,BEZ-235,NCIH23,-12.35477142,0,0
9187,PACLITAXEL,BEZ-235,NCIH460,34.60596163,1,1
9189,PACLITAXEL,BEZ-235,OV90,21.62314144,1,1
9193,PACLITAXEL,BEZ-235,SKMES1,27.89025798,1,1
9195,PACLITAXEL,BEZ-235,T47D,97.80849248,1,1
9197,PACLITAXEL,BEZ-235,ZR751,24.23366264,1,1
9198,PACLITAXEL,BORTEZOMIB,A2058,-19.12439888,0,0
9199,PACLITAXEL,BORTEZOMIB,A2780,-31.73348789,0,0
9200,PACLITAXEL,BORTEZOMIB,A375,-18.5657402,0,0
9201,PACLITAXEL,BORTEZOMIB,A427,-16.96281168,0,0
9202,PACLITAXEL,BORTEZOMIB,CAOV3,-22.40206064,0,0
9203,PACLITAXEL,BORTEZOMIB,ES2,-30.35084289,0,0
9204,PACLITAXEL,BORTEZOMIB,HCT116,-18.23971369,0,0
9206,PACLITAXEL,BORTEZOMIB,HT29,-44.45185179,0,0
9207,PACLITAXEL,BORTEZOMIB,KPL1,-10.13717282,0,0
9208,PACLITAXEL,BORTEZOMIB,LNCAP,-30.23837884,0,0
9210,PACLITAXEL,BORTEZOMIB,MSTO,68.85996267,1,1
9211,PACLITAXEL,BORTEZOMIB,NCIH1650,-32.16598917,0,0
9212,PACLITAXEL,BORTEZOMIB,NCIH2122,-307.0262696,0,0
9213,PACLITAXEL,BORTEZOMIB,NCIH23,-20.10145532,0,0
9214,PACLITAXEL,BORTEZOMIB,NCIH460,-20.01722888,0,0
9215,PACLITAXEL,BORTEZOMIB,NCIH520,-41.85144862,0,0
9217,PACLITAXEL,BORTEZOMIB,RKO,-13.90877605,0,0
9218,PACLITAXEL,BORTEZOMIB,RPMI7951,-10.50526892,0,0
9220,PACLITAXEL,BORTEZOMIB,SKMES1,-23.03106799,0,0
9222,PACLITAXEL,BORTEZOMIB,SW837,-12.11169183,0,0
9223,PACLITAXEL,BORTEZOMIB,T47D,-21.07086289,0,0
9224,PACLITAXEL,BORTEZOMIB,UACC62,-18.64682683,0,0
9225,PACLITAXEL,BORTEZOMIB,VCAP,-28.49151811,0,0
9226,PACLITAXEL,BORTEZOMIB,ZR751,-13.71700451,0,0
9227,PACLITAXEL,DASATINIB,A2058,28.72586162,1,1
9228,PACLITAXEL,DASATINIB,A2780,56.06199471,1,1
9229,PACLITAXEL,DASATINIB,A375,39.52376322,1,1
9230,PACLITAXEL,DASATINIB,A427,34.8923173,1,1
9232,PACLITAXEL,DASATINIB,ES2,29.61136337,1,1
9234,PACLITAXEL,DASATINIB,HT29,35.03273845,1,1
9236,PACLITAXEL,DASATINIB,LOVO,51.96863126,1,1
9237,PACLITAXEL,DASATINIB,MDAMB436,41.58936527,1,1
9238,PACLITAXEL,DASATINIB,MSTO,107.1762971,1,1
9239,PACLITAXEL,DASATINIB,NCIH1650,55.00265639,1,1
9240,PACLITAXEL,DASATINIB,NCIH2122,-50.43997571,0,0
9241,PACLITAXEL,DASATINIB,NCIH460,33.77257613,1,1
9242,PACLITAXEL,DASATINIB,NCIH520,57.07361604,1,1
9243,PACLITAXEL,DASATINIB,OV90,37.63341951,1,1
9246,PACLITAXEL,DASATINIB,SKMEL30,-10.42607125,0,0
9247,PACLITAXEL,DASATINIB,SKMES1,34.54764627,1,1
9248,PACLITAXEL,DASATINIB,SKOV3,39.52557668,1,1
9249,PACLITAXEL,DASATINIB,SW620,42.79281166,1,1
9250,PACLITAXEL,DASATINIB,SW837,26.46290586,1,1
9251,PACLITAXEL,DASATINIB,T47D,41.79292062,1,1
9253,PACLITAXEL,DASATINIB,VCAP,34.23515496,1,1
9254,PACLITAXEL,DASATINIB,ZR751,27.25068961,1,1
9255,PACLITAXEL,DINACICLIB,A2058,-18.69197124,0,0
9256,PACLITAXEL,DINACICLIB,A2780,-10.8670822,0,0
9258,PACLITAXEL,DINACICLIB,CAOV3,-15.79317009,0,0
9259,PACLITAXEL,DINACICLIB,HCT116,-18.4163491,0,0
9262,PACLITAXEL,DINACICLIB,LNCAP,-25.67176673,0,0
9266,PACLITAXEL,DINACICLIB,NCIH2122,-15.97456459,0,0
9267,PACLITAXEL,DINACICLIB,NCIH23,-16.90000215,0,0
9268,PACLITAXEL,DINACICLIB,NCIH520,-15.5305062,0,0
9274,PACLITAXEL,DINACICLIB,SKOV3,-18.0524935,0,0
9276,PACLITAXEL,DINACICLIB,SW837,-18.15651295,0,0
9277,PACLITAXEL,DINACICLIB,T47D,-45.76200708,0,0
9279,PACLITAXEL,DINACICLIB,ZR751,-18.18549828,0,0
9280,PACLITAXEL,ERLOTINIB,A2058,-12.62933099,0,0
9282,PACLITAXEL,ERLOTINIB,A375,67.02038632,1,1
9284,PACLITAXEL,ERLOTINIB,ES2,35.89332877,1,1
9285,PACLITAXEL,ERLOTINIB,HCT116,-15.14194861,0,0
9286,PACLITAXEL,ERLOTINIB,HT144,26.07666412,1,1
9288,PACLITAXEL,ERLOTINIB,LNCAP,-45.18370568,0,0
9289,PACLITAXEL,ERLOTINIB,LOVO,29.38236,1,1
9293,PACLITAXEL,ERLOTINIB,NCIH460,52.43475663,1,1
9295,PACLITAXEL,ERLOTINIB,RKO,-13.56300864,0,0
9298,PACLITAXEL,ERLOTINIB,SKMES1,36.3564748,1,1
9302,PACLITAXEL,ERLOTINIB,T47D,-31.32509433,0,0
9305,PACLITAXEL,ERLOTINIB,ZR751,32.55295347,1,1
9306,PACLITAXEL,GELDANAMYCIN,A2058,-28.98889615,0,0
9307,PACLITAXEL,GELDANAMYCIN,A2780,-16.76370882,0,0
9309,PACLITAXEL,GELDANAMYCIN,CAOV3,-23.56422588,0,0
9312,PACLITAXEL,GELDANAMYCIN,HT29,-18.23249281,0,0
9314,PACLITAXEL,GELDANAMYCIN,LNCAP,-45.11150944,0,0
9315,PACLITAXEL,GELDANAMYCIN,LOVO,-17.56400238,0,0
9318,PACLITAXEL,GELDANAMYCIN,NCIH2122,-326.4643042,0,0
9319,PACLITAXEL,GELDANAMYCIN,NCIH23,-20.03735849,0,0
9320,PACLITAXEL,GELDANAMYCIN,NCIH460,-12.75868365,0,0
9321,PACLITAXEL,GELDANAMYCIN,NCIH520,-16.9852671,0,0
9325,PACLITAXEL,GELDANAMYCIN,SW837,-17.96433357,0,0
9326,PACLITAXEL,GELDANAMYCIN,T47D,-11.69067445,0,0
9330,PACLITAXEL,L778123,A375,33.72371953,1,1
9331,PACLITAXEL,L778123,A427,25.37286339,1,1
9340,PACLITAXEL,L778123,NCIH2122,-163.6597734,0,0
9341,PACLITAXEL,L778123,NCIH460,36.89100966,1,1
9342,PACLITAXEL,L778123,OV90,24.54406853,1,1
9344,PACLITAXEL,L778123,SKMES1,28.08392363,1,1
9350,PACLITAXEL,LAPATINIB,A2780,-11.4533481,0,0
9351,PACLITAXEL,LAPATINIB,A375,95.35478512,1,1
9354,PACLITAXEL,LAPATINIB,ES2,76.10088097,1,1
9355,PACLITAXEL,LAPATINIB,HT144,33.87573085,1,1
9358,PACLITAXEL,LAPATINIB,LNCAP,-28.80334665,0,0
9359,PACLITAXEL,LAPATINIB,LOVO,44.74681055,1,1
9361,PACLITAXEL,LAPATINIB,MSTO,38.39368641,1,1
9363,PACLITAXEL,LAPATINIB,NCIH2122,-12.54725529,0,0
9365,PACLITAXEL,LAPATINIB,NCIH460,52.14566803,1,1
9367,PACLITAXEL,LAPATINIB,RKO,-10.5734886,0,0
9369,PACLITAXEL,LAPATINIB,SKMES1,59.76673021,1,1
9370,PACLITAXEL,LAPATINIB,SKOV3,29.82659642,1,1
9371,PACLITAXEL,LAPATINIB,SW837,26.10793787,1,1
9373,PACLITAXEL,LAPATINIB,UACC62,26.62891512,1,1
9374,PACLITAXEL,LAPATINIB,VCAP,22.59679142,1,1
9375,PACLITAXEL,LAPATINIB,ZR751,26.77168479,1,1
9377,PACLITAXEL,MK-2206,A375,63.81850921,1,1
9378,PACLITAXEL,MK-2206,A427,20.8169675,1,1
9380,PACLITAXEL,MK-2206,ES2,22.24337799,1,1
9382,PACLITAXEL,MK-2206,HT144,50.9467603,1,1
9383,PACLITAXEL,MK-2206,HT29,36.49151805,1,1
9384,PACLITAXEL,MK-2206,KPL1,56.07062225,1,1
9385,PACLITAXEL,MK-2206,LNCAP,-11.80995592,0,0
9386,PACLITAXEL,MK-2206,LOVO,28.6569063,1,1
9388,PACLITAXEL,MK-2206,MSTO,51.29884152,1,1
9389,PACLITAXEL,MK-2206,NCIH1650,31.76066078,1,1
9391,PACLITAXEL,MK-2206,NCIH460,48.08331844,1,1
9392,PACLITAXEL,MK-2206,NCIH520,30.75488569,1,1
9393,PACLITAXEL,MK-2206,OV90,38.76724912,1,1
9394,PACLITAXEL,MK-2206,RKO,24.53149785,1,1
9395,PACLITAXEL,MK-2206,SKMEL30,32.07433267,1,1
9396,PACLITAXEL,MK-2206,SKMES1,58.39395164,1,1
9397,PACLITAXEL,MK-2206,SKOV3,41.95834597,1,1
9399,PACLITAXEL,MK-2206,SW837,31.46792226,1,1
9401,PACLITAXEL,MK-2206,UACC62,24.63461533,1,1
9402,PACLITAXEL,MK-2206,VCAP,29.16123319,1,1
9403,PACLITAXEL,MK-2206,ZR751,38.9842152,1,1
9404,PACLITAXEL,MK-4827,A2058,-16.66774178,0,0
9408,PACLITAXEL,MK-4827,CAOV3,-13.4044252,0,0
9410,PACLITAXEL,MK-4827,HCT116,-18.04711129,0,0
9411,PACLITAXEL,MK-4827,HT144,-14.9547984,0,0
9412,PACLITAXEL,MK-4827,HT29,-14.74192533,0,0
9413,PACLITAXEL,MK-4827,KPL1,-19.52266631,0,0
9414,PACLITAXEL,MK-4827,LNCAP,-52.70519319,0,0
9418,PACLITAXEL,MK-4827,NCIH1650,-19.66605136,0,0
9419,PACLITAXEL,MK-4827,NCIH2122,-13.85537171,0,0
9420,PACLITAXEL,MK-4827,NCIH23,-13.93741241,0,0
9422,PACLITAXEL,MK-4827,NCIH520,-19.44784362,0,0
9423,PACLITAXEL,MK-4827,OV90,-19.25538865,0,0
9424,PACLITAXEL,MK-4827,RKO,-18.21541516,0,0
9426,PACLITAXEL,MK-4827,SW837,-28.75366094,0,0
9427,PACLITAXEL,MK-4827,T47D,-95.06772064,0,0
9428,PACLITAXEL,MK-4827,UACC62,-18.68419312,0,0
9430,PACLITAXEL,MK-5108,A2058,23.70173342,1,1
9432,PACLITAXEL,MK-5108,A375,43.66347661,1,1
9433,PACLITAXEL,MK-5108,A427,22.80294284,1,1
9434,PACLITAXEL,MK-5108,ES2,30.15525285,1,1
9436,PACLITAXEL,MK-5108,HT144,21.77999888,1,1
9437,PACLITAXEL,MK-5108,HT29,32.11803927,1,1
9439,PACLITAXEL,MK-5108,LNCAP,-22.11226534,0,0
9442,PACLITAXEL,MK-5108,MSTO,51.3790776,1,1
9443,PACLITAXEL,MK-5108,NCIH1650,25.64054201,1,1
9445,PACLITAXEL,MK-5108,NCIH460,31.30296552,1,1
9447,PACLITAXEL,MK-5108,OV90,21.1845777,1,1
9448,PACLITAXEL,MK-5108,RKO,32.71680946,1,1
9449,PACLITAXEL,MK-5108,RPMI7951,30.79730164,1,1
9450,PACLITAXEL,MK-5108,SKMEL30,34.23072765,1,1
9451,PACLITAXEL,MK-5108,SKMES1,21.61033425,1,1
9452,PACLITAXEL,MK-5108,SKOV3,26.11261106,1,1
9454,PACLITAXEL,MK-5108,SW837,24.55236106,1,1
9460,PACLITAXEL,MK-8669,A375,28.98554594,1,1
9461,PACLITAXEL,MK-8669,A427,23.46994212,1,1
9463,PACLITAXEL,MK-8669,ES2,23.14167229,1,1
9464,PACLITAXEL,MK-8669,HCT116,-14.16667756,0,0
9465,PACLITAXEL,MK-8669,HT144,39.53216094,1,1
9466,PACLITAXEL,MK-8669,HT29,28.2344252,1,1
9467,PACLITAXEL,MK-8669,KPL1,36.20122613,1,1
9468,PACLITAXEL,MK-8669,LOVO,30.12878538,1,1
9470,PACLITAXEL,MK-8669,MSTO,53.55270657,1,1
9471,PACLITAXEL,MK-8669,NCIH1650,32.10340739,1,1
9474,PACLITAXEL,MK-8669,NCIH460,32.70203942,1,1
9475,PACLITAXEL,MK-8669,NCIH520,26.01615066,1,1
9476,PACLITAXEL,MK-8669,OV90,35.81407076,1,1
9477,PACLITAXEL,MK-8669,RKO,27.47676119,1,1
9478,PACLITAXEL,MK-8669,RPMI7951,21.22237642,1,1
9479,PACLITAXEL,MK-8669,SKMEL30,40.13794386,1,1
9480,PACLITAXEL,MK-8669,SKMES1,33.5823346,1,1
9481,PACLITAXEL,MK-8669,SKOV3,62.02652793,1,1
9482,PACLITAXEL,MK-8669,SW620,20.1742003,1,1
9483,PACLITAXEL,MK-8669,SW837,27.98188014,1,1
9484,PACLITAXEL,MK-8669,T47D,24.60812135,1,1
9486,PACLITAXEL,MK-8669,VCAP,41.0674989,1,1
9487,PACLITAXEL,MK-8669,ZR751,44.63109054,1,1
9490,PACLITAXEL,MK-8776,A375,30.56322729,1,1
9495,PACLITAXEL,MK-8776,LNCAP,-20.34508111,0,0
9497,PACLITAXEL,MK-8776,NCIH2122,-261.7396847,0,0
9502,PACLITAXEL,MK-8776,SKMEL30,26.83304357,1,1
9505,PACLITAXEL,MK-8776,SW837,-17.66634558,0,0
9507,PACLITAXEL,PD325901,A427,26.40568212,1,1
9508,PACLITAXEL,PD325901,ES2,36.29680974,1,1
9510,PACLITAXEL,PD325901,HT144,39.23831374,1,1
9511,PACLITAXEL,PD325901,LNCAP,-17.55216969,0,0
9512,PACLITAXEL,PD325901,NCIH2122,-242.8087275,0,0
9513,PACLITAXEL,PD325901,NCIH460,27.95637235,1,1
9515,PACLITAXEL,PD325901,OV90,49.87260386,1,1
9516,PACLITAXEL,PD325901,RKO,24.74440593,1,1
9518,PACLITAXEL,PD325901,SW620,33.25167809,1,1
9521,PACLITAXEL,PD325901,ZR751,26.29102956,1,1
9522,PACLITAXEL,SORAFENIB,A2058,-11.18553345,0,0
9525,PACLITAXEL,SORAFENIB,CAOV3,-13.79351993,0,0
9529,PACLITAXEL,SORAFENIB,LNCAP,-21.43324152,0,0
9530,PACLITAXEL,SORAFENIB,LOVO,-12.21873278,0,0
9532,PACLITAXEL,SORAFENIB,MSTO,-12.99657934,0,0
9534,PACLITAXEL,SORAFENIB,NCIH2122,-14.28306701,0,0
9537,PACLITAXEL,SORAFENIB,RPMI7951,-13.17209195,0,0
9539,PACLITAXEL,SORAFENIB,T47D,-17.73125391,0,0
9540,PACLITAXEL,SORAFENIB,VCAP,-11.0541298,0,0
9541,PACLITAXEL,SORAFENIB,ZR751,-12.23574446,0,0
9543,PACLITAXEL,SUNITINIB,A375,21.99265283,1,1
9550,PACLITAXEL,SUNITINIB,LNCAP,-16.58314216,0,0
9553,PACLITAXEL,SUNITINIB,NCIH2122,-11.4390014,0,0
9557,PACLITAXEL,SUNITINIB,RPMI7951,-17.9717732,0,0
9560,PACLITAXEL,SUNITINIB,T47D,-16.14600189,0,0
9562,PACLITAXEL,TEMOZOLOMIDE,A2058,-12.62971068,0,0
9563,PACLITAXEL,TEMOZOLOMIDE,A2780,-25.52899142,0,0
9565,PACLITAXEL,TEMOZOLOMIDE,CAOV3,-19.08106182,0,0
9567,PACLITAXEL,TEMOZOLOMIDE,HCT116,-17.15252641,0,0
9569,PACLITAXEL,TEMOZOLOMIDE,HT29,-14.11796557,0,0
9570,PACLITAXEL,TEMOZOLOMIDE,KPL1,-13.38034102,0,0
9571,PACLITAXEL,TEMOZOLOMIDE,LNCAP,-18.77838242,0,0
9574,PACLITAXEL,TEMOZOLOMIDE,NCIH2122,-237.5819986,0,0
9575,PACLITAXEL,TEMOZOLOMIDE,NCIH23,-17.15446934,0,0
9578,PACLITAXEL,TEMOZOLOMIDE,SKMES1,24.72016628,1,1
9580,PACLITAXEL,TEMOZOLOMIDE,SW620,23.77075564,1,1
9582,PACLITAXEL,TEMOZOLOMIDE,T47D,-50.64419261,0,0
9584,PACLITAXEL,TEMOZOLOMIDE,ZR751,-18.57175164,0,0
9585,PACLITAXEL,ZOLINZA,A2058,-27.82104587,0,0
9586,PACLITAXEL,ZOLINZA,A2780,-15.24747276,0,0
9588,PACLITAXEL,ZOLINZA,A427,-25.29947548,0,0
9589,PACLITAXEL,ZOLINZA,CAOV3,-26.58155108,0,0
9590,PACLITAXEL,ZOLINZA,HCT116,-17.24978046,0,0
9592,PACLITAXEL,ZOLINZA,HT29,27.03319022,1,1
9595,PACLITAXEL,ZOLINZA,MSTO,49.15566705,1,1
9597,PACLITAXEL,ZOLINZA,NCIH2122,-12.66965621,0,0
9598,PACLITAXEL,ZOLINZA,NCIH23,-25.86581958,0,0
9601,PACLITAXEL,ZOLINZA,SKOV3,23.01726729,1,1
9605,PACLITAXEL,ZOLINZA,ZR751,-20.48547931,0,0
9608,PD325901,ABT-888,CAOV3,25.3425468,1,1
9614,PD325901,ABT-888,LOVO,-11.59020276,0,0
9616,PD325901,ABT-888,NCIH1650,-23.07056729,0,0
9618,PD325901,ABT-888,NCIH23,-12.52732318,0,0
9621,PD325901,ABT-888,RPMI7951,-11.08008248,0,0
9622,PD325901,ABT-888,SKMES1,-15.46075834,0,0
9628,PD325901,ABT-888,VCAP,-23.29336041,0,0
9629,PD325901,BEZ-235,A2058,56.55298829,1,1
9630,PD325901,BEZ-235,A2780,55.25542126,1,1
9632,PD325901,BEZ-235,A427,56.29794436,1,1
9633,PD325901,BEZ-235,CAOV3,67.43370517,1,1
9634,PD325901,BEZ-235,ES2,34.51209776,1,1
9635,PD325901,BEZ-235,HCT116,58.77744986,1,1
9636,PD325901,BEZ-235,HT144,43.96735962,1,1
9637,PD325901,BEZ-235,HT29,42.3826261,1,1
9638,PD325901,BEZ-235,KPL1,44.46943124,1,1
9639,PD325901,BEZ-235,LNCAP,104.2725936,1,1
9640,PD325901,BEZ-235,LOVO,36.87698726,1,1
9641,PD325901,BEZ-235,MDAMB436,34.39053497,1,1
9642,PD325901,BEZ-235,MSTO,29.66185192,1,1
9643,PD325901,BEZ-235,NCIH1650,32.20930586,1,1
9644,PD325901,BEZ-235,NCIH2122,49.33437959,1,1
9645,PD325901,BEZ-235,NCIH23,34.18933049,1,1
9646,PD325901,BEZ-235,NCIH460,71.75220368,1,1
9647,PD325901,BEZ-235,NCIH520,30.60408842,1,1
9648,PD325901,BEZ-235,OV90,38.85826007,1,1
9649,PD325901,BEZ-235,RKO,47.23282881,1,1
9650,PD325901,BEZ-235,RPMI7951,46.56904693,1,1
9651,PD325901,BEZ-235,SKMEL30,30.01412908,1,1
9652,PD325901,BEZ-235,SKMES1,29.03956495,1,1
9653,PD325901,BEZ-235,SKOV3,26.75701512,1,1
9654,PD325901,BEZ-235,SW620,25.29042273,1,1
9655,PD325901,BEZ-235,SW837,37.44030911,1,1
9656,PD325901,BEZ-235,T47D,148.1269392,1,1
9657,PD325901,BEZ-235,UACC62,33.66707617,1,1
9658,PD325901,BEZ-235,VCAP,33.06126982,1,1
9659,PD325901,BEZ-235,ZR751,54.7557835,1,1
9662,PD325901,BORTEZOMIB,ES2,-15.93212605,0,0
9664,PD325901,BORTEZOMIB,HT29,-16.79457932,0,0
9668,PD325901,BORTEZOMIB,MSTO,78.61081827,1,1
9669,PD325901,BORTEZOMIB,NCIH1650,-12.36159749,0,0
9673,PD325901,BORTEZOMIB,NCIH520,-27.07550907,0,0
9674,PD325901,BORTEZOMIB,OV90,-17.52413716,0,0
9677,PD325901,BORTEZOMIB,SKMES1,-27.36745967,0,0
9678,PD325901,BORTEZOMIB,SW837,22.14852846,1,1
9679,PD325901,BORTEZOMIB,T47D,-39.78659037,0,0
9680,PD325901,BORTEZOMIB,UACC62,-16.44288365,0,0
9682,PD325901,DASATINIB,A2058,34.41183286,1,1
9683,PD325901,DASATINIB,A2780,120.2632418,1,1
9684,PD325901,DASATINIB,A375,63.89158362,1,1
9685,PD325901,DASATINIB,A427,50.60409503,1,1
9686,PD325901,DASATINIB,CAOV3,34.11806853,1,1
9687,PD325901,DASATINIB,ES2,45.11024632,1,1
9688,PD325901,DASATINIB,HCT116,42.5461097,1,1
9689,PD325901,DASATINIB,HT144,-54.10049698,0,0
9690,PD325901,DASATINIB,HT29,76.26944305,1,1
9692,PD325901,DASATINIB,LNCAP,-30.32642869,0,0
9693,PD325901,DASATINIB,LOVO,47.84534611,1,1
9695,PD325901,DASATINIB,MSTO,88.51099713,1,1
9696,PD325901,DASATINIB,NCIH1650,35.53857695,1,1
9697,PD325901,DASATINIB,NCIH2122,-35.33041775,0,0
9698,PD325901,DASATINIB,NCIH23,74.787982,1,1
9699,PD325901,DASATINIB,NCIH460,36.16984486,1,1
9700,PD325901,DASATINIB,NCIH520,-30.88625145,0,0
9701,PD325901,DASATINIB,OV90,67.0068205,1,1
9703,PD325901,DASATINIB,RPMI7951,39.03794428,1,1
9704,PD325901,DASATINIB,SKMEL30,-74.52087255,0,0
9705,PD325901,DASATINIB,SKMES1,53.92022376,1,1
9706,PD325901,DASATINIB,SKOV3,-12.96332142,0,0
9707,PD325901,DASATINIB,SW837,71.57091661,1,1
9709,PD325901,DASATINIB,VCAP,-21.25831569,0,0
9710,PD325901,DASATINIB,ZR751,-39.65916131,0,0
9718,PD325901,DINACICLIB,LNCAP,60.86109975,1,1
9726,PD325901,DINACICLIB,SKMEL30,-13.13116448,0,0
9727,PD325901,DINACICLIB,SKMES1,-25.41461151,0,0
9729,PD325901,DINACICLIB,SW837,-15.58755929,0,0
9730,PD325901,DINACICLIB,T47D,-15.72237938,0,0
9733,PD325901,GELDANAMYCIN,A2058,-15.64318047,0,0
9739,PD325901,GELDANAMYCIN,LNCAP,44.22996314,1,1
9740,PD325901,GELDANAMYCIN,LOVO,-14.47538408,0,0
9741,PD325901,GELDANAMYCIN,MDAMB436,21.51875539,1,1
9745,PD325901,GELDANAMYCIN,NCIH520,-17.98898167,0,0
9747,PD325901,GELDANAMYCIN,RKO,47.15851302,1,1
9752,PD325901,GELDANAMYCIN,SW837,24.72695826,1,1
9755,PD325901,GELDANAMYCIN,ZR751,-12.01401292,0,0
9756,PD325901,MK-8669,A2058,50.59972885,1,1
9757,PD325901,MK-8669,A2780,54.54255062,1,1
9758,PD325901,MK-8669,A375,22.79645097,1,1
9760,PD325901,MK-8669,CAOV3,77.15122912,1,1
9761,PD325901,MK-8669,ES2,36.35480318,1,1
9763,PD325901,MK-8669,HT144,39.98456586,1,1
9764,PD325901,MK-8669,HT29,31.43070139,1,1
9765,PD325901,MK-8669,KPL1,53.78491201,1,1
9767,PD325901,MK-8669,LOVO,22.1260514,1,1
9768,PD325901,MK-8669,MDAMB436,32.34487278,1,1
9769,PD325901,MK-8669,MSTO,20.92380755,1,1
9770,PD325901,MK-8669,NCIH1650,24.21606441,1,1
9771,PD325901,MK-8669,NCIH2122,24.41490878,1,1
9772,PD325901,MK-8669,NCIH23,51.74273559,1,1
9773,PD325901,MK-8669,NCIH460,36.43127311,1,1
9774,PD325901,MK-8669,OV90,45.84785379,1,1
9775,PD325901,MK-8669,RKO,51.32240866,1,1
9776,PD325901,MK-8669,RPMI7951,70.2233617,1,1
9777,PD325901,MK-8669,SKMEL30,30.46282896,1,1
9778,PD325901,MK-8669,SKOV3,38.31413469,1,1
9781,PD325901,MK-8669,UACC62,31.20494603,1,1
9782,PD325901,MK-8669,VCAP,29.6917769,1,1
9783,PD325901,MK-8669,ZR751,27.98694994,1,1
9784,PD325901,MK-8776,A2058,26.97000354,1,1
9785,PD325901,MK-8776,A2780,26.38270785,1,1
9786,PD325901,MK-8776,A427,22.92195465,1,1
9787,PD325901,MK-8776,CAOV3,53.32122266,1,1
9788,PD325901,MK-8776,HT144,-176.1606766,0,0
9791,PD325901,MK-8776,LNCAP,-62.2128178,0,0
9793,PD325901,MK-8776,MDAMB436,23.98085099,1,1
9794,PD325901,MK-8776,MSTO,-18.660576,0,0
9795,PD325901,MK-8776,NCIH2122,-16.6014571,0,0
9797,PD325901,MK-8776,NCIH520,-17.19483765,0,0
9800,PD325901,MK-8776,SKMES1,-12.06854377,0,0
9803,PD325901,MK-8776,SW837,-176.8580535,0,0
9804,PD325901,MK-8776,T47D,-11.48607748,0,0
9806,PD325901,SN-38,A2780,23.84098522,1,1
9813,PD325901,SN-38,LOVO,-16.71873555,0,0
9826,PD325901,SORAFENIB,A2058,32.75493425,1,1
9831,PD325901,SORAFENIB,HCT116,32.04243007,1,1
9835,PD325901,SORAFENIB,MSTO,-23.53988819,0,0
9837,PD325901,SORAFENIB,NCIH2122,32.4165219,1,1
9838,PD325901,SORAFENIB,NCIH23,25.50543739,1,1
9839,PD325901,SORAFENIB,NCIH460,27.78735242,1,1
9842,PD325901,SORAFENIB,RKO,49.22600161,1,1
9845,PD325901,SORAFENIB,SKOV3,33.77086076,1,1
9848,PD325901,SORAFENIB,T47D,25.06654998,1,1
9850,PD325901,TOPOTECAN,A2780,20.06943462,1,1
9851,PD325901,TOPOTECAN,A375,-25.96691079,0,0
9852,PD325901,TOPOTECAN,A427,30.54030101,1,1
9856,PD325901,TOPOTECAN,HT144,30.22445686,1,1
9862,PD325901,TOPOTECAN,NCIH2122,20.521786,1,1
9864,PD325901,TOPOTECAN,OV90,38.43309167,1,1
9865,PD325901,TOPOTECAN,RKO,24.55144325,1,1
9866,PD325901,TOPOTECAN,SKMES1,-10.56883635,0,0
9868,PD325901,TOPOTECAN,SW620,21.0002154,1,1
9871,PD325901,TOPOTECAN,ZR751,28.15680851,1,1
9872,SN-38,DINACICLIB,A2058,-10.05562123,0,0
9875,SN-38,DINACICLIB,CAOV3,-15.42359033,0,0
9876,SN-38,DINACICLIB,ES2,-16.47125333,0,0
9878,SN-38,DINACICLIB,HT144,-10.90444835,0,0
9879,SN-38,DINACICLIB,HT29,-12.21497031,0,0
9882,SN-38,DINACICLIB,LOVO,-13.48023349,0,0
9888,SN-38,DINACICLIB,NCIH460,-14.30283868,0,0
9889,SN-38,DINACICLIB,NCIH520,-10.64908493,0,0
9890,SN-38,DINACICLIB,OV90,-29.13620799,0,0
9894,SN-38,DINACICLIB,SKOV3,-19.29037128,0,0
9895,SN-38,DINACICLIB,SW620,-12.57129115,0,0
9896,SN-38,DINACICLIB,SW837,-24.85242824,0,0
9897,SN-38,DINACICLIB,T47D,-36.17621345,0,0
9900,SN-38,MK-8776,A2058,24.39934345,1,1
9904,SN-38,MK-8776,LNCAP,26.25231838,1,1
9909,SN-38,MK-8776,OV90,-13.54692218,0,0
9912,SN-38,MK-8776,SKMEL30,27.813344,1,1
9915,SN-38,MK-8776,SW837,-12.37564347,0,0
9916,SN-38,MK-8776,T47D,-66.83200902,0,0
9920,SN-38,SORAFENIB,A375,24.54493163,1,1
9921,SN-38,SORAFENIB,CAOV3,-12.59745128,0,0
9924,SN-38,SORAFENIB,LNCAP,-31.58170357,0,0
9927,SN-38,SORAFENIB,MSTO,-11.87042325,0,0
9930,SN-38,SORAFENIB,NCIH460,26.15363311,1,1
9944,SORAFENIB,DINACICLIB,KPL1,-13.04009017,0,0
9945,SORAFENIB,DINACICLIB,LNCAP,-11.80766207,0,0
9946,SORAFENIB,DINACICLIB,LOVO,-18.95008123,0,0
9948,SORAFENIB,DINACICLIB,MSTO,-10.49483318,0,0
9958,SORAFENIB,DINACICLIB,SKOV3,-12.96470758,0,0
9960,SORAFENIB,DINACICLIB,SW837,-10.32327934,0,0
9963,SORAFENIB,DINACICLIB,VCAP,-15.41333329,0,0
9964,SORAFENIB,DINACICLIB,ZR751,-27.86677853,0,0
9967,SORAFENIB,MK-8776,ES2,-10.31605772,0,0
9974,SORAFENIB,MK-8776,NCIH2122,-17.19224053,0,0
9979,SORAFENIB,MK-8776,RPMI7951,-10.88523682,0,0
9981,SORAFENIB,MK-8776,SKMES1,-18.39657512,0,0
9983,SORAFENIB,MK-8776,SW837,-12.57022198,0,0
9986,SORAFENIB,MK-8776,ZR751,-20.82098769,0,0
9998,SUNITINIB,ABT-888,T47D,21.82066136,1,1
10011,SUNITINIB,AZD1775,NCIH23,-11.39252389,0,0
10018,SUNITINIB,AZD1775,VCAP,-11.69308854,0,0
10020,SUNITINIB,BEZ-235,A2058,24.66002217,1,1
10023,SUNITINIB,BEZ-235,A427,31.47767467,1,1
10026,SUNITINIB,BEZ-235,HCT116,31.61578366,1,1
10028,SUNITINIB,BEZ-235,HT29,29.83266038,1,1
10030,SUNITINIB,BEZ-235,LNCAP,53.16574069,1,1
10032,SUNITINIB,BEZ-235,MDAMB436,21.19485885,1,1
10034,SUNITINIB,BEZ-235,NCIH2122,24.65151692,1,1
10036,SUNITINIB,BEZ-235,NCIH460,32.62195013,1,1
10038,SUNITINIB,BEZ-235,OV90,20.52682538,1,1
10042,SUNITINIB,BEZ-235,SKMES1,20.92319798,1,1
10046,SUNITINIB,BEZ-235,T47D,72.21669983,1,1
10047,SUNITINIB,BEZ-235,UACC62,20.03227489,1,1
10048,SUNITINIB,BEZ-235,VCAP,32.79137954,1,1
10054,SUNITINIB,BORTEZOMIB,CAOV3,-10.75026614,0,0
10059,SUNITINIB,BORTEZOMIB,LNCAP,-11.13507221,0,0
10061,SUNITINIB,BORTEZOMIB,MSTO,24.15870463,1,1
10063,SUNITINIB,BORTEZOMIB,NCIH23,-11.42714897,0,0
10064,SUNITINIB,BORTEZOMIB,NCIH520,-21.27042427,0,0
10066,SUNITINIB,BORTEZOMIB,RPMI7951,-11.23959783,0,0
10068,SUNITINIB,BORTEZOMIB,SKMES1,-14.86661156,0,0
10073,SUNITINIB,BORTEZOMIB,ZR751,-23.3950552,0,0
10074,SUNITINIB,DASATINIB,A2058,41.58251285,1,1
10075,SUNITINIB,DASATINIB,A2780,40.04370628,1,1
10076,SUNITINIB,DASATINIB,A375,33.82410935,1,1
10077,SUNITINIB,DASATINIB,A427,30.75548923,1,1
10079,SUNITINIB,DASATINIB,ES2,24.69207415,1,1
10080,SUNITINIB,DASATINIB,HCT116,38.9382048,1,1
10082,SUNITINIB,DASATINIB,HT29,41.16852468,1,1
10084,SUNITINIB,DASATINIB,LOVO,23.54768121,1,1
10085,SUNITINIB,DASATINIB,MDAMB436,24.70735759,1,1
10086,SUNITINIB,DASATINIB,MSTO,28.38551818,1,1
10087,SUNITINIB,DASATINIB,NCIH1650,26.83033164,1,1
10088,SUNITINIB,DASATINIB,NCIH23,28.32645801,1,1
10089,SUNITINIB,DASATINIB,NCIH460,29.15348207,1,1
10090,SUNITINIB,DASATINIB,NCIH520,31.99993727,1,1
10091,SUNITINIB,DASATINIB,RKO,34.35606881,1,1
10093,SUNITINIB,DASATINIB,SW620,35.40155136,1,1
10094,SUNITINIB,DASATINIB,SW837,23.08920175,1,1
10095,SUNITINIB,DASATINIB,UACC62,26.17570936,1,1
10096,SUNITINIB,DASATINIB,VCAP,26.54232067,1,1
10108,SUNITINIB,DINACICLIB,SW837,-13.36383855,0,0
10110,SUNITINIB,DINACICLIB,VCAP,21.01552975,1,1
10121,SUNITINIB,ERLOTINIB,MSTO,-55.64842832,0,0
10123,SUNITINIB,ERLOTINIB,NCIH2122,21.39431817,1,1
10127,SUNITINIB,ERLOTINIB,SKMES1,22.52686829,1,1
10130,SUNITINIB,ERLOTINIB,T47D,24.14061823,1,1
10131,SUNITINIB,ERLOTINIB,UACC62,21.73023418,1,1
10135,SUNITINIB,GELDANAMYCIN,HCT116,23.73238862,1,1
10145,SUNITINIB,GELDANAMYCIN,T47D,24.2090514,1,1
10146,SUNITINIB,GELDANAMYCIN,UACC62,21.84465528,1,1
10148,SUNITINIB,GELDANAMYCIN,ZR751,-15.70454178,0,0
10149,SUNITINIB,LAPATINIB,A2058,32.91888222,1,1
10151,SUNITINIB,LAPATINIB,A375,20.50422706,1,1
10154,SUNITINIB,LAPATINIB,HCT116,21.41984894,1,1
10155,SUNITINIB,LAPATINIB,HT144,22.64869753,1,1
10158,SUNITINIB,LAPATINIB,LNCAP,-17.74302313,0,0
10159,SUNITINIB,LAPATINIB,LOVO,22.24450212,1,1
10160,SUNITINIB,LAPATINIB,NCIH1650,26.40579566,1,1
10161,SUNITINIB,LAPATINIB,NCIH2122,26.21530343,1,1
10163,SUNITINIB,LAPATINIB,SKMEL30,21.16736647,1,1
10164,SUNITINIB,LAPATINIB,SKMES1,20.30589915,1,1
10165,SUNITINIB,LAPATINIB,SKOV3,31.15298142,1,1
10166,SUNITINIB,LAPATINIB,SW837,22.79718607,1,1
10168,SUNITINIB,LAPATINIB,UACC62,27.85347166,1,1
10169,SUNITINIB,LAPATINIB,VCAP,24.3430227,1,1
10171,SUNITINIB,MK-2206,A2058,45.50888691,1,1
10172,SUNITINIB,MK-2206,A2058,45.50888691,1,1
10173,SUNITINIB,MK-2206,A2780,22.4925017,1,1
10174,SUNITINIB,MK-2206,A375,22.78520016,1,1
10177,SUNITINIB,MK-2206,CAOV3,20.13868284,1,1
10178,SUNITINIB,MK-2206,ES2,24.92455081,1,1
10179,SUNITINIB,MK-2206,ES2,24.92455081,0,1
10180,SUNITINIB,MK-2206,HCT116,35.36171392,1,1
10181,SUNITINIB,MK-2206,HCT116,35.36171392,1,1
10182,SUNITINIB,MK-2206,HT144,23.43195844,1,1
10183,SUNITINIB,MK-2206,HT29,37.294831,1,1
10184,SUNITINIB,MK-2206,HT29,37.294831,1,1
10185,SUNITINIB,MK-2206,KPL1,32.70902397,1,1
10186,SUNITINIB,MK-2206,LOVO,23.81217954,1,1
10187,SUNITINIB,MK-2206,LOVO,23.81217954,1,1
10190,SUNITINIB,MK-2206,NCIH1650,23.48889542,1,1
10191,SUNITINIB,MK-2206,NCIH1650,23.48889542,1,1
10192,SUNITINIB,MK-2206,NCIH2122,22.65955102,1,1
10194,SUNITINIB,MK-2206,NCIH460,29.00535904,1,1
10198,SUNITINIB,MK-2206,SKMEL30,26.3444059,1,1
10199,SUNITINIB,MK-2206,SKMES1,24.43982611,1,1
10200,SUNITINIB,MK-2206,SKOV3,31.18890972,1,1
10205,SUNITINIB,MK-2206,UACC62,34.74326094,1,1
10206,SUNITINIB,MK-2206,VCAP,21.15676092,1,1
10214,SUNITINIB,MK-4827,LNCAP,-18.95486338,0,0
10222,SUNITINIB,MK-4827,RPMI7951,-13.22158697,0,0
10232,SUNITINIB,MK-5108,LNCAP,-24.4631434,0,0
10238,SUNITINIB,MK-5108,RPMI7951,-14.12451317,0,0
10244,SUNITINIB,MK-8669,A2058,39.69465197,1,1
10245,SUNITINIB,MK-8669,A2780,20.37346981,1,1
10246,SUNITINIB,MK-8669,A375,30.14062261,1,1
10247,SUNITINIB,MK-8669,A427,24.12233199,1,1
10248,SUNITINIB,MK-8669,CAOV3,21.1508162,1,1
10249,SUNITINIB,MK-8669,ES2,35.48605718,1,1
10250,SUNITINIB,MK-8669,HCT116,21.90438438,1,1
10251,SUNITINIB,MK-8669,HT144,35.08260116,1,1
10252,SUNITINIB,MK-8669,HT29,27.90031264,1,1
10253,SUNITINIB,MK-8669,KPL1,26.82422619,1,1
10255,SUNITINIB,MK-8669,LOVO,21.18513113,1,1
10258,SUNITINIB,MK-8669,NCIH1650,22.68912093,1,1
10259,SUNITINIB,MK-8669,NCIH2122,31.07778854,1,1
10260,SUNITINIB,MK-8669,NCIH23,30.99170677,1,1
10261,SUNITINIB,MK-8669,NCIH460,27.40670646,1,1
10263,SUNITINIB,MK-8669,OV90,24.22191439,1,1
10265,SUNITINIB,MK-8669,RPMI7951,20.17710525,1,1
10266,SUNITINIB,MK-8669,SKMEL30,27.13818651,1,1
10267,SUNITINIB,MK-8669,SKMES1,22.25602228,1,1
10268,SUNITINIB,MK-8669,SKOV3,37.92118634,1,1
10270,SUNITINIB,MK-8669,T47D,35.21040548,1,1
10271,SUNITINIB,MK-8669,UACC62,37.77738472,1,1
10273,SUNITINIB,MK-8669,ZR751,33.32250999,1,1
10274,SUNITINIB,MK-8776,A2058,26.42253802,1,1
10276,SUNITINIB,MK-8776,A375,29.50824541,1,1
10283,SUNITINIB,MK-8776,MSTO,-10.82486857,0,0
10284,SUNITINIB,MK-8776,NCIH2122,-14.96504772,0,0
10286,SUNITINIB,MK-8776,RPMI7951,-16.66751866,0,0
10288,SUNITINIB,MK-8776,SKMES1,-12.1713736,0,0
10296,SUNITINIB,PD325901,A2780,26.97542363,1,1
10297,SUNITINIB,PD325901,A375,22.88545819,1,1
10298,SUNITINIB,PD325901,A427,20.14544689,1,1
10300,SUNITINIB,PD325901,ES2,29.24674292,1,1
10301,SUNITINIB,PD325901,HCT116,33.46939087,1,1
10311,SUNITINIB,PD325901,RKO,27.81362587,1,1
10316,SUNITINIB,PD325901,T47D,22.51885969,1,1
10335,SUNITINIB,SN-38,ZR751,-14.27012356,0,0
10341,SUNITINIB,SORAFENIB,LNCAP,-15.96997332,0,0
10344,SUNITINIB,SORAFENIB,MSTO,-20.86987375,0,0
10351,SUNITINIB,SORAFENIB,RPMI7951,-11.48395923,0,0
10359,SUNITINIB,TEMOZOLOMIDE,A427,26.70372495,1,1
10370,SUNITINIB,TEMOZOLOMIDE,RPMI7951,-15.69254211,0,0
10372,SUNITINIB,TEMOZOLOMIDE,SKMES1,20.64774615,1,1
10378,SUNITINIB,TEMOZOLOMIDE,ZR751,-20.71692107,0,0
10385,SUNITINIB,TOPOTECAN,HT29,-17.94488035,0,0
10387,SUNITINIB,TOPOTECAN,LNCAP,-15.1695617,0,0
10391,SUNITINIB,TOPOTECAN,NCIH23,-12.06479848,0,0
10394,SUNITINIB,TOPOTECAN,OV90,-14.40264226,0,0
10398,SUNITINIB,TOPOTECAN,SKOV3,-11.46861828,0,0
10400,SUNITINIB,TOPOTECAN,T47D,-23.30031907,0,0
10403,TEMOZOLOMIDE,ABT-888,A2058,41.18812185,1,1
10404,TEMOZOLOMIDE,ABT-888,A2780,54.41816094,1,1
10405,TEMOZOLOMIDE,ABT-888,A375,30.29916003,1,1
10406,TEMOZOLOMIDE,ABT-888,A427,29.9477946,1,1
10407,TEMOZOLOMIDE,ABT-888,CAOV3,24.44841261,1,1
10410,TEMOZOLOMIDE,ABT-888,LNCAP,37.16690416,1,1
10411,TEMOZOLOMIDE,ABT-888,MDAMB436,42.31099657,1,1
10412,TEMOZOLOMIDE,ABT-888,MSTO,52.39294276,1,1
10413,TEMOZOLOMIDE,ABT-888,NCIH1650,-31.11345697,0,0
10417,TEMOZOLOMIDE,ABT-888,RKO,-17.732365,0,0
10419,TEMOZOLOMIDE,ABT-888,SKMEL30,20.66058706,1,1
10420,TEMOZOLOMIDE,ABT-888,SKMES1,22.89415432,1,1
10423,TEMOZOLOMIDE,ABT-888,SW837,-12.75101612,0,0
10425,TEMOZOLOMIDE,ABT-888,VCAP,-32.87918239,0,0
10426,TEMOZOLOMIDE,ABT-888,ZR751,-48.17928606,0,0
10427,TEMOZOLOMIDE,AZD1775,A2058,38.79701735,1,1
10430,TEMOZOLOMIDE,AZD1775,A427,49.3801093,1,1
10436,TEMOZOLOMIDE,AZD1775,MSTO,30.4450859,1,1
10438,TEMOZOLOMIDE,AZD1775,RPMI7951,27.88745323,1,1
10439,TEMOZOLOMIDE,AZD1775,SKMEL30,36.70677336,1,1
10440,TEMOZOLOMIDE,AZD1775,SKMES1,30.41800861,1,1
10441,TEMOZOLOMIDE,AZD1775,SKOV3,21.58212515,1,1
10443,TEMOZOLOMIDE,AZD1775,T47D,-25.59398837,0,0
10445,TEMOZOLOMIDE,AZD1775,VCAP,24.63421476,1,1
10446,TEMOZOLOMIDE,AZD1775,ZR751,-58.15455341,0,0
10448,TEMOZOLOMIDE,BEZ-235,A2780,27.79783309,1,1
10449,TEMOZOLOMIDE,BEZ-235,A375,24.82541767,1,1
10450,TEMOZOLOMIDE,BEZ-235,A427,51.58449359,1,1
10451,TEMOZOLOMIDE,BEZ-235,CAOV3,37.92546499,1,1
10452,TEMOZOLOMIDE,BEZ-235,ES2,32.65065026,1,1
10455,TEMOZOLOMIDE,BEZ-235,HT29,20.71305958,1,1
10457,TEMOZOLOMIDE,BEZ-235,LNCAP,97.13551468,1,1
10458,TEMOZOLOMIDE,BEZ-235,LOVO,22.24472167,1,1
10459,TEMOZOLOMIDE,BEZ-235,MDAMB436,23.51434795,1,1
10460,TEMOZOLOMIDE,BEZ-235,MSTO,45.02924651,1,1
10461,TEMOZOLOMIDE,BEZ-235,NCIH460,23.5558071,1,1
10462,TEMOZOLOMIDE,BEZ-235,NCIH520,20.70259235,1,1
10463,TEMOZOLOMIDE,BEZ-235,OV90,24.87437084,1,1
10464,TEMOZOLOMIDE,BEZ-235,RKO,-11.9422058,0,0
10465,TEMOZOLOMIDE,BEZ-235,RPMI7951,25.29538226,1,1
10466,TEMOZOLOMIDE,BEZ-235,SKMEL30,44.49785815,1,1
10467,TEMOZOLOMIDE,BEZ-235,SKMES1,45.57471861,1,1
10468,TEMOZOLOMIDE,BEZ-235,SW837,21.38063848,1,1
10469,TEMOZOLOMIDE,BEZ-235,T47D,125.5331215,1,1
10470,TEMOZOLOMIDE,BEZ-235,UACC62,29.67509151,1,1
10473,TEMOZOLOMIDE,BORTEZOMIB,A2780,-10.80164188,0,0
10476,TEMOZOLOMIDE,BORTEZOMIB,CAOV3,-18.34832366,0,0
10477,TEMOZOLOMIDE,BORTEZOMIB,ES2,-20.09520393,0,0
10478,TEMOZOLOMIDE,BORTEZOMIB,HT144,-22.514284,0,0
10479,TEMOZOLOMIDE,BORTEZOMIB,HT29,-22.55139135,0,0
10480,TEMOZOLOMIDE,BORTEZOMIB,KPL1,-26.27031618,0,0
10483,TEMOZOLOMIDE,BORTEZOMIB,MSTO,64.22626125,1,1
10484,TEMOZOLOMIDE,BORTEZOMIB,NCIH1650,-30.05710857,0,0
10485,TEMOZOLOMIDE,BORTEZOMIB,NCIH2122,-16.6757735,0,0
10486,TEMOZOLOMIDE,BORTEZOMIB,NCIH23,-26.3835498,0,0
10487,TEMOZOLOMIDE,BORTEZOMIB,NCIH460,-24.53825984,0,0
10488,TEMOZOLOMIDE,BORTEZOMIB,NCIH520,-22.67214272,0,0
10490,TEMOZOLOMIDE,BORTEZOMIB,RKO,-26.60910397,0,0
10494,TEMOZOLOMIDE,BORTEZOMIB,SKOV3,-16.05876186,0,0
10496,TEMOZOLOMIDE,BORTEZOMIB,SW837,-15.05217958,0,0
10497,TEMOZOLOMIDE,BORTEZOMIB,T47D,-20.79693742,0,0
10498,TEMOZOLOMIDE,BORTEZOMIB,UACC62,-18.67739174,0,0
10499,TEMOZOLOMIDE,BORTEZOMIB,VCAP,-12.5438155,0,0
10501,TEMOZOLOMIDE,DASATINIB,A2058,35.83133859,1,1
10502,TEMOZOLOMIDE,DASATINIB,A2780,43.36531695,1,1
10504,TEMOZOLOMIDE,DASATINIB,A427,75.39054034,1,1
10505,TEMOZOLOMIDE,DASATINIB,CAOV3,-29.54940801,0,0
10507,TEMOZOLOMIDE,DASATINIB,HCT116,-38.05504082,0,0
10508,TEMOZOLOMIDE,DASATINIB,HT144,-70.06275839,0,0
10509,TEMOZOLOMIDE,DASATINIB,HT29,-19.48677409,0,0
10510,TEMOZOLOMIDE,DASATINIB,KPL1,-15.55018341,0,0
10514,TEMOZOLOMIDE,DASATINIB,MSTO,98.75639633,1,1
10515,TEMOZOLOMIDE,DASATINIB,NCIH2122,-93.75462962,0,0
10517,TEMOZOLOMIDE,DASATINIB,NCIH520,21.99613399,1,1
10518,TEMOZOLOMIDE,DASATINIB,RKO,-31.06141838,0,0
10519,TEMOZOLOMIDE,DASATINIB,RPMI7951,30.90064766,1,1
10520,TEMOZOLOMIDE,DASATINIB,SKMEL30,-19.64802654,0,0
10523,TEMOZOLOMIDE,DASATINIB,SW620,42.14149915,1,1
10525,TEMOZOLOMIDE,DASATINIB,T47D,-48.83282624,0,0
10526,TEMOZOLOMIDE,DASATINIB,UACC62,-10.45237754,0,0
10527,TEMOZOLOMIDE,DASATINIB,VCAP,-51.49425284,0,0
10528,TEMOZOLOMIDE,DASATINIB,ZR751,-88.10193126,0,0
10531,TEMOZOLOMIDE,DINACICLIB,CAOV3,-16.69389736,0,0
10533,TEMOZOLOMIDE,DINACICLIB,HT144,-112.8985594,0,0
10535,TEMOZOLOMIDE,DINACICLIB,KPL1,-11.21521436,0,0
10536,TEMOZOLOMIDE,DINACICLIB,LNCAP,-47.84756929,0,0
10537,TEMOZOLOMIDE,DINACICLIB,LOVO,-11.89639077,0,0
10538,TEMOZOLOMIDE,DINACICLIB,MSTO,-43.69350464,0,0
10547,TEMOZOLOMIDE,DINACICLIB,SW837,-85.3988769,0,0
10548,TEMOZOLOMIDE,DINACICLIB,T47D,-21.73465024,0,0
10550,TEMOZOLOMIDE,DINACICLIB,ZR751,-44.06052265,0,0
10551,TEMOZOLOMIDE,ERLOTINIB,A2058,23.16919171,1,1
10552,TEMOZOLOMIDE,ERLOTINIB,A2780,30.84922294,1,1
10554,TEMOZOLOMIDE,ERLOTINIB,A427,33.22563812,1,1
10555,TEMOZOLOMIDE,ERLOTINIB,CAOV3,-36.26072775,0,0
10556,TEMOZOLOMIDE,ERLOTINIB,HCT116,22.53207054,1,1
10561,TEMOZOLOMIDE,ERLOTINIB,MSTO,-49.23518266,0,0
10562,TEMOZOLOMIDE,ERLOTINIB,NCIH1650,-31.23251346,0,0
10567,TEMOZOLOMIDE,ERLOTINIB,RKO,-14.28199136,0,0
10574,TEMOZOLOMIDE,ERLOTINIB,T47D,-25.75609877,0,0
10575,TEMOZOLOMIDE,ERLOTINIB,UACC62,28.79115016,1,1
10577,TEMOZOLOMIDE,ERLOTINIB,ZR751,-53.82800028,0,0
10578,TEMOZOLOMIDE,GELDANAMYCIN,A2058,42.11185035,1,1
10581,TEMOZOLOMIDE,GELDANAMYCIN,A427,34.08669248,1,1
10582,TEMOZOLOMIDE,GELDANAMYCIN,CAOV3,-11.61551746,0,0
10584,TEMOZOLOMIDE,GELDANAMYCIN,HT144,-16.7660734,0,0
10586,TEMOZOLOMIDE,GELDANAMYCIN,KPL1,-34.11838441,0,0
10589,TEMOZOLOMIDE,GELDANAMYCIN,MSTO,-16.08640456,0,0
10590,TEMOZOLOMIDE,GELDANAMYCIN,NCIH1650,-32.42260795,0,0
10591,TEMOZOLOMIDE,GELDANAMYCIN,NCIH2122,-16.66110668,0,0
10592,TEMOZOLOMIDE,GELDANAMYCIN,NCIH23,-25.69200386,0,0
10593,TEMOZOLOMIDE,GELDANAMYCIN,NCIH460,-15.34747403,0,0
10594,TEMOZOLOMIDE,GELDANAMYCIN,NCIH520,-10.28606148,0,0
10596,TEMOZOLOMIDE,GELDANAMYCIN,RKO,-32.85212692,0,0
10598,TEMOZOLOMIDE,GELDANAMYCIN,SKMEL30,23.25775584,1,1
10599,TEMOZOLOMIDE,GELDANAMYCIN,SKOV3,-28.68585428,0,0
10601,TEMOZOLOMIDE,GELDANAMYCIN,SW837,-26.19824485,0,0
10602,TEMOZOLOMIDE,GELDANAMYCIN,T47D,-35.90471742,0,0
10603,TEMOZOLOMIDE,GELDANAMYCIN,UACC62,-18.90422789,0,0
10604,TEMOZOLOMIDE,GELDANAMYCIN,VCAP,-40.59807165,0,0
10605,TEMOZOLOMIDE,GELDANAMYCIN,ZR751,-39.65495694,0,0
10606,TEMOZOLOMIDE,LAPATINIB,A2058,20.26452956,1,1
10607,TEMOZOLOMIDE,LAPATINIB,A2780,22.47873475,1,1
10612,TEMOZOLOMIDE,LAPATINIB,KPL1,-11.1993314,0,0
10615,TEMOZOLOMIDE,LAPATINIB,NCIH1650,-25.78010708,0,0
10618,TEMOZOLOMIDE,LAPATINIB,SKMEL30,23.5185448,1,1
10619,TEMOZOLOMIDE,LAPATINIB,SKOV3,-12.14107808,0,0
10621,TEMOZOLOMIDE,LAPATINIB,T47D,-87.2150434,0,0
10622,TEMOZOLOMIDE,LAPATINIB,UACC62,27.12344862,1,1
10624,TEMOZOLOMIDE,LAPATINIB,ZR751,-40.74352858,0,0
10627,TEMOZOLOMIDE,MK-2206,A427,30.45352386,1,1
10630,TEMOZOLOMIDE,MK-2206,KPL1,24.63347878,1,1
10632,TEMOZOLOMIDE,MK-2206,MSTO,31.07363225,1,1
10633,TEMOZOLOMIDE,MK-2206,NCIH1650,-34.48292861,0,0
10639,TEMOZOLOMIDE,MK-2206,RPMI7951,24.97117194,1,1
10640,TEMOZOLOMIDE,MK-2206,SKMEL30,29.67219831,1,1
10641,TEMOZOLOMIDE,MK-2206,SKMES1,22.09312489,1,1
10644,TEMOZOLOMIDE,MK-2206,T47D,-31.49347594,0,0
10645,TEMOZOLOMIDE,MK-2206,UACC62,22.96835963,1,1
10646,TEMOZOLOMIDE,MK-2206,VCAP,-10.89354601,0,0
10647,TEMOZOLOMIDE,MK-4827,A2058,36.94715511,1,1
10648,TEMOZOLOMIDE,MK-4827,A2058,36.94715511,1,1
10649,TEMOZOLOMIDE,MK-4827,A2780,71.43443667,1,1
10650,TEMOZOLOMIDE,MK-4827,A375,88.06453168,1,1
10651,TEMOZOLOMIDE,MK-4827,A375,88.06453168,1,1
10652,TEMOZOLOMIDE,MK-4827,A427,28.3202732,1,1
10653,TEMOZOLOMIDE,MK-4827,A427,28.3202732,1,1
10654,TEMOZOLOMIDE,MK-4827,CAOV3,109.682655,1,1
10655,TEMOZOLOMIDE,MK-4827,CAOV3,109.682655,1,1
10656,TEMOZOLOMIDE,MK-4827,ES2,28.02652339,1,1
10657,TEMOZOLOMIDE,MK-4827,ES2,28.02652339,1,1
10658,TEMOZOLOMIDE,MK-4827,HCT116,58.52389023,1,1
10659,TEMOZOLOMIDE,MK-4827,HCT116,58.52389023,1,1
10660,TEMOZOLOMIDE,MK-4827,HT144,23.3087924,1,1
10661,TEMOZOLOMIDE,MK-4827,HT29,59.22358233,1,1
10662,TEMOZOLOMIDE,MK-4827,HT29,59.22358233,1,1
10664,TEMOZOLOMIDE,MK-4827,LNCAP,35.82527467,1,1
10665,TEMOZOLOMIDE,MK-4827,LOVO,50.41543231,1,1
10666,TEMOZOLOMIDE,MK-4827,LOVO,50.41543231,1,1
10667,TEMOZOLOMIDE,MK-4827,MDAMB436,51.06938447,1,1
10668,TEMOZOLOMIDE,MK-4827,MSTO,81.29174808,1,1
10669,TEMOZOLOMIDE,MK-4827,NCIH1650,22.87569064,1,1
10670,TEMOZOLOMIDE,MK-4827,NCIH1650,22.87569064,1,1
10671,TEMOZOLOMIDE,MK-4827,NCIH2122,38.61535891,1,1
10672,TEMOZOLOMIDE,MK-4827,NCIH2122,38.61535891,1,1
10673,TEMOZOLOMIDE,MK-4827,NCIH23,33.94380832,1,1
10674,TEMOZOLOMIDE,MK-4827,NCIH23,33.94380832,1,1
10675,TEMOZOLOMIDE,MK-4827,NCIH460,74.82248693,1,1
10676,TEMOZOLOMIDE,MK-4827,NCIH520,36.82330697,1,1
10677,TEMOZOLOMIDE,MK-4827,OV90,61.59442847,1,1
10678,TEMOZOLOMIDE,MK-4827,RKO,53.11336107,1,1
10679,TEMOZOLOMIDE,MK-4827,RPMI7951,53.04393869,1,1
10680,TEMOZOLOMIDE,MK-4827,SKMEL30,36.25245563,1,1
10681,TEMOZOLOMIDE,MK-4827,SKMES1,74.27296817,1,1
10682,TEMOZOLOMIDE,MK-4827,SKOV3,58.35177786,1,1
10683,TEMOZOLOMIDE,MK-4827,SW620,26.3602678,1,1
10684,TEMOZOLOMIDE,MK-4827,SW620,26.3602678,1,1
10686,TEMOZOLOMIDE,MK-4827,T47D,44.99315653,1,1
10687,TEMOZOLOMIDE,MK-4827,UACC62,46.8582166,1,1
10688,TEMOZOLOMIDE,MK-4827,VCAP,57.97914751,1,1
10689,TEMOZOLOMIDE,MK-4827,ZR751,20.00840657,1,1
10692,TEMOZOLOMIDE,MK-5108,A427,30.88720182,1,1
10693,TEMOZOLOMIDE,MK-5108,CAOV3,-23.28256579,0,0
10694,TEMOZOLOMIDE,MK-5108,ES2,-10.27720836,0,0
10696,TEMOZOLOMIDE,MK-5108,KPL1,-29.7191092,0,0
10697,TEMOZOLOMIDE,MK-5108,LNCAP,-77.0883024,0,0
10698,TEMOZOLOMIDE,MK-5108,MSTO,-11.18681902,0,0
10699,TEMOZOLOMIDE,MK-5108,NCIH1650,-12.61377547,0,0
10701,TEMOZOLOMIDE,MK-5108,NCIH460,-19.03012912,0,0
10702,TEMOZOLOMIDE,MK-5108,NCIH520,-14.93798129,0,0
10706,TEMOZOLOMIDE,MK-5108,T47D,-12.12996289,0,0
10709,TEMOZOLOMIDE,MK-5108,ZR751,-62.02604411,0,0
10711,TEMOZOLOMIDE,MK-8669,A2780,38.2407195,1,1
10712,TEMOZOLOMIDE,MK-8669,A375,25.02396601,1,1
10713,TEMOZOLOMIDE,MK-8669,A427,38.89985303,1,1
10714,TEMOZOLOMIDE,MK-8669,CAOV3,-36.49745473,0,0
10715,TEMOZOLOMIDE,MK-8669,ES2,34.24466715,1,1
10718,TEMOZOLOMIDE,MK-8669,KPL1,66.07571301,1,1
10719,TEMOZOLOMIDE,MK-8669,LNCAP,33.00333461,1,1
10721,TEMOZOLOMIDE,MK-8669,MSTO,67.69333172,1,1
10723,TEMOZOLOMIDE,MK-8669,NCIH2122,21.55886685,1,1
10725,TEMOZOLOMIDE,MK-8669,NCIH460,29.46092393,1,1
10728,TEMOZOLOMIDE,MK-8669,RKO,31.38914651,1,1
10729,TEMOZOLOMIDE,MK-8669,RPMI7951,35.84369536,1,1
10730,TEMOZOLOMIDE,MK-8669,SKMEL30,50.21066429,1,1
10731,TEMOZOLOMIDE,MK-8669,SKMES1,41.62534471,1,1
10734,TEMOZOLOMIDE,MK-8669,SW837,-15.19755964,0,0
10735,TEMOZOLOMIDE,MK-8669,UACC62,28.00742879,1,1
10736,TEMOZOLOMIDE,MK-8776,A2058,135.2884354,1,1
10737,TEMOZOLOMIDE,MK-8776,A2058,135.2884354,1,1
10738,TEMOZOLOMIDE,MK-8776,A375,29.98915899,1,1
10739,TEMOZOLOMIDE,MK-8776,A427,88.19953849,1,1
10740,TEMOZOLOMIDE,MK-8776,A427,88.19953849,1,1
10743,TEMOZOLOMIDE,MK-8776,ES2,25.39389359,1,1
10744,TEMOZOLOMIDE,MK-8776,ES2,25.39389359,0,1
10749,TEMOZOLOMIDE,MK-8776,KPL1,-17.33442044,0,0
10753,TEMOZOLOMIDE,MK-8776,NCIH1650,-12.68825711,0,0
10754,TEMOZOLOMIDE,MK-8776,NCIH2122,-23.80632904,0,0
10755,TEMOZOLOMIDE,MK-8776,NCIH2122,-23.80632904,0,0
10756,TEMOZOLOMIDE,MK-8776,NCIH23,-144.235702,0,0
10757,TEMOZOLOMIDE,MK-8776,NCIH23,-144.235702,0,0
10760,TEMOZOLOMIDE,MK-8776,RPMI7951,21.96791546,1,1
10761,TEMOZOLOMIDE,MK-8776,SKMEL30,64.66499193,1,1
10763,TEMOZOLOMIDE,MK-8776,SKOV3,24.18053227,1,1
10764,TEMOZOLOMIDE,MK-8776,SW620,31.39099833,1,1
10765,TEMOZOLOMIDE,MK-8776,SW620,31.39099833,1,1
10766,TEMOZOLOMIDE,MK-8776,SW837,-35.30482667,0,0
10767,TEMOZOLOMIDE,MK-8776,T47D,-35.27358527,0,0
10768,TEMOZOLOMIDE,MK-8776,ZR751,-50.1731666,0,0
10769,TEMOZOLOMIDE,PD325901,A2058,37.10782277,1,1
10772,TEMOZOLOMIDE,PD325901,A427,43.19257115,1,1
10773,TEMOZOLOMIDE,PD325901,CAOV3,-16.86903332,0,0
10774,TEMOZOLOMIDE,PD325901,ES2,46.51055745,1,1
10775,TEMOZOLOMIDE,PD325901,HCT116,-12.89104904,0,0
10777,TEMOZOLOMIDE,PD325901,HT29,-11.54813233,0,0
10778,TEMOZOLOMIDE,PD325901,KPL1,-17.7324356,0,0
10782,TEMOZOLOMIDE,PD325901,NCIH1650,-23.91874311,0,0
10784,TEMOZOLOMIDE,PD325901,NCIH23,-19.21524146,0,0
10785,TEMOZOLOMIDE,PD325901,RPMI7951,21.90448437,1,1
10786,TEMOZOLOMIDE,PD325901,SKMES1,-15.06437597,0,0
10787,TEMOZOLOMIDE,PD325901,SKOV3,-18.88124937,0,0
10790,TEMOZOLOMIDE,PD325901,T47D,-13.59839648,0,0
10791,TEMOZOLOMIDE,PD325901,UACC62,-10.37817968,0,0
10792,TEMOZOLOMIDE,PD325901,VCAP,-31.43592561,0,0
10793,TEMOZOLOMIDE,PD325901,ZR751,-36.25157619,0,0
10795,TEMOZOLOMIDE,SN-38,CAOV3,-38.35767411,0,0
10797,TEMOZOLOMIDE,SN-38,HT144,-35.9449781,0,0
10799,TEMOZOLOMIDE,SN-38,KPL1,-17.39078427,0,0
10800,TEMOZOLOMIDE,SN-38,LOVO,-29.84824188,0,0
10803,TEMOZOLOMIDE,SN-38,NCIH1650,-33.43385696,0,0
10804,TEMOZOLOMIDE,SN-38,NCIH2122,-13.72631485,0,0
10805,TEMOZOLOMIDE,SN-38,NCIH23,-19.76704375,0,0
10806,TEMOZOLOMIDE,SN-38,NCIH460,-14.7813804,0,0
10808,TEMOZOLOMIDE,SN-38,OV90,-19.00683575,0,0
10809,TEMOZOLOMIDE,SN-38,RKO,-12.0477968,0,0
10811,TEMOZOLOMIDE,SN-38,SKOV3,-22.21048262,0,0
10812,TEMOZOLOMIDE,SN-38,SW837,-37.07104306,0,0
10813,TEMOZOLOMIDE,SN-38,T47D,-81.09317162,0,0
10815,TEMOZOLOMIDE,SN-38,VCAP,-12.43379703,0,0
10816,TEMOZOLOMIDE,SN-38,ZR751,-64.47985647,0,0
10819,TEMOZOLOMIDE,SORAFENIB,A427,22.68068564,1,1
10823,TEMOZOLOMIDE,SORAFENIB,LNCAP,-11.4422593,0,0
10825,TEMOZOLOMIDE,SORAFENIB,MSTO,-11.09112855,0,0
10833,TEMOZOLOMIDE,SORAFENIB,SKMES1,24.59771309,1,1
10838,TEMOZOLOMIDE,SORAFENIB,ZR751,-34.87701752,0,0
10845,TEMOZOLOMIDE,TOPOTECAN,LNCAP,-130.8320847,0,0
10849,TEMOZOLOMIDE,TOPOTECAN,NCIH460,-15.65452065,0,0
10850,TEMOZOLOMIDE,TOPOTECAN,SKMEL30,20.6515056,1,1
10851,TEMOZOLOMIDE,TOPOTECAN,SKMES1,22.16661787,1,1
10852,TEMOZOLOMIDE,TOPOTECAN,SKOV3,-14.20781623,0,0
10854,TEMOZOLOMIDE,TOPOTECAN,SW837,-12.06393634,0,0
10856,TEMOZOLOMIDE,TOPOTECAN,ZR751,-29.68251629,0,0
10857,TOPOTECAN,BEZ-235,A375,24.10423562,1,1
10858,TOPOTECAN,BEZ-235,A427,37.86464677,1,1
10860,TOPOTECAN,BEZ-235,HCT116,21.17556739,1,1
10861,TOPOTECAN,BEZ-235,HT144,48.75629793,1,1
10862,TOPOTECAN,BEZ-235,HT29,21.72575205,1,1
10863,TOPOTECAN,BEZ-235,KPL1,35.5881672,1,1
10864,TOPOTECAN,BEZ-235,LNCAP,68.80060551,1,1
10866,TOPOTECAN,BEZ-235,MDAMB436,25.39898136,1,1
10868,TOPOTECAN,BEZ-235,NCIH1650,21.36557399,1,1
10871,TOPOTECAN,BEZ-235,NCIH520,22.1998106,1,1
10872,TOPOTECAN,BEZ-235,RKO,26.36018076,1,1
10874,TOPOTECAN,BEZ-235,SKMEL30,23.4691515,1,1
10877,TOPOTECAN,BEZ-235,SW837,25.18286399,1,1
10878,TOPOTECAN,BEZ-235,T47D,57.24360015,1,1
10879,TOPOTECAN,BEZ-235,UACC62,24.41310053,1,1
10880,TOPOTECAN,BEZ-235,VCAP,21.16222094,1,1
10881,TOPOTECAN,BEZ-235,ZR751,23.2342723,1,1
10887,TOPOTECAN,DINACICLIB,HT29,-17.07016604,0,0
10889,TOPOTECAN,DINACICLIB,LNCAP,-163.0968503,0,0
10891,TOPOTECAN,DINACICLIB,NCIH1650,-29.45369647,0,0
10892,TOPOTECAN,DINACICLIB,NCIH23,-16.75045261,0,0
10893,TOPOTECAN,DINACICLIB,NCIH460,-17.62474375,0,0
10896,TOPOTECAN,DINACICLIB,SKMES1,-14.2633707,0,0
10897,TOPOTECAN,DINACICLIB,SKOV3,-21.79274166,0,0
10899,TOPOTECAN,DINACICLIB,SW837,-15.89758946,0,0
10903,TOPOTECAN,MK-8776,A2058,41.56384819,1,1
10904,TOPOTECAN,MK-8776,A427,28.95509979,1,1
10907,TOPOTECAN,MK-8776,HT144,28.50008464,1,1
10908,TOPOTECAN,MK-8776,HT29,24.07706293,1,1
10910,TOPOTECAN,MK-8776,LNCAP,-138.9528981,0,0
10914,TOPOTECAN,MK-8776,NCIH460,-34.59841245,0,0
10915,TOPOTECAN,MK-8776,NCIH520,25.24708336,1,1
10918,TOPOTECAN,MK-8776,SKMEL30,61.59177394,1,1
10919,TOPOTECAN,MK-8776,SKMES1,-17.09816322,0,0
10920,TOPOTECAN,MK-8776,SW620,23.70635184,1,1
10922,TOPOTECAN,MK-8776,T47D,-49.75887192,0,0
10924,TOPOTECAN,MK-8776,VCAP,34.95452145,1,1
10927,TOPOTECAN,SORAFENIB,HT29,-12.21221116,0,0
10931,TOPOTECAN,SORAFENIB,MSTO,-18.11747083,0,0
10938,TOPOTECAN,SORAFENIB,T47D,-12.75363736,0,0
10940,TOPOTECAN,SORAFENIB,ZR751,-15.7705134,0,0
10942,VINBLASTINE,ABT-888,A2780,-33.01039272,0,0
10943,VINBLASTINE,ABT-888,A375,-33.66188078,0,0
10944,VINBLASTINE,ABT-888,A427,-32.17034257,0,0
10945,VINBLASTINE,ABT-888,CAOV3,-38.11192775,0,0
10946,VINBLASTINE,ABT-888,ES2,-12.72149447,0,0
10947,VINBLASTINE,ABT-888,HCT116,-16.55595588,0,0
10948,VINBLASTINE,ABT-888,HT144,-31.95203457,0,0
10949,VINBLASTINE,ABT-888,HT29,-44.09793187,0,0
10951,VINBLASTINE,ABT-888,LNCAP,-45.33134536,0,0
10952,VINBLASTINE,ABT-888,LOVO,-31.81536286,0,0
10953,VINBLASTINE,ABT-888,MDAMB436,-21.32252366,0,0
10955,VINBLASTINE,ABT-888,NCIH1650,-29.0083885,0,0
10956,VINBLASTINE,ABT-888,NCIH2122,-21.16777445,0,0
10957,VINBLASTINE,ABT-888,NCIH23,-34.89296572,0,0
10958,VINBLASTINE,ABT-888,NCIH460,-15.35249881,0,0
10959,VINBLASTINE,ABT-888,NCIH520,-13.3486394,0,0
10960,VINBLASTINE,ABT-888,OV90,-19.15594557,0,0
10962,VINBLASTINE,ABT-888,RPMI7951,-37.34478721,0,0
10963,VINBLASTINE,ABT-888,SKMEL30,-16.1673518,0,0
10967,VINBLASTINE,ABT-888,SW837,-30.4198704,0,0
10968,VINBLASTINE,ABT-888,T47D,-19.7234483,0,0
10969,VINBLASTINE,ABT-888,UACC62,-28.21780099,0,0
10970,VINBLASTINE,ABT-888,VCAP,-14.55831433,0,0
10971,VINBLASTINE,ABT-888,ZR751,-50.84000559,0,0
10973,VINBLASTINE,AZD1775,A427,-13.28690127,0,0
10975,VINBLASTINE,AZD1775,ES2,21.07733507,1,1
10981,VINBLASTINE,AZD1775,MSTO,-16.17330097,0,0
10983,VINBLASTINE,AZD1775,NCIH2122,-23.03504899,0,0
10984,VINBLASTINE,AZD1775,NCIH23,-20.93263176,0,0
10986,VINBLASTINE,AZD1775,OV90,-16.28323135,0,0
10988,VINBLASTINE,AZD1775,SKMEL30,-19.4524336,0,0
10989,VINBLASTINE,AZD1775,SKMES1,-11.09668695,0,0
10990,VINBLASTINE,AZD1775,SKOV3,25.80182474,1,1
10991,VINBLASTINE,AZD1775,SW620,20.37152377,1,1
10993,VINBLASTINE,AZD1775,T47D,-23.22852677,0,0
10995,VINBLASTINE,AZD1775,VCAP,-10.55449578,0,0
10999,VINBLASTINE,BEZ-235,A375,33.63772163,1,1
11002,VINBLASTINE,BEZ-235,ES2,54.79783766,1,1
11003,VINBLASTINE,BEZ-235,HCT116,22.01341701,1,1
11004,VINBLASTINE,BEZ-235,HT144,37.59751525,1,1
11006,VINBLASTINE,BEZ-235,KPL1,24.20008646,1,1
11008,VINBLASTINE,BEZ-235,LOVO,21.06278538,1,1
11010,VINBLASTINE,BEZ-235,MSTO,-15.40433875,0,0
11011,VINBLASTINE,BEZ-235,NCIH1650,22.7832847,1,1
11012,VINBLASTINE,BEZ-235,NCIH2122,-21.71734756,0,0
11014,VINBLASTINE,BEZ-235,NCIH460,22.52552924,1,1
11016,VINBLASTINE,BEZ-235,OV90,22.68707228,1,1
11017,VINBLASTINE,BEZ-235,RKO,25.65786173,1,1
11020,VINBLASTINE,BEZ-235,SKOV3,27.83945666,1,1
11021,VINBLASTINE,BEZ-235,SW620,48.62427914,1,1
11022,VINBLASTINE,BEZ-235,SW837,25.06499142,1,1
11023,VINBLASTINE,BEZ-235,T47D,54.50425259,1,1
11024,VINBLASTINE,BEZ-235,UACC62,23.35084878,1,1
11027,VINBLASTINE,BORTEZOMIB,A2058,-10.55419165,0,0
11028,VINBLASTINE,BORTEZOMIB,A2780,-37.13334543,0,0
11029,VINBLASTINE,BORTEZOMIB,A375,-10.8968315,0,0
11030,VINBLASTINE,BORTEZOMIB,A427,-12.91150452,0,0
11031,VINBLASTINE,BORTEZOMIB,CAOV3,-32.10671184,0,0
11033,VINBLASTINE,BORTEZOMIB,HCT116,-13.98222264,0,0
11034,VINBLASTINE,BORTEZOMIB,HT144,-17.85957742,0,0
11035,VINBLASTINE,BORTEZOMIB,HT29,-27.19240385,0,0
11036,VINBLASTINE,BORTEZOMIB,LNCAP,-199.2579703,0,0
11037,VINBLASTINE,BORTEZOMIB,MDAMB436,-11.25332847,0,0
11038,VINBLASTINE,BORTEZOMIB,MSTO,-24.78273688,0,0
11039,VINBLASTINE,BORTEZOMIB,NCIH1650,-40.09623514,0,0
11040,VINBLASTINE,BORTEZOMIB,NCIH2122,-38.162152,0,0
11041,VINBLASTINE,BORTEZOMIB,NCIH23,-30.33070495,0,0
11042,VINBLASTINE,BORTEZOMIB,NCIH460,-38.97671729,0,0
11043,VINBLASTINE,BORTEZOMIB,NCIH520,-35.64042528,0,0
11044,VINBLASTINE,BORTEZOMIB,OV90,-17.53033643,0,0
11045,VINBLASTINE,BORTEZOMIB,RKO,-10.56821449,0,0
11046,VINBLASTINE,BORTEZOMIB,RPMI7951,-21.52598832,0,0
11047,VINBLASTINE,BORTEZOMIB,SKMEL30,-15.89976665,0,0
11048,VINBLASTINE,BORTEZOMIB,SKMES1,-34.12471001,0,0
11052,VINBLASTINE,BORTEZOMIB,T47D,-32.24183569,0,0
11053,VINBLASTINE,BORTEZOMIB,UACC62,-29.45041491,0,0
11054,VINBLASTINE,BORTEZOMIB,VCAP,-14.05161279,0,0
11055,VINBLASTINE,BORTEZOMIB,ZR751,-32.29125776,0,0
11056,VINBLASTINE,DASATINIB,A2058,41.6650811,1,1
11057,VINBLASTINE,DASATINIB,A2780,39.18536378,1,1
11062,VINBLASTINE,DASATINIB,HCT116,-44.90357203,0,0
11063,VINBLASTINE,DASATINIB,HT144,-39.59713445,0,0
11064,VINBLASTINE,DASATINIB,HT29,-10.93278023,0,0
11065,VINBLASTINE,DASATINIB,LNCAP,-32.69030668,0,0
11066,VINBLASTINE,DASATINIB,LOVO,42.18423999,1,1
11068,VINBLASTINE,DASATINIB,MSTO,93.43255317,1,1
11069,VINBLASTINE,DASATINIB,NCIH1650,33.55402048,1,1
11070,VINBLASTINE,DASATINIB,NCIH2122,-99.66705551,0,0
11073,VINBLASTINE,DASATINIB,NCIH520,39.41310981,1,1
11076,VINBLASTINE,DASATINIB,SKMEL30,-34.9381396,0,0
11078,VINBLASTINE,DASATINIB,SW620,22.37840362,1,1
11079,VINBLASTINE,DASATINIB,SW837,20.63883444,1,1
11080,VINBLASTINE,DASATINIB,T47D,-40.10616085,0,0
11082,VINBLASTINE,DASATINIB,ZR751,-49.88629454,0,0
11083,VINBLASTINE,DINACICLIB,A2058,-17.08245334,0,0
11084,VINBLASTINE,DINACICLIB,A2780,-20.21319358,0,0
11086,VINBLASTINE,DINACICLIB,A427,-16.62875411,0,0
11087,VINBLASTINE,DINACICLIB,CAOV3,-32.2301558,0,0
11089,VINBLASTINE,DINACICLIB,HCT116,-27.32015182,0,0
11090,VINBLASTINE,DINACICLIB,HT144,-13.64174523,0,0
11091,VINBLASTINE,DINACICLIB,HT29,-23.80891416,0,0
11092,VINBLASTINE,DINACICLIB,LOVO,-20.29283824,0,0
11093,VINBLASTINE,DINACICLIB,MDAMB436,-21.74415889,0,0
11094,VINBLASTINE,DINACICLIB,MSTO,-13.02853204,0,0
11095,VINBLASTINE,DINACICLIB,NCIH1650,-21.20039221,0,0
11096,VINBLASTINE,DINACICLIB,NCIH2122,-37.84606202,0,0
11097,VINBLASTINE,DINACICLIB,NCIH23,-31.19458031,0,0
11098,VINBLASTINE,DINACICLIB,NCIH460,-15.32815597,0,0
11099,VINBLASTINE,DINACICLIB,NCIH520,-31.63086613,0,0
11100,VINBLASTINE,DINACICLIB,OV90,-26.25964814,0,0
11102,VINBLASTINE,DINACICLIB,RPMI7951,-11.12907649,0,0
11104,VINBLASTINE,DINACICLIB,SKMES1,-27.53005918,0,0
11105,VINBLASTINE,DINACICLIB,SKOV3,-21.12419762,0,0
11107,VINBLASTINE,DINACICLIB,SW837,-19.21834825,0,0
11108,VINBLASTINE,DINACICLIB,T47D,-59.97465657,0,0
11110,VINBLASTINE,DINACICLIB,VCAP,-16.98016101,0,0
11111,VINBLASTINE,DINACICLIB,ZR751,-30.90163936,0,0
11112,VINBLASTINE,ERLOTINIB,A2058,85.57939365,1,1
11113,VINBLASTINE,ERLOTINIB,A375,45.22157703,1,1
11114,VINBLASTINE,ERLOTINIB,A427,26.87059183,1,1
11115,VINBLASTINE,ERLOTINIB,CAOV3,23.24715405,1,1
11116,VINBLASTINE,ERLOTINIB,ES2,58.79504997,1,1
11117,VINBLASTINE,ERLOTINIB,HCT116,71.50881052,1,1
11118,VINBLASTINE,ERLOTINIB,HT144,33.69883247,1,1
11119,VINBLASTINE,ERLOTINIB,HT29,49.68847538,1,1
11120,VINBLASTINE,ERLOTINIB,KPL1,44.65469026,1,1
11122,VINBLASTINE,ERLOTINIB,LOVO,42.3579718,1,1
11125,VINBLASTINE,ERLOTINIB,NCIH2122,39.33975616,1,1
11127,VINBLASTINE,ERLOTINIB,NCIH460,55.54657753,1,1
11128,VINBLASTINE,ERLOTINIB,NCIH520,39.94346161,1,1
11130,VINBLASTINE,ERLOTINIB,RKO,64.85230465,1,1
11132,VINBLASTINE,ERLOTINIB,SKMEL30,43.33310365,1,1
11133,VINBLASTINE,ERLOTINIB,SKMES1,28.62470543,1,1
11134,VINBLASTINE,ERLOTINIB,SKOV3,41.011108,1,1
11135,VINBLASTINE,ERLOTINIB,SW620,59.56206452,1,1
11136,VINBLASTINE,ERLOTINIB,SW837,54.25688552,1,1
11137,VINBLASTINE,ERLOTINIB,T47D,-14.05261606,0,0
11138,VINBLASTINE,ERLOTINIB,UACC62,32.31482524,1,1
11139,VINBLASTINE,ERLOTINIB,VCAP,114.6457311,1,1
11140,VINBLASTINE,ERLOTINIB,ZR751,40.44572347,1,1
11141,VINBLASTINE,GELDANAMYCIN,A2058,-12.87229487,0,0
11142,VINBLASTINE,GELDANAMYCIN,A2780,-18.22399153,0,0
11144,VINBLASTINE,GELDANAMYCIN,A427,-12.00738927,0,0
11145,VINBLASTINE,GELDANAMYCIN,CAOV3,-30.65969489,0,0
11146,VINBLASTINE,GELDANAMYCIN,HCT116,-16.39905805,0,0
11147,VINBLASTINE,GELDANAMYCIN,HT144,-17.92428323,0,0
11148,VINBLASTINE,GELDANAMYCIN,HT29,-35.70527713,0,0
11149,VINBLASTINE,GELDANAMYCIN,KPL1,-14.93310888,0,0
11150,VINBLASTINE,GELDANAMYCIN,LNCAP,-148.2415814,0,0
11151,VINBLASTINE,GELDANAMYCIN,LOVO,-28.62431489,0,0
11153,VINBLASTINE,GELDANAMYCIN,MSTO,-57.27205328,0,0
11154,VINBLASTINE,GELDANAMYCIN,NCIH1650,-26.43318161,0,0
11155,VINBLASTINE,GELDANAMYCIN,NCIH2122,-41.98659526,0,0
11156,VINBLASTINE,GELDANAMYCIN,NCIH23,-24.91058246,0,0
11157,VINBLASTINE,GELDANAMYCIN,NCIH460,-29.03978051,0,0
11158,VINBLASTINE,GELDANAMYCIN,NCIH520,-21.14714659,0,0
11159,VINBLASTINE,GELDANAMYCIN,OV90,-24.72680222,0,0
11161,VINBLASTINE,GELDANAMYCIN,RPMI7951,-11.90252931,0,0
11162,VINBLASTINE,GELDANAMYCIN,SKMEL30,-18.15600231,0,0
11163,VINBLASTINE,GELDANAMYCIN,SKMES1,-23.27499983,0,0
11166,VINBLASTINE,GELDANAMYCIN,SW837,-30.91373154,0,0
11167,VINBLASTINE,GELDANAMYCIN,T47D,-16.3040975,0,0
11168,VINBLASTINE,GELDANAMYCIN,UACC62,-77.82985735,0,0
11170,VINBLASTINE,GELDANAMYCIN,ZR751,-21.41855019,0,0
11171,VINBLASTINE,L778123,A2058,82.51665184,1,1
11172,VINBLASTINE,L778123,A375,34.22899361,1,1
11173,VINBLASTINE,L778123,A427,46.06766584,1,1
11175,VINBLASTINE,L778123,ES2,42.75639743,1,1
11176,VINBLASTINE,L778123,HCT116,29.99272324,1,1
11177,VINBLASTINE,L778123,HT144,28.3572738,1,1
11178,VINBLASTINE,L778123,HT29,29.80102376,1,1
11179,VINBLASTINE,L778123,LNCAP,-85.75874254,0,0
11181,VINBLASTINE,L778123,MDAMB436,23.10617121,1,1
11183,VINBLASTINE,L778123,NCIH1650,30.84218436,1,1
11185,VINBLASTINE,L778123,NCIH23,22.60535378,1,1
11186,VINBLASTINE,L778123,NCIH460,29.74340745,1,1
11188,VINBLASTINE,L778123,OV90,37.34672381,1,1
11189,VINBLASTINE,L778123,RKO,42.86699365,1,1
11190,VINBLASTINE,L778123,RPMI7951,22.57468317,1,1
11191,VINBLASTINE,L778123,SKMEL30,20.98314015,1,1
11192,VINBLASTINE,L778123,SKMES1,23.19915772,1,1
11193,VINBLASTINE,L778123,SKOV3,33.79519346,1,1
11194,VINBLASTINE,L778123,SW620,54.0558313,1,1
11195,VINBLASTINE,L778123,SW837,44.26821981,1,1
11196,VINBLASTINE,L778123,T47D,20.39818072,1,1
11197,VINBLASTINE,L778123,UACC62,21.25294408,1,1
11198,VINBLASTINE,L778123,VCAP,53.11094325,1,1
11200,VINBLASTINE,LAPATINIB,A2058,28.72204641,1,1
11202,VINBLASTINE,LAPATINIB,A375,22.83658596,1,1
11203,VINBLASTINE,LAPATINIB,A427,-34.8937392,0,0
11206,VINBLASTINE,LAPATINIB,HT29,-10.92119874,0,0
11207,VINBLASTINE,LAPATINIB,LNCAP,-29.05116225,0,0
11208,VINBLASTINE,LAPATINIB,LOVO,33.08985674,1,1
11209,VINBLASTINE,LAPATINIB,MDAMB436,-15.41813187,0,0
11211,VINBLASTINE,LAPATINIB,NCIH2122,-24.98687907,0,0
11212,VINBLASTINE,LAPATINIB,NCIH23,-10.5428104,0,0
11214,VINBLASTINE,LAPATINIB,OV90,-18.18239461,0,0
11215,VINBLASTINE,LAPATINIB,RKO,-14.77233304,0,0
11217,VINBLASTINE,LAPATINIB,SKMEL30,-10.25160505,0,0
11219,VINBLASTINE,LAPATINIB,SW837,33.39639297,1,1
11220,VINBLASTINE,LAPATINIB,T47D,-33.91977071,0,0
11224,VINBLASTINE,MK-2206,A375,20.50186319,1,1
11225,VINBLASTINE,MK-2206,A427,-31.09447208,0,0
11227,VINBLASTINE,MK-2206,HCT116,-19.9160462,0,0
11228,VINBLASTINE,MK-2206,HT144,24.67751112,1,1
11230,VINBLASTINE,MK-2206,KPL1,20.91663669,1,1
11233,VINBLASTINE,MK-2206,MDAMB436,-13.84621056,0,0
11234,VINBLASTINE,MK-2206,MSTO,46.76569279,1,1
11235,VINBLASTINE,MK-2206,NCIH2122,-34.7974911,0,0
11241,VINBLASTINE,MK-2206,UACC62,28.97072492,1,1
11243,VINBLASTINE,MK-4827,A2058,-13.3879235,0,0
11244,VINBLASTINE,MK-4827,A2780,-11.40134251,0,0
11245,VINBLASTINE,MK-4827,A375,-18.96388412,0,0
11246,VINBLASTINE,MK-4827,A427,-12.06344511,0,0
11247,VINBLASTINE,MK-4827,CAOV3,-33.48756779,0,0
11251,VINBLASTINE,MK-4827,HT29,-10.08507429,0,0
11252,VINBLASTINE,MK-4827,LNCAP,-46.64719467,0,0
11256,VINBLASTINE,MK-4827,NCIH23,-26.15634803,0,0
11257,VINBLASTINE,MK-4827,NCIH520,-18.66022759,0,0
11258,VINBLASTINE,MK-4827,OV90,-15.82092885,0,0
11262,VINBLASTINE,MK-4827,SKOV3,21.07144249,1,1
11263,VINBLASTINE,MK-4827,SW620,30.93184487,1,1
11264,VINBLASTINE,MK-4827,SW837,-21.71800764,0,0
11265,VINBLASTINE,MK-4827,T47D,-48.76345081,0,0
11269,VINBLASTINE,MK-5108,A2058,23.69537252,1,1
11271,VINBLASTINE,MK-5108,HCT116,21.84395569,1,1
11273,VINBLASTINE,MK-5108,HT29,41.01907392,1,1
11276,VINBLASTINE,MK-5108,MSTO,29.37038012,1,1
11277,VINBLASTINE,MK-5108,NCIH1650,20.87386169,1,1
11281,VINBLASTINE,MK-5108,RKO,41.33619823,1,1
11283,VINBLASTINE,MK-5108,SKMEL30,28.6090276,1,1
11285,VINBLASTINE,MK-5108,SKOV3,25.39738061,1,1
11286,VINBLASTINE,MK-5108,SW620,37.52096948,1,1
11287,VINBLASTINE,MK-5108,SW837,36.25399761,1,1
11289,VINBLASTINE,MK-5108,VCAP,39.35686611,1,1
11291,VINBLASTINE,MK-8669,A2058,50.48578982,1,1
11294,VINBLASTINE,MK-8669,ES2,23.62142238,1,1
11295,VINBLASTINE,MK-8669,HCT116,-19.22634478,0,0
11296,VINBLASTINE,MK-8669,HT144,23.29859282,1,1
11297,VINBLASTINE,MK-8669,KPL1,58.50727318,1,1
11299,VINBLASTINE,MK-8669,LOVO,32.69924727,1,1
11301,VINBLASTINE,MK-8669,MSTO,69.31644893,1,1
11309,VINBLASTINE,MK-8669,RPMI7951,20.07000003,1,1
11310,VINBLASTINE,MK-8669,SKMEL30,30.07980797,1,1
11311,VINBLASTINE,MK-8669,SKMES1,20.11197445,1,1
11312,VINBLASTINE,MK-8669,SKOV3,40.58721873,1,1
11313,VINBLASTINE,MK-8669,SW620,22.7495252,1,1
11314,VINBLASTINE,MK-8669,T47D,32.45522961,1,1
11315,VINBLASTINE,MK-8669,UACC62,29.64229297,1,1
11316,VINBLASTINE,MK-8669,VCAP,31.85489656,1,1
11317,VINBLASTINE,MK-8669,ZR751,23.22303048,1,1
11319,VINBLASTINE,MK-8776,A2780,-13.29820428,0,0
11321,VINBLASTINE,MK-8776,A427,-22.15026766,0,0
11323,VINBLASTINE,MK-8776,ES2,22.81604465,1,1
11325,VINBLASTINE,MK-8776,HT29,-18.85023674,0,0
11328,VINBLASTINE,MK-8776,MDAMB436,-11.27802511,0,0
11331,VINBLASTINE,MK-8776,NCIH2122,-48.00194577,0,0
11332,VINBLASTINE,MK-8776,NCIH23,-21.19126682,0,0
11335,VINBLASTINE,MK-8776,OV90,-10.43451866,0,0
11336,VINBLASTINE,MK-8776,RPMI7951,-28.90426431,0,0
11338,VINBLASTINE,MK-8776,SKMES1,-23.38064444,0,0
11339,VINBLASTINE,MK-8776,SW837,-30.7718173,0,0
11340,VINBLASTINE,MK-8776,T47D,-91.15214814,0,0
11341,VINBLASTINE,MK-8776,ZR751,-30.28771582,0,0
11345,VINBLASTINE,PD325901,CAOV3,-13.90924947,0,0
11346,VINBLASTINE,PD325901,ES2,33.91110573,1,1
11348,VINBLASTINE,PD325901,HT144,24.45758398,1,1
11349,VINBLASTINE,PD325901,HT29,-25.20453316,0,0
11350,VINBLASTINE,PD325901,KPL1,20.09543514,1,1
11354,VINBLASTINE,PD325901,NCIH2122,-30.45103376,0,0
11359,VINBLASTINE,PD325901,RKO,29.23276387,1,1
11362,VINBLASTINE,PD325901,SKMES1,-13.0645656,0,0
11364,VINBLASTINE,PD325901,SW620,21.10617037,1,1
11366,VINBLASTINE,PD325901,T47D,28.22259945,1,1
11367,VINBLASTINE,PD325901,ZR751,-19.26690345,0,0
11368,VINBLASTINE,SORAFENIB,A2058,25.4344919,1,1
11373,VINBLASTINE,SORAFENIB,ES2,34.59434216,1,1
11374,VINBLASTINE,SORAFENIB,HCT116,22.70004511,1,1
11380,VINBLASTINE,SORAFENIB,MSTO,-12.61543566,0,0
11383,VINBLASTINE,SORAFENIB,RKO,29.17794342,1,1
11387,VINBLASTINE,SORAFENIB,SKOV3,25.08227257,1,1
11388,VINBLASTINE,SORAFENIB,SW620,35.17248524,1,1
11390,VINBLASTINE,SORAFENIB,VCAP,39.73514779,1,1
11395,VINBLASTINE,SUNITINIB,HT29,-11.52411698,0,0
11397,VINBLASTINE,SUNITINIB,LNCAP,-19.48486642,0,0
11400,VINBLASTINE,SUNITINIB,MSTO,-12.15852725,0,0
11401,VINBLASTINE,SUNITINIB,NCIH23,-18.86316063,0,0
11405,VINBLASTINE,SUNITINIB,RPMI7951,-18.02883515,0,0
11406,VINBLASTINE,SUNITINIB,SKMEL30,-10.29952621,0,0
11408,VINBLASTINE,SUNITINIB,SW620,25.16921451,1,1
11410,VINBLASTINE,SUNITINIB,T47D,-18.93567274,0,0
11411,VINBLASTINE,SUNITINIB,ZR751,-11.21871505,0,0
11412,VINBLASTINE,TEMOZOLOMIDE,A2058,-30.26061865,0,0
11413,VINBLASTINE,TEMOZOLOMIDE,A2780,-56.27267644,0,0
11414,VINBLASTINE,TEMOZOLOMIDE,A375,-48.27094461,0,0
11415,VINBLASTINE,TEMOZOLOMIDE,A427,-35.19215535,0,0
11416,VINBLASTINE,TEMOZOLOMIDE,CAOV3,-114.9141752,0,0
11417,VINBLASTINE,TEMOZOLOMIDE,HCT116,-51.71582004,0,0
11418,VINBLASTINE,TEMOZOLOMIDE,HT144,-39.51605145,0,0
11419,VINBLASTINE,TEMOZOLOMIDE,HT29,-50.04582904,0,0
11420,VINBLASTINE,TEMOZOLOMIDE,KPL1,-19.88835922,0,0
11421,VINBLASTINE,TEMOZOLOMIDE,LNCAP,-59.71002754,0,0
11422,VINBLASTINE,TEMOZOLOMIDE,LOVO,-51.81234071,0,0
11423,VINBLASTINE,TEMOZOLOMIDE,MDAMB436,-29.25713371,0,0
11424,VINBLASTINE,TEMOZOLOMIDE,MSTO,-28.44300092,0,0
11425,VINBLASTINE,TEMOZOLOMIDE,NCIH1650,-44.15303893,0,0
11426,VINBLASTINE,TEMOZOLOMIDE,NCIH2122,-73.23152034,0,0
11427,VINBLASTINE,TEMOZOLOMIDE,NCIH23,-61.87395914,0,0
11428,VINBLASTINE,TEMOZOLOMIDE,NCIH460,-28.13013035,0,0
11429,VINBLASTINE,TEMOZOLOMIDE,NCIH520,-49.44226194,0,0
11430,VINBLASTINE,TEMOZOLOMIDE,OV90,-28.97810547,0,0
11431,VINBLASTINE,TEMOZOLOMIDE,RKO,-24.27092453,0,0
11432,VINBLASTINE,TEMOZOLOMIDE,RPMI7951,-52.57228832,0,0
11433,VINBLASTINE,TEMOZOLOMIDE,SKMEL30,-26.15567032,0,0
11434,VINBLASTINE,TEMOZOLOMIDE,SKMES1,-34.01315952,0,0
11435,VINBLASTINE,TEMOZOLOMIDE,SKOV3,-52.46322561,0,0
11437,VINBLASTINE,TEMOZOLOMIDE,SW837,-33.04587576,0,0
11438,VINBLASTINE,TEMOZOLOMIDE,T47D,-134.8040987,0,0
11439,VINBLASTINE,TEMOZOLOMIDE,UACC62,-23.07310332,0,0
11440,VINBLASTINE,TEMOZOLOMIDE,VCAP,-41.05187366,0,0
11441,VINBLASTINE,TEMOZOLOMIDE,ZR751,-109.6136828,0,0
11442,VINBLASTINE,ZOLINZA,A2058,-21.518126,0,0
11443,VINBLASTINE,ZOLINZA,A2780,-14.14086203,0,0
11444,VINBLASTINE,ZOLINZA,A375,-31.31519734,0,0
11445,VINBLASTINE,ZOLINZA,A427,-35.82031695,0,0
11446,VINBLASTINE,ZOLINZA,CAOV3,-37.1587722,0,0
11447,VINBLASTINE,ZOLINZA,HCT116,-13.34366812,0,0
11449,VINBLASTINE,ZOLINZA,KPL1,20.39194354,1,1
11451,VINBLASTINE,ZOLINZA,MDAMB436,-16.02021888,0,0
11452,VINBLASTINE,ZOLINZA,MSTO,75.78454391,1,1
11453,VINBLASTINE,ZOLINZA,NCIH2122,-20.15337746,0,0
11454,VINBLASTINE,ZOLINZA,NCIH23,-38.57213393,0,0
11455,VINBLASTINE,ZOLINZA,NCIH460,-18.94381502,0,0
11459,VINBLASTINE,ZOLINZA,RPMI7951,-11.50761233,0,0
11460,VINBLASTINE,ZOLINZA,SKMEL30,-28.53523545,0,0
11461,VINBLASTINE,ZOLINZA,SKOV3,24.42820826,1,1
11465,VINBLASTINE,ZOLINZA,ZR751,-40.78037564,0,0
11466,VINORELBINE,ABT-888,A2058,-14.72948136,0,0
11467,VINORELBINE,ABT-888,A2780,-13.93949131,0,0
11469,VINORELBINE,ABT-888,A427,-15.82842416,0,0
11470,VINORELBINE,ABT-888,CAOV3,-34.17870763,0,0
11472,VINORELBINE,ABT-888,HCT116,-10.42891778,0,0
11474,VINORELBINE,ABT-888,HT29,-21.08220023,0,0
11475,VINORELBINE,ABT-888,LNCAP,20.79711313,1,1
11477,VINORELBINE,ABT-888,MSTO,53.05526747,1,1
11478,VINORELBINE,ABT-888,NCIH1650,-10.63729132,0,0
11479,VINORELBINE,ABT-888,NCIH2122,-11.45134565,0,0
11480,VINORELBINE,ABT-888,NCIH23,-99.70601119,0,0
11481,VINORELBINE,ABT-888,NCIH520,-10.23345184,0,0
11482,VINORELBINE,ABT-888,OV90,21.73562619,1,1
11484,VINORELBINE,ABT-888,RPMI7951,-11.41582919,0,0
11488,VINORELBINE,ABT-888,SW837,-22.60500538,0,0
11489,VINORELBINE,ABT-888,T47D,-62.14153045,0,0
11491,VINORELBINE,ABT-888,VCAP,-15.99404826,0,0
11492,VINORELBINE,ABT-888,ZR751,-18.10633388,0,0
11493,VINORELBINE,AZD1775,A2058,-15.9386191,0,0
11497,VINORELBINE,AZD1775,CAOV3,-13.69612259,0,0
11499,VINORELBINE,AZD1775,HT29,-19.93858255,0,0
11501,VINORELBINE,AZD1775,NCIH2122,-29.0534773,0,0
11502,VINORELBINE,AZD1775,NCIH23,-19.15332801,0,0
11504,VINORELBINE,AZD1775,OV90,20.38350601,1,1
11506,VINORELBINE,AZD1775,RPMI7951,-12.04218059,0,0
11511,VINORELBINE,AZD1775,SW837,-11.16208807,0,0
11512,VINORELBINE,AZD1775,T47D,-13.60598844,0,0
11514,VINORELBINE,AZD1775,VCAP,-33.10078146,0,0
11515,VINORELBINE,AZD1775,ZR751,-16.44969908,0,0
11516,VINORELBINE,BEZ-235,A375,41.50912604,1,1
11517,VINORELBINE,BEZ-235,CAOV3,-37.17291918,0,0
11518,VINORELBINE,BEZ-235,ES2,28.56098292,1,1
11520,VINORELBINE,BEZ-235,HT144,39.3234412,1,1
11522,VINORELBINE,BEZ-235,KPL1,31.96210272,1,1
11523,VINORELBINE,BEZ-235,LNCAP,68.11021209,1,1
11525,VINORELBINE,BEZ-235,MDAMB436,25.97459654,1,1
11526,VINORELBINE,BEZ-235,MSTO,82.33127458,1,1
11528,VINORELBINE,BEZ-235,NCIH2122,-26.51424638,0,0
11529,VINORELBINE,BEZ-235,NCIH23,-212.4597872,0,0
11530,VINORELBINE,BEZ-235,NCIH460,37.07844145,1,1
11532,VINORELBINE,BEZ-235,OV90,56.16738368,1,1
11534,VINORELBINE,BEZ-235,SKMEL30,32.38480959,1,1
11535,VINORELBINE,BEZ-235,SKMES1,23.10429354,1,1
11538,VINORELBINE,BEZ-235,SW837,23.54663021,1,1
11539,VINORELBINE,BEZ-235,T47D,121.2857062,1,1
11540,VINORELBINE,BEZ-235,UACC62,27.95255894,1,1
11541,VINORELBINE,BEZ-235,VCAP,-23.50668559,0,0
11542,VINORELBINE,BEZ-235,ZR751,34.158294,1,1
11543,VINORELBINE,BORTEZOMIB,A2058,-29.6509664,0,0
11544,VINORELBINE,BORTEZOMIB,A2780,-33.09195683,0,0
11546,VINORELBINE,BORTEZOMIB,A427,-23.932998,0,0
11547,VINORELBINE,BORTEZOMIB,CAOV3,-42.79262801,0,0
11548,VINORELBINE,BORTEZOMIB,ES2,-28.59156521,0,0
11549,VINORELBINE,BORTEZOMIB,HCT116,-23.6526331,0,0
11551,VINORELBINE,BORTEZOMIB,HT29,-42.68826455,0,0
11553,VINORELBINE,BORTEZOMIB,LNCAP,-15.55903704,0,0
11556,VINORELBINE,BORTEZOMIB,MSTO,130.1395174,1,1
11557,VINORELBINE,BORTEZOMIB,NCIH1650,-28.18792891,0,0
11558,VINORELBINE,BORTEZOMIB,NCIH2122,-57.52759998,0,0
11559,VINORELBINE,BORTEZOMIB,NCIH23,-257.759711,0,0
11560,VINORELBINE,BORTEZOMIB,NCIH460,-19.99638989,0,0
11561,VINORELBINE,BORTEZOMIB,NCIH520,-35.36046364,0,0
11562,VINORELBINE,BORTEZOMIB,RKO,-19.38519443,0,0
11563,VINORELBINE,BORTEZOMIB,RPMI7951,-19.90547782,0,0
11565,VINORELBINE,BORTEZOMIB,SKMES1,-24.46352917,0,0
11566,VINORELBINE,BORTEZOMIB,SKOV3,-22.2226484,0,0
11567,VINORELBINE,BORTEZOMIB,SW837,-24.5002518,0,0
11568,VINORELBINE,BORTEZOMIB,T47D,-35.92059286,0,0
11569,VINORELBINE,BORTEZOMIB,UACC62,-25.41493952,0,0
11570,VINORELBINE,BORTEZOMIB,VCAP,-38.01516994,0,0
11571,VINORELBINE,BORTEZOMIB,ZR751,-36.74445526,0,0
11572,VINORELBINE,DASATINIB,A2780,40.08347788,1,1
11573,VINORELBINE,DASATINIB,A375,32.24296154,1,1
11574,VINORELBINE,DASATINIB,A427,39.37162018,1,1
11575,VINORELBINE,DASATINIB,CAOV3,-14.9173314,0,0
11577,VINORELBINE,DASATINIB,HCT116,-23.81764076,0,0
11578,VINORELBINE,DASATINIB,HT144,-35.84801821,0,0
11580,VINORELBINE,DASATINIB,KPL1,21.99230904,1,1
11581,VINORELBINE,DASATINIB,LNCAP,27.9343932,1,1
11582,VINORELBINE,DASATINIB,LOVO,53.84310556,1,1
11584,VINORELBINE,DASATINIB,MSTO,102.4901933,1,1
11585,VINORELBINE,DASATINIB,NCIH1650,47.46346021,1,1
11586,VINORELBINE,DASATINIB,NCIH2122,-50.14297404,0,0
11587,VINORELBINE,DASATINIB,NCIH460,30.91293171,1,1
11588,VINORELBINE,DASATINIB,NCIH520,43.75611313,1,1
11589,VINORELBINE,DASATINIB,OV90,53.73242187,1,1
11591,VINORELBINE,DASATINIB,SKMEL30,-14.38894625,0,0
11593,VINORELBINE,DASATINIB,SKOV3,25.0526887,1,1
11594,VINORELBINE,DASATINIB,SW620,31.29388992,1,1
11595,VINORELBINE,DASATINIB,SW837,20.89142917,1,1
11596,VINORELBINE,DASATINIB,T47D,45.21935482,1,1
11597,VINORELBINE,DASATINIB,UACC62,-15.86528262,0,0
11598,VINORELBINE,DASATINIB,VCAP,-10.3994299,0,0
11599,VINORELBINE,DASATINIB,ZR751,-15.54601539,0,0
11600,VINORELBINE,DINACICLIB,A2058,-16.0429611,0,0
11601,VINORELBINE,DINACICLIB,A2780,-19.1765067,0,0
11602,VINORELBINE,DINACICLIB,A375,-123.0291404,0,0
11604,VINORELBINE,DINACICLIB,CAOV3,-27.19305306,0,0
11606,VINORELBINE,DINACICLIB,HCT116,-25.11713456,0,0
11608,VINORELBINE,DINACICLIB,HT29,-29.92559853,0,0
11611,VINORELBINE,DINACICLIB,MSTO,48.62661809,1,1
11613,VINORELBINE,DINACICLIB,NCIH2122,-22.26362069,0,0
11614,VINORELBINE,DINACICLIB,NCIH23,-16.26098577,0,0
11617,VINORELBINE,DINACICLIB,OV90,30.33318701,1,1
11622,VINORELBINE,DINACICLIB,SKOV3,-15.23066253,0,0
11624,VINORELBINE,DINACICLIB,SW837,-12.76025598,0,0
11625,VINORELBINE,DINACICLIB,T47D,-13.1210252,0,0
11627,VINORELBINE,DINACICLIB,VCAP,-36.73261246,0,0
11628,VINORELBINE,ERLOTINIB,A2058,-13.18998542,0,0
11630,VINORELBINE,ERLOTINIB,A375,52.30453418,1,1
11632,VINORELBINE,ERLOTINIB,CAOV3,-23.50326318,0,0
11633,VINORELBINE,ERLOTINIB,ES2,29.70881742,1,1
11634,VINORELBINE,ERLOTINIB,HT144,23.93883862,1,1
11635,VINORELBINE,ERLOTINIB,HT29,-13.10761589,0,0
11638,VINORELBINE,ERLOTINIB,LOVO,34.26409169,1,1
11640,VINORELBINE,ERLOTINIB,MSTO,28.03624262,1,1
11643,VINORELBINE,ERLOTINIB,NCIH460,34.54849981,1,1
11644,VINORELBINE,ERLOTINIB,OV90,52.54043322,1,1
11646,VINORELBINE,ERLOTINIB,RPMI7951,-11.82033785,0,0
11647,VINORELBINE,ERLOTINIB,SKMEL30,23.04192946,1,1
11648,VINORELBINE,ERLOTINIB,SKMES1,37.35065015,1,1
11649,VINORELBINE,ERLOTINIB,SKOV3,34.85126701,1,1
11650,VINORELBINE,ERLOTINIB,SW837,37.38803088,1,1
11651,VINORELBINE,ERLOTINIB,T47D,-12.29831992,0,0
11652,VINORELBINE,ERLOTINIB,UACC62,33.63713202,1,1
11654,VINORELBINE,ERLOTINIB,ZR751,31.46014941,1,1
11656,VINORELBINE,GELDANAMYCIN,A2780,-21.02989869,0,0
11657,VINORELBINE,GELDANAMYCIN,A375,35.97263906,1,1
11659,VINORELBINE,GELDANAMYCIN,CAOV3,-30.3852445,0,0
11661,VINORELBINE,GELDANAMYCIN,HCT116,-12.53972622,0,0
11662,VINORELBINE,GELDANAMYCIN,HT29,-27.8607575,0,0
11663,VINORELBINE,GELDANAMYCIN,KPL1,-11.34986421,0,0
11664,VINORELBINE,GELDANAMYCIN,LOVO,-15.41936663,0,0
11666,VINORELBINE,GELDANAMYCIN,NCIH1650,-12.12292657,0,0
11667,VINORELBINE,GELDANAMYCIN,NCIH2122,-37.22831577,0,0
11668,VINORELBINE,GELDANAMYCIN,NCIH23,-277.8941379,0,0
11669,VINORELBINE,GELDANAMYCIN,NCIH460,-10.50222311,0,0
11670,VINORELBINE,GELDANAMYCIN,NCIH520,-18.72141057,0,0
11675,VINORELBINE,GELDANAMYCIN,SKOV3,-17.37401835,0,0
11676,VINORELBINE,GELDANAMYCIN,SW620,-13.20939451,0,0
11677,VINORELBINE,GELDANAMYCIN,SW837,-17.55487522,0,0
11678,VINORELBINE,GELDANAMYCIN,T47D,-37.58848261,0,0
11680,VINORELBINE,GELDANAMYCIN,VCAP,-45.238919,0,0
11681,VINORELBINE,GELDANAMYCIN,ZR751,-13.43801841,0,0
11682,VINORELBINE,LAPATINIB,A2058,-16.50783592,0,0
11684,VINORELBINE,LAPATINIB,A375,55.47446162,1,1
11685,VINORELBINE,LAPATINIB,A427,-30.63221224,0,0
11686,VINORELBINE,LAPATINIB,CAOV3,-20.90626385,0,0
11687,VINORELBINE,LAPATINIB,ES2,45.95639602,1,1
11688,VINORELBINE,LAPATINIB,HCT116,-14.41182799,0,0
11690,VINORELBINE,LAPATINIB,HT29,-25.90104775,0,0
11693,VINORELBINE,LAPATINIB,LOVO,44.24021216,1,1
11695,VINORELBINE,LAPATINIB,NCIH2122,-23.24493042,0,0
11696,VINORELBINE,LAPATINIB,NCIH460,42.47381611,1,1
11697,VINORELBINE,LAPATINIB,NCIH520,-12.12266334,0,0
11698,VINORELBINE,LAPATINIB,OV90,36.20680413,1,1
11702,VINORELBINE,LAPATINIB,SKMES1,38.5294507,1,1
11705,VINORELBINE,LAPATINIB,SW837,20.92043564,1,1
11706,VINORELBINE,LAPATINIB,UACC62,-13.51336409,0,0
11707,VINORELBINE,LAPATINIB,VCAP,-18.13521888,0,0
11709,VINORELBINE,MK-2206,A375,44.85448884,1,1
11711,VINORELBINE,MK-2206,CAOV3,-32.08234072,0,0
11712,VINORELBINE,MK-2206,ES2,30.61990596,1,1
11713,VINORELBINE,MK-2206,HT144,24.04190157,1,1
11715,VINORELBINE,MK-2206,KPL1,50.69438552,1,1
11717,VINORELBINE,MK-2206,LOVO,31.50647277,1,1
11718,VINORELBINE,MK-2206,MSTO,58.54239757,1,1
11720,VINORELBINE,MK-2206,NCIH2122,-15.29527655,0,0
11721,VINORELBINE,MK-2206,NCIH460,32.62178141,1,1
11722,VINORELBINE,MK-2206,NCIH520,23.2798268,1,1
11723,VINORELBINE,MK-2206,OV90,52.94671783,1,1
11727,VINORELBINE,MK-2206,SKMES1,31.70298181,1,1
11728,VINORELBINE,MK-2206,SKOV3,24.02655813,1,1
11731,VINORELBINE,MK-2206,VCAP,-23.5722952,0,0
11733,VINORELBINE,MK-4827,A2058,-47.23456054,0,0
11734,VINORELBINE,MK-4827,A2780,-15.68910384,0,0
11735,VINORELBINE,MK-4827,A375,-15.7736201,0,0
11736,VINORELBINE,MK-4827,A427,-20.34321629,0,0
11737,VINORELBINE,MK-4827,CAOV3,-35.8802506,0,0
11738,VINORELBINE,MK-4827,ES2,-11.91309188,0,0
11739,VINORELBINE,MK-4827,HCT116,-27.46891861,0,0
11740,VINORELBINE,MK-4827,HT144,-36.68971871,0,0
11741,VINORELBINE,MK-4827,HT29,-38.68908041,0,0
11742,VINORELBINE,MK-4827,KPL1,-23.04030589,0,0
11748,VINORELBINE,MK-4827,NCIH2122,-13.41470575,0,0
11749,VINORELBINE,MK-4827,NCIH23,-25.97198273,0,0
11750,VINORELBINE,MK-4827,NCIH520,-28.67860789,0,0
11752,VINORELBINE,MK-4827,RKO,-23.05733444,0,0
11753,VINORELBINE,MK-4827,RPMI7951,-19.02440312,0,0
11757,VINORELBINE,MK-4827,SW837,-29.16157401,0,0
11758,VINORELBINE,MK-4827,T47D,-30.51521593,0,0
11759,VINORELBINE,MK-4827,UACC62,-42.39205054,0,0
11760,VINORELBINE,MK-4827,VCAP,-28.56345145,0,0
11761,VINORELBINE,MK-4827,ZR751,-25.75959198,0,0
11762,VINORELBINE,MK-5108,A2058,-37.91217965,0,0
11763,VINORELBINE,MK-5108,A2780,-18.87262033,0,0
11764,VINORELBINE,MK-5108,A375,-15.55207563,0,0
11765,VINORELBINE,MK-5108,A427,-13.83169443,0,0
11766,VINORELBINE,MK-5108,CAOV3,-19.7367165,0,0
11768,VINORELBINE,MK-5108,HCT116,-10.27464795,0,0
11769,VINORELBINE,MK-5108,HT144,-14.14444788,0,0
11775,VINORELBINE,MK-5108,NCIH2122,-27.00710331,0,0
11776,VINORELBINE,MK-5108,NCIH23,-14.3339427,0,0
11777,VINORELBINE,MK-5108,NCIH460,-18.937027,0,0
11778,VINORELBINE,MK-5108,NCIH520,-11.1253861,0,0
11779,VINORELBINE,MK-5108,OV90,24.85009783,1,1
11780,VINORELBINE,MK-5108,RKO,-22.72519608,0,0
11781,VINORELBINE,MK-5108,RPMI7951,-28.13845329,0,0
11787,VINORELBINE,MK-5108,UACC62,-35.9022166,0,0
11788,VINORELBINE,MK-5108,VCAP,-21.4123089,0,0
11793,VINORELBINE,MK-8669,CAOV3,-47.92854183,0,0
11794,VINORELBINE,MK-8669,ES2,21.50841806,1,1
11795,VINORELBINE,MK-8669,HCT116,-24.45436765,0,0
11798,VINORELBINE,MK-8669,KPL1,37.31074359,1,1
11802,VINORELBINE,MK-8669,MSTO,39.19542594,1,1
11803,VINORELBINE,MK-8669,NCIH1650,26.54978821,1,1
11804,VINORELBINE,MK-8669,NCIH2122,-18.47638679,0,0
11807,VINORELBINE,MK-8669,OV90,57.71085461,1,1
11810,VINORELBINE,MK-8669,SKMEL30,29.31986467,1,1
11812,VINORELBINE,MK-8669,SKOV3,59.31285459,1,1
11818,VINORELBINE,MK-8776,A2780,-10.79449255,0,0
11819,VINORELBINE,MK-8776,A375,42.62957748,1,1
11820,VINORELBINE,MK-8776,CAOV3,-16.86694139,0,0
11821,VINORELBINE,MK-8776,ES2,22.28288587,1,1
11823,VINORELBINE,MK-8776,HT29,-13.56510198,0,0
11827,VINORELBINE,MK-8776,NCIH2122,-34.7723178,0,0
11828,VINORELBINE,MK-8776,OV90,33.17631367,1,1
11829,VINORELBINE,MK-8776,RKO,23.14340434,1,1
11830,VINORELBINE,MK-8776,RPMI7951,-15.47640521,0,0
11831,VINORELBINE,MK-8776,SKMEL30,26.47231544,1,1
11832,VINORELBINE,MK-8776,SKMES1,-12.26919238,0,0
11835,VINORELBINE,MK-8776,T47D,-46.02558266,0,0
11836,VINORELBINE,MK-8776,UACC62,-22.13441821,0,0
11837,VINORELBINE,MK-8776,VCAP,-18.61847602,0,0
11838,VINORELBINE,MK-8776,ZR751,-24.33332147,0,0
11839,VINORELBINE,PD325901,A2058,-27.22694143,0,0
11841,VINORELBINE,PD325901,CAOV3,-32.91543819,0,0
11843,VINORELBINE,PD325901,HT144,31.86028838,1,1
11844,VINORELBINE,PD325901,HT29,-21.87293757,0,0
11847,VINORELBINE,PD325901,MSTO,26.29391455,1,1
11848,VINORELBINE,PD325901,NCIH1650,-10.68215805,0,0
11849,VINORELBINE,PD325901,NCIH2122,-32.04655251,0,0
11850,VINORELBINE,PD325901,NCIH23,-177.6700632,0,0
11851,VINORELBINE,PD325901,NCIH520,-21.92731353,0,0
11852,VINORELBINE,PD325901,OV90,36.77178889,1,1
11854,VINORELBINE,PD325901,RPMI7951,-10.77719272,0,0
11855,VINORELBINE,PD325901,SKMES1,-23.29585728,0,0
11858,VINORELBINE,PD325901,T47D,-72.32759015,0,0
11859,VINORELBINE,PD325901,VCAP,-23.63375513,0,0
11860,VINORELBINE,SORAFENIB,A2058,-11.62252891,0,0
11863,VINORELBINE,SORAFENIB,CAOV3,-22.98306964,0,0
11865,VINORELBINE,SORAFENIB,HT29,-15.19965939,0,0
11867,VINORELBINE,SORAFENIB,MDAMB436,-16.43867393,0,0
11868,VINORELBINE,SORAFENIB,MSTO,-12.63770398,0,0
11870,VINORELBINE,SORAFENIB,NCIH2122,-20.42331708,0,0
11875,VINORELBINE,SORAFENIB,RPMI7951,-20.71270282,0,0
11878,VINORELBINE,SORAFENIB,UACC62,-37.32485392,0,0
11879,VINORELBINE,SORAFENIB,VCAP,-21.14018405,0,0
11880,VINORELBINE,SORAFENIB,ZR751,-20.51243426,0,0
11881,VINORELBINE,SUNITINIB,A2058,-13.16174107,0,0
11885,VINORELBINE,SUNITINIB,CAOV3,-15.57139808,0,0
11886,VINORELBINE,SUNITINIB,HT29,-20.32413561,0,0
11890,VINORELBINE,SUNITINIB,NCIH2122,-14.95378332,0,0
11893,VINORELBINE,SUNITINIB,RKO,-11.60615082,0,0
11894,VINORELBINE,SUNITINIB,RPMI7951,-22.45454545,0,0
11897,VINORELBINE,SUNITINIB,T47D,-14.37814881,0,0
11898,VINORELBINE,SUNITINIB,UACC62,-10.71145822,0,0
11899,VINORELBINE,SUNITINIB,VCAP,-16.79739198,0,0
11900,VINORELBINE,SUNITINIB,ZR751,-11.84772549,0,0
11901,VINORELBINE,TEMOZOLOMIDE,A2058,-29.221793,0,0
11903,VINORELBINE,TEMOZOLOMIDE,A375,-87.0690888,0,0
11904,VINORELBINE,TEMOZOLOMIDE,CAOV3,-56.09371921,0,0
11906,VINORELBINE,TEMOZOLOMIDE,HCT116,-35.52399066,0,0
11907,VINORELBINE,TEMOZOLOMIDE,HT144,-26.79147363,0,0
11908,VINORELBINE,TEMOZOLOMIDE,HT29,-25.58921534,0,0
11909,VINORELBINE,TEMOZOLOMIDE,KPL1,-27.61349129,0,0
11912,VINORELBINE,TEMOZOLOMIDE,MSTO,25.9906739,1,1
11913,VINORELBINE,TEMOZOLOMIDE,NCIH1650,-21.27508551,0,0
11914,VINORELBINE,TEMOZOLOMIDE,NCIH2122,-29.83515237,0,0
11916,VINORELBINE,TEMOZOLOMIDE,NCIH460,-22.7366223,0,0
11917,VINORELBINE,TEMOZOLOMIDE,NCIH520,-15.04684188,0,0
11918,VINORELBINE,TEMOZOLOMIDE,OV90,32.66093222,1,1
11919,VINORELBINE,TEMOZOLOMIDE,RKO,-10.81931754,0,0
11920,VINORELBINE,TEMOZOLOMIDE,RPMI7951,-14.43882285,0,0
11923,VINORELBINE,TEMOZOLOMIDE,SKOV3,-13.22595106,0,0
11925,VINORELBINE,TEMOZOLOMIDE,T47D,-26.7374178,0,0
11927,VINORELBINE,TEMOZOLOMIDE,VCAP,-30.95316635,0,0
11928,VINORELBINE,TEMOZOLOMIDE,ZR751,-23.76690881,0,0
11929,VINORELBINE,ZOLINZA,A2058,-40.10431441,0,0
11930,VINORELBINE,ZOLINZA,A2780,-27.52343257,0,0
11931,VINORELBINE,ZOLINZA,A375,-27.31844798,0,0
11932,VINORELBINE,ZOLINZA,A427,-29.45950488,0,0
11933,VINORELBINE,ZOLINZA,CAOV3,-40.83691599,0,0
11934,VINORELBINE,ZOLINZA,HCT116,-25.70139462,0,0
11937,VINORELBINE,ZOLINZA,LNCAP,20.42830047,1,1
11939,VINORELBINE,ZOLINZA,MSTO,73.17899317,1,1
11940,VINORELBINE,ZOLINZA,NCIH2122,-16.9331785,0,0
11941,VINORELBINE,ZOLINZA,NCIH23,-40.53933726,0,0
11942,VINORELBINE,ZOLINZA,NCIH460,-17.89887461,0,0
11943,VINORELBINE,ZOLINZA,OV90,28.52452963,1,1
11944,VINORELBINE,ZOLINZA,RKO,-15.49178939,0,0
11945,VINORELBINE,ZOLINZA,RPMI7951,-12.14337574,0,0
11946,VINORELBINE,ZOLINZA,SKMEL30,-17.32848254,0,0
11947,VINORELBINE,ZOLINZA,SKOV3,22.74174616,1,1
11948,VINORELBINE,ZOLINZA,SW620,-11.39460999,0,0
11951,VINORELBINE,ZOLINZA,UACC62,-13.941095,0,0
11952,VINORELBINE,ZOLINZA,VCAP,-14.693083,0,0
11953,VINORELBINE,ZOLINZA,ZR751,-14.37442145,0,0
11956,ZOLINZA,ABT-888,A427,-58.52327953,0,0
11957,ZOLINZA,ABT-888,CAOV3,20.09472977,1,1
11958,ZOLINZA,ABT-888,LNCAP,49.33693535,1,1
11959,ZOLINZA,ABT-888,MSTO,55.19369824,1,1
11967,ZOLINZA,ABT-888,SKOV3,25.58852392,1,1
11968,ZOLINZA,ABT-888,VCAP,27.32757725,1,1
11970,ZOLINZA,AZD1775,A375,21.04505592,1,1
11971,ZOLINZA,AZD1775,A427,-15.37435912,0,0
11975,ZOLINZA,AZD1775,LNCAP,20.66996411,1,1
11976,ZOLINZA,AZD1775,MSTO,20.86958474,1,1
11984,ZOLINZA,AZD1775,SKMEL30,-12.61182896,0,0
11985,ZOLINZA,AZD1775,SKMES1,25.90049312,1,1
11986,ZOLINZA,AZD1775,SKOV3,26.88561702,1,1
11988,ZOLINZA,AZD1775,T47D,21.03839338,1,1
11991,ZOLINZA,AZD1775,ZR751,-20.67853655,0,0
11992,ZOLINZA,BEZ-235,A2058,22.42827156,1,1
11994,ZOLINZA,BEZ-235,A427,-38.27421098,0,0
11995,ZOLINZA,BEZ-235,CAOV3,42.93750716,1,1
11996,ZOLINZA,BEZ-235,ES2,25.66320195,1,1
11997,ZOLINZA,BEZ-235,HCT116,22.72634472,1,1
11998,ZOLINZA,BEZ-235,HT29,22.63820584,1,1
12000,ZOLINZA,BEZ-235,LNCAP,96.70016552,1,1
12001,ZOLINZA,BEZ-235,LOVO,20.0076554,1,1
12002,ZOLINZA,BEZ-235,MDAMB436,25.20343588,1,1
12003,ZOLINZA,BEZ-235,MSTO,55.52670442,1,1
12004,ZOLINZA,BEZ-235,NCIH2122,25.38214663,1,1
12008,ZOLINZA,BEZ-235,OV90,21.81472384,1,1
12009,ZOLINZA,BEZ-235,RKO,20.00905401,1,1
12011,ZOLINZA,BEZ-235,SKMES1,23.83039343,1,1
12012,ZOLINZA,BEZ-235,SKOV3,21.09282755,1,1
12014,ZOLINZA,BEZ-235,SW837,24.76549285,1,1
12015,ZOLINZA,BEZ-235,T47D,109.7250532,1,1
12016,ZOLINZA,BEZ-235,VCAP,28.68297391,1,1
12017,ZOLINZA,BORTEZOMIB,A2780,-20.8774682,0,0
12018,ZOLINZA,BORTEZOMIB,A427,-46.20067419,0,0
12019,ZOLINZA,BORTEZOMIB,CAOV3,-16.1556018,0,0
12022,ZOLINZA,BORTEZOMIB,LNCAP,25.5158072,1,1
12024,ZOLINZA,BORTEZOMIB,MSTO,74.16789711,1,1
12025,ZOLINZA,BORTEZOMIB,NCIH1650,-14.9686878,0,0
12026,ZOLINZA,BORTEZOMIB,NCIH23,-19.28257639,0,0
12028,ZOLINZA,BORTEZOMIB,NCIH520,-18.64505918,0,0
12032,ZOLINZA,BORTEZOMIB,SKOV3,30.8835092,1,1
12037,ZOLINZA,DASATINIB,A2058,48.60433162,1,1
12038,ZOLINZA,DASATINIB,A2780,21.54568139,1,1
12039,ZOLINZA,DASATINIB,A375,-11.30830162,0,0
12042,ZOLINZA,DASATINIB,ES2,20.54787611,1,1
12043,ZOLINZA,DASATINIB,HT144,33.79447822,1,1
12044,ZOLINZA,DASATINIB,KPL1,20.38918996,1,1
12045,ZOLINZA,DASATINIB,LNCAP,43.65732804,1,1
12047,ZOLINZA,DASATINIB,MSTO,103.9661222,1,1
12048,ZOLINZA,DASATINIB,NCIH1650,30.89131084,1,1
12049,ZOLINZA,DASATINIB,NCIH2122,-40.21973146,0,0
12056,ZOLINZA,DASATINIB,SW837,30.50129889,1,1
12058,ZOLINZA,DASATINIB,UACC62,21.55958887,1,1
12059,ZOLINZA,DASATINIB,VCAP,24.08899164,1,1
12060,ZOLINZA,DINACICLIB,A2058,-41.29260527,0,0
12061,ZOLINZA,DINACICLIB,A2780,-15.48486861,0,0
12062,ZOLINZA,DINACICLIB,A375,-30.03761176,0,0
12063,ZOLINZA,DINACICLIB,A427,-26.08596699,0,0
12064,ZOLINZA,DINACICLIB,CAOV3,-19.56075806,0,0
12065,ZOLINZA,DINACICLIB,ES2,-23.69202945,0,0
12066,ZOLINZA,DINACICLIB,HCT116,-42.05044227,0,0
12067,ZOLINZA,DINACICLIB,HT144,-21.20289089,0,0
12068,ZOLINZA,DINACICLIB,HT29,-21.7445099,0,0
12069,ZOLINZA,DINACICLIB,KPL1,-20.57409878,0,0
12071,ZOLINZA,DINACICLIB,LOVO,-25.94683162,0,0
12072,ZOLINZA,DINACICLIB,MDAMB436,-10.68634975,0,0
12073,ZOLINZA,DINACICLIB,NCIH1650,-28.82098265,0,0
12074,ZOLINZA,DINACICLIB,NCIH2122,-16.3635549,0,0
12075,ZOLINZA,DINACICLIB,NCIH23,-34.89534561,0,0
12076,ZOLINZA,DINACICLIB,NCIH460,-18.78959083,0,0
12077,ZOLINZA,DINACICLIB,NCIH520,-28.05693916,0,0
12078,ZOLINZA,DINACICLIB,OV90,-38.79285362,0,0
12079,ZOLINZA,DINACICLIB,RPMI7951,-15.94181129,0,0
12080,ZOLINZA,DINACICLIB,SKMEL30,-16.32880177,0,0
12081,ZOLINZA,DINACICLIB,SKMES1,-10.22208938,0,0
12082,ZOLINZA,DINACICLIB,SKOV3,-28.47376925,0,0
12083,ZOLINZA,DINACICLIB,SW620,-39.95066263,0,0
12084,ZOLINZA,DINACICLIB,SW837,-22.22398006,0,0
12085,ZOLINZA,DINACICLIB,T47D,-16.99583301,0,0
12086,ZOLINZA,DINACICLIB,UACC62,-26.71088213,0,0
12087,ZOLINZA,DINACICLIB,VCAP,-23.37276881,0,0
12088,ZOLINZA,DINACICLIB,ZR751,-43.2531627,0,0
12090,ZOLINZA,ERLOTINIB,CAOV3,24.30742627,1,1
12091,ZOLINZA,ERLOTINIB,ES2,21.62148211,1,1
12094,ZOLINZA,ERLOTINIB,KPL1,24.79061474,1,1
12095,ZOLINZA,ERLOTINIB,LNCAP,44.00477646,1,1
12098,ZOLINZA,ERLOTINIB,MSTO,55.44928873,1,1
12099,ZOLINZA,ERLOTINIB,NCIH2122,30.73178066,1,1
12100,ZOLINZA,ERLOTINIB,NCIH23,-17.01664381,0,0
12105,ZOLINZA,ERLOTINIB,SKMES1,22.03702347,1,1
12107,ZOLINZA,ERLOTINIB,SW620,-10.65550588,0,0
12108,ZOLINZA,ERLOTINIB,SW837,37.62920783,1,1
12110,ZOLINZA,ERLOTINIB,UACC62,23.81318192,1,1
12111,ZOLINZA,ERLOTINIB,VCAP,69.68689858,1,1
12112,ZOLINZA,ERLOTINIB,ZR751,28.46627239,1,1
12114,ZOLINZA,GELDANAMYCIN,A2780,-22.46508824,0,0
12115,ZOLINZA,GELDANAMYCIN,A375,-33.85550091,0,0
12116,ZOLINZA,GELDANAMYCIN,A427,-39.78138921,0,0
12117,ZOLINZA,GELDANAMYCIN,HCT116,-15.94115582,0,0
12118,ZOLINZA,GELDANAMYCIN,HT144,-23.88728481,0,0
12120,ZOLINZA,GELDANAMYCIN,LNCAP,39.88891584,1,1
12124,ZOLINZA,GELDANAMYCIN,NCIH1650,-18.86420507,0,0
12125,ZOLINZA,GELDANAMYCIN,NCIH2122,-14.34758418,0,0
12126,ZOLINZA,GELDANAMYCIN,NCIH23,-47.95872443,0,0
12127,ZOLINZA,GELDANAMYCIN,NCIH460,-43.28710749,0,0
12128,ZOLINZA,GELDANAMYCIN,NCIH520,-13.992675,0,0
12130,ZOLINZA,GELDANAMYCIN,RKO,-12.00373634,0,0
12131,ZOLINZA,GELDANAMYCIN,RPMI7951,-18.77077469,0,0
12132,ZOLINZA,GELDANAMYCIN,SKMEL30,-10.25733493,0,0
12133,ZOLINZA,GELDANAMYCIN,SKMES1,-28.6774809,0,0
12135,ZOLINZA,GELDANAMYCIN,SW620,-35.29735533,0,0
12138,ZOLINZA,GELDANAMYCIN,UACC62,-31.26054794,0,0
12139,ZOLINZA,GELDANAMYCIN,VCAP,24.71210503,1,1
12140,ZOLINZA,GELDANAMYCIN,ZR751,-22.21608303,0,0
12143,ZOLINZA,GEMCITABINE,A427,-21.05938689,0,0
12144,ZOLINZA,GEMCITABINE,CAOV3,-10.2134141,0,0
12146,ZOLINZA,GEMCITABINE,HCT116,-19.24983144,0,0
12149,ZOLINZA,GEMCITABINE,LNCAP,-66.71886143,0,0
12151,ZOLINZA,GEMCITABINE,NCIH1650,-22.28575843,0,0
12152,ZOLINZA,GEMCITABINE,NCIH460,-11.95518404,0,0
12153,ZOLINZA,GEMCITABINE,RKO,-11.46667309,0,0
12156,ZOLINZA,GEMCITABINE,SW620,-12.22349839,0,0
12158,ZOLINZA,LAPATINIB,A2058,-11.55125653,0,0
12159,ZOLINZA,LAPATINIB,A375,27.95733681,1,1
12160,ZOLINZA,LAPATINIB,A427,-48.03141936,0,0
12161,ZOLINZA,LAPATINIB,CAOV3,39.76915505,1,1
12164,ZOLINZA,LAPATINIB,LNCAP,22.5377729,1,1
12166,ZOLINZA,LAPATINIB,MSTO,58.97625807,1,1
12168,ZOLINZA,LAPATINIB,NCIH23,-15.53314237,0,0
12172,ZOLINZA,LAPATINIB,SW837,26.823305,1,1
12173,ZOLINZA,LAPATINIB,T47D,-21.4936689,0,0
12174,ZOLINZA,LAPATINIB,UACC62,30.91690633,1,1
12175,ZOLINZA,LAPATINIB,VCAP,38.79002832,1,1
12178,ZOLINZA,MK-2206,CAOV3,79.60129946,1,1
12180,ZOLINZA,MK-2206,HCT116,23.11942198,1,1
12182,ZOLINZA,MK-2206,HT29,41.43345757,1,1
12183,ZOLINZA,MK-2206,KPL1,51.95679319,1,1
12184,ZOLINZA,MK-2206,LNCAP,37.39952512,1,1
12187,ZOLINZA,MK-2206,MSTO,79.58112895,1,1
12188,ZOLINZA,MK-2206,NCIH1650,24.23348611,1,1
12189,ZOLINZA,MK-2206,NCIH2122,35.07321458,1,1
12191,ZOLINZA,MK-2206,OV90,25.27757553,1,1
12194,ZOLINZA,MK-2206,SKMES1,37.12837727,1,1
12195,ZOLINZA,MK-2206,SKOV3,36.21659429,1,1
12196,ZOLINZA,MK-2206,SW620,28.29939818,1,1
12197,ZOLINZA,MK-2206,SW837,33.87434419,1,1
12199,ZOLINZA,MK-2206,VCAP,38.09436999,1,1
12203,ZOLINZA,MK-4827,A427,-15.73278728,0,0
12204,ZOLINZA,MK-4827,CAOV3,-10.70195784,0,0
12212,ZOLINZA,MK-4827,MSTO,45.73885959,1,1
12214,ZOLINZA,MK-4827,NCIH23,-16.74983057,0,0
12220,ZOLINZA,MK-4827,SKOV3,26.34891442,1,1
12224,ZOLINZA,MK-5108,A2058,-16.92915593,0,0
12226,ZOLINZA,MK-5108,A427,-12.01522355,0,0
12230,ZOLINZA,MK-5108,MSTO,43.00794399,1,1
12231,ZOLINZA,MK-5108,NCIH23,-14.38157583,0,0
12232,ZOLINZA,MK-5108,NCIH460,-15.54919411,0,0
12239,ZOLINZA,MK-5108,T47D,36.60827466,1,1
12241,ZOLINZA,MK-5108,ZR751,-13.05323927,0,0
12242,ZOLINZA,MK-8669,A2058,27.59555602,1,1
12243,ZOLINZA,MK-8669,A2780,41.26674154,1,1
12244,ZOLINZA,MK-8669,A375,25.57044253,1,1
12246,ZOLINZA,MK-8669,CAOV3,48.36857672,1,1
12248,ZOLINZA,MK-8669,HT29,25.49010823,1,1
12249,ZOLINZA,MK-8669,KPL1,40.62336004,1,1
12250,ZOLINZA,MK-8669,LNCAP,25.49475926,1,1
12253,ZOLINZA,MK-8669,MSTO,28.26996688,1,1
12255,ZOLINZA,MK-8669,NCIH2122,22.62200562,1,1
12257,ZOLINZA,MK-8669,OV90,21.51854976,1,1
12258,ZOLINZA,MK-8669,RKO,37.79751124,1,1
12259,ZOLINZA,MK-8669,RPMI7951,22.70704991,1,1
12260,ZOLINZA,MK-8669,SKMEL30,32.18298321,1,1
12261,ZOLINZA,MK-8669,SKOV3,35.55778545,1,1
12263,ZOLINZA,MK-8669,T47D,24.07392233,1,1
12265,ZOLINZA,MK-8669,VCAP,20.80907985,1,1
12267,ZOLINZA,MK-8776,A2058,42.03597643,1,1
12268,ZOLINZA,MK-8776,A375,43.78931082,1,1
12271,ZOLINZA,MK-8776,HT144,21.50192963,1,1
12273,ZOLINZA,MK-8776,LNCAP,33.64030053,1,1
12276,ZOLINZA,MK-8776,MSTO,35.32093285,1,1
12283,ZOLINZA,MK-8776,SKOV3,36.87808006,1,1
12286,ZOLINZA,MK-8776,T47D,-27.7271977,0,0
12288,ZOLINZA,MK-8776,VCAP,25.84803199,1,1
12289,ZOLINZA,MK-8776,ZR751,-30.21666905,0,0
12291,ZOLINZA,PD325901,A375,-33.42692146,0,0
12292,ZOLINZA,PD325901,A427,-54.42185185,0,0
12294,ZOLINZA,PD325901,ES2,33.46549866,1,1
12295,ZOLINZA,PD325901,HT144,-30.72342614,0,0
12297,ZOLINZA,PD325901,LNCAP,71.11494646,1,1
12298,ZOLINZA,PD325901,MDAMB436,20.20468961,1,1
12299,ZOLINZA,PD325901,MSTO,-18.06007862,0,0
12301,ZOLINZA,PD325901,NCIH23,-31.27099686,0,0
12302,ZOLINZA,PD325901,NCIH460,-12.10081511,0,0
12307,ZOLINZA,PD325901,SKMES1,-24.35969977,0,0
12308,ZOLINZA,PD325901,SKOV3,24.99129908,1,1
12309,ZOLINZA,PD325901,SW620,-28.41260331,0,0
12311,ZOLINZA,PD325901,UACC62,-20.84398535,0,0
12312,ZOLINZA,PD325901,VCAP,29.72417881,1,1
12313,ZOLINZA,SN-38,A2058,-10.4587941,0,0
12315,ZOLINZA,SN-38,A427,-18.60291882,0,0
12318,ZOLINZA,SN-38,LNCAP,32.86179122,1,1
12321,ZOLINZA,SN-38,MSTO,57.50199885,1,1
12323,ZOLINZA,SN-38,NCIH23,-14.83803037,0,0
12328,ZOLINZA,SN-38,SW620,-17.2115523,0,0
12329,ZOLINZA,SN-38,VCAP,29.04666653,1,1
12335,ZOLINZA,SORAFENIB,HT29,-10.42626297,0,0
12338,ZOLINZA,SORAFENIB,LOVO,-18.07968202,0,0
12342,ZOLINZA,SORAFENIB,NCIH23,-13.92343731,0,0
12345,ZOLINZA,SORAFENIB,RPMI7951,-14.2526387,0,0
12348,ZOLINZA,SORAFENIB,SW620,-13.26297526,0,0
12352,ZOLINZA,SORAFENIB,ZR751,-34.19167302,0,0
12355,ZOLINZA,SUNITINIB,A427,-25.06988639,0,0
12356,ZOLINZA,SUNITINIB,HT144,-10.84233331,0,0
12359,ZOLINZA,SUNITINIB,LNCAP,-11.66352115,0,0
12360,ZOLINZA,SUNITINIB,MSTO,-25.14552857,0,0
12362,ZOLINZA,SUNITINIB,NCIH23,-16.71952386,0,0
12366,ZOLINZA,SUNITINIB,RPMI7951,-11.93879823,0,0
12370,ZOLINZA,SUNITINIB,SW620,-12.80503568,0,0
12371,ZOLINZA,SUNITINIB,SW837,-13.42316359,0,0
12372,ZOLINZA,SUNITINIB,T47D,28.43824494,1,1
12374,ZOLINZA,SUNITINIB,ZR751,-10.47545237,0,0
12375,ZOLINZA,TEMOZOLOMIDE,A2058,24.53982781,1,1
12378,ZOLINZA,TEMOZOLOMIDE,ES2,30.76330289,1,1
12382,ZOLINZA,TEMOZOLOMIDE,LNCAP,50.72094312,1,1
12384,ZOLINZA,TEMOZOLOMIDE,MSTO,31.18208682,1,1
12387,ZOLINZA,TEMOZOLOMIDE,NCIH23,-24.59726946,0,0
12390,ZOLINZA,TEMOZOLOMIDE,SKMEL30,21.92972634,1,1
12391,ZOLINZA,TEMOZOLOMIDE,SKMES1,31.40521002,1,1
12394,ZOLINZA,TEMOZOLOMIDE,UACC62,24.8419424,1,1
12400,ZOLINZA,TOPOTECAN,LNCAP,-135.363072,0,0
12401,ZOLINZA,TOPOTECAN,MSTO,20.38389268,1,1
12403,ZOLINZA,TOPOTECAN,NCIH2122,22.95559562,1,1
12405,ZOLINZA,TOPOTECAN,NCIH460,-10.91565088,0,0
12410,ZOLINZA,TOPOTECAN,SKOV3,26.97432821,1,1
12413,ZOLINZA,TOPOTECAN,VCAP,23.43854705,1,1
