,drug1,drug2,cell,synergy,fold,SynClass
2,5-FU,ABT-888,A375,-1.198505438,2,0
4,5-FU,ABT-888,CAOV3,-5.139971221,2,0
7,5-FU,ABT-888,EFM192B,-5.089852856,2,0
10,5-FU,ABT-888,HT144,-3.701354746,2,0
11,5-FU,ABT-888,HT29,10.17343391,2,1
14,5-FU,ABT-888,LOVO,-8.979213946,2,0
16,5-FU,ABT-888,MSTO,-1.793073865,2,0
17,5-FU,ABT-888,NCIH1650,-5.996370296,2,0
19,5-FU,ABT-888,NCIH23,-5.042652306,2,0
20,5-FU,ABT-888,NCIH460,-6.611947917,2,0
23,5-FU,ABT-888,OV90,-10.06884761,2,0
24,5-FU,ABT-888,OVCAR3,17.63703287,2,1
26,5-FU,ABT-888,RKO,-2.677587786,2,0
27,5-FU,ABT-888,RPMI7951,-2.17322193,2,0
28,5-FU,ABT-888,SKMEL30,-36.45922958,2,0
29,5-FU,ABT-888,SKMES1,-0.086424579,2,0
32,5-FU,ABT-888,SW837,-14.52310863,2,0
33,5-FU,ABT-888,T47D,17.48579545,2,1
34,5-FU,ABT-888,UACC62,-1.583963783,2,0
35,5-FU,ABT-888,UWB1289,12.19479741,2,1
38,5-FU,ABT-888,ZR751,-8.675317044,2,0
39,5-FU,AZD1775,A2058,13.05268744,1,1
40,5-FU,AZD1775,A2780,11.27727295,1,1
43,5-FU,AZD1775,CAOV3,23.98617954,1,1
47,5-FU,AZD1775,ES2,10.05752609,1,1
48,5-FU,AZD1775,HCT116,13.96127138,1,1
50,5-FU,AZD1775,HT29,-2.712205241,1,0
51,5-FU,AZD1775,KPL1,-2.061161349,1,0
53,5-FU,AZD1775,LOVO,-4.001507328,1,0
54,5-FU,AZD1775,MDAMB436,23.3811342,1,1
55,5-FU,AZD1775,MSTO,-32.99061919,1,0
56,5-FU,AZD1775,NCIH1650,10.77339767,1,1
58,5-FU,AZD1775,NCIH23,-7.115899185,1,0
59,5-FU,AZD1775,NCIH460,13.58269769,1,1
61,5-FU,AZD1775,OCUBM,33.59292588,1,1
62,5-FU,AZD1775,OV90,-3.193651947,1,0
63,5-FU,AZD1775,OVCAR3,12.23369196,1,1
64,5-FU,AZD1775,PA1,25.07262477,1,1
65,5-FU,AZD1775,RKO,19.33320151,1,1
66,5-FU,AZD1775,RPMI7951,16.72201512,1,1
68,5-FU,AZD1775,SKMES1,33.3532584,1,1
69,5-FU,AZD1775,SKOV3,18.74496394,1,1
72,5-FU,AZD1775,T47D,10.0383629,1,1
73,5-FU,AZD1775,UACC62,11.45935053,1,1
74,5-FU,AZD1775,UWB1289,70.15816882,1,1
76,5-FU,AZD1775,VCAP,-0.998327533,1,0
78,5-FU,BEZ-235,A2058,13.6791116,1,1
83,5-FU,BEZ-235,COLO320DM,15.62814774,1,1
84,5-FU,BEZ-235,DLD1,13.03557875,1,1
89,5-FU,BEZ-235,HT29,11.89580272,1,1
90,5-FU,BEZ-235,KPL1,16.46284909,1,1
91,5-FU,BEZ-235,LNCAP,55.29129934,1,1
93,5-FU,BEZ-235,MDAMB436,18.97429236,1,1
94,5-FU,BEZ-235,MSTO,-8.321116212,1,0
95,5-FU,BEZ-235,NCIH1650,17.63815521,1,1
98,5-FU,BEZ-235,NCIH460,20.10041374,1,1
99,5-FU,BEZ-235,NCIH520,16.72179723,1,1
100,5-FU,BEZ-235,OCUBM,16.38805559,1,1
101,5-FU,BEZ-235,OV90,17.54707857,1,1
102,5-FU,BEZ-235,OVCAR3,17.11961235,1,1
103,5-FU,BEZ-235,PA1,21.56238672,1,1
104,5-FU,BEZ-235,RKO,16.93600135,1,1
105,5-FU,BEZ-235,RPMI7951,12.70594985,1,1
106,5-FU,BEZ-235,SKMEL30,-73.13840165,1,0
107,5-FU,BEZ-235,SKMES1,21.2679035,1,1
109,5-FU,BEZ-235,SW620,12.02859024,1,1
111,5-FU,BEZ-235,T47D,106.0071924,1,1
113,5-FU,BEZ-235,UWB1289,17.06378033,1,1
114,5-FU,BEZ-235,UWB1289BRCA1,18.86503859,1,1
115,5-FU,BEZ-235,VCAP,11.75742482,1,1
117,5-FU,BORTEZOMIB,A2058,-5.239878448,2,0
118,5-FU,BORTEZOMIB,A2780,-18.59912622,2,0
119,5-FU,BORTEZOMIB,A375,-2.405334783,2,0
120,5-FU,BORTEZOMIB,A427,-7.87670815,2,0
121,5-FU,BORTEZOMIB,CAOV3,-35.27304184,2,0
122,5-FU,BORTEZOMIB,COLO320DM,-10.97044616,2,0
124,5-FU,BORTEZOMIB,EFM192B,-8.35611103,2,0
125,5-FU,BORTEZOMIB,ES2,-16.13012533,2,0
126,5-FU,BORTEZOMIB,HCT116,-4.51926945,2,0
127,5-FU,BORTEZOMIB,HT144,-14.56978258,2,0
128,5-FU,BORTEZOMIB,HT29,-15.95161347,2,0
129,5-FU,BORTEZOMIB,KPL1,-2.997532726,2,0
130,5-FU,BORTEZOMIB,LNCAP,-1.855232481,2,0
131,5-FU,BORTEZOMIB,LOVO,-6.175982009,2,0
132,5-FU,BORTEZOMIB,MDAMB436,-2.025565761,2,0
133,5-FU,BORTEZOMIB,MSTO,52.48518972,2,1
134,5-FU,BORTEZOMIB,NCIH1650,-15.77870569,2,0
135,5-FU,BORTEZOMIB,NCIH2122,-16.69626568,2,0
136,5-FU,BORTEZOMIB,NCIH23,-9.190964586,2,0
137,5-FU,BORTEZOMIB,NCIH460,-18.99813026,2,0
138,5-FU,BORTEZOMIB,NCIH520,-24.06755091,2,0
139,5-FU,BORTEZOMIB,OCUBM,-7.508624839,2,0
140,5-FU,BORTEZOMIB,OV90,-9.586166869,2,0
141,5-FU,BORTEZOMIB,OVCAR3,-9.895036465,2,0
142,5-FU,BORTEZOMIB,PA1,-20.70616808,2,0
144,5-FU,BORTEZOMIB,RPMI7951,-10.47941439,2,0
145,5-FU,BORTEZOMIB,SKMEL30,-172.8887021,2,0
146,5-FU,BORTEZOMIB,SKMES1,-11.64272985,2,0
147,5-FU,BORTEZOMIB,SKOV3,-4.604893623,2,0
148,5-FU,BORTEZOMIB,SW620,-1.907966818,2,0
149,5-FU,BORTEZOMIB,SW837,-1.3618595,2,0
151,5-FU,BORTEZOMIB,UACC62,-17.84185108,2,0
152,5-FU,BORTEZOMIB,UWB1289,-15.03075018,2,0
153,5-FU,BORTEZOMIB,UWB1289BRCA1,-2.819780355,2,0
154,5-FU,BORTEZOMIB,VCAP,-7.053510631,2,0
155,5-FU,BORTEZOMIB,ZR751,-17.45137527,2,0
156,5-FU,DASATINIB,A2058,31.12564418,1,1
157,5-FU,DASATINIB,A2780,50.60366026,1,1
159,5-FU,DASATINIB,A427,28.34808451,1,1
160,5-FU,DASATINIB,CAOV3,17.87983173,1,1
162,5-FU,DASATINIB,DLD1,21.43309088,1,1
164,5-FU,DASATINIB,ES2,17.69019535,1,1
165,5-FU,DASATINIB,HCT116,-7.819271786,1,0
166,5-FU,DASATINIB,HT144,-22.97327812,1,0
167,5-FU,DASATINIB,HT29,17.06698076,1,1
170,5-FU,DASATINIB,LOVO,21.38558819,1,1
171,5-FU,DASATINIB,MDAMB436,18.71869688,1,1
172,5-FU,DASATINIB,MSTO,17.56299065,1,1
173,5-FU,DASATINIB,NCIH1650,23.23497071,1,1
174,5-FU,DASATINIB,NCIH2122,-31.1947196,1,0
175,5-FU,DASATINIB,NCIH23,11.55914675,1,1
176,5-FU,DASATINIB,NCIH460,21.6687261,1,1
177,5-FU,DASATINIB,NCIH520,42.73505144,1,1
178,5-FU,DASATINIB,OCUBM,-6.043503552,1,0
180,5-FU,DASATINIB,OVCAR3,57.03314711,1,1
181,5-FU,DASATINIB,PA1,33.90828352,1,1
182,5-FU,DASATINIB,RKO,17.31163283,1,1
183,5-FU,DASATINIB,RPMI7951,19.06355103,1,1
184,5-FU,DASATINIB,SKMEL30,-4.618694814,1,0
187,5-FU,DASATINIB,SW620,30.44463084,1,1
188,5-FU,DASATINIB,SW837,15.87733689,1,1
189,5-FU,DASATINIB,T47D,18.86560141,1,1
190,5-FU,DASATINIB,UACC62,12.12396034,1,1
193,5-FU,DASATINIB,VCAP,21.45572644,1,1
196,5-FU,DINACICLIB,A2780,-8.161128639,0,0
197,5-FU,DINACICLIB,A375,-5.415934201,0,0
198,5-FU,DINACICLIB,A427,-7.747473682,0,0
199,5-FU,DINACICLIB,CAOV3,-14.34742589,0,0
201,5-FU,DINACICLIB,DLD1,-3.641267266,0,0
205,5-FU,DINACICLIB,HT144,-3.477422217,0,0
206,5-FU,DINACICLIB,HT29,-2.539408744,0,0
208,5-FU,DINACICLIB,LNCAP,-0.848044466,0,0
209,5-FU,DINACICLIB,LOVO,-11.87695993,0,0
212,5-FU,DINACICLIB,NCIH1650,-2.113223506,0,0
214,5-FU,DINACICLIB,NCIH23,-9.5337023,0,0
215,5-FU,DINACICLIB,NCIH460,-7.420980558,0,0
216,5-FU,DINACICLIB,NCIH520,-4.321048546,0,0
218,5-FU,DINACICLIB,OV90,-5.935579062,0,0
220,5-FU,DINACICLIB,PA1,-5.732865144,0,0
222,5-FU,DINACICLIB,RPMI7951,-5.68699024,0,0
223,5-FU,DINACICLIB,SKMEL30,-96.61714003,0,0
224,5-FU,DINACICLIB,SKMES1,-3.140341301,0,0
225,5-FU,DINACICLIB,SKOV3,-13.89910152,0,0
226,5-FU,DINACICLIB,SW620,-4.568071398,0,0
227,5-FU,DINACICLIB,SW837,-19.57332293,0,0
228,5-FU,DINACICLIB,T47D,-2.721986339,0,0
230,5-FU,DINACICLIB,UWB1289,-0.233190592,0,0
232,5-FU,DINACICLIB,VCAP,14.421994,0,1
233,5-FU,DINACICLIB,ZR751,-13.58239014,0,0
235,5-FU,ERLOTINIB,A2780,16.5693311,3,1
236,5-FU,ERLOTINIB,A375,13.96439243,3,1
237,5-FU,ERLOTINIB,A427,18.42925816,3,1
238,5-FU,ERLOTINIB,CAOV3,-7.951635169,3,0
239,5-FU,ERLOTINIB,COLO320DM,22.16797341,3,1
240,5-FU,ERLOTINIB,DLD1,10.18127129,3,1
241,5-FU,ERLOTINIB,EFM192B,10.54345636,3,1
242,5-FU,ERLOTINIB,ES2,15.1231625,3,1
243,5-FU,ERLOTINIB,HCT116,14.45297793,3,1
245,5-FU,ERLOTINIB,HT29,11.33747162,3,1
246,5-FU,ERLOTINIB,KPL1,-3.015273458,3,0
247,5-FU,ERLOTINIB,LNCAP,-6.984395195,3,0
248,5-FU,ERLOTINIB,LOVO,12.41733168,3,1
249,5-FU,ERLOTINIB,MDAMB436,16.1498979,3,1
250,5-FU,ERLOTINIB,MSTO,-45.89376066,3,0
252,5-FU,ERLOTINIB,NCIH2122,24.45497683,3,1
254,5-FU,ERLOTINIB,NCIH460,17.22484698,3,1
256,5-FU,ERLOTINIB,OCUBM,28.14443856,3,1
257,5-FU,ERLOTINIB,OV90,-11.04004585,3,0
258,5-FU,ERLOTINIB,OVCAR3,29.20125585,3,1
259,5-FU,ERLOTINIB,PA1,11.22320591,3,1
260,5-FU,ERLOTINIB,RKO,20.98757258,3,1
261,5-FU,ERLOTINIB,RPMI7951,17.00484175,3,1
262,5-FU,ERLOTINIB,SKMEL30,13.95488386,3,1
263,5-FU,ERLOTINIB,SKMES1,21.28942476,3,1
264,5-FU,ERLOTINIB,SKOV3,16.21061763,3,1
266,5-FU,ERLOTINIB,SW837,17.29938762,3,1
267,5-FU,ERLOTINIB,T47D,-3.049710368,3,0
268,5-FU,ERLOTINIB,UACC62,17.96898601,3,1
269,5-FU,ERLOTINIB,UWB1289,16.44435109,3,1
270,5-FU,ERLOTINIB,UWB1289BRCA1,22.19123604,3,1
271,5-FU,ERLOTINIB,VCAP,24.41379314,3,1
272,5-FU,ERLOTINIB,ZR751,22.8306176,3,1
277,5-FU,GELDANAMYCIN,CAOV3,-12.98670671,4,0
281,5-FU,GELDANAMYCIN,ES2,-5.25702499,4,0
284,5-FU,GELDANAMYCIN,HT29,-3.946071269,4,0
286,5-FU,GELDANAMYCIN,LNCAP,16.30963881,4,1
287,5-FU,GELDANAMYCIN,LOVO,-6.353136659,4,0
290,5-FU,GELDANAMYCIN,NCIH1650,-6.752269383,4,0
291,5-FU,GELDANAMYCIN,NCIH2122,-2.692734853,4,0
292,5-FU,GELDANAMYCIN,NCIH23,-9.33481084,4,0
293,5-FU,GELDANAMYCIN,NCIH460,-2.446804514,4,0
295,5-FU,GELDANAMYCIN,OCUBM,-0.938924849,4,0
297,5-FU,GELDANAMYCIN,OVCAR3,-8.840446825,4,0
298,5-FU,GELDANAMYCIN,PA1,-1.794612188,4,0
300,5-FU,GELDANAMYCIN,RPMI7951,-8.084247184,4,0
301,5-FU,GELDANAMYCIN,SKMEL30,-80.63896867,4,0
303,5-FU,GELDANAMYCIN,SKOV3,-9.188164195,4,0
304,5-FU,GELDANAMYCIN,SW620,-2.851271236,4,0
305,5-FU,GELDANAMYCIN,SW837,-10.01418099,4,0
306,5-FU,GELDANAMYCIN,T47D,30.67999441,4,1
307,5-FU,GELDANAMYCIN,UACC62,-1.345401011,4,0
308,5-FU,GELDANAMYCIN,UWB1289,-6.752981256,4,0
309,5-FU,GELDANAMYCIN,UWB1289BRCA1,-7.747059794,4,0
310,5-FU,GELDANAMYCIN,VCAP,14.04451922,4,1
311,5-FU,GELDANAMYCIN,ZR751,-15.00928456,4,0
315,5-FU,L778123,A427,12.32774894,1,1
316,5-FU,L778123,CAOV3,-11.24456132,1,0
317,5-FU,L778123,COLO320DM,17.75043545,1,1
318,5-FU,L778123,DLD1,13.25292423,1,1
320,5-FU,L778123,ES2,10.11350733,1,1
321,5-FU,L778123,HCT116,11.7123653,1,1
323,5-FU,L778123,HT29,17.54397425,1,1
329,5-FU,L778123,NCIH1650,12.21982489,1,1
332,5-FU,L778123,NCIH460,-0.561759117,1,0
333,5-FU,L778123,NCIH520,13.77820507,1,1
334,5-FU,L778123,OCUBM,10.93903802,1,1
335,5-FU,L778123,OV90,12.2053451,1,1
337,5-FU,L778123,PA1,14.5367423,1,1
340,5-FU,L778123,SKMEL30,-57.88453337,1,0
344,5-FU,L778123,SW837,-4.457131373,1,0
345,5-FU,L778123,T47D,21.15875733,1,1
347,5-FU,L778123,UWB1289,13.71992559,1,1
348,5-FU,L778123,UWB1289BRCA1,12.54763533,1,1
349,5-FU,L778123,VCAP,12.74042941,1,1
354,5-FU,LAPATINIB,A427,-4.179454254,1,0
355,5-FU,LAPATINIB,CAOV3,-6.77752803,1,0
357,5-FU,LAPATINIB,DLD1,11.55462668,1,1
363,5-FU,LAPATINIB,KPL1,-9.537311313,1,0
364,5-FU,LAPATINIB,LNCAP,-16.37649722,1,0
365,5-FU,LAPATINIB,LOVO,17.4905864,1,1
367,5-FU,LAPATINIB,MSTO,-55.47026432,1,0
370,5-FU,LAPATINIB,NCIH23,-8.734799525,1,0
371,5-FU,LAPATINIB,NCIH460,-2.035012581,1,0
372,5-FU,LAPATINIB,NCIH520,-7.263521908,1,0
374,5-FU,LAPATINIB,OV90,-9.295070254,1,0
375,5-FU,LAPATINIB,OVCAR3,18.01185705,1,1
376,5-FU,LAPATINIB,PA1,14.15921887,1,1
377,5-FU,LAPATINIB,RKO,11.54453602,1,1
380,5-FU,LAPATINIB,SKMES1,11.05964102,1,1
382,5-FU,LAPATINIB,SW620,-2.41819166,1,0
384,5-FU,LAPATINIB,T47D,14.90928278,1,1
387,5-FU,LAPATINIB,UWB1289BRCA1,19.00587521,1,1
388,5-FU,LAPATINIB,VCAP,10.63255814,1,1
389,5-FU,LAPATINIB,ZR751,14.67630666,1,1
390,5-FU,MK-2206,A2058,15.9003976,2,1
391,5-FU,MK-2206,A2780,18.65621252,2,1
393,5-FU,MK-2206,A427,14.11709974,2,1
394,5-FU,MK-2206,CAOV3,41.06914178,2,1
395,5-FU,MK-2206,COLO320DM,23.48420717,2,1
396,5-FU,MK-2206,DLD1,17.47319506,2,1
397,5-FU,MK-2206,EFM192B,-2.225501932,2,0
401,5-FU,MK-2206,HT29,15.70450582,2,1
402,5-FU,MK-2206,KPL1,26.86477535,2,1
405,5-FU,MK-2206,MDAMB436,11.60537383,2,1
406,5-FU,MK-2206,MSTO,-35.31198822,2,0
407,5-FU,MK-2206,NCIH1650,12.96089082,2,1
408,5-FU,MK-2206,NCIH2122,14.51823605,2,1
410,5-FU,MK-2206,NCIH460,16.58359358,2,1
411,5-FU,MK-2206,NCIH520,12.9538647,2,1
414,5-FU,MK-2206,OVCAR3,16.36791509,2,1
415,5-FU,MK-2206,PA1,22.84385673,2,1
416,5-FU,MK-2206,RKO,21.99868299,2,1
417,5-FU,MK-2206,RPMI7951,13.79249022,2,1
419,5-FU,MK-2206,SKMES1,18.50316129,2,1
420,5-FU,MK-2206,SKOV3,12.72593158,2,1
421,5-FU,MK-2206,SW620,12.55548781,2,1
424,5-FU,MK-2206,UACC62,16.67190273,2,1
425,5-FU,MK-2206,UWB1289,20.75862339,2,1
426,5-FU,MK-2206,UWB1289BRCA1,21.70836662,2,1
428,5-FU,MK-2206,ZR751,11.56023639,2,1
431,5-FU,MK-4827,A375,-2.191356891,3,0
433,5-FU,MK-4827,CAOV3,-3.746010144,3,0
436,5-FU,MK-4827,EFM192B,-6.781376309,3,0
437,5-FU,MK-4827,ES2,-4.081486949,3,0
439,5-FU,MK-4827,HT144,-2.572706421,3,0
441,5-FU,MK-4827,KPL1,-3.723996971,3,0
442,5-FU,MK-4827,LNCAP,-24.4814919,3,0
443,5-FU,MK-4827,LOVO,-14.5737162,3,0
445,5-FU,MK-4827,MSTO,-54.84820211,3,0
446,5-FU,MK-4827,NCIH1650,-9.248017329,3,0
448,5-FU,MK-4827,NCIH23,-10.52634233,3,0
449,5-FU,MK-4827,NCIH460,-2.86047703,3,0
451,5-FU,MK-4827,OCUBM,10.33658786,3,1
452,5-FU,MK-4827,OV90,-11.5759633,3,0
453,5-FU,MK-4827,OVCAR3,-1.837636378,3,0
455,5-FU,MK-4827,RKO,-0.321869637,3,0
459,5-FU,MK-4827,SKOV3,-0.060945557,3,0
461,5-FU,MK-4827,SW837,-12.72451513,3,0
462,5-FU,MK-4827,T47D,-9.881815829,3,0
466,5-FU,MK-4827,VCAP,10.98857906,3,1
472,5-FU,MK-5108,CAOV3,-13.04134069,2,0
473,5-FU,MK-5108,COLO320DM,12.58425366,2,1
475,5-FU,MK-5108,EFM192B,-0.31414384,2,0
477,5-FU,MK-5108,HCT116,16.57015644,2,1
479,5-FU,MK-5108,HT29,12.43049188,2,1
481,5-FU,MK-5108,LNCAP,-20.6434715,2,0
484,5-FU,MK-5108,MSTO,-34.44593587,2,0
485,5-FU,MK-5108,NCIH1650,-0.65998377,2,0
486,5-FU,MK-5108,NCIH2122,-1.788640257,2,0
487,5-FU,MK-5108,NCIH23,-2.774618677,2,0
488,5-FU,MK-5108,NCIH460,-5.659480778,2,0
492,5-FU,MK-5108,OVCAR3,10.01743934,2,1
493,5-FU,MK-5108,PA1,16.32481002,2,1
494,5-FU,MK-5108,RKO,-2.418031889,2,0
496,5-FU,MK-5108,SKMEL30,14.83857145,2,1
497,5-FU,MK-5108,SKMES1,-2.969522572,2,0
500,5-FU,MK-5108,SW837,-3.194708892,2,0
504,5-FU,MK-5108,UWB1289BRCA1,13.88178503,2,1
505,5-FU,MK-5108,VCAP,11.64974134,2,1
507,5-FU,MK-8669,A2058,32.33623166,0,1
508,5-FU,MK-8669,A2780,16.29531308,0,1
509,5-FU,MK-8669,A375,12.7627595,0,1
510,5-FU,MK-8669,A427,20.62786482,0,1
513,5-FU,MK-8669,DLD1,24.55178995,0,1
514,5-FU,MK-8669,EFM192B,20.51728696,0,1
515,5-FU,MK-8669,ES2,15.70508042,0,1
518,5-FU,MK-8669,HT29,11.81057599,0,1
519,5-FU,MK-8669,KPL1,11.18820987,0,1
520,5-FU,MK-8669,LNCAP,15.99409329,0,1
522,5-FU,MK-8669,MDAMB436,17.43632979,0,1
523,5-FU,MK-8669,MSTO,-34.43024988,0,0
524,5-FU,MK-8669,NCIH1650,15.85989462,0,1
525,5-FU,MK-8669,NCIH2122,10.30418191,0,1
526,5-FU,MK-8669,NCIH23,21.73781029,0,1
529,5-FU,MK-8669,OCUBM,23.65827923,0,1
532,5-FU,MK-8669,PA1,41.30121414,0,1
533,5-FU,MK-8669,RKO,23.25413422,0,1
534,5-FU,MK-8669,RPMI7951,27.33122745,0,1
535,5-FU,MK-8669,SKMEL30,28.19210471,0,1
537,5-FU,MK-8669,SKOV3,28.71514833,0,1
538,5-FU,MK-8669,SW620,12.13737781,0,1
539,5-FU,MK-8669,SW837,12.41659205,0,1
540,5-FU,MK-8669,T47D,24.17858199,0,1
541,5-FU,MK-8669,UACC62,12.12565179,0,1
542,5-FU,MK-8669,UWB1289,25.23796782,0,1
543,5-FU,MK-8669,UWB1289BRCA1,28.39504805,0,1
544,5-FU,MK-8669,VCAP,29.67190189,0,1
545,5-FU,MK-8669,ZR751,10.3250317,0,1
546,5-FU,MK-8776,A2058,23.522713,4,1
548,5-FU,MK-8776,A375,22.09733642,4,1
549,5-FU,MK-8776,A427,37.92676259,4,1
550,5-FU,MK-8776,CAOV3,57.10355598,4,1
554,5-FU,MK-8776,ES2,-10.66233849,4,0
555,5-FU,MK-8776,HCT116,14.95230707,4,1
557,5-FU,MK-8776,HT29,13.43154214,4,1
558,5-FU,MK-8776,KPL1,-1.208769645,4,0
561,5-FU,MK-8776,MDAMB436,43.35485062,4,1
562,5-FU,MK-8776,MSTO,-28.69135036,4,0
563,5-FU,MK-8776,NCIH1650,14.04089321,4,1
564,5-FU,MK-8776,NCIH2122,12.63847578,4,1
566,5-FU,MK-8776,NCIH460,24.84605685,4,1
567,5-FU,MK-8776,NCIH520,18.30590717,4,1
568,5-FU,MK-8776,OCUBM,58.84964574,4,1
570,5-FU,MK-8776,OVCAR3,10.10513174,4,1
572,5-FU,MK-8776,RKO,18.42285882,4,1
574,5-FU,MK-8776,SKMEL30,-81.44128366,4,0
575,5-FU,MK-8776,SKMES1,16.98490255,4,1
578,5-FU,MK-8776,SW837,-20.52658286,4,0
581,5-FU,MK-8776,UWB1289,-7.730167746,4,0
582,5-FU,MK-8776,UWB1289BRCA1,-11.15156386,4,0
583,5-FU,MK-8776,VCAP,10.86891474,4,1
584,5-FU,MK-8776,ZR751,-0.408307311,4,0
586,5-FU,PD325901,A2780,24.61014916,0,1
587,5-FU,PD325901,A375,-1.792872312,0,0
588,5-FU,PD325901,A427,16.51852763,0,1
589,5-FU,PD325901,CAOV3,-1.127802619,0,0
591,5-FU,PD325901,DLD1,18.4586259,0,1
592,5-FU,PD325901,EFM192B,-3.034894245,0,0
594,5-FU,PD325901,HCT116,18.32121168,0,1
597,5-FU,PD325901,KPL1,-6.345032217,0,0
599,5-FU,PD325901,LOVO,-6.245195086,0,0
601,5-FU,PD325901,MSTO,22.0330269,0,1
605,5-FU,PD325901,NCIH460,16.33218457,0,1
606,5-FU,PD325901,NCIH520,-1.142915464,0,0
607,5-FU,PD325901,OCUBM,16.91532055,0,1
608,5-FU,PD325901,OV90,-6.566990006,0,0
609,5-FU,PD325901,OVCAR3,24.68660319,0,1
613,5-FU,PD325901,SKMEL30,-144.4016546,0,0
614,5-FU,PD325901,SKMES1,-5.424553399,0,0
618,5-FU,PD325901,T47D,46.99657957,0,1
619,5-FU,PD325901,UACC62,-3.443232407,0,0
620,5-FU,PD325901,UWB1289,19.80827975,0,1
621,5-FU,PD325901,UWB1289BRCA1,18.94371759,0,1
622,5-FU,PD325901,VCAP,11.43502994,0,1
623,5-FU,PD325901,ZR751,-7.018474235,0,0
628,5-FU,SORAFENIB,CAOV3,-16.67220342,2,0
631,5-FU,SORAFENIB,EFM192B,-9.022149207,2,0
633,5-FU,SORAFENIB,HCT116,-1.955025391,2,0
635,5-FU,SORAFENIB,HT29,-3.551610833,2,0
636,5-FU,SORAFENIB,KPL1,-5.046283575,2,0
637,5-FU,SORAFENIB,LNCAP,-13.39034615,2,0
638,5-FU,SORAFENIB,LOVO,-13.81534377,2,0
639,5-FU,SORAFENIB,MDAMB436,-4.304317076,2,0
640,5-FU,SORAFENIB,MSTO,-13.50351384,2,0
641,5-FU,SORAFENIB,NCIH1650,-2.500149835,2,0
642,5-FU,SORAFENIB,NCIH2122,-3.768823231,2,0
643,5-FU,SORAFENIB,NCIH23,-1.286810998,2,0
644,5-FU,SORAFENIB,NCIH460,-0.895637539,2,0
648,5-FU,SORAFENIB,OVCAR3,-18.31547421,2,0
651,5-FU,SORAFENIB,RPMI7951,-5.041472651,2,0
654,5-FU,SORAFENIB,SKOV3,10.2363359,2,1
656,5-FU,SORAFENIB,SW837,-8.60896251,2,0
657,5-FU,SORAFENIB,T47D,-4.531377558,2,0
662,5-FU,SORAFENIB,ZR751,-11.36179266,2,0
668,5-FU,SUNITINIB,COLO320DM,14.82302426,3,1
669,5-FU,SUNITINIB,DLD1,10.90526109,3,1
670,5-FU,SUNITINIB,EFM192B,-3.19593666,3,0
671,5-FU,SUNITINIB,ES2,14.41382075,3,1
676,5-FU,SUNITINIB,LNCAP,-6.200837303,3,0
679,5-FU,SUNITINIB,MSTO,-19.19337264,3,0
688,5-FU,SUNITINIB,PA1,12.45625199,3,1
690,5-FU,SUNITINIB,RPMI7951,-1.343261089,3,0
692,5-FU,SUNITINIB,SKMES1,11.90261481,3,1
693,5-FU,SUNITINIB,SKOV3,18.2643848,3,1
695,5-FU,SUNITINIB,SW837,-4.901836837,3,0
699,5-FU,SUNITINIB,UWB1289BRCA1,11.79111113,3,1
700,5-FU,SUNITINIB,VCAP,12.48379896,3,1
703,5-FU,TEMOZOLOMIDE,A2780,-0.604352835,0,0
704,5-FU,TEMOZOLOMIDE,A375,-15.98333594,0,0
705,5-FU,TEMOZOLOMIDE,A427,18.36101941,0,1
706,5-FU,TEMOZOLOMIDE,CAOV3,-35.66063407,0,0
708,5-FU,TEMOZOLOMIDE,DLD1,-4.753422053,0,0
709,5-FU,TEMOZOLOMIDE,EFM192B,-39.7171613,0,0
711,5-FU,TEMOZOLOMIDE,HCT116,-15.66309184,0,0
712,5-FU,TEMOZOLOMIDE,HT144,-24.286518,0,0
713,5-FU,TEMOZOLOMIDE,HT29,-13.17812058,0,0
714,5-FU,TEMOZOLOMIDE,KPL1,-32.03551474,0,0
715,5-FU,TEMOZOLOMIDE,LNCAP,-16.14608633,0,0
716,5-FU,TEMOZOLOMIDE,LOVO,-17.96614029,0,0
718,5-FU,TEMOZOLOMIDE,MSTO,-8.452318032,0,0
719,5-FU,TEMOZOLOMIDE,NCIH1650,-16.13611503,0,0
720,5-FU,TEMOZOLOMIDE,NCIH2122,-4.976433836,0,0
721,5-FU,TEMOZOLOMIDE,NCIH23,-22.41858189,0,0
722,5-FU,TEMOZOLOMIDE,NCIH460,-23.41105381,0,0
724,5-FU,TEMOZOLOMIDE,OCUBM,-15.12140115,0,0
725,5-FU,TEMOZOLOMIDE,OV90,-8.734577697,0,0
728,5-FU,TEMOZOLOMIDE,RKO,-9.323430376,0,0
730,5-FU,TEMOZOLOMIDE,SKMEL30,-55.9657771,0,0
732,5-FU,TEMOZOLOMIDE,SKOV3,-4.021491118,0,0
734,5-FU,TEMOZOLOMIDE,SW837,-44.6178968,0,0
735,5-FU,TEMOZOLOMIDE,T47D,-31.48916586,0,0
736,5-FU,TEMOZOLOMIDE,UACC62,-11.96862443,0,0
737,5-FU,TEMOZOLOMIDE,UWB1289,17.2143035,0,1
738,5-FU,TEMOZOLOMIDE,UWB1289BRCA1,15.83675241,0,1
739,5-FU,TEMOZOLOMIDE,VCAP,-2.729516379,0,0
740,5-FU,TEMOZOLOMIDE,ZR751,-51.98862044,0,0
741,5-FU,ZOLINZA,A2058,-5.508119589,2,0
742,5-FU,ZOLINZA,A2780,-3.848401273,2,0
744,5-FU,ZOLINZA,A427,-31.94692955,2,0
745,5-FU,ZOLINZA,CAOV3,-3.518537503,2,0
749,5-FU,ZOLINZA,ES2,-1.689816761,2,0
750,5-FU,ZOLINZA,HCT116,-8.735905545,2,0
751,5-FU,ZOLINZA,HT144,-4.394725666,2,0
752,5-FU,ZOLINZA,HT29,-1.42768389,2,0
753,5-FU,ZOLINZA,KPL1,-4.343384834,2,0
755,5-FU,ZOLINZA,LOVO,-8.398048463,2,0
759,5-FU,ZOLINZA,NCIH2122,10.65626958,2,1
760,5-FU,ZOLINZA,NCIH23,-15.10567636,2,0
762,5-FU,ZOLINZA,NCIH520,-7.702952771,2,0
763,5-FU,ZOLINZA,OCUBM,-7.803497534,2,0
764,5-FU,ZOLINZA,OV90,-0.210268239,2,0
766,5-FU,ZOLINZA,PA1,-2.24688051,2,0
767,5-FU,ZOLINZA,RKO,11.04834069,2,1
768,5-FU,ZOLINZA,RPMI7951,-0.240638175,2,0
769,5-FU,ZOLINZA,SKMEL30,-4.880397628,2,0
770,5-FU,ZOLINZA,SKMES1,14.06216364,2,1
772,5-FU,ZOLINZA,SW620,-17.22800516,2,0
773,5-FU,ZOLINZA,SW837,-3.532158377,2,0
776,5-FU,ZOLINZA,UWB1289,-0.548894112,2,0
778,5-FU,ZOLINZA,VCAP,22.99565591,2,1
779,5-FU,ZOLINZA,ZR751,-20.67751276,2,0
780,ABT-888,BEZ-235,A2058,24.07097148,3,1
781,ABT-888,BEZ-235,A2780,29.43971431,3,1
782,ABT-888,BEZ-235,A375,26.77702751,3,1
783,ABT-888,BEZ-235,A427,14.16782834,3,1
784,ABT-888,BEZ-235,CAOV3,48.3199691,3,1
785,ABT-888,BEZ-235,COLO320DM,23.55289621,3,1
786,ABT-888,BEZ-235,DLD1,15.79246378,3,1
787,ABT-888,BEZ-235,EFM192B,24.83456937,3,1
788,ABT-888,BEZ-235,ES2,12.51769006,3,1
789,ABT-888,BEZ-235,HCT116,18.26293072,3,1
790,ABT-888,BEZ-235,HT144,19.90806632,3,1
791,ABT-888,BEZ-235,HT29,24.14577087,3,1
792,ABT-888,BEZ-235,KPL1,29.12456296,3,1
793,ABT-888,BEZ-235,LNCAP,78.70408281,3,1
794,ABT-888,BEZ-235,LOVO,19.44534742,3,1
795,ABT-888,BEZ-235,MDAMB436,24.11737313,3,1
796,ABT-888,BEZ-235,MSTO,42.00615065,3,1
797,ABT-888,BEZ-235,NCIH1650,14.77514196,3,1
798,ABT-888,BEZ-235,NCIH2122,19.41109514,3,1
800,ABT-888,BEZ-235,NCIH460,18.10070106,3,1
801,ABT-888,BEZ-235,NCIH520,24.98075461,3,1
802,ABT-888,BEZ-235,OCUBM,28.49051729,3,1
803,ABT-888,BEZ-235,OV90,16.97895851,3,1
804,ABT-888,BEZ-235,OVCAR3,21.71305205,3,1
805,ABT-888,BEZ-235,PA1,26.41696531,3,1
806,ABT-888,BEZ-235,RKO,14.53775254,3,1
807,ABT-888,BEZ-235,RPMI7951,27.95688569,3,1
808,ABT-888,BEZ-235,SKMEL30,29.52276092,3,1
809,ABT-888,BEZ-235,SKMES1,19.59133468,3,1
811,ABT-888,BEZ-235,SW620,17.59296505,3,1
812,ABT-888,BEZ-235,SW837,23.28959911,3,1
813,ABT-888,BEZ-235,T47D,117.0012793,3,1
814,ABT-888,BEZ-235,UACC62,19.83430639,3,1
815,ABT-888,BEZ-235,UWB1289,32.06766556,3,1
816,ABT-888,BEZ-235,UWB1289BRCA1,29.63789318,3,1
817,ABT-888,BEZ-235,VCAP,18.57424812,3,1
818,ABT-888,BEZ-235,ZR751,27.42592944,3,1
819,ABT-888,DINACICLIB,A2058,11.14872164,4,1
826,ABT-888,DINACICLIB,EFM192B,10.96764939,4,1
829,ABT-888,DINACICLIB,HT144,-1.294163858,4,0
831,ABT-888,DINACICLIB,KPL1,16.02930762,4,1
832,ABT-888,DINACICLIB,LNCAP,44.93017733,4,1
837,ABT-888,DINACICLIB,NCIH2122,11.67453973,4,1
838,ABT-888,DINACICLIB,NCIH23,11.97076765,4,1
841,ABT-888,DINACICLIB,OCUBM,11.26347149,4,1
842,ABT-888,DINACICLIB,OV90,-7.962884871,4,0
843,ABT-888,DINACICLIB,OVCAR3,17.27720561,4,1
846,ABT-888,DINACICLIB,RPMI7951,18.16916119,4,1
848,ABT-888,DINACICLIB,SKMES1,14.3989265,4,1
851,ABT-888,DINACICLIB,SW837,-5.38924194,4,0
852,ABT-888,DINACICLIB,T47D,-24.15595065,4,0
856,ABT-888,DINACICLIB,VCAP,10.32033223,4,1
857,ABT-888,DINACICLIB,ZR751,-9.285286251,4,0
858,ABT-888,GELDANAMYCIN,A2058,22.66972082,3,1
859,ABT-888,GELDANAMYCIN,A2780,11.09323155,3,1
860,ABT-888,GELDANAMYCIN,A375,11.68003927,3,1
862,ABT-888,GELDANAMYCIN,CAOV3,16.7029633,3,1
865,ABT-888,GELDANAMYCIN,EFM192B,11.40482825,3,1
867,ABT-888,GELDANAMYCIN,HCT116,22.97216302,3,1
869,ABT-888,GELDANAMYCIN,HT29,-4.782981467,3,0
870,ABT-888,GELDANAMYCIN,KPL1,15.32356048,3,1
871,ABT-888,GELDANAMYCIN,LNCAP,26.08846407,3,1
872,ABT-888,GELDANAMYCIN,LOVO,13.06813937,3,1
873,ABT-888,GELDANAMYCIN,MDAMB436,17.35034091,3,1
874,ABT-888,GELDANAMYCIN,MSTO,16.3961455,3,1
875,ABT-888,GELDANAMYCIN,NCIH1650,-5.261806453,3,0
877,ABT-888,GELDANAMYCIN,NCIH23,-6.233105646,3,0
878,ABT-888,GELDANAMYCIN,NCIH460,-2.126961774,3,0
879,ABT-888,GELDANAMYCIN,NCIH520,-1.957498827,3,0
880,ABT-888,GELDANAMYCIN,OCUBM,31.71762887,3,1
881,ABT-888,GELDANAMYCIN,OV90,-8.587738631,3,0
882,ABT-888,GELDANAMYCIN,OVCAR3,20.48955403,3,1
883,ABT-888,GELDANAMYCIN,PA1,10.54512135,3,1
884,ABT-888,GELDANAMYCIN,RKO,33.83147768,3,1
886,ABT-888,GELDANAMYCIN,SKMEL30,30.34189343,3,1
888,ABT-888,GELDANAMYCIN,SKOV3,-10.74656256,3,0
889,ABT-888,GELDANAMYCIN,SW620,-15.0026455,3,0
891,ABT-888,GELDANAMYCIN,T47D,-27.25381749,3,0
893,ABT-888,GELDANAMYCIN,UWB1289,-14.3043912,3,0
894,ABT-888,GELDANAMYCIN,UWB1289BRCA1,-31.47062211,3,0
895,ABT-888,GELDANAMYCIN,VCAP,10.28090348,3,1
896,ABT-888,GELDANAMYCIN,ZR751,-17.08015794,3,0
897,ABT-888,MK-8669,A2058,24.76000602,1,1
901,ABT-888,MK-8669,CAOV3,21.27725009,1,1
902,ABT-888,MK-8669,COLO320DM,-5.488461238,1,0
904,ABT-888,MK-8669,EFM192B,30.33180491,1,1
905,ABT-888,MK-8669,ES2,-1.280599389,1,0
906,ABT-888,MK-8669,HCT116,-5.454117138,1,0
907,ABT-888,MK-8669,HT144,-6.734091569,1,0
909,ABT-888,MK-8669,KPL1,41.59951047,1,1
910,ABT-888,MK-8669,LNCAP,-1.773372245,1,0
913,ABT-888,MK-8669,MSTO,75.5280528,1,1
914,ABT-888,MK-8669,NCIH1650,-9.167662501,1,0
916,ABT-888,MK-8669,NCIH23,10.10258046,1,1
917,ABT-888,MK-8669,NCIH460,-7.257895244,1,0
918,ABT-888,MK-8669,NCIH520,13.26490494,1,1
919,ABT-888,MK-8669,OCUBM,10.12290951,1,1
920,ABT-888,MK-8669,OV90,-0.760299907,1,0
921,ABT-888,MK-8669,OVCAR3,14.23997678,1,1
924,ABT-888,MK-8669,RPMI7951,12.77363389,1,1
925,ABT-888,MK-8669,SKMEL30,-0.265864753,1,0
929,ABT-888,MK-8669,SW837,-16.01122021,1,0
930,ABT-888,MK-8669,T47D,16.0705422,1,1
932,ABT-888,MK-8669,UWB1289,23.35240873,1,1
933,ABT-888,MK-8669,UWB1289BRCA1,15.17470461,1,1
934,ABT-888,MK-8669,VCAP,-2.565641344,1,0
935,ABT-888,MK-8669,ZR751,-1.645029592,1,0
936,ABT-888,MK-8776,A2058,15.4587204,4,1
939,ABT-888,MK-8776,A427,-4.883183236,4,0
943,ABT-888,MK-8776,EFM192B,-2.959691844,4,0
944,ABT-888,MK-8776,ES2,-17.17202362,4,0
946,ABT-888,MK-8776,HT144,-51.21988037,4,0
947,ABT-888,MK-8776,HT29,-1.957588732,4,0
949,ABT-888,MK-8776,LNCAP,-40.5994196,4,0
952,ABT-888,MK-8776,MSTO,10.66250321,4,1
953,ABT-888,MK-8776,NCIH1650,-3.263942497,4,0
954,ABT-888,MK-8776,NCIH2122,-7.600734919,4,0
955,ABT-888,MK-8776,NCIH23,-7.794220194,4,0
956,ABT-888,MK-8776,NCIH460,-0.296353842,4,0
957,ABT-888,MK-8776,NCIH520,-2.55467753,4,0
958,ABT-888,MK-8776,OCUBM,12.81805038,4,1
962,ABT-888,MK-8776,RKO,-0.017228748,4,0
963,ABT-888,MK-8776,RPMI7951,-0.944761769,4,0
964,ABT-888,MK-8776,SKMEL30,-2.321165113,4,0
965,ABT-888,MK-8776,SKMES1,-1.408604054,4,0
968,ABT-888,MK-8776,SW837,-85.53233701,4,0
971,ABT-888,MK-8776,UWB1289,-30.36395736,4,0
972,ABT-888,MK-8776,UWB1289BRCA1,-31.4103635,4,0
973,ABT-888,MK-8776,VCAP,-9.269693283,4,0
974,ABT-888,MK-8776,ZR751,-32.47762672,4,0
976,ABT-888,OXALIPLATIN,A2780,-3.386439791,4,0
977,ABT-888,OXALIPLATIN,A375,-9.998775377,4,0
978,ABT-888,OXALIPLATIN,A427,-18.91591586,4,0
981,ABT-888,OXALIPLATIN,DLD1,-6.618850861,4,0
983,ABT-888,OXALIPLATIN,ES2,-16.82213133,4,0
985,ABT-888,OXALIPLATIN,HT144,-25.65655126,4,0
986,ABT-888,OXALIPLATIN,HT29,-6.317305767,4,0
988,ABT-888,OXALIPLATIN,LNCAP,-27.21438006,4,0
989,ABT-888,OXALIPLATIN,LOVO,-22.77447668,4,0
990,ABT-888,OXALIPLATIN,MDAMB436,-6.533292446,4,0
991,ABT-888,OXALIPLATIN,MSTO,10.52280981,4,1
992,ABT-888,OXALIPLATIN,NCIH1650,-17.38778235,4,0
994,ABT-888,OXALIPLATIN,NCIH23,-22.07509333,4,0
995,ABT-888,OXALIPLATIN,NCIH460,-20.36656057,4,0
996,ABT-888,OXALIPLATIN,NCIH520,-8.7509534,4,0
997,ABT-888,OXALIPLATIN,OCUBM,18.95871606,4,1
998,ABT-888,OXALIPLATIN,OV90,-27.74913591,4,0
999,ABT-888,OXALIPLATIN,OVCAR3,-3.208436172,4,0
1000,ABT-888,OXALIPLATIN,PA1,-24.69461216,4,0
1002,ABT-888,OXALIPLATIN,RPMI7951,-26.72258512,4,0
1004,ABT-888,OXALIPLATIN,SKMES1,-13.38060668,4,0
1005,ABT-888,OXALIPLATIN,SKOV3,-4.579134701,4,0
1007,ABT-888,OXALIPLATIN,SW837,-9.0448007,4,0
1008,ABT-888,OXALIPLATIN,T47D,-34.67794411,4,0
1009,ABT-888,OXALIPLATIN,UACC62,-19.8337096,4,0
1010,ABT-888,OXALIPLATIN,UWB1289,-14.05042379,4,0
1011,ABT-888,OXALIPLATIN,UWB1289BRCA1,-10.62392281,4,0
1012,ABT-888,OXALIPLATIN,VCAP,-5.137258651,4,0
1013,ABT-888,OXALIPLATIN,ZR751,-16.11918667,4,0
1014,ABT-888,SN-38,A2058,37.19755244,0,1
1015,ABT-888,SN-38,A2780,27.44316256,0,1
1016,ABT-888,SN-38,A375,29.45915958,0,1
1018,ABT-888,SN-38,CAOV3,41.82261363,0,1
1021,ABT-888,SN-38,EFM192B,30.14977964,0,1
1023,ABT-888,SN-38,HCT116,23.42591491,0,1
1027,ABT-888,SN-38,LNCAP,28.68890188,0,1
1028,ABT-888,SN-38,LOVO,-6.582623677,0,0
1029,ABT-888,SN-38,MDAMB436,18.2214475,0,1
1030,ABT-888,SN-38,MSTO,21.46794278,0,1
1032,ABT-888,SN-38,NCIH2122,21.39044581,0,1
1033,ABT-888,SN-38,NCIH23,16.48392844,0,1
1034,ABT-888,SN-38,NCIH460,22.60303623,0,1
1035,ABT-888,SN-38,NCIH520,12.92903881,0,1
1036,ABT-888,SN-38,OCUBM,33.42900164,0,1
1037,ABT-888,SN-38,OV90,19.59451994,0,1
1038,ABT-888,SN-38,OVCAR3,33.01382776,0,1
1039,ABT-888,SN-38,PA1,31.16670432,0,1
1040,ABT-888,SN-38,RKO,30.53249026,0,1
1041,ABT-888,SN-38,RPMI7951,23.87063157,0,1
1042,ABT-888,SN-38,SKMEL30,29.65052395,0,1
1043,ABT-888,SN-38,SKMES1,20.08675206,0,1
1045,ABT-888,SN-38,SW620,17.8852224,0,1
1047,ABT-888,SN-38,T47D,39.83231175,0,1
1048,ABT-888,SN-38,UACC62,24.96544956,0,1
1049,ABT-888,SN-38,UWB1289,-1.599561429,0,0
1051,ABT-888,SN-38,VCAP,-8.532292059,0,0
1052,ABT-888,SN-38,ZR751,-12.24364896,0,0
1053,ABT-888,SORAFENIB,A2058,36.19616521,1,1
1055,ABT-888,SORAFENIB,A375,16.66954556,1,1
1056,ABT-888,SORAFENIB,A427,11.931705,1,1
1057,ABT-888,SORAFENIB,CAOV3,-2.172723037,1,0
1059,ABT-888,SORAFENIB,DLD1,12.05900768,1,1
1062,ABT-888,SORAFENIB,HCT116,11.83303853,1,1
1063,ABT-888,SORAFENIB,HT144,10.74108755,1,1
1068,ABT-888,SORAFENIB,MDAMB436,-0.60226086,1,0
1069,ABT-888,SORAFENIB,MSTO,-6.859831707,1,0
1071,ABT-888,SORAFENIB,NCIH2122,16.50221722,1,1
1072,ABT-888,SORAFENIB,NCIH23,13.68925526,1,1
1073,ABT-888,SORAFENIB,NCIH460,11.61299788,1,1
1074,ABT-888,SORAFENIB,NCIH520,13.6574206,1,1
1075,ABT-888,SORAFENIB,OCUBM,18.4584083,1,1
1077,ABT-888,SORAFENIB,OVCAR3,-4.856993725,1,0
1078,ABT-888,SORAFENIB,PA1,15.12168297,1,1
1079,ABT-888,SORAFENIB,RKO,24.38215762,1,1
1080,ABT-888,SORAFENIB,RPMI7951,10.40454585,1,1
1082,ABT-888,SORAFENIB,SKMES1,17.41794704,1,1
1083,ABT-888,SORAFENIB,SKOV3,14.06439559,1,1
1084,ABT-888,SORAFENIB,SW620,15.89637086,1,1
1086,ABT-888,SORAFENIB,T47D,13.26383871,1,1
1087,ABT-888,SORAFENIB,UACC62,17.27990593,1,1
1089,ABT-888,SORAFENIB,UWB1289BRCA1,-1.140165318,1,0
1091,ABT-888,SORAFENIB,ZR751,-4.469226553,1,0
1092,ABT-888,TOPOTECAN,A2058,-1.187531198,1,0
1093,ABT-888,TOPOTECAN,A2780,11.86213265,1,1
1094,ABT-888,TOPOTECAN,A375,-30.05242132,1,0
1095,ABT-888,TOPOTECAN,A427,-3.321785774,1,0
1097,ABT-888,TOPOTECAN,COLO320DM,-9.609036298,1,0
1098,ABT-888,TOPOTECAN,DLD1,-10.96641065,1,0
1099,ABT-888,TOPOTECAN,EFM192B,-16.2045174,1,0
1100,ABT-888,TOPOTECAN,ES2,-15.16316218,1,0
1101,ABT-888,TOPOTECAN,HCT116,-5.778504579,1,0
1102,ABT-888,TOPOTECAN,HT144,-12.71817083,1,0
1103,ABT-888,TOPOTECAN,HT29,-13.74201482,1,0
1105,ABT-888,TOPOTECAN,LNCAP,-5.314052222,1,0
1106,ABT-888,TOPOTECAN,LOVO,-20.57774761,1,0
1108,ABT-888,TOPOTECAN,MSTO,-3.889944556,1,0
1109,ABT-888,TOPOTECAN,NCIH1650,-16.28525243,1,0
1110,ABT-888,TOPOTECAN,NCIH2122,-5.01979887,1,0
1111,ABT-888,TOPOTECAN,NCIH23,-13.17469848,1,0
1112,ABT-888,TOPOTECAN,NCIH460,-35.55824357,1,0
1113,ABT-888,TOPOTECAN,NCIH520,-3.088285265,1,0
1114,ABT-888,TOPOTECAN,OCUBM,-9.486108967,1,0
1115,ABT-888,TOPOTECAN,OV90,-8.185136381,1,0
1116,ABT-888,TOPOTECAN,OVCAR3,-21.5827409,1,0
1117,ABT-888,TOPOTECAN,PA1,-7.166889503,1,0
1118,ABT-888,TOPOTECAN,RKO,-12.44712596,1,0
1119,ABT-888,TOPOTECAN,RPMI7951,-2.173326235,1,0
1120,ABT-888,TOPOTECAN,SKMEL30,-7.161263697,1,0
1121,ABT-888,TOPOTECAN,SKMES1,-17.67508406,1,0
1122,ABT-888,TOPOTECAN,SKOV3,-9.215505679,1,0
1124,ABT-888,TOPOTECAN,SW837,-13.77537319,1,0
1125,ABT-888,TOPOTECAN,T47D,10.2752314,1,1
1126,ABT-888,TOPOTECAN,UACC62,-5.778245151,1,0
1127,ABT-888,TOPOTECAN,UWB1289,-18.45347178,1,0
1128,ABT-888,TOPOTECAN,UWB1289BRCA1,-15.70654273,1,0
1129,ABT-888,TOPOTECAN,VCAP,-16.73042364,1,0
1130,ABT-888,TOPOTECAN,ZR751,-3.791271445,1,0
1131,AZD1775,ABT-888,A2058,10.2488078,2,1
1134,AZD1775,ABT-888,A427,-5.445983699,2,0
1137,AZD1775,ABT-888,DLD1,-0.855570065,2,0
1138,AZD1775,ABT-888,EFM192B,-9.002299148,2,0
1139,AZD1775,ABT-888,ES2,-4.590645148,2,0
1140,AZD1775,ABT-888,HCT116,-3.433794426,2,0
1144,AZD1775,ABT-888,LNCAP,-11.56591243,2,0
1145,AZD1775,ABT-888,LOVO,-3.458477151,2,0
1148,AZD1775,ABT-888,NCIH1650,-0.312991935,2,0
1149,AZD1775,ABT-888,NCIH2122,-4.003597153,2,0
1150,AZD1775,ABT-888,NCIH23,-5.239526716,2,0
1151,AZD1775,ABT-888,NCIH460,-6.604038563,2,0
1154,AZD1775,ABT-888,OV90,-1.193231813,2,0
1156,AZD1775,ABT-888,PA1,12.79625749,2,1
1157,AZD1775,ABT-888,RKO,-2.089315318,2,0
1158,AZD1775,ABT-888,RPMI7951,-0.368614747,2,0
1161,AZD1775,ABT-888,SKOV3,12.58395083,2,1
1162,AZD1775,ABT-888,SW620,-2.961819211,2,0
1163,AZD1775,ABT-888,SW837,-10.75733812,2,0
1164,AZD1775,ABT-888,T47D,-10.32331212,2,0
1166,AZD1775,ABT-888,UWB1289,60.31694066,2,1
1167,AZD1775,ABT-888,UWB1289BRCA1,-6.018377355,2,0
1168,AZD1775,ABT-888,VCAP,-10.38201033,2,0
1169,AZD1775,ABT-888,ZR751,-11.19139976,2,0
1170,AZD1775,BEZ-235,A2058,10.1781837,4,1
1171,AZD1775,BEZ-235,A2780,19.52499114,4,1
1172,AZD1775,BEZ-235,A375,51.63655767,4,1
1173,AZD1775,BEZ-235,A427,16.01389803,4,1
1174,AZD1775,BEZ-235,CAOV3,20.74582765,4,1
1175,AZD1775,BEZ-235,COLO320DM,10.7706347,4,1
1176,AZD1775,BEZ-235,DLD1,30.50680672,4,1
1178,AZD1775,BEZ-235,ES2,13.5670263,4,1
1179,AZD1775,BEZ-235,HCT116,27.24417838,4,1
1180,AZD1775,BEZ-235,HT144,30.76397327,4,1
1181,AZD1775,BEZ-235,HT29,13.2449992,4,1
1182,AZD1775,BEZ-235,KPL1,21.91627509,4,1
1183,AZD1775,BEZ-235,LNCAP,61.89051853,4,1
1185,AZD1775,BEZ-235,MDAMB436,27.5112821,4,1
1186,AZD1775,BEZ-235,MSTO,24.1922954,4,1
1187,AZD1775,BEZ-235,NCIH1650,16.08513957,4,1
1188,AZD1775,BEZ-235,NCIH2122,-2.453586855,4,0
1189,AZD1775,BEZ-235,NCIH23,11.00331336,4,1
1190,AZD1775,BEZ-235,NCIH460,38.21325157,4,1
1191,AZD1775,BEZ-235,NCIH520,28.82820786,4,1
1192,AZD1775,BEZ-235,OCUBM,17.48541028,4,1
1193,AZD1775,BEZ-235,OV90,15.8839717,4,1
1194,AZD1775,BEZ-235,OVCAR3,20.61275835,4,1
1196,AZD1775,BEZ-235,RKO,31.73685611,4,1
1197,AZD1775,BEZ-235,RPMI7951,19.69537341,4,1
1198,AZD1775,BEZ-235,SKMEL30,19.14308402,4,1
1199,AZD1775,BEZ-235,SKMES1,26.5938059,4,1
1200,AZD1775,BEZ-235,SKOV3,25.46992744,4,1
1201,AZD1775,BEZ-235,SW620,17.64772327,4,1
1202,AZD1775,BEZ-235,SW837,23.61253202,4,1
1203,AZD1775,BEZ-235,T47D,93.72819505,4,1
1204,AZD1775,BEZ-235,UACC62,23.04106128,4,1
1205,AZD1775,BEZ-235,UWB1289,78.4206107,4,1
1206,AZD1775,BEZ-235,UWB1289BRCA1,19.40856085,4,1
1208,AZD1775,BEZ-235,ZR751,19.34973868,4,1
1210,AZD1775,BORTEZOMIB,A2780,-17.55948042,2,0
1212,AZD1775,BORTEZOMIB,A427,-18.34661485,2,0
1213,AZD1775,BORTEZOMIB,CAOV3,-20.03555451,2,0
1214,AZD1775,BORTEZOMIB,COLO320DM,-34.72870023,2,0
1216,AZD1775,BORTEZOMIB,EFM192B,-10.78914679,2,0
1217,AZD1775,BORTEZOMIB,ES2,-18.64255603,2,0
1218,AZD1775,BORTEZOMIB,HCT116,-3.033524443,2,0
1219,AZD1775,BORTEZOMIB,HT144,-1.617554506,2,0
1220,AZD1775,BORTEZOMIB,HT29,-18.92954483,2,0
1221,AZD1775,BORTEZOMIB,KPL1,-2.976110225,2,0
1222,AZD1775,BORTEZOMIB,LNCAP,-11.56046415,2,0
1223,AZD1775,BORTEZOMIB,LOVO,-6.806273259,2,0
1224,AZD1775,BORTEZOMIB,MDAMB436,-5.016650683,2,0
1225,AZD1775,BORTEZOMIB,MSTO,36.59996851,2,1
1226,AZD1775,BORTEZOMIB,NCIH1650,-19.84631947,2,0
1227,AZD1775,BORTEZOMIB,NCIH2122,-16.26938113,2,0
1228,AZD1775,BORTEZOMIB,NCIH23,-18.820814,2,0
1230,AZD1775,BORTEZOMIB,NCIH520,-18.59569714,2,0
1231,AZD1775,BORTEZOMIB,OCUBM,-10.42875904,2,0
1232,AZD1775,BORTEZOMIB,OV90,-11.91326085,2,0
1233,AZD1775,BORTEZOMIB,OVCAR3,-16.93259274,2,0
1234,AZD1775,BORTEZOMIB,PA1,-9.717805139,2,0
1235,AZD1775,BORTEZOMIB,RKO,-12.67666435,2,0
1236,AZD1775,BORTEZOMIB,RPMI7951,-17.90369234,2,0
1237,AZD1775,BORTEZOMIB,SKMEL30,-15.70918499,2,0
1238,AZD1775,BORTEZOMIB,SKMES1,-18.74799388,2,0
1240,AZD1775,BORTEZOMIB,SW620,-6.008926524,2,0
1242,AZD1775,BORTEZOMIB,T47D,-16.28306878,2,0
1243,AZD1775,BORTEZOMIB,UACC62,-5.240501085,2,0
1244,AZD1775,BORTEZOMIB,UWB1289,42.07240376,2,1
1245,AZD1775,BORTEZOMIB,UWB1289BRCA1,-4.125461556,2,0
1246,AZD1775,BORTEZOMIB,VCAP,-24.43246657,2,0
1247,AZD1775,BORTEZOMIB,ZR751,-11.21496757,2,0
1248,AZD1775,DASATINIB,A2058,34.97062024,3,1
1249,AZD1775,DASATINIB,A2780,63.3161055,3,1
1250,AZD1775,DASATINIB,A375,63.34866372,3,1
1251,AZD1775,DASATINIB,A427,39.57408252,3,1
1252,AZD1775,DASATINIB,CAOV3,20.48847426,3,1
1254,AZD1775,DASATINIB,DLD1,29.602612,3,1
1255,AZD1775,DASATINIB,EFM192B,15.89847016,3,1
1256,AZD1775,DASATINIB,ES2,26.52038427,3,1
1257,AZD1775,DASATINIB,HCT116,28.47729987,3,1
1259,AZD1775,DASATINIB,HT29,17.22658176,3,1
1260,AZD1775,DASATINIB,KPL1,35.72886618,3,1
1261,AZD1775,DASATINIB,LNCAP,24.71473218,3,1
1262,AZD1775,DASATINIB,LOVO,25.42571635,3,1
1263,AZD1775,DASATINIB,MDAMB436,39.31007727,3,1
1264,AZD1775,DASATINIB,MSTO,56.50941313,3,1
1265,AZD1775,DASATINIB,NCIH1650,29.30647219,3,1
1266,AZD1775,DASATINIB,NCIH2122,-29.14558342,3,0
1267,AZD1775,DASATINIB,NCIH23,39.04268663,3,1
1268,AZD1775,DASATINIB,NCIH460,24.67543309,3,1
1269,AZD1775,DASATINIB,NCIH520,42.09049498,3,1
1270,AZD1775,DASATINIB,OCUBM,22.34062331,3,1
1271,AZD1775,DASATINIB,OV90,25.65497092,3,1
1272,AZD1775,DASATINIB,OVCAR3,52.799135,3,1
1273,AZD1775,DASATINIB,PA1,17.05751098,3,1
1274,AZD1775,DASATINIB,RKO,41.91153524,3,1
1275,AZD1775,DASATINIB,RPMI7951,19.84020877,3,1
1276,AZD1775,DASATINIB,SKMEL30,12.65571211,3,1
1277,AZD1775,DASATINIB,SKMES1,14.35981633,3,1
1278,AZD1775,DASATINIB,SKOV3,18.44791614,3,1
1279,AZD1775,DASATINIB,SW620,64.27435309,3,1
1280,AZD1775,DASATINIB,SW837,37.53767894,3,1
1281,AZD1775,DASATINIB,T47D,10.49875118,3,1
1282,AZD1775,DASATINIB,UACC62,29.47712099,3,1
1283,AZD1775,DASATINIB,UWB1289,36.84844558,3,1
1284,AZD1775,DASATINIB,UWB1289BRCA1,11.91778193,3,1
1285,AZD1775,DASATINIB,VCAP,20.51484393,3,1
1286,AZD1775,DASATINIB,ZR751,-23.97165911,3,0
1287,AZD1775,DINACICLIB,A2058,-12.36585978,0,0
1288,AZD1775,DINACICLIB,A2780,-4.941389456,0,0
1290,AZD1775,DINACICLIB,A427,-11.37380434,0,0
1291,AZD1775,DINACICLIB,CAOV3,-21.76145014,0,0
1292,AZD1775,DINACICLIB,COLO320DM,-5.732339979,0,0
1293,AZD1775,DINACICLIB,DLD1,13.24006231,0,1
1294,AZD1775,DINACICLIB,EFM192B,-8.228113367,0,0
1295,AZD1775,DINACICLIB,ES2,-6.191822846,0,0
1296,AZD1775,DINACICLIB,HCT116,-3.426543564,0,0
1297,AZD1775,DINACICLIB,HT144,-0.053685457,0,0
1298,AZD1775,DINACICLIB,HT29,-8.139024226,0,0
1299,AZD1775,DINACICLIB,KPL1,-2.589509381,0,0
1300,AZD1775,DINACICLIB,LNCAP,18.88790802,0,1
1301,AZD1775,DINACICLIB,LOVO,-15.35342803,0,0
1302,AZD1775,DINACICLIB,MDAMB436,-0.869457093,0,0
1303,AZD1775,DINACICLIB,MSTO,-6.215169685,0,0
1304,AZD1775,DINACICLIB,NCIH1650,-9.251873363,0,0
1305,AZD1775,DINACICLIB,NCIH2122,-11.4558726,0,0
1306,AZD1775,DINACICLIB,NCIH23,-24.27417292,0,0
1307,AZD1775,DINACICLIB,NCIH460,-3.545286749,0,0
1308,AZD1775,DINACICLIB,NCIH520,-3.328376684,0,0
1309,AZD1775,DINACICLIB,OCUBM,-2.770137242,0,0
1310,AZD1775,DINACICLIB,OV90,-17.31290487,0,0
1311,AZD1775,DINACICLIB,OVCAR3,-1.997484637,0,0
1312,AZD1775,DINACICLIB,PA1,-10.04035301,0,0
1314,AZD1775,DINACICLIB,RPMI7951,-6.600154785,0,0
1315,AZD1775,DINACICLIB,SKMEL30,-9.038234997,0,0
1316,AZD1775,DINACICLIB,SKMES1,-18.11300988,0,0
1317,AZD1775,DINACICLIB,SKOV3,-6.234547437,0,0
1318,AZD1775,DINACICLIB,SW620,-8.463039328,0,0
1319,AZD1775,DINACICLIB,SW837,-5.084259188,0,0
1320,AZD1775,DINACICLIB,T47D,-8.963166233,0,0
1322,AZD1775,DINACICLIB,UWB1289,40.73011269,0,1
1323,AZD1775,DINACICLIB,UWB1289BRCA1,-10.32750257,0,0
1324,AZD1775,DINACICLIB,VCAP,-27.30666551,0,0
1325,AZD1775,DINACICLIB,ZR751,-14.95849747,0,0
1328,AZD1775,ERLOTINIB,A375,16.18114066,3,1
1329,AZD1775,ERLOTINIB,A427,-0.642974741,3,0
1330,AZD1775,ERLOTINIB,CAOV3,23.63531282,3,1
1331,AZD1775,ERLOTINIB,COLO320DM,-1.170495177,3,0
1332,AZD1775,ERLOTINIB,DLD1,11.62444758,3,1
1335,AZD1775,ERLOTINIB,HCT116,-4.058734724,3,0
1336,AZD1775,ERLOTINIB,HT144,13.30703174,3,1
1338,AZD1775,ERLOTINIB,KPL1,14.65295972,3,1
1340,AZD1775,ERLOTINIB,LOVO,14.13132658,3,1
1343,AZD1775,ERLOTINIB,NCIH1650,11.47753567,3,1
1345,AZD1775,ERLOTINIB,NCIH23,-3.41903346,3,0
1346,AZD1775,ERLOTINIB,NCIH460,-1.129319468,3,0
1347,AZD1775,ERLOTINIB,NCIH520,-0.657913547,3,0
1348,AZD1775,ERLOTINIB,OCUBM,16.04873845,3,1
1349,AZD1775,ERLOTINIB,OV90,-3.758827589,3,0
1350,AZD1775,ERLOTINIB,OVCAR3,16.12894413,3,1
1351,AZD1775,ERLOTINIB,PA1,-1.209698719,3,0
1353,AZD1775,ERLOTINIB,RPMI7951,10.08735239,3,1
1354,AZD1775,ERLOTINIB,SKMEL30,-2.161574901,3,0
1355,AZD1775,ERLOTINIB,SKMES1,13.75141599,3,1
1356,AZD1775,ERLOTINIB,SKOV3,16.19113362,3,1
1357,AZD1775,ERLOTINIB,SW620,-7.662819577,3,0
1358,AZD1775,ERLOTINIB,SW837,26.33971849,3,1
1360,AZD1775,ERLOTINIB,UACC62,19.63406633,3,1
1361,AZD1775,ERLOTINIB,UWB1289,71.36218648,3,1
1362,AZD1775,ERLOTINIB,UWB1289BRCA1,14.53973512,3,1
1366,AZD1775,GELDANAMYCIN,A2780,-3.119884147,1,0
1367,AZD1775,GELDANAMYCIN,A375,18.74188127,1,1
1368,AZD1775,GELDANAMYCIN,A427,-8.031940028,1,0
1371,AZD1775,GELDANAMYCIN,DLD1,12.84763999,1,1
1374,AZD1775,GELDANAMYCIN,HCT116,19.83084751,1,1
1375,AZD1775,GELDANAMYCIN,HT144,15.22143267,1,1
1376,AZD1775,GELDANAMYCIN,HT29,-9.885905517,1,0
1378,AZD1775,GELDANAMYCIN,LNCAP,11.3912156,1,1
1379,AZD1775,GELDANAMYCIN,LOVO,-9.604777135,1,0
1381,AZD1775,GELDANAMYCIN,MSTO,-14.8467137,1,0
1382,AZD1775,GELDANAMYCIN,NCIH1650,-6.795157455,1,0
1383,AZD1775,GELDANAMYCIN,NCIH2122,-11.43914148,1,0
1384,AZD1775,GELDANAMYCIN,NCIH23,-19.31689367,1,0
1385,AZD1775,GELDANAMYCIN,NCIH460,-5.186641338,1,0
1386,AZD1775,GELDANAMYCIN,NCIH520,-3.428920809,1,0
1388,AZD1775,GELDANAMYCIN,OV90,-16.49296861,1,0
1389,AZD1775,GELDANAMYCIN,OVCAR3,-23.09594295,1,0
1392,AZD1775,GELDANAMYCIN,RPMI7951,-10.08765428,1,0
1393,AZD1775,GELDANAMYCIN,SKMEL30,19.36086276,1,1
1394,AZD1775,GELDANAMYCIN,SKMES1,-0.464487801,1,0
1395,AZD1775,GELDANAMYCIN,SKOV3,-1.618784014,1,0
1396,AZD1775,GELDANAMYCIN,SW620,-9.336885378,1,0
1397,AZD1775,GELDANAMYCIN,SW837,-5.092495849,1,0
1398,AZD1775,GELDANAMYCIN,T47D,-15.83642827,1,0
1399,AZD1775,GELDANAMYCIN,UACC62,15.32540434,1,1
1400,AZD1775,GELDANAMYCIN,UWB1289,82.13340905,1,1
1401,AZD1775,GELDANAMYCIN,UWB1289BRCA1,-6.929352287,1,0
1402,AZD1775,GELDANAMYCIN,VCAP,-20.01642439,1,0
1403,AZD1775,GELDANAMYCIN,ZR751,-12.46712116,1,0
1405,AZD1775,LAPATINIB,A2780,10.93963884,3,1
1406,AZD1775,LAPATINIB,A375,21.2157936,3,1
1407,AZD1775,LAPATINIB,A427,-0.424247435,3,0
1408,AZD1775,LAPATINIB,CAOV3,29.90778381,3,1
1410,AZD1775,LAPATINIB,DLD1,15.36129097,3,1
1411,AZD1775,LAPATINIB,EFM192B,22.88571593,3,1
1412,AZD1775,LAPATINIB,ES2,11.91598268,3,1
1413,AZD1775,LAPATINIB,HCT116,11.76226929,3,1
1414,AZD1775,LAPATINIB,HT144,15.75875662,3,1
1415,AZD1775,LAPATINIB,HT29,-0.763121553,3,0
1417,AZD1775,LAPATINIB,LNCAP,-12.22936762,3,0
1418,AZD1775,LAPATINIB,LOVO,23.42830874,3,1
1419,AZD1775,LAPATINIB,MDAMB436,10.92236572,3,1
1421,AZD1775,LAPATINIB,NCIH1650,11.32363051,3,1
1424,AZD1775,LAPATINIB,NCIH460,-4.867320428,3,0
1426,AZD1775,LAPATINIB,OCUBM,18.80608666,3,1
1427,AZD1775,LAPATINIB,OV90,-6.395195141,3,0
1428,AZD1775,LAPATINIB,OVCAR3,12.37178625,3,1
1429,AZD1775,LAPATINIB,PA1,17.1021518,3,1
1431,AZD1775,LAPATINIB,RPMI7951,19.61849388,3,1
1433,AZD1775,LAPATINIB,SKMES1,13.97440808,3,1
1434,AZD1775,LAPATINIB,SKOV3,19.23181085,3,1
1435,AZD1775,LAPATINIB,SW620,-1.392521851,3,0
1436,AZD1775,LAPATINIB,SW837,33.69723988,3,1
1438,AZD1775,LAPATINIB,UACC62,22.17051952,3,1
1439,AZD1775,LAPATINIB,UWB1289,83.04565373,3,1
1441,AZD1775,LAPATINIB,VCAP,10.36320098,3,1
1442,AZD1775,LAPATINIB,ZR751,-12.03149739,3,0
1443,AZD1775,MK-2206,A2058,18.8447263,4,1
1444,AZD1775,MK-2206,A2780,21.08159858,4,1
1445,AZD1775,MK-2206,A375,22.7261358,4,1
1446,AZD1775,MK-2206,A427,18.36720853,4,1
1447,AZD1775,MK-2206,CAOV3,23.94126471,4,1
1449,AZD1775,MK-2206,DLD1,29.23708726,4,1
1451,AZD1775,MK-2206,ES2,12.01910507,4,1
1452,AZD1775,MK-2206,HCT116,12.69736642,4,1
1455,AZD1775,MK-2206,KPL1,27.62449166,4,1
1456,AZD1775,MK-2206,LNCAP,14.49977139,4,1
1457,AZD1775,MK-2206,LOVO,18.25595385,4,1
1458,AZD1775,MK-2206,MDAMB436,12.62890167,4,1
1459,AZD1775,MK-2206,MSTO,16.57103837,4,1
1460,AZD1775,MK-2206,NCIH1650,15.34344298,4,1
1462,AZD1775,MK-2206,NCIH23,13.42618929,4,1
1463,AZD1775,MK-2206,NCIH460,10.16748008,4,1
1464,AZD1775,MK-2206,NCIH520,13.29843624,4,1
1467,AZD1775,MK-2206,OVCAR3,12.44068997,4,1
1469,AZD1775,MK-2206,RKO,11.16933328,4,1
1470,AZD1775,MK-2206,RPMI7951,11.2010239,4,1
1472,AZD1775,MK-2206,SKMES1,29.43976676,4,1
1473,AZD1775,MK-2206,SKOV3,28.77331594,4,1
1474,AZD1775,MK-2206,SW620,10.22639185,4,1
1475,AZD1775,MK-2206,SW837,20.6844303,4,1
1476,AZD1775,MK-2206,T47D,12.86462868,4,1
1477,AZD1775,MK-2206,UACC62,16.46353318,4,1
1478,AZD1775,MK-2206,UWB1289,94.88728323,4,1
1480,AZD1775,MK-2206,VCAP,-9.605536278,4,0
1482,AZD1775,MK-4827,A2058,32.76872947,1,1
1484,AZD1775,MK-4827,A375,20.43024601,1,1
1486,AZD1775,MK-4827,CAOV3,-0.744029904,1,0
1487,AZD1775,MK-4827,COLO320DM,-1.64740255,1,0
1488,AZD1775,MK-4827,DLD1,-1.874645652,1,0
1490,AZD1775,MK-4827,ES2,-5.588515554,1,0
1495,AZD1775,MK-4827,LNCAP,13.11710144,1,1
1497,AZD1775,MK-4827,MDAMB436,16.54699489,1,1
1498,AZD1775,MK-4827,MSTO,-8.629142265,1,0
1499,AZD1775,MK-4827,NCIH1650,22.48071637,1,1
1500,AZD1775,MK-4827,NCIH2122,25.08213802,1,1
1504,AZD1775,MK-4827,OCUBM,73.21985334,1,1
1505,AZD1775,MK-4827,OV90,-1.462006373,1,0
1506,AZD1775,MK-4827,OVCAR3,60.0744133,1,1
1507,AZD1775,MK-4827,PA1,31.75829571,1,1
1508,AZD1775,MK-4827,RKO,17.64030104,1,1
1509,AZD1775,MK-4827,RPMI7951,18.26447956,1,1
1510,AZD1775,MK-4827,SKMEL30,13.75569731,1,1
1511,AZD1775,MK-4827,SKMES1,14.99751682,1,1
1512,AZD1775,MK-4827,SKOV3,17.12926176,1,1
1514,AZD1775,MK-4827,SW837,17.78388579,1,1
1515,AZD1775,MK-4827,T47D,11.04600911,1,1
1516,AZD1775,MK-4827,UACC62,21.79819028,1,1
1517,AZD1775,MK-4827,UWB1289,66.35613169,1,1
1518,AZD1775,MK-4827,UWB1289BRCA1,-11.27183824,1,0
1520,AZD1775,MK-4827,ZR751,11.72948608,1,1
1521,AZD1775,MK-5108,A2058,-9.504263856,0,0
1524,AZD1775,MK-5108,A427,-4.345642765,0,0
1525,AZD1775,MK-5108,CAOV3,-7.53552606,0,0
1528,AZD1775,MK-5108,EFM192B,-0.166174862,0,0
1530,AZD1775,MK-5108,HCT116,11.00156171,0,1
1538,AZD1775,MK-5108,NCIH1650,11.0245998,0,1
1539,AZD1775,MK-5108,NCIH2122,-15.78427287,0,0
1541,AZD1775,MK-5108,NCIH460,-2.649376712,0,0
1546,AZD1775,MK-5108,PA1,17.91537819,0,1
1548,AZD1775,MK-5108,RPMI7951,-4.481146443,0,0
1550,AZD1775,MK-5108,SKMES1,-2.911218585,0,0
1551,AZD1775,MK-5108,SKOV3,23.42185222,0,1
1555,AZD1775,MK-5108,UACC62,13.34598779,0,1
1556,AZD1775,MK-5108,UWB1289,65.6475366,0,1
1557,AZD1775,MK-5108,UWB1289BRCA1,13.18091661,0,1
1558,AZD1775,MK-5108,VCAP,-7.136631412,0,0
1559,AZD1775,MK-5108,ZR751,-7.277957235,0,0
1560,AZD1775,MK-8669,A2058,38.93836298,4,1
1561,AZD1775,MK-8669,A2780,26.15576468,4,1
1562,AZD1775,MK-8669,A375,42.60021913,4,1
1563,AZD1775,MK-8669,A427,28.16870642,4,1
1564,AZD1775,MK-8669,CAOV3,21.90470536,4,1
1565,AZD1775,MK-8669,COLO320DM,10.57012945,4,1
1566,AZD1775,MK-8669,DLD1,27.91268345,4,1
1567,AZD1775,MK-8669,EFM192B,31.41552695,4,1
1568,AZD1775,MK-8669,ES2,30.71813145,4,1
1570,AZD1775,MK-8669,HT144,20.25239339,4,1
1571,AZD1775,MK-8669,HT29,22.90490363,4,1
1572,AZD1775,MK-8669,KPL1,32.90502518,4,1
1573,AZD1775,MK-8669,LNCAP,24.31792545,4,1
1574,AZD1775,MK-8669,LOVO,19.9543678,4,1
1575,AZD1775,MK-8669,MDAMB436,20.28457326,4,1
1576,AZD1775,MK-8669,MSTO,27.456432,4,1
1577,AZD1775,MK-8669,NCIH1650,36.96883119,4,1
1578,AZD1775,MK-8669,NCIH2122,17.44297407,4,1
1579,AZD1775,MK-8669,NCIH23,20.04664176,4,1
1580,AZD1775,MK-8669,NCIH460,18.23200709,4,1
1581,AZD1775,MK-8669,NCIH520,14.51877071,4,1
1582,AZD1775,MK-8669,OCUBM,34.18528448,4,1
1583,AZD1775,MK-8669,OV90,14.01449689,4,1
1584,AZD1775,MK-8669,OVCAR3,25.80012437,4,1
1585,AZD1775,MK-8669,PA1,30.80415567,4,1
1586,AZD1775,MK-8669,RKO,29.01960223,4,1
1587,AZD1775,MK-8669,RPMI7951,33.03589298,4,1
1588,AZD1775,MK-8669,SKMEL30,29.84403079,4,1
1589,AZD1775,MK-8669,SKMES1,20.83918079,4,1
1590,AZD1775,MK-8669,SKOV3,46.2955311,4,1
1591,AZD1775,MK-8669,SW620,18.27944113,4,1
1592,AZD1775,MK-8669,SW837,23.9856736,4,1
1593,AZD1775,MK-8669,T47D,28.9104439,4,1
1594,AZD1775,MK-8669,UACC62,31.87602611,4,1
1595,AZD1775,MK-8669,UWB1289,97.70362184,4,1
1596,AZD1775,MK-8669,UWB1289BRCA1,15.07176147,4,1
1597,AZD1775,MK-8669,VCAP,16.04126459,4,1
1599,AZD1775,MK-8776,A2058,69.5765509,3,1
1600,AZD1775,MK-8776,A2780,54.0791044,3,1
1601,AZD1775,MK-8776,A375,66.96858448,3,1
1602,AZD1775,MK-8776,A427,67.36023191,3,1
1603,AZD1775,MK-8776,CAOV3,21.04345891,3,1
1604,AZD1775,MK-8776,COLO320DM,35.95576605,3,1
1605,AZD1775,MK-8776,DLD1,16.38296927,3,1
1606,AZD1775,MK-8776,EFM192B,42.03556396,3,1
1607,AZD1775,MK-8776,ES2,42.84875816,3,1
1608,AZD1775,MK-8776,HCT116,48.56639788,3,1
1609,AZD1775,MK-8776,HT144,45.71018599,3,1
1610,AZD1775,MK-8776,HT29,57.15392118,3,1
1611,AZD1775,MK-8776,KPL1,18.14720718,3,1
1612,AZD1775,MK-8776,LNCAP,17.57989115,3,1
1613,AZD1775,MK-8776,LOVO,26.6490564,3,1
1614,AZD1775,MK-8776,MDAMB436,47.22748984,3,1
1615,AZD1775,MK-8776,MSTO,42.8606636,3,1
1616,AZD1775,MK-8776,NCIH1650,42.51019114,3,1
1617,AZD1775,MK-8776,NCIH2122,27.20682943,3,1
1618,AZD1775,MK-8776,NCIH23,39.39731819,3,1
1619,AZD1775,MK-8776,NCIH460,33.94350197,3,1
1620,AZD1775,MK-8776,NCIH520,40.75548759,3,1
1621,AZD1775,MK-8776,OCUBM,65.90411961,3,1
1622,AZD1775,MK-8776,OV90,32.25263687,3,1
1623,AZD1775,MK-8776,OVCAR3,42.41436244,3,1
1624,AZD1775,MK-8776,PA1,40.86023862,3,1
1625,AZD1775,MK-8776,RKO,58.45222688,3,1
1626,AZD1775,MK-8776,RPMI7951,32.4372578,3,1
1627,AZD1775,MK-8776,SKMEL30,64.51711716,3,1
1629,AZD1775,MK-8776,SKOV3,63.47893218,3,1
1630,AZD1775,MK-8776,SW620,22.60206325,3,1
1631,AZD1775,MK-8776,SW837,28.51830428,3,1
1633,AZD1775,MK-8776,UACC62,43.18698553,3,1
1634,AZD1775,MK-8776,UWB1289,29.42135148,3,1
1635,AZD1775,MK-8776,UWB1289BRCA1,-8.887047629,3,0
1636,AZD1775,MK-8776,VCAP,78.22509908,3,1
1637,AZD1775,MK-8776,ZR751,36.01811775,3,1
1638,AZD1775,OXALIPLATIN,A2058,-0.392419122,1,0
1639,AZD1775,OXALIPLATIN,A2780,-9.416701007,1,0
1640,AZD1775,OXALIPLATIN,A375,-1.374197556,1,0
1643,AZD1775,OXALIPLATIN,COLO320DM,-2.40871313,1,0
1644,AZD1775,OXALIPLATIN,DLD1,-6.366821248,1,0
1645,AZD1775,OXALIPLATIN,EFM192B,-6.54300596,1,0
1646,AZD1775,OXALIPLATIN,ES2,-7.967974787,1,0
1648,AZD1775,OXALIPLATIN,HT144,-3.35251388,1,0
1649,AZD1775,OXALIPLATIN,HT29,-5.463212997,1,0
1650,AZD1775,OXALIPLATIN,KPL1,-7.59938814,1,0
1651,AZD1775,OXALIPLATIN,LNCAP,10.64597856,1,1
1652,AZD1775,OXALIPLATIN,LOVO,-2.694827624,1,0
1653,AZD1775,OXALIPLATIN,MDAMB436,-6.239491783,1,0
1654,AZD1775,OXALIPLATIN,MSTO,-6.285232237,1,0
1655,AZD1775,OXALIPLATIN,NCIH1650,-1.18820448,1,0
1656,AZD1775,OXALIPLATIN,NCIH2122,-8.880559199,1,0
1657,AZD1775,OXALIPLATIN,NCIH23,-10.94954528,1,0
1658,AZD1775,OXALIPLATIN,NCIH460,-11.92482495,1,0
1659,AZD1775,OXALIPLATIN,NCIH520,-10.10476018,1,0
1660,AZD1775,OXALIPLATIN,OCUBM,11.19874377,1,1
1661,AZD1775,OXALIPLATIN,OV90,-21.61671093,1,0
1662,AZD1775,OXALIPLATIN,OVCAR3,21.20388388,1,1
1664,AZD1775,OXALIPLATIN,RKO,-12.13394841,1,0
1665,AZD1775,OXALIPLATIN,RPMI7951,-4.87999603,1,0
1666,AZD1775,OXALIPLATIN,SKMEL30,-4.500513575,1,0
1669,AZD1775,OXALIPLATIN,SW620,-5.759749556,1,0
1670,AZD1775,OXALIPLATIN,SW837,-2.946618974,1,0
1671,AZD1775,OXALIPLATIN,T47D,-2.739560542,1,0
1672,AZD1775,OXALIPLATIN,UACC62,-2.913415953,1,0
1673,AZD1775,OXALIPLATIN,UWB1289,58.5643853,1,1
1674,AZD1775,OXALIPLATIN,UWB1289BRCA1,-2.035202077,1,0
1675,AZD1775,OXALIPLATIN,VCAP,-10.10762358,1,0
1676,AZD1775,OXALIPLATIN,ZR751,-6.539459225,1,0
1678,AZD1775,PD325901,A2780,28.30699896,4,1
1679,AZD1775,PD325901,A375,14.74808401,4,1
1680,AZD1775,PD325901,A427,21.85626393,4,1
1681,AZD1775,PD325901,CAOV3,21.00331807,4,1
1683,AZD1775,PD325901,DLD1,11.1146852,4,1
1685,AZD1775,PD325901,ES2,13.90283072,4,1
1686,AZD1775,PD325901,HCT116,17.52593294,4,1
1687,AZD1775,PD325901,HT144,22.54632447,4,1
1689,AZD1775,PD325901,KPL1,13.30571942,4,1
1690,AZD1775,PD325901,LNCAP,-22.34432496,4,0
1692,AZD1775,PD325901,MDAMB436,16.83724017,4,1
1693,AZD1775,PD325901,MSTO,14.57129072,4,1
1694,AZD1775,PD325901,NCIH1650,19.1323272,4,1
1699,AZD1775,PD325901,OCUBM,13.27547862,4,1
1700,AZD1775,PD325901,OV90,-2.457937878,4,0
1701,AZD1775,PD325901,OVCAR3,23.29676448,4,1
1702,AZD1775,PD325901,PA1,19.08684951,4,1
1703,AZD1775,PD325901,RKO,24.39642072,4,1
1704,AZD1775,PD325901,RPMI7951,13.39309174,4,1
1706,AZD1775,PD325901,SKMES1,-2.634238429,4,0
1707,AZD1775,PD325901,SKOV3,19.71677099,4,1
1709,AZD1775,PD325901,SW837,11.578416,4,1
1710,AZD1775,PD325901,T47D,-2.849065015,4,0
1711,AZD1775,PD325901,UACC62,11.26424739,4,1
1712,AZD1775,PD325901,UWB1289,98.87860425,4,1
1715,AZD1775,PD325901,ZR751,-5.428871101,4,0
1720,AZD1775,SN-38,CAOV3,-4.103601947,0,0
1732,AZD1775,SN-38,MSTO,13.26136492,0,1
1733,AZD1775,SN-38,NCIH1650,21.22512843,0,1
1734,AZD1775,SN-38,NCIH2122,-80.17199576,0,0
1735,AZD1775,SN-38,NCIH23,-2.356416866,0,0
1736,AZD1775,SN-38,NCIH460,-2.372889603,0,0
1739,AZD1775,SN-38,OV90,-5.598044899,0,0
1740,AZD1775,SN-38,OVCAR3,66.72317518,0,1
1741,AZD1775,SN-38,PA1,21.1544437,0,1
1742,AZD1775,SN-38,RKO,-11.98206191,0,0
1745,AZD1775,SN-38,SKMES1,11.6418485,0,1
1746,AZD1775,SN-38,SKOV3,16.15652653,0,1
1747,AZD1775,SN-38,SW620,-3.248693431,0,0
1748,AZD1775,SN-38,SW837,18.0587245,0,1
1749,AZD1775,SN-38,T47D,-18.69047823,0,0
1750,AZD1775,SN-38,UACC62,13.0589024,0,1
1751,AZD1775,SN-38,UWB1289,58.97709162,0,1
1752,AZD1775,SN-38,UWB1289BRCA1,19.72055337,0,1
1754,AZD1775,SN-38,ZR751,16.55958879,0,1
1755,AZD1775,SORAFENIB,A2058,-7.530589635,1,0
1756,AZD1775,SORAFENIB,A2780,-1.507640394,1,0
1759,AZD1775,SORAFENIB,CAOV3,-6.22326259,1,0
1760,AZD1775,SORAFENIB,COLO320DM,-5.141198045,1,0
1761,AZD1775,SORAFENIB,DLD1,10.88487714,1,1
1762,AZD1775,SORAFENIB,EFM192B,-2.638177166,1,0
1763,AZD1775,SORAFENIB,ES2,-3.386825906,1,0
1766,AZD1775,SORAFENIB,HT29,-7.323390905,1,0
1768,AZD1775,SORAFENIB,LNCAP,-2.635551587,1,0
1769,AZD1775,SORAFENIB,LOVO,-6.000398286,1,0
1770,AZD1775,SORAFENIB,MDAMB436,-3.4964197,1,0
1771,AZD1775,SORAFENIB,MSTO,-7.593609703,1,0
1773,AZD1775,SORAFENIB,NCIH2122,-8.830157899,1,0
1774,AZD1775,SORAFENIB,NCIH23,-10.55821782,1,0
1778,AZD1775,SORAFENIB,OV90,-5.025095386,1,0
1779,AZD1775,SORAFENIB,OVCAR3,-17.3878998,1,0
1781,AZD1775,SORAFENIB,RKO,-1.166652543,1,0
1782,AZD1775,SORAFENIB,RPMI7951,-4.941736166,1,0
1784,AZD1775,SORAFENIB,SKMES1,-7.363682557,1,0
1786,AZD1775,SORAFENIB,SW620,-2.811948278,1,0
1787,AZD1775,SORAFENIB,SW837,-1.303139641,1,0
1790,AZD1775,SORAFENIB,UWB1289,17.39850471,1,1
1791,AZD1775,SORAFENIB,UWB1289BRCA1,-4.65638725,1,0
1792,AZD1775,SORAFENIB,VCAP,-20.82927107,1,0
1793,AZD1775,SORAFENIB,ZR751,-15.88240417,1,0
1796,AZD1775,TOPOTECAN,A375,-3.38614777,3,0
1797,AZD1775,TOPOTECAN,A427,11.30980766,3,1
1801,AZD1775,TOPOTECAN,EFM192B,-5.552569116,3,0
1802,AZD1775,TOPOTECAN,ES2,-6.469664092,3,0
1805,AZD1775,TOPOTECAN,HT29,11.67174548,3,1
1806,AZD1775,TOPOTECAN,KPL1,11.78791028,3,1
1807,AZD1775,TOPOTECAN,LNCAP,-94.59775759,3,0
1813,AZD1775,TOPOTECAN,NCIH23,10.18189896,3,1
1814,AZD1775,TOPOTECAN,NCIH460,-17.06965137,3,0
1816,AZD1775,TOPOTECAN,OCUBM,10.06852936,3,1
1817,AZD1775,TOPOTECAN,OV90,-9.075561375,3,0
1818,AZD1775,TOPOTECAN,OVCAR3,40.6440856,3,1
1820,AZD1775,TOPOTECAN,RKO,-5.713063878,3,0
1821,AZD1775,TOPOTECAN,RPMI7951,-6.691130158,3,0
1822,AZD1775,TOPOTECAN,SKMEL30,13.8163619,3,1
1823,AZD1775,TOPOTECAN,SKMES1,-11.42575829,3,0
1825,AZD1775,TOPOTECAN,SW620,17.12354541,3,1
1829,AZD1775,TOPOTECAN,UWB1289,19.40139826,3,1
1832,AZD1775,TOPOTECAN,ZR751,14.96885996,3,1
1833,BEZ-235,DINACICLIB,A2058,12.82913573,0,1
1834,BEZ-235,DINACICLIB,A2780,12.17241658,0,1
1835,BEZ-235,DINACICLIB,A375,10.5437612,0,1
1836,BEZ-235,DINACICLIB,A427,14.16332995,0,1
1838,BEZ-235,DINACICLIB,COLO320DM,28.29835933,0,1
1840,BEZ-235,DINACICLIB,EFM192B,13.56788519,0,1
1841,BEZ-235,DINACICLIB,ES2,16.34945631,0,1
1842,BEZ-235,DINACICLIB,HCT116,-7.527744625,0,0
1845,BEZ-235,DINACICLIB,KPL1,11.72142176,0,1
1846,BEZ-235,DINACICLIB,LNCAP,23.10043252,0,1
1848,BEZ-235,DINACICLIB,MDAMB436,18.55430973,0,1
1849,BEZ-235,DINACICLIB,MSTO,-3.605839159,0,0
1850,BEZ-235,DINACICLIB,NCIH1650,-1.120997508,0,0
1851,BEZ-235,DINACICLIB,NCIH2122,14.71836608,0,1
1852,BEZ-235,DINACICLIB,NCIH23,15.93107648,0,1
1853,BEZ-235,DINACICLIB,NCIH460,16.8412469,0,1
1856,BEZ-235,DINACICLIB,OV90,10.20552712,0,1
1857,BEZ-235,DINACICLIB,OVCAR3,12.36644077,0,1
1859,BEZ-235,DINACICLIB,RKO,18.57002875,0,1
1860,BEZ-235,DINACICLIB,RPMI7951,12.8145305,0,1
1863,BEZ-235,DINACICLIB,SKOV3,-15.47790974,0,0
1864,BEZ-235,DINACICLIB,SW620,-0.653971449,0,0
1866,BEZ-235,DINACICLIB,T47D,90.99144315,0,1
1867,BEZ-235,DINACICLIB,UACC62,17.33194974,0,1
1869,BEZ-235,DINACICLIB,UWB1289BRCA1,13.8909785,0,1
1870,BEZ-235,DINACICLIB,VCAP,-1.834549475,0,0
1871,BEZ-235,DINACICLIB,ZR751,13.90304744,0,1
1872,BEZ-235,MK-8776,A2058,65.61573897,2,1
1873,BEZ-235,MK-8776,A2780,29.54217132,2,1
1874,BEZ-235,MK-8776,A375,84.87796409,2,1
1875,BEZ-235,MK-8776,A427,36.46922909,2,1
1876,BEZ-235,MK-8776,CAOV3,37.37857369,2,1
1877,BEZ-235,MK-8776,COLO320DM,20.16059975,2,1
1878,BEZ-235,MK-8776,DLD1,15.4492848,2,1
1879,BEZ-235,MK-8776,EFM192B,16.43723821,2,1
1880,BEZ-235,MK-8776,ES2,43.08752858,2,1
1881,BEZ-235,MK-8776,HCT116,24.48141098,2,1
1882,BEZ-235,MK-8776,HT144,-140.3657077,2,0
1883,BEZ-235,MK-8776,HT29,29.98637422,2,1
1884,BEZ-235,MK-8776,KPL1,13.32160023,2,1
1885,BEZ-235,MK-8776,LNCAP,-109.2773148,2,0
1886,BEZ-235,MK-8776,LOVO,22.42661342,2,1
1887,BEZ-235,MK-8776,MDAMB436,36.99710833,2,1
1888,BEZ-235,MK-8776,MSTO,23.47580691,2,1
1889,BEZ-235,MK-8776,NCIH1650,12.68550952,2,1
1890,BEZ-235,MK-8776,NCIH2122,-5.35818739,2,0
1891,BEZ-235,MK-8776,NCIH23,18.62736039,2,1
1892,BEZ-235,MK-8776,NCIH460,41.27199381,2,1
1893,BEZ-235,MK-8776,NCIH520,22.6156485,2,1
1894,BEZ-235,MK-8776,OCUBM,22.78048997,2,1
1895,BEZ-235,MK-8776,OV90,16.50614027,2,1
1896,BEZ-235,MK-8776,OVCAR3,12.13207323,2,1
1897,BEZ-235,MK-8776,PA1,28.80762531,2,1
1898,BEZ-235,MK-8776,RKO,67.46701741,2,1
1900,BEZ-235,MK-8776,SKMEL30,39.1988903,2,1
1902,BEZ-235,MK-8776,SKOV3,10.33454509,2,1
1903,BEZ-235,MK-8776,SW620,18.48575675,2,1
1904,BEZ-235,MK-8776,SW837,-166.377562,2,0
1905,BEZ-235,MK-8776,T47D,103.9669876,2,1
1906,BEZ-235,MK-8776,UACC62,25.67113205,2,1
1907,BEZ-235,MK-8776,UWB1289,-17.58187181,2,0
1908,BEZ-235,MK-8776,UWB1289BRCA1,-18.52757591,2,0
1909,BEZ-235,MK-8776,VCAP,27.20109148,2,1
1910,BEZ-235,MK-8776,ZR751,12.86505204,2,1
1911,BEZ-235,OXALIPLATIN,A2058,21.65041086,3,1
1912,BEZ-235,OXALIPLATIN,A2780,-0.763978121,3,0
1915,BEZ-235,OXALIPLATIN,CAOV3,12.99602346,3,1
1916,BEZ-235,OXALIPLATIN,COLO320DM,15.67219819,3,1
1920,BEZ-235,OXALIPLATIN,HCT116,13.57758772,3,1
1922,BEZ-235,OXALIPLATIN,HT29,17.25300136,3,1
1923,BEZ-235,OXALIPLATIN,KPL1,25.76991298,3,1
1924,BEZ-235,OXALIPLATIN,LNCAP,26.38274607,3,1
1925,BEZ-235,OXALIPLATIN,LOVO,-0.67486542,3,0
1926,BEZ-235,OXALIPLATIN,MDAMB436,21.49017978,3,1
1927,BEZ-235,OXALIPLATIN,MSTO,19.49389974,3,1
1930,BEZ-235,OXALIPLATIN,NCIH23,-1.632216753,3,0
1932,BEZ-235,OXALIPLATIN,NCIH520,10.69245706,3,1
1933,BEZ-235,OXALIPLATIN,OCUBM,16.57624724,3,1
1934,BEZ-235,OXALIPLATIN,OV90,-1.655041901,3,0
1935,BEZ-235,OXALIPLATIN,OVCAR3,11.90024936,3,1
1936,BEZ-235,OXALIPLATIN,PA1,-1.81780899,3,0
1939,BEZ-235,OXALIPLATIN,SKMEL30,20.91797164,3,1
1940,BEZ-235,OXALIPLATIN,SKMES1,15.9223386,3,1
1941,BEZ-235,OXALIPLATIN,SKOV3,12.70159544,3,1
1943,BEZ-235,OXALIPLATIN,SW837,15.95126513,3,1
1944,BEZ-235,OXALIPLATIN,T47D,87.76943271,3,1
1945,BEZ-235,OXALIPLATIN,UACC62,12.84047587,3,1
1946,BEZ-235,OXALIPLATIN,UWB1289,17.09303613,3,1
1947,BEZ-235,OXALIPLATIN,UWB1289BRCA1,17.15263393,3,1
1948,BEZ-235,OXALIPLATIN,VCAP,19.18011893,3,1
1949,BEZ-235,OXALIPLATIN,ZR751,-2.429190134,3,0
1951,BEZ-235,SN-38,A2780,15.21455836,4,1
1952,BEZ-235,SN-38,A375,29.91150099,4,1
1954,BEZ-235,SN-38,CAOV3,11.92487122,4,1
1955,BEZ-235,SN-38,COLO320DM,27.15245122,4,1
1956,BEZ-235,SN-38,DLD1,23.69585361,4,1
1957,BEZ-235,SN-38,EFM192B,18.10491209,4,1
1959,BEZ-235,SN-38,HCT116,17.83694315,4,1
1960,BEZ-235,SN-38,HT144,28.44695134,4,1
1961,BEZ-235,SN-38,HT29,17.36395731,4,1
1962,BEZ-235,SN-38,KPL1,30.14680216,4,1
1963,BEZ-235,SN-38,LNCAP,82.50811929,4,1
1964,BEZ-235,SN-38,LOVO,11.58051482,4,1
1965,BEZ-235,SN-38,MDAMB436,20.69512266,4,1
1966,BEZ-235,SN-38,MSTO,22.36229625,4,1
1967,BEZ-235,SN-38,NCIH1650,18.49120807,4,1
1968,BEZ-235,SN-38,NCIH2122,13.44956941,4,1
1969,BEZ-235,SN-38,NCIH23,17.14897502,4,1
1970,BEZ-235,SN-38,NCIH460,39.22686474,4,1
1971,BEZ-235,SN-38,NCIH520,23.76332807,4,1
1974,BEZ-235,SN-38,OVCAR3,20.49194585,4,1
1976,BEZ-235,SN-38,RKO,12.624241,4,1
1977,BEZ-235,SN-38,RPMI7951,16.70517944,4,1
1978,BEZ-235,SN-38,SKMEL30,22.03630487,4,1
1979,BEZ-235,SN-38,SKMES1,24.81227003,4,1
1982,BEZ-235,SN-38,SW837,13.97508266,4,1
1983,BEZ-235,SN-38,T47D,33.15341607,4,1
1984,BEZ-235,SN-38,UACC62,11.41254518,4,1
1985,BEZ-235,SN-38,UWB1289,14.58603069,4,1
1986,BEZ-235,SN-38,UWB1289BRCA1,28.1810776,4,1
1987,BEZ-235,SN-38,VCAP,20.2200498,4,1
1988,BEZ-235,SN-38,ZR751,23.48443944,4,1
1992,BEZ-235,SORAFENIB,A427,20.93287603,1,1
1993,BEZ-235,SORAFENIB,CAOV3,-0.136427034,1,0
1994,BEZ-235,SORAFENIB,COLO320DM,11.75130752,1,1
1995,BEZ-235,SORAFENIB,DLD1,13.19224163,1,1
1996,BEZ-235,SORAFENIB,EFM192B,-3.291998438,1,0
1998,BEZ-235,SORAFENIB,HCT116,22.02832984,1,1
1999,BEZ-235,SORAFENIB,HT144,12.98733572,1,1
2000,BEZ-235,SORAFENIB,HT29,14.39042359,1,1
2002,BEZ-235,SORAFENIB,LNCAP,22.33933886,1,1
2004,BEZ-235,SORAFENIB,MDAMB436,12.15831605,1,1
2005,BEZ-235,SORAFENIB,MSTO,-7.608615921,1,0
2009,BEZ-235,SORAFENIB,NCIH460,10.17467242,1,1
2013,BEZ-235,SORAFENIB,OVCAR3,-9.586959088,1,0
2015,BEZ-235,SORAFENIB,RKO,14.22276896,1,1
2016,BEZ-235,SORAFENIB,RPMI7951,-4.417128388,1,0
2017,BEZ-235,SORAFENIB,SKMEL30,13.53075126,1,1
2021,BEZ-235,SORAFENIB,SW837,-0.789725002,1,0
2022,BEZ-235,SORAFENIB,T47D,36.98789056,1,1
2027,BEZ-235,SORAFENIB,ZR751,-9.530870525,1,0
2029,BORTEZOMIB,ABT-888,A2780,-7.797682304,2,0
2030,BORTEZOMIB,ABT-888,A375,15.1176728,2,1
2031,BORTEZOMIB,ABT-888,A427,-4.917174981,2,0
2032,BORTEZOMIB,ABT-888,CAOV3,28.91084263,2,1
2033,BORTEZOMIB,ABT-888,COLO320DM,-13.57683179,2,0
2036,BORTEZOMIB,ABT-888,ES2,-2.230632319,2,0
2038,BORTEZOMIB,ABT-888,HT144,-2.168953777,2,0
2039,BORTEZOMIB,ABT-888,HT29,-15.42171027,2,0
2040,BORTEZOMIB,ABT-888,KPL1,19.04739794,2,1
2041,BORTEZOMIB,ABT-888,LNCAP,12.36331078,2,1
2045,BORTEZOMIB,ABT-888,NCIH1650,-11.33553539,2,0
2046,BORTEZOMIB,ABT-888,NCIH2122,15.89472332,2,1
2047,BORTEZOMIB,ABT-888,NCIH23,-1.349348796,2,0
2049,BORTEZOMIB,ABT-888,NCIH520,-21.12397099,2,0
2052,BORTEZOMIB,ABT-888,OVCAR3,-1.306324328,2,0
2056,BORTEZOMIB,ABT-888,SKMEL30,-0.891900965,2,0
2057,BORTEZOMIB,ABT-888,SKMES1,-8.558738198,2,0
2060,BORTEZOMIB,ABT-888,SW837,-11.22651581,2,0
2061,BORTEZOMIB,ABT-888,T47D,-18.76073137,2,0
2062,BORTEZOMIB,ABT-888,UACC62,-7.514837482,2,0
2063,BORTEZOMIB,ABT-888,UWB1289,-11.61664795,2,0
2066,BORTEZOMIB,ABT-888,ZR751,-21.03920298,2,0
2069,BORTEZOMIB,BEZ-235,A375,20.49768574,2,1
2071,BORTEZOMIB,BEZ-235,CAOV3,-2.713845115,2,0
2072,BORTEZOMIB,BEZ-235,COLO320DM,-4.774126039,2,0
2075,BORTEZOMIB,BEZ-235,ES2,13.04491194,2,1
2076,BORTEZOMIB,BEZ-235,HCT116,13.01763543,2,1
2079,BORTEZOMIB,BEZ-235,KPL1,12.37392544,2,1
2080,BORTEZOMIB,BEZ-235,LNCAP,71.13581489,2,1
2081,BORTEZOMIB,BEZ-235,LOVO,21.58994155,2,1
2082,BORTEZOMIB,BEZ-235,MDAMB436,11.89309428,2,1
2083,BORTEZOMIB,BEZ-235,MSTO,72.65026596,2,1
2084,BORTEZOMIB,BEZ-235,NCIH1650,-11.10806125,2,0
2085,BORTEZOMIB,BEZ-235,NCIH2122,-2.796461281,2,0
2087,BORTEZOMIB,BEZ-235,NCIH460,21.67089907,2,1
2088,BORTEZOMIB,BEZ-235,NCIH520,-20.11544403,2,0
2090,BORTEZOMIB,BEZ-235,OV90,-1.14269365,2,0
2091,BORTEZOMIB,BEZ-235,OVCAR3,-5.125809948,2,0
2093,BORTEZOMIB,BEZ-235,RKO,17.09186465,2,1
2095,BORTEZOMIB,BEZ-235,SKMEL30,14.54971192,2,1
2096,BORTEZOMIB,BEZ-235,SKMES1,-0.268602953,2,0
2098,BORTEZOMIB,BEZ-235,SW620,15.50633951,2,1
2099,BORTEZOMIB,BEZ-235,SW837,27.78943825,2,1
2100,BORTEZOMIB,BEZ-235,T47D,87.02122222,2,1
2101,BORTEZOMIB,BEZ-235,UACC62,-3.01473291,2,0
2102,BORTEZOMIB,BEZ-235,UWB1289,-11.45222996,2,0
2103,BORTEZOMIB,BEZ-235,UWB1289BRCA1,11.7669781,2,1
2104,BORTEZOMIB,BEZ-235,VCAP,12.93954678,2,1
2105,BORTEZOMIB,BEZ-235,ZR751,19.3240243,2,1
2106,BORTEZOMIB,DASATINIB,A2058,21.6596544,2,1
2107,BORTEZOMIB,DASATINIB,A2780,27.35302788,2,1
2108,BORTEZOMIB,DASATINIB,A375,24.4102755,2,1
2109,BORTEZOMIB,DASATINIB,A427,15.32853545,2,1
2110,BORTEZOMIB,DASATINIB,CAOV3,-2.12586358,2,0
2111,BORTEZOMIB,DASATINIB,COLO320DM,-11.53186418,2,0
2112,BORTEZOMIB,DASATINIB,DLD1,13.46373328,2,1
2113,BORTEZOMIB,DASATINIB,EFM192B,20.73739241,2,1
2115,BORTEZOMIB,DASATINIB,HCT116,-9.217891277,2,0
2116,BORTEZOMIB,DASATINIB,HT144,-13.58574463,2,0
2117,BORTEZOMIB,DASATINIB,HT29,-4.76018466,2,0
2118,BORTEZOMIB,DASATINIB,KPL1,28.20252476,2,1
2119,BORTEZOMIB,DASATINIB,LNCAP,-24.84117669,2,0
2120,BORTEZOMIB,DASATINIB,LOVO,38.26264078,2,1
2122,BORTEZOMIB,DASATINIB,MSTO,101.8360377,2,1
2123,BORTEZOMIB,DASATINIB,NCIH1650,-4.792095598,2,0
2124,BORTEZOMIB,DASATINIB,NCIH2122,-44.78519575,2,0
2125,BORTEZOMIB,DASATINIB,NCIH23,-203.7000358,2,0
2126,BORTEZOMIB,DASATINIB,NCIH460,36.82935113,2,1
2127,BORTEZOMIB,DASATINIB,NCIH520,-2.926807633,2,0
2128,BORTEZOMIB,DASATINIB,OCUBM,-1.714288065,2,0
2129,BORTEZOMIB,DASATINIB,OV90,-12.67982596,2,0
2130,BORTEZOMIB,DASATINIB,OVCAR3,25.33053402,2,1
2131,BORTEZOMIB,DASATINIB,PA1,-8.499866484,2,0
2134,BORTEZOMIB,DASATINIB,SKMEL30,-11.63233672,2,0
2135,BORTEZOMIB,DASATINIB,SKMES1,-10.15485192,2,0
2136,BORTEZOMIB,DASATINIB,SKOV3,-16.71126553,2,0
2137,BORTEZOMIB,DASATINIB,SW620,20.41344681,2,1
2138,BORTEZOMIB,DASATINIB,SW837,26.88470633,2,1
2140,BORTEZOMIB,DASATINIB,UACC62,-4.79626446,2,0
2141,BORTEZOMIB,DASATINIB,UWB1289,-17.29039914,2,0
2142,BORTEZOMIB,DASATINIB,UWB1289BRCA1,-1.535347509,2,0
2143,BORTEZOMIB,DASATINIB,VCAP,-6.85515238,2,0
2144,BORTEZOMIB,DASATINIB,ZR751,39.53908878,2,1
2145,BORTEZOMIB,DINACICLIB,A2058,-20.0646923,1,0
2146,BORTEZOMIB,DINACICLIB,A2780,-27.63468162,1,0
2147,BORTEZOMIB,DINACICLIB,A375,-9.021721259,1,0
2148,BORTEZOMIB,DINACICLIB,A427,-13.08659913,1,0
2149,BORTEZOMIB,DINACICLIB,CAOV3,-23.1522558,1,0
2150,BORTEZOMIB,DINACICLIB,COLO320DM,-35.61378794,1,0
2151,BORTEZOMIB,DINACICLIB,DLD1,-8.513093383,1,0
2152,BORTEZOMIB,DINACICLIB,EFM192B,-17.77242153,1,0
2153,BORTEZOMIB,DINACICLIB,ES2,-29.55305764,1,0
2154,BORTEZOMIB,DINACICLIB,HCT116,-23.24848597,1,0
2155,BORTEZOMIB,DINACICLIB,HT144,-18.78198328,1,0
2156,BORTEZOMIB,DINACICLIB,HT29,-20.60522746,1,0
2157,BORTEZOMIB,DINACICLIB,KPL1,-3.155660255,1,0
2158,BORTEZOMIB,DINACICLIB,LNCAP,-10.75062215,1,0
2159,BORTEZOMIB,DINACICLIB,LOVO,-16.74289563,1,0
2160,BORTEZOMIB,DINACICLIB,MDAMB436,-21.86566212,1,0
2161,BORTEZOMIB,DINACICLIB,MSTO,-10.37374052,1,0
2162,BORTEZOMIB,DINACICLIB,NCIH1650,-36.35803272,1,0
2163,BORTEZOMIB,DINACICLIB,NCIH2122,-25.36699326,1,0
2164,BORTEZOMIB,DINACICLIB,NCIH23,-21.38269258,1,0
2165,BORTEZOMIB,DINACICLIB,NCIH460,-24.29165293,1,0
2166,BORTEZOMIB,DINACICLIB,NCIH520,-42.04754365,1,0
2167,BORTEZOMIB,DINACICLIB,OCUBM,-7.663905007,1,0
2168,BORTEZOMIB,DINACICLIB,OV90,-28.66736455,1,0
2169,BORTEZOMIB,DINACICLIB,OVCAR3,-29.3334622,1,0
2170,BORTEZOMIB,DINACICLIB,PA1,-17.48055749,1,0
2171,BORTEZOMIB,DINACICLIB,RKO,-17.38781674,1,0
2172,BORTEZOMIB,DINACICLIB,RPMI7951,-10.20828102,1,0
2173,BORTEZOMIB,DINACICLIB,SKMEL30,-11.61182111,1,0
2174,BORTEZOMIB,DINACICLIB,SKMES1,-33.42437027,1,0
2175,BORTEZOMIB,DINACICLIB,SKOV3,-32.0419469,1,0
2176,BORTEZOMIB,DINACICLIB,SW620,-17.56227003,1,0
2177,BORTEZOMIB,DINACICLIB,SW837,-33.78299517,1,0
2178,BORTEZOMIB,DINACICLIB,T47D,-30.84448292,1,0
2179,BORTEZOMIB,DINACICLIB,UACC62,-20.94367758,1,0
2180,BORTEZOMIB,DINACICLIB,UWB1289,-38.93730384,1,0
2181,BORTEZOMIB,DINACICLIB,UWB1289BRCA1,-21.87318412,1,0
2182,BORTEZOMIB,DINACICLIB,VCAP,-21.60681736,1,0
2183,BORTEZOMIB,DINACICLIB,ZR751,-28.27517706,1,0
2184,BORTEZOMIB,GELDANAMYCIN,A2058,-12.34475241,4,0
2185,BORTEZOMIB,GELDANAMYCIN,A2780,-17.02476713,4,0
2188,BORTEZOMIB,GELDANAMYCIN,CAOV3,-20.85491468,4,0
2190,BORTEZOMIB,GELDANAMYCIN,DLD1,-6.082900755,4,0
2191,BORTEZOMIB,GELDANAMYCIN,EFM192B,-15.58675869,4,0
2193,BORTEZOMIB,GELDANAMYCIN,HCT116,-4.008197312,4,0
2194,BORTEZOMIB,GELDANAMYCIN,HT144,-13.74556196,4,0
2195,BORTEZOMIB,GELDANAMYCIN,HT29,-30.91418954,4,0
2196,BORTEZOMIB,GELDANAMYCIN,KPL1,-13.38945178,4,0
2200,BORTEZOMIB,GELDANAMYCIN,MSTO,50.83693548,4,1
2201,BORTEZOMIB,GELDANAMYCIN,NCIH1650,-35.69315773,4,0
2202,BORTEZOMIB,GELDANAMYCIN,NCIH2122,-25.06318521,4,0
2203,BORTEZOMIB,GELDANAMYCIN,NCIH23,-41.08430335,4,0
2204,BORTEZOMIB,GELDANAMYCIN,NCIH460,-19.40727362,4,0
2205,BORTEZOMIB,GELDANAMYCIN,NCIH520,-56.43622674,4,0
2206,BORTEZOMIB,GELDANAMYCIN,OCUBM,-1.422994097,4,0
2207,BORTEZOMIB,GELDANAMYCIN,OV90,-24.82392367,4,0
2208,BORTEZOMIB,GELDANAMYCIN,OVCAR3,-36.85741473,4,0
2211,BORTEZOMIB,GELDANAMYCIN,RPMI7951,-8.300668844,4,0
2212,BORTEZOMIB,GELDANAMYCIN,SKMEL30,-5.73759191,4,0
2213,BORTEZOMIB,GELDANAMYCIN,SKMES1,-35.14950673,4,0
2214,BORTEZOMIB,GELDANAMYCIN,SKOV3,-5.76096405,4,0
2215,BORTEZOMIB,GELDANAMYCIN,SW620,-20.84675917,4,0
2216,BORTEZOMIB,GELDANAMYCIN,SW837,-33.36509163,4,0
2217,BORTEZOMIB,GELDANAMYCIN,T47D,-54.25105653,4,0
2218,BORTEZOMIB,GELDANAMYCIN,UACC62,-45.52184568,4,0
2219,BORTEZOMIB,GELDANAMYCIN,UWB1289,-55.58412712,4,0
2220,BORTEZOMIB,GELDANAMYCIN,UWB1289BRCA1,-28.52349051,4,0
2221,BORTEZOMIB,GELDANAMYCIN,VCAP,-3.415464665,4,0
2222,BORTEZOMIB,GELDANAMYCIN,ZR751,-65.75981373,4,0
2223,BORTEZOMIB,MK-8669,A2058,-6.295088843,1,0
2225,BORTEZOMIB,MK-8669,A375,-23.32659332,1,0
2226,BORTEZOMIB,MK-8669,A427,-2.704414265,1,0
2228,BORTEZOMIB,MK-8669,COLO320DM,-17.34464319,1,0
2230,BORTEZOMIB,MK-8669,EFM192B,19.19130545,1,1
2231,BORTEZOMIB,MK-8669,ES2,17.41608912,1,1
2233,BORTEZOMIB,MK-8669,HT144,-11.57656028,1,0
2234,BORTEZOMIB,MK-8669,HT29,-16.90233122,1,0
2235,BORTEZOMIB,MK-8669,KPL1,34.40381568,1,1
2237,BORTEZOMIB,MK-8669,LOVO,20.47515367,1,1
2239,BORTEZOMIB,MK-8669,MSTO,114.1798682,1,1
2240,BORTEZOMIB,MK-8669,NCIH1650,-12.13689924,1,0
2241,BORTEZOMIB,MK-8669,NCIH2122,37.59401095,1,1
2244,BORTEZOMIB,MK-8669,NCIH520,-26.76576926,1,0
2246,BORTEZOMIB,MK-8669,OV90,-2.306785862,1,0
2248,BORTEZOMIB,MK-8669,PA1,-4.287753991,1,0
2252,BORTEZOMIB,MK-8669,SKMES1,-13.9048135,1,0
2253,BORTEZOMIB,MK-8669,SKOV3,-2.419684565,1,0
2254,BORTEZOMIB,MK-8669,SW620,-2.606203184,1,0
2255,BORTEZOMIB,MK-8669,SW837,19.05367101,1,1
2256,BORTEZOMIB,MK-8669,T47D,-11.06971667,1,0
2257,BORTEZOMIB,MK-8669,UACC62,-13.51387453,1,0
2258,BORTEZOMIB,MK-8669,UWB1289,-15.07240688,1,0
2261,BORTEZOMIB,MK-8669,ZR751,-0.305533088,1,0
2262,BORTEZOMIB,MK-8776,A2058,16.40949801,3,1
2263,BORTEZOMIB,MK-8776,A2780,-12.22617953,3,0
2265,BORTEZOMIB,MK-8776,A427,-7.561743762,3,0
2266,BORTEZOMIB,MK-8776,CAOV3,-15.75781949,3,0
2267,BORTEZOMIB,MK-8776,COLO320DM,-29.64125734,3,0
2269,BORTEZOMIB,MK-8776,EFM192B,-4.1475822,3,0
2270,BORTEZOMIB,MK-8776,ES2,-33.73188195,3,0
2272,BORTEZOMIB,MK-8776,HT144,-167.5247327,3,0
2273,BORTEZOMIB,MK-8776,HT29,-18.4238796,3,0
2274,BORTEZOMIB,MK-8776,KPL1,-0.913838034,3,0
2275,BORTEZOMIB,MK-8776,LNCAP,-181.2876039,3,0
2276,BORTEZOMIB,MK-8776,LOVO,-3.359921649,3,0
2277,BORTEZOMIB,MK-8776,MDAMB436,-5.892559953,3,0
2278,BORTEZOMIB,MK-8776,MSTO,25.58225158,3,1
2279,BORTEZOMIB,MK-8776,NCIH1650,-22.29307766,3,0
2280,BORTEZOMIB,MK-8776,NCIH2122,-44.45731987,3,0
2281,BORTEZOMIB,MK-8776,NCIH23,-18.10129902,3,0
2283,BORTEZOMIB,MK-8776,NCIH520,-26.96549692,3,0
2285,BORTEZOMIB,MK-8776,OV90,-15.86483071,3,0
2286,BORTEZOMIB,MK-8776,OVCAR3,-15.33051891,3,0
2287,BORTEZOMIB,MK-8776,PA1,-4.615356542,3,0
2288,BORTEZOMIB,MK-8776,RKO,-1.102151952,3,0
2289,BORTEZOMIB,MK-8776,RPMI7951,-22.10843367,3,0
2290,BORTEZOMIB,MK-8776,SKMEL30,-11.38392655,3,0
2291,BORTEZOMIB,MK-8776,SKMES1,-29.32207731,3,0
2292,BORTEZOMIB,MK-8776,SKOV3,-16.16944838,3,0
2293,BORTEZOMIB,MK-8776,SW620,17.04508519,3,1
2294,BORTEZOMIB,MK-8776,SW837,-194.361426,3,0
2295,BORTEZOMIB,MK-8776,T47D,-8.126399187,3,0
2296,BORTEZOMIB,MK-8776,UACC62,-14.22081134,3,0
2297,BORTEZOMIB,MK-8776,UWB1289,-26.30370985,3,0
2298,BORTEZOMIB,MK-8776,UWB1289BRCA1,-30.67570713,3,0
2300,BORTEZOMIB,MK-8776,ZR751,-25.92906309,3,0
2302,BORTEZOMIB,OXALIPLATIN,A2780,-17.15707226,2,0
2303,BORTEZOMIB,OXALIPLATIN,A375,-14.39687901,2,0
2304,BORTEZOMIB,OXALIPLATIN,A427,-20.66192282,2,0
2305,BORTEZOMIB,OXALIPLATIN,CAOV3,-35.32046491,2,0
2306,BORTEZOMIB,OXALIPLATIN,COLO320DM,-9.670686254,2,0
2308,BORTEZOMIB,OXALIPLATIN,EFM192B,-10.91323151,2,0
2309,BORTEZOMIB,OXALIPLATIN,ES2,-18.17370489,2,0
2310,BORTEZOMIB,OXALIPLATIN,HCT116,-2.620694735,2,0
2311,BORTEZOMIB,OXALIPLATIN,HT144,-8.644649457,2,0
2312,BORTEZOMIB,OXALIPLATIN,HT29,-9.234353625,2,0
2314,BORTEZOMIB,OXALIPLATIN,LNCAP,-38.45014756,2,0
2315,BORTEZOMIB,OXALIPLATIN,LOVO,-12.43250146,2,0
2316,BORTEZOMIB,OXALIPLATIN,MDAMB436,-4.970604687,2,0
2317,BORTEZOMIB,OXALIPLATIN,MSTO,57.34722023,2,1
2318,BORTEZOMIB,OXALIPLATIN,NCIH1650,-19.20901352,2,0
2320,BORTEZOMIB,OXALIPLATIN,NCIH23,-16.01517651,2,0
2321,BORTEZOMIB,OXALIPLATIN,NCIH460,-32.03863619,2,0
2322,BORTEZOMIB,OXALIPLATIN,NCIH520,-25.48082813,2,0
2324,BORTEZOMIB,OXALIPLATIN,OV90,-21.923979,2,0
2325,BORTEZOMIB,OXALIPLATIN,OVCAR3,-5.494604694,2,0
2326,BORTEZOMIB,OXALIPLATIN,PA1,-32.6864961,2,0
2328,BORTEZOMIB,OXALIPLATIN,RPMI7951,-26.00293045,2,0
2329,BORTEZOMIB,OXALIPLATIN,SKMEL30,-1.604084876,2,0
2330,BORTEZOMIB,OXALIPLATIN,SKMES1,-34.93898042,2,0
2332,BORTEZOMIB,OXALIPLATIN,SW620,-1.770553895,2,0
2334,BORTEZOMIB,OXALIPLATIN,T47D,-37.74654365,2,0
2335,BORTEZOMIB,OXALIPLATIN,UACC62,-10.81822536,2,0
2336,BORTEZOMIB,OXALIPLATIN,UWB1289,-20.78255547,2,0
2337,BORTEZOMIB,OXALIPLATIN,UWB1289BRCA1,-6.065850335,2,0
2338,BORTEZOMIB,OXALIPLATIN,VCAP,-3.693664962,2,0
2339,BORTEZOMIB,OXALIPLATIN,ZR751,-30.64873194,2,0
2340,BORTEZOMIB,SN-38,A2058,28.09286244,2,1
2341,BORTEZOMIB,SN-38,A2780,-22.74125359,2,0
2342,BORTEZOMIB,SN-38,A375,26.75478809,2,1
2343,BORTEZOMIB,SN-38,A427,-9.759148724,2,0
2344,BORTEZOMIB,SN-38,CAOV3,-36.21089519,2,0
2345,BORTEZOMIB,SN-38,COLO320DM,-1.909821882,2,0
2347,BORTEZOMIB,SN-38,EFM192B,-1.816098959,2,0
2348,BORTEZOMIB,SN-38,ES2,-27.17578999,2,0
2350,BORTEZOMIB,SN-38,HT144,-5.167653185,2,0
2351,BORTEZOMIB,SN-38,HT29,-22.62474929,2,0
2354,BORTEZOMIB,SN-38,LOVO,11.5858005,2,1
2356,BORTEZOMIB,SN-38,MSTO,64.75092073,2,1
2357,BORTEZOMIB,SN-38,NCIH1650,-17.35480308,2,0
2358,BORTEZOMIB,SN-38,NCIH2122,-3.170624804,2,0
2359,BORTEZOMIB,SN-38,NCIH23,-7.15582119,2,0
2360,BORTEZOMIB,SN-38,NCIH460,12.90781697,2,1
2361,BORTEZOMIB,SN-38,NCIH520,-36.06637464,2,0
2362,BORTEZOMIB,SN-38,OCUBM,14.42431424,2,1
2363,BORTEZOMIB,SN-38,OV90,-23.92654268,2,0
2364,BORTEZOMIB,SN-38,OVCAR3,14.58647666,2,1
2365,BORTEZOMIB,SN-38,PA1,-22.38778664,2,0
2366,BORTEZOMIB,SN-38,RKO,15.17145931,2,1
2367,BORTEZOMIB,SN-38,RPMI7951,-14.95782149,2,0
2368,BORTEZOMIB,SN-38,SKMEL30,-13.02435125,2,0
2369,BORTEZOMIB,SN-38,SKMES1,-10.95026714,2,0
2370,BORTEZOMIB,SN-38,SKOV3,-11.00320161,2,0
2371,BORTEZOMIB,SN-38,SW620,-1.334621875,2,0
2372,BORTEZOMIB,SN-38,SW837,-5.738343875,2,0
2373,BORTEZOMIB,SN-38,T47D,-11.05282061,2,0
2374,BORTEZOMIB,SN-38,UACC62,-12.11596686,2,0
2375,BORTEZOMIB,SN-38,UWB1289,-23.34921213,2,0
2380,BORTEZOMIB,SORAFENIB,A2780,-9.618158337,1,0
2381,BORTEZOMIB,SORAFENIB,A375,-1.510791697,1,0
2382,BORTEZOMIB,SORAFENIB,A427,-0.51958745,1,0
2383,BORTEZOMIB,SORAFENIB,CAOV3,-32.20388168,1,0
2384,BORTEZOMIB,SORAFENIB,COLO320DM,-19.26735704,1,0
2385,BORTEZOMIB,SORAFENIB,DLD1,-1.744798895,1,0
2386,BORTEZOMIB,SORAFENIB,EFM192B,-11.9380773,1,0
2387,BORTEZOMIB,SORAFENIB,ES2,-23.74510742,1,0
2388,BORTEZOMIB,SORAFENIB,HCT116,-4.896653257,1,0
2389,BORTEZOMIB,SORAFENIB,HT144,-8.798393335,1,0
2390,BORTEZOMIB,SORAFENIB,HT29,-14.24369719,1,0
2391,BORTEZOMIB,SORAFENIB,KPL1,-5.81851023,1,0
2392,BORTEZOMIB,SORAFENIB,LNCAP,-7.974840686,1,0
2393,BORTEZOMIB,SORAFENIB,LOVO,-12.18622651,1,0
2394,BORTEZOMIB,SORAFENIB,MDAMB436,-16.92885239,1,0
2395,BORTEZOMIB,SORAFENIB,MSTO,-20.90589063,1,0
2396,BORTEZOMIB,SORAFENIB,NCIH1650,-11.89760523,1,0
2397,BORTEZOMIB,SORAFENIB,NCIH2122,-14.79454224,1,0
2398,BORTEZOMIB,SORAFENIB,NCIH23,-10.49909452,1,0
2399,BORTEZOMIB,SORAFENIB,NCIH460,-5.46597089,1,0
2400,BORTEZOMIB,SORAFENIB,NCIH520,-21.3325054,1,0
2401,BORTEZOMIB,SORAFENIB,OCUBM,-2.12519994,1,0
2402,BORTEZOMIB,SORAFENIB,OV90,-12.67239461,1,0
2403,BORTEZOMIB,SORAFENIB,OVCAR3,-27.50875818,1,0
2404,BORTEZOMIB,SORAFENIB,PA1,-10.66376469,1,0
2405,BORTEZOMIB,SORAFENIB,RKO,-2.631282431,1,0
2406,BORTEZOMIB,SORAFENIB,RPMI7951,-20.15788074,1,0
2407,BORTEZOMIB,SORAFENIB,SKMEL30,-3.118219504,1,0
2408,BORTEZOMIB,SORAFENIB,SKMES1,-18.67537574,1,0
2411,BORTEZOMIB,SORAFENIB,SW837,-4.021398572,1,0
2412,BORTEZOMIB,SORAFENIB,T47D,-6.748286209,1,0
2413,BORTEZOMIB,SORAFENIB,UACC62,-11.40104496,1,0
2414,BORTEZOMIB,SORAFENIB,UWB1289,-9.939358624,1,0
2415,BORTEZOMIB,SORAFENIB,UWB1289BRCA1,-9.004723472,1,0
2416,BORTEZOMIB,SORAFENIB,VCAP,-20.68077486,1,0
2417,BORTEZOMIB,SORAFENIB,ZR751,-27.04694572,1,0
2418,BORTEZOMIB,TOPOTECAN,A2058,-12.18818438,3,0
2419,BORTEZOMIB,TOPOTECAN,A2780,-2.587899735,3,0
2420,BORTEZOMIB,TOPOTECAN,A375,-52.78331514,3,0
2421,BORTEZOMIB,TOPOTECAN,A427,-0.005490045,3,0
2422,BORTEZOMIB,TOPOTECAN,CAOV3,-3.896399576,3,0
2423,BORTEZOMIB,TOPOTECAN,COLO320DM,-11.96534425,3,0
2425,BORTEZOMIB,TOPOTECAN,EFM192B,-23.44329872,3,0
2426,BORTEZOMIB,TOPOTECAN,ES2,-21.45833034,3,0
2427,BORTEZOMIB,TOPOTECAN,HCT116,-2.197618563,3,0
2428,BORTEZOMIB,TOPOTECAN,HT144,-5.68452805,3,0
2429,BORTEZOMIB,TOPOTECAN,HT29,-18.18157992,3,0
2431,BORTEZOMIB,TOPOTECAN,LNCAP,-16.8464289,3,0
2434,BORTEZOMIB,TOPOTECAN,MSTO,21.76637409,3,1
2435,BORTEZOMIB,TOPOTECAN,NCIH1650,-37.35306375,3,0
2436,BORTEZOMIB,TOPOTECAN,NCIH2122,-8.776582069,3,0
2437,BORTEZOMIB,TOPOTECAN,NCIH23,-17.17711556,3,0
2438,BORTEZOMIB,TOPOTECAN,NCIH460,-33.81974983,3,0
2439,BORTEZOMIB,TOPOTECAN,NCIH520,-22.45005136,3,0
2440,BORTEZOMIB,TOPOTECAN,OCUBM,-8.481072636,3,0
2441,BORTEZOMIB,TOPOTECAN,OV90,-12.20427248,3,0
2442,BORTEZOMIB,TOPOTECAN,OVCAR3,-15.35002177,3,0
2443,BORTEZOMIB,TOPOTECAN,PA1,-13.78759597,3,0
2444,BORTEZOMIB,TOPOTECAN,RKO,-3.210901418,3,0
2445,BORTEZOMIB,TOPOTECAN,RPMI7951,-6.338895574,3,0
2446,BORTEZOMIB,TOPOTECAN,SKMEL30,-4.762114246,3,0
2447,BORTEZOMIB,TOPOTECAN,SKMES1,-28.94272555,3,0
2448,BORTEZOMIB,TOPOTECAN,SKOV3,-10.78558961,3,0
2451,BORTEZOMIB,TOPOTECAN,T47D,-0.682078892,3,0
2452,BORTEZOMIB,TOPOTECAN,UACC62,-1.498008886,3,0
2453,BORTEZOMIB,TOPOTECAN,UWB1289,-8.535184662,3,0
2454,BORTEZOMIB,TOPOTECAN,UWB1289BRCA1,-1.877482978,3,0
2455,BORTEZOMIB,TOPOTECAN,VCAP,-13.31920317,3,0
2456,BORTEZOMIB,TOPOTECAN,ZR751,-22.41353036,3,0
2458,CARBOPLATIN,ABT-888,A2780,14.47298098,1,1
2460,CARBOPLATIN,ABT-888,A427,-9.082147286,1,0
2461,CARBOPLATIN,ABT-888,CAOV3,-1.505182868,1,0
2462,CARBOPLATIN,ABT-888,COLO320DM,15.36700562,1,1
2464,CARBOPLATIN,ABT-888,EFM192B,16.03746973,1,1
2465,CARBOPLATIN,ABT-888,ES2,-6.650363949,1,0
2466,CARBOPLATIN,ABT-888,HCT116,16.74063654,1,1
2469,CARBOPLATIN,ABT-888,KPL1,12.80543096,1,1
2470,CARBOPLATIN,ABT-888,LNCAP,-27.49041399,1,0
2473,CARBOPLATIN,ABT-888,MSTO,11.81539399,1,1
2474,CARBOPLATIN,ABT-888,NCIH1650,-2.527151964,1,0
2476,CARBOPLATIN,ABT-888,NCIH23,-2.141383183,1,0
2478,CARBOPLATIN,ABT-888,NCIH520,-5.628367695,1,0
2479,CARBOPLATIN,ABT-888,OCUBM,39.46694008,1,1
2480,CARBOPLATIN,ABT-888,OV90,-5.317817347,1,0
2481,CARBOPLATIN,ABT-888,OVCAR3,-14.53498044,1,0
2483,CARBOPLATIN,ABT-888,RKO,30.1128109,1,1
2484,CARBOPLATIN,ABT-888,RPMI7951,-12.84212961,1,0
2485,CARBOPLATIN,ABT-888,SKMEL30,15.7047013,1,1
2486,CARBOPLATIN,ABT-888,SKMES1,-3.474836046,1,0
2487,CARBOPLATIN,ABT-888,SKOV3,-0.549431143,1,0
2489,CARBOPLATIN,ABT-888,SW837,-8.487630561,1,0
2490,CARBOPLATIN,ABT-888,T47D,-72.75826409,1,0
2491,CARBOPLATIN,ABT-888,UACC62,16.19671979,1,1
2492,CARBOPLATIN,ABT-888,UWB1289,-9.751659594,1,0
2493,CARBOPLATIN,ABT-888,UWB1289BRCA1,-10.63142524,1,0
2502,CARBOPLATIN,AZD1775,DLD1,-5.434746683,0,0
2507,CARBOPLATIN,AZD1775,HT29,12.29236402,0,1
2508,CARBOPLATIN,AZD1775,KPL1,10.65696368,0,1
2509,CARBOPLATIN,AZD1775,LNCAP,-4.760845757,0,0
2511,CARBOPLATIN,AZD1775,MDAMB436,11.68738395,0,1
2512,CARBOPLATIN,AZD1775,MSTO,-7.713255136,0,0
2513,CARBOPLATIN,AZD1775,NCIH1650,20.60543285,0,1
2514,CARBOPLATIN,AZD1775,NCIH2122,-2.855947821,0,0
2515,CARBOPLATIN,AZD1775,NCIH23,-8.638057918,0,0
2517,CARBOPLATIN,AZD1775,NCIH520,-0.652269083,0,0
2518,CARBOPLATIN,AZD1775,OCUBM,19.32646595,0,1
2519,CARBOPLATIN,AZD1775,OV90,-6.175086086,0,0
2520,CARBOPLATIN,AZD1775,OVCAR3,43.82447818,0,1
2521,CARBOPLATIN,AZD1775,PA1,12.01417562,0,1
2522,CARBOPLATIN,AZD1775,RKO,11.33361692,0,1
2524,CARBOPLATIN,AZD1775,SKMEL30,10.49117304,0,1
2526,CARBOPLATIN,AZD1775,SKOV3,18.26232824,0,1
2527,CARBOPLATIN,AZD1775,SW620,-5.326798928,0,0
2529,CARBOPLATIN,AZD1775,T47D,-6.150639911,0,0
2531,CARBOPLATIN,AZD1775,UWB1289,70.15141306,0,1
2533,CARBOPLATIN,AZD1775,VCAP,-0.966999032,0,0
2534,CARBOPLATIN,AZD1775,ZR751,-5.660102576,0,0
2535,CARBOPLATIN,BEZ-235,A2058,-6.074527607,2,0
2536,CARBOPLATIN,BEZ-235,A2780,22.40667404,2,1
2537,CARBOPLATIN,BEZ-235,A375,61.59260176,2,1
2538,CARBOPLATIN,BEZ-235,A427,15.63519202,2,1
2539,CARBOPLATIN,BEZ-235,CAOV3,26.17423208,2,1
2540,CARBOPLATIN,BEZ-235,COLO320DM,27.94712378,2,1
2541,CARBOPLATIN,BEZ-235,DLD1,25.00519336,2,1
2543,CARBOPLATIN,BEZ-235,ES2,18.7488882,2,1
2544,CARBOPLATIN,BEZ-235,HCT116,35.44634659,2,1
2545,CARBOPLATIN,BEZ-235,HT144,26.63108275,2,1
2546,CARBOPLATIN,BEZ-235,HT29,33.24999869,2,1
2547,CARBOPLATIN,BEZ-235,KPL1,28.41849182,2,1
2548,CARBOPLATIN,BEZ-235,LNCAP,51.33644168,2,1
2549,CARBOPLATIN,BEZ-235,LOVO,30.01072674,2,1
2550,CARBOPLATIN,BEZ-235,MDAMB436,29.03134626,2,1
2552,CARBOPLATIN,BEZ-235,NCIH1650,29.91315518,2,1
2553,CARBOPLATIN,BEZ-235,NCIH2122,16.55311332,2,1
2554,CARBOPLATIN,BEZ-235,NCIH23,42.18142697,2,1
2555,CARBOPLATIN,BEZ-235,NCIH460,62.99607998,2,1
2556,CARBOPLATIN,BEZ-235,NCIH520,27.23991968,2,1
2557,CARBOPLATIN,BEZ-235,OCUBM,19.10585693,2,1
2558,CARBOPLATIN,BEZ-235,OV90,26.44910871,2,1
2560,CARBOPLATIN,BEZ-235,PA1,18.06650536,2,1
2561,CARBOPLATIN,BEZ-235,RKO,21.67941966,2,1
2562,CARBOPLATIN,BEZ-235,RPMI7951,14.6945954,2,1
2563,CARBOPLATIN,BEZ-235,SKMEL30,34.989681,2,1
2564,CARBOPLATIN,BEZ-235,SKMES1,19.29537584,2,1
2565,CARBOPLATIN,BEZ-235,SKOV3,-6.232224846,2,0
2566,CARBOPLATIN,BEZ-235,SW620,13.57824467,2,1
2567,CARBOPLATIN,BEZ-235,SW837,27.21217509,2,1
2568,CARBOPLATIN,BEZ-235,T47D,107.9732847,2,1
2569,CARBOPLATIN,BEZ-235,UACC62,30.80556593,2,1
2571,CARBOPLATIN,BEZ-235,UWB1289BRCA1,22.74065263,2,1
2572,CARBOPLATIN,BEZ-235,VCAP,26.95615883,2,1
2574,CARBOPLATIN,BORTEZOMIB,A2058,-15.81349783,1,0
2575,CARBOPLATIN,BORTEZOMIB,A2780,-18.20108583,1,0
2576,CARBOPLATIN,BORTEZOMIB,A375,27.07714957,1,1
2577,CARBOPLATIN,BORTEZOMIB,A427,-7.195475802,1,0
2578,CARBOPLATIN,BORTEZOMIB,CAOV3,-43.53796854,1,0
2579,CARBOPLATIN,BORTEZOMIB,COLO320DM,-5.959322977,1,0
2580,CARBOPLATIN,BORTEZOMIB,DLD1,15.44214685,1,1
2581,CARBOPLATIN,BORTEZOMIB,EFM192B,-15.8477608,1,0
2582,CARBOPLATIN,BORTEZOMIB,ES2,-15.74418934,1,0
2583,CARBOPLATIN,BORTEZOMIB,HCT116,22.66750473,1,1
2585,CARBOPLATIN,BORTEZOMIB,HT29,-14.87691148,1,0
2586,CARBOPLATIN,BORTEZOMIB,KPL1,17.55357842,1,1
2587,CARBOPLATIN,BORTEZOMIB,LNCAP,-37.4313717,1,0
2588,CARBOPLATIN,BORTEZOMIB,LOVO,17.17220066,1,1
2590,CARBOPLATIN,BORTEZOMIB,MSTO,61.6441241,1,1
2591,CARBOPLATIN,BORTEZOMIB,NCIH1650,-19.43807637,1,0
2592,CARBOPLATIN,BORTEZOMIB,NCIH2122,21.12136217,1,1
2593,CARBOPLATIN,BORTEZOMIB,NCIH23,-13.66824762,1,0
2594,CARBOPLATIN,BORTEZOMIB,NCIH460,-4.633031103,1,0
2595,CARBOPLATIN,BORTEZOMIB,NCIH520,-33.80801207,1,0
2596,CARBOPLATIN,BORTEZOMIB,OCUBM,-2.983426116,1,0
2597,CARBOPLATIN,BORTEZOMIB,OV90,-3.815011921,1,0
2598,CARBOPLATIN,BORTEZOMIB,OVCAR3,-19.53073488,1,0
2599,CARBOPLATIN,BORTEZOMIB,PA1,-26.80019025,1,0
2600,CARBOPLATIN,BORTEZOMIB,RKO,23.93071456,1,1
2601,CARBOPLATIN,BORTEZOMIB,RPMI7951,-20.36941743,1,0
2602,CARBOPLATIN,BORTEZOMIB,SKMEL30,-1.493747636,1,0
2603,CARBOPLATIN,BORTEZOMIB,SKMES1,-20.60228195,1,0
2604,CARBOPLATIN,BORTEZOMIB,SKOV3,-19.2884252,1,0
2607,CARBOPLATIN,BORTEZOMIB,T47D,-49.58871529,1,0
2608,CARBOPLATIN,BORTEZOMIB,UACC62,-10.78724735,1,0
2609,CARBOPLATIN,BORTEZOMIB,UWB1289,-36.03757421,1,0
2610,CARBOPLATIN,BORTEZOMIB,UWB1289BRCA1,-10.43453137,1,0
2611,CARBOPLATIN,BORTEZOMIB,VCAP,-10.81324567,1,0
2612,CARBOPLATIN,BORTEZOMIB,ZR751,30.4483021,1,1
2613,CARBOPLATIN,DASATINIB,A2058,36.55631235,0,1
2614,CARBOPLATIN,DASATINIB,A2780,63.0464369,0,1
2615,CARBOPLATIN,DASATINIB,A375,12.76325379,0,1
2616,CARBOPLATIN,DASATINIB,A427,32.28492491,0,1
2617,CARBOPLATIN,DASATINIB,CAOV3,27.89095269,0,1
2619,CARBOPLATIN,DASATINIB,DLD1,-0.197079177,0,0
2620,CARBOPLATIN,DASATINIB,EFM192B,26.30049775,0,1
2622,CARBOPLATIN,DASATINIB,HCT116,-31.47329527,0,0
2623,CARBOPLATIN,DASATINIB,HT144,-29.28648393,0,0
2624,CARBOPLATIN,DASATINIB,HT29,14.89429346,0,1
2625,CARBOPLATIN,DASATINIB,KPL1,11.06709011,0,1
2626,CARBOPLATIN,DASATINIB,LNCAP,-6.06132707,0,0
2627,CARBOPLATIN,DASATINIB,LOVO,42.00388849,0,1
2628,CARBOPLATIN,DASATINIB,MDAMB436,22.76505079,0,1
2629,CARBOPLATIN,DASATINIB,MSTO,57.59637034,0,1
2630,CARBOPLATIN,DASATINIB,NCIH1650,31.87699816,0,1
2631,CARBOPLATIN,DASATINIB,NCIH2122,-68.82801598,0,0
2633,CARBOPLATIN,DASATINIB,NCIH460,10.68651791,0,1
2634,CARBOPLATIN,DASATINIB,NCIH520,37.28491173,0,1
2636,CARBOPLATIN,DASATINIB,OV90,-1.408698774,0,0
2637,CARBOPLATIN,DASATINIB,OVCAR3,76.83615454,0,1
2638,CARBOPLATIN,DASATINIB,PA1,27.80460032,0,1
2639,CARBOPLATIN,DASATINIB,RKO,18.58899755,0,1
2641,CARBOPLATIN,DASATINIB,SKMEL30,-27.09030659,0,0
2643,CARBOPLATIN,DASATINIB,SKOV3,-8.514250008,0,0
2644,CARBOPLATIN,DASATINIB,SW620,15.6871389,0,1
2645,CARBOPLATIN,DASATINIB,SW837,16.77232534,0,1
2646,CARBOPLATIN,DASATINIB,T47D,-33.14228116,0,0
2650,CARBOPLATIN,DASATINIB,VCAP,29.0665221,0,1
2652,CARBOPLATIN,DINACICLIB,A2058,-19.95747162,1,0
2653,CARBOPLATIN,DINACICLIB,A2780,-1.841154546,1,0
2655,CARBOPLATIN,DINACICLIB,A427,-10.53552869,1,0
2656,CARBOPLATIN,DINACICLIB,CAOV3,-24.82670415,1,0
2657,CARBOPLATIN,DINACICLIB,COLO320DM,-5.205674417,1,0
2658,CARBOPLATIN,DINACICLIB,DLD1,-8.327349752,1,0
2659,CARBOPLATIN,DINACICLIB,EFM192B,-15.91833179,1,0
2660,CARBOPLATIN,DINACICLIB,ES2,-11.29425912,1,0
2661,CARBOPLATIN,DINACICLIB,HCT116,-9.065488124,1,0
2662,CARBOPLATIN,DINACICLIB,HT144,-3.090013319,1,0
2663,CARBOPLATIN,DINACICLIB,HT29,-6.729760429,1,0
2664,CARBOPLATIN,DINACICLIB,KPL1,-12.7052747,1,0
2665,CARBOPLATIN,DINACICLIB,LNCAP,10.0297049,1,1
2666,CARBOPLATIN,DINACICLIB,LOVO,-2.044819159,1,0
2668,CARBOPLATIN,DINACICLIB,MSTO,-15.38971734,1,0
2669,CARBOPLATIN,DINACICLIB,NCIH1650,-5.246602943,1,0
2670,CARBOPLATIN,DINACICLIB,NCIH2122,-6.47054898,1,0
2671,CARBOPLATIN,DINACICLIB,NCIH23,-11.78334128,1,0
2672,CARBOPLATIN,DINACICLIB,NCIH460,-6.259301849,1,0
2673,CARBOPLATIN,DINACICLIB,NCIH520,-17.96937542,1,0
2674,CARBOPLATIN,DINACICLIB,OCUBM,-0.958303272,1,0
2675,CARBOPLATIN,DINACICLIB,OV90,-18.91682886,1,0
2676,CARBOPLATIN,DINACICLIB,OVCAR3,-15.04866023,1,0
2677,CARBOPLATIN,DINACICLIB,PA1,-7.033524665,1,0
2679,CARBOPLATIN,DINACICLIB,RPMI7951,-8.876754993,1,0
2680,CARBOPLATIN,DINACICLIB,SKMEL30,-9.932358999,1,0
2681,CARBOPLATIN,DINACICLIB,SKMES1,-6.581484315,1,0
2682,CARBOPLATIN,DINACICLIB,SKOV3,-27.09062181,1,0
2683,CARBOPLATIN,DINACICLIB,SW620,-6.377867155,1,0
2684,CARBOPLATIN,DINACICLIB,SW837,-15.4178226,1,0
2685,CARBOPLATIN,DINACICLIB,T47D,-76.6840883,1,0
2687,CARBOPLATIN,DINACICLIB,UWB1289,-6.597758039,1,0
2688,CARBOPLATIN,DINACICLIB,UWB1289BRCA1,-10.01199663,1,0
2689,CARBOPLATIN,DINACICLIB,VCAP,-4.684342044,1,0
2690,CARBOPLATIN,DINACICLIB,ZR751,-9.821462401,1,0
2691,CARBOPLATIN,ERLOTINIB,A2058,-7.666082701,0,0
2693,CARBOPLATIN,ERLOTINIB,A375,11.12190981,0,1
2697,CARBOPLATIN,ERLOTINIB,DLD1,-6.264516549,0,0
2698,CARBOPLATIN,ERLOTINIB,EFM192B,-9.571818622,0,0
2699,CARBOPLATIN,ERLOTINIB,ES2,-5.581038758,0,0
2701,CARBOPLATIN,ERLOTINIB,HT144,-5.531550137,0,0
2703,CARBOPLATIN,ERLOTINIB,KPL1,16.25053977,0,1
2705,CARBOPLATIN,ERLOTINIB,LOVO,20.16588576,0,1
2707,CARBOPLATIN,ERLOTINIB,MSTO,-12.91358398,0,0
2708,CARBOPLATIN,ERLOTINIB,NCIH1650,-7.976512941,0,0
2709,CARBOPLATIN,ERLOTINIB,NCIH2122,12.04845717,0,1
2710,CARBOPLATIN,ERLOTINIB,NCIH23,-11.59287646,0,0
2712,CARBOPLATIN,ERLOTINIB,NCIH520,-11.30191609,0,0
2713,CARBOPLATIN,ERLOTINIB,OCUBM,19.46151725,0,1
2714,CARBOPLATIN,ERLOTINIB,OV90,-11.56268319,0,0
2716,CARBOPLATIN,ERLOTINIB,PA1,-17.48724963,0,0
2718,CARBOPLATIN,ERLOTINIB,RPMI7951,-9.189800072,0,0
2719,CARBOPLATIN,ERLOTINIB,SKMEL30,-2.097137031,0,0
2720,CARBOPLATIN,ERLOTINIB,SKMES1,15.36150953,0,1
2721,CARBOPLATIN,ERLOTINIB,SKOV3,-7.411041211,0,0
2722,CARBOPLATIN,ERLOTINIB,SW620,-5.224596139,0,0
2723,CARBOPLATIN,ERLOTINIB,SW837,12.9715191,0,1
2724,CARBOPLATIN,ERLOTINIB,T47D,-27.82929323,0,0
2725,CARBOPLATIN,ERLOTINIB,UACC62,21.90614798,0,1
2728,CARBOPLATIN,ERLOTINIB,VCAP,31.53383947,0,1
2729,CARBOPLATIN,ERLOTINIB,ZR751,31.16733832,0,1
2733,CARBOPLATIN,GELDANAMYCIN,A427,-7.396824764,1,0
2734,CARBOPLATIN,GELDANAMYCIN,CAOV3,11.84783604,1,1
2735,CARBOPLATIN,GELDANAMYCIN,COLO320DM,14.78440366,1,1
2737,CARBOPLATIN,GELDANAMYCIN,EFM192B,-14.69971241,1,0
2739,CARBOPLATIN,GELDANAMYCIN,HCT116,16.22700938,1,1
2740,CARBOPLATIN,GELDANAMYCIN,HT144,-1.214146938,1,0
2741,CARBOPLATIN,GELDANAMYCIN,HT29,-14.20824045,1,0
2742,CARBOPLATIN,GELDANAMYCIN,KPL1,-6.14808973,1,0
2743,CARBOPLATIN,GELDANAMYCIN,LNCAP,-5.863142598,1,0
2744,CARBOPLATIN,GELDANAMYCIN,LOVO,-1.086357681,1,0
2746,CARBOPLATIN,GELDANAMYCIN,MSTO,-7.310020455,1,0
2747,CARBOPLATIN,GELDANAMYCIN,NCIH1650,-17.17816444,1,0
2748,CARBOPLATIN,GELDANAMYCIN,NCIH2122,-13.82894409,1,0
2749,CARBOPLATIN,GELDANAMYCIN,NCIH23,-14.84048435,1,0
2750,CARBOPLATIN,GELDANAMYCIN,NCIH460,-10.29219948,1,0
2751,CARBOPLATIN,GELDANAMYCIN,NCIH520,-5.174296883,1,0
2752,CARBOPLATIN,GELDANAMYCIN,OCUBM,19.83802901,1,1
2753,CARBOPLATIN,GELDANAMYCIN,OV90,-11.74914405,1,0
2754,CARBOPLATIN,GELDANAMYCIN,OVCAR3,-4.117966198,1,0
2755,CARBOPLATIN,GELDANAMYCIN,PA1,-8.021660165,1,0
2756,CARBOPLATIN,GELDANAMYCIN,RKO,13.51357951,1,1
2757,CARBOPLATIN,GELDANAMYCIN,RPMI7951,-5.78365295,1,0
2758,CARBOPLATIN,GELDANAMYCIN,SKMEL30,37.29371495,1,1
2759,CARBOPLATIN,GELDANAMYCIN,SKMES1,-7.937660565,1,0
2760,CARBOPLATIN,GELDANAMYCIN,SKOV3,-37.33862208,1,0
2761,CARBOPLATIN,GELDANAMYCIN,SW620,-24.43476091,1,0
2762,CARBOPLATIN,GELDANAMYCIN,SW837,-20.87283103,1,0
2763,CARBOPLATIN,GELDANAMYCIN,T47D,-71.20630142,1,0
2764,CARBOPLATIN,GELDANAMYCIN,UACC62,-9.669846923,1,0
2766,CARBOPLATIN,GELDANAMYCIN,UWB1289BRCA1,-25.36372552,1,0
2768,CARBOPLATIN,GELDANAMYCIN,ZR751,-34.84951104,1,0
2771,CARBOPLATIN,L778123,A375,-2.301953733,3,0
2773,CARBOPLATIN,L778123,CAOV3,-6.064886487,3,0
2774,CARBOPLATIN,L778123,COLO320DM,-4.154962869,3,0
2775,CARBOPLATIN,L778123,DLD1,-3.181728309,3,0
2776,CARBOPLATIN,L778123,EFM192B,-13.5446877,3,0
2777,CARBOPLATIN,L778123,ES2,-2.806642966,3,0
2778,CARBOPLATIN,L778123,HCT116,-7.790459361,3,0
2779,CARBOPLATIN,L778123,HT144,-7.339121505,3,0
2780,CARBOPLATIN,L778123,HT29,12.78179388,3,1
2781,CARBOPLATIN,L778123,KPL1,-8.643088451,3,0
2782,CARBOPLATIN,L778123,LNCAP,-3.925631977,3,0
2784,CARBOPLATIN,L778123,MDAMB436,-0.006106315,3,0
2785,CARBOPLATIN,L778123,MSTO,-17.33426569,3,0
2786,CARBOPLATIN,L778123,NCIH1650,-15.02989012,3,0
2789,CARBOPLATIN,L778123,NCIH460,-7.656799859,3,0
2790,CARBOPLATIN,L778123,NCIH520,-2.773454552,3,0
2792,CARBOPLATIN,L778123,OV90,-0.159034866,3,0
2793,CARBOPLATIN,L778123,OVCAR3,-28.37266333,3,0
2794,CARBOPLATIN,L778123,PA1,-4.684948406,3,0
2796,CARBOPLATIN,L778123,RPMI7951,-7.578800232,3,0
2797,CARBOPLATIN,L778123,SKMEL30,-4.103852167,3,0
2799,CARBOPLATIN,L778123,SKOV3,-1.550855541,3,0
2800,CARBOPLATIN,L778123,SW620,-13.83402497,3,0
2801,CARBOPLATIN,L778123,SW837,-2.40733831,3,0
2802,CARBOPLATIN,L778123,T47D,-31.79073985,3,0
2803,CARBOPLATIN,L778123,UACC62,-9.772898473,3,0
2804,CARBOPLATIN,L778123,UWB1289,13.53011157,3,1
2805,CARBOPLATIN,L778123,UWB1289BRCA1,-0.68206213,3,0
2808,CARBOPLATIN,LAPATINIB,A2058,-5.284885615,4,0
2811,CARBOPLATIN,LAPATINIB,A427,-15.05626094,4,0
2812,CARBOPLATIN,LAPATINIB,CAOV3,-2.549850481,4,0
2814,CARBOPLATIN,LAPATINIB,DLD1,-1.438849987,4,0
2816,CARBOPLATIN,LAPATINIB,ES2,-2.071941291,4,0
2818,CARBOPLATIN,LAPATINIB,HT144,10.20504319,4,1
2821,CARBOPLATIN,LAPATINIB,LNCAP,-31.01633863,4,0
2822,CARBOPLATIN,LAPATINIB,LOVO,29.26967698,4,1
2824,CARBOPLATIN,LAPATINIB,MSTO,-22.36100988,4,0
2825,CARBOPLATIN,LAPATINIB,NCIH1650,-3.912603388,4,0
2826,CARBOPLATIN,LAPATINIB,NCIH2122,-4.695955319,4,0
2827,CARBOPLATIN,LAPATINIB,NCIH23,-6.743798977,4,0
2828,CARBOPLATIN,LAPATINIB,NCIH460,-21.721153,4,0
2829,CARBOPLATIN,LAPATINIB,NCIH520,-6.657165866,4,0
2831,CARBOPLATIN,LAPATINIB,OV90,-15.3343322,4,0
2832,CARBOPLATIN,LAPATINIB,OVCAR3,21.07898694,4,1
2834,CARBOPLATIN,LAPATINIB,RKO,-5.360226105,4,0
2836,CARBOPLATIN,LAPATINIB,SKMEL30,-15.19171246,4,0
2838,CARBOPLATIN,LAPATINIB,SKOV3,-0.285454067,4,0
2839,CARBOPLATIN,LAPATINIB,SW620,-11.09715062,4,0
2841,CARBOPLATIN,LAPATINIB,T47D,-6.685440192,4,0
2842,CARBOPLATIN,LAPATINIB,UACC62,15.61508247,4,1
2843,CARBOPLATIN,LAPATINIB,UWB1289,-4.716091803,4,0
2845,CARBOPLATIN,LAPATINIB,VCAP,14.48055563,4,1
2846,CARBOPLATIN,LAPATINIB,ZR751,18.74172102,4,1
2848,CARBOPLATIN,MK-2206,A2780,11.71199123,4,1
2849,CARBOPLATIN,MK-2206,A375,20.22915656,4,1
2851,CARBOPLATIN,MK-2206,CAOV3,46.60076664,4,1
2853,CARBOPLATIN,MK-2206,DLD1,-4.415779226,4,0
2854,CARBOPLATIN,MK-2206,EFM192B,-37.69588947,4,0
2855,CARBOPLATIN,MK-2206,ES2,-2.104279801,4,0
2856,CARBOPLATIN,MK-2206,HCT116,34.11266685,4,1
2857,CARBOPLATIN,MK-2206,HT144,18.28886198,4,1
2858,CARBOPLATIN,MK-2206,HT29,16.46729176,4,1
2860,CARBOPLATIN,MK-2206,LNCAP,-31.20332341,4,0
2861,CARBOPLATIN,MK-2206,LOVO,-11.79848688,4,0
2862,CARBOPLATIN,MK-2206,MDAMB436,17.89518223,4,1
2863,CARBOPLATIN,MK-2206,MSTO,-16.99096249,4,0
2864,CARBOPLATIN,MK-2206,NCIH1650,12.0676345,4,1
2865,CARBOPLATIN,MK-2206,NCIH2122,-1.573056126,4,0
2866,CARBOPLATIN,MK-2206,NCIH23,-6.460278074,4,0
2867,CARBOPLATIN,MK-2206,NCIH460,13.10371461,4,1
2868,CARBOPLATIN,MK-2206,NCIH520,-5.34689033,4,0
2869,CARBOPLATIN,MK-2206,OCUBM,-24.81371048,4,0
2870,CARBOPLATIN,MK-2206,OV90,-1.587902966,4,0
2871,CARBOPLATIN,MK-2206,OVCAR3,-16.21619077,4,0
2872,CARBOPLATIN,MK-2206,PA1,17.83086281,4,1
2873,CARBOPLATIN,MK-2206,RKO,35.34757486,4,1
2875,CARBOPLATIN,MK-2206,SKMEL30,21.7903119,4,1
2876,CARBOPLATIN,MK-2206,SKMES1,-0.21728732,4,0
2877,CARBOPLATIN,MK-2206,SKOV3,-10.92221268,4,0
2878,CARBOPLATIN,MK-2206,SW620,21.96812448,4,1
2879,CARBOPLATIN,MK-2206,SW837,-2.426845304,4,0
2880,CARBOPLATIN,MK-2206,T47D,-43.91738999,4,0
2883,CARBOPLATIN,MK-2206,UWB1289BRCA1,10.97946783,4,1
2884,CARBOPLATIN,MK-2206,VCAP,-4.833249795,4,0
2885,CARBOPLATIN,MK-2206,ZR751,-15.41671552,4,0
2889,CARBOPLATIN,MK-4827,A427,-4.16591827,2,0
2890,CARBOPLATIN,MK-4827,CAOV3,-0.910421226,2,0
2891,CARBOPLATIN,MK-4827,COLO320DM,14.50197069,2,1
2892,CARBOPLATIN,MK-4827,DLD1,-10.95666922,2,0
2894,CARBOPLATIN,MK-4827,ES2,-11.78191068,2,0
2895,CARBOPLATIN,MK-4827,HCT116,14.9768517,2,1
2897,CARBOPLATIN,MK-4827,HT29,13.19481474,2,1
2898,CARBOPLATIN,MK-4827,KPL1,17.35701806,2,1
2899,CARBOPLATIN,MK-4827,LNCAP,-12.05081525,2,0
2900,CARBOPLATIN,MK-4827,LOVO,-12.1726948,2,0
2901,CARBOPLATIN,MK-4827,MDAMB436,12.53602134,2,1
2902,CARBOPLATIN,MK-4827,MSTO,-6.03105686,2,0
2903,CARBOPLATIN,MK-4827,NCIH1650,10.78236038,2,1
2905,CARBOPLATIN,MK-4827,NCIH23,-7.487608923,2,0
2908,CARBOPLATIN,MK-4827,OCUBM,17.85534461,2,1
2909,CARBOPLATIN,MK-4827,OV90,-9.005526846,2,0
2910,CARBOPLATIN,MK-4827,OVCAR3,16.53853264,2,1
2911,CARBOPLATIN,MK-4827,PA1,-1.424009821,2,0
2912,CARBOPLATIN,MK-4827,RKO,13.96157111,2,1
2913,CARBOPLATIN,MK-4827,RPMI7951,-0.31620399,2,0
2915,CARBOPLATIN,MK-4827,SKMES1,-0.015143814,2,0
2917,CARBOPLATIN,MK-4827,SW620,12.58177008,2,1
2918,CARBOPLATIN,MK-4827,SW837,-18.40104179,2,0
2919,CARBOPLATIN,MK-4827,T47D,-45.05215893,2,0
2920,CARBOPLATIN,MK-4827,UACC62,-3.091508635,2,0
2923,CARBOPLATIN,MK-4827,VCAP,26.42622312,2,1
2924,CARBOPLATIN,MK-4827,ZR751,-4.787798221,2,0
2925,CARBOPLATIN,MK-5108,A2058,-20.01384213,4,0
2926,CARBOPLATIN,MK-5108,A2780,15.80641566,4,1
2927,CARBOPLATIN,MK-5108,A375,16.66341051,4,1
2928,CARBOPLATIN,MK-5108,A427,-11.41444606,4,0
2929,CARBOPLATIN,MK-5108,CAOV3,-20.16584465,4,0
2930,CARBOPLATIN,MK-5108,COLO320DM,-1.211424724,4,0
2931,CARBOPLATIN,MK-5108,DLD1,-2.525171863,4,0
2932,CARBOPLATIN,MK-5108,EFM192B,-11.56481591,4,0
2933,CARBOPLATIN,MK-5108,ES2,10.54137097,4,1
2938,CARBOPLATIN,MK-5108,LNCAP,-39.25299902,4,0
2939,CARBOPLATIN,MK-5108,LOVO,-6.419117723,4,0
2942,CARBOPLATIN,MK-5108,NCIH1650,-11.55129095,4,0
2943,CARBOPLATIN,MK-5108,NCIH2122,-10.4698957,4,0
2945,CARBOPLATIN,MK-5108,NCIH460,-17.53249021,4,0
2946,CARBOPLATIN,MK-5108,NCIH520,-16.66840556,4,0
2947,CARBOPLATIN,MK-5108,OCUBM,-1.755799527,4,0
2948,CARBOPLATIN,MK-5108,OV90,-9.179406103,4,0
2949,CARBOPLATIN,MK-5108,OVCAR3,-16.51897059,4,0
2951,CARBOPLATIN,MK-5108,RKO,29.11045544,4,1
2952,CARBOPLATIN,MK-5108,RPMI7951,-6.509124445,4,0
2954,CARBOPLATIN,MK-5108,SKMES1,-9.324557536,4,0
2957,CARBOPLATIN,MK-5108,SW837,-15.75843953,4,0
2958,CARBOPLATIN,MK-5108,T47D,22.06855018,4,1
2959,CARBOPLATIN,MK-5108,UACC62,-4.110728644,4,0
2961,CARBOPLATIN,MK-5108,UWB1289BRCA1,-5.961142495,4,0
2964,CARBOPLATIN,MK-8669,A2058,15.2037347,1,1
2965,CARBOPLATIN,MK-8669,A2780,18.64613214,1,1
2966,CARBOPLATIN,MK-8669,A375,27.2673244,1,1
2967,CARBOPLATIN,MK-8669,A427,25.19398167,1,1
2968,CARBOPLATIN,MK-8669,CAOV3,23.40397281,1,1
2969,CARBOPLATIN,MK-8669,COLO320DM,13.64499259,1,1
2970,CARBOPLATIN,MK-8669,DLD1,-0.299593638,1,0
2971,CARBOPLATIN,MK-8669,EFM192B,41.00109484,1,1
2972,CARBOPLATIN,MK-8669,ES2,19.68104945,1,1
2973,CARBOPLATIN,MK-8669,HCT116,13.39213965,1,1
2975,CARBOPLATIN,MK-8669,HT29,26.92639087,1,1
2976,CARBOPLATIN,MK-8669,KPL1,51.64067036,1,1
2977,CARBOPLATIN,MK-8669,LNCAP,20.64574526,1,1
2978,CARBOPLATIN,MK-8669,LOVO,19.40428736,1,1
2979,CARBOPLATIN,MK-8669,MDAMB436,25.82712639,1,1
2980,CARBOPLATIN,MK-8669,MSTO,21.80049825,1,1
2981,CARBOPLATIN,MK-8669,NCIH1650,27.18042222,1,1
2982,CARBOPLATIN,MK-8669,NCIH2122,10.72366786,1,1
2984,CARBOPLATIN,MK-8669,NCIH460,28.52165788,1,1
2986,CARBOPLATIN,MK-8669,OCUBM,32.00567581,1,1
2987,CARBOPLATIN,MK-8669,OV90,11.90484501,1,1
2989,CARBOPLATIN,MK-8669,PA1,12.63574348,1,1
2990,CARBOPLATIN,MK-8669,RKO,35.52026131,1,1
2991,CARBOPLATIN,MK-8669,RPMI7951,28.85515546,1,1
2992,CARBOPLATIN,MK-8669,SKMEL30,38.98004749,1,1
2993,CARBOPLATIN,MK-8669,SKMES1,13.0604773,1,1
2994,CARBOPLATIN,MK-8669,SKOV3,24.87562939,1,1
2995,CARBOPLATIN,MK-8669,SW620,20.43023896,1,1
2996,CARBOPLATIN,MK-8669,SW837,22.18211015,1,1
2997,CARBOPLATIN,MK-8669,T47D,-30.60922974,1,0
2998,CARBOPLATIN,MK-8669,UACC62,22.86833164,1,1
3000,CARBOPLATIN,MK-8669,UWB1289BRCA1,10.11680658,1,1
3001,CARBOPLATIN,MK-8669,VCAP,37.00291381,1,1
3002,CARBOPLATIN,MK-8669,ZR751,15.03065321,1,1
3003,CARBOPLATIN,MK-8776,A2058,32.69822782,3,1
3004,CARBOPLATIN,MK-8776,A2780,15.97578225,3,1
3005,CARBOPLATIN,MK-8776,A375,17.22605874,3,1
3007,CARBOPLATIN,MK-8776,CAOV3,35.154463,3,1
3008,CARBOPLATIN,MK-8776,COLO320DM,12.50404685,3,1
3009,CARBOPLATIN,MK-8776,DLD1,-5.033318805,3,0
3010,CARBOPLATIN,MK-8776,EFM192B,33.14624389,3,1
3013,CARBOPLATIN,MK-8776,HT144,17.30961426,3,1
3014,CARBOPLATIN,MK-8776,HT29,10.67589734,3,1
3015,CARBOPLATIN,MK-8776,KPL1,19.39244134,3,1
3016,CARBOPLATIN,MK-8776,LNCAP,-10.55765057,3,0
3017,CARBOPLATIN,MK-8776,LOVO,19.40682201,3,1
3018,CARBOPLATIN,MK-8776,MDAMB436,21.75454315,3,1
3019,CARBOPLATIN,MK-8776,MSTO,-3.499512748,3,0
3021,CARBOPLATIN,MK-8776,NCIH2122,-12.78607476,3,0
3023,CARBOPLATIN,MK-8776,NCIH460,17.79648094,3,1
3025,CARBOPLATIN,MK-8776,OCUBM,37.76332606,3,1
3027,CARBOPLATIN,MK-8776,OVCAR3,46.47558852,3,1
3028,CARBOPLATIN,MK-8776,PA1,-0.305269716,3,0
3030,CARBOPLATIN,MK-8776,RPMI7951,-4.079684984,3,0
3031,CARBOPLATIN,MK-8776,SKMEL30,39.09045434,3,1
3032,CARBOPLATIN,MK-8776,SKMES1,-5.031923251,3,0
3034,CARBOPLATIN,MK-8776,SW620,-3.851474053,3,0
3035,CARBOPLATIN,MK-8776,SW837,-9.382041201,3,0
3036,CARBOPLATIN,MK-8776,T47D,-51.43911997,3,0
3038,CARBOPLATIN,MK-8776,UWB1289,-3.949621243,3,0
3039,CARBOPLATIN,MK-8776,UWB1289BRCA1,-8.228608413,3,0
3042,CARBOPLATIN,PD325901,A2058,-31.64625021,3,0
3043,CARBOPLATIN,PD325901,A2780,19.96791663,3,1
3045,CARBOPLATIN,PD325901,A427,-18.11821222,3,0
3047,CARBOPLATIN,PD325901,COLO320DM,10.13805476,3,1
3050,CARBOPLATIN,PD325901,ES2,-3.513719197,3,0
3051,CARBOPLATIN,PD325901,HCT116,-1.166006656,3,0
3053,CARBOPLATIN,PD325901,HT29,-11.69085555,3,0
3054,CARBOPLATIN,PD325901,KPL1,18.84376109,3,1
3055,CARBOPLATIN,PD325901,LNCAP,-43.48359364,3,0
3056,CARBOPLATIN,PD325901,LOVO,-0.555141023,3,0
3057,CARBOPLATIN,PD325901,MDAMB436,12.62991957,3,1
3058,CARBOPLATIN,PD325901,MSTO,-3.140336026,3,0
3060,CARBOPLATIN,PD325901,NCIH2122,-11.1190136,3,0
3062,CARBOPLATIN,PD325901,NCIH460,18.41632134,3,1
3063,CARBOPLATIN,PD325901,NCIH520,-5.35572884,3,0
3064,CARBOPLATIN,PD325901,OCUBM,23.84452938,3,1
3066,CARBOPLATIN,PD325901,OVCAR3,-4.533271388,3,0
3067,CARBOPLATIN,PD325901,PA1,-16.56370455,3,0
3068,CARBOPLATIN,PD325901,RKO,16.29413829,3,1
3069,CARBOPLATIN,PD325901,RPMI7951,-0.679702412,3,0
3070,CARBOPLATIN,PD325901,SKMEL30,-19.4100816,3,0
3071,CARBOPLATIN,PD325901,SKMES1,-32.5297219,3,0
3072,CARBOPLATIN,PD325901,SKOV3,-8.476769503,3,0
3073,CARBOPLATIN,PD325901,SW620,-17.20620842,3,0
3074,CARBOPLATIN,PD325901,SW837,-21.7294747,3,0
3075,CARBOPLATIN,PD325901,T47D,-27.46159368,3,0
3076,CARBOPLATIN,PD325901,UACC62,-0.949337012,3,0
3078,CARBOPLATIN,PD325901,UWB1289BRCA1,-1.411150826,3,0
3080,CARBOPLATIN,PD325901,ZR751,-22.47486626,3,0
3081,CARBOPLATIN,SORAFENIB,A2058,-33.27180552,1,0
3082,CARBOPLATIN,SORAFENIB,A2780,-13.54425066,1,0
3083,CARBOPLATIN,SORAFENIB,A375,-7.882448899,1,0
3084,CARBOPLATIN,SORAFENIB,A427,-1.501405371,1,0
3085,CARBOPLATIN,SORAFENIB,CAOV3,-47.16109214,1,0
3086,CARBOPLATIN,SORAFENIB,COLO320DM,-14.58716543,1,0
3087,CARBOPLATIN,SORAFENIB,DLD1,-4.540249474,1,0
3088,CARBOPLATIN,SORAFENIB,EFM192B,-32.08518594,1,0
3089,CARBOPLATIN,SORAFENIB,ES2,-19.10266007,1,0
3090,CARBOPLATIN,SORAFENIB,HCT116,-10.05745061,1,0
3091,CARBOPLATIN,SORAFENIB,HT144,-6.389939162,1,0
3092,CARBOPLATIN,SORAFENIB,HT29,-12.76639355,1,0
3093,CARBOPLATIN,SORAFENIB,KPL1,-9.066176761,1,0
3094,CARBOPLATIN,SORAFENIB,LNCAP,-15.39931953,1,0
3095,CARBOPLATIN,SORAFENIB,LOVO,-20.72438161,1,0
3096,CARBOPLATIN,SORAFENIB,MDAMB436,-23.04864922,1,0
3097,CARBOPLATIN,SORAFENIB,MSTO,-9.988417928,1,0
3098,CARBOPLATIN,SORAFENIB,NCIH1650,-11.71254948,1,0
3099,CARBOPLATIN,SORAFENIB,NCIH2122,-13.31654234,1,0
3100,CARBOPLATIN,SORAFENIB,NCIH23,-25.78553809,1,0
3101,CARBOPLATIN,SORAFENIB,NCIH460,-16.76776281,1,0
3102,CARBOPLATIN,SORAFENIB,NCIH520,-3.270890723,1,0
3103,CARBOPLATIN,SORAFENIB,OCUBM,-7.830975458,1,0
3104,CARBOPLATIN,SORAFENIB,OV90,-14.73537115,1,0
3105,CARBOPLATIN,SORAFENIB,OVCAR3,-35.35980954,1,0
3106,CARBOPLATIN,SORAFENIB,PA1,-13.75971558,1,0
3107,CARBOPLATIN,SORAFENIB,RKO,-4.726102732,1,0
3108,CARBOPLATIN,SORAFENIB,RPMI7951,-36.57187788,1,0
3109,CARBOPLATIN,SORAFENIB,SKMEL30,-2.38363499,1,0
3110,CARBOPLATIN,SORAFENIB,SKMES1,-8.095838601,1,0
3111,CARBOPLATIN,SORAFENIB,SKOV3,-21.48554066,1,0
3112,CARBOPLATIN,SORAFENIB,SW620,-15.74352148,1,0
3113,CARBOPLATIN,SORAFENIB,SW837,-12.04613895,1,0
3114,CARBOPLATIN,SORAFENIB,T47D,-17.01062835,1,0
3115,CARBOPLATIN,SORAFENIB,UACC62,-12.10473557,1,0
3116,CARBOPLATIN,SORAFENIB,UWB1289,-9.218621727,1,0
3117,CARBOPLATIN,SORAFENIB,UWB1289BRCA1,-16.03990738,1,0
3118,CARBOPLATIN,SORAFENIB,VCAP,-3.848787748,1,0
3119,CARBOPLATIN,SORAFENIB,ZR751,-24.46010539,1,0
3120,CARBOPLATIN,SUNITINIB,A2058,-8.820303158,2,0
3122,CARBOPLATIN,SUNITINIB,A375,12.4945772,2,1
3127,CARBOPLATIN,SUNITINIB,EFM192B,-4.372566576,2,0
3128,CARBOPLATIN,SUNITINIB,ES2,11.81716231,2,1
3131,CARBOPLATIN,SUNITINIB,HT29,10.59854304,2,1
3132,CARBOPLATIN,SUNITINIB,KPL1,11.044177,2,1
3133,CARBOPLATIN,SUNITINIB,LNCAP,-9.491926778,2,0
3136,CARBOPLATIN,SUNITINIB,MSTO,-3.78948314,2,0
3138,CARBOPLATIN,SUNITINIB,NCIH2122,-0.492154552,2,0
3139,CARBOPLATIN,SUNITINIB,NCIH23,-10.18796425,2,0
3144,CARBOPLATIN,SUNITINIB,OVCAR3,12.93932184,2,1
3145,CARBOPLATIN,SUNITINIB,PA1,-8.451488623,2,0
3147,CARBOPLATIN,SUNITINIB,RPMI7951,-17.91324141,2,0
3148,CARBOPLATIN,SUNITINIB,SKMEL30,-5.528383663,2,0
3150,CARBOPLATIN,SUNITINIB,SKOV3,-3.569954283,2,0
3152,CARBOPLATIN,SUNITINIB,SW837,-12.85046281,2,0
3153,CARBOPLATIN,SUNITINIB,T47D,-14.48081501,2,0
3157,CARBOPLATIN,SUNITINIB,VCAP,19.19096936,2,1
3158,CARBOPLATIN,SUNITINIB,ZR751,12.70876716,2,1
3159,CARBOPLATIN,TEMOZOLOMIDE,A2058,-14.56298729,4,0
3160,CARBOPLATIN,TEMOZOLOMIDE,A2780,-2.742600075,4,0
3161,CARBOPLATIN,TEMOZOLOMIDE,A375,-20.91919522,4,0
3162,CARBOPLATIN,TEMOZOLOMIDE,A427,-11.57812003,4,0
3163,CARBOPLATIN,TEMOZOLOMIDE,CAOV3,-36.36116069,4,0
3164,CARBOPLATIN,TEMOZOLOMIDE,COLO320DM,-0.999442062,4,0
3165,CARBOPLATIN,TEMOZOLOMIDE,DLD1,-19.10162123,4,0
3166,CARBOPLATIN,TEMOZOLOMIDE,EFM192B,-30.62935068,4,0
3167,CARBOPLATIN,TEMOZOLOMIDE,ES2,-9.036404376,4,0
3168,CARBOPLATIN,TEMOZOLOMIDE,HCT116,-9.321668267,4,0
3169,CARBOPLATIN,TEMOZOLOMIDE,HT144,-33.50202799,4,0
3170,CARBOPLATIN,TEMOZOLOMIDE,HT29,-13.24835973,4,0
3172,CARBOPLATIN,TEMOZOLOMIDE,LNCAP,-42.80536021,4,0
3174,CARBOPLATIN,TEMOZOLOMIDE,MDAMB436,-2.212359892,4,0
3175,CARBOPLATIN,TEMOZOLOMIDE,MSTO,-24.53744741,4,0
3176,CARBOPLATIN,TEMOZOLOMIDE,NCIH1650,-35.00891969,4,0
3177,CARBOPLATIN,TEMOZOLOMIDE,NCIH2122,-18.42841882,4,0
3178,CARBOPLATIN,TEMOZOLOMIDE,NCIH23,-35.45029363,4,0
3179,CARBOPLATIN,TEMOZOLOMIDE,NCIH460,-33.16823411,4,0
3180,CARBOPLATIN,TEMOZOLOMIDE,NCIH520,-2.430803914,4,0
3181,CARBOPLATIN,TEMOZOLOMIDE,OCUBM,-10.9671359,4,0
3182,CARBOPLATIN,TEMOZOLOMIDE,OV90,-10.54687423,4,0
3183,CARBOPLATIN,TEMOZOLOMIDE,OVCAR3,-21.7482679,4,0
3184,CARBOPLATIN,TEMOZOLOMIDE,PA1,-7.948085197,4,0
3185,CARBOPLATIN,TEMOZOLOMIDE,RKO,-1.231125407,4,0
3188,CARBOPLATIN,TEMOZOLOMIDE,SKMES1,-10.69268337,4,0
3189,CARBOPLATIN,TEMOZOLOMIDE,SKOV3,-20.80908008,4,0
3191,CARBOPLATIN,TEMOZOLOMIDE,SW837,-27.05329304,4,0
3192,CARBOPLATIN,TEMOZOLOMIDE,T47D,-136.9097827,4,0
3193,CARBOPLATIN,TEMOZOLOMIDE,UACC62,-11.9998905,4,0
3196,CARBOPLATIN,TEMOZOLOMIDE,VCAP,-19.65881702,4,0
3197,CARBOPLATIN,TEMOZOLOMIDE,ZR751,-41.81727556,4,0
3198,CARBOPLATIN,ZOLINZA,A2058,-23.29399798,4,0
3199,CARBOPLATIN,ZOLINZA,A2780,13.24292493,4,1
3200,CARBOPLATIN,ZOLINZA,A375,17.95513228,4,1
3201,CARBOPLATIN,ZOLINZA,A427,-29.53116203,4,0
3202,CARBOPLATIN,ZOLINZA,CAOV3,15.09436246,4,1
3203,CARBOPLATIN,ZOLINZA,COLO320DM,-0.166464617,4,0
3204,CARBOPLATIN,ZOLINZA,DLD1,-3.408634619,4,0
3205,CARBOPLATIN,ZOLINZA,EFM192B,-4.784087207,4,0
3206,CARBOPLATIN,ZOLINZA,ES2,-3.361711386,4,0
3208,CARBOPLATIN,ZOLINZA,HT144,10.8675827,4,1
3209,CARBOPLATIN,ZOLINZA,HT29,13.81386298,4,1
3211,CARBOPLATIN,ZOLINZA,LNCAP,13.65645561,4,1
3214,CARBOPLATIN,ZOLINZA,MSTO,-0.699256102,4,0
3215,CARBOPLATIN,ZOLINZA,NCIH1650,-8.14993513,4,0
3217,CARBOPLATIN,ZOLINZA,NCIH23,-20.82674627,4,0
3219,CARBOPLATIN,ZOLINZA,NCIH520,-9.915142007,4,0
3220,CARBOPLATIN,ZOLINZA,OCUBM,-13.66303184,4,0
3221,CARBOPLATIN,ZOLINZA,OV90,-6.848438492,4,0
3222,CARBOPLATIN,ZOLINZA,OVCAR3,-5.045484957,4,0
3223,CARBOPLATIN,ZOLINZA,PA1,-13.32872094,4,0
3224,CARBOPLATIN,ZOLINZA,RKO,17.826419,4,1
3225,CARBOPLATIN,ZOLINZA,RPMI7951,-4.760023907,4,0
3226,CARBOPLATIN,ZOLINZA,SKMEL30,-1.237884744,4,0
3229,CARBOPLATIN,ZOLINZA,SW620,-12.76253901,4,0
3230,CARBOPLATIN,ZOLINZA,SW837,-0.824075768,4,0
3231,CARBOPLATIN,ZOLINZA,T47D,39.85203418,4,1
3232,CARBOPLATIN,ZOLINZA,UACC62,10.72267618,4,1
3233,CARBOPLATIN,ZOLINZA,UWB1289,13.431023,4,1
3235,CARBOPLATIN,ZOLINZA,VCAP,13.19321045,4,1
3236,CARBOPLATIN,ZOLINZA,ZR751,-3.942899532,4,0
3237,CYCLOPHOSPHAMIDE,ABT-888,A2058,12.72496744,0,1
3238,CYCLOPHOSPHAMIDE,ABT-888,A2780,10.54371833,0,1
3240,CYCLOPHOSPHAMIDE,ABT-888,A427,-11.63887968,0,0
3245,CYCLOPHOSPHAMIDE,ABT-888,ES2,-7.765952714,0,0
3246,CYCLOPHOSPHAMIDE,ABT-888,HCT116,16.80085086,0,1
3249,CYCLOPHOSPHAMIDE,ABT-888,KPL1,-10.6320112,0,0
3250,CYCLOPHOSPHAMIDE,ABT-888,LNCAP,-13.96198475,0,0
3251,CYCLOPHOSPHAMIDE,ABT-888,LOVO,-4.952741064,0,0
3254,CYCLOPHOSPHAMIDE,ABT-888,NCIH1650,-3.985984683,0,0
3257,CYCLOPHOSPHAMIDE,ABT-888,NCIH460,17.43411202,0,1
3259,CYCLOPHOSPHAMIDE,ABT-888,OCUBM,15.84144254,0,1
3260,CYCLOPHOSPHAMIDE,ABT-888,OV90,11.77323193,0,1
3263,CYCLOPHOSPHAMIDE,ABT-888,RKO,16.66446001,0,1
3264,CYCLOPHOSPHAMIDE,ABT-888,RPMI7951,-7.016517482,0,0
3269,CYCLOPHOSPHAMIDE,ABT-888,SW837,-15.42055822,0,0
3270,CYCLOPHOSPHAMIDE,ABT-888,T47D,-4.08859713,0,0
3272,CYCLOPHOSPHAMIDE,ABT-888,UWB1289,-6.52771367,0,0
3273,CYCLOPHOSPHAMIDE,ABT-888,UWB1289BRCA1,-8.40497407,0,0
3275,CYCLOPHOSPHAMIDE,ABT-888,ZR751,-32.21629252,0,0
3283,CYCLOPHOSPHAMIDE,AZD1775,EFM192B,-1.634016434,0,0
3289,CYCLOPHOSPHAMIDE,AZD1775,LNCAP,-41.47720935,0,0
3290,CYCLOPHOSPHAMIDE,AZD1775,LOVO,-4.0399195,0,0
3293,CYCLOPHOSPHAMIDE,AZD1775,NCIH1650,16.8889801,0,1
3295,CYCLOPHOSPHAMIDE,AZD1775,NCIH23,-2.384871794,0,0
3297,CYCLOPHOSPHAMIDE,AZD1775,NCIH520,10.37606584,0,1
3299,CYCLOPHOSPHAMIDE,AZD1775,OV90,-2.76096107,0,0
3306,CYCLOPHOSPHAMIDE,AZD1775,SKOV3,14.85824444,0,1
3309,CYCLOPHOSPHAMIDE,AZD1775,T47D,-8.212706736,0,0
3311,CYCLOPHOSPHAMIDE,AZD1775,UWB1289,67.63674093,0,1
3315,CYCLOPHOSPHAMIDE,BEZ-235,A2058,12.746188,1,1
3316,CYCLOPHOSPHAMIDE,BEZ-235,A2780,17.87489148,1,1
3317,CYCLOPHOSPHAMIDE,BEZ-235,A375,12.84457015,1,1
3319,CYCLOPHOSPHAMIDE,BEZ-235,CAOV3,25.73426903,1,1
3320,CYCLOPHOSPHAMIDE,BEZ-235,COLO320DM,19.18706704,1,1
3322,CYCLOPHOSPHAMIDE,BEZ-235,EFM192B,24.02757327,1,1
3323,CYCLOPHOSPHAMIDE,BEZ-235,ES2,13.6449687,1,1
3324,CYCLOPHOSPHAMIDE,BEZ-235,HCT116,19.71806156,1,1
3326,CYCLOPHOSPHAMIDE,BEZ-235,HT29,27.56912056,1,1
3327,CYCLOPHOSPHAMIDE,BEZ-235,KPL1,17.76684973,1,1
3328,CYCLOPHOSPHAMIDE,BEZ-235,LNCAP,67.79077683,1,1
3329,CYCLOPHOSPHAMIDE,BEZ-235,LOVO,15.21554287,1,1
3330,CYCLOPHOSPHAMIDE,BEZ-235,MDAMB436,19.46579283,1,1
3332,CYCLOPHOSPHAMIDE,BEZ-235,NCIH1650,17.10667081,1,1
3333,CYCLOPHOSPHAMIDE,BEZ-235,NCIH2122,15.24257082,1,1
3334,CYCLOPHOSPHAMIDE,BEZ-235,NCIH23,13.71675676,1,1
3335,CYCLOPHOSPHAMIDE,BEZ-235,NCIH460,15.77911392,1,1
3336,CYCLOPHOSPHAMIDE,BEZ-235,NCIH520,27.06526505,1,1
3337,CYCLOPHOSPHAMIDE,BEZ-235,OCUBM,24.43353942,1,1
3338,CYCLOPHOSPHAMIDE,BEZ-235,OV90,18.22206593,1,1
3340,CYCLOPHOSPHAMIDE,BEZ-235,PA1,11.22939508,1,1
3341,CYCLOPHOSPHAMIDE,BEZ-235,RKO,10.07696496,1,1
3342,CYCLOPHOSPHAMIDE,BEZ-235,RPMI7951,20.11601915,1,1
3343,CYCLOPHOSPHAMIDE,BEZ-235,SKMEL30,18.44648099,1,1
3344,CYCLOPHOSPHAMIDE,BEZ-235,SKMES1,18.31955895,1,1
3345,CYCLOPHOSPHAMIDE,BEZ-235,SKOV3,11.70523261,1,1
3346,CYCLOPHOSPHAMIDE,BEZ-235,SW620,15.92331709,1,1
3347,CYCLOPHOSPHAMIDE,BEZ-235,SW837,24.16298095,1,1
3348,CYCLOPHOSPHAMIDE,BEZ-235,T47D,100.4024954,1,1
3349,CYCLOPHOSPHAMIDE,BEZ-235,UACC62,15.36114912,1,1
3350,CYCLOPHOSPHAMIDE,BEZ-235,UWB1289,32.06369794,1,1
3351,CYCLOPHOSPHAMIDE,BEZ-235,UWB1289BRCA1,28.89750417,1,1
3352,CYCLOPHOSPHAMIDE,BEZ-235,VCAP,23.40807993,1,1
3353,CYCLOPHOSPHAMIDE,BEZ-235,ZR751,16.96621247,1,1
3355,CYCLOPHOSPHAMIDE,BORTEZOMIB,A2780,-11.26735375,0,0
3356,CYCLOPHOSPHAMIDE,BORTEZOMIB,A375,28.57707415,0,1
3357,CYCLOPHOSPHAMIDE,BORTEZOMIB,A427,-8.502772728,0,0
3358,CYCLOPHOSPHAMIDE,BORTEZOMIB,CAOV3,-36.65413992,0,0
3360,CYCLOPHOSPHAMIDE,BORTEZOMIB,DLD1,14.17402421,0,1
3363,CYCLOPHOSPHAMIDE,BORTEZOMIB,HCT116,14.22855307,0,1
3365,CYCLOPHOSPHAMIDE,BORTEZOMIB,HT29,-16.67612259,0,0
3366,CYCLOPHOSPHAMIDE,BORTEZOMIB,KPL1,-15.40532685,0,0
3369,CYCLOPHOSPHAMIDE,BORTEZOMIB,MDAMB436,-0.619310964,0,0
3370,CYCLOPHOSPHAMIDE,BORTEZOMIB,MSTO,13.95451539,0,1
3371,CYCLOPHOSPHAMIDE,BORTEZOMIB,NCIH1650,-14.47544863,0,0
3372,CYCLOPHOSPHAMIDE,BORTEZOMIB,NCIH2122,27.75692904,0,1
3374,CYCLOPHOSPHAMIDE,BORTEZOMIB,NCIH460,14.88718391,0,1
3375,CYCLOPHOSPHAMIDE,BORTEZOMIB,NCIH520,-17.71924757,0,0
3376,CYCLOPHOSPHAMIDE,BORTEZOMIB,OCUBM,12.94024251,0,1
3377,CYCLOPHOSPHAMIDE,BORTEZOMIB,OV90,-1.897133837,0,0
3378,CYCLOPHOSPHAMIDE,BORTEZOMIB,OVCAR3,-25.17853705,0,0
3380,CYCLOPHOSPHAMIDE,BORTEZOMIB,RKO,28.37985911,0,1
3383,CYCLOPHOSPHAMIDE,BORTEZOMIB,SKMES1,-10.2518384,0,0
3384,CYCLOPHOSPHAMIDE,BORTEZOMIB,SKOV3,-2.662322654,0,0
3387,CYCLOPHOSPHAMIDE,BORTEZOMIB,T47D,-23.08859768,0,0
3388,CYCLOPHOSPHAMIDE,BORTEZOMIB,UACC62,-9.525027695,0,0
3389,CYCLOPHOSPHAMIDE,BORTEZOMIB,UWB1289,-17.38594039,0,0
3390,CYCLOPHOSPHAMIDE,BORTEZOMIB,UWB1289BRCA1,-16.03806129,0,0
3391,CYCLOPHOSPHAMIDE,BORTEZOMIB,VCAP,-1.054029239,0,0
3393,CYCLOPHOSPHAMIDE,DASATINIB,A2058,10.37911966,1,1
3394,CYCLOPHOSPHAMIDE,DASATINIB,A2780,23.25825742,1,1
3395,CYCLOPHOSPHAMIDE,DASATINIB,A375,-7.039252513,1,0
3396,CYCLOPHOSPHAMIDE,DASATINIB,A427,17.46960422,1,1
3399,CYCLOPHOSPHAMIDE,DASATINIB,DLD1,14.15014516,1,1
3400,CYCLOPHOSPHAMIDE,DASATINIB,EFM192B,18.10536632,1,1
3401,CYCLOPHOSPHAMIDE,DASATINIB,ES2,-5.659802415,1,0
3402,CYCLOPHOSPHAMIDE,DASATINIB,HCT116,-28.00152206,1,0
3403,CYCLOPHOSPHAMIDE,DASATINIB,HT144,-53.79648119,1,0
3404,CYCLOPHOSPHAMIDE,DASATINIB,HT29,14.43630229,1,1
3405,CYCLOPHOSPHAMIDE,DASATINIB,KPL1,-4.988167769,1,0
3406,CYCLOPHOSPHAMIDE,DASATINIB,LNCAP,-27.42883623,1,0
3407,CYCLOPHOSPHAMIDE,DASATINIB,LOVO,20.84082433,1,1
3409,CYCLOPHOSPHAMIDE,DASATINIB,MSTO,-16.99645444,1,0
3410,CYCLOPHOSPHAMIDE,DASATINIB,NCIH1650,24.79300577,1,1
3411,CYCLOPHOSPHAMIDE,DASATINIB,NCIH2122,-48.37729556,1,0
3413,CYCLOPHOSPHAMIDE,DASATINIB,NCIH460,-3.312764954,1,0
3414,CYCLOPHOSPHAMIDE,DASATINIB,NCIH520,16.19586466,1,1
3416,CYCLOPHOSPHAMIDE,DASATINIB,OV90,-3.19591068,1,0
3417,CYCLOPHOSPHAMIDE,DASATINIB,OVCAR3,50.72841599,1,1
3421,CYCLOPHOSPHAMIDE,DASATINIB,SKMEL30,-24.34554135,1,0
3423,CYCLOPHOSPHAMIDE,DASATINIB,SKOV3,-5.820910392,1,0
3426,CYCLOPHOSPHAMIDE,DASATINIB,T47D,-15.33862999,1,0
3427,CYCLOPHOSPHAMIDE,DASATINIB,UACC62,-3.680153221,1,0
3428,CYCLOPHOSPHAMIDE,DASATINIB,UWB1289,-1.568277509,1,0
3430,CYCLOPHOSPHAMIDE,DASATINIB,VCAP,14.18815199,1,1
3431,CYCLOPHOSPHAMIDE,DASATINIB,ZR751,-16.76462773,1,0
3432,CYCLOPHOSPHAMIDE,DINACICLIB,A2058,12.40275203,1,1
3433,CYCLOPHOSPHAMIDE,DINACICLIB,A2780,-3.247479641,1,0
3434,CYCLOPHOSPHAMIDE,DINACICLIB,A375,10.35276194,1,1
3436,CYCLOPHOSPHAMIDE,DINACICLIB,CAOV3,-17.60390771,1,0
3439,CYCLOPHOSPHAMIDE,DINACICLIB,EFM192B,12.30045292,1,1
3444,CYCLOPHOSPHAMIDE,DINACICLIB,KPL1,-12.26423344,1,0
3445,CYCLOPHOSPHAMIDE,DINACICLIB,LNCAP,56.67788114,1,1
3447,CYCLOPHOSPHAMIDE,DINACICLIB,MDAMB436,-0.898396822,1,0
3448,CYCLOPHOSPHAMIDE,DINACICLIB,MSTO,20.77980249,1,1
3451,CYCLOPHOSPHAMIDE,DINACICLIB,NCIH23,-3.64729825,1,0
3452,CYCLOPHOSPHAMIDE,DINACICLIB,NCIH460,10.00357139,1,1
3454,CYCLOPHOSPHAMIDE,DINACICLIB,OCUBM,16.09974939,1,1
3455,CYCLOPHOSPHAMIDE,DINACICLIB,OV90,-1.209368773,1,0
3457,CYCLOPHOSPHAMIDE,DINACICLIB,PA1,-0.647160199,1,0
3458,CYCLOPHOSPHAMIDE,DINACICLIB,RKO,15.23767783,1,1
3461,CYCLOPHOSPHAMIDE,DINACICLIB,SKMES1,11.91076095,1,1
3464,CYCLOPHOSPHAMIDE,DINACICLIB,SW837,-11.81288946,1,0
3467,CYCLOPHOSPHAMIDE,DINACICLIB,UWB1289,-8.435198709,1,0
3468,CYCLOPHOSPHAMIDE,DINACICLIB,UWB1289BRCA1,-7.624091135,1,0
3469,CYCLOPHOSPHAMIDE,DINACICLIB,VCAP,10.82516135,1,1
3470,CYCLOPHOSPHAMIDE,DINACICLIB,ZR751,10.04229909,1,1
3471,CYCLOPHOSPHAMIDE,ERLOTINIB,A2058,-2.477100927,0,0
3472,CYCLOPHOSPHAMIDE,ERLOTINIB,A2780,-0.009972219,0,0
3473,CYCLOPHOSPHAMIDE,ERLOTINIB,A375,-4.231048403,0,0
3475,CYCLOPHOSPHAMIDE,ERLOTINIB,CAOV3,-4.087085419,0,0
3476,CYCLOPHOSPHAMIDE,ERLOTINIB,COLO320DM,-1.275546217,0,0
3479,CYCLOPHOSPHAMIDE,ERLOTINIB,ES2,-4.66448783,0,0
3480,CYCLOPHOSPHAMIDE,ERLOTINIB,HCT116,-3.70702275,0,0
3481,CYCLOPHOSPHAMIDE,ERLOTINIB,HT144,-13.57168234,0,0
3483,CYCLOPHOSPHAMIDE,ERLOTINIB,KPL1,-6.373246302,0,0
3484,CYCLOPHOSPHAMIDE,ERLOTINIB,LNCAP,-29.89584273,0,0
3485,CYCLOPHOSPHAMIDE,ERLOTINIB,LOVO,-3.072280744,0,0
3486,CYCLOPHOSPHAMIDE,ERLOTINIB,MDAMB436,-5.410505674,0,0
3487,CYCLOPHOSPHAMIDE,ERLOTINIB,MSTO,-11.81036447,0,0
3488,CYCLOPHOSPHAMIDE,ERLOTINIB,NCIH1650,-7.649029445,0,0
3490,CYCLOPHOSPHAMIDE,ERLOTINIB,NCIH23,-7.063968146,0,0
3491,CYCLOPHOSPHAMIDE,ERLOTINIB,NCIH460,-8.72290383,0,0
3494,CYCLOPHOSPHAMIDE,ERLOTINIB,OV90,-13.23937296,0,0
3495,CYCLOPHOSPHAMIDE,ERLOTINIB,OVCAR3,-6.420695627,0,0
3496,CYCLOPHOSPHAMIDE,ERLOTINIB,PA1,-0.045547222,0,0
3497,CYCLOPHOSPHAMIDE,ERLOTINIB,RKO,-11.2879549,0,0
3498,CYCLOPHOSPHAMIDE,ERLOTINIB,RPMI7951,-3.809283242,0,0
3499,CYCLOPHOSPHAMIDE,ERLOTINIB,SKMEL30,-3.91554806,0,0
3502,CYCLOPHOSPHAMIDE,ERLOTINIB,SW620,-11.92897578,0,0
3503,CYCLOPHOSPHAMIDE,ERLOTINIB,SW837,-1.434718608,0,0
3504,CYCLOPHOSPHAMIDE,ERLOTINIB,T47D,26.18489183,0,1
3505,CYCLOPHOSPHAMIDE,ERLOTINIB,UACC62,-5.741127918,0,0
3506,CYCLOPHOSPHAMIDE,ERLOTINIB,UWB1289,19.95551646,0,1
3507,CYCLOPHOSPHAMIDE,ERLOTINIB,UWB1289BRCA1,10.36593833,0,1
3511,CYCLOPHOSPHAMIDE,GELDANAMYCIN,A2780,-9.965537092,0,0
3512,CYCLOPHOSPHAMIDE,GELDANAMYCIN,A375,-8.590118003,0,0
3513,CYCLOPHOSPHAMIDE,GELDANAMYCIN,A427,-2.184700402,0,0
3514,CYCLOPHOSPHAMIDE,GELDANAMYCIN,CAOV3,-6.541062748,0,0
3516,CYCLOPHOSPHAMIDE,GELDANAMYCIN,DLD1,-2.460812475,0,0
3518,CYCLOPHOSPHAMIDE,GELDANAMYCIN,ES2,-12.92243489,0,0
3519,CYCLOPHOSPHAMIDE,GELDANAMYCIN,HCT116,13.76600921,0,1
3520,CYCLOPHOSPHAMIDE,GELDANAMYCIN,HT144,-11.28078492,0,0
3523,CYCLOPHOSPHAMIDE,GELDANAMYCIN,LNCAP,20.25024227,0,1
3525,CYCLOPHOSPHAMIDE,GELDANAMYCIN,MDAMB436,11.78160406,0,1
3526,CYCLOPHOSPHAMIDE,GELDANAMYCIN,MSTO,-19.45589953,0,0
3529,CYCLOPHOSPHAMIDE,GELDANAMYCIN,NCIH23,-1.437948727,0,0
3532,CYCLOPHOSPHAMIDE,GELDANAMYCIN,OCUBM,10.50924215,0,1
3533,CYCLOPHOSPHAMIDE,GELDANAMYCIN,OV90,-5.78020129,0,0
3534,CYCLOPHOSPHAMIDE,GELDANAMYCIN,OVCAR3,-5.304145066,0,0
3535,CYCLOPHOSPHAMIDE,GELDANAMYCIN,PA1,-10.43984161,0,0
3536,CYCLOPHOSPHAMIDE,GELDANAMYCIN,RKO,-2.133530745,0,0
3537,CYCLOPHOSPHAMIDE,GELDANAMYCIN,RPMI7951,-6.309509387,0,0
3538,CYCLOPHOSPHAMIDE,GELDANAMYCIN,SKMEL30,-10.78081908,0,0
3541,CYCLOPHOSPHAMIDE,GELDANAMYCIN,SW620,-6.434764928,0,0
3542,CYCLOPHOSPHAMIDE,GELDANAMYCIN,SW837,-3.718968384,0,0
3543,CYCLOPHOSPHAMIDE,GELDANAMYCIN,T47D,-25.05944518,0,0
3544,CYCLOPHOSPHAMIDE,GELDANAMYCIN,UACC62,-13.0158698,0,0
3545,CYCLOPHOSPHAMIDE,GELDANAMYCIN,UWB1289,-8.10376924,0,0
3548,CYCLOPHOSPHAMIDE,GELDANAMYCIN,ZR751,-6.707725763,0,0
3557,CYCLOPHOSPHAMIDE,L778123,ES2,-0.24475622,3,0
3559,CYCLOPHOSPHAMIDE,L778123,HT144,-0.365139075,3,0
3561,CYCLOPHOSPHAMIDE,L778123,KPL1,-12.25271445,3,0
3563,CYCLOPHOSPHAMIDE,L778123,LOVO,-3.479588123,3,0
3566,CYCLOPHOSPHAMIDE,L778123,NCIH1650,-1.60077257,3,0
3569,CYCLOPHOSPHAMIDE,L778123,NCIH460,-1.217739434,3,0
3571,CYCLOPHOSPHAMIDE,L778123,OCUBM,16.44634076,3,1
3572,CYCLOPHOSPHAMIDE,L778123,OV90,12.58617962,3,1
3573,CYCLOPHOSPHAMIDE,L778123,OVCAR3,-34.66471219,3,0
3575,CYCLOPHOSPHAMIDE,L778123,RKO,14.69332401,3,1
3576,CYCLOPHOSPHAMIDE,L778123,RPMI7951,13.30949708,3,1
3577,CYCLOPHOSPHAMIDE,L778123,SKMEL30,11.04628035,3,1
3582,CYCLOPHOSPHAMIDE,L778123,T47D,-14.96860537,3,0
3583,CYCLOPHOSPHAMIDE,L778123,UACC62,13.30508152,3,1
3585,CYCLOPHOSPHAMIDE,L778123,UWB1289BRCA1,-3.77102016,3,0
3586,CYCLOPHOSPHAMIDE,L778123,VCAP,18.64252396,3,1
3587,CYCLOPHOSPHAMIDE,L778123,ZR751,-8.968554546,3,0
3588,CYCLOPHOSPHAMIDE,LAPATINIB,A2058,-2.779763458,4,0
3589,CYCLOPHOSPHAMIDE,LAPATINIB,A2780,-2.598652612,4,0
3590,CYCLOPHOSPHAMIDE,LAPATINIB,A375,-10.04213779,4,0
3591,CYCLOPHOSPHAMIDE,LAPATINIB,A427,-21.25150723,4,0
3592,CYCLOPHOSPHAMIDE,LAPATINIB,CAOV3,12.77636465,4,1
3594,CYCLOPHOSPHAMIDE,LAPATINIB,DLD1,-0.895732613,4,0
3595,CYCLOPHOSPHAMIDE,LAPATINIB,EFM192B,-4.696790911,4,0
3596,CYCLOPHOSPHAMIDE,LAPATINIB,ES2,-5.342947201,4,0
3597,CYCLOPHOSPHAMIDE,LAPATINIB,HCT116,-2.09761671,4,0
3598,CYCLOPHOSPHAMIDE,LAPATINIB,HT144,-12.54923127,4,0
3600,CYCLOPHOSPHAMIDE,LAPATINIB,KPL1,-7.465815843,4,0
3601,CYCLOPHOSPHAMIDE,LAPATINIB,LNCAP,-13.39055466,4,0
3602,CYCLOPHOSPHAMIDE,LAPATINIB,LOVO,-9.032689811,4,0
3604,CYCLOPHOSPHAMIDE,LAPATINIB,MSTO,-14.86962351,4,0
3605,CYCLOPHOSPHAMIDE,LAPATINIB,NCIH1650,-7.741116515,4,0
3606,CYCLOPHOSPHAMIDE,LAPATINIB,NCIH2122,-2.958369909,4,0
3607,CYCLOPHOSPHAMIDE,LAPATINIB,NCIH23,-2.369833365,4,0
3608,CYCLOPHOSPHAMIDE,LAPATINIB,NCIH460,-17.63280257,4,0
3609,CYCLOPHOSPHAMIDE,LAPATINIB,NCIH520,-0.515284269,4,0
3610,CYCLOPHOSPHAMIDE,LAPATINIB,OCUBM,-0.210308654,4,0
3611,CYCLOPHOSPHAMIDE,LAPATINIB,OV90,-12.78199443,4,0
3613,CYCLOPHOSPHAMIDE,LAPATINIB,PA1,-10.03576114,4,0
3614,CYCLOPHOSPHAMIDE,LAPATINIB,RKO,-8.700844881,4,0
3615,CYCLOPHOSPHAMIDE,LAPATINIB,RPMI7951,-9.272506953,4,0
3616,CYCLOPHOSPHAMIDE,LAPATINIB,SKMEL30,-12.4487957,4,0
3617,CYCLOPHOSPHAMIDE,LAPATINIB,SKMES1,-2.029502112,4,0
3618,CYCLOPHOSPHAMIDE,LAPATINIB,SKOV3,-3.813600599,4,0
3619,CYCLOPHOSPHAMIDE,LAPATINIB,SW620,-9.981856193,4,0
3621,CYCLOPHOSPHAMIDE,LAPATINIB,T47D,-5.980442242,4,0
3622,CYCLOPHOSPHAMIDE,LAPATINIB,UACC62,-16.42072751,4,0
3623,CYCLOPHOSPHAMIDE,LAPATINIB,UWB1289,24.09494867,4,1
3624,CYCLOPHOSPHAMIDE,LAPATINIB,UWB1289BRCA1,-2.097413551,4,0
3625,CYCLOPHOSPHAMIDE,LAPATINIB,VCAP,-4.82792384,4,0
3626,CYCLOPHOSPHAMIDE,LAPATINIB,ZR751,11.39772789,4,1
3627,CYCLOPHOSPHAMIDE,MK-2206,A2058,10.17270566,4,1
3629,CYCLOPHOSPHAMIDE,MK-2206,A375,11.1214466,4,1
3631,CYCLOPHOSPHAMIDE,MK-2206,CAOV3,23.47213243,4,1
3633,CYCLOPHOSPHAMIDE,MK-2206,DLD1,14.86183821,4,1
3635,CYCLOPHOSPHAMIDE,MK-2206,ES2,-0.63112687,4,0
3636,CYCLOPHOSPHAMIDE,MK-2206,HCT116,10.40647455,4,1
3637,CYCLOPHOSPHAMIDE,MK-2206,HT144,13.49372612,4,1
3638,CYCLOPHOSPHAMIDE,MK-2206,HT29,-0.319208457,4,0
3639,CYCLOPHOSPHAMIDE,MK-2206,KPL1,29.77514728,4,1
3640,CYCLOPHOSPHAMIDE,MK-2206,LNCAP,-115.3140291,4,0
3641,CYCLOPHOSPHAMIDE,MK-2206,LOVO,-11.15448584,4,0
3643,CYCLOPHOSPHAMIDE,MK-2206,MSTO,11.88256454,4,1
3650,CYCLOPHOSPHAMIDE,MK-2206,OV90,14.68176677,4,1
3652,CYCLOPHOSPHAMIDE,MK-2206,PA1,17.78702074,4,1
3653,CYCLOPHOSPHAMIDE,MK-2206,RKO,27.22991066,4,1
3655,CYCLOPHOSPHAMIDE,MK-2206,SKMEL30,13.74933436,4,1
3660,CYCLOPHOSPHAMIDE,MK-2206,T47D,37.41936164,4,1
3662,CYCLOPHOSPHAMIDE,MK-2206,UWB1289,-8.701963258,4,0
3664,CYCLOPHOSPHAMIDE,MK-2206,VCAP,10.91622234,4,1
3668,CYCLOPHOSPHAMIDE,MK-4827,A375,-1.328121222,3,0
3669,CYCLOPHOSPHAMIDE,MK-4827,A427,-10.7346263,3,0
3671,CYCLOPHOSPHAMIDE,MK-4827,COLO320DM,12.57401681,3,1
3673,CYCLOPHOSPHAMIDE,MK-4827,EFM192B,-0.371497883,3,0
3674,CYCLOPHOSPHAMIDE,MK-4827,ES2,-6.950321057,3,0
3676,CYCLOPHOSPHAMIDE,MK-4827,HT144,-0.399138895,3,0
3679,CYCLOPHOSPHAMIDE,MK-4827,LNCAP,-66.13421817,3,0
3680,CYCLOPHOSPHAMIDE,MK-4827,LOVO,-13.74195139,3,0
3682,CYCLOPHOSPHAMIDE,MK-4827,MSTO,-6.419720062,3,0
3684,CYCLOPHOSPHAMIDE,MK-4827,NCIH2122,10.54513171,3,1
3685,CYCLOPHOSPHAMIDE,MK-4827,NCIH23,-1.774150127,3,0
3686,CYCLOPHOSPHAMIDE,MK-4827,NCIH460,-1.091727406,3,0
3688,CYCLOPHOSPHAMIDE,MK-4827,OCUBM,18.942535,3,1
3690,CYCLOPHOSPHAMIDE,MK-4827,OVCAR3,22.96308721,3,1
3691,CYCLOPHOSPHAMIDE,MK-4827,PA1,-0.827278151,3,0
3693,CYCLOPHOSPHAMIDE,MK-4827,RPMI7951,-0.093818486,3,0
3694,CYCLOPHOSPHAMIDE,MK-4827,SKMEL30,-0.280705457,3,0
3698,CYCLOPHOSPHAMIDE,MK-4827,SW837,-17.67207508,3,0
3699,CYCLOPHOSPHAMIDE,MK-4827,T47D,-24.21855613,3,0
3700,CYCLOPHOSPHAMIDE,MK-4827,UACC62,-13.88910739,3,0
3704,CYCLOPHOSPHAMIDE,MK-4827,ZR751,16.26602007,3,1
3706,CYCLOPHOSPHAMIDE,MK-5108,A2780,-3.013528255,3,0
3707,CYCLOPHOSPHAMIDE,MK-5108,A375,14.29773779,3,1
3709,CYCLOPHOSPHAMIDE,MK-5108,CAOV3,11.70407524,3,1
3712,CYCLOPHOSPHAMIDE,MK-5108,EFM192B,17.45768081,3,1
3715,CYCLOPHOSPHAMIDE,MK-5108,HT144,10.43508064,3,1
3718,CYCLOPHOSPHAMIDE,MK-5108,LNCAP,-44.89482989,3,0
3719,CYCLOPHOSPHAMIDE,MK-5108,LOVO,-7.056699596,3,0
3725,CYCLOPHOSPHAMIDE,MK-5108,NCIH460,-5.895400138,3,0
3727,CYCLOPHOSPHAMIDE,MK-5108,OCUBM,21.12940866,3,1
3731,CYCLOPHOSPHAMIDE,MK-5108,RKO,29.25941015,3,1
3733,CYCLOPHOSPHAMIDE,MK-5108,SKMEL30,20.04232712,3,1
3735,CYCLOPHOSPHAMIDE,MK-5108,SKOV3,17.30979477,3,1
3737,CYCLOPHOSPHAMIDE,MK-5108,SW837,-0.863652702,3,0
3738,CYCLOPHOSPHAMIDE,MK-5108,T47D,22.07693933,3,1
3739,CYCLOPHOSPHAMIDE,MK-5108,UACC62,15.62004561,3,1
3740,CYCLOPHOSPHAMIDE,MK-5108,UWB1289,-11.10468402,3,0
3742,CYCLOPHOSPHAMIDE,MK-5108,VCAP,10.05525371,3,1
3744,CYCLOPHOSPHAMIDE,MK-8669,A2058,20.19732054,2,1
3746,CYCLOPHOSPHAMIDE,MK-8669,A375,17.94121432,2,1
3747,CYCLOPHOSPHAMIDE,MK-8669,A427,22.79309695,2,1
3748,CYCLOPHOSPHAMIDE,MK-8669,CAOV3,15.45762723,2,1
3750,CYCLOPHOSPHAMIDE,MK-8669,DLD1,11.24202693,2,1
3751,CYCLOPHOSPHAMIDE,MK-8669,EFM192B,56.14483561,2,1
3753,CYCLOPHOSPHAMIDE,MK-8669,HCT116,16.84286997,2,1
3754,CYCLOPHOSPHAMIDE,MK-8669,HT144,14.84866563,2,1
3756,CYCLOPHOSPHAMIDE,MK-8669,KPL1,45.36507029,2,1
3757,CYCLOPHOSPHAMIDE,MK-8669,LNCAP,-39.61912652,2,0
3761,CYCLOPHOSPHAMIDE,MK-8669,NCIH1650,21.77249105,2,1
3762,CYCLOPHOSPHAMIDE,MK-8669,NCIH2122,14.08773267,2,1
3764,CYCLOPHOSPHAMIDE,MK-8669,NCIH460,10.95191856,2,1
3765,CYCLOPHOSPHAMIDE,MK-8669,NCIH520,15.49758778,2,1
3766,CYCLOPHOSPHAMIDE,MK-8669,OCUBM,42.78787674,2,1
3767,CYCLOPHOSPHAMIDE,MK-8669,OV90,13.03210427,2,1
3769,CYCLOPHOSPHAMIDE,MK-8669,PA1,14.02334091,2,1
3770,CYCLOPHOSPHAMIDE,MK-8669,RKO,25.51276496,2,1
3771,CYCLOPHOSPHAMIDE,MK-8669,RPMI7951,18.24907334,2,1
3772,CYCLOPHOSPHAMIDE,MK-8669,SKMEL30,34.48879438,2,1
3773,CYCLOPHOSPHAMIDE,MK-8669,SKMES1,19.99834965,2,1
3774,CYCLOPHOSPHAMIDE,MK-8669,SKOV3,19.09200743,2,1
3776,CYCLOPHOSPHAMIDE,MK-8669,SW837,-2.190133483,2,0
3777,CYCLOPHOSPHAMIDE,MK-8669,T47D,24.59091498,2,1
3778,CYCLOPHOSPHAMIDE,MK-8669,UACC62,15.97502402,2,1
3779,CYCLOPHOSPHAMIDE,MK-8669,UWB1289,-9.673768534,2,0
3781,CYCLOPHOSPHAMIDE,MK-8669,VCAP,24.77674304,2,1
3782,CYCLOPHOSPHAMIDE,MK-8669,ZR751,13.90151315,2,1
3785,CYCLOPHOSPHAMIDE,MK-8776,A375,11.88780653,4,1
3786,CYCLOPHOSPHAMIDE,MK-8776,A427,-6.499720942,4,0
3787,CYCLOPHOSPHAMIDE,MK-8776,CAOV3,-2.213013335,4,0
3793,CYCLOPHOSPHAMIDE,MK-8776,HT144,11.41082125,4,1
3794,CYCLOPHOSPHAMIDE,MK-8776,HT29,-0.822583458,4,0
3795,CYCLOPHOSPHAMIDE,MK-8776,KPL1,-18.7208177,4,0
3796,CYCLOPHOSPHAMIDE,MK-8776,LNCAP,21.72912695,4,1
3798,CYCLOPHOSPHAMIDE,MK-8776,MDAMB436,-2.876242428,4,0
3799,CYCLOPHOSPHAMIDE,MK-8776,MSTO,-17.29457907,4,0
3800,CYCLOPHOSPHAMIDE,MK-8776,NCIH1650,-10.65970238,4,0
3801,CYCLOPHOSPHAMIDE,MK-8776,NCIH2122,-10.50085667,4,0
3802,CYCLOPHOSPHAMIDE,MK-8776,NCIH23,-8.207760148,4,0
3805,CYCLOPHOSPHAMIDE,MK-8776,OCUBM,18.94790987,4,1
3806,CYCLOPHOSPHAMIDE,MK-8776,OV90,10.05522761,4,1
3807,CYCLOPHOSPHAMIDE,MK-8776,OVCAR3,-0.683654859,4,0
3809,CYCLOPHOSPHAMIDE,MK-8776,RKO,10.07988182,4,1
3812,CYCLOPHOSPHAMIDE,MK-8776,SKMES1,-2.461228342,4,0
3813,CYCLOPHOSPHAMIDE,MK-8776,SKOV3,13.7160645,4,1
3815,CYCLOPHOSPHAMIDE,MK-8776,SW837,-21.49748875,4,0
3816,CYCLOPHOSPHAMIDE,MK-8776,T47D,-4.31321507,4,0
3817,CYCLOPHOSPHAMIDE,MK-8776,UACC62,10.79198192,4,1
3818,CYCLOPHOSPHAMIDE,MK-8776,UWB1289,-7.84170195,4,0
3819,CYCLOPHOSPHAMIDE,MK-8776,UWB1289BRCA1,-7.709930473,4,0
3820,CYCLOPHOSPHAMIDE,MK-8776,VCAP,10.13071851,4,1
3821,CYCLOPHOSPHAMIDE,MK-8776,ZR751,12.81724236,4,1
3822,CYCLOPHOSPHAMIDE,PD325901,A2058,-1.843010941,0,0
3823,CYCLOPHOSPHAMIDE,PD325901,A2780,-8.138271946,0,0
3824,CYCLOPHOSPHAMIDE,PD325901,A375,-2.150443052,0,0
3825,CYCLOPHOSPHAMIDE,PD325901,A427,-9.961044534,0,0
3826,CYCLOPHOSPHAMIDE,PD325901,CAOV3,31.65245495,0,1
3828,CYCLOPHOSPHAMIDE,PD325901,DLD1,-2.818802283,0,0
3829,CYCLOPHOSPHAMIDE,PD325901,EFM192B,-2.568152457,0,0
3830,CYCLOPHOSPHAMIDE,PD325901,ES2,-2.941958466,0,0
3832,CYCLOPHOSPHAMIDE,PD325901,HT144,-7.782678188,0,0
3834,CYCLOPHOSPHAMIDE,PD325901,KPL1,24.96305469,0,1
3835,CYCLOPHOSPHAMIDE,PD325901,LNCAP,11.33924275,0,1
3836,CYCLOPHOSPHAMIDE,PD325901,LOVO,-3.885033928,0,0
3837,CYCLOPHOSPHAMIDE,PD325901,MDAMB436,-5.376208327,0,0
3838,CYCLOPHOSPHAMIDE,PD325901,MSTO,-14.17603986,0,0
3839,CYCLOPHOSPHAMIDE,PD325901,NCIH1650,-4.553468606,0,0
3842,CYCLOPHOSPHAMIDE,PD325901,NCIH460,-3.465709085,0,0
3844,CYCLOPHOSPHAMIDE,PD325901,OCUBM,-6.316488557,0,0
3845,CYCLOPHOSPHAMIDE,PD325901,OV90,-12.2633658,0,0
3846,CYCLOPHOSPHAMIDE,PD325901,OVCAR3,11.14707058,0,1
3847,CYCLOPHOSPHAMIDE,PD325901,PA1,-5.88626363,0,0
3848,CYCLOPHOSPHAMIDE,PD325901,RKO,-0.263209169,0,0
3849,CYCLOPHOSPHAMIDE,PD325901,RPMI7951,-6.574925791,0,0
3850,CYCLOPHOSPHAMIDE,PD325901,SKMEL30,-3.572047578,0,0
3851,CYCLOPHOSPHAMIDE,PD325901,SKMES1,-9.715853787,0,0
3853,CYCLOPHOSPHAMIDE,PD325901,SW620,-4.081865322,0,0
3854,CYCLOPHOSPHAMIDE,PD325901,SW837,-0.182049361,0,0
3855,CYCLOPHOSPHAMIDE,PD325901,T47D,-54.33920079,0,0
3856,CYCLOPHOSPHAMIDE,PD325901,UACC62,-9.330093025,0,0
3857,CYCLOPHOSPHAMIDE,PD325901,UWB1289,13.50821852,0,1
3859,CYCLOPHOSPHAMIDE,PD325901,VCAP,10.42588205,0,1
3860,CYCLOPHOSPHAMIDE,PD325901,ZR751,10.75148733,0,1
3863,CYCLOPHOSPHAMIDE,SORAFENIB,A375,13.83847818,1,1
3867,CYCLOPHOSPHAMIDE,SORAFENIB,DLD1,16.34054437,1,1
3870,CYCLOPHOSPHAMIDE,SORAFENIB,HCT116,10.86632492,1,1
3873,CYCLOPHOSPHAMIDE,SORAFENIB,KPL1,-0.771353371,1,0
3874,CYCLOPHOSPHAMIDE,SORAFENIB,LNCAP,-65.35527541,1,0
3875,CYCLOPHOSPHAMIDE,SORAFENIB,LOVO,-3.301070463,1,0
3877,CYCLOPHOSPHAMIDE,SORAFENIB,MSTO,-10.82105449,1,0
3882,CYCLOPHOSPHAMIDE,SORAFENIB,NCIH520,11.90323897,1,1
3885,CYCLOPHOSPHAMIDE,SORAFENIB,OVCAR3,-10.72593316,1,0
3888,CYCLOPHOSPHAMIDE,SORAFENIB,RPMI7951,-0.163227251,1,0
3890,CYCLOPHOSPHAMIDE,SORAFENIB,SKMES1,14.64098368,1,1
3891,CYCLOPHOSPHAMIDE,SORAFENIB,SKOV3,15.47031612,1,1
3893,CYCLOPHOSPHAMIDE,SORAFENIB,SW837,-0.966645188,1,0
3894,CYCLOPHOSPHAMIDE,SORAFENIB,T47D,-0.357384795,1,0
3895,CYCLOPHOSPHAMIDE,SORAFENIB,UACC62,-13.19055662,1,0
3899,CYCLOPHOSPHAMIDE,SORAFENIB,ZR751,-15.28187565,1,0
3905,CYCLOPHOSPHAMIDE,SUNITINIB,COLO320DM,12.08028626,2,1
3906,CYCLOPHOSPHAMIDE,SUNITINIB,DLD1,10.38730426,2,1
3910,CYCLOPHOSPHAMIDE,SUNITINIB,HT144,-0.235016091,2,0
3913,CYCLOPHOSPHAMIDE,SUNITINIB,LNCAP,-14.56500887,2,0
3918,CYCLOPHOSPHAMIDE,SUNITINIB,NCIH2122,11.84407932,2,1
3921,CYCLOPHOSPHAMIDE,SUNITINIB,NCIH520,12.61371814,2,1
3924,CYCLOPHOSPHAMIDE,SUNITINIB,OVCAR3,10.33233948,2,1
3927,CYCLOPHOSPHAMIDE,SUNITINIB,RPMI7951,-2.108767604,2,0
3930,CYCLOPHOSPHAMIDE,SUNITINIB,SKOV3,10.09492746,2,1
3932,CYCLOPHOSPHAMIDE,SUNITINIB,SW837,-1.079094363,2,0
3937,CYCLOPHOSPHAMIDE,SUNITINIB,VCAP,14.45936355,2,1
3938,CYCLOPHOSPHAMIDE,SUNITINIB,ZR751,-0.33504268,2,0
3939,CYCLOPHOSPHAMIDE,TEMOZOLOMIDE,A2058,18.07842823,3,1
3941,CYCLOPHOSPHAMIDE,TEMOZOLOMIDE,A375,12.08365836,3,1
3942,CYCLOPHOSPHAMIDE,TEMOZOLOMIDE,A427,-4.56088079,3,0
3943,CYCLOPHOSPHAMIDE,TEMOZOLOMIDE,CAOV3,-51.85738786,3,0
3944,CYCLOPHOSPHAMIDE,TEMOZOLOMIDE,COLO320DM,-4.644369821,3,0
3945,CYCLOPHOSPHAMIDE,TEMOZOLOMIDE,DLD1,-1.720242364,3,0
3946,CYCLOPHOSPHAMIDE,TEMOZOLOMIDE,EFM192B,-5.333431839,3,0
3950,CYCLOPHOSPHAMIDE,TEMOZOLOMIDE,HT29,-3.243736628,3,0
3951,CYCLOPHOSPHAMIDE,TEMOZOLOMIDE,KPL1,-28.1622482,3,0
3952,CYCLOPHOSPHAMIDE,TEMOZOLOMIDE,LNCAP,18.55394125,3,1
3953,CYCLOPHOSPHAMIDE,TEMOZOLOMIDE,LOVO,-0.019538333,3,0
3954,CYCLOPHOSPHAMIDE,TEMOZOLOMIDE,MDAMB436,-4.157453798,3,0
3955,CYCLOPHOSPHAMIDE,TEMOZOLOMIDE,MSTO,13.10281435,3,1
3956,CYCLOPHOSPHAMIDE,TEMOZOLOMIDE,NCIH1650,-27.4583989,3,0
3957,CYCLOPHOSPHAMIDE,TEMOZOLOMIDE,NCIH2122,-0.678274129,3,0
3958,CYCLOPHOSPHAMIDE,TEMOZOLOMIDE,NCIH23,-7.478013592,3,0
3959,CYCLOPHOSPHAMIDE,TEMOZOLOMIDE,NCIH460,16.29101153,3,1
3962,CYCLOPHOSPHAMIDE,TEMOZOLOMIDE,OV90,11.98314798,3,1
3963,CYCLOPHOSPHAMIDE,TEMOZOLOMIDE,OVCAR3,-10.42570876,3,0
3965,CYCLOPHOSPHAMIDE,TEMOZOLOMIDE,RKO,17.5033329,3,1
3967,CYCLOPHOSPHAMIDE,TEMOZOLOMIDE,SKMEL30,10.10122344,3,1
3968,CYCLOPHOSPHAMIDE,TEMOZOLOMIDE,SKMES1,12.79935007,3,1
3969,CYCLOPHOSPHAMIDE,TEMOZOLOMIDE,SKOV3,-8.112207789,3,0
3971,CYCLOPHOSPHAMIDE,TEMOZOLOMIDE,SW837,-37.77038905,3,0
3972,CYCLOPHOSPHAMIDE,TEMOZOLOMIDE,T47D,-47.74951594,3,0
3973,CYCLOPHOSPHAMIDE,TEMOZOLOMIDE,UACC62,17.75268656,3,1
3974,CYCLOPHOSPHAMIDE,TEMOZOLOMIDE,UWB1289,-6.443272985,3,0
3976,CYCLOPHOSPHAMIDE,TEMOZOLOMIDE,VCAP,-7.789094289,3,0
3980,CYCLOPHOSPHAMIDE,ZOLINZA,A375,11.13272473,3,1
3981,CYCLOPHOSPHAMIDE,ZOLINZA,A427,-9.913540803,3,0
3982,CYCLOPHOSPHAMIDE,ZOLINZA,CAOV3,32.89813653,3,1
3983,CYCLOPHOSPHAMIDE,ZOLINZA,COLO320DM,14.1405514,3,1
3985,CYCLOPHOSPHAMIDE,ZOLINZA,EFM192B,21.49808747,3,1
3986,CYCLOPHOSPHAMIDE,ZOLINZA,ES2,10.01716375,3,1
3989,CYCLOPHOSPHAMIDE,ZOLINZA,HT29,12.06889227,3,1
3990,CYCLOPHOSPHAMIDE,ZOLINZA,KPL1,18.59006085,3,1
3991,CYCLOPHOSPHAMIDE,ZOLINZA,LNCAP,-23.05236163,3,0
3994,CYCLOPHOSPHAMIDE,ZOLINZA,MSTO,10.37273617,3,1
3996,CYCLOPHOSPHAMIDE,ZOLINZA,NCIH2122,13.47510988,3,1
3999,CYCLOPHOSPHAMIDE,ZOLINZA,NCIH520,12.44234718,3,1
4001,CYCLOPHOSPHAMIDE,ZOLINZA,OV90,14.76453825,3,1
4002,CYCLOPHOSPHAMIDE,ZOLINZA,OVCAR3,28.96811301,3,1
4003,CYCLOPHOSPHAMIDE,ZOLINZA,PA1,10.51264309,3,1
4004,CYCLOPHOSPHAMIDE,ZOLINZA,RKO,23.6328811,3,1
4005,CYCLOPHOSPHAMIDE,ZOLINZA,RPMI7951,16.31845592,3,1
4006,CYCLOPHOSPHAMIDE,ZOLINZA,SKMEL30,15.35866297,3,1
4007,CYCLOPHOSPHAMIDE,ZOLINZA,SKMES1,18.46247209,3,1
4008,CYCLOPHOSPHAMIDE,ZOLINZA,SKOV3,21.66839674,3,1
4011,CYCLOPHOSPHAMIDE,ZOLINZA,T47D,36.96806046,3,1
4013,CYCLOPHOSPHAMIDE,ZOLINZA,UWB1289,-4.604383128,3,0
4015,CYCLOPHOSPHAMIDE,ZOLINZA,VCAP,30.69582424,3,1
4016,CYCLOPHOSPHAMIDE,ZOLINZA,ZR751,33.64181551,3,1
4017,DASATINIB,ABT-888,A2058,15.35258512,0,1
4018,DASATINIB,ABT-888,A2780,40.28481032,0,1
4020,DASATINIB,ABT-888,A427,27.52645663,0,1
4022,DASATINIB,ABT-888,COLO320DM,10.68596116,0,1
4024,DASATINIB,ABT-888,EFM192B,38.97848322,0,1
4026,DASATINIB,ABT-888,HCT116,-20.07587466,0,0
4027,DASATINIB,ABT-888,HT144,-15.59125746,0,0
4031,DASATINIB,ABT-888,LOVO,28.27503441,0,1
4032,DASATINIB,ABT-888,MDAMB436,13.65420466,0,1
4033,DASATINIB,ABT-888,MSTO,95.96490103,0,1
4034,DASATINIB,ABT-888,NCIH1650,25.04861151,0,1
4035,DASATINIB,ABT-888,NCIH2122,-46.36721793,0,0
4038,DASATINIB,ABT-888,NCIH520,21.68497258,0,1
4039,DASATINIB,ABT-888,OCUBM,-0.9232923,0,0
4041,DASATINIB,ABT-888,OVCAR3,56.54903337,0,1
4043,DASATINIB,ABT-888,RKO,-11.54700146,0,0
4045,DASATINIB,ABT-888,SKMEL30,-27.18860154,0,0
4048,DASATINIB,ABT-888,SW620,13.2083184,0,1
4049,DASATINIB,ABT-888,SW837,18.16777546,0,1
4050,DASATINIB,ABT-888,T47D,-14.32665176,0,0
4051,DASATINIB,ABT-888,UACC62,10.35648705,0,1
4055,DASATINIB,ABT-888,ZR751,-15.68714113,0,0
4056,DASATINIB,BEZ-235,A2058,70.18047839,4,1
4057,DASATINIB,BEZ-235,A2780,70.18079056,4,1
4058,DASATINIB,BEZ-235,A375,64.92870443,4,1
4059,DASATINIB,BEZ-235,A427,73.63375761,4,1
4060,DASATINIB,BEZ-235,CAOV3,42.77143229,4,1
4061,DASATINIB,BEZ-235,COLO320DM,28.41777078,4,1
4062,DASATINIB,BEZ-235,DLD1,46.99172077,4,1
4063,DASATINIB,BEZ-235,EFM192B,59.40809968,4,1
4064,DASATINIB,BEZ-235,ES2,23.31449703,4,1
4065,DASATINIB,BEZ-235,HCT116,56.53418947,4,1
4066,DASATINIB,BEZ-235,HT144,17.9037148,4,1
4067,DASATINIB,BEZ-235,HT29,38.47714415,4,1
4068,DASATINIB,BEZ-235,KPL1,36.77448459,4,1
4069,DASATINIB,BEZ-235,LNCAP,106.5608575,4,1
4070,DASATINIB,BEZ-235,LOVO,49.58537842,4,1
4071,DASATINIB,BEZ-235,MDAMB436,47.9805984,4,1
4072,DASATINIB,BEZ-235,MSTO,65.61774831,4,1
4073,DASATINIB,BEZ-235,NCIH1650,63.5705615,4,1
4075,DASATINIB,BEZ-235,NCIH23,58.28804452,4,1
4076,DASATINIB,BEZ-235,NCIH460,80.69566922,4,1
4077,DASATINIB,BEZ-235,NCIH520,60.14042907,4,1
4078,DASATINIB,BEZ-235,OCUBM,34.59425843,4,1
4079,DASATINIB,BEZ-235,OV90,46.79932479,4,1
4080,DASATINIB,BEZ-235,OVCAR3,89.80020459,4,1
4081,DASATINIB,BEZ-235,PA1,33.93629876,4,1
4082,DASATINIB,BEZ-235,RKO,34.95048098,4,1
4083,DASATINIB,BEZ-235,RPMI7951,39.40212291,4,1
4084,DASATINIB,BEZ-235,SKMEL30,34.11083944,4,1
4085,DASATINIB,BEZ-235,SKMES1,36.13155243,4,1
4086,DASATINIB,BEZ-235,SKOV3,40.89812387,4,1
4087,DASATINIB,BEZ-235,SW620,59.52088474,4,1
4088,DASATINIB,BEZ-235,SW837,82.68758365,4,1
4089,DASATINIB,BEZ-235,T47D,169.7166583,4,1
4090,DASATINIB,BEZ-235,UACC62,38.85407314,4,1
4091,DASATINIB,BEZ-235,UWB1289,20.01893147,4,1
4092,DASATINIB,BEZ-235,UWB1289BRCA1,26.25431568,4,1
4093,DASATINIB,BEZ-235,VCAP,47.2309885,4,1
4094,DASATINIB,BEZ-235,ZR751,21.54838325,4,1
4095,DASATINIB,DINACICLIB,A2058,48.91716359,2,1
4096,DASATINIB,DINACICLIB,A2780,29.1960155,2,1
4098,DASATINIB,DINACICLIB,A427,16.96424137,2,1
4099,DASATINIB,DINACICLIB,CAOV3,11.57145828,2,1
4100,DASATINIB,DINACICLIB,COLO320DM,12.26407015,2,1
4101,DASATINIB,DINACICLIB,DLD1,22.29490211,2,1
4102,DASATINIB,DINACICLIB,EFM192B,47.24556346,2,1
4104,DASATINIB,DINACICLIB,HCT116,-0.310984996,2,0
4106,DASATINIB,DINACICLIB,HT29,12.98286966,2,1
4107,DASATINIB,DINACICLIB,KPL1,17.21750571,2,1
4108,DASATINIB,DINACICLIB,LNCAP,58.06515215,2,1
4109,DASATINIB,DINACICLIB,LOVO,19.80814648,2,1
4110,DASATINIB,DINACICLIB,MDAMB436,13.46896436,2,1
4111,DASATINIB,DINACICLIB,MSTO,57.13086584,2,1
4112,DASATINIB,DINACICLIB,NCIH1650,24.00002691,2,1
4113,DASATINIB,DINACICLIB,NCIH2122,-22.61659214,2,0
4114,DASATINIB,DINACICLIB,NCIH23,33.30649066,2,1
4115,DASATINIB,DINACICLIB,NCIH460,27.535057,2,1
4116,DASATINIB,DINACICLIB,NCIH520,26.29311455,2,1
4117,DASATINIB,DINACICLIB,OCUBM,25.73707287,2,1
4119,DASATINIB,DINACICLIB,OVCAR3,59.9755103,2,1
4121,DASATINIB,DINACICLIB,RKO,19.44389057,2,1
4122,DASATINIB,DINACICLIB,RPMI7951,13.69398915,2,1
4124,DASATINIB,DINACICLIB,SKMES1,-0.393732274,2,0
4125,DASATINIB,DINACICLIB,SKOV3,-12.88273056,2,0
4126,DASATINIB,DINACICLIB,SW620,19.82823812,2,1
4127,DASATINIB,DINACICLIB,SW837,14.25939175,2,1
4128,DASATINIB,DINACICLIB,T47D,11.69323841,2,1
4129,DASATINIB,DINACICLIB,UACC62,30.660164,2,1
4130,DASATINIB,DINACICLIB,UWB1289,-1.957601948,2,0
4132,DASATINIB,DINACICLIB,VCAP,29.79198375,2,1
4133,DASATINIB,DINACICLIB,ZR751,-17.04907589,2,0
4134,DASATINIB,GELDANAMYCIN,A2058,-6.112381722,4,0
4135,DASATINIB,GELDANAMYCIN,A2780,36.06922119,4,1
4136,DASATINIB,GELDANAMYCIN,A375,47.07251276,4,1
4137,DASATINIB,GELDANAMYCIN,A427,28.00451112,4,1
4138,DASATINIB,GELDANAMYCIN,CAOV3,-24.22489573,4,0
4139,DASATINIB,GELDANAMYCIN,COLO320DM,-3.683023071,4,0
4140,DASATINIB,GELDANAMYCIN,DLD1,21.24725352,4,1
4141,DASATINIB,GELDANAMYCIN,EFM192B,44.96408811,4,1
4142,DASATINIB,GELDANAMYCIN,ES2,-5.742383223,4,0
4143,DASATINIB,GELDANAMYCIN,HCT116,32.12280936,4,1
4144,DASATINIB,GELDANAMYCIN,HT144,-55.13889756,4,0
4145,DASATINIB,GELDANAMYCIN,HT29,31.18587051,4,1
4146,DASATINIB,GELDANAMYCIN,KPL1,17.99809044,4,1
4147,DASATINIB,GELDANAMYCIN,LNCAP,65.54190601,4,1
4148,DASATINIB,GELDANAMYCIN,LOVO,28.70070653,4,1
4149,DASATINIB,GELDANAMYCIN,MDAMB436,20.09410803,4,1
4150,DASATINIB,GELDANAMYCIN,MSTO,90.46363381,4,1
4151,DASATINIB,GELDANAMYCIN,NCIH1650,52.49632011,4,1
4152,DASATINIB,GELDANAMYCIN,NCIH2122,-5.772702014,4,0
4153,DASATINIB,GELDANAMYCIN,NCIH23,33.69553393,4,1
4155,DASATINIB,GELDANAMYCIN,NCIH520,17.95904541,4,1
4157,DASATINIB,GELDANAMYCIN,OV90,22.66802548,4,1
4158,DASATINIB,GELDANAMYCIN,OVCAR3,32.7740719,4,1
4161,DASATINIB,GELDANAMYCIN,RPMI7951,13.04843063,4,1
4162,DASATINIB,GELDANAMYCIN,SKMEL30,-22.05733284,4,0
4163,DASATINIB,GELDANAMYCIN,SKMES1,32.96730514,4,1
4165,DASATINIB,GELDANAMYCIN,SW620,10.25660572,4,1
4166,DASATINIB,GELDANAMYCIN,SW837,31.32391017,4,1
4167,DASATINIB,GELDANAMYCIN,T47D,-1.787261036,4,0
4168,DASATINIB,GELDANAMYCIN,UACC62,-19.75905096,4,0
4169,DASATINIB,GELDANAMYCIN,UWB1289,-11.91698228,4,0
4170,DASATINIB,GELDANAMYCIN,UWB1289BRCA1,-23.44695444,4,0
4171,DASATINIB,GELDANAMYCIN,VCAP,13.36458486,4,1
4172,DASATINIB,GELDANAMYCIN,ZR751,-23.64692556,4,0
4173,DASATINIB,MK-8669,A2058,84.44534771,4,1
4174,DASATINIB,MK-8669,A2780,98.67657525,4,1
4175,DASATINIB,MK-8669,A375,59.73889523,4,1
4176,DASATINIB,MK-8669,A427,48.60369186,4,1
4177,DASATINIB,MK-8669,CAOV3,27.53716438,4,1
4179,DASATINIB,MK-8669,DLD1,37.92892963,4,1
4180,DASATINIB,MK-8669,EFM192B,51.97721788,4,1
4181,DASATINIB,MK-8669,ES2,35.70094507,4,1
4182,DASATINIB,MK-8669,HCT116,-18.70635478,4,0
4183,DASATINIB,MK-8669,HT144,-11.91084118,4,0
4184,DASATINIB,MK-8669,HT29,58.36220417,4,1
4185,DASATINIB,MK-8669,KPL1,50.60157143,4,1
4186,DASATINIB,MK-8669,LNCAP,13.4115522,4,1
4187,DASATINIB,MK-8669,LOVO,56.92641316,4,1
4188,DASATINIB,MK-8669,MDAMB436,47.52944836,4,1
4189,DASATINIB,MK-8669,MSTO,113.1061478,4,1
4190,DASATINIB,MK-8669,NCIH1650,44.66867203,4,1
4191,DASATINIB,MK-8669,NCIH2122,-40.14701598,4,0
4192,DASATINIB,MK-8669,NCIH23,56.75221701,4,1
4193,DASATINIB,MK-8669,NCIH460,39.81920777,4,1
4194,DASATINIB,MK-8669,NCIH520,73.28046519,4,1
4195,DASATINIB,MK-8669,OCUBM,28.2133969,4,1
4196,DASATINIB,MK-8669,OV90,54.93310811,4,1
4197,DASATINIB,MK-8669,OVCAR3,75.92298423,4,1
4198,DASATINIB,MK-8669,PA1,-7.457147151,4,0
4199,DASATINIB,MK-8669,RKO,58.27169161,4,1
4200,DASATINIB,MK-8669,RPMI7951,54.7248702,4,1
4201,DASATINIB,MK-8669,SKMEL30,19.68272563,4,1
4203,DASATINIB,MK-8669,SKOV3,28.79742156,4,1
4204,DASATINIB,MK-8669,SW620,45.55292089,4,1
4205,DASATINIB,MK-8669,SW837,51.55723616,4,1
4206,DASATINIB,MK-8669,T47D,54.01528824,4,1
4207,DASATINIB,MK-8669,UACC62,21.4208594,4,1
4209,DASATINIB,MK-8669,UWB1289BRCA1,-2.761816345,4,0
4210,DASATINIB,MK-8669,VCAP,52.51983895,4,1
4211,DASATINIB,MK-8669,ZR751,16.76116526,4,1
4212,DASATINIB,MK-8776,A2058,56.6710871,1,1
4213,DASATINIB,MK-8776,A2780,69.69484662,1,1
4214,DASATINIB,MK-8776,A375,106.2906404,1,1
4215,DASATINIB,MK-8776,A427,78.39036702,1,1
4216,DASATINIB,MK-8776,CAOV3,34.99629326,1,1
4218,DASATINIB,MK-8776,DLD1,24.00714621,1,1
4219,DASATINIB,MK-8776,EFM192B,55.50004582,1,1
4220,DASATINIB,MK-8776,ES2,12.24120805,1,1
4221,DASATINIB,MK-8776,HCT116,20.62912689,1,1
4222,DASATINIB,MK-8776,HT144,19.98283896,1,1
4223,DASATINIB,MK-8776,HT29,46.89219019,1,1
4224,DASATINIB,MK-8776,KPL1,38.42459009,1,1
4225,DASATINIB,MK-8776,LNCAP,36.67144953,1,1
4226,DASATINIB,MK-8776,LOVO,39.55692693,1,1
4227,DASATINIB,MK-8776,MDAMB436,32.80019709,1,1
4228,DASATINIB,MK-8776,MSTO,81.67940849,1,1
4229,DASATINIB,MK-8776,NCIH1650,42.61535213,1,1
4230,DASATINIB,MK-8776,NCIH2122,-35.7604814,1,0
4231,DASATINIB,MK-8776,NCIH23,47.52933073,1,1
4232,DASATINIB,MK-8776,NCIH460,43.00839655,1,1
4233,DASATINIB,MK-8776,NCIH520,57.29755945,1,1
4234,DASATINIB,MK-8776,OCUBM,40.09040906,1,1
4235,DASATINIB,MK-8776,OV90,28.56021067,1,1
4236,DASATINIB,MK-8776,OVCAR3,74.00840623,1,1
4237,DASATINIB,MK-8776,PA1,32.51850586,1,1
4238,DASATINIB,MK-8776,RKO,45.41291221,1,1
4239,DASATINIB,MK-8776,RPMI7951,17.16890024,1,1
4240,DASATINIB,MK-8776,SKMEL30,13.0786956,1,1
4242,DASATINIB,MK-8776,SKOV3,19.03763516,1,1
4243,DASATINIB,MK-8776,SW620,54.12601608,1,1
4244,DASATINIB,MK-8776,SW837,29.75058346,1,1
4246,DASATINIB,MK-8776,UACC62,38.13487615,1,1
4247,DASATINIB,MK-8776,UWB1289,-9.536377617,1,0
4248,DASATINIB,MK-8776,UWB1289BRCA1,-24.06333589,1,0
4249,DASATINIB,MK-8776,VCAP,34.84155261,1,1
4250,DASATINIB,MK-8776,ZR751,20.4821506,1,1
4251,DASATINIB,OXALIPLATIN,A2058,25.67289473,1,1
4253,DASATINIB,OXALIPLATIN,A375,-13.40345779,1,0
4254,DASATINIB,OXALIPLATIN,A427,14.31084298,1,1
4256,DASATINIB,OXALIPLATIN,COLO320DM,-8.133914307,1,0
4257,DASATINIB,OXALIPLATIN,DLD1,-11.93451369,1,0
4259,DASATINIB,OXALIPLATIN,ES2,-24.89503753,1,0
4260,DASATINIB,OXALIPLATIN,HCT116,-25.15967665,1,0
4261,DASATINIB,OXALIPLATIN,HT144,-60.76404898,1,0
4262,DASATINIB,OXALIPLATIN,HT29,11.82340176,1,1
4263,DASATINIB,OXALIPLATIN,KPL1,-3.179126891,1,0
4265,DASATINIB,OXALIPLATIN,LOVO,15.85828692,1,1
4266,DASATINIB,OXALIPLATIN,MDAMB436,-17.06662765,1,0
4267,DASATINIB,OXALIPLATIN,MSTO,43.90040463,1,1
4268,DASATINIB,OXALIPLATIN,NCIH1650,22.16333516,1,1
4269,DASATINIB,OXALIPLATIN,NCIH2122,-61.8275678,1,0
4270,DASATINIB,OXALIPLATIN,NCIH23,-23.76712751,1,0
4271,DASATINIB,OXALIPLATIN,NCIH460,-30.16387668,1,0
4272,DASATINIB,OXALIPLATIN,NCIH520,19.11809735,1,1
4273,DASATINIB,OXALIPLATIN,OCUBM,-3.198507049,1,0
4274,DASATINIB,OXALIPLATIN,OV90,-23.48921597,1,0
4275,DASATINIB,OXALIPLATIN,OVCAR3,49.51983657,1,1
4276,DASATINIB,OXALIPLATIN,PA1,20.44026648,1,1
4277,DASATINIB,OXALIPLATIN,RKO,-4.436224008,1,0
4278,DASATINIB,OXALIPLATIN,RPMI7951,-4.231082651,1,0
4279,DASATINIB,OXALIPLATIN,SKMEL30,-14.07237812,1,0
4280,DASATINIB,OXALIPLATIN,SKMES1,-2.611678336,1,0
4282,DASATINIB,OXALIPLATIN,SW620,10.97142013,1,1
4283,DASATINIB,OXALIPLATIN,SW837,11.15437759,1,1
4284,DASATINIB,OXALIPLATIN,T47D,-16.1681578,1,0
4285,DASATINIB,OXALIPLATIN,UACC62,-24.48169264,1,0
4287,DASATINIB,OXALIPLATIN,UWB1289BRCA1,-2.883528444,1,0
4288,DASATINIB,OXALIPLATIN,VCAP,-12.69564219,1,0
4290,DASATINIB,SN-38,A2058,34.01496226,4,1
4291,DASATINIB,SN-38,A2780,74.36260912,4,1
4292,DASATINIB,SN-38,A375,29.77397006,4,1
4293,DASATINIB,SN-38,A427,28.19546154,4,1
4294,DASATINIB,SN-38,CAOV3,20.1197885,4,1
4296,DASATINIB,SN-38,DLD1,18.84633688,4,1
4297,DASATINIB,SN-38,EFM192B,20.11290907,4,1
4298,DASATINIB,SN-38,ES2,11.76388701,4,1
4300,DASATINIB,SN-38,HT144,-8.464701365,4,0
4301,DASATINIB,SN-38,HT29,24.58091737,4,1
4302,DASATINIB,SN-38,KPL1,20.6107762,4,1
4303,DASATINIB,SN-38,LNCAP,-11.84251921,4,0
4304,DASATINIB,SN-38,LOVO,39.68598911,4,1
4305,DASATINIB,SN-38,MDAMB436,28.8025396,4,1
4306,DASATINIB,SN-38,MSTO,89.08812266,4,1
4307,DASATINIB,SN-38,NCIH1650,35.80399235,4,1
4308,DASATINIB,SN-38,NCIH2122,-29.04323059,4,0
4309,DASATINIB,SN-38,NCIH23,19.50797808,4,1
4310,DASATINIB,SN-38,NCIH460,27.16015807,4,1
4311,DASATINIB,SN-38,NCIH520,47.29077303,4,1
4314,DASATINIB,SN-38,OVCAR3,94.66059386,4,1
4315,DASATINIB,SN-38,PA1,35.56567163,4,1
4316,DASATINIB,SN-38,RKO,21.31191706,4,1
4317,DASATINIB,SN-38,RPMI7951,16.81349501,4,1
4318,DASATINIB,SN-38,SKMEL30,-11.11532941,4,0
4321,DASATINIB,SN-38,SW620,30.3963556,4,1
4322,DASATINIB,SN-38,SW837,36.39944491,4,1
4323,DASATINIB,SN-38,T47D,40.41995678,4,1
4324,DASATINIB,SN-38,UACC62,26.88806903,4,1
4325,DASATINIB,SN-38,UWB1289,16.91174489,4,1
4326,DASATINIB,SN-38,UWB1289BRCA1,16.92828148,4,1
4327,DASATINIB,SN-38,VCAP,31.3949814,4,1
4328,DASATINIB,SN-38,ZR751,-4.675033726,4,0
4329,DASATINIB,SORAFENIB,A2058,36.32943556,3,1
4330,DASATINIB,SORAFENIB,A2780,26.18215744,3,1
4331,DASATINIB,SORAFENIB,A375,29.90385252,3,1
4332,DASATINIB,SORAFENIB,A427,27.85304007,3,1
4335,DASATINIB,SORAFENIB,DLD1,21.48646989,3,1
4336,DASATINIB,SORAFENIB,EFM192B,23.45173641,3,1
4337,DASATINIB,SORAFENIB,ES2,14.07460185,3,1
4338,DASATINIB,SORAFENIB,HCT116,29.67690976,3,1
4340,DASATINIB,SORAFENIB,HT29,22.03209424,3,1
4343,DASATINIB,SORAFENIB,LOVO,12.2339626,3,1
4344,DASATINIB,SORAFENIB,MDAMB436,14.23573511,3,1
4345,DASATINIB,SORAFENIB,MSTO,-17.64735276,3,0
4346,DASATINIB,SORAFENIB,NCIH1650,23.69402051,3,1
4348,DASATINIB,SORAFENIB,NCIH23,25.37151937,3,1
4349,DASATINIB,SORAFENIB,NCIH460,24.97815028,3,1
4350,DASATINIB,SORAFENIB,NCIH520,30.51259643,3,1
4351,DASATINIB,SORAFENIB,OCUBM,10.34465066,3,1
4352,DASATINIB,SORAFENIB,OV90,14.91350902,3,1
4353,DASATINIB,SORAFENIB,OVCAR3,25.28816435,3,1
4354,DASATINIB,SORAFENIB,PA1,17.10738224,3,1
4355,DASATINIB,SORAFENIB,RKO,18.20950604,3,1
4357,DASATINIB,SORAFENIB,SKMEL30,-17.45443374,3,0
4358,DASATINIB,SORAFENIB,SKMES1,-5.190580664,3,0
4359,DASATINIB,SORAFENIB,SKOV3,10.28052449,3,1
4360,DASATINIB,SORAFENIB,SW620,26.67138283,3,1
4361,DASATINIB,SORAFENIB,SW837,15.64219662,3,1
4363,DASATINIB,SORAFENIB,UACC62,12.66914528,3,1
4366,DASATINIB,SORAFENIB,VCAP,11.41058659,3,1
4367,DASATINIB,SORAFENIB,ZR751,21.34933153,3,1
4369,DASATINIB,TOPOTECAN,A2780,33.44677757,1,1
4370,DASATINIB,TOPOTECAN,A375,-2.776096294,1,0
4371,DASATINIB,TOPOTECAN,A427,57.6444937,1,1
4372,DASATINIB,TOPOTECAN,CAOV3,11.10789014,1,1
4373,DASATINIB,TOPOTECAN,COLO320DM,-1.015883923,1,0
4374,DASATINIB,TOPOTECAN,DLD1,-0.419867823,1,0
4375,DASATINIB,TOPOTECAN,EFM192B,-0.799896301,1,0
4376,DASATINIB,TOPOTECAN,ES2,-15.04850207,1,0
4378,DASATINIB,TOPOTECAN,HT144,-31.7610064,1,0
4380,DASATINIB,TOPOTECAN,KPL1,24.71368371,1,1
4382,DASATINIB,TOPOTECAN,LOVO,27.20024806,1,1
4383,DASATINIB,TOPOTECAN,MDAMB436,-1.463668701,1,0
4384,DASATINIB,TOPOTECAN,MSTO,35.84331315,1,1
4385,DASATINIB,TOPOTECAN,NCIH1650,29.11731102,1,1
4386,DASATINIB,TOPOTECAN,NCIH2122,-29.80506527,1,0
4387,DASATINIB,TOPOTECAN,NCIH23,-14.48832753,1,0
4388,DASATINIB,TOPOTECAN,NCIH460,-27.42383273,1,0
4389,DASATINIB,TOPOTECAN,NCIH520,62.19001366,1,1
4392,DASATINIB,TOPOTECAN,OVCAR3,58.23643741,1,1
4394,DASATINIB,TOPOTECAN,RKO,19.98524841,1,1
4396,DASATINIB,TOPOTECAN,SKMEL30,-18.64284517,1,0
4397,DASATINIB,TOPOTECAN,SKMES1,-19.58670156,1,0
4399,DASATINIB,TOPOTECAN,SW620,51.34207805,1,1
4400,DASATINIB,TOPOTECAN,SW837,22.827985,1,1
4402,DASATINIB,TOPOTECAN,UACC62,-13.96532217,1,0
4406,DASATINIB,TOPOTECAN,ZR751,-0.046731686,1,0
4407,DEXAMETHASONE,ABT-888,A2058,-14.70238461,2,0
4409,DEXAMETHASONE,ABT-888,A375,-0.525281681,2,0
4410,DEXAMETHASONE,ABT-888,A427,-10.60987778,2,0
4411,DEXAMETHASONE,ABT-888,CAOV3,-0.872017414,2,0
4414,DEXAMETHASONE,ABT-888,EFM192B,-14.52808903,2,0
4415,DEXAMETHASONE,ABT-888,ES2,-17.42255208,2,0
4417,DEXAMETHASONE,ABT-888,HT144,-8.983198097,2,0
4418,DEXAMETHASONE,ABT-888,HT29,-1.02249677,2,0
4420,DEXAMETHASONE,ABT-888,LNCAP,-10.63307702,2,0
4421,DEXAMETHASONE,ABT-888,LOVO,-5.196459674,2,0
4423,DEXAMETHASONE,ABT-888,MSTO,-11.78252869,2,0
4424,DEXAMETHASONE,ABT-888,NCIH1650,-11.97457304,2,0
4425,DEXAMETHASONE,ABT-888,NCIH2122,-3.775623773,2,0
4427,DEXAMETHASONE,ABT-888,NCIH460,-9.809800415,2,0
4429,DEXAMETHASONE,ABT-888,OCUBM,16.44188838,2,1
4430,DEXAMETHASONE,ABT-888,OV90,-11.38901128,2,0
4433,DEXAMETHASONE,ABT-888,RKO,-1.010923651,2,0
4434,DEXAMETHASONE,ABT-888,RPMI7951,-35.16985908,2,0
4437,DEXAMETHASONE,ABT-888,SKOV3,-3.43317185,2,0
4439,DEXAMETHASONE,ABT-888,SW837,-17.57839698,2,0
4440,DEXAMETHASONE,ABT-888,T47D,-13.19120927,2,0
4441,DEXAMETHASONE,ABT-888,UACC62,11.45032761,2,1
4442,DEXAMETHASONE,ABT-888,UWB1289,12.67902547,2,1
4443,DEXAMETHASONE,ABT-888,UWB1289BRCA1,-0.588233511,2,0
4444,DEXAMETHASONE,ABT-888,VCAP,-4.970995732,2,0
4445,DEXAMETHASONE,ABT-888,ZR751,13.77188139,2,1
4446,DEXAMETHASONE,AZD1775,A2058,-6.037984715,4,0
4450,DEXAMETHASONE,AZD1775,CAOV3,12.86234737,4,1
4453,DEXAMETHASONE,AZD1775,EFM192B,-17.13167367,4,0
4457,DEXAMETHASONE,AZD1775,HT29,11.01086037,4,1
4458,DEXAMETHASONE,AZD1775,KPL1,25.64532197,4,1
4459,DEXAMETHASONE,AZD1775,LNCAP,-10.93798802,4,0
4462,DEXAMETHASONE,AZD1775,MSTO,-0.763774836,4,0
4463,DEXAMETHASONE,AZD1775,NCIH1650,18.07136837,4,1
4464,DEXAMETHASONE,AZD1775,NCIH2122,12.69926641,4,1
4468,DEXAMETHASONE,AZD1775,OCUBM,18.0307887,4,1
4469,DEXAMETHASONE,AZD1775,OV90,-0.185920137,4,0
4470,DEXAMETHASONE,AZD1775,OVCAR3,20.10924002,4,1
4471,DEXAMETHASONE,AZD1775,PA1,17.83155173,4,1
4473,DEXAMETHASONE,AZD1775,RPMI7951,-13.62628863,4,0
4474,DEXAMETHASONE,AZD1775,SKMEL30,11.0391536,4,1
4476,DEXAMETHASONE,AZD1775,SKOV3,29.89106459,4,1
4478,DEXAMETHASONE,AZD1775,SW837,-3.044351341,4,0
4479,DEXAMETHASONE,AZD1775,T47D,-16.57348017,4,0
4480,DEXAMETHASONE,AZD1775,UACC62,15.86522953,4,1
4481,DEXAMETHASONE,AZD1775,UWB1289,70.39001761,4,1
4483,DEXAMETHASONE,AZD1775,VCAP,-7.326279195,4,0
4484,DEXAMETHASONE,AZD1775,ZR751,17.63887298,4,1
4485,DEXAMETHASONE,BEZ-235,A2058,13.59419028,2,1
4486,DEXAMETHASONE,BEZ-235,A2780,25.34820553,2,1
4487,DEXAMETHASONE,BEZ-235,A375,10.11126227,2,1
4489,DEXAMETHASONE,BEZ-235,CAOV3,45.77364067,2,1
4490,DEXAMETHASONE,BEZ-235,COLO320DM,19.94011695,2,1
4494,DEXAMETHASONE,BEZ-235,HCT116,13.36370027,2,1
4495,DEXAMETHASONE,BEZ-235,HT144,10.37743953,2,1
4496,DEXAMETHASONE,BEZ-235,HT29,22.5300091,2,1
4497,DEXAMETHASONE,BEZ-235,KPL1,41.31087461,2,1
4498,DEXAMETHASONE,BEZ-235,LNCAP,49.93035881,2,1
4499,DEXAMETHASONE,BEZ-235,LOVO,26.61560809,2,1
4500,DEXAMETHASONE,BEZ-235,MDAMB436,13.7506852,2,1
4502,DEXAMETHASONE,BEZ-235,NCIH1650,27.23351075,2,1
4503,DEXAMETHASONE,BEZ-235,NCIH2122,52.92983695,2,1
4504,DEXAMETHASONE,BEZ-235,NCIH23,17.92397233,2,1
4505,DEXAMETHASONE,BEZ-235,NCIH460,23.58272545,2,1
4506,DEXAMETHASONE,BEZ-235,NCIH520,26.80481395,2,1
4507,DEXAMETHASONE,BEZ-235,OCUBM,27.42177298,2,1
4508,DEXAMETHASONE,BEZ-235,OV90,13.83937788,2,1
4509,DEXAMETHASONE,BEZ-235,OVCAR3,17.8701602,2,1
4510,DEXAMETHASONE,BEZ-235,PA1,26.75293839,2,1
4512,DEXAMETHASONE,BEZ-235,RPMI7951,18.35793711,2,1
4513,DEXAMETHASONE,BEZ-235,SKMEL30,41.01777853,2,1
4514,DEXAMETHASONE,BEZ-235,SKMES1,42.89991029,2,1
4515,DEXAMETHASONE,BEZ-235,SKOV3,15.79220154,2,1
4516,DEXAMETHASONE,BEZ-235,SW620,15.71732614,2,1
4517,DEXAMETHASONE,BEZ-235,SW837,14.05059391,2,1
4518,DEXAMETHASONE,BEZ-235,T47D,90.90923441,2,1
4519,DEXAMETHASONE,BEZ-235,UACC62,12.98787977,2,1
4520,DEXAMETHASONE,BEZ-235,UWB1289,32.44484706,2,1
4521,DEXAMETHASONE,BEZ-235,UWB1289BRCA1,30.25505778,2,1
4522,DEXAMETHASONE,BEZ-235,VCAP,23.98160338,2,1
4523,DEXAMETHASONE,BEZ-235,ZR751,27.96995608,2,1
4524,DEXAMETHASONE,BORTEZOMIB,A2058,-1.876554642,3,0
4525,DEXAMETHASONE,BORTEZOMIB,A2780,-13.5476308,3,0
4526,DEXAMETHASONE,BORTEZOMIB,A375,19.53983026,3,1
4528,DEXAMETHASONE,BORTEZOMIB,CAOV3,-13.44802296,3,0
4530,DEXAMETHASONE,BORTEZOMIB,DLD1,11.6771235,3,1
4531,DEXAMETHASONE,BORTEZOMIB,EFM192B,-20.88341058,3,0
4532,DEXAMETHASONE,BORTEZOMIB,ES2,-0.766384146,3,0
4534,DEXAMETHASONE,BORTEZOMIB,HT144,-13.16198248,3,0
4535,DEXAMETHASONE,BORTEZOMIB,HT29,-15.19792114,3,0
4536,DEXAMETHASONE,BORTEZOMIB,KPL1,14.34511907,3,1
4539,DEXAMETHASONE,BORTEZOMIB,MDAMB436,-0.823028432,3,0
4540,DEXAMETHASONE,BORTEZOMIB,MSTO,66.7194975,3,1
4541,DEXAMETHASONE,BORTEZOMIB,NCIH1650,-15.48085067,3,0
4542,DEXAMETHASONE,BORTEZOMIB,NCIH2122,13.23498314,3,1
4543,DEXAMETHASONE,BORTEZOMIB,NCIH23,-2.321992868,3,0
4544,DEXAMETHASONE,BORTEZOMIB,NCIH460,27.17882652,3,1
4545,DEXAMETHASONE,BORTEZOMIB,NCIH520,-20.51845669,3,0
4547,DEXAMETHASONE,BORTEZOMIB,OV90,-9.782986039,3,0
4548,DEXAMETHASONE,BORTEZOMIB,OVCAR3,-11.83141434,3,0
4550,DEXAMETHASONE,BORTEZOMIB,RKO,18.82387613,3,1
4551,DEXAMETHASONE,BORTEZOMIB,RPMI7951,-19.65311033,3,0
4553,DEXAMETHASONE,BORTEZOMIB,SKMES1,-11.43480359,3,0
4555,DEXAMETHASONE,BORTEZOMIB,SW620,13.03242414,3,1
4556,DEXAMETHASONE,BORTEZOMIB,SW837,-2.015924693,3,0
4557,DEXAMETHASONE,BORTEZOMIB,T47D,-9.157277118,3,0
4558,DEXAMETHASONE,BORTEZOMIB,UACC62,-7.679437184,3,0
4559,DEXAMETHASONE,BORTEZOMIB,UWB1289,-7.77274861,3,0
4560,DEXAMETHASONE,BORTEZOMIB,UWB1289BRCA1,-3.868089838,3,0
4561,DEXAMETHASONE,BORTEZOMIB,VCAP,-0.61240083,3,0
4563,DEXAMETHASONE,DASATINIB,A2058,-0.17873576,4,0
4564,DEXAMETHASONE,DASATINIB,A2780,19.81976601,4,1
4565,DEXAMETHASONE,DASATINIB,A375,38.48330291,4,1
4567,DEXAMETHASONE,DASATINIB,CAOV3,52.08151088,4,1
4570,DEXAMETHASONE,DASATINIB,EFM192B,-5.28929159,4,0
4571,DEXAMETHASONE,DASATINIB,ES2,-27.43501134,4,0
4572,DEXAMETHASONE,DASATINIB,HCT116,-46.19424113,4,0
4573,DEXAMETHASONE,DASATINIB,HT144,-35.98115982,4,0
4575,DEXAMETHASONE,DASATINIB,KPL1,49.29822811,4,1
4576,DEXAMETHASONE,DASATINIB,LNCAP,-22.02475092,4,0
4577,DEXAMETHASONE,DASATINIB,LOVO,61.01399927,4,1
4578,DEXAMETHASONE,DASATINIB,MDAMB436,-5.903960627,4,0
4579,DEXAMETHASONE,DASATINIB,MSTO,41.68602521,4,1
4580,DEXAMETHASONE,DASATINIB,NCIH1650,18.35923453,4,1
4581,DEXAMETHASONE,DASATINIB,NCIH2122,60.52033784,4,1
4583,DEXAMETHASONE,DASATINIB,NCIH460,-13.60867096,4,0
4584,DEXAMETHASONE,DASATINIB,NCIH520,28.41521007,4,1
4585,DEXAMETHASONE,DASATINIB,OCUBM,26.45391572,4,1
4586,DEXAMETHASONE,DASATINIB,OV90,-14.00130496,4,0
4587,DEXAMETHASONE,DASATINIB,OVCAR3,47.95041131,4,1
4590,DEXAMETHASONE,DASATINIB,RPMI7951,-23.30165857,4,0
4591,DEXAMETHASONE,DASATINIB,SKMEL30,-15.5409231,4,0
4592,DEXAMETHASONE,DASATINIB,SKMES1,59.07601127,4,1
4593,DEXAMETHASONE,DASATINIB,SKOV3,32.5124521,4,1
4596,DEXAMETHASONE,DASATINIB,T47D,-56.4086851,4,0
4597,DEXAMETHASONE,DASATINIB,UACC62,-2.482450866,4,0
4600,DEXAMETHASONE,DASATINIB,VCAP,-24.49171442,4,0
4602,DEXAMETHASONE,DINACICLIB,A2058,-11.40825752,3,0
4603,DEXAMETHASONE,DINACICLIB,A2780,-4.490859363,3,0
4609,DEXAMETHASONE,DINACICLIB,EFM192B,-7.047880755,3,0
4611,DEXAMETHASONE,DINACICLIB,HCT116,-2.540221847,3,0
4612,DEXAMETHASONE,DINACICLIB,HT144,-12.69412769,3,0
4613,DEXAMETHASONE,DINACICLIB,HT29,-2.217965739,3,0
4615,DEXAMETHASONE,DINACICLIB,LNCAP,30.17025436,3,1
4618,DEXAMETHASONE,DINACICLIB,MSTO,-18.21498851,3,0
4622,DEXAMETHASONE,DINACICLIB,NCIH460,-0.273827264,3,0
4624,DEXAMETHASONE,DINACICLIB,OCUBM,16.87418666,3,1
4625,DEXAMETHASONE,DINACICLIB,OV90,-10.15303299,3,0
4626,DEXAMETHASONE,DINACICLIB,OVCAR3,-1.125938119,3,0
4627,DEXAMETHASONE,DINACICLIB,PA1,10.32664756,3,1
4629,DEXAMETHASONE,DINACICLIB,RPMI7951,-7.566207883,3,0
4630,DEXAMETHASONE,DINACICLIB,SKMEL30,-2.31001771,3,0
4634,DEXAMETHASONE,DINACICLIB,SW837,-0.614499572,3,0
4635,DEXAMETHASONE,DINACICLIB,T47D,-31.80455604,3,0
4636,DEXAMETHASONE,DINACICLIB,UACC62,-1.72979,3,0
4637,DEXAMETHASONE,DINACICLIB,UWB1289,-5.05097297,3,0
4638,DEXAMETHASONE,DINACICLIB,UWB1289BRCA1,-5.632762031,3,0
4640,DEXAMETHASONE,DINACICLIB,ZR751,-13.90086508,3,0
4641,DEXAMETHASONE,ERLOTINIB,A2058,-18.8279417,4,0
4642,DEXAMETHASONE,ERLOTINIB,A2780,-4.100159134,4,0
4643,DEXAMETHASONE,ERLOTINIB,A375,-1.770837185,4,0
4644,DEXAMETHASONE,ERLOTINIB,A427,-6.810845523,4,0
4645,DEXAMETHASONE,ERLOTINIB,CAOV3,42.95743104,4,1
4648,DEXAMETHASONE,ERLOTINIB,EFM192B,-27.89324657,4,0
4649,DEXAMETHASONE,ERLOTINIB,ES2,-19.21052691,4,0
4650,DEXAMETHASONE,ERLOTINIB,HCT116,-4.746029021,4,0
4651,DEXAMETHASONE,ERLOTINIB,HT144,-21.42706708,4,0
4653,DEXAMETHASONE,ERLOTINIB,KPL1,13.31386359,4,1
4654,DEXAMETHASONE,ERLOTINIB,LNCAP,-21.66137716,4,0
4655,DEXAMETHASONE,ERLOTINIB,LOVO,18.49637803,4,1
4656,DEXAMETHASONE,ERLOTINIB,MDAMB436,-7.729784474,4,0
4657,DEXAMETHASONE,ERLOTINIB,MSTO,-61.22461729,4,0
4658,DEXAMETHASONE,ERLOTINIB,NCIH1650,33.09442231,4,1
4659,DEXAMETHASONE,ERLOTINIB,NCIH2122,52.71829456,4,1
4660,DEXAMETHASONE,ERLOTINIB,NCIH23,-1.824167112,4,0
4661,DEXAMETHASONE,ERLOTINIB,NCIH460,-8.783913929,4,0
4662,DEXAMETHASONE,ERLOTINIB,NCIH520,-0.161442762,4,0
4664,DEXAMETHASONE,ERLOTINIB,OV90,-14.43662286,4,0
4665,DEXAMETHASONE,ERLOTINIB,OVCAR3,10.92854791,4,1
4667,DEXAMETHASONE,ERLOTINIB,RKO,-12.1036628,4,0
4668,DEXAMETHASONE,ERLOTINIB,RPMI7951,-32.28269213,4,0
4669,DEXAMETHASONE,ERLOTINIB,SKMEL30,-2.881767161,4,0
4670,DEXAMETHASONE,ERLOTINIB,SKMES1,10.6860991,4,1
4671,DEXAMETHASONE,ERLOTINIB,SKOV3,37.67902288,4,1
4672,DEXAMETHASONE,ERLOTINIB,SW620,-7.473678042,4,0
4673,DEXAMETHASONE,ERLOTINIB,SW837,15.56931326,4,1
4674,DEXAMETHASONE,ERLOTINIB,T47D,-22.50252279,4,0
4675,DEXAMETHASONE,ERLOTINIB,UACC62,-6.919186741,4,0
4676,DEXAMETHASONE,ERLOTINIB,UWB1289,17.13706344,4,1
4678,DEXAMETHASONE,ERLOTINIB,VCAP,-14.64932466,4,0
4679,DEXAMETHASONE,ERLOTINIB,ZR751,29.72083762,4,1
4680,DEXAMETHASONE,GELDANAMYCIN,A2058,-0.401830321,1,0
4681,DEXAMETHASONE,GELDANAMYCIN,A2780,-5.672406019,1,0
4684,DEXAMETHASONE,GELDANAMYCIN,CAOV3,-8.423246122,1,0
4687,DEXAMETHASONE,GELDANAMYCIN,EFM192B,-10.47490608,1,0
4688,DEXAMETHASONE,GELDANAMYCIN,ES2,-10.66512029,1,0
4690,DEXAMETHASONE,GELDANAMYCIN,HT144,-8.684713995,1,0
4691,DEXAMETHASONE,GELDANAMYCIN,HT29,-6.712498727,1,0
4692,DEXAMETHASONE,GELDANAMYCIN,KPL1,16.83025916,1,1
4693,DEXAMETHASONE,GELDANAMYCIN,LNCAP,34.27257918,1,1
4695,DEXAMETHASONE,GELDANAMYCIN,MDAMB436,11.22422761,1,1
4698,DEXAMETHASONE,GELDANAMYCIN,NCIH2122,-6.274372321,1,0
4699,DEXAMETHASONE,GELDANAMYCIN,NCIH23,-9.378163033,1,0
4701,DEXAMETHASONE,GELDANAMYCIN,NCIH520,-6.572743304,1,0
4702,DEXAMETHASONE,GELDANAMYCIN,OCUBM,17.65507964,1,1
4703,DEXAMETHASONE,GELDANAMYCIN,OV90,-22.2375828,1,0
4704,DEXAMETHASONE,GELDANAMYCIN,OVCAR3,10.80963388,1,1
4705,DEXAMETHASONE,GELDANAMYCIN,PA1,14.77319715,1,1
4707,DEXAMETHASONE,GELDANAMYCIN,RPMI7951,-18.16506912,1,0
4710,DEXAMETHASONE,GELDANAMYCIN,SKOV3,-8.349969985,1,0
4711,DEXAMETHASONE,GELDANAMYCIN,SW620,-8.09245655,1,0
4712,DEXAMETHASONE,GELDANAMYCIN,SW837,-8.372438633,1,0
4713,DEXAMETHASONE,GELDANAMYCIN,T47D,-30.07927989,1,0
4714,DEXAMETHASONE,GELDANAMYCIN,UACC62,-1.401382359,1,0
4715,DEXAMETHASONE,GELDANAMYCIN,UWB1289,-1.767023225,1,0
4716,DEXAMETHASONE,GELDANAMYCIN,UWB1289BRCA1,-2.284564688,1,0
4718,DEXAMETHASONE,GELDANAMYCIN,ZR751,-17.59747838,1,0
4719,DEXAMETHASONE,L778123,A2058,-5.018351905,3,0
4723,DEXAMETHASONE,L778123,CAOV3,31.48016929,3,1
4726,DEXAMETHASONE,L778123,EFM192B,-15.00884406,3,0
4727,DEXAMETHASONE,L778123,ES2,-10.77576852,3,0
4728,DEXAMETHASONE,L778123,HCT116,-2.128320098,3,0
4729,DEXAMETHASONE,L778123,HT144,-3.950201902,3,0
4731,DEXAMETHASONE,L778123,KPL1,16.43814176,3,1
4732,DEXAMETHASONE,L778123,LNCAP,11.24635557,3,1
4733,DEXAMETHASONE,L778123,LOVO,-1.557649196,3,0
4735,DEXAMETHASONE,L778123,MSTO,-0.239069088,3,0
4736,DEXAMETHASONE,L778123,NCIH1650,-3.227519295,3,0
4737,DEXAMETHASONE,L778123,NCIH2122,-1.347140264,3,0
4743,DEXAMETHASONE,L778123,OVCAR3,-6.186451352,3,0
4746,DEXAMETHASONE,L778123,RPMI7951,-13.37758621,3,0
4747,DEXAMETHASONE,L778123,SKMEL30,27.61992149,3,1
4749,DEXAMETHASONE,L778123,SKOV3,18.62525069,3,1
4751,DEXAMETHASONE,L778123,SW837,10.13607107,3,1
4752,DEXAMETHASONE,L778123,T47D,-42.16076203,3,0
4754,DEXAMETHASONE,L778123,UWB1289,12.97795226,3,1
4756,DEXAMETHASONE,L778123,VCAP,14.95616092,3,1
4757,DEXAMETHASONE,L778123,ZR751,10.21164998,3,1
4758,DEXAMETHASONE,LAPATINIB,A2058,-16.23708253,4,0
4760,DEXAMETHASONE,LAPATINIB,A375,-5.107578959,4,0
4761,DEXAMETHASONE,LAPATINIB,A427,-10.15445248,4,0
4762,DEXAMETHASONE,LAPATINIB,CAOV3,50.78208204,4,1
4765,DEXAMETHASONE,LAPATINIB,EFM192B,-43.35886805,4,0
4766,DEXAMETHASONE,LAPATINIB,ES2,-22.31396343,4,0
4767,DEXAMETHASONE,LAPATINIB,HCT116,-1.598041764,4,0
4768,DEXAMETHASONE,LAPATINIB,HT144,-18.76719077,4,0
4769,DEXAMETHASONE,LAPATINIB,HT29,11.86955253,4,1
4771,DEXAMETHASONE,LAPATINIB,LNCAP,-15.41494289,4,0
4772,DEXAMETHASONE,LAPATINIB,LOVO,28.11855047,4,1
4773,DEXAMETHASONE,LAPATINIB,MDAMB436,-9.543124494,4,0
4774,DEXAMETHASONE,LAPATINIB,MSTO,-17.54874488,4,0
4775,DEXAMETHASONE,LAPATINIB,NCIH1650,29.08798755,4,1
4776,DEXAMETHASONE,LAPATINIB,NCIH2122,32.69391907,4,1
4778,DEXAMETHASONE,LAPATINIB,NCIH460,-16.75533239,4,0
4780,DEXAMETHASONE,LAPATINIB,OCUBM,-6.986724743,4,0
4781,DEXAMETHASONE,LAPATINIB,OV90,-17.45420697,4,0
4782,DEXAMETHASONE,LAPATINIB,OVCAR3,14.34066291,4,1
4783,DEXAMETHASONE,LAPATINIB,PA1,-0.379600996,4,0
4784,DEXAMETHASONE,LAPATINIB,RKO,-10.0183544,4,0
4785,DEXAMETHASONE,LAPATINIB,RPMI7951,-42.24253708,4,0
4786,DEXAMETHASONE,LAPATINIB,SKMEL30,-4.610490963,4,0
4787,DEXAMETHASONE,LAPATINIB,SKMES1,15.56425173,4,1
4788,DEXAMETHASONE,LAPATINIB,SKOV3,42.19924568,4,1
4789,DEXAMETHASONE,LAPATINIB,SW620,-4.669340809,4,0
4790,DEXAMETHASONE,LAPATINIB,SW837,14.40738265,4,1
4791,DEXAMETHASONE,LAPATINIB,T47D,-44.21924557,4,0
4792,DEXAMETHASONE,LAPATINIB,UACC62,-6.612425733,4,0
4795,DEXAMETHASONE,LAPATINIB,VCAP,-29.52280562,4,0
4796,DEXAMETHASONE,LAPATINIB,ZR751,34.22696236,4,1
4797,DEXAMETHASONE,MK-2206,A2058,-0.548121502,4,0
4799,DEXAMETHASONE,MK-2206,A375,13.25560097,4,1
4801,DEXAMETHASONE,MK-2206,CAOV3,64.46033017,4,1
4802,DEXAMETHASONE,MK-2206,COLO320DM,13.5903274,4,1
4803,DEXAMETHASONE,MK-2206,DLD1,17.71007169,4,1
4804,DEXAMETHASONE,MK-2206,EFM192B,-54.79297143,4,0
4805,DEXAMETHASONE,MK-2206,ES2,-18.4724161,4,0
4806,DEXAMETHASONE,MK-2206,HCT116,14.97086776,4,1
4807,DEXAMETHASONE,MK-2206,HT144,-2.466867229,4,0
4808,DEXAMETHASONE,MK-2206,HT29,11.52475146,4,1
4809,DEXAMETHASONE,MK-2206,KPL1,57.01983589,4,1
4810,DEXAMETHASONE,MK-2206,LNCAP,-4.104383957,4,0
4811,DEXAMETHASONE,MK-2206,LOVO,38.20959773,4,1
4813,DEXAMETHASONE,MK-2206,MSTO,-15.12834398,4,0
4814,DEXAMETHASONE,MK-2206,NCIH1650,33.15240689,4,1
4815,DEXAMETHASONE,MK-2206,NCIH2122,89.8233377,4,1
4817,DEXAMETHASONE,MK-2206,NCIH460,12.4883177,4,1
4818,DEXAMETHASONE,MK-2206,NCIH520,13.63614283,4,1
4819,DEXAMETHASONE,MK-2206,OCUBM,10.28551459,4,1
4821,DEXAMETHASONE,MK-2206,OVCAR3,18.43686501,4,1
4822,DEXAMETHASONE,MK-2206,PA1,26.60016067,4,1
4823,DEXAMETHASONE,MK-2206,RKO,14.7355469,4,1
4824,DEXAMETHASONE,MK-2206,RPMI7951,-7.044119569,4,0
4825,DEXAMETHASONE,MK-2206,SKMEL30,22.06917149,4,1
4826,DEXAMETHASONE,MK-2206,SKMES1,40.8180674,4,1
4827,DEXAMETHASONE,MK-2206,SKOV3,42.31804943,4,1
4829,DEXAMETHASONE,MK-2206,SW837,-2.99765819,4,0
4830,DEXAMETHASONE,MK-2206,T47D,-10.05452424,4,0
4831,DEXAMETHASONE,MK-2206,UACC62,13.4096852,4,1
4834,DEXAMETHASONE,MK-2206,VCAP,-4.763497501,4,0
4835,DEXAMETHASONE,MK-2206,ZR751,25.16323018,4,1
4836,DEXAMETHASONE,MK-4827,A2058,-17.63091432,2,0
4838,DEXAMETHASONE,MK-4827,A375,-2.108774573,2,0
4839,DEXAMETHASONE,MK-4827,A427,-4.947429724,2,0
4840,DEXAMETHASONE,MK-4827,CAOV3,13.18093773,2,1
4841,DEXAMETHASONE,MK-4827,COLO320DM,14.4457015,2,1
4843,DEXAMETHASONE,MK-4827,EFM192B,-15.8620175,2,0
4844,DEXAMETHASONE,MK-4827,ES2,-21.32348237,2,0
4846,DEXAMETHASONE,MK-4827,HT144,-9.904133114,2,0
4847,DEXAMETHASONE,MK-4827,HT29,17.24973145,2,1
4848,DEXAMETHASONE,MK-4827,KPL1,21.9218822,2,1
4849,DEXAMETHASONE,MK-4827,LNCAP,-24.70270587,2,0
4850,DEXAMETHASONE,MK-4827,LOVO,17.13225583,2,1
4851,DEXAMETHASONE,MK-4827,MDAMB436,-0.676893655,2,0
4852,DEXAMETHASONE,MK-4827,MSTO,-14.31317304,2,0
4853,DEXAMETHASONE,MK-4827,NCIH1650,16.19481755,2,1
4854,DEXAMETHASONE,MK-4827,NCIH2122,13.96215403,2,1
4858,DEXAMETHASONE,MK-4827,OCUBM,33.01901308,2,1
4859,DEXAMETHASONE,MK-4827,OV90,-9.398590265,2,0
4860,DEXAMETHASONE,MK-4827,OVCAR3,34.69193893,2,1
4861,DEXAMETHASONE,MK-4827,PA1,16.92820746,2,1
4863,DEXAMETHASONE,MK-4827,RPMI7951,-22.8128765,2,0
4866,DEXAMETHASONE,MK-4827,SKOV3,15.44823942,2,1
4868,DEXAMETHASONE,MK-4827,SW837,-7.892238683,2,0
4869,DEXAMETHASONE,MK-4827,T47D,-42.43367586,2,0
4870,DEXAMETHASONE,MK-4827,UACC62,-7.933259948,2,0
4871,DEXAMETHASONE,MK-4827,UWB1289,-0.616766269,2,0
4872,DEXAMETHASONE,MK-4827,UWB1289BRCA1,-3.249016509,2,0
4873,DEXAMETHASONE,MK-4827,VCAP,-4.467140682,2,0
4874,DEXAMETHASONE,MK-4827,ZR751,20.46738323,2,1
4875,DEXAMETHASONE,MK-5108,A2058,-9.833466048,0,0
4876,DEXAMETHASONE,MK-5108,A2780,-4.873651781,0,0
4877,DEXAMETHASONE,MK-5108,A375,12.37948315,0,1
4878,DEXAMETHASONE,MK-5108,A427,-2.870233571,0,0
4879,DEXAMETHASONE,MK-5108,CAOV3,24.52854832,0,1
4882,DEXAMETHASONE,MK-5108,EFM192B,-11.38227987,0,0
4883,DEXAMETHASONE,MK-5108,ES2,-8.356080369,0,0
4884,DEXAMETHASONE,MK-5108,HCT116,-0.255641015,0,0
4885,DEXAMETHASONE,MK-5108,HT144,-1.883291236,0,0
4886,DEXAMETHASONE,MK-5108,HT29,11.97773671,0,1
4887,DEXAMETHASONE,MK-5108,KPL1,32.12419071,0,1
4888,DEXAMETHASONE,MK-5108,LNCAP,-35.67229739,0,0
4891,DEXAMETHASONE,MK-5108,MSTO,-4.832654643,0,0
4892,DEXAMETHASONE,MK-5108,NCIH1650,11.5095913,0,1
4893,DEXAMETHASONE,MK-5108,NCIH2122,-8.444863753,0,0
4895,DEXAMETHASONE,MK-5108,NCIH460,-10.38303963,0,0
4896,DEXAMETHASONE,MK-5108,NCIH520,-0.76149083,0,0
4897,DEXAMETHASONE,MK-5108,OCUBM,17.87666674,0,1
4899,DEXAMETHASONE,MK-5108,OVCAR3,14.78744514,0,1
4901,DEXAMETHASONE,MK-5108,RKO,12.59832982,0,1
4902,DEXAMETHASONE,MK-5108,RPMI7951,-27.21662823,0,0
4903,DEXAMETHASONE,MK-5108,SKMEL30,11.00823304,0,1
4904,DEXAMETHASONE,MK-5108,SKMES1,-11.57688694,0,0
4905,DEXAMETHASONE,MK-5108,SKOV3,15.60942905,0,1
4907,DEXAMETHASONE,MK-5108,SW837,15.19631973,0,1
4908,DEXAMETHASONE,MK-5108,T47D,14.32160004,0,1
4909,DEXAMETHASONE,MK-5108,UACC62,12.88361241,0,1
4910,DEXAMETHASONE,MK-5108,UWB1289,-2.333770767,0,0
4911,DEXAMETHASONE,MK-5108,UWB1289BRCA1,-1.761246831,0,0
4912,DEXAMETHASONE,MK-5108,VCAP,-7.812754366,0,0
4913,DEXAMETHASONE,MK-5108,ZR751,14.04569569,0,1
4914,DEXAMETHASONE,MK-8669,A2058,10.70131169,1,1
4916,DEXAMETHASONE,MK-8669,A375,12.3920009,1,1
4917,DEXAMETHASONE,MK-8669,A427,17.7718057,1,1
4918,DEXAMETHASONE,MK-8669,CAOV3,47.68029342,1,1
4920,DEXAMETHASONE,MK-8669,DLD1,12.70369941,1,1
4921,DEXAMETHASONE,MK-8669,EFM192B,24.95096542,1,1
4922,DEXAMETHASONE,MK-8669,ES2,-18.12398859,1,0
4925,DEXAMETHASONE,MK-8669,HT29,15.82982783,1,1
4926,DEXAMETHASONE,MK-8669,KPL1,65.48904582,1,1
4927,DEXAMETHASONE,MK-8669,LNCAP,-31.74550154,1,0
4928,DEXAMETHASONE,MK-8669,LOVO,49.61409943,1,1
4930,DEXAMETHASONE,MK-8669,MSTO,-2.812258447,1,0
4931,DEXAMETHASONE,MK-8669,NCIH1650,36.7644027,1,1
4932,DEXAMETHASONE,MK-8669,NCIH2122,59.36961882,1,1
4933,DEXAMETHASONE,MK-8669,NCIH23,19.76775278,1,1
4935,DEXAMETHASONE,MK-8669,NCIH520,15.20045624,1,1
4936,DEXAMETHASONE,MK-8669,OCUBM,40.28173409,1,1
4938,DEXAMETHASONE,MK-8669,OVCAR3,25.31086397,1,1
4939,DEXAMETHASONE,MK-8669,PA1,19.43861448,1,1
4940,DEXAMETHASONE,MK-8669,RKO,18.87974141,1,1
4941,DEXAMETHASONE,MK-8669,RPMI7951,11.15533049,1,1
4942,DEXAMETHASONE,MK-8669,SKMEL30,42.82580631,1,1
4943,DEXAMETHASONE,MK-8669,SKMES1,37.09512397,1,1
4944,DEXAMETHASONE,MK-8669,SKOV3,40.81561531,1,1
4945,DEXAMETHASONE,MK-8669,SW620,10.03039854,1,1
4946,DEXAMETHASONE,MK-8669,SW837,14.84903912,1,1
4947,DEXAMETHASONE,MK-8669,T47D,-0.610011682,1,0
4948,DEXAMETHASONE,MK-8669,UACC62,14.8554737,1,1
4950,DEXAMETHASONE,MK-8669,UWB1289BRCA1,13.40058381,1,1
4951,DEXAMETHASONE,MK-8669,VCAP,-0.351497005,1,0
4952,DEXAMETHASONE,MK-8669,ZR751,37.89883913,1,1
4953,DEXAMETHASONE,MK-8776,A2058,-6.365586469,4,0
4954,DEXAMETHASONE,MK-8776,A2780,-2.868993345,4,0
4955,DEXAMETHASONE,MK-8776,A375,16.55191795,4,1
4956,DEXAMETHASONE,MK-8776,A427,-4.417879494,4,0
4957,DEXAMETHASONE,MK-8776,CAOV3,38.3181441,4,1
4960,DEXAMETHASONE,MK-8776,EFM192B,-5.78998411,4,0
4961,DEXAMETHASONE,MK-8776,ES2,-4.554502625,4,0
4962,DEXAMETHASONE,MK-8776,HCT116,-0.229101839,4,0
4965,DEXAMETHASONE,MK-8776,KPL1,33.74183301,4,1
4969,DEXAMETHASONE,MK-8776,MSTO,-7.435476495,4,0
4971,DEXAMETHASONE,MK-8776,NCIH2122,-3.406257533,4,0
4972,DEXAMETHASONE,MK-8776,NCIH23,-1.793103802,4,0
4974,DEXAMETHASONE,MK-8776,NCIH520,-0.976975196,4,0
4975,DEXAMETHASONE,MK-8776,OCUBM,16.20310499,4,1
4976,DEXAMETHASONE,MK-8776,OV90,-6.132510925,4,0
4978,DEXAMETHASONE,MK-8776,PA1,14.68350196,4,1
4980,DEXAMETHASONE,MK-8776,RPMI7951,-41.99674606,4,0
4981,DEXAMETHASONE,MK-8776,SKMEL30,-1.039761776,4,0
4982,DEXAMETHASONE,MK-8776,SKMES1,-13.16365046,4,0
4983,DEXAMETHASONE,MK-8776,SKOV3,12.08194838,4,1
4985,DEXAMETHASONE,MK-8776,SW837,-11.58083781,4,0
4986,DEXAMETHASONE,MK-8776,T47D,-42.42649563,4,0
4987,DEXAMETHASONE,MK-8776,UACC62,14.8303068,4,1
4988,DEXAMETHASONE,MK-8776,UWB1289,-13.8622125,4,0
4989,DEXAMETHASONE,MK-8776,UWB1289BRCA1,-10.03344429,4,0
4990,DEXAMETHASONE,MK-8776,VCAP,-13.40271864,4,0
4991,DEXAMETHASONE,MK-8776,ZR751,20.58548469,4,1
4994,DEXAMETHASONE,PD325901,A375,13.38795017,4,1
4995,DEXAMETHASONE,PD325901,A427,-23.39560713,4,0
4996,DEXAMETHASONE,PD325901,CAOV3,59.63789655,4,1
4999,DEXAMETHASONE,PD325901,EFM192B,-19.04993111,4,0
5000,DEXAMETHASONE,PD325901,ES2,-8.663284235,4,0
5001,DEXAMETHASONE,PD325901,HCT116,-1.325976502,4,0
5003,DEXAMETHASONE,PD325901,HT29,-2.036523693,4,0
5004,DEXAMETHASONE,PD325901,KPL1,-0.781636871,4,0
5007,DEXAMETHASONE,PD325901,MDAMB436,-2.2913516,4,0
5008,DEXAMETHASONE,PD325901,MSTO,19.85465639,4,1
5010,DEXAMETHASONE,PD325901,NCIH2122,82.2543752,4,1
5011,DEXAMETHASONE,PD325901,NCIH23,-8.836728154,4,0
5013,DEXAMETHASONE,PD325901,NCIH520,-0.874797194,4,0
5015,DEXAMETHASONE,PD325901,OV90,-52.64044787,4,0
5016,DEXAMETHASONE,PD325901,OVCAR3,13.74851308,4,1
5017,DEXAMETHASONE,PD325901,PA1,11.43170117,4,1
5019,DEXAMETHASONE,PD325901,RPMI7951,-10.41491106,4,0
5020,DEXAMETHASONE,PD325901,SKMEL30,25.23966366,4,1
5021,DEXAMETHASONE,PD325901,SKMES1,37.97967314,4,1
5022,DEXAMETHASONE,PD325901,SKOV3,31.56462135,4,1
5023,DEXAMETHASONE,PD325901,SW620,-4.715032536,4,0
5024,DEXAMETHASONE,PD325901,SW837,-10.19803447,4,0
5025,DEXAMETHASONE,PD325901,T47D,-42.08692277,4,0
5029,DEXAMETHASONE,PD325901,VCAP,-2.077301759,4,0
5031,DEXAMETHASONE,SORAFENIB,A2058,11.61901571,4,1
5032,DEXAMETHASONE,SORAFENIB,A2780,-0.5703148,4,0
5033,DEXAMETHASONE,SORAFENIB,A375,15.86655273,4,1
5035,DEXAMETHASONE,SORAFENIB,CAOV3,24.47714374,4,1
5037,DEXAMETHASONE,SORAFENIB,DLD1,14.05008888,4,1
5041,DEXAMETHASONE,SORAFENIB,HT144,-0.354756851,4,0
5044,DEXAMETHASONE,SORAFENIB,LNCAP,-3.477500911,4,0
5047,DEXAMETHASONE,SORAFENIB,MSTO,-13.2551634,4,0
5051,DEXAMETHASONE,SORAFENIB,NCIH460,10.88632389,4,1
5052,DEXAMETHASONE,SORAFENIB,NCIH520,10.80175484,4,1
5058,DEXAMETHASONE,SORAFENIB,RPMI7951,-0.696006645,4,0
5060,DEXAMETHASONE,SORAFENIB,SKMES1,11.10224155,4,1
5061,DEXAMETHASONE,SORAFENIB,SKOV3,10.19483598,4,1
5068,DEXAMETHASONE,SORAFENIB,VCAP,-10.39016133,4,0
5069,DEXAMETHASONE,SORAFENIB,ZR751,-17.40228488,4,0
5072,DEXAMETHASONE,SUNITINIB,A375,20.16357105,4,1
5074,DEXAMETHASONE,SUNITINIB,CAOV3,14.28566063,4,1
5076,DEXAMETHASONE,SUNITINIB,DLD1,12.51366088,4,1
5082,DEXAMETHASONE,SUNITINIB,KPL1,22.5183179,4,1
5083,DEXAMETHASONE,SUNITINIB,LNCAP,-8.064556846,4,0
5084,DEXAMETHASONE,SUNITINIB,LOVO,10.87418112,4,1
5086,DEXAMETHASONE,SUNITINIB,MSTO,15.76334513,4,1
5087,DEXAMETHASONE,SUNITINIB,NCIH1650,16.64263172,4,1
5088,DEXAMETHASONE,SUNITINIB,NCIH2122,14.80396177,4,1
5091,DEXAMETHASONE,SUNITINIB,NCIH520,13.9395735,4,1
5094,DEXAMETHASONE,SUNITINIB,OVCAR3,22.06639156,4,1
5097,DEXAMETHASONE,SUNITINIB,RPMI7951,-6.838311808,4,0
5099,DEXAMETHASONE,SUNITINIB,SKMES1,33.92197951,4,1
5100,DEXAMETHASONE,SUNITINIB,SKOV3,27.84233779,4,1
5102,DEXAMETHASONE,SUNITINIB,SW837,-1.857958757,4,0
5104,DEXAMETHASONE,SUNITINIB,UACC62,17.22275819,4,1
5109,DEXAMETHASONE,TEMOZOLOMIDE,A2058,-31.45511286,0,0
5110,DEXAMETHASONE,TEMOZOLOMIDE,A2780,-3.039626923,0,0
5111,DEXAMETHASONE,TEMOZOLOMIDE,A375,-1.594895611,0,0
5112,DEXAMETHASONE,TEMOZOLOMIDE,A427,-7.172314225,0,0
5113,DEXAMETHASONE,TEMOZOLOMIDE,CAOV3,-54.6542334,0,0
5115,DEXAMETHASONE,TEMOZOLOMIDE,DLD1,-5.856689957,0,0
5116,DEXAMETHASONE,TEMOZOLOMIDE,EFM192B,-27.17988297,0,0
5117,DEXAMETHASONE,TEMOZOLOMIDE,ES2,-19.42313437,0,0
5119,DEXAMETHASONE,TEMOZOLOMIDE,HT144,-32.55071014,0,0
5120,DEXAMETHASONE,TEMOZOLOMIDE,HT29,-9.884685519,0,0
5121,DEXAMETHASONE,TEMOZOLOMIDE,KPL1,-6.504553313,0,0
5123,DEXAMETHASONE,TEMOZOLOMIDE,LOVO,-11.96595315,0,0
5124,DEXAMETHASONE,TEMOZOLOMIDE,MDAMB436,-2.337208031,0,0
5125,DEXAMETHASONE,TEMOZOLOMIDE,MSTO,-19.78372912,0,0
5126,DEXAMETHASONE,TEMOZOLOMIDE,NCIH1650,-24.82578864,0,0
5127,DEXAMETHASONE,TEMOZOLOMIDE,NCIH2122,-4.297961695,0,0
5128,DEXAMETHASONE,TEMOZOLOMIDE,NCIH23,-0.810553212,0,0
5130,DEXAMETHASONE,TEMOZOLOMIDE,NCIH520,-7.709811996,0,0
5132,DEXAMETHASONE,TEMOZOLOMIDE,OV90,-9.60318881,0,0
5133,DEXAMETHASONE,TEMOZOLOMIDE,OVCAR3,-30.08644355,0,0
5136,DEXAMETHASONE,TEMOZOLOMIDE,RPMI7951,-33.55568593,0,0
5137,DEXAMETHASONE,TEMOZOLOMIDE,SKMEL30,18.98880977,0,1
5138,DEXAMETHASONE,TEMOZOLOMIDE,SKMES1,-3.533629844,0,0
5139,DEXAMETHASONE,TEMOZOLOMIDE,SKOV3,-6.291192084,0,0
5140,DEXAMETHASONE,TEMOZOLOMIDE,SW620,-1.471738873,0,0
5141,DEXAMETHASONE,TEMOZOLOMIDE,SW837,-23.68500711,0,0
5142,DEXAMETHASONE,TEMOZOLOMIDE,T47D,-66.16676967,0,0
5143,DEXAMETHASONE,TEMOZOLOMIDE,UACC62,11.39487225,0,1
5144,DEXAMETHASONE,TEMOZOLOMIDE,UWB1289,-5.060239711,0,0
5146,DEXAMETHASONE,TEMOZOLOMIDE,VCAP,-21.69886716,0,0
5147,DEXAMETHASONE,TEMOZOLOMIDE,ZR751,-61.95623519,0,0
5148,DEXAMETHASONE,ZOLINZA,A2058,-12.44071418,3,0
5150,DEXAMETHASONE,ZOLINZA,A375,10.96468678,3,1
5151,DEXAMETHASONE,ZOLINZA,A427,-30.79409748,3,0
5152,DEXAMETHASONE,ZOLINZA,CAOV3,21.11872937,3,1
5153,DEXAMETHASONE,ZOLINZA,COLO320DM,18.80751621,3,1
5154,DEXAMETHASONE,ZOLINZA,DLD1,13.77443149,3,1
5155,DEXAMETHASONE,ZOLINZA,EFM192B,-7.05842228,3,0
5156,DEXAMETHASONE,ZOLINZA,ES2,-3.740107406,3,0
5158,DEXAMETHASONE,ZOLINZA,HT144,-7.229792766,3,0
5159,DEXAMETHASONE,ZOLINZA,HT29,14.43658235,3,1
5161,DEXAMETHASONE,ZOLINZA,LNCAP,25.30085949,3,1
5162,DEXAMETHASONE,ZOLINZA,LOVO,15.14782236,3,1
5164,DEXAMETHASONE,ZOLINZA,MSTO,-22.60756124,3,0
5165,DEXAMETHASONE,ZOLINZA,NCIH1650,14.9523124,3,1
5172,DEXAMETHASONE,ZOLINZA,OVCAR3,41.20402814,3,1
5173,DEXAMETHASONE,ZOLINZA,PA1,11.40819903,3,1
5174,DEXAMETHASONE,ZOLINZA,RKO,10.74608128,3,1
5175,DEXAMETHASONE,ZOLINZA,RPMI7951,-11.631194,3,0
5176,DEXAMETHASONE,ZOLINZA,SKMEL30,14.53281206,3,1
5181,DEXAMETHASONE,ZOLINZA,T47D,-2.057246501,3,0
5182,DEXAMETHASONE,ZOLINZA,UACC62,12.22720811,3,1
5189,DINACICLIB,MK-8776,A375,30.12894009,1,1
5191,DINACICLIB,MK-8776,CAOV3,-23.0551863,1,0
5193,DINACICLIB,MK-8776,DLD1,16.26595897,1,1
5194,DINACICLIB,MK-8776,EFM192B,-0.959976307,1,0
5195,DINACICLIB,MK-8776,ES2,-10.96302107,1,0
5198,DINACICLIB,MK-8776,HT29,-1.788948796,1,0
5200,DINACICLIB,MK-8776,LNCAP,45.43298162,1,1
5201,DINACICLIB,MK-8776,LOVO,-7.508786888,1,0
5203,DINACICLIB,MK-8776,MSTO,-23.72719533,1,0
5204,DINACICLIB,MK-8776,NCIH1650,-14.64425297,1,0
5205,DINACICLIB,MK-8776,NCIH2122,-22.23403754,1,0
5206,DINACICLIB,MK-8776,NCIH23,-160.1475902,1,0
5209,DINACICLIB,MK-8776,OCUBM,16.82285716,1,1
5210,DINACICLIB,MK-8776,OV90,-14.1414729,1,0
5211,DINACICLIB,MK-8776,OVCAR3,-2.897928607,1,0
5213,DINACICLIB,MK-8776,RKO,20.40627444,1,1
5214,DINACICLIB,MK-8776,RPMI7951,-14.74784278,1,0
5216,DINACICLIB,MK-8776,SKMES1,-28.10017929,1,0
5217,DINACICLIB,MK-8776,SKOV3,-7.571238901,1,0
5219,DINACICLIB,MK-8776,SW837,-19.11557712,1,0
5220,DINACICLIB,MK-8776,T47D,-4.20805721,1,0
5222,DINACICLIB,MK-8776,UWB1289,-29.16981331,1,0
5223,DINACICLIB,MK-8776,UWB1289BRCA1,-35.88570118,1,0
5224,DINACICLIB,MK-8776,VCAP,15.65889832,1,1
5225,DINACICLIB,MK-8776,ZR751,-12.4741166,1,0
5226,DOXORUBICIN,ABT-888,A2058,-7.85025899,2,0
5227,DOXORUBICIN,ABT-888,A2780,10.10585397,2,1
5232,DOXORUBICIN,ABT-888,DLD1,-3.363130747,2,0
5233,DOXORUBICIN,ABT-888,EFM192B,14.44242485,2,1
5234,DOXORUBICIN,ABT-888,ES2,12.82547444,2,1
5238,DOXORUBICIN,ABT-888,KPL1,-2.153656109,2,0
5242,DOXORUBICIN,ABT-888,MSTO,-23.21115736,2,0
5244,DOXORUBICIN,ABT-888,NCIH2122,-6.20889926,2,0
5245,DOXORUBICIN,ABT-888,NCIH23,-1.066014263,2,0
5247,DOXORUBICIN,ABT-888,NCIH520,-3.710738903,2,0
5249,DOXORUBICIN,ABT-888,OV90,-6.707802018,2,0
5250,DOXORUBICIN,ABT-888,OVCAR3,-2.334873983,2,0
5251,DOXORUBICIN,ABT-888,PA1,-6.101226726,2,0
5254,DOXORUBICIN,ABT-888,SKMEL30,-16.76489181,2,0
5258,DOXORUBICIN,ABT-888,SW837,-5.478968633,2,0
5259,DOXORUBICIN,ABT-888,T47D,18.45688891,2,1
5261,DOXORUBICIN,ABT-888,UWB1289,-0.050017795,2,0
5268,DOXORUBICIN,AZD1775,A427,-1.011515995,3,0
5271,DOXORUBICIN,AZD1775,DLD1,-3.87809199,3,0
5275,DOXORUBICIN,AZD1775,HT144,15.48973141,3,1
5276,DOXORUBICIN,AZD1775,HT29,12.03138893,3,1
5278,DOXORUBICIN,AZD1775,LNCAP,16.86583378,3,1
5282,DOXORUBICIN,AZD1775,NCIH1650,20.84834046,3,1
5283,DOXORUBICIN,AZD1775,NCIH2122,-5.328030101,3,0
5284,DOXORUBICIN,AZD1775,NCIH23,-4.413613169,3,0
5288,DOXORUBICIN,AZD1775,OV90,-13.92283585,3,0
5289,DOXORUBICIN,AZD1775,OVCAR3,33.9244589,3,1
5292,DOXORUBICIN,AZD1775,RPMI7951,-3.713034812,3,0
5293,DOXORUBICIN,AZD1775,SKMEL30,10.53121837,3,1
5295,DOXORUBICIN,AZD1775,SKOV3,14.35293296,3,1
5297,DOXORUBICIN,AZD1775,SW837,10.890698,3,1
5298,DOXORUBICIN,AZD1775,T47D,19.38540678,3,1
5299,DOXORUBICIN,AZD1775,UACC62,13.51779233,3,1
5300,DOXORUBICIN,AZD1775,UWB1289,51.69708044,3,1
5306,DOXORUBICIN,BEZ-235,A375,32.27278459,4,1
5309,DOXORUBICIN,BEZ-235,COLO320DM,18.4527816,4,1
5314,DOXORUBICIN,BEZ-235,HT144,30.63177828,4,1
5315,DOXORUBICIN,BEZ-235,HT29,13.29954097,4,1
5316,DOXORUBICIN,BEZ-235,KPL1,11.35201984,4,1
5317,DOXORUBICIN,BEZ-235,LNCAP,58.91384784,4,1
5318,DOXORUBICIN,BEZ-235,LOVO,10.41877057,4,1
5319,DOXORUBICIN,BEZ-235,MDAMB436,13.96929374,4,1
5320,DOXORUBICIN,BEZ-235,MSTO,-15.97304518,4,0
5321,DOXORUBICIN,BEZ-235,NCIH1650,16.56057641,4,1
5323,DOXORUBICIN,BEZ-235,NCIH23,-12.16392394,4,0
5324,DOXORUBICIN,BEZ-235,NCIH460,29.22056752,4,1
5327,DOXORUBICIN,BEZ-235,OV90,-4.531476059,4,0
5329,DOXORUBICIN,BEZ-235,PA1,-6.20150905,4,0
5331,DOXORUBICIN,BEZ-235,RPMI7951,-8.57653076,4,0
5332,DOXORUBICIN,BEZ-235,SKMEL30,-4.467503695,4,0
5333,DOXORUBICIN,BEZ-235,SKMES1,15.4592237,4,1
5336,DOXORUBICIN,BEZ-235,SW837,21.57672056,4,1
5337,DOXORUBICIN,BEZ-235,T47D,77.42154796,4,1
5338,DOXORUBICIN,BEZ-235,UACC62,20.25884917,4,1
5339,DOXORUBICIN,BEZ-235,UWB1289,13.91029133,4,1
5340,DOXORUBICIN,BEZ-235,UWB1289BRCA1,22.69019628,4,1
5341,DOXORUBICIN,BEZ-235,VCAP,25.21479486,4,1
5342,DOXORUBICIN,BEZ-235,ZR751,19.2790194,4,1
5343,DOXORUBICIN,BORTEZOMIB,A2058,-6.710785962,4,0
5344,DOXORUBICIN,BORTEZOMIB,A2780,-2.726155185,4,0
5345,DOXORUBICIN,BORTEZOMIB,A375,-12.52496679,4,0
5346,DOXORUBICIN,BORTEZOMIB,A427,-10.02828099,4,0
5347,DOXORUBICIN,BORTEZOMIB,CAOV3,-15.85211812,4,0
5348,DOXORUBICIN,BORTEZOMIB,COLO320DM,-25.16080556,4,0
5349,DOXORUBICIN,BORTEZOMIB,DLD1,-0.059756192,4,0
5350,DOXORUBICIN,BORTEZOMIB,EFM192B,-20.72880449,4,0
5351,DOXORUBICIN,BORTEZOMIB,ES2,-29.20215971,4,0
5352,DOXORUBICIN,BORTEZOMIB,HCT116,-5.662637467,4,0
5353,DOXORUBICIN,BORTEZOMIB,HT144,-11.24310517,4,0
5354,DOXORUBICIN,BORTEZOMIB,HT29,-15.48976013,4,0
5355,DOXORUBICIN,BORTEZOMIB,KPL1,-5.242772252,4,0
5358,DOXORUBICIN,BORTEZOMIB,MDAMB436,-5.178433721,4,0
5359,DOXORUBICIN,BORTEZOMIB,MSTO,-36.63297091,4,0
5360,DOXORUBICIN,BORTEZOMIB,NCIH1650,-23.04617464,4,0
5361,DOXORUBICIN,BORTEZOMIB,NCIH2122,-24.85599185,4,0
5362,DOXORUBICIN,BORTEZOMIB,NCIH23,-12.7654294,4,0
5363,DOXORUBICIN,BORTEZOMIB,NCIH460,-6.493141965,4,0
5364,DOXORUBICIN,BORTEZOMIB,NCIH520,-34.04301459,4,0
5365,DOXORUBICIN,BORTEZOMIB,OCUBM,-2.542692027,4,0
5366,DOXORUBICIN,BORTEZOMIB,OV90,-24.81815616,4,0
5367,DOXORUBICIN,BORTEZOMIB,OVCAR3,-16.04003836,4,0
5368,DOXORUBICIN,BORTEZOMIB,PA1,-7.228709873,4,0
5369,DOXORUBICIN,BORTEZOMIB,RKO,-8.243010769,4,0
5370,DOXORUBICIN,BORTEZOMIB,RPMI7951,-11.75971147,4,0
5371,DOXORUBICIN,BORTEZOMIB,SKMEL30,-13.39101488,4,0
5372,DOXORUBICIN,BORTEZOMIB,SKMES1,-19.80912814,4,0
5373,DOXORUBICIN,BORTEZOMIB,SKOV3,-19.96631996,4,0
5377,DOXORUBICIN,BORTEZOMIB,UACC62,-13.95935897,4,0
5378,DOXORUBICIN,BORTEZOMIB,UWB1289,-20.42727748,4,0
5379,DOXORUBICIN,BORTEZOMIB,UWB1289BRCA1,-9.826011176,4,0
5380,DOXORUBICIN,BORTEZOMIB,VCAP,-4.834704013,4,0
5381,DOXORUBICIN,BORTEZOMIB,ZR751,-18.24064921,4,0
5383,DOXORUBICIN,DASATINIB,A2780,31.39869974,4,1
5385,DOXORUBICIN,DASATINIB,A427,27.89795946,4,1
5386,DOXORUBICIN,DASATINIB,CAOV3,13.72943055,4,1
5387,DOXORUBICIN,DASATINIB,COLO320DM,25.75716726,4,1
5388,DOXORUBICIN,DASATINIB,DLD1,11.17531248,4,1
5389,DOXORUBICIN,DASATINIB,EFM192B,24.07845699,4,1
5391,DOXORUBICIN,DASATINIB,HCT116,19.4491848,4,1
5392,DOXORUBICIN,DASATINIB,HT144,-9.383591957,4,0
5393,DOXORUBICIN,DASATINIB,HT29,24.2714133,4,1
5394,DOXORUBICIN,DASATINIB,KPL1,29.52235794,4,1
5395,DOXORUBICIN,DASATINIB,LNCAP,27.22772039,4,1
5396,DOXORUBICIN,DASATINIB,LOVO,40.48800624,4,1
5398,DOXORUBICIN,DASATINIB,MSTO,50.0688705,4,1
5399,DOXORUBICIN,DASATINIB,NCIH1650,41.57685475,4,1
5400,DOXORUBICIN,DASATINIB,NCIH2122,-45.52738575,4,0
5402,DOXORUBICIN,DASATINIB,NCIH460,32.16283448,4,1
5403,DOXORUBICIN,DASATINIB,NCIH520,37.63085438,4,1
5404,DOXORUBICIN,DASATINIB,OCUBM,12.12337837,4,1
5405,DOXORUBICIN,DASATINIB,OV90,11.05204656,4,1
5406,DOXORUBICIN,DASATINIB,OVCAR3,60.12770056,4,1
5408,DOXORUBICIN,DASATINIB,RKO,27.20003072,4,1
5411,DOXORUBICIN,DASATINIB,SKMES1,11.6918643,4,1
5413,DOXORUBICIN,DASATINIB,SW620,36.68571176,4,1
5414,DOXORUBICIN,DASATINIB,SW837,42.52311403,4,1
5415,DOXORUBICIN,DASATINIB,T47D,47.20344049,4,1
5416,DOXORUBICIN,DASATINIB,UACC62,13.10650658,4,1
5417,DOXORUBICIN,DASATINIB,UWB1289,14.88725261,4,1
5419,DOXORUBICIN,DASATINIB,VCAP,22.68755667,4,1
5420,DOXORUBICIN,DASATINIB,ZR751,14.93048546,4,1
5421,DOXORUBICIN,DINACICLIB,A2058,-3.011384024,0,0
5422,DOXORUBICIN,DINACICLIB,A2780,-4.638984389,0,0
5423,DOXORUBICIN,DINACICLIB,A375,-8.574266962,0,0
5424,DOXORUBICIN,DINACICLIB,A427,-1.215931967,0,0
5425,DOXORUBICIN,DINACICLIB,CAOV3,-6.949363513,0,0
5427,DOXORUBICIN,DINACICLIB,DLD1,-1.526260968,0,0
5429,DOXORUBICIN,DINACICLIB,ES2,-3.910275836,0,0
5430,DOXORUBICIN,DINACICLIB,HCT116,-1.843361405,0,0
5431,DOXORUBICIN,DINACICLIB,HT144,-4.440088028,0,0
5432,DOXORUBICIN,DINACICLIB,HT29,-1.416964299,0,0
5433,DOXORUBICIN,DINACICLIB,KPL1,-2.573866476,0,0
5434,DOXORUBICIN,DINACICLIB,LNCAP,-3.217548014,0,0
5435,DOXORUBICIN,DINACICLIB,LOVO,-2.288709853,0,0
5436,DOXORUBICIN,DINACICLIB,MDAMB436,-2.849705387,0,0
5438,DOXORUBICIN,DINACICLIB,NCIH1650,-11.22434215,0,0
5440,DOXORUBICIN,DINACICLIB,NCIH23,-15.25648904,0,0
5442,DOXORUBICIN,DINACICLIB,NCIH520,-11.46926954,0,0
5444,DOXORUBICIN,DINACICLIB,OV90,-14.13956665,0,0
5445,DOXORUBICIN,DINACICLIB,OVCAR3,-14.5249197,0,0
5446,DOXORUBICIN,DINACICLIB,PA1,-5.792258918,0,0
5448,DOXORUBICIN,DINACICLIB,RPMI7951,-9.459007175,0,0
5449,DOXORUBICIN,DINACICLIB,SKMEL30,-0.739713492,0,0
5450,DOXORUBICIN,DINACICLIB,SKMES1,-8.763346452,0,0
5451,DOXORUBICIN,DINACICLIB,SKOV3,-13.50683065,0,0
5453,DOXORUBICIN,DINACICLIB,SW837,-10.20374454,0,0
5455,DOXORUBICIN,DINACICLIB,UACC62,-19.79281766,0,0
5456,DOXORUBICIN,DINACICLIB,UWB1289,-9.711199279,0,0
5457,DOXORUBICIN,DINACICLIB,UWB1289BRCA1,-8.461939539,0,0
5462,DOXORUBICIN,ERLOTINIB,A375,-5.409191442,1,0
5463,DOXORUBICIN,ERLOTINIB,A427,-5.677250808,1,0
5465,DOXORUBICIN,ERLOTINIB,COLO320DM,-31.56962008,1,0
5466,DOXORUBICIN,ERLOTINIB,DLD1,-12.60457968,1,0
5467,DOXORUBICIN,ERLOTINIB,EFM192B,-19.25622462,1,0
5468,DOXORUBICIN,ERLOTINIB,ES2,-4.488325887,1,0
5469,DOXORUBICIN,ERLOTINIB,HCT116,15.81371167,1,1
5473,DOXORUBICIN,ERLOTINIB,LNCAP,-4.941535628,1,0
5474,DOXORUBICIN,ERLOTINIB,LOVO,21.36506775,1,1
5475,DOXORUBICIN,ERLOTINIB,MDAMB436,-1.302458064,1,0
5476,DOXORUBICIN,ERLOTINIB,MSTO,-1.179212026,1,0
5477,DOXORUBICIN,ERLOTINIB,NCIH1650,11.0151241,1,1
5478,DOXORUBICIN,ERLOTINIB,NCIH2122,21.06180058,1,1
5481,DOXORUBICIN,ERLOTINIB,NCIH520,-3.824386717,1,0
5483,DOXORUBICIN,ERLOTINIB,OV90,-17.80334417,1,0
5484,DOXORUBICIN,ERLOTINIB,OVCAR3,-11.40605507,1,0
5485,DOXORUBICIN,ERLOTINIB,PA1,-12.54224979,1,0
5486,DOXORUBICIN,ERLOTINIB,RKO,11.13582703,1,1
5487,DOXORUBICIN,ERLOTINIB,RPMI7951,-7.203985112,1,0
5488,DOXORUBICIN,ERLOTINIB,SKMEL30,-0.245092368,1,0
5489,DOXORUBICIN,ERLOTINIB,SKMES1,-7.58939023,1,0
5490,DOXORUBICIN,ERLOTINIB,SKOV3,-21.42793885,1,0
5492,DOXORUBICIN,ERLOTINIB,SW837,31.14249805,1,1
5493,DOXORUBICIN,ERLOTINIB,T47D,23.91141393,1,1
5494,DOXORUBICIN,ERLOTINIB,UACC62,16.17977615,1,1
5497,DOXORUBICIN,ERLOTINIB,VCAP,12.41447534,1,1
5498,DOXORUBICIN,ERLOTINIB,ZR751,22.75731903,1,1
5501,DOXORUBICIN,GELDANAMYCIN,A375,-6.025828119,0,0
5503,DOXORUBICIN,GELDANAMYCIN,CAOV3,-12.66027519,0,0
5505,DOXORUBICIN,GELDANAMYCIN,DLD1,-7.33289702,0,0
5506,DOXORUBICIN,GELDANAMYCIN,EFM192B,-11.36983635,0,0
5508,DOXORUBICIN,GELDANAMYCIN,HCT116,-3.996297244,0,0
5509,DOXORUBICIN,GELDANAMYCIN,HT144,-2.499539768,0,0
5510,DOXORUBICIN,GELDANAMYCIN,HT29,-0.73809681,0,0
5511,DOXORUBICIN,GELDANAMYCIN,KPL1,-13.10003761,0,0
5512,DOXORUBICIN,GELDANAMYCIN,LNCAP,17.10490646,0,1
5513,DOXORUBICIN,GELDANAMYCIN,LOVO,-8.242673892,0,0
5514,DOXORUBICIN,GELDANAMYCIN,MDAMB436,-7.530098422,0,0
5515,DOXORUBICIN,GELDANAMYCIN,MSTO,-39.58944098,0,0
5516,DOXORUBICIN,GELDANAMYCIN,NCIH1650,-13.40522824,0,0
5517,DOXORUBICIN,GELDANAMYCIN,NCIH2122,-9.219154297,0,0
5518,DOXORUBICIN,GELDANAMYCIN,NCIH23,-23.6318948,0,0
5520,DOXORUBICIN,GELDANAMYCIN,NCIH520,-13.93060179,0,0
5522,DOXORUBICIN,GELDANAMYCIN,OV90,-7.275009999,0,0
5523,DOXORUBICIN,GELDANAMYCIN,OVCAR3,-4.884860863,0,0
5524,DOXORUBICIN,GELDANAMYCIN,PA1,-14.69607112,0,0
5525,DOXORUBICIN,GELDANAMYCIN,RKO,-7.962994128,0,0
5526,DOXORUBICIN,GELDANAMYCIN,RPMI7951,-3.053703894,0,0
5527,DOXORUBICIN,GELDANAMYCIN,SKMEL30,-4.096792214,0,0
5528,DOXORUBICIN,GELDANAMYCIN,SKMES1,-10.20914689,0,0
5529,DOXORUBICIN,GELDANAMYCIN,SKOV3,-7.552835087,0,0
5530,DOXORUBICIN,GELDANAMYCIN,SW620,-3.807000769,0,0
5533,DOXORUBICIN,GELDANAMYCIN,UACC62,-13.6567175,0,0
5535,DOXORUBICIN,GELDANAMYCIN,UWB1289BRCA1,-25.42268311,0,0
5537,DOXORUBICIN,GELDANAMYCIN,ZR751,-5.531905167,0,0
5538,DOXORUBICIN,L778123,A2058,10.08112851,0,1
5541,DOXORUBICIN,L778123,A427,-4.164350861,0,0
5542,DOXORUBICIN,L778123,CAOV3,-8.454691062,0,0
5543,DOXORUBICIN,L778123,COLO320DM,-15.48895957,0,0
5544,DOXORUBICIN,L778123,DLD1,-11.11131859,0,0
5545,DOXORUBICIN,L778123,EFM192B,-20.82073043,0,0
5546,DOXORUBICIN,L778123,ES2,-10.67573422,0,0
5547,DOXORUBICIN,L778123,HCT116,-7.120590587,0,0
5549,DOXORUBICIN,L778123,HT29,11.2533165,0,1
5550,DOXORUBICIN,L778123,KPL1,-7.261282856,0,0
5551,DOXORUBICIN,L778123,LNCAP,13.17164004,0,1
5552,DOXORUBICIN,L778123,LOVO,-5.772930104,0,0
5553,DOXORUBICIN,L778123,MDAMB436,-5.739644362,0,0
5554,DOXORUBICIN,L778123,MSTO,-33.3885015,0,0
5555,DOXORUBICIN,L778123,NCIH1650,-16.1820269,0,0
5556,DOXORUBICIN,L778123,NCIH2122,-8.81911072,0,0
5557,DOXORUBICIN,L778123,NCIH23,-0.63390415,0,0
5559,DOXORUBICIN,L778123,NCIH520,-9.453447697,0,0
5561,DOXORUBICIN,L778123,OV90,-12.9239441,0,0
5562,DOXORUBICIN,L778123,OVCAR3,-33.65088895,0,0
5563,DOXORUBICIN,L778123,PA1,-10.42198965,0,0
5564,DOXORUBICIN,L778123,RKO,-2.995379142,0,0
5565,DOXORUBICIN,L778123,RPMI7951,-4.932395139,0,0
5566,DOXORUBICIN,L778123,SKMEL30,-18.0519715,0,0
5567,DOXORUBICIN,L778123,SKMES1,-12.61471488,0,0
5568,DOXORUBICIN,L778123,SKOV3,-28.31929693,0,0
5570,DOXORUBICIN,L778123,SW837,-17.84420182,0,0
5572,DOXORUBICIN,L778123,UACC62,-7.856584615,0,0
5573,DOXORUBICIN,L778123,UWB1289,-1.706451141,0,0
5574,DOXORUBICIN,L778123,UWB1289BRCA1,-4.917256777,0,0
5575,DOXORUBICIN,L778123,VCAP,-3.651886411,0,0
5576,DOXORUBICIN,L778123,ZR751,-0.136807001,0,0
5580,DOXORUBICIN,LAPATINIB,A427,-4.16687147,0,0
5581,DOXORUBICIN,LAPATINIB,CAOV3,15.34282083,0,1
5582,DOXORUBICIN,LAPATINIB,COLO320DM,-1.678039826,0,0
5583,DOXORUBICIN,LAPATINIB,DLD1,18.10752479,0,1
5586,DOXORUBICIN,LAPATINIB,HCT116,15.6821391,0,1
5587,DOXORUBICIN,LAPATINIB,HT144,16.90605619,0,1
5588,DOXORUBICIN,LAPATINIB,HT29,-3.708763509,0,0
5591,DOXORUBICIN,LAPATINIB,LOVO,27.36484932,0,1
5592,DOXORUBICIN,LAPATINIB,MDAMB436,-6.329957799,0,0
5596,DOXORUBICIN,LAPATINIB,NCIH23,12.68106737,0,1
5598,DOXORUBICIN,LAPATINIB,NCIH520,-18.33191573,0,0
5600,DOXORUBICIN,LAPATINIB,OV90,-19.34729439,0,0
5601,DOXORUBICIN,LAPATINIB,OVCAR3,-3.901454091,0,0
5602,DOXORUBICIN,LAPATINIB,PA1,-8.621104266,0,0
5603,DOXORUBICIN,LAPATINIB,RKO,12.94299615,0,1
5608,DOXORUBICIN,LAPATINIB,SW620,17.54790386,0,1
5609,DOXORUBICIN,LAPATINIB,SW837,35.1944599,0,1
5610,DOXORUBICIN,LAPATINIB,T47D,42.3755568,0,1
5611,DOXORUBICIN,LAPATINIB,UACC62,18.68777203,0,1
5612,DOXORUBICIN,LAPATINIB,UWB1289,-4.859659637,0,0
5615,DOXORUBICIN,LAPATINIB,ZR751,20.61489083,0,1
5618,DOXORUBICIN,MK-2206,A375,22.14258923,1,1
5619,DOXORUBICIN,MK-2206,A427,10.81924288,1,1
5620,DOXORUBICIN,MK-2206,CAOV3,23.55710399,1,1
5623,DOXORUBICIN,MK-2206,EFM192B,-4.988732034,1,0
5626,DOXORUBICIN,MK-2206,HT144,27.55803273,1,1
5627,DOXORUBICIN,MK-2206,HT29,24.334338,1,1
5628,DOXORUBICIN,MK-2206,KPL1,29.00547602,1,1
5629,DOXORUBICIN,MK-2206,LNCAP,21.60217673,1,1
5630,DOXORUBICIN,MK-2206,LOVO,22.72333325,1,1
5632,DOXORUBICIN,MK-2206,MSTO,12.82551179,1,1
5633,DOXORUBICIN,MK-2206,NCIH1650,26.88657696,1,1
5634,DOXORUBICIN,MK-2206,NCIH2122,13.72984905,1,1
5636,DOXORUBICIN,MK-2206,NCIH460,34.74622446,1,1
5641,DOXORUBICIN,MK-2206,PA1,-7.531605642,1,0
5642,DOXORUBICIN,MK-2206,RKO,21.87779765,1,1
5643,DOXORUBICIN,MK-2206,RPMI7951,-2.156404298,1,0
5644,DOXORUBICIN,MK-2206,SKMEL30,14.3452287,1,1
5645,DOXORUBICIN,MK-2206,SKMES1,25.29848232,1,1
5647,DOXORUBICIN,MK-2206,SW620,18.67749944,1,1
5648,DOXORUBICIN,MK-2206,SW837,23.6053657,1,1
5649,DOXORUBICIN,MK-2206,T47D,35.67707513,1,1
5650,DOXORUBICIN,MK-2206,UACC62,23.35116755,1,1
5651,DOXORUBICIN,MK-2206,UWB1289,14.78369939,1,1
5652,DOXORUBICIN,MK-2206,UWB1289BRCA1,20.61771192,1,1
5653,DOXORUBICIN,MK-2206,VCAP,26.36028697,1,1
5654,DOXORUBICIN,MK-2206,ZR751,16.42969908,1,1
5655,DOXORUBICIN,MK-4827,A2058,-12.54308836,3,0
5656,DOXORUBICIN,MK-4827,A2780,-0.525539308,3,0
5657,DOXORUBICIN,MK-4827,A375,-4.141301817,3,0
5658,DOXORUBICIN,MK-4827,A427,-9.90837312,3,0
5660,DOXORUBICIN,MK-4827,COLO320DM,-4.576772728,3,0
5661,DOXORUBICIN,MK-4827,DLD1,-11.73081119,3,0
5662,DOXORUBICIN,MK-4827,EFM192B,-5.817022475,3,0
5663,DOXORUBICIN,MK-4827,ES2,-14.29408631,3,0
5664,DOXORUBICIN,MK-4827,HCT116,-12.83102695,3,0
5665,DOXORUBICIN,MK-4827,HT144,-4.82115412,3,0
5666,DOXORUBICIN,MK-4827,HT29,-8.006011483,3,0
5667,DOXORUBICIN,MK-4827,KPL1,-4.806152324,3,0
5668,DOXORUBICIN,MK-4827,LNCAP,-3.262982719,3,0
5669,DOXORUBICIN,MK-4827,LOVO,-9.400356578,3,0
5670,DOXORUBICIN,MK-4827,MDAMB436,-6.414075394,3,0
5671,DOXORUBICIN,MK-4827,MSTO,-7.551127035,3,0
5673,DOXORUBICIN,MK-4827,NCIH2122,-7.278090018,3,0
5674,DOXORUBICIN,MK-4827,NCIH23,-2.940606275,3,0
5677,DOXORUBICIN,MK-4827,OCUBM,-1.373215911,3,0
5678,DOXORUBICIN,MK-4827,OV90,-27.38243703,3,0
5679,DOXORUBICIN,MK-4827,OVCAR3,-24.26301921,3,0
5680,DOXORUBICIN,MK-4827,PA1,-13.65337261,3,0
5681,DOXORUBICIN,MK-4827,RKO,-0.011282321,3,0
5682,DOXORUBICIN,MK-4827,RPMI7951,-9.422881614,3,0
5684,DOXORUBICIN,MK-4827,SKMES1,-0.733084804,3,0
5685,DOXORUBICIN,MK-4827,SKOV3,-17.73927653,3,0
5686,DOXORUBICIN,MK-4827,SW620,-1.057761564,3,0
5687,DOXORUBICIN,MK-4827,SW837,-21.08137786,3,0
5688,DOXORUBICIN,MK-4827,T47D,21.05152592,3,1
5689,DOXORUBICIN,MK-4827,UACC62,-4.303836465,3,0
5690,DOXORUBICIN,MK-4827,UWB1289,-0.209596369,3,0
5693,DOXORUBICIN,MK-4827,ZR751,-4.896083679,3,0
5694,DOXORUBICIN,MK-5108,A2058,-6.211030489,3,0
5695,DOXORUBICIN,MK-5108,A2780,-0.700420475,3,0
5696,DOXORUBICIN,MK-5108,A375,-5.046413147,3,0
5697,DOXORUBICIN,MK-5108,A427,-18.570381,3,0
5698,DOXORUBICIN,MK-5108,CAOV3,-0.779824948,3,0
5699,DOXORUBICIN,MK-5108,COLO320DM,-15.07155436,3,0
5701,DOXORUBICIN,MK-5108,EFM192B,-12.48880733,3,0
5702,DOXORUBICIN,MK-5108,ES2,-0.382493989,3,0
5704,DOXORUBICIN,MK-5108,HT144,-11.66929395,3,0
5705,DOXORUBICIN,MK-5108,HT29,10.70703629,3,1
5706,DOXORUBICIN,MK-5108,KPL1,-10.05356729,3,0
5707,DOXORUBICIN,MK-5108,LNCAP,-17.37521122,3,0
5708,DOXORUBICIN,MK-5108,LOVO,-11.25304566,3,0
5710,DOXORUBICIN,MK-5108,MSTO,-6.62379424,3,0
5711,DOXORUBICIN,MK-5108,NCIH1650,-7.500639765,3,0
5712,DOXORUBICIN,MK-5108,NCIH2122,-18.33430727,3,0
5714,DOXORUBICIN,MK-5108,NCIH460,-12.25201478,3,0
5715,DOXORUBICIN,MK-5108,NCIH520,-21.05570493,3,0
5716,DOXORUBICIN,MK-5108,OCUBM,-2.231685077,3,0
5717,DOXORUBICIN,MK-5108,OV90,-6.920991401,3,0
5718,DOXORUBICIN,MK-5108,OVCAR3,-17.2476586,3,0
5719,DOXORUBICIN,MK-5108,PA1,-8.760341287,3,0
5720,DOXORUBICIN,MK-5108,RKO,-1.57995793,3,0
5723,DOXORUBICIN,MK-5108,SKMES1,-24.07595167,3,0
5724,DOXORUBICIN,MK-5108,SKOV3,-17.5550089,3,0
5726,DOXORUBICIN,MK-5108,SW837,-7.514199736,3,0
5728,DOXORUBICIN,MK-5108,UACC62,-12.96697781,3,0
5730,DOXORUBICIN,MK-5108,UWB1289BRCA1,-11.72390651,3,0
5731,DOXORUBICIN,MK-5108,VCAP,-9.384556697,3,0
5732,DOXORUBICIN,MK-5108,ZR751,-10.85528899,3,0
5733,DOXORUBICIN,MK-8669,A2058,-10.49023254,3,0
5734,DOXORUBICIN,MK-8669,A2780,12.4297667,3,1
5735,DOXORUBICIN,MK-8669,A375,14.93568694,3,1
5736,DOXORUBICIN,MK-8669,A427,11.25585684,3,1
5738,DOXORUBICIN,MK-8669,COLO320DM,16.91423428,3,1
5740,DOXORUBICIN,MK-8669,EFM192B,18.67852418,3,1
5742,DOXORUBICIN,MK-8669,HCT116,-2.782156497,3,0
5743,DOXORUBICIN,MK-8669,HT144,30.46098996,3,1
5744,DOXORUBICIN,MK-8669,HT29,22.99768644,3,1
5745,DOXORUBICIN,MK-8669,KPL1,29.96509813,3,1
5746,DOXORUBICIN,MK-8669,LNCAP,32.08194968,3,1
5747,DOXORUBICIN,MK-8669,LOVO,10.03151198,3,1
5749,DOXORUBICIN,MK-8669,MSTO,16.89800123,3,1
5750,DOXORUBICIN,MK-8669,NCIH1650,41.18662302,3,1
5751,DOXORUBICIN,MK-8669,NCIH2122,-4.838154392,3,0
5752,DOXORUBICIN,MK-8669,NCIH23,-9.720468871,3,0
5753,DOXORUBICIN,MK-8669,NCIH460,11.49865295,3,1
5758,DOXORUBICIN,MK-8669,PA1,-9.544931153,3,0
5759,DOXORUBICIN,MK-8669,RKO,18.23017812,3,1
5760,DOXORUBICIN,MK-8669,RPMI7951,-5.311772199,3,0
5761,DOXORUBICIN,MK-8669,SKMEL30,21.17126116,3,1
5762,DOXORUBICIN,MK-8669,SKMES1,15.12259291,3,1
5763,DOXORUBICIN,MK-8669,SKOV3,32.25572773,3,1
5764,DOXORUBICIN,MK-8669,SW620,12.59972413,3,1
5765,DOXORUBICIN,MK-8669,SW837,10.75959788,3,1
5766,DOXORUBICIN,MK-8669,T47D,37.87194371,3,1
5767,DOXORUBICIN,MK-8669,UACC62,19.74975123,3,1
5768,DOXORUBICIN,MK-8669,UWB1289,16.96833246,3,1
5769,DOXORUBICIN,MK-8669,UWB1289BRCA1,26.65406513,3,1
5770,DOXORUBICIN,MK-8669,VCAP,26.28132634,3,1
5771,DOXORUBICIN,MK-8669,ZR751,20.06848199,3,1
5772,DOXORUBICIN,MK-8776,A2058,16.68723048,4,1
5774,DOXORUBICIN,MK-8776,A375,25.26990432,4,1
5775,DOXORUBICIN,MK-8776,A427,-1.662979573,4,0
5776,DOXORUBICIN,MK-8776,CAOV3,10.43048062,4,1
5777,DOXORUBICIN,MK-8776,COLO320DM,20.71238376,4,1
5778,DOXORUBICIN,MK-8776,DLD1,13.73361542,4,1
5779,DOXORUBICIN,MK-8776,EFM192B,10.24963571,4,1
5780,DOXORUBICIN,MK-8776,ES2,22.03868685,4,1
5782,DOXORUBICIN,MK-8776,HT144,20.61004647,4,1
5783,DOXORUBICIN,MK-8776,HT29,36.72789817,4,1
5784,DOXORUBICIN,MK-8776,KPL1,-7.506913939,4,0
5785,DOXORUBICIN,MK-8776,LNCAP,-5.664661257,4,0
5786,DOXORUBICIN,MK-8776,LOVO,11.16793224,4,1
5787,DOXORUBICIN,MK-8776,MDAMB436,19.93213089,4,1
5788,DOXORUBICIN,MK-8776,MSTO,-4.799551324,4,0
5789,DOXORUBICIN,MK-8776,NCIH1650,24.5143169,4,1
5790,DOXORUBICIN,MK-8776,NCIH2122,-12.51493838,4,0
5793,DOXORUBICIN,MK-8776,NCIH520,24.53717622,4,1
5795,DOXORUBICIN,MK-8776,OV90,-1.591375892,4,0
5796,DOXORUBICIN,MK-8776,OVCAR3,52.03572177,4,1
5797,DOXORUBICIN,MK-8776,PA1,-14.68972152,4,0
5798,DOXORUBICIN,MK-8776,RKO,-5.493759816,4,0
5799,DOXORUBICIN,MK-8776,RPMI7951,-0.848725062,4,0
5800,DOXORUBICIN,MK-8776,SKMEL30,37.95548534,4,1
5801,DOXORUBICIN,MK-8776,SKMES1,-15.15977039,4,0
5802,DOXORUBICIN,MK-8776,SKOV3,12.01480757,4,1
5803,DOXORUBICIN,MK-8776,SW620,-4.565436589,4,0
5805,DOXORUBICIN,MK-8776,T47D,-2.770384063,4,0
5808,DOXORUBICIN,MK-8776,UWB1289BRCA1,-9.104901727,4,0
5809,DOXORUBICIN,MK-8776,VCAP,23.08072424,4,1
5810,DOXORUBICIN,MK-8776,ZR751,-0.508321351,4,0
5811,DOXORUBICIN,PD325901,A2058,12.39260362,1,1
5812,DOXORUBICIN,PD325901,A2780,18.35160994,1,1
5817,DOXORUBICIN,PD325901,DLD1,-1.091918752,1,0
5819,DOXORUBICIN,PD325901,ES2,13.13454868,1,1
5826,DOXORUBICIN,PD325901,MDAMB436,-6.600059697,1,0
5827,DOXORUBICIN,PD325901,MSTO,-24.77537839,1,0
5829,DOXORUBICIN,PD325901,NCIH2122,-2.101771211,1,0
5831,DOXORUBICIN,PD325901,NCIH460,28.33583948,1,1
5832,DOXORUBICIN,PD325901,NCIH520,-27.66661757,1,0
5835,DOXORUBICIN,PD325901,OVCAR3,-11.38678255,1,0
5836,DOXORUBICIN,PD325901,PA1,-12.47613222,1,0
5837,DOXORUBICIN,PD325901,RKO,16.12484868,1,1
5838,DOXORUBICIN,PD325901,RPMI7951,-9.30258192,1,0
5839,DOXORUBICIN,PD325901,SKMEL30,-24.51115165,1,0
5840,DOXORUBICIN,PD325901,SKMES1,-5.77581247,1,0
5841,DOXORUBICIN,PD325901,SKOV3,-4.445761682,1,0
5842,DOXORUBICIN,PD325901,SW620,13.7226596,1,1
5843,DOXORUBICIN,PD325901,SW837,13.15602222,1,1
5844,DOXORUBICIN,PD325901,T47D,11.75903266,1,1
5846,DOXORUBICIN,PD325901,UWB1289,11.57012813,1,1
5847,DOXORUBICIN,PD325901,UWB1289BRCA1,-2.154139007,1,0
5848,DOXORUBICIN,PD325901,VCAP,14.0075114,1,1
5849,DOXORUBICIN,PD325901,ZR751,10.77925225,1,1
5850,DOXORUBICIN,SORAFENIB,A2058,-4.862590299,1,0
5851,DOXORUBICIN,SORAFENIB,A2780,-3.553426077,1,0
5852,DOXORUBICIN,SORAFENIB,A375,-46.04624136,1,0
5853,DOXORUBICIN,SORAFENIB,A427,-4.134505899,1,0
5854,DOXORUBICIN,SORAFENIB,CAOV3,-11.89438771,1,0
5855,DOXORUBICIN,SORAFENIB,COLO320DM,-14.18531713,1,0
5856,DOXORUBICIN,SORAFENIB,DLD1,-6.050332538,1,0
5857,DOXORUBICIN,SORAFENIB,EFM192B,-23.57420414,1,0
5858,DOXORUBICIN,SORAFENIB,ES2,-11.95953971,1,0
5859,DOXORUBICIN,SORAFENIB,HCT116,-12.93846288,1,0
5860,DOXORUBICIN,SORAFENIB,HT144,-4.139761502,1,0
5861,DOXORUBICIN,SORAFENIB,HT29,-13.3605129,1,0
5862,DOXORUBICIN,SORAFENIB,KPL1,-8.141778775,1,0
5863,DOXORUBICIN,SORAFENIB,LNCAP,-10.73493807,1,0
5864,DOXORUBICIN,SORAFENIB,LOVO,-15.29786353,1,0
5865,DOXORUBICIN,SORAFENIB,MDAMB436,-16.18892584,1,0
5866,DOXORUBICIN,SORAFENIB,MSTO,-9.51380606,1,0
5867,DOXORUBICIN,SORAFENIB,NCIH1650,-22.85367654,1,0
5868,DOXORUBICIN,SORAFENIB,NCIH2122,-12.79070237,1,0
5869,DOXORUBICIN,SORAFENIB,NCIH23,-13.26867902,1,0
5870,DOXORUBICIN,SORAFENIB,NCIH460,-1.644792192,1,0
5871,DOXORUBICIN,SORAFENIB,NCIH520,-6.61710691,1,0
5872,DOXORUBICIN,SORAFENIB,OCUBM,-4.040732208,1,0
5873,DOXORUBICIN,SORAFENIB,OV90,-14.13044098,1,0
5874,DOXORUBICIN,SORAFENIB,OVCAR3,-39.00145769,1,0
5875,DOXORUBICIN,SORAFENIB,PA1,-3.324508528,1,0
5876,DOXORUBICIN,SORAFENIB,RKO,-12.0189401,1,0
5877,DOXORUBICIN,SORAFENIB,RPMI7951,-16.13219697,1,0
5878,DOXORUBICIN,SORAFENIB,SKMEL30,-5.768527904,1,0
5879,DOXORUBICIN,SORAFENIB,SKMES1,-19.00794257,1,0
5880,DOXORUBICIN,SORAFENIB,SKOV3,-22.50246654,1,0
5881,DOXORUBICIN,SORAFENIB,SW620,-5.600374644,1,0
5882,DOXORUBICIN,SORAFENIB,SW837,-17.63687925,1,0
5883,DOXORUBICIN,SORAFENIB,T47D,-2.845453918,1,0
5884,DOXORUBICIN,SORAFENIB,UACC62,-8.296192939,1,0
5885,DOXORUBICIN,SORAFENIB,UWB1289,-4.144699088,1,0
5886,DOXORUBICIN,SORAFENIB,UWB1289BRCA1,-8.530771968,1,0
5887,DOXORUBICIN,SORAFENIB,VCAP,-17.31329588,1,0
5888,DOXORUBICIN,SORAFENIB,ZR751,-18.74222054,1,0
5889,DOXORUBICIN,SUNITINIB,A2058,-3.166045586,4,0
5890,DOXORUBICIN,SUNITINIB,A2780,-2.462325515,4,0
5891,DOXORUBICIN,SUNITINIB,A375,-31.96588485,4,0
5893,DOXORUBICIN,SUNITINIB,CAOV3,-2.451066553,4,0
5894,DOXORUBICIN,SUNITINIB,COLO320DM,-0.995445779,4,0
5895,DOXORUBICIN,SUNITINIB,DLD1,-7.541154695,4,0
5896,DOXORUBICIN,SUNITINIB,EFM192B,-15.78295255,4,0
5897,DOXORUBICIN,SUNITINIB,ES2,-4.527319575,4,0
5898,DOXORUBICIN,SUNITINIB,HCT116,-8.328886761,4,0
5899,DOXORUBICIN,SUNITINIB,HT144,-4.610397019,4,0
5900,DOXORUBICIN,SUNITINIB,HT29,-7.942580167,4,0
5902,DOXORUBICIN,SUNITINIB,LNCAP,-23.84764824,4,0
5903,DOXORUBICIN,SUNITINIB,LOVO,-2.036964087,4,0
5904,DOXORUBICIN,SUNITINIB,MDAMB436,-6.431261859,4,0
5905,DOXORUBICIN,SUNITINIB,MSTO,-14.56283254,4,0
5906,DOXORUBICIN,SUNITINIB,NCIH1650,-1.246172213,4,0
5907,DOXORUBICIN,SUNITINIB,NCIH2122,-4.384007835,4,0
5908,DOXORUBICIN,SUNITINIB,NCIH23,-15.54788956,4,0
5909,DOXORUBICIN,SUNITINIB,NCIH460,-1.466898108,4,0
5910,DOXORUBICIN,SUNITINIB,NCIH520,-10.66924847,4,0
5911,DOXORUBICIN,SUNITINIB,OCUBM,-4.967757361,4,0
5912,DOXORUBICIN,SUNITINIB,OV90,-12.69968245,4,0
5913,DOXORUBICIN,SUNITINIB,OVCAR3,-9.54640494,4,0
5914,DOXORUBICIN,SUNITINIB,PA1,-7.10505902,4,0
5915,DOXORUBICIN,SUNITINIB,RKO,-9.807447258,4,0
5916,DOXORUBICIN,SUNITINIB,RPMI7951,-12.95040498,4,0
5917,DOXORUBICIN,SUNITINIB,SKMEL30,-4.046160182,4,0
5918,DOXORUBICIN,SUNITINIB,SKMES1,-16.63118696,4,0
5919,DOXORUBICIN,SUNITINIB,SKOV3,-14.38319177,4,0
5921,DOXORUBICIN,SUNITINIB,SW837,-3.256295775,4,0
5922,DOXORUBICIN,SUNITINIB,T47D,-12.09784645,4,0
5923,DOXORUBICIN,SUNITINIB,UACC62,-1.840751973,4,0
5924,DOXORUBICIN,SUNITINIB,UWB1289,-1.292234704,4,0
5926,DOXORUBICIN,SUNITINIB,VCAP,-4.059515997,4,0
5927,DOXORUBICIN,SUNITINIB,ZR751,-6.11998313,4,0
5928,DOXORUBICIN,TEMOZOLOMIDE,A2058,-8.536224943,2,0
5930,DOXORUBICIN,TEMOZOLOMIDE,A375,-5.917122875,2,0
5932,DOXORUBICIN,TEMOZOLOMIDE,CAOV3,-0.88117833,2,0
5933,DOXORUBICIN,TEMOZOLOMIDE,COLO320DM,11.72823909,2,1
5934,DOXORUBICIN,TEMOZOLOMIDE,DLD1,-1.521509747,2,0
5935,DOXORUBICIN,TEMOZOLOMIDE,EFM192B,13.47416785,2,1
5938,DOXORUBICIN,TEMOZOLOMIDE,HT144,-1.193602735,2,0
5940,DOXORUBICIN,TEMOZOLOMIDE,KPL1,-17.7321459,2,0
5941,DOXORUBICIN,TEMOZOLOMIDE,LNCAP,-9.901758516,2,0
5942,DOXORUBICIN,TEMOZOLOMIDE,LOVO,-0.185936484,2,0
5943,DOXORUBICIN,TEMOZOLOMIDE,MDAMB436,-12.98371133,2,0
5944,DOXORUBICIN,TEMOZOLOMIDE,MSTO,-0.439918414,2,0
5946,DOXORUBICIN,TEMOZOLOMIDE,NCIH2122,-11.3086724,2,0
5949,DOXORUBICIN,TEMOZOLOMIDE,NCIH520,-4.918525302,2,0
5951,DOXORUBICIN,TEMOZOLOMIDE,OV90,-3.615693015,2,0
5952,DOXORUBICIN,TEMOZOLOMIDE,OVCAR3,-8.251245405,2,0
5953,DOXORUBICIN,TEMOZOLOMIDE,PA1,-12.45608267,2,0
5954,DOXORUBICIN,TEMOZOLOMIDE,RKO,-0.410601452,2,0
5955,DOXORUBICIN,TEMOZOLOMIDE,RPMI7951,-1.889011346,2,0
5956,DOXORUBICIN,TEMOZOLOMIDE,SKMEL30,10.48805015,2,1
5958,DOXORUBICIN,TEMOZOLOMIDE,SKOV3,-8.797238208,2,0
5960,DOXORUBICIN,TEMOZOLOMIDE,SW837,-13.32181269,2,0
5962,DOXORUBICIN,TEMOZOLOMIDE,UACC62,-18.9433129,2,0
5965,DOXORUBICIN,TEMOZOLOMIDE,VCAP,11.61955498,2,1
5966,DOXORUBICIN,TEMOZOLOMIDE,ZR751,-13.27729077,2,0
5969,DOXORUBICIN,ZOLINZA,A375,12.85459394,0,1
5970,DOXORUBICIN,ZOLINZA,A427,-11.11280124,0,0
5971,DOXORUBICIN,ZOLINZA,CAOV3,-6.281497285,0,0
5975,DOXORUBICIN,ZOLINZA,ES2,14.05256078,0,1
5976,DOXORUBICIN,ZOLINZA,HCT116,-5.2901855,0,0
5978,DOXORUBICIN,ZOLINZA,HT29,24.56828323,0,1
5979,DOXORUBICIN,ZOLINZA,KPL1,-7.140546993,0,0
5980,DOXORUBICIN,ZOLINZA,LNCAP,25.43427623,0,1
5983,DOXORUBICIN,ZOLINZA,MSTO,11.73760282,0,1
5986,DOXORUBICIN,ZOLINZA,NCIH23,-2.429277099,0,0
5987,DOXORUBICIN,ZOLINZA,NCIH460,13.40511074,0,1
5988,DOXORUBICIN,ZOLINZA,NCIH520,-6.127481674,0,0
5990,DOXORUBICIN,ZOLINZA,OV90,-0.036322098,0,0
5991,DOXORUBICIN,ZOLINZA,OVCAR3,-6.519952637,0,0
5992,DOXORUBICIN,ZOLINZA,PA1,-4.913669634,0,0
5993,DOXORUBICIN,ZOLINZA,RKO,-2.881661544,0,0
5994,DOXORUBICIN,ZOLINZA,RPMI7951,-3.295385102,0,0
5995,DOXORUBICIN,ZOLINZA,SKMEL30,-0.176543302,0,0
5996,DOXORUBICIN,ZOLINZA,SKMES1,13.76353732,0,1
5997,DOXORUBICIN,ZOLINZA,SKOV3,22.25581931,0,1
5998,DOXORUBICIN,ZOLINZA,SW620,-2.414926132,0,0
6000,DOXORUBICIN,ZOLINZA,T47D,22.84665169,0,1
6002,DOXORUBICIN,ZOLINZA,UWB1289,23.30745483,0,1
6003,DOXORUBICIN,ZOLINZA,UWB1289BRCA1,20.00427139,0,1
6004,DOXORUBICIN,ZOLINZA,VCAP,18.61639583,0,1
6008,ERLOTINIB,ABT-888,A375,-1.887476573,4,0
6009,ERLOTINIB,ABT-888,A427,-1.926503305,4,0
6011,ERLOTINIB,ABT-888,COLO320DM,-1.240222965,4,0
6014,ERLOTINIB,ABT-888,ES2,-12.43349741,4,0
6015,ERLOTINIB,ABT-888,HCT116,-3.424746588,4,0
6016,ERLOTINIB,ABT-888,HT144,-5.994644575,4,0
6017,ERLOTINIB,ABT-888,HT29,-11.26311941,4,0
6018,ERLOTINIB,ABT-888,KPL1,-2.182880996,4,0
6019,ERLOTINIB,ABT-888,LNCAP,-23.8823541,4,0
6022,ERLOTINIB,ABT-888,MSTO,52.03256407,4,1
6023,ERLOTINIB,ABT-888,NCIH1650,-7.117012472,4,0
6025,ERLOTINIB,ABT-888,NCIH23,-4.735547822,4,0
6026,ERLOTINIB,ABT-888,NCIH460,-6.515653333,4,0
6027,ERLOTINIB,ABT-888,NCIH520,-3.76865619,4,0
6028,ERLOTINIB,ABT-888,OCUBM,11.95283075,4,1
6029,ERLOTINIB,ABT-888,OV90,-13.32020911,4,0
6030,ERLOTINIB,ABT-888,OVCAR3,-5.767442668,4,0
6032,ERLOTINIB,ABT-888,RKO,-5.955965421,4,0
6033,ERLOTINIB,ABT-888,RPMI7951,-8.09310882,4,0
6034,ERLOTINIB,ABT-888,SKMEL30,-1.277147404,4,0
6037,ERLOTINIB,ABT-888,SW620,-11.64468066,4,0
6039,ERLOTINIB,ABT-888,T47D,-14.15331149,4,0
6040,ERLOTINIB,ABT-888,UACC62,-8.248065955,4,0
6043,ERLOTINIB,ABT-888,VCAP,-17.27573982,4,0
6044,ERLOTINIB,ABT-888,ZR751,-1.402435654,4,0
6045,ERLOTINIB,BEZ-235,A2058,30.44723473,0,1
6046,ERLOTINIB,BEZ-235,A2780,32.9904113,0,1
6047,ERLOTINIB,BEZ-235,A375,32.79138222,0,1
6048,ERLOTINIB,BEZ-235,A427,24.82046387,0,1
6049,ERLOTINIB,BEZ-235,CAOV3,53.23611483,0,1
6050,ERLOTINIB,BEZ-235,COLO320DM,23.85059687,0,1
6051,ERLOTINIB,BEZ-235,DLD1,41.94861745,0,1
6052,ERLOTINIB,BEZ-235,EFM192B,36.28988368,0,1
6053,ERLOTINIB,BEZ-235,ES2,13.49243273,0,1
6054,ERLOTINIB,BEZ-235,HCT116,40.74023865,0,1
6056,ERLOTINIB,BEZ-235,HT29,37.24732576,0,1
6057,ERLOTINIB,BEZ-235,KPL1,31.23105824,0,1
6058,ERLOTINIB,BEZ-235,LNCAP,85.15352215,0,1
6059,ERLOTINIB,BEZ-235,LOVO,38.90157501,0,1
6060,ERLOTINIB,BEZ-235,MDAMB436,34.3614618,0,1
6061,ERLOTINIB,BEZ-235,MSTO,40.76447271,0,1
6062,ERLOTINIB,BEZ-235,NCIH1650,26.76837282,0,1
6063,ERLOTINIB,BEZ-235,NCIH2122,53.94195019,0,1
6064,ERLOTINIB,BEZ-235,NCIH23,30.39517847,0,1
6065,ERLOTINIB,BEZ-235,NCIH460,34.65177323,0,1
6066,ERLOTINIB,BEZ-235,NCIH520,36.29686721,0,1
6067,ERLOTINIB,BEZ-235,OCUBM,28.33328867,0,1
6068,ERLOTINIB,BEZ-235,OV90,23.65798387,0,1
6069,ERLOTINIB,BEZ-235,OVCAR3,41.44320365,0,1
6070,ERLOTINIB,BEZ-235,PA1,28.77665393,0,1
6071,ERLOTINIB,BEZ-235,RKO,12.93696265,0,1
6072,ERLOTINIB,BEZ-235,RPMI7951,33.10748025,0,1
6073,ERLOTINIB,BEZ-235,SKMEL30,40.3172508,0,1
6074,ERLOTINIB,BEZ-235,SKMES1,40.10436985,0,1
6075,ERLOTINIB,BEZ-235,SKOV3,33.22300939,0,1
6076,ERLOTINIB,BEZ-235,SW620,12.78686077,0,1
6077,ERLOTINIB,BEZ-235,SW837,48.23512601,0,1
6078,ERLOTINIB,BEZ-235,T47D,141.790374,0,1
6079,ERLOTINIB,BEZ-235,UACC62,21.03592517,0,1
6080,ERLOTINIB,BEZ-235,UWB1289,40.58463507,0,1
6081,ERLOTINIB,BEZ-235,UWB1289BRCA1,41.01457813,0,1
6082,ERLOTINIB,BEZ-235,VCAP,29.05193526,0,1
6083,ERLOTINIB,BEZ-235,ZR751,52.1263634,0,1
6084,ERLOTINIB,BORTEZOMIB,A2058,-1.029009573,0,0
6085,ERLOTINIB,BORTEZOMIB,A2780,-23.08608321,0,0
6086,ERLOTINIB,BORTEZOMIB,A375,25.53971155,0,1
6087,ERLOTINIB,BORTEZOMIB,A427,-15.65410165,0,0
6088,ERLOTINIB,BORTEZOMIB,CAOV3,-18.43407369,0,0
6089,ERLOTINIB,BORTEZOMIB,COLO320DM,-19.42850827,0,0
6091,ERLOTINIB,BORTEZOMIB,EFM192B,-1.662792904,0,0
6092,ERLOTINIB,BORTEZOMIB,ES2,-22.64897131,0,0
6094,ERLOTINIB,BORTEZOMIB,HT144,-16.19947167,0,0
6095,ERLOTINIB,BORTEZOMIB,HT29,-14.92795583,0,0
6097,ERLOTINIB,BORTEZOMIB,LNCAP,-17.80210878,0,0
6099,ERLOTINIB,BORTEZOMIB,MDAMB436,-6.150347221,0,0
6100,ERLOTINIB,BORTEZOMIB,MSTO,29.00394489,0,1
6101,ERLOTINIB,BORTEZOMIB,NCIH1650,-14.2940195,0,0
6102,ERLOTINIB,BORTEZOMIB,NCIH2122,-3.425737389,0,0
6103,ERLOTINIB,BORTEZOMIB,NCIH23,-6.601665315,0,0
6105,ERLOTINIB,BORTEZOMIB,NCIH520,-23.84255611,0,0
6107,ERLOTINIB,BORTEZOMIB,OV90,-10.51068817,0,0
6108,ERLOTINIB,BORTEZOMIB,OVCAR3,-15.0662119,0,0
6109,ERLOTINIB,BORTEZOMIB,PA1,-9.264225,0,0
6110,ERLOTINIB,BORTEZOMIB,RKO,12.72509864,0,1
6111,ERLOTINIB,BORTEZOMIB,RPMI7951,-16.84735374,0,0
6113,ERLOTINIB,BORTEZOMIB,SKMES1,-11.42040437,0,0
6114,ERLOTINIB,BORTEZOMIB,SKOV3,-6.234852767,0,0
6116,ERLOTINIB,BORTEZOMIB,SW837,29.48258491,0,1
6117,ERLOTINIB,BORTEZOMIB,T47D,-42.70233051,0,0
6118,ERLOTINIB,BORTEZOMIB,UACC62,-20.68908184,0,0
6119,ERLOTINIB,BORTEZOMIB,UWB1289,-20.09891095,0,0
6121,ERLOTINIB,BORTEZOMIB,VCAP,12.84897078,0,1
6122,ERLOTINIB,BORTEZOMIB,ZR751,13.7066596,0,1
6123,ERLOTINIB,DASATINIB,A2058,50.85612673,3,1
6124,ERLOTINIB,DASATINIB,A2780,55.7433202,3,1
6126,ERLOTINIB,DASATINIB,A427,67.02852359,3,1
6127,ERLOTINIB,DASATINIB,CAOV3,35.76292632,3,1
6129,ERLOTINIB,DASATINIB,DLD1,68.43284741,3,1
6130,ERLOTINIB,DASATINIB,EFM192B,52.37427854,3,1
6131,ERLOTINIB,DASATINIB,ES2,12.7782884,3,1
6132,ERLOTINIB,DASATINIB,HCT116,-2.842623837,3,0
6133,ERLOTINIB,DASATINIB,HT144,-44.27131648,3,0
6134,ERLOTINIB,DASATINIB,HT29,26.65382131,3,1
6135,ERLOTINIB,DASATINIB,KPL1,-4.168161385,3,0
6136,ERLOTINIB,DASATINIB,LNCAP,30.85505426,3,1
6137,ERLOTINIB,DASATINIB,LOVO,39.95268983,3,1
6138,ERLOTINIB,DASATINIB,MDAMB436,20.86509131,3,1
6139,ERLOTINIB,DASATINIB,MSTO,-112.7046695,3,0
6140,ERLOTINIB,DASATINIB,NCIH1650,61.58695742,3,1
6141,ERLOTINIB,DASATINIB,NCIH2122,-6.547239182,3,0
6142,ERLOTINIB,DASATINIB,NCIH23,21.80651781,3,1
6143,ERLOTINIB,DASATINIB,NCIH460,10.24858768,3,1
6144,ERLOTINIB,DASATINIB,NCIH520,48.936706,3,1
6145,ERLOTINIB,DASATINIB,OCUBM,11.81838785,3,1
6146,ERLOTINIB,DASATINIB,OV90,15.20127919,3,1
6147,ERLOTINIB,DASATINIB,OVCAR3,100.767868,3,1
6148,ERLOTINIB,DASATINIB,PA1,26.42060573,3,1
6149,ERLOTINIB,DASATINIB,RKO,11.2554584,3,1
6150,ERLOTINIB,DASATINIB,RPMI7951,20.22782323,3,1
6151,ERLOTINIB,DASATINIB,SKMEL30,-20.14259668,3,0
6152,ERLOTINIB,DASATINIB,SKMES1,55.34476194,3,1
6153,ERLOTINIB,DASATINIB,SKOV3,34.88545929,3,1
6154,ERLOTINIB,DASATINIB,SW620,31.19986694,3,1
6155,ERLOTINIB,DASATINIB,SW837,55.38902039,3,1
6156,ERLOTINIB,DASATINIB,T47D,18.30709922,3,1
6157,ERLOTINIB,DASATINIB,UACC62,30.71440017,3,1
6158,ERLOTINIB,DASATINIB,UWB1289,43.18599864,3,1
6159,ERLOTINIB,DASATINIB,UWB1289BRCA1,49.46793269,3,1
6160,ERLOTINIB,DASATINIB,VCAP,19.84983708,3,1
6161,ERLOTINIB,DASATINIB,ZR751,-53.72833547,3,0
6165,ERLOTINIB,DINACICLIB,A427,-3.548762589,0,0
6166,ERLOTINIB,DINACICLIB,CAOV3,-5.815744842,0,0
6167,ERLOTINIB,DINACICLIB,COLO320DM,43.51603934,0,1
6168,ERLOTINIB,DINACICLIB,DLD1,25.7207845,0,1
6173,ERLOTINIB,DINACICLIB,HT29,-3.655231977,0,0
6175,ERLOTINIB,DINACICLIB,LNCAP,25.47660754,0,1
6177,ERLOTINIB,DINACICLIB,MDAMB436,-5.376299308,0,0
6178,ERLOTINIB,DINACICLIB,MSTO,-45.42477831,0,0
6180,ERLOTINIB,DINACICLIB,NCIH2122,20.25445639,0,1
6181,ERLOTINIB,DINACICLIB,NCIH23,14.23459108,0,1
6182,ERLOTINIB,DINACICLIB,NCIH460,13.59767958,0,1
6183,ERLOTINIB,DINACICLIB,NCIH520,18.87978477,0,1
6184,ERLOTINIB,DINACICLIB,OCUBM,-16.85915516,0,0
6186,ERLOTINIB,DINACICLIB,OVCAR3,14.14311449,0,1
6187,ERLOTINIB,DINACICLIB,PA1,-9.798475284,0,0
6191,ERLOTINIB,DINACICLIB,SKMES1,10.47137421,0,1
6192,ERLOTINIB,DINACICLIB,SKOV3,-2.90630388,0,0
6193,ERLOTINIB,DINACICLIB,SW620,-8.866955639,0,0
6194,ERLOTINIB,DINACICLIB,SW837,18.12131524,0,1
6195,ERLOTINIB,DINACICLIB,T47D,-1.093565722,0,0
6196,ERLOTINIB,DINACICLIB,UACC62,13.68510083,0,1
6198,ERLOTINIB,DINACICLIB,UWB1289BRCA1,10.00009536,0,1
6199,ERLOTINIB,DINACICLIB,VCAP,32.25620878,0,1
6200,ERLOTINIB,DINACICLIB,ZR751,13.8918059,0,1
6201,ERLOTINIB,GELDANAMYCIN,A2058,19.85832894,4,1
6202,ERLOTINIB,GELDANAMYCIN,A2780,-0.606103969,4,0
6203,ERLOTINIB,GELDANAMYCIN,A375,36.18756156,4,1
6204,ERLOTINIB,GELDANAMYCIN,A427,-3.759599548,4,0
6206,ERLOTINIB,GELDANAMYCIN,COLO320DM,-0.252340221,4,0
6207,ERLOTINIB,GELDANAMYCIN,DLD1,31.67965199,4,1
6209,ERLOTINIB,GELDANAMYCIN,ES2,-3.059834643,4,0
6210,ERLOTINIB,GELDANAMYCIN,HCT116,41.62495754,4,1
6211,ERLOTINIB,GELDANAMYCIN,HT144,15.66375655,4,1
6214,ERLOTINIB,GELDANAMYCIN,LNCAP,18.1382983,4,1
6215,ERLOTINIB,GELDANAMYCIN,LOVO,-2.718358817,4,0
6216,ERLOTINIB,GELDANAMYCIN,MDAMB436,16.84856589,4,1
6217,ERLOTINIB,GELDANAMYCIN,MSTO,-22.21185453,4,0
6218,ERLOTINIB,GELDANAMYCIN,NCIH1650,15.16674413,4,1
6219,ERLOTINIB,GELDANAMYCIN,NCIH2122,14.00819815,4,1
6221,ERLOTINIB,GELDANAMYCIN,NCIH460,19.6340789,4,1
6222,ERLOTINIB,GELDANAMYCIN,NCIH520,14.49662936,4,1
6223,ERLOTINIB,GELDANAMYCIN,OCUBM,-12.9753621,4,0
6224,ERLOTINIB,GELDANAMYCIN,OV90,-8.956888638,4,0
6225,ERLOTINIB,GELDANAMYCIN,OVCAR3,-34.65717496,4,0
6226,ERLOTINIB,GELDANAMYCIN,PA1,12.7639594,4,1
6228,ERLOTINIB,GELDANAMYCIN,RPMI7951,-10.72328848,4,0
6230,ERLOTINIB,GELDANAMYCIN,SKMES1,22.27090141,4,1
6232,ERLOTINIB,GELDANAMYCIN,SW620,-8.082114571,4,0
6234,ERLOTINIB,GELDANAMYCIN,T47D,14.68821763,4,1
6235,ERLOTINIB,GELDANAMYCIN,UACC62,11.9198049,4,1
6236,ERLOTINIB,GELDANAMYCIN,UWB1289,-22.88384516,4,0
6237,ERLOTINIB,GELDANAMYCIN,UWB1289BRCA1,-22.83848169,4,0
6240,ERLOTINIB,MK-8669,A2058,52.26171598,4,1
6241,ERLOTINIB,MK-8669,A2780,36.23987344,4,1
6242,ERLOTINIB,MK-8669,A375,56.66491207,4,1
6243,ERLOTINIB,MK-8669,A427,32.50271138,4,1
6244,ERLOTINIB,MK-8669,CAOV3,62.65781411,4,1
6245,ERLOTINIB,MK-8669,COLO320DM,14.54776802,4,1
6246,ERLOTINIB,MK-8669,DLD1,44.79209385,4,1
6247,ERLOTINIB,MK-8669,EFM192B,65.95898663,4,1
6248,ERLOTINIB,MK-8669,ES2,44.9903576,4,1
6249,ERLOTINIB,MK-8669,HCT116,18.10165268,4,1
6250,ERLOTINIB,MK-8669,HT144,36.79371745,4,1
6251,ERLOTINIB,MK-8669,HT29,31.57708029,4,1
6252,ERLOTINIB,MK-8669,KPL1,46.75582861,4,1
6253,ERLOTINIB,MK-8669,LNCAP,28.7507326,4,1
6254,ERLOTINIB,MK-8669,LOVO,47.34442041,4,1
6255,ERLOTINIB,MK-8669,MDAMB436,26.64170048,4,1
6256,ERLOTINIB,MK-8669,MSTO,-137.2614159,4,0
6257,ERLOTINIB,MK-8669,NCIH1650,18.00313731,4,1
6258,ERLOTINIB,MK-8669,NCIH2122,45.29161162,4,1
6259,ERLOTINIB,MK-8669,NCIH23,40.58409884,4,1
6260,ERLOTINIB,MK-8669,NCIH460,42.49559207,4,1
6261,ERLOTINIB,MK-8669,NCIH520,20.02741966,4,1
6262,ERLOTINIB,MK-8669,OCUBM,48.47002622,4,1
6263,ERLOTINIB,MK-8669,OV90,42.80120535,4,1
6264,ERLOTINIB,MK-8669,OVCAR3,37.04348424,4,1
6265,ERLOTINIB,MK-8669,PA1,52.51412182,4,1
6266,ERLOTINIB,MK-8669,RKO,38.54313446,4,1
6267,ERLOTINIB,MK-8669,RPMI7951,42.44759178,4,1
6268,ERLOTINIB,MK-8669,SKMEL30,62.09326122,4,1
6269,ERLOTINIB,MK-8669,SKMES1,32.10376803,4,1
6270,ERLOTINIB,MK-8669,SKOV3,60.90617431,4,1
6271,ERLOTINIB,MK-8669,SW620,21.62925184,4,1
6272,ERLOTINIB,MK-8669,SW837,34.68853378,4,1
6273,ERLOTINIB,MK-8669,T47D,54.65479081,4,1
6274,ERLOTINIB,MK-8669,UACC62,60.95019851,4,1
6275,ERLOTINIB,MK-8669,UWB1289,40.66982585,4,1
6276,ERLOTINIB,MK-8669,UWB1289BRCA1,40.57509394,4,1
6277,ERLOTINIB,MK-8669,VCAP,17.97298939,4,1
6278,ERLOTINIB,MK-8669,ZR751,71.43896439,4,1
6279,ERLOTINIB,MK-8776,A2058,24.12947014,2,1
6280,ERLOTINIB,MK-8776,A2780,29.21281262,2,1
6281,ERLOTINIB,MK-8776,A375,37.74995952,2,1
6282,ERLOTINIB,MK-8776,A427,14.76047621,2,1
6283,ERLOTINIB,MK-8776,CAOV3,40.45472172,2,1
6284,ERLOTINIB,MK-8776,COLO320DM,17.28818585,2,1
6285,ERLOTINIB,MK-8776,DLD1,12.76066203,2,1
6286,ERLOTINIB,MK-8776,EFM192B,12.21640554,2,1
6287,ERLOTINIB,MK-8776,ES2,16.86659722,2,1
6288,ERLOTINIB,MK-8776,HCT116,24.7554418,2,1
6291,ERLOTINIB,MK-8776,KPL1,-3.593734348,2,0
6292,ERLOTINIB,MK-8776,LNCAP,25.76972227,2,1
6293,ERLOTINIB,MK-8776,LOVO,21.94775464,2,1
6295,ERLOTINIB,MK-8776,MSTO,-7.71071645,2,0
6296,ERLOTINIB,MK-8776,NCIH1650,-3.636385703,2,0
6297,ERLOTINIB,MK-8776,NCIH2122,-2.554158487,2,0
6298,ERLOTINIB,MK-8776,NCIH23,10.59252115,2,1
6301,ERLOTINIB,MK-8776,OCUBM,13.54260227,2,1
6303,ERLOTINIB,MK-8776,OVCAR3,20.53443477,2,1
6304,ERLOTINIB,MK-8776,PA1,15.11669858,2,1
6307,ERLOTINIB,MK-8776,SKMEL30,24.93792278,2,1
6309,ERLOTINIB,MK-8776,SKOV3,22.04840298,2,1
6311,ERLOTINIB,MK-8776,SW837,18.80623158,2,1
6312,ERLOTINIB,MK-8776,T47D,-10.08431033,2,0
6313,ERLOTINIB,MK-8776,UACC62,28.02400498,2,1
6314,ERLOTINIB,MK-8776,UWB1289,-16.57226109,2,0
6315,ERLOTINIB,MK-8776,UWB1289BRCA1,-25.67572603,2,0
6316,ERLOTINIB,MK-8776,VCAP,24.72858795,2,1
6317,ERLOTINIB,MK-8776,ZR751,15.13151289,2,1
6318,ERLOTINIB,OXALIPLATIN,A2058,-14.44814605,1,0
6319,ERLOTINIB,OXALIPLATIN,A2780,-41.24503228,1,0
6320,ERLOTINIB,OXALIPLATIN,A375,-4.012613437,1,0
6321,ERLOTINIB,OXALIPLATIN,A427,-20.69166135,1,0
6322,ERLOTINIB,OXALIPLATIN,CAOV3,-19.3377721,1,0
6323,ERLOTINIB,OXALIPLATIN,COLO320DM,-15.41204948,1,0
6324,ERLOTINIB,OXALIPLATIN,DLD1,-10.52325405,1,0
6325,ERLOTINIB,OXALIPLATIN,EFM192B,-28.17197926,1,0
6326,ERLOTINIB,OXALIPLATIN,ES2,-24.54218878,1,0
6327,ERLOTINIB,OXALIPLATIN,HCT116,-19.58979645,1,0
6328,ERLOTINIB,OXALIPLATIN,HT144,-24.48137144,1,0
6329,ERLOTINIB,OXALIPLATIN,HT29,-20.05594529,1,0
6330,ERLOTINIB,OXALIPLATIN,KPL1,-1.943763983,1,0
6331,ERLOTINIB,OXALIPLATIN,LNCAP,-10.98615564,1,0
6332,ERLOTINIB,OXALIPLATIN,LOVO,-3.211574446,1,0
6333,ERLOTINIB,OXALIPLATIN,MDAMB436,-23.05639303,1,0
6334,ERLOTINIB,OXALIPLATIN,MSTO,-3.014703568,1,0
6335,ERLOTINIB,OXALIPLATIN,NCIH1650,-9.134327482,1,0
6336,ERLOTINIB,OXALIPLATIN,NCIH2122,-11.66336863,1,0
6337,ERLOTINIB,OXALIPLATIN,NCIH23,-27.97151102,1,0
6338,ERLOTINIB,OXALIPLATIN,NCIH460,-45.68658386,1,0
6339,ERLOTINIB,OXALIPLATIN,NCIH520,-14.84679947,1,0
6340,ERLOTINIB,OXALIPLATIN,OCUBM,-7.648482727,1,0
6341,ERLOTINIB,OXALIPLATIN,OV90,-31.19833126,1,0
6343,ERLOTINIB,OXALIPLATIN,PA1,-57.24112604,1,0
6344,ERLOTINIB,OXALIPLATIN,RKO,-6.025808177,1,0
6345,ERLOTINIB,OXALIPLATIN,RPMI7951,-44.63831953,1,0
6346,ERLOTINIB,OXALIPLATIN,SKMEL30,-10.22493429,1,0
6349,ERLOTINIB,OXALIPLATIN,SW620,-33.75034384,1,0
6350,ERLOTINIB,OXALIPLATIN,SW837,-5.11531975,1,0
6351,ERLOTINIB,OXALIPLATIN,T47D,-9.287320112,1,0
6352,ERLOTINIB,OXALIPLATIN,UACC62,-17.15687451,1,0
6353,ERLOTINIB,OXALIPLATIN,UWB1289,11.19751924,1,1
6354,ERLOTINIB,OXALIPLATIN,UWB1289BRCA1,-0.285564865,1,0
6355,ERLOTINIB,OXALIPLATIN,VCAP,-8.145473694,1,0
6356,ERLOTINIB,OXALIPLATIN,ZR751,11.79890537,1,1
6358,ERLOTINIB,PD325901,A2780,26.39128639,2,1
6359,ERLOTINIB,PD325901,A375,26.85035826,2,1
6361,ERLOTINIB,PD325901,CAOV3,46.93900496,2,1
6362,ERLOTINIB,PD325901,COLO320DM,-1.970554943,2,0
6363,ERLOTINIB,PD325901,DLD1,39.517205,2,1
6365,ERLOTINIB,PD325901,ES2,13.99076212,2,1
6367,ERLOTINIB,PD325901,HT144,14.38849744,2,1
6368,ERLOTINIB,PD325901,HT29,11.09244446,2,1
6369,ERLOTINIB,PD325901,KPL1,-3.623375924,2,0
6370,ERLOTINIB,PD325901,LNCAP,-5.865411183,2,0
6371,ERLOTINIB,PD325901,LOVO,37.16879127,2,1
6373,ERLOTINIB,PD325901,MSTO,-17.33461973,2,0
6374,ERLOTINIB,PD325901,NCIH1650,11.75798255,2,1
6375,ERLOTINIB,PD325901,NCIH2122,63.43808914,2,1
6377,ERLOTINIB,PD325901,NCIH460,17.65291422,2,1
6378,ERLOTINIB,PD325901,NCIH520,-4.567846787,2,0
6379,ERLOTINIB,PD325901,OCUBM,-1.453775509,2,0
6380,ERLOTINIB,PD325901,OV90,-5.053683079,2,0
6381,ERLOTINIB,PD325901,OVCAR3,23.44550288,2,1
6386,ERLOTINIB,PD325901,SKMES1,26.85479765,2,1
6387,ERLOTINIB,PD325901,SKOV3,11.59275062,2,1
6388,ERLOTINIB,PD325901,SW620,-10.3945433,2,0
6389,ERLOTINIB,PD325901,SW837,31.64566875,2,1
6390,ERLOTINIB,PD325901,T47D,-32.78744411,2,0
6392,ERLOTINIB,PD325901,UWB1289,25.17464734,2,1
6393,ERLOTINIB,PD325901,UWB1289BRCA1,26.36941199,2,1
6394,ERLOTINIB,PD325901,VCAP,-1.164693008,2,0
6395,ERLOTINIB,PD325901,ZR751,32.23841884,2,1
6396,ERLOTINIB,SN-38,A2058,14.2345544,2,1
6397,ERLOTINIB,SN-38,A2780,36.95459201,2,1
6398,ERLOTINIB,SN-38,A375,33.42878416,2,1
6400,ERLOTINIB,SN-38,CAOV3,20.80699628,2,1
6402,ERLOTINIB,SN-38,DLD1,24.11482236,2,1
6403,ERLOTINIB,SN-38,EFM192B,28.88500204,2,1
6404,ERLOTINIB,SN-38,ES2,19.73224317,2,1
6405,ERLOTINIB,SN-38,HCT116,35.52871201,2,1
6406,ERLOTINIB,SN-38,HT144,11.95533838,2,1
6407,ERLOTINIB,SN-38,HT29,33.40283823,2,1
6408,ERLOTINIB,SN-38,KPL1,20.16679018,2,1
6409,ERLOTINIB,SN-38,LNCAP,-23.06287044,2,0
6410,ERLOTINIB,SN-38,LOVO,17.72507981,2,1
6411,ERLOTINIB,SN-38,MDAMB436,23.57565008,2,1
6412,ERLOTINIB,SN-38,MSTO,11.06322839,2,1
6414,ERLOTINIB,SN-38,NCIH2122,41.60026332,2,1
6415,ERLOTINIB,SN-38,NCIH23,53.28600154,2,1
6416,ERLOTINIB,SN-38,NCIH460,67.7815276,2,1
6418,ERLOTINIB,SN-38,OCUBM,18.11447205,2,1
6419,ERLOTINIB,SN-38,OV90,-17.32644536,2,0
6420,ERLOTINIB,SN-38,OVCAR3,28.00473745,2,1
6421,ERLOTINIB,SN-38,PA1,30.90677525,2,1
6422,ERLOTINIB,SN-38,RKO,23.1858689,2,1
6423,ERLOTINIB,SN-38,RPMI7951,48.39241724,2,1
6424,ERLOTINIB,SN-38,SKMEL30,14.15300232,2,1
6425,ERLOTINIB,SN-38,SKMES1,27.93890797,2,1
6426,ERLOTINIB,SN-38,SKOV3,21.17547988,2,1
6427,ERLOTINIB,SN-38,SW620,18.90986456,2,1
6428,ERLOTINIB,SN-38,SW837,44.01183222,2,1
6429,ERLOTINIB,SN-38,T47D,11.12311855,2,1
6430,ERLOTINIB,SN-38,UACC62,22.40289979,2,1
6431,ERLOTINIB,SN-38,UWB1289,12.9444017,2,1
6432,ERLOTINIB,SN-38,UWB1289BRCA1,21.49563062,2,1
6433,ERLOTINIB,SN-38,VCAP,42.30916661,2,1
6434,ERLOTINIB,SN-38,ZR751,52.34467525,2,1
6435,ERLOTINIB,SORAFENIB,A2058,-1.656545425,1,0
6437,ERLOTINIB,SORAFENIB,A375,17.32043306,1,1
6438,ERLOTINIB,SORAFENIB,A427,10.43410153,1,1
6440,ERLOTINIB,SORAFENIB,COLO320DM,-1.595977908,1,0
6441,ERLOTINIB,SORAFENIB,DLD1,12.72273885,1,1
6442,ERLOTINIB,SORAFENIB,EFM192B,-7.758444182,1,0
6444,ERLOTINIB,SORAFENIB,HCT116,11.57064644,1,1
6448,ERLOTINIB,SORAFENIB,LNCAP,-8.097260724,1,0
6449,ERLOTINIB,SORAFENIB,LOVO,-2.257154012,1,0
6450,ERLOTINIB,SORAFENIB,MDAMB436,-0.138370486,1,0
6451,ERLOTINIB,SORAFENIB,MSTO,-7.121315309,1,0
6452,ERLOTINIB,SORAFENIB,NCIH1650,25.2103511,1,1
6455,ERLOTINIB,SORAFENIB,NCIH460,15.32578595,1,1
6456,ERLOTINIB,SORAFENIB,NCIH520,17.26591297,1,1
6459,ERLOTINIB,SORAFENIB,OVCAR3,-18.11266802,1,0
6461,ERLOTINIB,SORAFENIB,RKO,16.82768188,1,1
6462,ERLOTINIB,SORAFENIB,RPMI7951,-6.121401576,1,0
6464,ERLOTINIB,SORAFENIB,SKMES1,-4.668334827,1,0
6470,ERLOTINIB,SORAFENIB,UWB1289,14.63654487,1,1
6471,ERLOTINIB,SORAFENIB,UWB1289BRCA1,14.49153494,1,1
6472,ERLOTINIB,SORAFENIB,VCAP,13.09047278,1,1
6473,ERLOTINIB,SORAFENIB,ZR751,-3.034091706,1,0
6474,ERLOTINIB,TOPOTECAN,A2058,20.65954665,3,1
6475,ERLOTINIB,TOPOTECAN,A2780,24.97319688,3,1
6476,ERLOTINIB,TOPOTECAN,A375,25.44025942,3,1
6477,ERLOTINIB,TOPOTECAN,A427,26.27349199,3,1
6478,ERLOTINIB,TOPOTECAN,CAOV3,13.85971809,3,1
6479,ERLOTINIB,TOPOTECAN,COLO320DM,13.96740049,3,1
6480,ERLOTINIB,TOPOTECAN,DLD1,18.31000314,3,1
6481,ERLOTINIB,TOPOTECAN,EFM192B,21.93706304,3,1
6482,ERLOTINIB,TOPOTECAN,ES2,26.16252976,3,1
6483,ERLOTINIB,TOPOTECAN,HCT116,32.08496121,3,1
6484,ERLOTINIB,TOPOTECAN,HT144,21.41281544,3,1
6485,ERLOTINIB,TOPOTECAN,HT29,22.53932867,3,1
6486,ERLOTINIB,TOPOTECAN,KPL1,27.57395354,3,1
6487,ERLOTINIB,TOPOTECAN,LNCAP,14.14259104,3,1
6488,ERLOTINIB,TOPOTECAN,LOVO,32.12638544,3,1
6489,ERLOTINIB,TOPOTECAN,MDAMB436,18.18112793,3,1
6490,ERLOTINIB,TOPOTECAN,MSTO,-2.517627621,3,0
6491,ERLOTINIB,TOPOTECAN,NCIH1650,17.76980064,3,1
6492,ERLOTINIB,TOPOTECAN,NCIH2122,37.08704855,3,1
6493,ERLOTINIB,TOPOTECAN,NCIH23,29.76010548,3,1
6494,ERLOTINIB,TOPOTECAN,NCIH460,33.09865807,3,1
6495,ERLOTINIB,TOPOTECAN,NCIH520,31.44481537,3,1
6497,ERLOTINIB,TOPOTECAN,OV90,15.64009684,3,1
6498,ERLOTINIB,TOPOTECAN,OVCAR3,-3.760329454,3,0
6500,ERLOTINIB,TOPOTECAN,RKO,49.30660489,3,1
6501,ERLOTINIB,TOPOTECAN,RPMI7951,18.23841661,3,1
6502,ERLOTINIB,TOPOTECAN,SKMEL30,33.82957414,3,1
6503,ERLOTINIB,TOPOTECAN,SKMES1,25.71822543,3,1
6504,ERLOTINIB,TOPOTECAN,SKOV3,15.86688743,3,1
6505,ERLOTINIB,TOPOTECAN,SW620,23.34923593,3,1
6506,ERLOTINIB,TOPOTECAN,SW837,41.81525129,3,1
6507,ERLOTINIB,TOPOTECAN,T47D,-8.418283418,3,0
6508,ERLOTINIB,TOPOTECAN,UACC62,23.24368022,3,1
6509,ERLOTINIB,TOPOTECAN,UWB1289,-8.199685309,3,0
6511,ERLOTINIB,TOPOTECAN,VCAP,58.19345418,3,1
6512,ERLOTINIB,TOPOTECAN,ZR751,52.94124794,3,1
6514,ETOPOSIDE,ABT-888,A2780,14.68267605,3,1
6516,ETOPOSIDE,ABT-888,A427,-13.99330443,3,0
6517,ETOPOSIDE,ABT-888,CAOV3,88.90313873,3,1
6520,ETOPOSIDE,ABT-888,EFM192B,14.67179508,3,1
6521,ETOPOSIDE,ABT-888,ES2,-14.56628388,3,0
6526,ETOPOSIDE,ABT-888,LNCAP,15.47021179,3,1
6527,ETOPOSIDE,ABT-888,LOVO,-6.133935958,3,0
6528,ETOPOSIDE,ABT-888,MDAMB436,19.64911645,3,1
6529,ETOPOSIDE,ABT-888,MSTO,26.68015393,3,1
6531,ETOPOSIDE,ABT-888,NCIH2122,14.82611338,3,1
6532,ETOPOSIDE,ABT-888,NCIH23,-3.119972444,3,0
6533,ETOPOSIDE,ABT-888,NCIH460,-4.320617073,3,0
6536,ETOPOSIDE,ABT-888,OV90,-9.015840712,3,0
6538,ETOPOSIDE,ABT-888,PA1,-4.754115828,3,0
6540,ETOPOSIDE,ABT-888,RPMI7951,-3.835318235,3,0
6541,ETOPOSIDE,ABT-888,SKMEL30,-4.583916575,3,0
6543,ETOPOSIDE,ABT-888,SKOV3,10.96285395,3,1
6546,ETOPOSIDE,ABT-888,T47D,19.26227749,3,1
6547,ETOPOSIDE,ABT-888,UACC62,-6.40736852,3,0
6550,ETOPOSIDE,ABT-888,VCAP,13.83317407,3,1
6551,ETOPOSIDE,ABT-888,ZR751,23.68977919,3,1
6552,ETOPOSIDE,AZD1775,A2058,15.44501094,3,1
6553,ETOPOSIDE,AZD1775,A2780,12.37717655,3,1
6554,ETOPOSIDE,AZD1775,A375,19.24466621,3,1
6555,ETOPOSIDE,AZD1775,A427,-5.013824614,3,0
6556,ETOPOSIDE,AZD1775,CAOV3,37.36484746,3,1
6558,ETOPOSIDE,AZD1775,DLD1,-4.294381274,3,0
6561,ETOPOSIDE,AZD1775,HCT116,10.59726676,3,1
6562,ETOPOSIDE,AZD1775,HT144,18.24335032,3,1
6563,ETOPOSIDE,AZD1775,HT29,15.37580712,3,1
6564,ETOPOSIDE,AZD1775,KPL1,24.46834197,3,1
6565,ETOPOSIDE,AZD1775,LNCAP,21.45110565,3,1
6567,ETOPOSIDE,AZD1775,MDAMB436,19.60267165,3,1
6568,ETOPOSIDE,AZD1775,MSTO,10.58318215,3,1
6569,ETOPOSIDE,AZD1775,NCIH1650,34.96332912,3,1
6571,ETOPOSIDE,AZD1775,NCIH23,-147.6170918,3,0
6574,ETOPOSIDE,AZD1775,OCUBM,12.1043048,3,1
6575,ETOPOSIDE,AZD1775,OV90,-0.117737123,3,0
6576,ETOPOSIDE,AZD1775,OVCAR3,63.31363492,3,1
6577,ETOPOSIDE,AZD1775,PA1,-1.435133098,3,0
6580,ETOPOSIDE,AZD1775,SKMEL30,19.87151541,3,1
6583,ETOPOSIDE,AZD1775,SW620,-1.583560517,3,0
6584,ETOPOSIDE,AZD1775,SW837,18.5510652,3,1
6585,ETOPOSIDE,AZD1775,T47D,-20.69843069,3,0
6586,ETOPOSIDE,AZD1775,UACC62,25.10252076,3,1
6587,ETOPOSIDE,AZD1775,UWB1289,85.22858499,3,1
6589,ETOPOSIDE,AZD1775,VCAP,20.27995291,3,1
6592,ETOPOSIDE,BEZ-235,A2780,10.20235477,2,1
6593,ETOPOSIDE,BEZ-235,A375,31.99711368,2,1
6595,ETOPOSIDE,BEZ-235,CAOV3,85.75614627,2,1
6596,ETOPOSIDE,BEZ-235,COLO320DM,14.48890589,2,1
6597,ETOPOSIDE,BEZ-235,DLD1,-1.143599501,2,0
6598,ETOPOSIDE,BEZ-235,EFM192B,-11.25730054,2,0
6599,ETOPOSIDE,BEZ-235,ES2,-9.272964164,2,0
6600,ETOPOSIDE,BEZ-235,HCT116,11.0164147,2,1
6601,ETOPOSIDE,BEZ-235,HT144,36.34399595,2,1
6602,ETOPOSIDE,BEZ-235,HT29,16.22686827,2,1
6603,ETOPOSIDE,BEZ-235,KPL1,24.92334535,2,1
6604,ETOPOSIDE,BEZ-235,LNCAP,93.40478314,2,1
6606,ETOPOSIDE,BEZ-235,MDAMB436,28.39176146,2,1
6607,ETOPOSIDE,BEZ-235,MSTO,20.29258749,2,1
6608,ETOPOSIDE,BEZ-235,NCIH1650,12.69405749,2,1
6610,ETOPOSIDE,BEZ-235,NCIH23,-11.80792927,2,0
6611,ETOPOSIDE,BEZ-235,NCIH460,29.59680637,2,1
6612,ETOPOSIDE,BEZ-235,NCIH520,10.0132192,2,1
6614,ETOPOSIDE,BEZ-235,OV90,15.14526912,2,1
6615,ETOPOSIDE,BEZ-235,OVCAR3,-4.325790029,2,0
6616,ETOPOSIDE,BEZ-235,PA1,-18.37474174,2,0
6617,ETOPOSIDE,BEZ-235,RKO,19.35076083,2,1
6618,ETOPOSIDE,BEZ-235,RPMI7951,-13.30798634,2,0
6619,ETOPOSIDE,BEZ-235,SKMEL30,19.05504017,2,1
6621,ETOPOSIDE,BEZ-235,SKOV3,-12.54844267,2,0
6623,ETOPOSIDE,BEZ-235,SW837,-3.584024187,2,0
6624,ETOPOSIDE,BEZ-235,T47D,101.6125542,2,1
6625,ETOPOSIDE,BEZ-235,UACC62,14.78327732,2,1
6628,ETOPOSIDE,BEZ-235,VCAP,10.27191331,2,1
6629,ETOPOSIDE,BEZ-235,ZR751,37.20808625,2,1
6630,ETOPOSIDE,BORTEZOMIB,A2058,-6.671434145,1,0
6631,ETOPOSIDE,BORTEZOMIB,A2780,-1.471039843,1,0
6632,ETOPOSIDE,BORTEZOMIB,A375,-9.828740982,1,0
6633,ETOPOSIDE,BORTEZOMIB,A427,-14.07950269,1,0
6634,ETOPOSIDE,BORTEZOMIB,CAOV3,54.31000908,1,1
6637,ETOPOSIDE,BORTEZOMIB,EFM192B,-11.48207983,1,0
6638,ETOPOSIDE,BORTEZOMIB,ES2,-38.16106574,1,0
6639,ETOPOSIDE,BORTEZOMIB,HCT116,-8.868555969,1,0
6641,ETOPOSIDE,BORTEZOMIB,HT29,-16.41332149,1,0
6642,ETOPOSIDE,BORTEZOMIB,KPL1,10.85696912,1,1
6646,ETOPOSIDE,BORTEZOMIB,MSTO,49.13867719,1,1
6647,ETOPOSIDE,BORTEZOMIB,NCIH1650,-9.014306492,1,0
6648,ETOPOSIDE,BORTEZOMIB,NCIH2122,-11.99507083,1,0
6649,ETOPOSIDE,BORTEZOMIB,NCIH23,-11.27577628,1,0
6650,ETOPOSIDE,BORTEZOMIB,NCIH460,-8.824395786,1,0
6651,ETOPOSIDE,BORTEZOMIB,NCIH520,-33.89563814,1,0
6652,ETOPOSIDE,BORTEZOMIB,OCUBM,-13.05824866,1,0
6653,ETOPOSIDE,BORTEZOMIB,OV90,-20.56680342,1,0
6655,ETOPOSIDE,BORTEZOMIB,PA1,-18.67285057,1,0
6656,ETOPOSIDE,BORTEZOMIB,RKO,-0.373258299,1,0
6657,ETOPOSIDE,BORTEZOMIB,RPMI7951,-15.77053036,1,0
6658,ETOPOSIDE,BORTEZOMIB,SKMEL30,-0.547561579,1,0
6659,ETOPOSIDE,BORTEZOMIB,SKMES1,-21.79160617,1,0
6660,ETOPOSIDE,BORTEZOMIB,SKOV3,-4.762213184,1,0
6662,ETOPOSIDE,BORTEZOMIB,SW837,-14.57106296,1,0
6663,ETOPOSIDE,BORTEZOMIB,T47D,-19.80398812,1,0
6664,ETOPOSIDE,BORTEZOMIB,UACC62,-17.8222598,1,0
6665,ETOPOSIDE,BORTEZOMIB,UWB1289,-24.14340442,1,0
6666,ETOPOSIDE,BORTEZOMIB,UWB1289BRCA1,-1.089764618,1,0
6667,ETOPOSIDE,BORTEZOMIB,VCAP,-10.5712824,1,0
6668,ETOPOSIDE,BORTEZOMIB,ZR751,26.75504326,1,1
6669,ETOPOSIDE,DASATINIB,A2058,11.20512286,4,1
6670,ETOPOSIDE,DASATINIB,A2780,66.56695223,4,1
6671,ETOPOSIDE,DASATINIB,A375,33.1108059,4,1
6672,ETOPOSIDE,DASATINIB,A427,29.60077592,4,1
6673,ETOPOSIDE,DASATINIB,CAOV3,58.84842185,4,1
6675,ETOPOSIDE,DASATINIB,DLD1,15.35793785,4,1
6676,ETOPOSIDE,DASATINIB,EFM192B,17.06469,4,1
6677,ETOPOSIDE,DASATINIB,ES2,-17.70072655,4,0
6679,ETOPOSIDE,DASATINIB,HT144,-36.23824218,4,0
6680,ETOPOSIDE,DASATINIB,HT29,24.34993899,4,1
6681,ETOPOSIDE,DASATINIB,KPL1,26.27136634,4,1
6682,ETOPOSIDE,DASATINIB,LNCAP,31.32548663,4,1
6683,ETOPOSIDE,DASATINIB,LOVO,60.79997037,4,1
6684,ETOPOSIDE,DASATINIB,MDAMB436,25.68606382,4,1
6685,ETOPOSIDE,DASATINIB,MSTO,85.69462031,4,1
6686,ETOPOSIDE,DASATINIB,NCIH1650,50.30604813,4,1
6687,ETOPOSIDE,DASATINIB,NCIH2122,-55.13805214,4,0
6688,ETOPOSIDE,DASATINIB,NCIH23,-183.3295713,4,0
6689,ETOPOSIDE,DASATINIB,NCIH460,40.12098513,4,1
6690,ETOPOSIDE,DASATINIB,NCIH520,43.69840612,4,1
6691,ETOPOSIDE,DASATINIB,OCUBM,13.81784425,4,1
6693,ETOPOSIDE,DASATINIB,OVCAR3,106.6307301,4,1
6694,ETOPOSIDE,DASATINIB,PA1,10.9859717,4,1
6695,ETOPOSIDE,DASATINIB,RKO,25.08988503,4,1
6696,ETOPOSIDE,DASATINIB,RPMI7951,15.50291598,4,1
6697,ETOPOSIDE,DASATINIB,SKMEL30,-32.47747331,4,0
6698,ETOPOSIDE,DASATINIB,SKMES1,11.81229646,4,1
6700,ETOPOSIDE,DASATINIB,SW620,42.24770688,4,1
6701,ETOPOSIDE,DASATINIB,SW837,40.76213756,4,1
6702,ETOPOSIDE,DASATINIB,T47D,-19.09969407,4,0
6704,ETOPOSIDE,DASATINIB,UWB1289,12.82037513,4,1
6705,ETOPOSIDE,DASATINIB,UWB1289BRCA1,16.11191816,4,1
6708,ETOPOSIDE,DINACICLIB,A2058,-6.54343035,1,0
6710,ETOPOSIDE,DINACICLIB,A375,-122.7718052,1,0
6711,ETOPOSIDE,DINACICLIB,A427,-6.175862283,1,0
6712,ETOPOSIDE,DINACICLIB,CAOV3,56.19980681,1,1
6713,ETOPOSIDE,DINACICLIB,COLO320DM,-4.794971246,1,0
6714,ETOPOSIDE,DINACICLIB,DLD1,-0.634619102,1,0
6715,ETOPOSIDE,DINACICLIB,EFM192B,-12.62013225,1,0
6716,ETOPOSIDE,DINACICLIB,ES2,-9.823003589,1,0
6717,ETOPOSIDE,DINACICLIB,HCT116,-12.96661918,1,0
6718,ETOPOSIDE,DINACICLIB,HT144,-6.208539927,1,0
6719,ETOPOSIDE,DINACICLIB,HT29,-8.402234817,1,0
6721,ETOPOSIDE,DINACICLIB,LNCAP,16.99298687,1,1
6725,ETOPOSIDE,DINACICLIB,NCIH1650,-7.066983752,1,0
6727,ETOPOSIDE,DINACICLIB,NCIH23,-19.11703449,1,0
6728,ETOPOSIDE,DINACICLIB,NCIH460,-3.319854435,1,0
6729,ETOPOSIDE,DINACICLIB,NCIH520,-6.419818846,1,0
6730,ETOPOSIDE,DINACICLIB,OCUBM,-5.126502445,1,0
6731,ETOPOSIDE,DINACICLIB,OV90,-13.03157185,1,0
6732,ETOPOSIDE,DINACICLIB,OVCAR3,-2.327807888,1,0
6733,ETOPOSIDE,DINACICLIB,PA1,-11.88512779,1,0
6735,ETOPOSIDE,DINACICLIB,RPMI7951,-11.643017,1,0
6737,ETOPOSIDE,DINACICLIB,SKMES1,-14.77517427,1,0
6738,ETOPOSIDE,DINACICLIB,SKOV3,-30.18913558,1,0
6739,ETOPOSIDE,DINACICLIB,SW620,-11.10063669,1,0
6740,ETOPOSIDE,DINACICLIB,SW837,-15.55200919,1,0
6741,ETOPOSIDE,DINACICLIB,T47D,-5.678191297,1,0
6742,ETOPOSIDE,DINACICLIB,UACC62,13.78149023,1,1
6743,ETOPOSIDE,DINACICLIB,UWB1289,-3.154545196,1,0
6745,ETOPOSIDE,DINACICLIB,VCAP,-7.289445362,1,0
6748,ETOPOSIDE,ERLOTINIB,A2780,19.61720698,2,1
6749,ETOPOSIDE,ERLOTINIB,A375,34.50823729,2,1
6751,ETOPOSIDE,ERLOTINIB,CAOV3,92.93746278,2,1
6752,ETOPOSIDE,ERLOTINIB,COLO320DM,10.39824695,2,1
6753,ETOPOSIDE,ERLOTINIB,DLD1,14.71747986,2,1
6755,ETOPOSIDE,ERLOTINIB,ES2,18.11376615,2,1
6756,ETOPOSIDE,ERLOTINIB,HCT116,35.1756303,2,1
6757,ETOPOSIDE,ERLOTINIB,HT144,31.44622163,2,1
6758,ETOPOSIDE,ERLOTINIB,HT29,28.78939285,2,1
6759,ETOPOSIDE,ERLOTINIB,KPL1,21.82928608,2,1
6760,ETOPOSIDE,ERLOTINIB,LNCAP,16.85599278,2,1
6761,ETOPOSIDE,ERLOTINIB,LOVO,42.42601554,2,1
6762,ETOPOSIDE,ERLOTINIB,MDAMB436,30.44386811,2,1
6763,ETOPOSIDE,ERLOTINIB,MSTO,24.38717471,2,1
6764,ETOPOSIDE,ERLOTINIB,NCIH1650,17.79526819,2,1
6765,ETOPOSIDE,ERLOTINIB,NCIH2122,47.47430247,2,1
6766,ETOPOSIDE,ERLOTINIB,NCIH23,-164.2668412,2,0
6767,ETOPOSIDE,ERLOTINIB,NCIH460,46.67308553,2,1
6768,ETOPOSIDE,ERLOTINIB,NCIH520,27.1848439,2,1
6770,ETOPOSIDE,ERLOTINIB,OV90,10.83586569,2,1
6771,ETOPOSIDE,ERLOTINIB,OVCAR3,40.7657359,2,1
6772,ETOPOSIDE,ERLOTINIB,PA1,-14.74906914,2,0
6773,ETOPOSIDE,ERLOTINIB,RKO,26.04444652,2,1
6774,ETOPOSIDE,ERLOTINIB,RPMI7951,-0.933022902,2,0
6775,ETOPOSIDE,ERLOTINIB,SKMEL30,19.96889488,2,1
6776,ETOPOSIDE,ERLOTINIB,SKMES1,23.310596,2,1
6777,ETOPOSIDE,ERLOTINIB,SKOV3,20.97161438,2,1
6778,ETOPOSIDE,ERLOTINIB,SW620,13.5792001,2,1
6779,ETOPOSIDE,ERLOTINIB,SW837,57.51358379,2,1
6780,ETOPOSIDE,ERLOTINIB,T47D,-9.409443094,2,0
6781,ETOPOSIDE,ERLOTINIB,UACC62,41.71895529,2,1
6782,ETOPOSIDE,ERLOTINIB,UWB1289,26.68871505,2,1
6783,ETOPOSIDE,ERLOTINIB,UWB1289BRCA1,34.91567972,2,1
6784,ETOPOSIDE,ERLOTINIB,VCAP,41.85350576,2,1
6785,ETOPOSIDE,ERLOTINIB,ZR751,51.47375496,2,1
6786,ETOPOSIDE,GELDANAMYCIN,A2058,31.06156665,0,1
6787,ETOPOSIDE,GELDANAMYCIN,A2780,14.78833293,0,1
6790,ETOPOSIDE,GELDANAMYCIN,CAOV3,71.48082401,0,1
6793,ETOPOSIDE,GELDANAMYCIN,EFM192B,-2.717547863,0,0
6794,ETOPOSIDE,GELDANAMYCIN,ES2,-0.955779851,0,0
6795,ETOPOSIDE,GELDANAMYCIN,HCT116,-0.588757773,0,0
6796,ETOPOSIDE,GELDANAMYCIN,HT144,13.82754853,0,1
6798,ETOPOSIDE,GELDANAMYCIN,KPL1,13.31586297,0,1
6799,ETOPOSIDE,GELDANAMYCIN,LNCAP,47.35424191,0,1
6800,ETOPOSIDE,GELDANAMYCIN,LOVO,-10.67503159,0,0
6801,ETOPOSIDE,GELDANAMYCIN,MDAMB436,23.95624073,0,1
6802,ETOPOSIDE,GELDANAMYCIN,MSTO,-19.47647489,0,0
6803,ETOPOSIDE,GELDANAMYCIN,NCIH1650,17.24561619,0,1
6804,ETOPOSIDE,GELDANAMYCIN,NCIH2122,-0.438111402,0,0
6805,ETOPOSIDE,GELDANAMYCIN,NCIH23,-14.08747051,0,0
6810,ETOPOSIDE,GELDANAMYCIN,OVCAR3,39.02833297,0,1
6811,ETOPOSIDE,GELDANAMYCIN,PA1,-15.72188127,0,0
6812,ETOPOSIDE,GELDANAMYCIN,RKO,-0.090062769,0,0
6813,ETOPOSIDE,GELDANAMYCIN,RPMI7951,-2.264074694,0,0
6814,ETOPOSIDE,GELDANAMYCIN,SKMEL30,32.84665347,0,1
6815,ETOPOSIDE,GELDANAMYCIN,SKMES1,-1.066153632,0,0
6817,ETOPOSIDE,GELDANAMYCIN,SW620,10.05653204,0,1
6818,ETOPOSIDE,GELDANAMYCIN,SW837,17.12797168,0,1
6819,ETOPOSIDE,GELDANAMYCIN,T47D,27.24545847,0,1
6821,ETOPOSIDE,GELDANAMYCIN,UWB1289,10.51413022,0,1
6825,ETOPOSIDE,LAPATINIB,A2058,-0.860922372,4,0
6826,ETOPOSIDE,LAPATINIB,A2780,27.29088399,4,1
6827,ETOPOSIDE,LAPATINIB,A375,13.69023701,4,1
6828,ETOPOSIDE,LAPATINIB,A427,-14.40714784,4,0
6829,ETOPOSIDE,LAPATINIB,CAOV3,143.2917905,4,1
6830,ETOPOSIDE,LAPATINIB,COLO320DM,21.35734076,4,1
6831,ETOPOSIDE,LAPATINIB,DLD1,40.61719458,4,1
6832,ETOPOSIDE,LAPATINIB,EFM192B,-1.478747416,4,0
6833,ETOPOSIDE,LAPATINIB,ES2,-5.679573392,4,0
6834,ETOPOSIDE,LAPATINIB,HCT116,27.63842614,4,1
6835,ETOPOSIDE,LAPATINIB,HT144,12.75033962,4,1
6836,ETOPOSIDE,LAPATINIB,HT29,15.97781704,4,1
6838,ETOPOSIDE,LAPATINIB,LNCAP,27.81267656,4,1
6839,ETOPOSIDE,LAPATINIB,LOVO,50.4281854,4,1
6840,ETOPOSIDE,LAPATINIB,MDAMB436,20.148526,4,1
6841,ETOPOSIDE,LAPATINIB,MSTO,12.36887928,4,1
6842,ETOPOSIDE,LAPATINIB,NCIH1650,21.63106086,4,1
6843,ETOPOSIDE,LAPATINIB,NCIH2122,31.30947607,4,1
6844,ETOPOSIDE,LAPATINIB,NCIH23,-167.5463503,4,0
6845,ETOPOSIDE,LAPATINIB,NCIH460,13.85044038,4,1
6846,ETOPOSIDE,LAPATINIB,NCIH520,17.8898734,4,1
6847,ETOPOSIDE,LAPATINIB,OCUBM,14.52984693,4,1
6848,ETOPOSIDE,LAPATINIB,OV90,-14.60244237,4,0
6849,ETOPOSIDE,LAPATINIB,OVCAR3,26.48596016,4,1
6850,ETOPOSIDE,LAPATINIB,PA1,-4.337830252,4,0
6852,ETOPOSIDE,LAPATINIB,RPMI7951,16.62443398,4,1
6854,ETOPOSIDE,LAPATINIB,SKMES1,17.65399073,4,1
6855,ETOPOSIDE,LAPATINIB,SKOV3,19.13814953,4,1
6856,ETOPOSIDE,LAPATINIB,SW620,17.83915302,4,1
6857,ETOPOSIDE,LAPATINIB,SW837,43.76187067,4,1
6858,ETOPOSIDE,LAPATINIB,T47D,-7.076746444,4,0
6860,ETOPOSIDE,LAPATINIB,UWB1289,13.86461252,4,1
6861,ETOPOSIDE,LAPATINIB,UWB1289BRCA1,35.18523295,4,1
6862,ETOPOSIDE,LAPATINIB,VCAP,18.86209891,4,1
6863,ETOPOSIDE,LAPATINIB,ZR751,42.94795226,4,1
6864,ETOPOSIDE,MK-2206,A2058,23.8414603,2,1
6865,ETOPOSIDE,MK-2206,A2780,25.09455866,2,1
6866,ETOPOSIDE,MK-2206,A375,40.3600574,2,1
6867,ETOPOSIDE,MK-2206,A427,24.8922984,2,1
6868,ETOPOSIDE,MK-2206,CAOV3,159.9074884,2,1
6869,ETOPOSIDE,MK-2206,COLO320DM,20.24506044,2,1
6870,ETOPOSIDE,MK-2206,DLD1,16.19370686,2,1
6871,ETOPOSIDE,MK-2206,EFM192B,-3.239942215,2,0
6872,ETOPOSIDE,MK-2206,ES2,17.05506379,2,1
6873,ETOPOSIDE,MK-2206,HCT116,41.47821659,2,1
6874,ETOPOSIDE,MK-2206,HT144,47.84405312,2,1
6875,ETOPOSIDE,MK-2206,HT29,20.80452543,2,1
6876,ETOPOSIDE,MK-2206,KPL1,60.24310124,2,1
6877,ETOPOSIDE,MK-2206,LNCAP,28.94828404,2,1
6878,ETOPOSIDE,MK-2206,LOVO,36.55388298,2,1
6879,ETOPOSIDE,MK-2206,MDAMB436,34.50086052,2,1
6880,ETOPOSIDE,MK-2206,MSTO,46.61376899,2,1
6881,ETOPOSIDE,MK-2206,NCIH1650,35.02054763,2,1
6882,ETOPOSIDE,MK-2206,NCIH2122,43.0982675,2,1
6883,ETOPOSIDE,MK-2206,NCIH23,-168.9394512,2,0
6884,ETOPOSIDE,MK-2206,NCIH460,46.56657824,2,1
6885,ETOPOSIDE,MK-2206,NCIH520,10.89510435,2,1
6887,ETOPOSIDE,MK-2206,OV90,35.08106665,2,1
6890,ETOPOSIDE,MK-2206,RKO,49.94340541,2,1
6891,ETOPOSIDE,MK-2206,RPMI7951,17.24510007,2,1
6892,ETOPOSIDE,MK-2206,SKMEL30,33.04954641,2,1
6893,ETOPOSIDE,MK-2206,SKMES1,44.45871774,2,1
6895,ETOPOSIDE,MK-2206,SW620,19.41488902,2,1
6896,ETOPOSIDE,MK-2206,SW837,41.49633741,2,1
6898,ETOPOSIDE,MK-2206,UACC62,42.952925,2,1
6899,ETOPOSIDE,MK-2206,UWB1289,26.61365086,2,1
6900,ETOPOSIDE,MK-2206,UWB1289BRCA1,18.27898948,2,1
6901,ETOPOSIDE,MK-2206,VCAP,33.39039432,2,1
6902,ETOPOSIDE,MK-2206,ZR751,20.59921408,2,1
6903,ETOPOSIDE,MK-4827,A2058,-1.376598957,2,0
6906,ETOPOSIDE,MK-4827,A427,-7.518707691,2,0
6907,ETOPOSIDE,MK-4827,CAOV3,80.47079268,2,1
6908,ETOPOSIDE,MK-4827,COLO320DM,11.215836,2,1
6909,ETOPOSIDE,MK-4827,DLD1,-1.17807183,2,0
6910,ETOPOSIDE,MK-4827,EFM192B,22.75225333,2,1
6911,ETOPOSIDE,MK-4827,ES2,-1.898169265,2,0
6912,ETOPOSIDE,MK-4827,HCT116,14.46865635,2,1
6913,ETOPOSIDE,MK-4827,HT144,14.3526779,2,1
6915,ETOPOSIDE,MK-4827,KPL1,12.03162042,2,1
6916,ETOPOSIDE,MK-4827,LNCAP,-21.59027419,2,0
6918,ETOPOSIDE,MK-4827,MDAMB436,17.94787139,2,1
6919,ETOPOSIDE,MK-4827,MSTO,-0.331740922,2,0
6920,ETOPOSIDE,MK-4827,NCIH1650,26.22483109,2,1
6921,ETOPOSIDE,MK-4827,NCIH2122,18.38423784,2,1
6922,ETOPOSIDE,MK-4827,NCIH23,-148.8888175,2,0
6923,ETOPOSIDE,MK-4827,NCIH460,15.82136711,2,1
6924,ETOPOSIDE,MK-4827,NCIH520,24.07225252,2,1
6927,ETOPOSIDE,MK-4827,OVCAR3,19.47008453,2,1
6928,ETOPOSIDE,MK-4827,PA1,-14.01899781,2,0
6931,ETOPOSIDE,MK-4827,SKMEL30,12.74273808,2,1
6933,ETOPOSIDE,MK-4827,SKOV3,21.90598342,2,1
6935,ETOPOSIDE,MK-4827,SW837,10.6277545,2,1
6936,ETOPOSIDE,MK-4827,T47D,-30.71348163,2,0
6938,ETOPOSIDE,MK-4827,UWB1289,11.99716126,2,1
6939,ETOPOSIDE,MK-4827,UWB1289BRCA1,28.15482338,2,1
6940,ETOPOSIDE,MK-4827,VCAP,22.09555743,2,1
6942,ETOPOSIDE,MK-5108,A2058,-0.715427782,4,0
6943,ETOPOSIDE,MK-5108,A2780,10.19864377,4,1
6944,ETOPOSIDE,MK-5108,A375,14.98912703,4,1
6945,ETOPOSIDE,MK-5108,A427,-1.464378994,4,0
6946,ETOPOSIDE,MK-5108,CAOV3,70.49294954,4,1
6947,ETOPOSIDE,MK-5108,COLO320DM,-4.209755472,4,0
6948,ETOPOSIDE,MK-5108,DLD1,13.71782822,4,1
6949,ETOPOSIDE,MK-5108,EFM192B,13.36456421,4,1
6951,ETOPOSIDE,MK-5108,HCT116,10.74024587,4,1
6952,ETOPOSIDE,MK-5108,HT144,-2.887197332,4,0
6953,ETOPOSIDE,MK-5108,HT29,22.04488376,4,1
6955,ETOPOSIDE,MK-5108,LNCAP,-12.66025633,4,0
6957,ETOPOSIDE,MK-5108,MDAMB436,15.00819876,4,1
6958,ETOPOSIDE,MK-5108,MSTO,27.5905608,4,1
6959,ETOPOSIDE,MK-5108,NCIH1650,-6.935954474,4,0
6960,ETOPOSIDE,MK-5108,NCIH2122,-6.876238205,4,0
6961,ETOPOSIDE,MK-5108,NCIH23,15.02519485,4,1
6962,ETOPOSIDE,MK-5108,NCIH460,-12.89621832,4,0
6963,ETOPOSIDE,MK-5108,NCIH520,-11.51128765,4,0
6964,ETOPOSIDE,MK-5108,OCUBM,-0.781191898,4,0
6965,ETOPOSIDE,MK-5108,OV90,21.11551933,4,1
6966,ETOPOSIDE,MK-5108,OVCAR3,-23.76105159,4,0
6967,ETOPOSIDE,MK-5108,PA1,-5.715302064,4,0
6968,ETOPOSIDE,MK-5108,RKO,29.56165952,4,1
6969,ETOPOSIDE,MK-5108,RPMI7951,17.68925642,4,1
6970,ETOPOSIDE,MK-5108,SKMEL30,16.3525159,4,1
6971,ETOPOSIDE,MK-5108,SKMES1,-2.921827285,4,0
6973,ETOPOSIDE,MK-5108,SW620,20.04486147,4,1
6974,ETOPOSIDE,MK-5108,SW837,13.24837557,4,1
6975,ETOPOSIDE,MK-5108,T47D,-6.895642225,4,0
6977,ETOPOSIDE,MK-5108,UWB1289,12.54410339,4,1
6979,ETOPOSIDE,MK-5108,VCAP,-10.31394043,4,0
6980,ETOPOSIDE,MK-5108,ZR751,-13.80178169,4,0
6981,ETOPOSIDE,MK-8669,A2058,-4.101561409,0,0
6982,ETOPOSIDE,MK-8669,A2780,22.65392265,0,1
6983,ETOPOSIDE,MK-8669,A375,30.71559892,0,1
6985,ETOPOSIDE,MK-8669,CAOV3,118.6852801,0,1
6986,ETOPOSIDE,MK-8669,COLO320DM,11.72583136,0,1
6987,ETOPOSIDE,MK-8669,DLD1,-0.352743618,0,0
6988,ETOPOSIDE,MK-8669,EFM192B,44.70688728,0,1
6991,ETOPOSIDE,MK-8669,HT144,41.58992657,0,1
6992,ETOPOSIDE,MK-8669,HT29,18.36383757,0,1
6993,ETOPOSIDE,MK-8669,KPL1,47.41302637,0,1
6994,ETOPOSIDE,MK-8669,LNCAP,34.45017819,0,1
6995,ETOPOSIDE,MK-8669,LOVO,11.94561077,0,1
6996,ETOPOSIDE,MK-8669,MDAMB436,32.37389935,0,1
6997,ETOPOSIDE,MK-8669,MSTO,41.59139974,0,1
6998,ETOPOSIDE,MK-8669,NCIH1650,35.97509228,0,1
6999,ETOPOSIDE,MK-8669,NCIH2122,15.17289775,0,1
7000,ETOPOSIDE,MK-8669,NCIH23,-146.9487222,0,0
7003,ETOPOSIDE,MK-8669,OCUBM,11.31428852,0,1
7004,ETOPOSIDE,MK-8669,OV90,11.76803064,0,1
7006,ETOPOSIDE,MK-8669,PA1,-22.92275491,0,0
7007,ETOPOSIDE,MK-8669,RKO,34.5234873,0,1
7009,ETOPOSIDE,MK-8669,SKMEL30,28.66295459,0,1
7010,ETOPOSIDE,MK-8669,SKMES1,12.23523546,0,1
7011,ETOPOSIDE,MK-8669,SKOV3,11.53211009,0,1
7013,ETOPOSIDE,MK-8669,SW837,33.80011003,0,1
7014,ETOPOSIDE,MK-8669,T47D,10.68281825,0,1
7015,ETOPOSIDE,MK-8669,UACC62,34.55875316,0,1
7016,ETOPOSIDE,MK-8669,UWB1289,15.01491737,0,1
7017,ETOPOSIDE,MK-8669,UWB1289BRCA1,17.47118243,0,1
7018,ETOPOSIDE,MK-8669,VCAP,30.50590257,0,1
7020,ETOPOSIDE,MK-8776,A2058,57.67901606,2,1
7021,ETOPOSIDE,MK-8776,A2780,21.34548508,2,1
7022,ETOPOSIDE,MK-8776,A375,-65.08015716,2,0
7024,ETOPOSIDE,MK-8776,CAOV3,65.09984723,2,1
7025,ETOPOSIDE,MK-8776,COLO320DM,11.15133425,2,1
7026,ETOPOSIDE,MK-8776,DLD1,14.0373457,2,1
7027,ETOPOSIDE,MK-8776,EFM192B,32.10499213,2,1
7028,ETOPOSIDE,MK-8776,ES2,14.57024735,2,1
7030,ETOPOSIDE,MK-8776,HT144,26.87486066,2,1
7031,ETOPOSIDE,MK-8776,HT29,22.77599038,2,1
7032,ETOPOSIDE,MK-8776,KPL1,19.85632094,2,1
7033,ETOPOSIDE,MK-8776,LNCAP,10.87595618,2,1
7034,ETOPOSIDE,MK-8776,LOVO,18.18567062,2,1
7035,ETOPOSIDE,MK-8776,MDAMB436,25.41312428,2,1
7037,ETOPOSIDE,MK-8776,NCIH1650,25.17189985,2,1
7039,ETOPOSIDE,MK-8776,NCIH23,13.64690864,2,1
7041,ETOPOSIDE,MK-8776,NCIH520,19.42049005,2,1
7042,ETOPOSIDE,MK-8776,OCUBM,15.62664182,2,1
7044,ETOPOSIDE,MK-8776,OVCAR3,78.91706663,2,1
7045,ETOPOSIDE,MK-8776,PA1,-22.83951833,2,0
7047,ETOPOSIDE,MK-8776,RPMI7951,-4.400445581,2,0
7048,ETOPOSIDE,MK-8776,SKMEL30,58.93855866,2,1
7049,ETOPOSIDE,MK-8776,SKMES1,-14.15759259,2,0
7051,ETOPOSIDE,MK-8776,SW620,-12.87630561,2,0
7053,ETOPOSIDE,MK-8776,T47D,-29.18931096,2,0
7054,ETOPOSIDE,MK-8776,UACC62,20.63281721,2,1
7056,ETOPOSIDE,MK-8776,UWB1289BRCA1,-2.114179687,2,0
7057,ETOPOSIDE,MK-8776,VCAP,54.77812255,2,1
7058,ETOPOSIDE,MK-8776,ZR751,18.63434109,2,1
7059,ETOPOSIDE,PD325901,A2058,22.17348782,4,1
7060,ETOPOSIDE,PD325901,A2780,36.84388809,4,1
7061,ETOPOSIDE,PD325901,A375,15.70383058,4,1
7062,ETOPOSIDE,PD325901,A427,10.50635845,4,1
7063,ETOPOSIDE,PD325901,CAOV3,122.0788947,4,1
7066,ETOPOSIDE,PD325901,EFM192B,20.84920257,4,1
7068,ETOPOSIDE,PD325901,HCT116,10.08603496,4,1
7069,ETOPOSIDE,PD325901,HT144,39.74829923,4,1
7070,ETOPOSIDE,PD325901,HT29,12.27090058,4,1
7072,ETOPOSIDE,PD325901,LNCAP,40.32291573,4,1
7073,ETOPOSIDE,PD325901,LOVO,30.23540886,4,1
7074,ETOPOSIDE,PD325901,MDAMB436,25.97741805,4,1
7075,ETOPOSIDE,PD325901,MSTO,-20.58151609,4,0
7076,ETOPOSIDE,PD325901,NCIH1650,25.46667544,4,1
7077,ETOPOSIDE,PD325901,NCIH2122,27.0184105,4,1
7079,ETOPOSIDE,PD325901,NCIH460,39.75978234,4,1
7080,ETOPOSIDE,PD325901,NCIH520,-5.117621187,4,0
7082,ETOPOSIDE,PD325901,OV90,21.03998461,4,1
7083,ETOPOSIDE,PD325901,OVCAR3,28.55487554,4,1
7084,ETOPOSIDE,PD325901,PA1,-10.74392446,4,0
7085,ETOPOSIDE,PD325901,RKO,38.3604726,4,1
7086,ETOPOSIDE,PD325901,RPMI7951,-6.949425339,4,0
7087,ETOPOSIDE,PD325901,SKMEL30,13.82899063,4,1
7089,ETOPOSIDE,PD325901,SKOV3,12.82333603,4,1
7090,ETOPOSIDE,PD325901,SW620,13.89698344,4,1
7091,ETOPOSIDE,PD325901,SW837,14.01239834,4,1
7092,ETOPOSIDE,PD325901,T47D,33.34594771,4,1
7094,ETOPOSIDE,PD325901,UWB1289,36.33037037,4,1
7095,ETOPOSIDE,PD325901,UWB1289BRCA1,11.29964189,4,1
7096,ETOPOSIDE,PD325901,VCAP,14.54518531,4,1
7097,ETOPOSIDE,PD325901,ZR751,48.6253214,4,1
7098,ETOPOSIDE,SORAFENIB,A2058,-12.15503625,1,0
7100,ETOPOSIDE,SORAFENIB,A375,-3.842677164,1,0
7102,ETOPOSIDE,SORAFENIB,CAOV3,40.76840903,1,1
7105,ETOPOSIDE,SORAFENIB,EFM192B,-16.26841635,1,0
7106,ETOPOSIDE,SORAFENIB,ES2,-7.382916804,1,0
7107,ETOPOSIDE,SORAFENIB,HCT116,-0.538565818,1,0
7109,ETOPOSIDE,SORAFENIB,HT29,-5.500644869,1,0
7111,ETOPOSIDE,SORAFENIB,LNCAP,-4.175896958,1,0
7112,ETOPOSIDE,SORAFENIB,LOVO,-10.0797683,1,0
7113,ETOPOSIDE,SORAFENIB,MDAMB436,-8.093217244,1,0
7114,ETOPOSIDE,SORAFENIB,MSTO,-8.461292512,1,0
7116,ETOPOSIDE,SORAFENIB,NCIH2122,-0.787832957,1,0
7117,ETOPOSIDE,SORAFENIB,NCIH23,-116.1653965,1,0
7119,ETOPOSIDE,SORAFENIB,NCIH520,12.57460996,1,1
7120,ETOPOSIDE,SORAFENIB,OCUBM,-9.103048757,1,0
7121,ETOPOSIDE,SORAFENIB,OV90,-8.086183338,1,0
7122,ETOPOSIDE,SORAFENIB,OVCAR3,-18.43455983,1,0
7123,ETOPOSIDE,SORAFENIB,PA1,-4.562973824,1,0
7124,ETOPOSIDE,SORAFENIB,RKO,-3.538439088,1,0
7125,ETOPOSIDE,SORAFENIB,RPMI7951,-10.84972086,1,0
7127,ETOPOSIDE,SORAFENIB,SKMES1,-2.332092648,1,0
7128,ETOPOSIDE,SORAFENIB,SKOV3,-3.41378037,1,0
7130,ETOPOSIDE,SORAFENIB,SW837,10.08182525,1,1
7131,ETOPOSIDE,SORAFENIB,T47D,-12.4278492,1,0
7132,ETOPOSIDE,SORAFENIB,UACC62,-5.136866616,1,0
7133,ETOPOSIDE,SORAFENIB,UWB1289,-1.471069519,1,0
7135,ETOPOSIDE,SORAFENIB,VCAP,-19.78803715,1,0
7136,ETOPOSIDE,SORAFENIB,ZR751,-11.74689916,1,0
7137,ETOPOSIDE,SUNITINIB,A2058,-6.972169686,3,0
7141,ETOPOSIDE,SUNITINIB,CAOV3,30.61709086,3,1
7143,ETOPOSIDE,SUNITINIB,DLD1,-4.736841754,3,0
7144,ETOPOSIDE,SUNITINIB,EFM192B,-4.959966805,3,0
7145,ETOPOSIDE,SUNITINIB,ES2,-9.658459101,3,0
7149,ETOPOSIDE,SUNITINIB,KPL1,17.60816922,3,1
7150,ETOPOSIDE,SUNITINIB,LNCAP,-1.889487253,3,0
7153,ETOPOSIDE,SUNITINIB,MSTO,-15.12080583,3,0
7154,ETOPOSIDE,SUNITINIB,NCIH1650,16.77463607,3,1
7156,ETOPOSIDE,SUNITINIB,NCIH23,-98.62741446,3,0
7158,ETOPOSIDE,SUNITINIB,NCIH520,13.71601881,3,1
7159,ETOPOSIDE,SUNITINIB,OCUBM,-4.821745642,3,0
7160,ETOPOSIDE,SUNITINIB,OV90,-2.408436932,3,0
7161,ETOPOSIDE,SUNITINIB,OVCAR3,-1.583835017,3,0
7162,ETOPOSIDE,SUNITINIB,PA1,-13.58561469,3,0
7163,ETOPOSIDE,SUNITINIB,RKO,-3.789069544,3,0
7164,ETOPOSIDE,SUNITINIB,RPMI7951,-13.32447019,3,0
7166,ETOPOSIDE,SUNITINIB,SKMES1,-10.19342421,3,0
7169,ETOPOSIDE,SUNITINIB,SW837,-1.429826895,3,0
7170,ETOPOSIDE,SUNITINIB,T47D,-26.44624539,3,0
7173,ETOPOSIDE,SUNITINIB,UWB1289BRCA1,13.16792529,3,1
7176,ETOPOSIDE,TEMOZOLOMIDE,A2058,13.6477253,1,1
7177,ETOPOSIDE,TEMOZOLOMIDE,A2780,10.20944081,1,1
7178,ETOPOSIDE,TEMOZOLOMIDE,A375,-87.4802028,1,0
7180,ETOPOSIDE,TEMOZOLOMIDE,CAOV3,83.00585057,1,1
7182,ETOPOSIDE,TEMOZOLOMIDE,DLD1,-4.822138367,1,0
7183,ETOPOSIDE,TEMOZOLOMIDE,EFM192B,-1.617519125,1,0
7184,ETOPOSIDE,TEMOZOLOMIDE,ES2,11.82354023,1,1
7185,ETOPOSIDE,TEMOZOLOMIDE,HCT116,-7.177086879,1,0
7186,ETOPOSIDE,TEMOZOLOMIDE,HT144,-7.918675549,1,0
7189,ETOPOSIDE,TEMOZOLOMIDE,LNCAP,12.43190039,1,1
7190,ETOPOSIDE,TEMOZOLOMIDE,LOVO,-3.522124658,1,0
7192,ETOPOSIDE,TEMOZOLOMIDE,MSTO,-0.207890455,1,0
7193,ETOPOSIDE,TEMOZOLOMIDE,NCIH1650,-10.23455147,1,0
7194,ETOPOSIDE,TEMOZOLOMIDE,NCIH2122,-5.740990385,1,0
7196,ETOPOSIDE,TEMOZOLOMIDE,NCIH460,-9.814545734,1,0
7197,ETOPOSIDE,TEMOZOLOMIDE,NCIH520,-0.531958049,1,0
7199,ETOPOSIDE,TEMOZOLOMIDE,OV90,13.76182079,1,1
7201,ETOPOSIDE,TEMOZOLOMIDE,PA1,-13.05993648,1,0
7202,ETOPOSIDE,TEMOZOLOMIDE,RKO,-3.136548188,1,0
7203,ETOPOSIDE,TEMOZOLOMIDE,RPMI7951,12.8960405,1,1
7204,ETOPOSIDE,TEMOZOLOMIDE,SKMEL30,21.19310545,1,1
7205,ETOPOSIDE,TEMOZOLOMIDE,SKMES1,25.00914684,1,1
7206,ETOPOSIDE,TEMOZOLOMIDE,SKOV3,-5.368344784,1,0
7207,ETOPOSIDE,TEMOZOLOMIDE,SW620,17.56053454,1,1
7208,ETOPOSIDE,TEMOZOLOMIDE,SW837,-18.67907384,1,0
7209,ETOPOSIDE,TEMOZOLOMIDE,T47D,-27.82829749,1,0
7210,ETOPOSIDE,TEMOZOLOMIDE,UACC62,12.59934788,1,1
7211,ETOPOSIDE,TEMOZOLOMIDE,UWB1289,21.52753795,1,1
7212,ETOPOSIDE,TEMOZOLOMIDE,UWB1289BRCA1,33.68962252,1,1
7214,ETOPOSIDE,TEMOZOLOMIDE,ZR751,-16.39943726,1,0
7216,ETOPOSIDE,ZOLINZA,A2780,10.01482955,2,1
7217,ETOPOSIDE,ZOLINZA,A375,-71.18505172,2,0
7218,ETOPOSIDE,ZOLINZA,A427,-18.84435619,2,0
7219,ETOPOSIDE,ZOLINZA,CAOV3,83.62883659,2,1
7222,ETOPOSIDE,ZOLINZA,EFM192B,11.30545867,2,1
7223,ETOPOSIDE,ZOLINZA,ES2,11.28921117,2,1
7224,ETOPOSIDE,ZOLINZA,HCT116,-17.37379223,2,0
7225,ETOPOSIDE,ZOLINZA,HT144,11.89627363,2,1
7226,ETOPOSIDE,ZOLINZA,HT29,18.65180381,2,1
7227,ETOPOSIDE,ZOLINZA,KPL1,14.14203891,2,1
7228,ETOPOSIDE,ZOLINZA,LNCAP,28.61619415,2,1
7229,ETOPOSIDE,ZOLINZA,LOVO,10.27511559,2,1
7230,ETOPOSIDE,ZOLINZA,MDAMB436,12.62377777,2,1
7231,ETOPOSIDE,ZOLINZA,MSTO,56.83462933,2,1
7233,ETOPOSIDE,ZOLINZA,NCIH2122,18.8089245,2,1
7234,ETOPOSIDE,ZOLINZA,NCIH23,-2.473733052,2,0
7237,ETOPOSIDE,ZOLINZA,OCUBM,-5.110605486,2,0
7239,ETOPOSIDE,ZOLINZA,OVCAR3,10.79242532,2,1
7240,ETOPOSIDE,ZOLINZA,PA1,-9.679124677,2,0
7244,ETOPOSIDE,ZOLINZA,SKMES1,17.93518639,2,1
7245,ETOPOSIDE,ZOLINZA,SKOV3,29.64057569,2,1
7247,ETOPOSIDE,ZOLINZA,SW837,21.63323076,2,1
7248,ETOPOSIDE,ZOLINZA,T47D,25.24241347,2,1
7249,ETOPOSIDE,ZOLINZA,UACC62,17.5604374,2,1
7250,ETOPOSIDE,ZOLINZA,UWB1289,27.44154642,2,1
7251,ETOPOSIDE,ZOLINZA,UWB1289BRCA1,20.62090545,2,1
7252,ETOPOSIDE,ZOLINZA,VCAP,17.67993739,2,1
7253,ETOPOSIDE,ZOLINZA,ZR751,22.83573645,2,1
7254,GELDANAMYCIN,BEZ-235,A2058,34.57333585,2,1
7255,GELDANAMYCIN,BEZ-235,A2780,14.86658789,2,1
7256,GELDANAMYCIN,BEZ-235,A375,20.65600784,2,1
7257,GELDANAMYCIN,BEZ-235,A427,16.82208792,2,1
7258,GELDANAMYCIN,BEZ-235,CAOV3,25.67518873,2,1
7259,GELDANAMYCIN,BEZ-235,COLO320DM,30.65561173,2,1
7260,GELDANAMYCIN,BEZ-235,DLD1,24.26631043,2,1
7261,GELDANAMYCIN,BEZ-235,EFM192B,-0.044183027,2,0
7262,GELDANAMYCIN,BEZ-235,ES2,22.05057677,2,1
7263,GELDANAMYCIN,BEZ-235,HCT116,35.76379658,2,1
7264,GELDANAMYCIN,BEZ-235,HT144,45.48122797,2,1
7265,GELDANAMYCIN,BEZ-235,HT29,13.70606034,2,1
7267,GELDANAMYCIN,BEZ-235,LNCAP,107.6222417,2,1
7268,GELDANAMYCIN,BEZ-235,LOVO,14.32727111,2,1
7269,GELDANAMYCIN,BEZ-235,MDAMB436,23.29901802,2,1
7270,GELDANAMYCIN,BEZ-235,MSTO,10.1629953,2,1
7274,GELDANAMYCIN,BEZ-235,NCIH460,34.03656802,2,1
7276,GELDANAMYCIN,BEZ-235,OCUBM,15.92008573,2,1
7277,GELDANAMYCIN,BEZ-235,OV90,16.2558353,2,1
7278,GELDANAMYCIN,BEZ-235,OVCAR3,-7.142892435,2,0
7279,GELDANAMYCIN,BEZ-235,PA1,26.19486728,2,1
7280,GELDANAMYCIN,BEZ-235,RKO,20.10584985,2,1
7281,GELDANAMYCIN,BEZ-235,RPMI7951,-3.235888021,2,0
7282,GELDANAMYCIN,BEZ-235,SKMEL30,48.27593907,2,1
7283,GELDANAMYCIN,BEZ-235,SKMES1,45.63680144,2,1
7284,GELDANAMYCIN,BEZ-235,SKOV3,-1.111587344,2,0
7286,GELDANAMYCIN,BEZ-235,SW837,15.5753498,2,1
7287,GELDANAMYCIN,BEZ-235,T47D,155.3899654,2,1
7288,GELDANAMYCIN,BEZ-235,UACC62,29.76025464,2,1
7291,GELDANAMYCIN,BEZ-235,VCAP,28.05066048,2,1
7294,GELDANAMYCIN,DINACICLIB,A2780,-17.97817111,2,0
7295,GELDANAMYCIN,DINACICLIB,A375,22.05450091,2,1
7298,GELDANAMYCIN,DINACICLIB,COLO320DM,10.09592416,2,1
7304,GELDANAMYCIN,DINACICLIB,HT29,-3.265971374,2,0
7306,GELDANAMYCIN,DINACICLIB,LNCAP,33.17178636,2,1
7307,GELDANAMYCIN,DINACICLIB,LOVO,-2.492823839,2,0
7308,GELDANAMYCIN,DINACICLIB,MDAMB436,15.29531451,2,1
7309,GELDANAMYCIN,DINACICLIB,MSTO,-22.90589188,2,0
7310,GELDANAMYCIN,DINACICLIB,NCIH1650,-23.08653485,2,0
7312,GELDANAMYCIN,DINACICLIB,NCIH23,-12.48833358,2,0
7315,GELDANAMYCIN,DINACICLIB,OCUBM,10.51296869,2,1
7316,GELDANAMYCIN,DINACICLIB,OV90,-9.089980403,2,0
7317,GELDANAMYCIN,DINACICLIB,OVCAR3,-25.42782364,2,0
7320,GELDANAMYCIN,DINACICLIB,RPMI7951,-11.41869766,2,0
7322,GELDANAMYCIN,DINACICLIB,SKMES1,-10.94429024,2,0
7323,GELDANAMYCIN,DINACICLIB,SKOV3,-22.80868825,2,0
7324,GELDANAMYCIN,DINACICLIB,SW620,-13.56571062,2,0
7325,GELDANAMYCIN,DINACICLIB,SW837,-13.89481261,2,0
7326,GELDANAMYCIN,DINACICLIB,T47D,-39.85034847,2,0
7327,GELDANAMYCIN,DINACICLIB,UACC62,-7.45032494,2,0
7328,GELDANAMYCIN,DINACICLIB,UWB1289,-22.41107601,2,0
7329,GELDANAMYCIN,DINACICLIB,UWB1289BRCA1,-23.57095562,2,0
7330,GELDANAMYCIN,DINACICLIB,VCAP,-2.639714416,2,0
7331,GELDANAMYCIN,DINACICLIB,ZR751,-19.07458503,2,0
7332,GELDANAMYCIN,MK-8776,A2058,51.41963491,4,1
7334,GELDANAMYCIN,MK-8776,A375,20.88618832,4,1
7335,GELDANAMYCIN,MK-8776,A427,23.03757955,4,1
7336,GELDANAMYCIN,MK-8776,CAOV3,24.8543465,4,1
7337,GELDANAMYCIN,MK-8776,COLO320DM,11.53137428,4,1
7338,GELDANAMYCIN,MK-8776,DLD1,16.68549735,4,1
7339,GELDANAMYCIN,MK-8776,EFM192B,-3.435336394,4,0
7341,GELDANAMYCIN,MK-8776,HCT116,30.28012904,4,1
7342,GELDANAMYCIN,MK-8776,HT144,-198.6874066,4,0
7343,GELDANAMYCIN,MK-8776,HT29,-3.556540507,4,0
7344,GELDANAMYCIN,MK-8776,KPL1,-2.26846652,4,0
7345,GELDANAMYCIN,MK-8776,LNCAP,-105.3544017,4,0
7347,GELDANAMYCIN,MK-8776,MDAMB436,12.05339011,4,1
7348,GELDANAMYCIN,MK-8776,MSTO,-36.80066992,4,0
7349,GELDANAMYCIN,MK-8776,NCIH1650,-0.880216531,4,0
7350,GELDANAMYCIN,MK-8776,NCIH2122,-17.72773735,4,0
7351,GELDANAMYCIN,MK-8776,NCIH23,-11.01680765,4,0
7353,GELDANAMYCIN,MK-8776,NCIH520,17.99220848,4,1
7354,GELDANAMYCIN,MK-8776,OCUBM,27.51716779,4,1
7355,GELDANAMYCIN,MK-8776,OV90,-6.587359461,4,0
7356,GELDANAMYCIN,MK-8776,OVCAR3,-19.67567254,4,0
7358,GELDANAMYCIN,MK-8776,RKO,32.13845443,4,1
7359,GELDANAMYCIN,MK-8776,RPMI7951,-4.989611748,4,0
7360,GELDANAMYCIN,MK-8776,SKMEL30,37.16106996,4,1
7361,GELDANAMYCIN,MK-8776,SKMES1,-23.43171311,4,0
7362,GELDANAMYCIN,MK-8776,SKOV3,-31.75296787,4,0
7363,GELDANAMYCIN,MK-8776,SW620,-6.888644012,4,0
7364,GELDANAMYCIN,MK-8776,SW837,-184.7983901,4,0
7365,GELDANAMYCIN,MK-8776,T47D,-34.98235241,4,0
7367,GELDANAMYCIN,MK-8776,UWB1289,-7.275047774,4,0
7368,GELDANAMYCIN,MK-8776,UWB1289BRCA1,-13.02276442,4,0
7369,GELDANAMYCIN,MK-8776,VCAP,17.51222958,4,1
7370,GELDANAMYCIN,MK-8776,ZR751,-28.73240892,4,0
7371,GELDANAMYCIN,OXALIPLATIN,A2058,16.34039127,2,1
7372,GELDANAMYCIN,OXALIPLATIN,A2780,-4.574264625,2,0
7373,GELDANAMYCIN,OXALIPLATIN,A375,-8.069874153,2,0
7375,GELDANAMYCIN,OXALIPLATIN,CAOV3,-6.419299337,2,0
7376,GELDANAMYCIN,OXALIPLATIN,COLO320DM,-2.683047865,2,0
7378,GELDANAMYCIN,OXALIPLATIN,EFM192B,-19.21107942,2,0
7379,GELDANAMYCIN,OXALIPLATIN,ES2,-26.81921548,2,0
7380,GELDANAMYCIN,OXALIPLATIN,HCT116,12.35204924,2,1
7381,GELDANAMYCIN,OXALIPLATIN,HT144,-10.33252131,2,0
7382,GELDANAMYCIN,OXALIPLATIN,HT29,-4.167884355,2,0
7384,GELDANAMYCIN,OXALIPLATIN,LNCAP,-64.20722083,2,0
7385,GELDANAMYCIN,OXALIPLATIN,LOVO,-24.37481524,2,0
7387,GELDANAMYCIN,OXALIPLATIN,MSTO,10.8174392,2,1
7388,GELDANAMYCIN,OXALIPLATIN,NCIH1650,-15.35308599,2,0
7390,GELDANAMYCIN,OXALIPLATIN,NCIH23,-15.15007571,2,0
7391,GELDANAMYCIN,OXALIPLATIN,NCIH460,-9.523011659,2,0
7392,GELDANAMYCIN,OXALIPLATIN,NCIH520,-0.455778707,2,0
7394,GELDANAMYCIN,OXALIPLATIN,OV90,-11.53351607,2,0
7396,GELDANAMYCIN,OXALIPLATIN,PA1,-40.18357728,2,0
7397,GELDANAMYCIN,OXALIPLATIN,RKO,-0.314569654,2,0
7398,GELDANAMYCIN,OXALIPLATIN,RPMI7951,-9.974522282,2,0
7400,GELDANAMYCIN,OXALIPLATIN,SKMES1,-2.709265909,2,0
7401,GELDANAMYCIN,OXALIPLATIN,SKOV3,-4.267788402,2,0
7402,GELDANAMYCIN,OXALIPLATIN,SW620,-13.60640049,2,0
7403,GELDANAMYCIN,OXALIPLATIN,SW837,-5.951312795,2,0
7404,GELDANAMYCIN,OXALIPLATIN,T47D,-37.34066605,2,0
7405,GELDANAMYCIN,OXALIPLATIN,UACC62,-24.58577099,2,0
7406,GELDANAMYCIN,OXALIPLATIN,UWB1289,-8.772972219,2,0
7407,GELDANAMYCIN,OXALIPLATIN,UWB1289BRCA1,-23.49322203,2,0
7408,GELDANAMYCIN,OXALIPLATIN,VCAP,-3.145967729,2,0
7409,GELDANAMYCIN,OXALIPLATIN,ZR751,-8.50721665,2,0
7410,GELDANAMYCIN,SN-38,A2058,19.01850638,1,1
7412,GELDANAMYCIN,SN-38,A375,22.09706901,1,1
7413,GELDANAMYCIN,SN-38,A427,12.3211191,1,1
7414,GELDANAMYCIN,SN-38,CAOV3,10.41369152,1,1
7416,GELDANAMYCIN,SN-38,DLD1,15.65067775,1,1
7417,GELDANAMYCIN,SN-38,EFM192B,11.28012993,1,1
7418,GELDANAMYCIN,SN-38,ES2,-3.700456762,1,0
7419,GELDANAMYCIN,SN-38,HCT116,13.69616651,1,1
7421,GELDANAMYCIN,SN-38,HT29,-3.8519533,1,0
7423,GELDANAMYCIN,SN-38,LNCAP,33.95907446,1,1
7424,GELDANAMYCIN,SN-38,LOVO,-18.13081596,1,0
7426,GELDANAMYCIN,SN-38,MSTO,-6.443313455,1,0
7430,GELDANAMYCIN,SN-38,NCIH460,11.22779886,1,1
7431,GELDANAMYCIN,SN-38,NCIH520,12.63781916,1,1
7432,GELDANAMYCIN,SN-38,OCUBM,18.91896359,1,1
7433,GELDANAMYCIN,SN-38,OV90,-2.638315986,1,0
7434,GELDANAMYCIN,SN-38,OVCAR3,68.46338668,1,1
7436,GELDANAMYCIN,SN-38,RKO,11.62779139,1,1
7437,GELDANAMYCIN,SN-38,RPMI7951,-2.070346623,1,0
7438,GELDANAMYCIN,SN-38,SKMEL30,38.26844823,1,1
7439,GELDANAMYCIN,SN-38,SKMES1,17.6342613,1,1
7440,GELDANAMYCIN,SN-38,SKOV3,-12.02502079,1,0
7441,GELDANAMYCIN,SN-38,SW620,-1.370646685,1,0
7443,GELDANAMYCIN,SN-38,T47D,10.77505243,1,1
7444,GELDANAMYCIN,SN-38,UACC62,-7.316655441,1,0
7447,GELDANAMYCIN,SN-38,VCAP,-0.826332506,1,0
7448,GELDANAMYCIN,SN-38,ZR751,-8.55058823,1,0
7450,GELDANAMYCIN,SORAFENIB,A2780,-8.927535094,2,0
7453,GELDANAMYCIN,SORAFENIB,CAOV3,-4.477458483,2,0
7455,GELDANAMYCIN,SORAFENIB,DLD1,13.51234592,2,1
7456,GELDANAMYCIN,SORAFENIB,EFM192B,-4.707884807,2,0
7459,GELDANAMYCIN,SORAFENIB,HT144,-0.575324429,2,0
7460,GELDANAMYCIN,SORAFENIB,HT29,-4.474906683,2,0
7461,GELDANAMYCIN,SORAFENIB,KPL1,-4.067597152,2,0
7462,GELDANAMYCIN,SORAFENIB,LNCAP,-6.892392724,2,0
7463,GELDANAMYCIN,SORAFENIB,LOVO,-8.422196512,2,0
7464,GELDANAMYCIN,SORAFENIB,MDAMB436,-17.59525207,2,0
7465,GELDANAMYCIN,SORAFENIB,MSTO,-43.62177115,2,0
7466,GELDANAMYCIN,SORAFENIB,NCIH1650,-4.607045057,2,0
7468,GELDANAMYCIN,SORAFENIB,NCIH23,-0.314813933,2,0
7469,GELDANAMYCIN,SORAFENIB,NCIH460,-1.452244971,2,0
7471,GELDANAMYCIN,SORAFENIB,OCUBM,11.16441959,2,1
7472,GELDANAMYCIN,SORAFENIB,OV90,-5.189856146,2,0
7473,GELDANAMYCIN,SORAFENIB,OVCAR3,-32.68314045,2,0
7474,GELDANAMYCIN,SORAFENIB,PA1,14.08240543,2,1
7475,GELDANAMYCIN,SORAFENIB,RKO,-4.608155422,2,0
7476,GELDANAMYCIN,SORAFENIB,RPMI7951,-11.75896295,2,0
7477,GELDANAMYCIN,SORAFENIB,SKMEL30,-1.793855383,2,0
7478,GELDANAMYCIN,SORAFENIB,SKMES1,-13.59548446,2,0
7479,GELDANAMYCIN,SORAFENIB,SKOV3,-3.190399936,2,0
7480,GELDANAMYCIN,SORAFENIB,SW620,-10.96608563,2,0
7481,GELDANAMYCIN,SORAFENIB,SW837,-5.25362457,2,0
7485,GELDANAMYCIN,SORAFENIB,UWB1289BRCA1,-11.71866295,2,0
7486,GELDANAMYCIN,SORAFENIB,VCAP,-13.33651052,2,0
7487,GELDANAMYCIN,SORAFENIB,ZR751,-17.09555794,2,0
7488,GELDANAMYCIN,TOPOTECAN,A2058,22.38658565,3,1
7489,GELDANAMYCIN,TOPOTECAN,A2780,-1.700187674,3,0
7490,GELDANAMYCIN,TOPOTECAN,A375,-16.3920222,3,0
7491,GELDANAMYCIN,TOPOTECAN,A427,21.65186525,3,1
7492,GELDANAMYCIN,TOPOTECAN,CAOV3,-2.912022437,3,0
7494,GELDANAMYCIN,TOPOTECAN,DLD1,17.72230415,3,1
7495,GELDANAMYCIN,TOPOTECAN,EFM192B,-16.56625305,3,0
7497,GELDANAMYCIN,TOPOTECAN,HCT116,-1.188891298,3,0
7498,GELDANAMYCIN,TOPOTECAN,HT144,-1.170588908,3,0
7499,GELDANAMYCIN,TOPOTECAN,HT29,-2.196506457,3,0
7500,GELDANAMYCIN,TOPOTECAN,KPL1,17.59901776,3,1
7501,GELDANAMYCIN,TOPOTECAN,LNCAP,-5.369615006,3,0
7502,GELDANAMYCIN,TOPOTECAN,LOVO,-5.569631965,3,0
7503,GELDANAMYCIN,TOPOTECAN,MDAMB436,-1.484816029,3,0
7504,GELDANAMYCIN,TOPOTECAN,MSTO,-14.63725658,3,0
7505,GELDANAMYCIN,TOPOTECAN,NCIH1650,-15.30165422,3,0
7506,GELDANAMYCIN,TOPOTECAN,NCIH2122,-6.216653629,3,0
7507,GELDANAMYCIN,TOPOTECAN,NCIH23,-17.97647101,3,0
7508,GELDANAMYCIN,TOPOTECAN,NCIH460,-23.95784414,3,0
7509,GELDANAMYCIN,TOPOTECAN,NCIH520,12.7176527,3,1
7511,GELDANAMYCIN,TOPOTECAN,OV90,-8.437739934,3,0
7512,GELDANAMYCIN,TOPOTECAN,OVCAR3,18.44792539,3,1
7513,GELDANAMYCIN,TOPOTECAN,PA1,-11.22419818,3,0
7514,GELDANAMYCIN,TOPOTECAN,RKO,-10.70715216,3,0
7515,GELDANAMYCIN,TOPOTECAN,RPMI7951,-2.583781052,3,0
7516,GELDANAMYCIN,TOPOTECAN,SKMEL30,48.38401733,3,1
7517,GELDANAMYCIN,TOPOTECAN,SKMES1,-15.97279372,3,0
7518,GELDANAMYCIN,TOPOTECAN,SKOV3,-2.276912987,3,0
7519,GELDANAMYCIN,TOPOTECAN,SW620,18.55048928,3,1
7520,GELDANAMYCIN,TOPOTECAN,SW837,13.63947044,3,1
7522,GELDANAMYCIN,TOPOTECAN,UACC62,-9.436397961,3,0
7523,GELDANAMYCIN,TOPOTECAN,UWB1289,16.96100514,3,1
7527,GEMCITABINE,ABT-888,A2058,-0.536733604,0,0
7528,GEMCITABINE,ABT-888,A2780,-1.158432414,0,0
7529,GEMCITABINE,ABT-888,A375,-20.51873205,0,0
7531,GEMCITABINE,ABT-888,CAOV3,-0.216703976,0,0
7533,GEMCITABINE,ABT-888,DLD1,-3.421109499,0,0
7535,GEMCITABINE,ABT-888,ES2,-0.564153728,0,0
7536,GEMCITABINE,ABT-888,HCT116,-4.890805492,0,0
7537,GEMCITABINE,ABT-888,HT144,-1.461239905,0,0
7539,GEMCITABINE,ABT-888,KPL1,10.52272738,0,1
7541,GEMCITABINE,ABT-888,LOVO,-2.376072567,0,0
7544,GEMCITABINE,ABT-888,NCIH1650,-6.425878709,0,0
7546,GEMCITABINE,ABT-888,NCIH23,-9.807276417,0,0
7548,GEMCITABINE,ABT-888,NCIH520,-2.98535085,0,0
7551,GEMCITABINE,ABT-888,OVCAR3,-7.512452601,0,0
7552,GEMCITABINE,ABT-888,PA1,-1.519807212,0,0
7553,GEMCITABINE,ABT-888,RKO,-10.13746929,0,0
7554,GEMCITABINE,ABT-888,RPMI7951,-12.18811971,0,0
7555,GEMCITABINE,ABT-888,SKMEL30,-7.458066731,0,0
7556,GEMCITABINE,ABT-888,SKMES1,-16.39024838,0,0
7558,GEMCITABINE,ABT-888,SW620,-1.423346093,0,0
7559,GEMCITABINE,ABT-888,SW837,-2.332058966,0,0
7560,GEMCITABINE,ABT-888,T47D,-2.733624055,0,0
7561,GEMCITABINE,ABT-888,UACC62,-0.163878356,0,0
7562,GEMCITABINE,ABT-888,UWB1289,-15.86124308,0,0
7563,GEMCITABINE,ABT-888,UWB1289BRCA1,-5.615300518,0,0
7566,GEMCITABINE,AZD1775,A2058,15.9533366,3,1
7571,GEMCITABINE,AZD1775,COLO320DM,13.891044,3,1
7572,GEMCITABINE,AZD1775,DLD1,21.20293828,3,1
7576,GEMCITABINE,AZD1775,HT144,16.06454261,3,1
7577,GEMCITABINE,AZD1775,HT29,16.33128347,3,1
7579,GEMCITABINE,AZD1775,LNCAP,-40.59067921,3,0
7581,GEMCITABINE,AZD1775,MDAMB436,21.31809506,3,1
7583,GEMCITABINE,AZD1775,NCIH1650,17.84490978,3,1
7586,GEMCITABINE,AZD1775,NCIH460,17.07384718,3,1
7587,GEMCITABINE,AZD1775,NCIH520,15.70060402,3,1
7588,GEMCITABINE,AZD1775,OCUBM,13.7760456,3,1
7589,GEMCITABINE,AZD1775,OV90,-1.68691338,3,0
7590,GEMCITABINE,AZD1775,OVCAR3,19.12741147,3,1
7591,GEMCITABINE,AZD1775,PA1,-7.382191935,3,0
7592,GEMCITABINE,AZD1775,RKO,-9.753426339,3,0
7593,GEMCITABINE,AZD1775,RPMI7951,-2.255981032,3,0
7595,GEMCITABINE,AZD1775,SKMES1,-14.68150812,3,0
7596,GEMCITABINE,AZD1775,SKOV3,15.61321034,3,1
7597,GEMCITABINE,AZD1775,SW620,21.71773377,3,1
7598,GEMCITABINE,AZD1775,SW837,24.60905058,3,1
7599,GEMCITABINE,AZD1775,T47D,17.64470274,3,1
7600,GEMCITABINE,AZD1775,UACC62,24.89268877,3,1
7601,GEMCITABINE,AZD1775,UWB1289,39.49221852,3,1
7602,GEMCITABINE,AZD1775,UWB1289BRCA1,17.72266343,3,1
7603,GEMCITABINE,AZD1775,VCAP,17.15041627,3,1
7604,GEMCITABINE,AZD1775,ZR751,14.35605784,3,1
7605,GEMCITABINE,BEZ-235,A2058,13.23096931,0,1
7606,GEMCITABINE,BEZ-235,A2780,-0.992445091,0,0
7607,GEMCITABINE,BEZ-235,A375,-4.510938713,0,0
7608,GEMCITABINE,BEZ-235,A427,16.81718027,0,1
7609,GEMCITABINE,BEZ-235,CAOV3,-4.51437519,0,0
7610,GEMCITABINE,BEZ-235,COLO320DM,13.14467137,0,1
7613,GEMCITABINE,BEZ-235,ES2,13.81026455,0,1
7614,GEMCITABINE,BEZ-235,HCT116,-8.430380906,0,0
7615,GEMCITABINE,BEZ-235,HT144,24.09512725,0,1
7616,GEMCITABINE,BEZ-235,HT29,14.1512268,0,1
7617,GEMCITABINE,BEZ-235,KPL1,15.10787014,0,1
7618,GEMCITABINE,BEZ-235,LNCAP,48.96142284,0,1
7620,GEMCITABINE,BEZ-235,MDAMB436,22.07134162,0,1
7622,GEMCITABINE,BEZ-235,NCIH1650,11.44585074,0,1
7624,GEMCITABINE,BEZ-235,NCIH23,-12.84994994,0,0
7625,GEMCITABINE,BEZ-235,NCIH460,23.36042667,0,1
7627,GEMCITABINE,BEZ-235,OCUBM,-0.091115768,0,0
7628,GEMCITABINE,BEZ-235,OV90,-3.048706195,0,0
7629,GEMCITABINE,BEZ-235,OVCAR3,-4.350884177,0,0
7632,GEMCITABINE,BEZ-235,RPMI7951,-2.30086367,0,0
7633,GEMCITABINE,BEZ-235,SKMEL30,11.31620051,0,1
7634,GEMCITABINE,BEZ-235,SKMES1,-20.12882119,0,0
7637,GEMCITABINE,BEZ-235,SW837,21.07815577,0,1
7638,GEMCITABINE,BEZ-235,T47D,46.29499521,0,1
7641,GEMCITABINE,BEZ-235,UWB1289BRCA1,20.42401423,0,1
7642,GEMCITABINE,BEZ-235,VCAP,17.94734433,0,1
7643,GEMCITABINE,BEZ-235,ZR751,15.51547383,0,1
7644,GEMCITABINE,BORTEZOMIB,A2058,-3.118535426,4,0
7645,GEMCITABINE,BORTEZOMIB,A2780,-6.056907573,4,0
7646,GEMCITABINE,BORTEZOMIB,A375,-13.75187464,4,0
7647,GEMCITABINE,BORTEZOMIB,A427,-4.34527653,4,0
7648,GEMCITABINE,BORTEZOMIB,CAOV3,-0.582252417,4,0
7649,GEMCITABINE,BORTEZOMIB,COLO320DM,-11.13184541,4,0
7651,GEMCITABINE,BORTEZOMIB,EFM192B,-9.793079469,4,0
7652,GEMCITABINE,BORTEZOMIB,ES2,-6.321576469,4,0
7653,GEMCITABINE,BORTEZOMIB,HCT116,-9.596534235,4,0
7655,GEMCITABINE,BORTEZOMIB,HT29,-8.617802664,4,0
7656,GEMCITABINE,BORTEZOMIB,KPL1,-1.890656218,4,0
7657,GEMCITABINE,BORTEZOMIB,LNCAP,-12.97157344,4,0
7658,GEMCITABINE,BORTEZOMIB,LOVO,-3.696604128,4,0
7661,GEMCITABINE,BORTEZOMIB,NCIH1650,-22.11945406,4,0
7662,GEMCITABINE,BORTEZOMIB,NCIH2122,-12.22627785,4,0
7663,GEMCITABINE,BORTEZOMIB,NCIH23,-12.89049632,4,0
7664,GEMCITABINE,BORTEZOMIB,NCIH460,-21.30293841,4,0
7665,GEMCITABINE,BORTEZOMIB,NCIH520,-17.78788737,4,0
7666,GEMCITABINE,BORTEZOMIB,OCUBM,-3.653368845,4,0
7667,GEMCITABINE,BORTEZOMIB,OV90,-4.79874852,4,0
7668,GEMCITABINE,BORTEZOMIB,OVCAR3,-2.441333401,4,0
7669,GEMCITABINE,BORTEZOMIB,PA1,-12.99292418,4,0
7670,GEMCITABINE,BORTEZOMIB,RKO,-13.64787362,4,0
7671,GEMCITABINE,BORTEZOMIB,RPMI7951,-3.656967967,4,0
7673,GEMCITABINE,BORTEZOMIB,SKMES1,-15.69506048,4,0
7674,GEMCITABINE,BORTEZOMIB,SKOV3,-15.06590493,4,0
7675,GEMCITABINE,BORTEZOMIB,SW620,-0.427805237,4,0
7676,GEMCITABINE,BORTEZOMIB,SW837,17.21895188,4,1
7677,GEMCITABINE,BORTEZOMIB,T47D,-12.46561222,4,0
7678,GEMCITABINE,BORTEZOMIB,UACC62,-10.83625909,4,0
7679,GEMCITABINE,BORTEZOMIB,UWB1289,-10.41332294,4,0
7680,GEMCITABINE,BORTEZOMIB,UWB1289BRCA1,10.62337831,4,1
7681,GEMCITABINE,BORTEZOMIB,VCAP,-4.349808115,4,0
7682,GEMCITABINE,BORTEZOMIB,ZR751,-5.297913712,4,0
7684,GEMCITABINE,DASATINIB,A2780,18.22897106,2,1
7685,GEMCITABINE,DASATINIB,A375,-16.43549823,2,0
7686,GEMCITABINE,DASATINIB,A427,24.83990329,2,1
7687,GEMCITABINE,DASATINIB,CAOV3,-0.611366393,2,0
7688,GEMCITABINE,DASATINIB,COLO320DM,15.92930664,2,1
7690,GEMCITABINE,DASATINIB,EFM192B,21.66829812,2,1
7691,GEMCITABINE,DASATINIB,ES2,22.16153127,2,1
7693,GEMCITABINE,DASATINIB,HT144,-12.10848568,2,0
7694,GEMCITABINE,DASATINIB,HT29,20.41730764,2,1
7695,GEMCITABINE,DASATINIB,KPL1,14.13644113,2,1
7697,GEMCITABINE,DASATINIB,LOVO,19.23224404,2,1
7698,GEMCITABINE,DASATINIB,MDAMB436,22.14643948,2,1
7700,GEMCITABINE,DASATINIB,NCIH1650,18.33271979,2,1
7702,GEMCITABINE,DASATINIB,NCIH23,-3.987010915,2,0
7703,GEMCITABINE,DASATINIB,NCIH460,34.89286379,2,1
7704,GEMCITABINE,DASATINIB,NCIH520,30.40318904,2,1
7705,GEMCITABINE,DASATINIB,OCUBM,20.24792155,2,1
7706,GEMCITABINE,DASATINIB,OV90,11.76140596,2,1
7707,GEMCITABINE,DASATINIB,OVCAR3,19.80958689,2,1
7708,GEMCITABINE,DASATINIB,PA1,14.21162437,2,1
7712,GEMCITABINE,DASATINIB,SKMES1,-25.33111813,2,0
7714,GEMCITABINE,DASATINIB,SW620,26.07092261,2,1
7715,GEMCITABINE,DASATINIB,SW837,32.83142452,2,1
7717,GEMCITABINE,DASATINIB,UACC62,16.89744434,2,1
7720,GEMCITABINE,DASATINIB,VCAP,17.55480567,2,1
7721,GEMCITABINE,DASATINIB,ZR751,28.60504354,2,1
7722,GEMCITABINE,DINACICLIB,A2058,-1.947644459,3,0
7723,GEMCITABINE,DINACICLIB,A2780,-3.741961417,3,0
7724,GEMCITABINE,DINACICLIB,A375,-11.24724268,3,0
7725,GEMCITABINE,DINACICLIB,A427,-10.18996634,3,0
7726,GEMCITABINE,DINACICLIB,CAOV3,-2.98149416,3,0
7728,GEMCITABINE,DINACICLIB,DLD1,-4.181066801,3,0
7729,GEMCITABINE,DINACICLIB,EFM192B,-6.415036014,3,0
7730,GEMCITABINE,DINACICLIB,ES2,-2.109757496,3,0
7731,GEMCITABINE,DINACICLIB,HCT116,-19.96226453,3,0
7732,GEMCITABINE,DINACICLIB,HT144,-2.757292497,3,0
7733,GEMCITABINE,DINACICLIB,HT29,-8.596118731,3,0
7735,GEMCITABINE,DINACICLIB,LNCAP,-5.88225145,3,0
7736,GEMCITABINE,DINACICLIB,LOVO,-8.387551733,3,0
7737,GEMCITABINE,DINACICLIB,MDAMB436,-3.248394714,3,0
7738,GEMCITABINE,DINACICLIB,MSTO,-7.815925709,3,0
7739,GEMCITABINE,DINACICLIB,NCIH1650,-19.96303077,3,0
7740,GEMCITABINE,DINACICLIB,NCIH2122,-3.400411577,3,0
7741,GEMCITABINE,DINACICLIB,NCIH23,-15.36621631,3,0
7742,GEMCITABINE,DINACICLIB,NCIH460,-5.733262074,3,0
7743,GEMCITABINE,DINACICLIB,NCIH520,-8.766474975,3,0
7744,GEMCITABINE,DINACICLIB,OCUBM,-6.443083429,3,0
7745,GEMCITABINE,DINACICLIB,OV90,-6.154371401,3,0
7746,GEMCITABINE,DINACICLIB,OVCAR3,-27.94726899,3,0
7747,GEMCITABINE,DINACICLIB,PA1,-5.652326297,3,0
7748,GEMCITABINE,DINACICLIB,RKO,-13.24666787,3,0
7749,GEMCITABINE,DINACICLIB,RPMI7951,-6.986771355,3,0
7750,GEMCITABINE,DINACICLIB,SKMEL30,-6.6077198,3,0
7751,GEMCITABINE,DINACICLIB,SKMES1,-20.49837622,3,0
7752,GEMCITABINE,DINACICLIB,SKOV3,-17.84781199,3,0
7753,GEMCITABINE,DINACICLIB,SW620,-6.651497054,3,0
7754,GEMCITABINE,DINACICLIB,SW837,-3.429304154,3,0
7755,GEMCITABINE,DINACICLIB,T47D,-9.760319829,3,0
7756,GEMCITABINE,DINACICLIB,UACC62,-3.422427634,3,0
7757,GEMCITABINE,DINACICLIB,UWB1289,-12.05983601,3,0
7758,GEMCITABINE,DINACICLIB,UWB1289BRCA1,-3.305731946,3,0
7759,GEMCITABINE,DINACICLIB,VCAP,-1.058408414,3,0
7760,GEMCITABINE,DINACICLIB,ZR751,-6.669875078,3,0
7763,GEMCITABINE,ERLOTINIB,A375,-25.17442823,1,0
7765,GEMCITABINE,ERLOTINIB,CAOV3,-2.073521793,1,0
7770,GEMCITABINE,ERLOTINIB,HCT116,-3.282395565,1,0
7772,GEMCITABINE,ERLOTINIB,HT29,12.07411412,1,1
7773,GEMCITABINE,ERLOTINIB,KPL1,10.28354203,1,1
7775,GEMCITABINE,ERLOTINIB,LOVO,10.29169882,1,1
7776,GEMCITABINE,ERLOTINIB,MDAMB436,11.18386679,1,1
7777,GEMCITABINE,ERLOTINIB,MSTO,-11.87209492,1,0
7778,GEMCITABINE,ERLOTINIB,NCIH1650,-7.320905584,1,0
7779,GEMCITABINE,ERLOTINIB,NCIH2122,19.74541876,1,1
7780,GEMCITABINE,ERLOTINIB,NCIH23,-7.201435891,1,0
7781,GEMCITABINE,ERLOTINIB,NCIH460,15.03010139,1,1
7785,GEMCITABINE,ERLOTINIB,OVCAR3,-5.132866996,1,0
7786,GEMCITABINE,ERLOTINIB,PA1,-1.38393356,1,0
7787,GEMCITABINE,ERLOTINIB,RKO,-9.280482674,1,0
7788,GEMCITABINE,ERLOTINIB,RPMI7951,-9.935912801,1,0
7790,GEMCITABINE,ERLOTINIB,SKMES1,-20.83934512,1,0
7791,GEMCITABINE,ERLOTINIB,SKOV3,-10.02921699,1,0
7793,GEMCITABINE,ERLOTINIB,SW837,30.39899769,1,1
7794,GEMCITABINE,ERLOTINIB,T47D,-7.539089985,1,0
7795,GEMCITABINE,ERLOTINIB,UACC62,11.48925951,1,1
7798,GEMCITABINE,ERLOTINIB,VCAP,15.20328894,1,1
7799,GEMCITABINE,ERLOTINIB,ZR751,37.48917942,1,1
7801,GEMCITABINE,GELDANAMYCIN,A2780,-7.357334704,0,0
7802,GEMCITABINE,GELDANAMYCIN,A375,-22.40239349,0,0
7804,GEMCITABINE,GELDANAMYCIN,CAOV3,-1.585450672,0,0
7805,GEMCITABINE,GELDANAMYCIN,COLO320DM,11.26195025,0,1
7807,GEMCITABINE,GELDANAMYCIN,EFM192B,-8.605658225,0,0
7808,GEMCITABINE,GELDANAMYCIN,ES2,11.41370444,0,1
7809,GEMCITABINE,GELDANAMYCIN,HCT116,-25.4680307,0,0
7811,GEMCITABINE,GELDANAMYCIN,HT29,-6.380498522,0,0
7812,GEMCITABINE,GELDANAMYCIN,KPL1,-4.756494229,0,0
7813,GEMCITABINE,GELDANAMYCIN,LNCAP,-4.267083562,0,0
7814,GEMCITABINE,GELDANAMYCIN,LOVO,-3.335360779,0,0
7816,GEMCITABINE,GELDANAMYCIN,MSTO,-19.531057,0,0
7817,GEMCITABINE,GELDANAMYCIN,NCIH1650,-9.208908867,0,0
7818,GEMCITABINE,GELDANAMYCIN,NCIH2122,-8.966982332,0,0
7819,GEMCITABINE,GELDANAMYCIN,NCIH23,-24.63521431,0,0
7820,GEMCITABINE,GELDANAMYCIN,NCIH460,-12.44264543,0,0
7821,GEMCITABINE,GELDANAMYCIN,NCIH520,-7.918928359,0,0
7823,GEMCITABINE,GELDANAMYCIN,OV90,-1.23971361,0,0
7824,GEMCITABINE,GELDANAMYCIN,OVCAR3,-20.37851552,0,0
7825,GEMCITABINE,GELDANAMYCIN,PA1,-0.203200259,0,0
7826,GEMCITABINE,GELDANAMYCIN,RKO,-21.75967991,0,0
7827,GEMCITABINE,GELDANAMYCIN,RPMI7951,-2.66582224,0,0
7828,GEMCITABINE,GELDANAMYCIN,SKMEL30,19.2114345,0,1
7829,GEMCITABINE,GELDANAMYCIN,SKMES1,-28.47417839,0,0
7830,GEMCITABINE,GELDANAMYCIN,SKOV3,-17.12933004,0,0
7831,GEMCITABINE,GELDANAMYCIN,SW620,-6.746326838,0,0
7832,GEMCITABINE,GELDANAMYCIN,SW837,19.37013612,0,1
7833,GEMCITABINE,GELDANAMYCIN,T47D,-20.38756712,0,0
7834,GEMCITABINE,GELDANAMYCIN,UACC62,-8.50451202,0,0
7836,GEMCITABINE,GELDANAMYCIN,UWB1289BRCA1,14.811011,0,1
7838,GEMCITABINE,GELDANAMYCIN,ZR751,-5.952587592,0,0
7839,GEMCITABINE,LAPATINIB,A2058,-0.102381746,0,0
7841,GEMCITABINE,LAPATINIB,A375,-33.99071414,0,0
7842,GEMCITABINE,LAPATINIB,A427,-0.50025451,0,0
7843,GEMCITABINE,LAPATINIB,CAOV3,-1.549455472,0,0
7844,GEMCITABINE,LAPATINIB,COLO320DM,-2.695457325,0,0
7846,GEMCITABINE,LAPATINIB,EFM192B,-0.471187462,0,0
7847,GEMCITABINE,LAPATINIB,ES2,-1.472393198,0,0
7848,GEMCITABINE,LAPATINIB,HCT116,-8.649058637,0,0
7849,GEMCITABINE,LAPATINIB,HT144,-4.602845567,0,0
7852,GEMCITABINE,LAPATINIB,LNCAP,-6.00248199,0,0
7855,GEMCITABINE,LAPATINIB,MSTO,-22.64524487,0,0
7856,GEMCITABINE,LAPATINIB,NCIH1650,-11.35362209,0,0
7857,GEMCITABINE,LAPATINIB,NCIH2122,12.55186826,0,1
7858,GEMCITABINE,LAPATINIB,NCIH23,-6.580298208,0,0
7859,GEMCITABINE,LAPATINIB,NCIH460,14.25550026,0,1
7860,GEMCITABINE,LAPATINIB,NCIH520,-5.060369967,0,0
7863,GEMCITABINE,LAPATINIB,OVCAR3,-12.13567741,0,0
7865,GEMCITABINE,LAPATINIB,RKO,-14.44743869,0,0
7866,GEMCITABINE,LAPATINIB,RPMI7951,-13.00521455,0,0
7868,GEMCITABINE,LAPATINIB,SKMES1,-26.9290907,0,0
7869,GEMCITABINE,LAPATINIB,SKOV3,-7.767956137,0,0
7870,GEMCITABINE,LAPATINIB,SW620,-2.72336563,0,0
7871,GEMCITABINE,LAPATINIB,SW837,26.60538983,0,1
7872,GEMCITABINE,LAPATINIB,T47D,-1.186160316,0,0
7874,GEMCITABINE,LAPATINIB,UWB1289,-11.17115921,0,0
7877,GEMCITABINE,LAPATINIB,ZR751,26.6270347,0,1
7878,GEMCITABINE,MK-2206,A2058,19.24676212,1,1
7880,GEMCITABINE,MK-2206,A375,-11.4558261,1,0
7881,GEMCITABINE,MK-2206,A427,13.6948573,1,1
7883,GEMCITABINE,MK-2206,COLO320DM,15.57122654,1,1
7884,GEMCITABINE,MK-2206,DLD1,12.95727579,1,1
7885,GEMCITABINE,MK-2206,EFM192B,-5.448376128,1,0
7886,GEMCITABINE,MK-2206,ES2,14.22772282,1,1
7888,GEMCITABINE,MK-2206,HT144,26.12446427,1,1
7889,GEMCITABINE,MK-2206,HT29,10.59507773,1,1
7890,GEMCITABINE,MK-2206,KPL1,28.6830796,1,1
7891,GEMCITABINE,MK-2206,LNCAP,-109.5929303,1,0
7893,GEMCITABINE,MK-2206,MDAMB436,16.46144649,1,1
7895,GEMCITABINE,MK-2206,NCIH1650,-1.414972131,1,0
7896,GEMCITABINE,MK-2206,NCIH2122,15.74797393,1,1
7897,GEMCITABINE,MK-2206,NCIH23,-8.183363369,1,0
7898,GEMCITABINE,MK-2206,NCIH460,25.07068346,1,1
7900,GEMCITABINE,MK-2206,OCUBM,-0.672626244,1,0
7901,GEMCITABINE,MK-2206,OV90,11.8384922,1,1
7902,GEMCITABINE,MK-2206,OVCAR3,-7.253884244,1,0
7903,GEMCITABINE,MK-2206,PA1,11.47898189,1,1
7905,GEMCITABINE,MK-2206,RPMI7951,-4.042856996,1,0
7906,GEMCITABINE,MK-2206,SKMEL30,14.36440625,1,1
7907,GEMCITABINE,MK-2206,SKMES1,-13.93156927,1,0
7908,GEMCITABINE,MK-2206,SKOV3,-0.30932461,1,0
7909,GEMCITABINE,MK-2206,SW620,14.42467133,1,1
7910,GEMCITABINE,MK-2206,SW837,30.69067196,1,1
7911,GEMCITABINE,MK-2206,T47D,17.03344245,1,1
7912,GEMCITABINE,MK-2206,UACC62,17.50420854,1,1
7914,GEMCITABINE,MK-2206,UWB1289BRCA1,18.08461335,1,1
7915,GEMCITABINE,MK-2206,VCAP,21.70074093,1,1
7917,GEMCITABINE,MK-4827,A2058,-3.768604329,3,0
7918,GEMCITABINE,MK-4827,A2780,-1.002033577,3,0
7919,GEMCITABINE,MK-4827,A375,-22.04634144,3,0
7920,GEMCITABINE,MK-4827,A427,-3.100606614,3,0
7924,GEMCITABINE,MK-4827,EFM192B,13.47209638,3,1
7926,GEMCITABINE,MK-4827,HCT116,-12.15632144,3,0
7930,GEMCITABINE,MK-4827,LNCAP,-8.263566901,3,0
7931,GEMCITABINE,MK-4827,LOVO,-3.155548345,3,0
7933,GEMCITABINE,MK-4827,MSTO,-12.02415985,3,0
7936,GEMCITABINE,MK-4827,NCIH23,-9.858593921,3,0
7939,GEMCITABINE,MK-4827,OCUBM,-1.793928043,3,0
7941,GEMCITABINE,MK-4827,OVCAR3,-7.74952554,3,0
7942,GEMCITABINE,MK-4827,PA1,-5.064122156,3,0
7943,GEMCITABINE,MK-4827,RKO,-16.47187347,3,0
7944,GEMCITABINE,MK-4827,RPMI7951,-3.052938603,3,0
7946,GEMCITABINE,MK-4827,SKMES1,-17.46276966,3,0
7948,GEMCITABINE,MK-4827,SW620,-1.478574699,3,0
7950,GEMCITABINE,MK-4827,T47D,-9.732035448,3,0
7952,GEMCITABINE,MK-4827,UWB1289,-12.03438832,3,0
7957,GEMCITABINE,MK-5108,A2780,-0.750403917,4,0
7958,GEMCITABINE,MK-5108,A375,-12.07375337,4,0
7959,GEMCITABINE,MK-5108,A427,-3.222826358,4,0
7962,GEMCITABINE,MK-5108,DLD1,13.1221168,4,1
7963,GEMCITABINE,MK-5108,EFM192B,-1.477160204,4,0
7967,GEMCITABINE,MK-5108,HT29,10.86863347,4,1
7969,GEMCITABINE,MK-5108,LNCAP,-61.50342095,4,0
7970,GEMCITABINE,MK-5108,LOVO,-2.220348891,4,0
7973,GEMCITABINE,MK-5108,NCIH1650,-4.070832521,4,0
7974,GEMCITABINE,MK-5108,NCIH2122,-7.543308371,4,0
7975,GEMCITABINE,MK-5108,NCIH23,-6.328733724,4,0
7976,GEMCITABINE,MK-5108,NCIH460,-12.72195416,4,0
7978,GEMCITABINE,MK-5108,OCUBM,-6.268149813,4,0
7981,GEMCITABINE,MK-5108,PA1,-8.872832791,4,0
7982,GEMCITABINE,MK-5108,RKO,-1.632223761,4,0
7983,GEMCITABINE,MK-5108,RPMI7951,-1.036953427,4,0
7985,GEMCITABINE,MK-5108,SKMES1,-14.93727626,4,0
7990,GEMCITABINE,MK-5108,UACC62,-0.546999377,4,0
7991,GEMCITABINE,MK-5108,UWB1289,-3.721738588,4,0
7994,GEMCITABINE,MK-5108,ZR751,-3.102482566,4,0
7995,GEMCITABINE,MK-8669,A2058,16.24785146,2,1
7997,GEMCITABINE,MK-8669,A375,-9.169920134,2,0
7999,GEMCITABINE,MK-8669,CAOV3,-0.866447746,2,0
8000,GEMCITABINE,MK-8669,COLO320DM,10.0945653,2,1
8001,GEMCITABINE,MK-8669,DLD1,12.47676204,2,1
8002,GEMCITABINE,MK-8669,EFM192B,18.42053671,2,1
8003,GEMCITABINE,MK-8669,ES2,15.93733439,2,1
8004,GEMCITABINE,MK-8669,HCT116,-3.728896049,2,0
8005,GEMCITABINE,MK-8669,HT144,22.88167937,2,1
8007,GEMCITABINE,MK-8669,KPL1,25.39531535,2,1
8008,GEMCITABINE,MK-8669,LNCAP,-72.78454555,2,0
8010,GEMCITABINE,MK-8669,MDAMB436,21.07989718,2,1
8013,GEMCITABINE,MK-8669,NCIH2122,10.74514709,2,1
8014,GEMCITABINE,MK-8669,NCIH23,-12.59156029,2,0
8015,GEMCITABINE,MK-8669,NCIH460,26.98520807,2,1
8018,GEMCITABINE,MK-8669,OV90,-4.043148319,2,0
8019,GEMCITABINE,MK-8669,OVCAR3,-2.955224722,2,0
8023,GEMCITABINE,MK-8669,SKMEL30,16.36952056,2,1
8024,GEMCITABINE,MK-8669,SKMES1,-19.35266487,2,0
8025,GEMCITABINE,MK-8669,SKOV3,24.81240922,2,1
8027,GEMCITABINE,MK-8669,SW837,11.3446186,2,1
8029,GEMCITABINE,MK-8669,UACC62,25.13419823,2,1
8031,GEMCITABINE,MK-8669,UWB1289BRCA1,21.81094476,2,1
8032,GEMCITABINE,MK-8669,VCAP,11.68265939,2,1
8033,GEMCITABINE,MK-8669,ZR751,13.08943326,2,1
8034,GEMCITABINE,MK-8776,A2058,77.46053892,2,1
8035,GEMCITABINE,MK-8776,A2780,20.58768498,2,1
8036,GEMCITABINE,MK-8776,A375,23.70153512,2,1
8037,GEMCITABINE,MK-8776,A427,47.85691979,2,1
8039,GEMCITABINE,MK-8776,COLO320DM,32.55556679,2,1
8040,GEMCITABINE,MK-8776,DLD1,44.78181376,2,1
8041,GEMCITABINE,MK-8776,EFM192B,32.44346348,2,1
8042,GEMCITABINE,MK-8776,ES2,-1.51471822,2,0
8043,GEMCITABINE,MK-8776,HCT116,30.71436888,2,1
8044,GEMCITABINE,MK-8776,HT144,49.19593905,2,1
8045,GEMCITABINE,MK-8776,HT29,74.56856169,2,1
8047,GEMCITABINE,MK-8776,LNCAP,33.93724185,2,1
8048,GEMCITABINE,MK-8776,LOVO,17.87110411,2,1
8049,GEMCITABINE,MK-8776,MDAMB436,29.17620763,2,1
8051,GEMCITABINE,MK-8776,NCIH1650,56.89154403,2,1
8052,GEMCITABINE,MK-8776,NCIH2122,18.35134845,2,1
8054,GEMCITABINE,MK-8776,NCIH460,40.3245615,2,1
8055,GEMCITABINE,MK-8776,NCIH520,38.50277923,2,1
8056,GEMCITABINE,MK-8776,OCUBM,26.35642635,2,1
8058,GEMCITABINE,MK-8776,OVCAR3,30.60042872,2,1
8059,GEMCITABINE,MK-8776,PA1,42.58232269,2,1
8060,GEMCITABINE,MK-8776,RKO,-4.114709683,2,0
8061,GEMCITABINE,MK-8776,RPMI7951,-0.84281124,2,0
8062,GEMCITABINE,MK-8776,SKMEL30,28.45455263,2,1
8063,GEMCITABINE,MK-8776,SKMES1,-19.35684839,2,0
8064,GEMCITABINE,MK-8776,SKOV3,39.91435683,2,1
8065,GEMCITABINE,MK-8776,SW620,66.10281754,2,1
8066,GEMCITABINE,MK-8776,SW837,35.90485953,2,1
8067,GEMCITABINE,MK-8776,T47D,20.99778891,2,1
8068,GEMCITABINE,MK-8776,UACC62,48.00712269,2,1
8071,GEMCITABINE,MK-8776,VCAP,46.03079346,2,1
8072,GEMCITABINE,MK-8776,ZR751,26.83789888,2,1
8074,GEMCITABINE,PD325901,A2780,10.61553036,1,1
8075,GEMCITABINE,PD325901,A375,-16.62060199,1,0
8076,GEMCITABINE,PD325901,A427,17.96473595,1,1
8077,GEMCITABINE,PD325901,CAOV3,-0.317330204,1,0
8078,GEMCITABINE,PD325901,COLO320DM,16.12748665,1,1
8079,GEMCITABINE,PD325901,DLD1,22.741501,1,1
8080,GEMCITABINE,PD325901,EFM192B,21.28317623,1,1
8081,GEMCITABINE,PD325901,ES2,14.06190366,1,1
8082,GEMCITABINE,PD325901,HCT116,-2.944604666,1,0
8085,GEMCITABINE,PD325901,KPL1,13.45214422,1,1
8086,GEMCITABINE,PD325901,LNCAP,19.00901039,1,1
8088,GEMCITABINE,PD325901,MDAMB436,17.87140984,1,1
8091,GEMCITABINE,PD325901,NCIH2122,14.16627391,1,1
8092,GEMCITABINE,PD325901,NCIH23,-4.726960438,1,0
8093,GEMCITABINE,PD325901,NCIH460,16.02562115,1,1
8095,GEMCITABINE,PD325901,OCUBM,15.60192412,1,1
8096,GEMCITABINE,PD325901,OV90,26.73457106,1,1
8098,GEMCITABINE,PD325901,PA1,-0.90632499,1,0
8100,GEMCITABINE,PD325901,RPMI7951,-3.623854621,1,0
8102,GEMCITABINE,PD325901,SKMES1,-18.78668619,1,0
8103,GEMCITABINE,PD325901,SKOV3,11.48795376,1,1
8105,GEMCITABINE,PD325901,SW837,18.36901423,1,1
8109,GEMCITABINE,PD325901,UWB1289BRCA1,12.70432146,1,1
8110,GEMCITABINE,PD325901,VCAP,13.13921892,1,1
8111,GEMCITABINE,PD325901,ZR751,16.12689865,1,1
8112,GEMCITABINE,SORAFENIB,A2058,-15.01487906,1,0
8113,GEMCITABINE,SORAFENIB,A2780,-4.122040298,1,0
8114,GEMCITABINE,SORAFENIB,A375,-9.569470742,1,0
8115,GEMCITABINE,SORAFENIB,A427,-2.728316313,1,0
8116,GEMCITABINE,SORAFENIB,CAOV3,-2.155585694,1,0
8117,GEMCITABINE,SORAFENIB,COLO320DM,-1.857543082,1,0
8118,GEMCITABINE,SORAFENIB,DLD1,-0.585411063,1,0
8119,GEMCITABINE,SORAFENIB,EFM192B,-10.15039475,1,0
8120,GEMCITABINE,SORAFENIB,ES2,-5.783337109,1,0
8121,GEMCITABINE,SORAFENIB,HCT116,-15.56851091,1,0
8122,GEMCITABINE,SORAFENIB,HT144,-1.643253355,1,0
8123,GEMCITABINE,SORAFENIB,HT29,-6.00766169,1,0
8124,GEMCITABINE,SORAFENIB,KPL1,-0.330983938,1,0
8125,GEMCITABINE,SORAFENIB,LNCAP,-8.802929927,1,0
8126,GEMCITABINE,SORAFENIB,LOVO,-10.47691726,1,0
8127,GEMCITABINE,SORAFENIB,MDAMB436,-5.913654221,1,0
8128,GEMCITABINE,SORAFENIB,MSTO,-7.198484243,1,0
8129,GEMCITABINE,SORAFENIB,NCIH1650,-15.2752202,1,0
8130,GEMCITABINE,SORAFENIB,NCIH2122,-6.312209358,1,0
8131,GEMCITABINE,SORAFENIB,NCIH23,-13.32617529,1,0
8132,GEMCITABINE,SORAFENIB,NCIH460,-9.003345474,1,0
8133,GEMCITABINE,SORAFENIB,NCIH520,-7.916794422,1,0
8134,GEMCITABINE,SORAFENIB,OCUBM,-8.539046267,1,0
8135,GEMCITABINE,SORAFENIB,OV90,-4.717325659,1,0
8136,GEMCITABINE,SORAFENIB,OVCAR3,-31.32684825,1,0
8137,GEMCITABINE,SORAFENIB,PA1,-5.75801849,1,0
8138,GEMCITABINE,SORAFENIB,RKO,-14.62201961,1,0
8139,GEMCITABINE,SORAFENIB,RPMI7951,-9.014379299,1,0
8140,GEMCITABINE,SORAFENIB,SKMEL30,-5.29193947,1,0
8141,GEMCITABINE,SORAFENIB,SKMES1,-20.09649317,1,0
8142,GEMCITABINE,SORAFENIB,SKOV3,-10.27728917,1,0
8143,GEMCITABINE,SORAFENIB,SW620,-5.832301981,1,0
8145,GEMCITABINE,SORAFENIB,T47D,-11.98307103,1,0
8146,GEMCITABINE,SORAFENIB,UACC62,-6.680600519,1,0
8147,GEMCITABINE,SORAFENIB,UWB1289,-3.351443607,1,0
8148,GEMCITABINE,SORAFENIB,UWB1289BRCA1,-2.898381559,1,0
8149,GEMCITABINE,SORAFENIB,VCAP,-12.9885297,1,0
8150,GEMCITABINE,SORAFENIB,ZR751,-3.931701463,1,0
8151,GEMCITABINE,SUNITINIB,A2058,-2.477987643,2,0
8152,GEMCITABINE,SUNITINIB,A2780,-0.249562704,2,0
8153,GEMCITABINE,SUNITINIB,A375,-8.207621408,2,0
8156,GEMCITABINE,SUNITINIB,COLO320DM,-0.422697992,2,0
8157,GEMCITABINE,SUNITINIB,DLD1,-1.472377662,2,0
8160,GEMCITABINE,SUNITINIB,HCT116,-12.39222046,2,0
8164,GEMCITABINE,SUNITINIB,LNCAP,-8.498742149,2,0
8165,GEMCITABINE,SUNITINIB,LOVO,-4.24258743,2,0
8167,GEMCITABINE,SUNITINIB,MSTO,-8.787125917,2,0
8170,GEMCITABINE,SUNITINIB,NCIH23,-8.306713763,2,0
8172,GEMCITABINE,SUNITINIB,NCIH520,-7.465748562,2,0
8175,GEMCITABINE,SUNITINIB,OVCAR3,-8.499852621,2,0
8176,GEMCITABINE,SUNITINIB,PA1,-3.870306412,2,0
8177,GEMCITABINE,SUNITINIB,RKO,-10.73297334,2,0
8178,GEMCITABINE,SUNITINIB,RPMI7951,-1.115542454,2,0
8180,GEMCITABINE,SUNITINIB,SKMES1,-14.02290451,2,0
8181,GEMCITABINE,SUNITINIB,SKOV3,-4.228908926,2,0
8182,GEMCITABINE,SUNITINIB,SW620,-1.337534753,2,0
8184,GEMCITABINE,SUNITINIB,T47D,-10.59709445,2,0
8188,GEMCITABINE,SUNITINIB,VCAP,-3.732798273,2,0
8192,GEMCITABINE,TEMOZOLOMIDE,A375,-28.10623084,2,0
8199,GEMCITABINE,TEMOZOLOMIDE,HCT116,-14.0680626,2,0
8200,GEMCITABINE,TEMOZOLOMIDE,HT144,-4.096822432,2,0
8202,GEMCITABINE,TEMOZOLOMIDE,KPL1,-7.047884365,2,0
8204,GEMCITABINE,TEMOZOLOMIDE,LOVO,-0.763086804,2,0
8206,GEMCITABINE,TEMOZOLOMIDE,MSTO,-1.892225251,2,0
8207,GEMCITABINE,TEMOZOLOMIDE,NCIH1650,-0.332915753,2,0
8209,GEMCITABINE,TEMOZOLOMIDE,NCIH23,-9.582933246,2,0
8210,GEMCITABINE,TEMOZOLOMIDE,NCIH460,-1.746813212,2,0
8212,GEMCITABINE,TEMOZOLOMIDE,OCUBM,12.15116919,2,1
8214,GEMCITABINE,TEMOZOLOMIDE,OVCAR3,-12.45257676,2,0
8216,GEMCITABINE,TEMOZOLOMIDE,RKO,-10.97995823,2,0
8217,GEMCITABINE,TEMOZOLOMIDE,RPMI7951,-11.11718592,2,0
8218,GEMCITABINE,TEMOZOLOMIDE,SKMEL30,-4.169324706,2,0
8219,GEMCITABINE,TEMOZOLOMIDE,SKMES1,-20.63260323,2,0
8220,GEMCITABINE,TEMOZOLOMIDE,SKOV3,-0.577276077,2,0
8222,GEMCITABINE,TEMOZOLOMIDE,SW837,-6.308039911,2,0
8224,GEMCITABINE,TEMOZOLOMIDE,UACC62,11.90629693,2,1
8225,GEMCITABINE,TEMOZOLOMIDE,UWB1289,-5.493549682,2,0
8228,GEMCITABINE,TEMOZOLOMIDE,ZR751,-9.668603198,2,0
8230,L778123,ABT-888,A2780,10.30143018,1,1
8232,L778123,ABT-888,A427,13.13036154,1,1
8233,L778123,ABT-888,CAOV3,29.58297829,1,1
8237,L778123,ABT-888,ES2,-6.633143708,1,0
8239,L778123,ABT-888,HT144,-5.051855266,1,0
8241,L778123,ABT-888,KPL1,-0.626628202,1,0
8242,L778123,ABT-888,LNCAP,13.71110272,1,1
8245,L778123,ABT-888,MSTO,-1.895974778,1,0
8247,L778123,ABT-888,NCIH2122,10.56755598,1,1
8249,L778123,ABT-888,NCIH460,-3.151637368,1,0
8252,L778123,ABT-888,OV90,14.97478614,1,1
8253,L778123,ABT-888,OVCAR3,-4.000461923,1,0
8256,L778123,ABT-888,RPMI7951,-3.68405123,1,0
8258,L778123,ABT-888,SKMES1,-1.066783145,1,0
8260,L778123,ABT-888,SW620,-3.519162882,1,0
8262,L778123,ABT-888,T47D,-17.30650985,1,0
8263,L778123,ABT-888,UACC62,11.33085079,1,1
8266,L778123,ABT-888,VCAP,10.06549271,1,1
8267,L778123,ABT-888,ZR751,-5.002761062,1,0
8269,L778123,AZD1775,A2780,17.09603358,4,1
8270,L778123,AZD1775,A375,13.244417,4,1
8271,L778123,AZD1775,A427,-4.459675224,4,0
8272,L778123,AZD1775,CAOV3,11.99773027,4,1
8273,L778123,AZD1775,COLO320DM,12.2040391,4,1
8274,L778123,AZD1775,DLD1,11.66519628,4,1
8277,L778123,AZD1775,HCT116,15.28528731,4,1
8278,L778123,AZD1775,HT144,15.28347522,4,1
8283,L778123,AZD1775,MDAMB436,13.13480878,4,1
8285,L778123,AZD1775,NCIH1650,-0.488767615,4,0
8286,L778123,AZD1775,NCIH2122,-0.038740567,4,0
8288,L778123,AZD1775,NCIH460,14.86698162,4,1
8289,L778123,AZD1775,NCIH520,15.61751294,4,1
8290,L778123,AZD1775,OCUBM,16.34828781,4,1
8293,L778123,AZD1775,PA1,-1.269594695,4,0
8295,L778123,AZD1775,RPMI7951,13.30514909,4,1
8297,L778123,AZD1775,SKMES1,11.56217861,4,1
8298,L778123,AZD1775,SKOV3,19.47928464,4,1
8301,L778123,AZD1775,T47D,-7.370101775,4,0
8302,L778123,AZD1775,UACC62,16.98174819,4,1
8303,L778123,AZD1775,UWB1289,56.65296547,4,1
8304,L778123,AZD1775,UWB1289BRCA1,10.60614094,4,1
8307,L778123,BEZ-235,A2058,33.03465929,0,1
8308,L778123,BEZ-235,A2780,17.31612509,0,1
8309,L778123,BEZ-235,A375,49.11677734,0,1
8310,L778123,BEZ-235,A427,34.3008476,0,1
8311,L778123,BEZ-235,CAOV3,35.09678896,0,1
8312,L778123,BEZ-235,COLO320DM,32.16481163,0,1
8313,L778123,BEZ-235,DLD1,24.70897468,0,1
8314,L778123,BEZ-235,EFM192B,28.50580715,0,1
8315,L778123,BEZ-235,ES2,25.42887091,0,1
8316,L778123,BEZ-235,HCT116,31.51439978,0,1
8317,L778123,BEZ-235,HT144,35.9706855,0,1
8318,L778123,BEZ-235,HT29,43.25882996,0,1
8319,L778123,BEZ-235,KPL1,24.54591637,0,1
8320,L778123,BEZ-235,LNCAP,73.09012501,0,1
8321,L778123,BEZ-235,LOVO,23.24950679,0,1
8322,L778123,BEZ-235,MDAMB436,30.49842585,0,1
8323,L778123,BEZ-235,MSTO,25.049828,0,1
8324,L778123,BEZ-235,NCIH1650,35.86061966,0,1
8325,L778123,BEZ-235,NCIH2122,34.39858584,0,1
8326,L778123,BEZ-235,NCIH23,16.84654471,0,1
8327,L778123,BEZ-235,NCIH460,38.53944321,0,1
8328,L778123,BEZ-235,NCIH520,32.73324095,0,1
8329,L778123,BEZ-235,OCUBM,28.51699047,0,1
8330,L778123,BEZ-235,OV90,31.1769722,0,1
8331,L778123,BEZ-235,OVCAR3,11.81449722,0,1
8332,L778123,BEZ-235,PA1,36.41592958,0,1
8333,L778123,BEZ-235,RKO,39.13736584,0,1
8334,L778123,BEZ-235,RPMI7951,16.79500738,0,1
8335,L778123,BEZ-235,SKMEL30,29.38651443,0,1
8336,L778123,BEZ-235,SKMES1,31.13382529,0,1
8337,L778123,BEZ-235,SKOV3,20.7939583,0,1
8338,L778123,BEZ-235,SW620,29.76964442,0,1
8339,L778123,BEZ-235,SW837,28.3545048,0,1
8340,L778123,BEZ-235,T47D,100.7168772,0,1
8341,L778123,BEZ-235,UACC62,29.13991624,0,1
8342,L778123,BEZ-235,UWB1289,35.20268826,0,1
8343,L778123,BEZ-235,UWB1289BRCA1,36.08804377,0,1
8344,L778123,BEZ-235,VCAP,36.2040566,0,1
8345,L778123,BEZ-235,ZR751,30.20053617,0,1
8347,L778123,BORTEZOMIB,A2780,-8.253868332,2,0
8348,L778123,BORTEZOMIB,A375,13.16103267,2,1
8350,L778123,BORTEZOMIB,CAOV3,-23.95335295,2,0
8351,L778123,BORTEZOMIB,COLO320DM,-17.3979134,2,0
8353,L778123,BORTEZOMIB,EFM192B,-4.390514853,2,0
8354,L778123,BORTEZOMIB,ES2,-8.119466013,2,0
8355,L778123,BORTEZOMIB,HCT116,-3.986599596,2,0
8356,L778123,BORTEZOMIB,HT144,-9.582782667,2,0
8357,L778123,BORTEZOMIB,HT29,-9.474012541,2,0
8359,L778123,BORTEZOMIB,LNCAP,-9.209168581,2,0
8361,L778123,BORTEZOMIB,MDAMB436,-8.072416466,2,0
8362,L778123,BORTEZOMIB,MSTO,19.18121996,2,1
8363,L778123,BORTEZOMIB,NCIH1650,-15.0459436,2,0
8364,L778123,BORTEZOMIB,NCIH2122,-10.98946316,2,0
8365,L778123,BORTEZOMIB,NCIH23,-3.79714331,2,0
8367,L778123,BORTEZOMIB,NCIH520,-17.42513337,2,0
8368,L778123,BORTEZOMIB,OCUBM,-2.071550914,2,0
8370,L778123,BORTEZOMIB,OVCAR3,-25.81250573,2,0
8371,L778123,BORTEZOMIB,PA1,-8.500738692,2,0
8372,L778123,BORTEZOMIB,RKO,12.48765287,2,1
8373,L778123,BORTEZOMIB,RPMI7951,-6.784123075,2,0
8374,L778123,BORTEZOMIB,SKMEL30,-3.756660951,2,0
8375,L778123,BORTEZOMIB,SKMES1,-13.3994066,2,0
8376,L778123,BORTEZOMIB,SKOV3,-8.054565661,2,0
8377,L778123,BORTEZOMIB,SW620,-2.366407976,2,0
8378,L778123,BORTEZOMIB,SW837,-2.17274842,2,0
8379,L778123,BORTEZOMIB,T47D,-18.88599842,2,0
8380,L778123,BORTEZOMIB,UACC62,-13.1407886,2,0
8381,L778123,BORTEZOMIB,UWB1289,-16.20441172,2,0
8382,L778123,BORTEZOMIB,UWB1289BRCA1,-4.304110328,2,0
8383,L778123,BORTEZOMIB,VCAP,-6.317024764,2,0
8384,L778123,BORTEZOMIB,ZR751,-19.58453346,2,0
8385,L778123,DASATINIB,A2058,38.94681739,3,1
8386,L778123,DASATINIB,A2780,57.53602649,3,1
8387,L778123,DASATINIB,A375,44.02755137,3,1
8388,L778123,DASATINIB,A427,46.50293489,3,1
8389,L778123,DASATINIB,CAOV3,23.00248869,3,1
8391,L778123,DASATINIB,DLD1,15.14997798,3,1
8392,L778123,DASATINIB,EFM192B,46.22507277,3,1
8393,L778123,DASATINIB,ES2,26.79081533,3,1
8394,L778123,DASATINIB,HCT116,15.02961631,3,1
8395,L778123,DASATINIB,HT144,-5.227808881,3,0
8396,L778123,DASATINIB,HT29,54.3615549,3,1
8398,L778123,DASATINIB,LNCAP,21.0760377,3,1
8399,L778123,DASATINIB,LOVO,46.91523611,3,1
8400,L778123,DASATINIB,MDAMB436,27.77590356,3,1
8401,L778123,DASATINIB,MSTO,68.348704,3,1
8402,L778123,DASATINIB,NCIH1650,35.69584712,3,1
8403,L778123,DASATINIB,NCIH2122,-59.85214459,3,0
8404,L778123,DASATINIB,NCIH23,-58.21245074,3,0
8405,L778123,DASATINIB,NCIH460,22.39624395,3,1
8406,L778123,DASATINIB,NCIH520,53.28735753,3,1
8407,L778123,DASATINIB,OCUBM,19.17672212,3,1
8408,L778123,DASATINIB,OV90,15.00244395,3,1
8409,L778123,DASATINIB,OVCAR3,49.66372363,3,1
8410,L778123,DASATINIB,PA1,39.44227246,3,1
8411,L778123,DASATINIB,RKO,38.19936369,3,1
8412,L778123,DASATINIB,RPMI7951,21.60488087,3,1
8413,L778123,DASATINIB,SKMEL30,-5.080822558,3,0
8414,L778123,DASATINIB,SKMES1,33.59497725,3,1
8415,L778123,DASATINIB,SKOV3,13.95002695,3,1
8416,L778123,DASATINIB,SW620,44.95753677,3,1
8417,L778123,DASATINIB,SW837,22.68476439,3,1
8418,L778123,DASATINIB,T47D,31.75982728,3,1
8419,L778123,DASATINIB,UACC62,42.35479652,3,1
8420,L778123,DASATINIB,UWB1289,14.30203209,3,1
8421,L778123,DASATINIB,UWB1289BRCA1,14.55159892,3,1
8422,L778123,DASATINIB,VCAP,11.07792986,3,1
8424,L778123,DINACICLIB,A2058,12.74248391,3,1
8426,L778123,DINACICLIB,A375,17.88941703,3,1
8428,L778123,DINACICLIB,CAOV3,12.45084386,3,1
8435,L778123,DINACICLIB,HT29,15.27616947,3,1
8437,L778123,DINACICLIB,LNCAP,21.33391481,3,1
8440,L778123,DINACICLIB,MSTO,-7.165135344,3,0
8442,L778123,DINACICLIB,NCIH2122,10.48527726,3,1
8444,L778123,DINACICLIB,NCIH460,-3.66083253,3,0
8448,L778123,DINACICLIB,OVCAR3,-5.157480798,3,0
8449,L778123,DINACICLIB,PA1,-4.081307263,3,0
8453,L778123,DINACICLIB,SKMES1,-0.467078121,3,0
8456,L778123,DINACICLIB,SW837,-3.599934965,3,0
8457,L778123,DINACICLIB,T47D,-11.03031711,3,0
8458,L778123,DINACICLIB,UACC62,10.31565127,3,1
8462,L778123,DINACICLIB,ZR751,-0.617946794,3,0
8464,L778123,ERLOTINIB,A2780,15.52534923,0,1
8465,L778123,ERLOTINIB,A375,24.82051081,0,1
8466,L778123,ERLOTINIB,A427,12.80975643,0,1
8467,L778123,ERLOTINIB,CAOV3,42.23979945,0,1
8468,L778123,ERLOTINIB,COLO320DM,12.2988267,0,1
8469,L778123,ERLOTINIB,DLD1,10.66338498,0,1
8470,L778123,ERLOTINIB,EFM192B,21.37026716,0,1
8474,L778123,ERLOTINIB,HT29,23.67542708,0,1
8475,L778123,ERLOTINIB,KPL1,-0.509613174,0,0
8476,L778123,ERLOTINIB,LNCAP,16.60067496,0,1
8477,L778123,ERLOTINIB,LOVO,24.54634356,0,1
8479,L778123,ERLOTINIB,MSTO,-9.949130905,0,0
8481,L778123,ERLOTINIB,NCIH2122,15.92855914,0,1
8482,L778123,ERLOTINIB,NCIH23,12.21917197,0,1
8483,L778123,ERLOTINIB,NCIH460,10.77541427,0,1
8484,L778123,ERLOTINIB,NCIH520,14.09091602,0,1
8485,L778123,ERLOTINIB,OCUBM,27.06947854,0,1
8487,L778123,ERLOTINIB,OVCAR3,-13.1207389,0,0
8488,L778123,ERLOTINIB,PA1,17.68221246,0,1
8491,L778123,ERLOTINIB,SKMEL30,17.97222327,0,1
8492,L778123,ERLOTINIB,SKMES1,22.78486036,0,1
8493,L778123,ERLOTINIB,SKOV3,16.93325795,0,1
8494,L778123,ERLOTINIB,SW620,-6.679472517,0,0
8495,L778123,ERLOTINIB,SW837,23.82706711,0,1
8496,L778123,ERLOTINIB,T47D,-12.12386768,0,0
8497,L778123,ERLOTINIB,UACC62,16.36781866,0,1
8498,L778123,ERLOTINIB,UWB1289,20.27013149,0,1
8499,L778123,ERLOTINIB,UWB1289BRCA1,21.90475231,0,1
8500,L778123,ERLOTINIB,VCAP,24.00800198,0,1
8501,L778123,ERLOTINIB,ZR751,23.04674371,0,1
8502,L778123,ETOPOSIDE,A2058,24.9439129,2,1
8505,L778123,ETOPOSIDE,A427,-1.816495732,2,0
8506,L778123,ETOPOSIDE,CAOV3,60.15290274,2,1
8508,L778123,ETOPOSIDE,DLD1,-7.272159471,2,0
8509,L778123,ETOPOSIDE,EFM192B,-4.461218945,2,0
8510,L778123,ETOPOSIDE,ES2,-11.78385268,2,0
8511,L778123,ETOPOSIDE,HCT116,-2.51299955,2,0
8513,L778123,ETOPOSIDE,HT29,17.97174503,2,1
8514,L778123,ETOPOSIDE,KPL1,-3.311069522,2,0
8515,L778123,ETOPOSIDE,LNCAP,18.45377021,2,1
8517,L778123,ETOPOSIDE,MDAMB436,12.85930712,2,1
8518,L778123,ETOPOSIDE,MSTO,-16.57878303,2,0
8522,L778123,ETOPOSIDE,NCIH460,11.98878007,2,1
8524,L778123,ETOPOSIDE,OCUBM,12.79864533,2,1
8526,L778123,ETOPOSIDE,OVCAR3,-28.47273053,2,0
8527,L778123,ETOPOSIDE,PA1,-11.51864847,2,0
8531,L778123,ETOPOSIDE,SKMES1,-6.163905309,2,0
8536,L778123,ETOPOSIDE,UACC62,-1.262162007,2,0
8537,L778123,ETOPOSIDE,UWB1289,20.02473176,2,1
8538,L778123,ETOPOSIDE,UWB1289BRCA1,10.00815627,2,1
8540,L778123,ETOPOSIDE,ZR751,20.00842935,2,1
8541,L778123,GELDANAMYCIN,A2058,25.81079702,0,1
8542,L778123,GELDANAMYCIN,A2780,16.56480082,0,1
8543,L778123,GELDANAMYCIN,A375,28.83358612,0,1
8544,L778123,GELDANAMYCIN,A427,30.83757204,0,1
8545,L778123,GELDANAMYCIN,CAOV3,22.80614552,0,1
8547,L778123,GELDANAMYCIN,DLD1,22.57976317,0,1
8548,L778123,GELDANAMYCIN,EFM192B,13.18216499,0,1
8549,L778123,GELDANAMYCIN,ES2,12.98183998,0,1
8550,L778123,GELDANAMYCIN,HCT116,23.55891939,0,1
8551,L778123,GELDANAMYCIN,HT144,19.80374266,0,1
8554,L778123,GELDANAMYCIN,LNCAP,32.36907528,0,1
8555,L778123,GELDANAMYCIN,LOVO,10.49389124,0,1
8556,L778123,GELDANAMYCIN,MDAMB436,18.29991616,0,1
8558,L778123,GELDANAMYCIN,NCIH1650,13.09613447,0,1
8559,L778123,GELDANAMYCIN,NCIH2122,13.81994219,0,1
8561,L778123,GELDANAMYCIN,NCIH460,31.10478431,0,1
8562,L778123,GELDANAMYCIN,NCIH520,13.49740408,0,1
8563,L778123,GELDANAMYCIN,OCUBM,13.25749071,0,1
8565,L778123,GELDANAMYCIN,OVCAR3,-22.3225805,0,0
8566,L778123,GELDANAMYCIN,PA1,21.3152034,0,1
8567,L778123,GELDANAMYCIN,RKO,30.50704571,0,1
8568,L778123,GELDANAMYCIN,RPMI7951,14.70226465,0,1
8570,L778123,GELDANAMYCIN,SKMES1,21.75639953,0,1
8571,L778123,GELDANAMYCIN,SKOV3,15.70732597,0,1
8572,L778123,GELDANAMYCIN,SW620,21.08716116,0,1
8573,L778123,GELDANAMYCIN,SW837,18.81281805,0,1
8574,L778123,GELDANAMYCIN,T47D,-3.749419951,0,0
8575,L778123,GELDANAMYCIN,UACC62,35.07442761,0,1
8577,L778123,GELDANAMYCIN,UWB1289BRCA1,-8.398749848,0,0
8578,L778123,GELDANAMYCIN,VCAP,16.23660669,0,1
8579,L778123,GELDANAMYCIN,ZR751,-2.288783999,0,0
8580,L778123,GEMCITABINE,A2058,10.35147758,4,1
8581,L778123,GEMCITABINE,A2780,-0.135972113,4,0
8582,L778123,GEMCITABINE,A375,-10.28018314,4,0
8584,L778123,GEMCITABINE,CAOV3,-0.461482854,4,0
8585,L778123,GEMCITABINE,COLO320DM,12.03447974,4,1
8587,L778123,GEMCITABINE,EFM192B,-10.04381047,4,0
8589,L778123,GEMCITABINE,HCT116,-3.169569783,4,0
8591,L778123,GEMCITABINE,HT29,13.26039932,4,1
8592,L778123,GEMCITABINE,KPL1,-1.644259397,4,0
8594,L778123,GEMCITABINE,LOVO,-0.094835716,4,0
8596,L778123,GEMCITABINE,MSTO,-6.710005064,4,0
8597,L778123,GEMCITABINE,NCIH1650,-4.336230724,4,0
8598,L778123,GEMCITABINE,NCIH2122,-1.596155099,4,0
8599,L778123,GEMCITABINE,NCIH23,-9.931812705,4,0
8604,L778123,GEMCITABINE,OVCAR3,-17.40464261,4,0
8605,L778123,GEMCITABINE,PA1,-1.658949663,4,0
8606,L778123,GEMCITABINE,RKO,-0.495085927,4,0
8607,L778123,GEMCITABINE,RPMI7951,-0.639380167,4,0
8609,L778123,GEMCITABINE,SKMES1,-14.53448084,4,0
8610,L778123,GEMCITABINE,SKOV3,-3.771802826,4,0
8613,L778123,GEMCITABINE,T47D,-8.51844122,4,0
8615,L778123,GEMCITABINE,UWB1289,-2.940179536,4,0
8616,L778123,GEMCITABINE,UWB1289BRCA1,11.99136392,4,1
8618,L778123,GEMCITABINE,ZR751,-2.128577194,4,0
8619,L778123,LAPATINIB,A2058,15.56788712,3,1
8620,L778123,LAPATINIB,A2780,15.93257794,3,1
8621,L778123,LAPATINIB,A375,21.21443302,3,1
8623,L778123,LAPATINIB,CAOV3,39.61931685,3,1
8625,L778123,LAPATINIB,DLD1,11.36632023,3,1
8627,L778123,LAPATINIB,ES2,13.24163605,3,1
8629,L778123,LAPATINIB,HT144,11.88989179,3,1
8630,L778123,LAPATINIB,HT29,19.83602122,3,1
8632,L778123,LAPATINIB,LNCAP,21.52316784,3,1
8633,L778123,LAPATINIB,LOVO,25.76757675,3,1
8634,L778123,LAPATINIB,MDAMB436,12.10109354,3,1
8635,L778123,LAPATINIB,MSTO,-1.63553305,3,0
8637,L778123,LAPATINIB,NCIH2122,10.4853925,3,1
8638,L778123,LAPATINIB,NCIH23,19.48751103,3,1
8641,L778123,LAPATINIB,OCUBM,19.59219752,3,1
8642,L778123,LAPATINIB,OV90,17.271238,3,1
8643,L778123,LAPATINIB,OVCAR3,-10.81988231,3,0
8644,L778123,LAPATINIB,PA1,22.20273205,3,1
8645,L778123,LAPATINIB,RKO,16.45547306,3,1
8646,L778123,LAPATINIB,RPMI7951,18.55477254,3,1
8647,L778123,LAPATINIB,SKMEL30,19.87947705,3,1
8648,L778123,LAPATINIB,SKMES1,17.8070705,3,1
8649,L778123,LAPATINIB,SKOV3,16.97324795,3,1
8651,L778123,LAPATINIB,SW837,11.80766535,3,1
8653,L778123,LAPATINIB,UACC62,19.47424416,3,1
8654,L778123,LAPATINIB,UWB1289,16.46838217,3,1
8655,L778123,LAPATINIB,UWB1289BRCA1,25.40044033,3,1
8656,L778123,LAPATINIB,VCAP,20.80027509,3,1
8657,L778123,LAPATINIB,ZR751,23.56161835,3,1
8658,L778123,MK-2206,A2058,27.85896904,0,1
8659,L778123,MK-2206,A2780,35.52529402,0,1
8660,L778123,MK-2206,A375,32.16353676,0,1
8661,L778123,MK-2206,A427,33.54284733,0,1
8662,L778123,MK-2206,CAOV3,60.49488599,0,1
8663,L778123,MK-2206,COLO320DM,26.24319246,0,1
8664,L778123,MK-2206,DLD1,20.09043885,0,1
8666,L778123,MK-2206,ES2,10.14645465,0,1
8667,L778123,MK-2206,HCT116,11.47993315,0,1
8668,L778123,MK-2206,HT144,13.45145607,0,1
8669,L778123,MK-2206,HT29,38.46365786,0,1
8670,L778123,MK-2206,KPL1,45.62393463,0,1
8671,L778123,MK-2206,LNCAP,20.23233462,0,1
8672,L778123,MK-2206,LOVO,23.91476532,0,1
8673,L778123,MK-2206,MDAMB436,10.17037769,0,1
8675,L778123,MK-2206,NCIH1650,27.03868778,0,1
8676,L778123,MK-2206,NCIH2122,26.11496453,0,1
8677,L778123,MK-2206,NCIH23,18.66691529,0,1
8678,L778123,MK-2206,NCIH460,24.11003111,0,1
8679,L778123,MK-2206,NCIH520,26.6392148,0,1
8680,L778123,MK-2206,OCUBM,16.40230562,0,1
8681,L778123,MK-2206,OV90,23.45895699,0,1
8682,L778123,MK-2206,OVCAR3,-3.797381078,0,0
8683,L778123,MK-2206,PA1,27.62671846,0,1
8684,L778123,MK-2206,RKO,24.91008412,0,1
8685,L778123,MK-2206,RPMI7951,19.0822103,0,1
8686,L778123,MK-2206,SKMEL30,24.57444041,0,1
8687,L778123,MK-2206,SKMES1,25.49740374,0,1
8688,L778123,MK-2206,SKOV3,28.72216383,0,1
8689,L778123,MK-2206,SW620,16.89228063,0,1
8690,L778123,MK-2206,SW837,12.62006462,0,1
8691,L778123,MK-2206,T47D,14.58880263,0,1
8692,L778123,MK-2206,UACC62,21.63954272,0,1
8693,L778123,MK-2206,UWB1289,37.07742811,0,1
8694,L778123,MK-2206,UWB1289BRCA1,31.94441439,0,1
8695,L778123,MK-2206,VCAP,18.11176531,0,1
8696,L778123,MK-2206,ZR751,24.37361736,0,1
8697,L778123,MK-4827,A2058,32.17033318,3,1
8700,L778123,MK-4827,A427,13.31227238,3,1
8701,L778123,MK-4827,CAOV3,-8.68991999,3,0
8704,L778123,MK-4827,EFM192B,12.4912251,3,1
8707,L778123,MK-4827,HT144,-53.48177148,3,0
8708,L778123,MK-4827,HT29,12.30532653,3,1
8709,L778123,MK-4827,KPL1,-4.967836373,3,0
8710,L778123,MK-4827,LNCAP,-73.61146513,3,0
8712,L778123,MK-4827,MDAMB436,15.78538745,3,1
8713,L778123,MK-4827,MSTO,-12.67266585,3,0
8715,L778123,MK-4827,NCIH2122,17.0352781,3,1
8719,L778123,MK-4827,OCUBM,21.24433523,3,1
8720,L778123,MK-4827,OV90,14.34279144,3,1
8723,L778123,MK-4827,RKO,14.95914892,3,1
8724,L778123,MK-4827,RPMI7951,11.29322691,3,1
8727,L778123,MK-4827,SKOV3,17.59548622,3,1
8729,L778123,MK-4827,SW837,-43.41334659,3,0
8731,L778123,MK-4827,UACC62,10.98543739,3,1
8732,L778123,MK-4827,UWB1289,21.78681202,3,1
8733,L778123,MK-4827,UWB1289BRCA1,26.42003924,3,1
8734,L778123,MK-4827,VCAP,13.81538365,3,1
8735,L778123,MK-4827,ZR751,-0.415905426,3,0
8736,L778123,MK-5108,A2058,25.4027631,0,1
8737,L778123,MK-5108,A2780,17.97616507,0,1
8738,L778123,MK-5108,A375,27.48518919,0,1
8739,L778123,MK-5108,A427,31.11662341,0,1
8740,L778123,MK-5108,CAOV3,18.91149043,0,1
8741,L778123,MK-5108,COLO320DM,-44.63630794,0,0
8743,L778123,MK-5108,EFM192B,-8.015258611,0,0
8745,L778123,MK-5108,HCT116,11.63548222,0,1
8747,L778123,MK-5108,HT29,23.46348238,0,1
8748,L778123,MK-5108,KPL1,-2.596329697,0,0
8749,L778123,MK-5108,LNCAP,-48.41904865,0,0
8755,L778123,MK-5108,NCIH23,-0.014129706,0,0
8756,L778123,MK-5108,NCIH460,-0.231289186,0,0
8758,L778123,MK-5108,OCUBM,19.26940704,0,1
8759,L778123,MK-5108,OV90,14.62069281,0,1
8760,L778123,MK-5108,OVCAR3,-9.869982382,0,0
8761,L778123,MK-5108,PA1,42.3692131,0,1
8762,L778123,MK-5108,RKO,18.47402958,0,1
8764,L778123,MK-5108,SKMEL30,23.14351777,0,1
8766,L778123,MK-5108,SKOV3,16.09406869,0,1
8767,L778123,MK-5108,SW620,22.66867374,0,1
8768,L778123,MK-5108,SW837,17.89562336,0,1
8769,L778123,MK-5108,T47D,-9.012630935,0,0
8771,L778123,MK-5108,UWB1289,12.04015258,0,1
8773,L778123,MK-5108,VCAP,-5.500935539,0,0
8774,L778123,MK-5108,ZR751,-10.64945264,0,0
8775,L778123,MK-8669,A2058,46.45451741,3,1
8776,L778123,MK-8669,A2780,38.88260616,3,1
8777,L778123,MK-8669,A375,35.29503018,3,1
8778,L778123,MK-8669,A427,34.65111263,3,1
8779,L778123,MK-8669,CAOV3,34.4946645,3,1
8780,L778123,MK-8669,COLO320DM,12.20914852,3,1
8781,L778123,MK-8669,DLD1,28.48618351,3,1
8782,L778123,MK-8669,EFM192B,45.26333918,3,1
8783,L778123,MK-8669,ES2,27.98104705,3,1
8784,L778123,MK-8669,HCT116,10.24308735,3,1
8785,L778123,MK-8669,HT144,40.54201311,3,1
8786,L778123,MK-8669,HT29,42.35166973,3,1
8787,L778123,MK-8669,KPL1,37.74392779,3,1
8788,L778123,MK-8669,LNCAP,54.39460903,3,1
8789,L778123,MK-8669,LOVO,28.39515721,3,1
8790,L778123,MK-8669,MDAMB436,34.19421959,3,1
8791,L778123,MK-8669,MSTO,44.80655134,3,1
8792,L778123,MK-8669,NCIH1650,41.86767899,3,1
8793,L778123,MK-8669,NCIH2122,39.990865,3,1
8794,L778123,MK-8669,NCIH23,25.10262104,3,1
8795,L778123,MK-8669,NCIH460,29.84292815,3,1
8796,L778123,MK-8669,NCIH520,43.73504997,3,1
8797,L778123,MK-8669,OCUBM,47.65133978,3,1
8798,L778123,MK-8669,OV90,35.90390591,3,1
8799,L778123,MK-8669,OVCAR3,39.05316644,3,1
8800,L778123,MK-8669,PA1,26.36566603,3,1
8801,L778123,MK-8669,RKO,45.6577058,3,1
8802,L778123,MK-8669,RPMI7951,31.63901828,3,1
8803,L778123,MK-8669,SKMEL30,41.24719032,3,1
8804,L778123,MK-8669,SKMES1,30.66591236,3,1
8805,L778123,MK-8669,SKOV3,48.44299796,3,1
8806,L778123,MK-8669,SW620,22.86095528,3,1
8807,L778123,MK-8669,SW837,30.8585163,3,1
8808,L778123,MK-8669,T47D,40.04916007,3,1
8809,L778123,MK-8669,UACC62,39.92569565,3,1
8810,L778123,MK-8669,UWB1289,50.98532887,3,1
8811,L778123,MK-8669,UWB1289BRCA1,43.38043018,3,1
8812,L778123,MK-8669,VCAP,51.97185783,3,1
8813,L778123,MK-8669,ZR751,31.46964042,3,1
8814,L778123,MK-8776,A2058,34.40433372,2,1
8815,L778123,MK-8776,A2780,20.98064666,2,1
8816,L778123,MK-8776,A375,23.17707892,2,1
8817,L778123,MK-8776,A427,10.89734951,2,1
8818,L778123,MK-8776,CAOV3,21.69121505,2,1
8819,L778123,MK-8776,COLO320DM,15.81599636,2,1
8822,L778123,MK-8776,ES2,18.64359246,2,1
8824,L778123,MK-8776,HT144,-69.55298015,2,0
8825,L778123,MK-8776,HT29,18.06804553,2,1
8826,L778123,MK-8776,KPL1,-4.502453403,2,0
8827,L778123,MK-8776,LNCAP,-69.91688569,2,0
8828,L778123,MK-8776,LOVO,11.79516371,2,1
8831,L778123,MK-8776,NCIH1650,-0.685812337,2,0
8832,L778123,MK-8776,NCIH2122,-8.437759166,2,0
8836,L778123,MK-8776,OCUBM,15.69639609,2,1
8837,L778123,MK-8776,OV90,18.35992184,2,1
8838,L778123,MK-8776,OVCAR3,-20.13894756,2,0
8839,L778123,MK-8776,PA1,11.88366768,2,1
8840,L778123,MK-8776,RKO,22.01897036,2,1
8843,L778123,MK-8776,SKMES1,-4.931175506,2,0
8846,L778123,MK-8776,SW837,-87.12752054,2,0
8847,L778123,MK-8776,T47D,-3.498935788,2,0
8850,L778123,MK-8776,UWB1289BRCA1,-4.694688832,2,0
8851,L778123,MK-8776,VCAP,12.55202647,2,1
8854,L778123,OXALIPLATIN,A2780,-1.617463864,2,0
8860,L778123,OXALIPLATIN,EFM192B,-9.476911953,2,0
8861,L778123,OXALIPLATIN,ES2,-15.6629728,2,0
8863,L778123,OXALIPLATIN,HT144,-6.607703841,2,0
8864,L778123,OXALIPLATIN,HT29,12.00833784,2,1
8865,L778123,OXALIPLATIN,KPL1,-3.102658609,2,0
8866,L778123,OXALIPLATIN,LNCAP,-47.54112621,2,0
8867,L778123,OXALIPLATIN,LOVO,-2.452649064,2,0
8868,L778123,OXALIPLATIN,MDAMB436,-5.750765641,2,0
8872,L778123,OXALIPLATIN,NCIH23,-0.428246271,2,0
8873,L778123,OXALIPLATIN,NCIH460,-14.91146278,2,0
8875,L778123,OXALIPLATIN,OCUBM,14.12155225,2,1
8876,L778123,OXALIPLATIN,OV90,-9.179727273,2,0
8877,L778123,OXALIPLATIN,OVCAR3,-19.17660064,2,0
8878,L778123,OXALIPLATIN,PA1,-15.59762171,2,0
8880,L778123,OXALIPLATIN,RPMI7951,-1.767069666,2,0
8885,L778123,OXALIPLATIN,SW837,-7.328068519,2,0
8886,L778123,OXALIPLATIN,T47D,-22.10312984,2,0
8887,L778123,OXALIPLATIN,UACC62,-12.01542931,2,0
8890,L778123,OXALIPLATIN,VCAP,13.10287555,2,1
8893,L778123,PD325901,A2780,32.49092847,1,1
8894,L778123,PD325901,A375,18.09865844,1,1
8895,L778123,PD325901,A427,23.7544086,1,1
8896,L778123,PD325901,CAOV3,51.29024931,1,1
8897,L778123,PD325901,COLO320DM,-0.099704801,1,0
8898,L778123,PD325901,DLD1,14.60897023,1,1
8899,L778123,PD325901,EFM192B,13.4965113,1,1
8900,L778123,PD325901,ES2,25.06591414,1,1
8901,L778123,PD325901,HCT116,27.13820301,1,1
8902,L778123,PD325901,HT144,29.57662754,1,1
8903,L778123,PD325901,HT29,25.21388447,1,1
8904,L778123,PD325901,KPL1,-7.38211565,1,0
8905,L778123,PD325901,LNCAP,13.11945891,1,1
8906,L778123,PD325901,LOVO,12.83024918,1,1
8907,L778123,PD325901,MDAMB436,16.36150801,1,1
8908,L778123,PD325901,MSTO,19.53292004,1,1
8910,L778123,PD325901,NCIH2122,34.99398612,1,1
8911,L778123,PD325901,NCIH23,12.20574328,1,1
8912,L778123,PD325901,NCIH460,15.51485636,1,1
8913,L778123,PD325901,NCIH520,11.72700399,1,1
8914,L778123,PD325901,OCUBM,10.55779457,1,1
8916,L778123,PD325901,OVCAR3,-17.28322256,1,0
8917,L778123,PD325901,PA1,15.2799048,1,1
8918,L778123,PD325901,RKO,28.60090852,1,1
8919,L778123,PD325901,RPMI7951,17.53511638,1,1
8920,L778123,PD325901,SKMEL30,25.39440458,1,1
8921,L778123,PD325901,SKMES1,15.83488894,1,1
8922,L778123,PD325901,SKOV3,20.42089941,1,1
8923,L778123,PD325901,SW620,15.91760747,1,1
8925,L778123,PD325901,T47D,-14.86371545,1,0
8928,L778123,PD325901,UWB1289BRCA1,11.09111959,1,1
8929,L778123,PD325901,VCAP,12.64766617,1,1
8930,L778123,PD325901,ZR751,15.45671153,1,1
8931,L778123,SN-38,A2058,40.81060203,2,1
8933,L778123,SN-38,A375,16.52997588,2,1
8934,L778123,SN-38,A427,24.02207234,2,1
8935,L778123,SN-38,CAOV3,-3.823383721,2,0
8940,L778123,SN-38,HCT116,-0.83173209,2,0
8942,L778123,SN-38,HT29,13.36672113,2,1
8943,L778123,SN-38,KPL1,-3.347640347,2,0
8944,L778123,SN-38,LNCAP,-0.858149059,2,0
8946,L778123,SN-38,MDAMB436,11.57621433,2,1
8947,L778123,SN-38,MSTO,-1.355625504,2,0
8950,L778123,SN-38,NCIH23,11.11154137,2,1
8953,L778123,SN-38,OCUBM,31.88654236,2,1
8957,L778123,SN-38,RKO,16.96973433,2,1
8958,L778123,SN-38,RPMI7951,12.42721464,2,1
8960,L778123,SN-38,SKMES1,12.28029936,2,1
8963,L778123,SN-38,SW837,-0.022404536,2,0
8966,L778123,SN-38,UWB1289,13.16313229,2,1
8967,L778123,SN-38,UWB1289BRCA1,13.89836936,2,1
8968,L778123,SN-38,VCAP,19.82970677,2,1
8969,L778123,SN-38,ZR751,13.88732472,2,1
8970,L778123,SORAFENIB,A2058,23.18745777,4,1
8972,L778123,SORAFENIB,A375,10.25182282,4,1
8973,L778123,SORAFENIB,A427,11.42191166,4,1
8974,L778123,SORAFENIB,CAOV3,-0.76061527,4,0
8976,L778123,SORAFENIB,DLD1,10.90452145,4,1
8977,L778123,SORAFENIB,EFM192B,-1.108926504,4,0
8978,L778123,SORAFENIB,ES2,-1.088503854,4,0
8979,L778123,SORAFENIB,HCT116,10.18468048,4,1
8983,L778123,SORAFENIB,LNCAP,-2.563488749,4,0
8985,L778123,SORAFENIB,MDAMB436,-10.2236752,4,0
8986,L778123,SORAFENIB,MSTO,-25.16985204,4,0
8990,L778123,SORAFENIB,NCIH460,10.16402964,4,1
8991,L778123,SORAFENIB,NCIH520,10.14643691,4,1
8992,L778123,SORAFENIB,OCUBM,11.09965432,4,1
8994,L778123,SORAFENIB,OVCAR3,-21.13673403,4,0
8995,L778123,SORAFENIB,PA1,11.08468382,4,1
8996,L778123,SORAFENIB,RKO,18.04488059,4,1
8997,L778123,SORAFENIB,RPMI7951,-7.179709512,4,0
9000,L778123,SORAFENIB,SKOV3,14.92026179,4,1
9002,L778123,SORAFENIB,SW837,-2.27123328,4,0
9006,L778123,SORAFENIB,UWB1289BRCA1,-1.112969295,4,0
9007,L778123,SORAFENIB,VCAP,-5.150757416,4,0
9008,L778123,SORAFENIB,ZR751,-7.810085414,4,0
9009,L778123,SUNITINIB,A2058,21.02058874,2,1
9011,L778123,SUNITINIB,A375,17.48683932,2,1
9012,L778123,SUNITINIB,A427,18.37024773,2,1
9013,L778123,SUNITINIB,CAOV3,12.19357362,2,1
9014,L778123,SUNITINIB,COLO320DM,13.11683814,2,1
9015,L778123,SUNITINIB,DLD1,10.25108523,2,1
9017,L778123,SUNITINIB,ES2,10.28487924,2,1
9018,L778123,SUNITINIB,HCT116,17.12725143,2,1
9019,L778123,SUNITINIB,HT144,11.0854033,2,1
9020,L778123,SUNITINIB,HT29,21.6185879,2,1
9029,L778123,SUNITINIB,NCIH460,13.20124192,2,1
9030,L778123,SUNITINIB,NCIH520,13.99298788,2,1
9034,L778123,SUNITINIB,PA1,13.72930533,2,1
9035,L778123,SUNITINIB,RKO,12.4700606,2,1
9038,L778123,SUNITINIB,SKMES1,15.38343996,2,1
9039,L778123,SUNITINIB,SKOV3,17.97884234,2,1
9040,L778123,SUNITINIB,SW620,15.08341203,2,1
9043,L778123,SUNITINIB,UACC62,15.15440299,2,1
9044,L778123,SUNITINIB,UWB1289,10.53773525,2,1
9045,L778123,SUNITINIB,UWB1289BRCA1,12.43338721,2,1
9046,L778123,SUNITINIB,VCAP,13.58103981,2,1
9048,L778123,TEMOZOLOMIDE,A2058,38.53907249,0,1
9049,L778123,TEMOZOLOMIDE,A2780,10.92689135,0,1
9051,L778123,TEMOZOLOMIDE,A427,24.79784247,0,1
9052,L778123,TEMOZOLOMIDE,CAOV3,-9.497573207,0,0
9055,L778123,TEMOZOLOMIDE,EFM192B,-20.43473038,0,0
9057,L778123,TEMOZOLOMIDE,HCT116,-9.155965286,0,0
9058,L778123,TEMOZOLOMIDE,HT144,-1.651880182,0,0
9060,L778123,TEMOZOLOMIDE,KPL1,-26.01477346,0,0
9065,L778123,TEMOZOLOMIDE,NCIH1650,-13.71528592,0,0
9070,L778123,TEMOZOLOMIDE,OCUBM,-3.640573379,0,0
9071,L778123,TEMOZOLOMIDE,OV90,21.21645312,0,1
9072,L778123,TEMOZOLOMIDE,OVCAR3,-9.79937216,0,0
9073,L778123,TEMOZOLOMIDE,PA1,10.52165348,0,1
9074,L778123,TEMOZOLOMIDE,RKO,-9.799840789,0,0
9079,L778123,TEMOZOLOMIDE,SW620,-7.623653668,0,0
9080,L778123,TEMOZOLOMIDE,SW837,14.53072265,0,1
9081,L778123,TEMOZOLOMIDE,T47D,-31.683189,0,0
9083,L778123,TEMOZOLOMIDE,UWB1289,23.8512335,0,1
9084,L778123,TEMOZOLOMIDE,UWB1289BRCA1,17.69359961,0,1
9085,L778123,TEMOZOLOMIDE,VCAP,15.62415617,0,1
9086,L778123,TEMOZOLOMIDE,ZR751,-29.40778253,0,0
9087,L778123,TOPOTECAN,A2058,45.10320001,0,1
9089,L778123,TOPOTECAN,A375,-36.31706666,0,0
9090,L778123,TOPOTECAN,A427,23.66434287,0,1
9092,L778123,TOPOTECAN,COLO320DM,22.74006146,0,1
9093,L778123,TOPOTECAN,DLD1,11.88964736,0,1
9095,L778123,TOPOTECAN,ES2,15.25743219,0,1
9096,L778123,TOPOTECAN,HCT116,22.75343346,0,1
9098,L778123,TOPOTECAN,HT29,24.95918685,0,1
9100,L778123,TOPOTECAN,LNCAP,28.51713837,0,1
9101,L778123,TOPOTECAN,LOVO,10.0465601,0,1
9102,L778123,TOPOTECAN,MDAMB436,13.01194404,0,1
9105,L778123,TOPOTECAN,NCIH2122,11.47544217,0,1
9106,L778123,TOPOTECAN,NCIH23,15.45840401,0,1
9107,L778123,TOPOTECAN,NCIH460,10.38531718,0,1
9108,L778123,TOPOTECAN,NCIH520,14.53943317,0,1
9110,L778123,TOPOTECAN,OV90,13.71567206,0,1
9112,L778123,TOPOTECAN,PA1,-0.070707003,0,0
9113,L778123,TOPOTECAN,RKO,30.19132446,0,1
9115,L778123,TOPOTECAN,SKMEL30,14.60531735,0,1
9116,L778123,TOPOTECAN,SKMES1,26.19818471,0,1
9117,L778123,TOPOTECAN,SKOV3,13.5750075,0,1
9118,L778123,TOPOTECAN,SW620,24.68523819,0,1
9119,L778123,TOPOTECAN,SW837,10.47191898,0,1
9122,L778123,TOPOTECAN,UWB1289,11.5353432,0,1
9123,L778123,TOPOTECAN,UWB1289BRCA1,15.8696819,0,1
9124,L778123,TOPOTECAN,VCAP,16.1613486,0,1
9125,L778123,TOPOTECAN,ZR751,11.38315177,0,1
9126,L778123,VINORELBINE,A2058,24.03464194,3,1
9128,L778123,VINORELBINE,A375,18.8876269,3,1
9130,L778123,VINORELBINE,CAOV3,-7.524684093,3,0
9133,L778123,VINORELBINE,EFM192B,-18.4874913,3,0
9134,L778123,VINORELBINE,ES2,-3.16464357,3,0
9135,L778123,VINORELBINE,HCT116,-5.409595076,3,0
9136,L778123,VINORELBINE,HT144,14.49517142,3,1
9137,L778123,VINORELBINE,HT29,-6.116402261,3,0
9138,L778123,VINORELBINE,KPL1,-0.974104519,3,0
9141,L778123,VINORELBINE,MDAMB436,11.97416707,3,1
9142,L778123,VINORELBINE,MSTO,13.91960112,3,1
9144,L778123,VINORELBINE,NCIH2122,-27.18852434,3,0
9145,L778123,VINORELBINE,NCIH23,-101.7144172,3,0
9147,L778123,VINORELBINE,NCIH520,-10.91514974,3,0
9149,L778123,VINORELBINE,OV90,40.21417194,3,1
9150,L778123,VINORELBINE,OVCAR3,-34.1304177,3,0
9151,L778123,VINORELBINE,PA1,-6.174368907,3,0
9152,L778123,VINORELBINE,RKO,-5.890660718,3,0
9156,L778123,VINORELBINE,SKOV3,-7.006392416,3,0
9158,L778123,VINORELBINE,SW837,-9.958078477,3,0
9159,L778123,VINORELBINE,T47D,-8.7099148,3,0
9160,L778123,VINORELBINE,UACC62,-0.628559817,3,0
9161,L778123,VINORELBINE,UWB1289,25.86698001,3,1
9163,L778123,VINORELBINE,VCAP,-8.700899499,3,0
9168,L778123,ZOLINZA,A427,-32.70836734,1,0
9169,L778123,ZOLINZA,CAOV3,13.55376892,1,1
9172,L778123,ZOLINZA,EFM192B,11.03267919,1,1
9173,L778123,ZOLINZA,ES2,11.12228726,1,1
9175,L778123,ZOLINZA,HT144,-1.123576866,1,0
9176,L778123,ZOLINZA,HT29,21.53709351,1,1
9178,L778123,ZOLINZA,LNCAP,22.44109188,1,1
9179,L778123,ZOLINZA,LOVO,15.29045291,1,1
9181,L778123,ZOLINZA,MSTO,11.96664894,1,1
9182,L778123,ZOLINZA,NCIH1650,-1.702096951,1,0
9183,L778123,ZOLINZA,NCIH2122,21.34192409,1,1
9184,L778123,ZOLINZA,NCIH23,13.35294045,1,1
9185,L778123,ZOLINZA,NCIH460,11.91607197,1,1
9186,L778123,ZOLINZA,NCIH520,-0.916779375,1,0
9187,L778123,ZOLINZA,OCUBM,17.91689484,1,1
9188,L778123,ZOLINZA,OV90,19.76853686,1,1
9194,L778123,ZOLINZA,SKMES1,12.78676798,1,1
9195,L778123,ZOLINZA,SKOV3,24.9558111,1,1
9200,L778123,ZOLINZA,UWB1289,15.67862028,1,1
9201,L778123,ZOLINZA,UWB1289BRCA1,19.44779443,1,1
9202,L778123,ZOLINZA,VCAP,16.20797271,1,1
9203,L778123,ZOLINZA,ZR751,-7.603948636,1,0
9205,LAPATINIB,ABT-888,A2780,10.61314841,2,1
9206,LAPATINIB,ABT-888,A375,-6.035658691,2,0
9207,LAPATINIB,ABT-888,A427,-26.00323788,2,0
9208,LAPATINIB,ABT-888,CAOV3,11.52020438,2,1
9210,LAPATINIB,ABT-888,DLD1,-3.251667929,2,0
9211,LAPATINIB,ABT-888,EFM192B,14.13731192,2,1
9212,LAPATINIB,ABT-888,ES2,-7.943806987,2,0
9213,LAPATINIB,ABT-888,HCT116,-1.095866984,2,0
9214,LAPATINIB,ABT-888,HT144,-0.460428777,2,0
9217,LAPATINIB,ABT-888,LNCAP,18.83754843,2,1
9218,LAPATINIB,ABT-888,LOVO,15.54487629,2,1
9220,LAPATINIB,ABT-888,MSTO,47.31666702,2,1
9221,LAPATINIB,ABT-888,NCIH1650,-5.201896963,2,0
9222,LAPATINIB,ABT-888,NCIH2122,-4.884717761,2,0
9224,LAPATINIB,ABT-888,NCIH460,-10.78556992,2,0
9225,LAPATINIB,ABT-888,NCIH520,-5.878398637,2,0
9226,LAPATINIB,ABT-888,OCUBM,-6.978328496,2,0
9227,LAPATINIB,ABT-888,OV90,-13.16172721,2,0
9228,LAPATINIB,ABT-888,OVCAR3,-0.012839196,2,0
9229,LAPATINIB,ABT-888,PA1,16.03960756,2,1
9230,LAPATINIB,ABT-888,RKO,-4.094263427,2,0
9231,LAPATINIB,ABT-888,RPMI7951,-10.37644078,2,0
9232,LAPATINIB,ABT-888,SKMEL30,-9.090825843,2,0
9233,LAPATINIB,ABT-888,SKMES1,-2.874003765,2,0
9235,LAPATINIB,ABT-888,SW620,-9.000071112,2,0
9236,LAPATINIB,ABT-888,SW837,-8.342002168,2,0
9241,LAPATINIB,ABT-888,VCAP,-10.66114851,2,0
9243,LAPATINIB,BEZ-235,A2058,34.88357327,4,1
9244,LAPATINIB,BEZ-235,A2780,33.65391894,4,1
9245,LAPATINIB,BEZ-235,A375,27.90670544,4,1
9246,LAPATINIB,BEZ-235,A427,15.44355511,4,1
9247,LAPATINIB,BEZ-235,CAOV3,38.04606235,4,1
9248,LAPATINIB,BEZ-235,COLO320DM,18.86518895,4,1
9249,LAPATINIB,BEZ-235,DLD1,39.6543515,4,1
9250,LAPATINIB,BEZ-235,EFM192B,44.11404873,4,1
9251,LAPATINIB,BEZ-235,ES2,10.90628453,4,1
9252,LAPATINIB,BEZ-235,HCT116,15.5044201,4,1
9253,LAPATINIB,BEZ-235,HT144,19.93407839,4,1
9254,LAPATINIB,BEZ-235,HT29,36.40278387,4,1
9255,LAPATINIB,BEZ-235,KPL1,23.26427119,4,1
9256,LAPATINIB,BEZ-235,LNCAP,89.98839495,4,1
9257,LAPATINIB,BEZ-235,LOVO,48.30622234,4,1
9258,LAPATINIB,BEZ-235,MDAMB436,17.23133998,4,1
9259,LAPATINIB,BEZ-235,MSTO,-17.07556739,4,0
9260,LAPATINIB,BEZ-235,NCIH1650,31.92801923,4,1
9261,LAPATINIB,BEZ-235,NCIH2122,52.15446199,4,1
9262,LAPATINIB,BEZ-235,NCIH23,19.21988424,4,1
9263,LAPATINIB,BEZ-235,NCIH460,22.44733457,4,1
9264,LAPATINIB,BEZ-235,NCIH520,27.80756095,4,1
9265,LAPATINIB,BEZ-235,OCUBM,31.67293726,4,1
9266,LAPATINIB,BEZ-235,OV90,22.29950647,4,1
9267,LAPATINIB,BEZ-235,OVCAR3,34.20075508,4,1
9268,LAPATINIB,BEZ-235,PA1,39.89703101,4,1
9269,LAPATINIB,BEZ-235,RKO,21.89766168,4,1
9270,LAPATINIB,BEZ-235,RPMI7951,20.48600654,4,1
9271,LAPATINIB,BEZ-235,SKMEL30,26.98629293,4,1
9272,LAPATINIB,BEZ-235,SKMES1,31.74558029,4,1
9273,LAPATINIB,BEZ-235,SKOV3,34.70684933,4,1
9274,LAPATINIB,BEZ-235,SW620,10.69894492,4,1
9275,LAPATINIB,BEZ-235,SW837,63.10413345,4,1
9276,LAPATINIB,BEZ-235,T47D,158.1723247,4,1
9277,LAPATINIB,BEZ-235,UACC62,34.99340476,4,1
9278,LAPATINIB,BEZ-235,UWB1289,37.69566449,4,1
9279,LAPATINIB,BEZ-235,UWB1289BRCA1,37.37437029,4,1
9280,LAPATINIB,BEZ-235,VCAP,24.52076125,4,1
9281,LAPATINIB,BEZ-235,ZR751,41.23943802,4,1
9282,LAPATINIB,BORTEZOMIB,A2058,14.51043817,0,1
9283,LAPATINIB,BORTEZOMIB,A2780,-12.13421033,0,0
9284,LAPATINIB,BORTEZOMIB,A375,39.59126666,0,1
9285,LAPATINIB,BORTEZOMIB,A427,-22.9263193,0,0
9286,LAPATINIB,BORTEZOMIB,CAOV3,-12.43898045,0,0
9287,LAPATINIB,BORTEZOMIB,COLO320DM,-1.153502179,0,0
9288,LAPATINIB,BORTEZOMIB,DLD1,28.23043223,0,1
9289,LAPATINIB,BORTEZOMIB,EFM192B,-5.287744629,0,0
9290,LAPATINIB,BORTEZOMIB,ES2,21.17143461,0,1
9291,LAPATINIB,BORTEZOMIB,HCT116,13.10318378,0,1
9292,LAPATINIB,BORTEZOMIB,HT144,-3.60501032,0,0
9293,LAPATINIB,BORTEZOMIB,HT29,-12.78628716,0,0
9295,LAPATINIB,BORTEZOMIB,LNCAP,16.47107681,0,1
9296,LAPATINIB,BORTEZOMIB,LOVO,18.27788586,0,1
9297,LAPATINIB,BORTEZOMIB,MDAMB436,-5.410437602,0,0
9298,LAPATINIB,BORTEZOMIB,MSTO,87.45849293,0,1
9299,LAPATINIB,BORTEZOMIB,NCIH1650,-8.691837936,0,0
9302,LAPATINIB,BORTEZOMIB,NCIH460,25.68289027,0,1
9303,LAPATINIB,BORTEZOMIB,NCIH520,-29.87570849,0,0
9304,LAPATINIB,BORTEZOMIB,OCUBM,-6.239615958,0,0
9305,LAPATINIB,BORTEZOMIB,OV90,-7.71014063,0,0
9306,LAPATINIB,BORTEZOMIB,OVCAR3,-8.079898176,0,0
9308,LAPATINIB,BORTEZOMIB,RKO,20.10118152,0,1
9309,LAPATINIB,BORTEZOMIB,RPMI7951,-6.286297355,0,0
9311,LAPATINIB,BORTEZOMIB,SKMES1,-10.95308482,0,0
9312,LAPATINIB,BORTEZOMIB,SKOV3,21.39649925,0,1
9313,LAPATINIB,BORTEZOMIB,SW620,17.70385132,0,1
9314,LAPATINIB,BORTEZOMIB,SW837,17.02366383,0,1
9315,LAPATINIB,BORTEZOMIB,T47D,-31.40365846,0,0
9316,LAPATINIB,BORTEZOMIB,UACC62,-6.720768094,0,0
9317,LAPATINIB,BORTEZOMIB,UWB1289,-27.73822609,0,0
9319,LAPATINIB,BORTEZOMIB,VCAP,12.09875294,0,1
9320,LAPATINIB,BORTEZOMIB,ZR751,16.20883711,0,1
9321,LAPATINIB,DASATINIB,A2058,53.53442452,1,1
9322,LAPATINIB,DASATINIB,A2780,71.40143393,1,1
9323,LAPATINIB,DASATINIB,A375,-13.9892057,1,0
9324,LAPATINIB,DASATINIB,A427,23.0666146,1,1
9325,LAPATINIB,DASATINIB,CAOV3,32.00802324,1,1
9327,LAPATINIB,DASATINIB,DLD1,66.07178033,1,1
9328,LAPATINIB,DASATINIB,EFM192B,66.62546631,1,1
9329,LAPATINIB,DASATINIB,ES2,-1.374290019,1,0
9330,LAPATINIB,DASATINIB,HCT116,-31.34199924,1,0
9331,LAPATINIB,DASATINIB,HT144,-39.72188641,1,0
9332,LAPATINIB,DASATINIB,HT29,28.12888562,1,1
9333,LAPATINIB,DASATINIB,KPL1,10.56485924,1,1
9335,LAPATINIB,DASATINIB,LOVO,56.42162425,1,1
9336,LAPATINIB,DASATINIB,MDAMB436,12.41488346,1,1
9337,LAPATINIB,DASATINIB,MSTO,61.34302396,1,1
9338,LAPATINIB,DASATINIB,NCIH1650,65.81115397,1,1
9339,LAPATINIB,DASATINIB,NCIH2122,-29.73167278,1,0
9341,LAPATINIB,DASATINIB,NCIH460,-15.60596566,1,0
9342,LAPATINIB,DASATINIB,NCIH520,33.93364817,1,1
9343,LAPATINIB,DASATINIB,OCUBM,64.18255697,1,1
9345,LAPATINIB,DASATINIB,OVCAR3,86.95133731,1,1
9346,LAPATINIB,DASATINIB,PA1,30.1705353,1,1
9348,LAPATINIB,DASATINIB,RPMI7951,22.39081299,1,1
9350,LAPATINIB,DASATINIB,SKMES1,63.11185705,1,1
9351,LAPATINIB,DASATINIB,SKOV3,58.86214748,1,1
9352,LAPATINIB,DASATINIB,SW620,-1.563471377,1,0
9353,LAPATINIB,DASATINIB,SW837,83.53453831,1,1
9354,LAPATINIB,DASATINIB,T47D,31.24126538,1,1
9356,LAPATINIB,DASATINIB,UWB1289,23.07383826,1,1
9357,LAPATINIB,DASATINIB,UWB1289BRCA1,27.11143845,1,1
9358,LAPATINIB,DASATINIB,VCAP,15.68899177,1,1
9359,LAPATINIB,DASATINIB,ZR751,-34.48491869,1,0
9360,LAPATINIB,DINACICLIB,A2058,12.25020261,3,1
9362,LAPATINIB,DINACICLIB,A375,25.18353308,3,1
9363,LAPATINIB,DINACICLIB,A427,-10.58600537,3,0
9364,LAPATINIB,DINACICLIB,CAOV3,16.4087912,3,1
9365,LAPATINIB,DINACICLIB,COLO320DM,42.47883536,3,1
9366,LAPATINIB,DINACICLIB,DLD1,43.87066322,3,1
9367,LAPATINIB,DINACICLIB,EFM192B,16.79821124,3,1
9368,LAPATINIB,DINACICLIB,ES2,23.41159458,3,1
9369,LAPATINIB,DINACICLIB,HCT116,16.84123906,3,1
9370,LAPATINIB,DINACICLIB,HT144,17.9827375,3,1
9372,LAPATINIB,DINACICLIB,KPL1,-2.322087537,3,0
9373,LAPATINIB,DINACICLIB,LNCAP,41.44071297,3,1
9374,LAPATINIB,DINACICLIB,LOVO,24.1077486,3,1
9375,LAPATINIB,DINACICLIB,MDAMB436,10.77299636,3,1
9376,LAPATINIB,DINACICLIB,MSTO,21.21902965,3,1
9377,LAPATINIB,DINACICLIB,NCIH1650,19.38689785,3,1
9378,LAPATINIB,DINACICLIB,NCIH2122,19.00973295,3,1
9379,LAPATINIB,DINACICLIB,NCIH23,23.25698178,3,1
9380,LAPATINIB,DINACICLIB,NCIH460,27.20157296,3,1
9383,LAPATINIB,DINACICLIB,OV90,-3.29071214,3,0
9384,LAPATINIB,DINACICLIB,OVCAR3,28.57924551,3,1
9387,LAPATINIB,DINACICLIB,RPMI7951,24.76129789,3,1
9392,LAPATINIB,DINACICLIB,SW837,10.86682752,3,1
9393,LAPATINIB,DINACICLIB,T47D,-4.358456595,3,0
9394,LAPATINIB,DINACICLIB,UACC62,16.96609204,3,1
9396,LAPATINIB,DINACICLIB,UWB1289BRCA1,12.64891193,3,1
9397,LAPATINIB,DINACICLIB,VCAP,19.5393657,3,1
9398,LAPATINIB,DINACICLIB,ZR751,15.18637222,3,1
9399,LAPATINIB,ERLOTINIB,A2058,-1.774548906,3,0
9400,LAPATINIB,ERLOTINIB,A2780,-0.347064384,3,0
9401,LAPATINIB,ERLOTINIB,A375,-3.204359126,3,0
9402,LAPATINIB,ERLOTINIB,A427,-19.72497872,3,0
9404,LAPATINIB,ERLOTINIB,COLO320DM,-10.15943075,3,0
9405,LAPATINIB,ERLOTINIB,DLD1,19.98339094,3,1
9406,LAPATINIB,ERLOTINIB,EFM192B,22.38038527,3,1
9407,LAPATINIB,ERLOTINIB,ES2,-13.64427468,3,0
9408,LAPATINIB,ERLOTINIB,HCT116,10.30835309,3,1
9409,LAPATINIB,ERLOTINIB,HT144,-15.05091041,3,0
9410,LAPATINIB,ERLOTINIB,HT29,-2.205114705,3,0
9411,LAPATINIB,ERLOTINIB,KPL1,-24.76739823,3,0
9412,LAPATINIB,ERLOTINIB,LNCAP,16.48678275,3,1
9413,LAPATINIB,ERLOTINIB,LOVO,-4.665475423,3,0
9414,LAPATINIB,ERLOTINIB,MDAMB436,-16.1682116,3,0
9415,LAPATINIB,ERLOTINIB,MSTO,-189.4846798,3,0
9416,LAPATINIB,ERLOTINIB,NCIH1650,-7.657791181,3,0
9417,LAPATINIB,ERLOTINIB,NCIH2122,14.59747946,3,1
9418,LAPATINIB,ERLOTINIB,NCIH23,-11.44323053,3,0
9419,LAPATINIB,ERLOTINIB,NCIH460,-2.923749962,3,0
9420,LAPATINIB,ERLOTINIB,NCIH520,15.13860485,3,1
9422,LAPATINIB,ERLOTINIB,OV90,-12.99893615,3,0
9423,LAPATINIB,ERLOTINIB,OVCAR3,-9.026533378,3,0
9424,LAPATINIB,ERLOTINIB,PA1,12.49987569,3,1
9425,LAPATINIB,ERLOTINIB,RKO,-12.15049207,3,0
9426,LAPATINIB,ERLOTINIB,RPMI7951,-3.108947091,3,0
9427,LAPATINIB,ERLOTINIB,SKMEL30,-3.976502396,3,0
9429,LAPATINIB,ERLOTINIB,SKOV3,17.62170677,3,1
9430,LAPATINIB,ERLOTINIB,SW620,-16.44658521,3,0
9432,LAPATINIB,ERLOTINIB,T47D,-14.77734431,3,0
9433,LAPATINIB,ERLOTINIB,UACC62,10.59909239,3,1
9434,LAPATINIB,ERLOTINIB,UWB1289,15.88233261,3,1
9435,LAPATINIB,ERLOTINIB,UWB1289BRCA1,18.6396545,3,1
9438,LAPATINIB,GELDANAMYCIN,A2058,12.54747684,3,1
9439,LAPATINIB,GELDANAMYCIN,A2780,-3.912435035,3,0
9440,LAPATINIB,GELDANAMYCIN,A375,27.08658231,3,1
9441,LAPATINIB,GELDANAMYCIN,A427,-3.180124025,3,0
9442,LAPATINIB,GELDANAMYCIN,CAOV3,35.02468846,3,1
9443,LAPATINIB,GELDANAMYCIN,COLO320DM,24.79401025,3,1
9444,LAPATINIB,GELDANAMYCIN,DLD1,47.57326123,3,1
9445,LAPATINIB,GELDANAMYCIN,EFM192B,-14.11140121,3,0
9446,LAPATINIB,GELDANAMYCIN,ES2,18.56868889,3,1
9447,LAPATINIB,GELDANAMYCIN,HCT116,21.1635913,3,1
9448,LAPATINIB,GELDANAMYCIN,HT144,20.26459264,3,1
9450,LAPATINIB,GELDANAMYCIN,KPL1,18.49164478,3,1
9451,LAPATINIB,GELDANAMYCIN,LNCAP,56.31335213,3,1
9452,LAPATINIB,GELDANAMYCIN,LOVO,13.6084643,3,1
9453,LAPATINIB,GELDANAMYCIN,MDAMB436,22.68989272,3,1
9455,LAPATINIB,GELDANAMYCIN,NCIH1650,16.77677375,3,1
9456,LAPATINIB,GELDANAMYCIN,NCIH2122,17.83769306,3,1
9457,LAPATINIB,GELDANAMYCIN,NCIH23,-2.922766874,3,0
9458,LAPATINIB,GELDANAMYCIN,NCIH460,26.78545932,3,1
9461,LAPATINIB,GELDANAMYCIN,OV90,-0.302756386,3,0
9462,LAPATINIB,GELDANAMYCIN,OVCAR3,20.64534532,3,1
9464,LAPATINIB,GELDANAMYCIN,RKO,13.58970064,3,1
9465,LAPATINIB,GELDANAMYCIN,RPMI7951,-12.92158619,3,0
9467,LAPATINIB,GELDANAMYCIN,SKMES1,29.11162784,3,1
9468,LAPATINIB,GELDANAMYCIN,SKOV3,11.85091464,3,1
9469,LAPATINIB,GELDANAMYCIN,SW620,-5.016191488,3,0
9470,LAPATINIB,GELDANAMYCIN,SW837,21.71429178,3,1
9471,LAPATINIB,GELDANAMYCIN,T47D,-31.4758658,3,0
9472,LAPATINIB,GELDANAMYCIN,UACC62,14.61320663,3,1
9473,LAPATINIB,GELDANAMYCIN,UWB1289,-21.23692214,3,0
9474,LAPATINIB,GELDANAMYCIN,UWB1289BRCA1,-18.6202825,3,0
9475,LAPATINIB,GELDANAMYCIN,VCAP,21.86875611,3,1
9476,LAPATINIB,GELDANAMYCIN,ZR751,-0.09687073,3,0
9477,LAPATINIB,MK-2206,A2058,41.77696806,2,1
9478,LAPATINIB,MK-2206,A2780,24.29032355,2,1
9479,LAPATINIB,MK-2206,A375,28.21735919,2,1
9480,LAPATINIB,MK-2206,A427,-2.26434877,2,0
9481,LAPATINIB,MK-2206,CAOV3,41.54387853,2,1
9482,LAPATINIB,MK-2206,COLO320DM,-0.927629823,2,0
9483,LAPATINIB,MK-2206,DLD1,50.80721722,2,1
9484,LAPATINIB,MK-2206,EFM192B,29.05491203,2,1
9485,LAPATINIB,MK-2206,ES2,14.01107389,2,1
9486,LAPATINIB,MK-2206,HCT116,19.87281863,2,1
9487,LAPATINIB,MK-2206,HT144,25.96216039,2,1
9488,LAPATINIB,MK-2206,HT29,39.47279869,2,1
9489,LAPATINIB,MK-2206,KPL1,42.54077637,2,1
9490,LAPATINIB,MK-2206,LNCAP,-11.99120342,2,0
9491,LAPATINIB,MK-2206,LOVO,38.31211149,2,1
9493,LAPATINIB,MK-2206,MSTO,71.62214021,2,1
9494,LAPATINIB,MK-2206,NCIH1650,41.55565381,2,1
9495,LAPATINIB,MK-2206,NCIH2122,51.56955123,2,1
9496,LAPATINIB,MK-2206,NCIH23,-4.966550289,2,0
9498,LAPATINIB,MK-2206,NCIH520,-1.94430236,2,0
9499,LAPATINIB,MK-2206,OCUBM,40.16375752,2,1
9500,LAPATINIB,MK-2206,OV90,15.26117195,2,1
9501,LAPATINIB,MK-2206,OVCAR3,29.12387547,2,1
9502,LAPATINIB,MK-2206,PA1,31.4463118,2,1
9503,LAPATINIB,MK-2206,RKO,18.85244884,2,1
9504,LAPATINIB,MK-2206,RPMI7951,11.43550593,2,1
9505,LAPATINIB,MK-2206,SKMEL30,26.69493458,2,1
9506,LAPATINIB,MK-2206,SKMES1,43.18513853,2,1
9507,LAPATINIB,MK-2206,SKOV3,51.8625158,2,1
9508,LAPATINIB,MK-2206,SW620,-5.904608092,2,0
9509,LAPATINIB,MK-2206,SW837,68.73102155,2,1
9510,LAPATINIB,MK-2206,T47D,-3.248353707,2,0
9511,LAPATINIB,MK-2206,UACC62,15.9820739,2,1
9512,LAPATINIB,MK-2206,UWB1289,34.12915569,2,1
9513,LAPATINIB,MK-2206,UWB1289BRCA1,35.64228439,2,1
9514,LAPATINIB,MK-2206,VCAP,14.14941131,2,1
9515,LAPATINIB,MK-2206,ZR751,48.86655801,2,1
9516,LAPATINIB,MK-4827,A2058,17.42460493,3,1
9517,LAPATINIB,MK-4827,A2780,14.4488038,3,1
9518,LAPATINIB,MK-4827,A375,14.05899762,3,1
9519,LAPATINIB,MK-4827,A427,-10.0233806,3,0
9520,LAPATINIB,MK-4827,CAOV3,14.91080427,3,1
9523,LAPATINIB,MK-4827,EFM192B,19.69971808,3,1
9524,LAPATINIB,MK-4827,ES2,11.54880286,3,1
9525,LAPATINIB,MK-4827,HCT116,21.52502558,3,1
9526,LAPATINIB,MK-4827,HT144,17.518719,3,1
9527,LAPATINIB,MK-4827,HT29,22.53550016,3,1
9528,LAPATINIB,MK-4827,KPL1,12.78434931,3,1
9529,LAPATINIB,MK-4827,LNCAP,-47.05010829,3,0
9530,LAPATINIB,MK-4827,LOVO,31.11158097,3,1
9531,LAPATINIB,MK-4827,MDAMB436,12.10969961,3,1
9532,LAPATINIB,MK-4827,MSTO,20.78015013,3,1
9534,LAPATINIB,MK-4827,NCIH2122,16.53583842,3,1
9535,LAPATINIB,MK-4827,NCIH23,-2.082029032,3,0
9538,LAPATINIB,MK-4827,OCUBM,17.85792876,3,1
9539,LAPATINIB,MK-4827,OV90,-6.29153714,3,0
9540,LAPATINIB,MK-4827,OVCAR3,24.49446047,3,1
9541,LAPATINIB,MK-4827,PA1,24.53779788,3,1
9542,LAPATINIB,MK-4827,RKO,14.14802577,3,1
9543,LAPATINIB,MK-4827,RPMI7951,11.36626405,3,1
9544,LAPATINIB,MK-4827,SKMEL30,22.90802463,3,1
9545,LAPATINIB,MK-4827,SKMES1,10.60413181,3,1
9547,LAPATINIB,MK-4827,SW620,12.63689962,3,1
9548,LAPATINIB,MK-4827,SW837,34.01555838,3,1
9549,LAPATINIB,MK-4827,T47D,-6.963796075,3,0
9551,LAPATINIB,MK-4827,UWB1289,11.29314267,3,1
9552,LAPATINIB,MK-4827,UWB1289BRCA1,24.25881366,3,1
9553,LAPATINIB,MK-4827,VCAP,25.01638538,3,1
9554,LAPATINIB,MK-4827,ZR751,14.42197176,3,1
9555,LAPATINIB,MK-5108,A2058,-0.59418006,4,0
9557,LAPATINIB,MK-5108,A375,21.56699435,4,1
9558,LAPATINIB,MK-5108,A427,-16.34034937,4,0
9559,LAPATINIB,MK-5108,CAOV3,21.47719376,4,1
9561,LAPATINIB,MK-5108,DLD1,12.93761987,4,1
9563,LAPATINIB,MK-5108,ES2,14.50360694,4,1
9564,LAPATINIB,MK-5108,HCT116,10.56096204,4,1
9565,LAPATINIB,MK-5108,HT144,10.99248003,4,1
9566,LAPATINIB,MK-5108,HT29,12.73456463,4,1
9568,LAPATINIB,MK-5108,LNCAP,-33.05688896,4,0
9569,LAPATINIB,MK-5108,LOVO,28.43135492,4,1
9571,LAPATINIB,MK-5108,MSTO,36.97077261,4,1
9573,LAPATINIB,MK-5108,NCIH2122,-11.36972154,4,0
9575,LAPATINIB,MK-5108,NCIH460,-4.715723868,4,0
9576,LAPATINIB,MK-5108,NCIH520,-16.94299188,4,0
9577,LAPATINIB,MK-5108,OCUBM,10.70293952,4,1
9579,LAPATINIB,MK-5108,OVCAR3,18.13732321,4,1
9580,LAPATINIB,MK-5108,PA1,18.92922149,4,1
9583,LAPATINIB,MK-5108,SKMEL30,16.99936415,4,1
9584,LAPATINIB,MK-5108,SKMES1,14.47825609,4,1
9585,LAPATINIB,MK-5108,SKOV3,11.71929942,4,1
9588,LAPATINIB,MK-5108,T47D,-2.863805111,4,0
9589,LAPATINIB,MK-5108,UACC62,20.36298817,4,1
9591,LAPATINIB,MK-5108,UWB1289BRCA1,21.44477061,4,1
9592,LAPATINIB,MK-5108,VCAP,15.96701532,4,1
9594,LAPATINIB,MK-8669,A2058,32.53706921,2,1
9595,LAPATINIB,MK-8669,A2780,26.21286426,2,1
9596,LAPATINIB,MK-8669,A375,28.58647659,2,1
9597,LAPATINIB,MK-8669,A427,-11.1096158,2,0
9598,LAPATINIB,MK-8669,CAOV3,52.18861283,2,1
9599,LAPATINIB,MK-8669,COLO320DM,23.9013361,2,1
9600,LAPATINIB,MK-8669,DLD1,54.69766371,2,1
9601,LAPATINIB,MK-8669,EFM192B,52.34047368,2,1
9602,LAPATINIB,MK-8669,ES2,21.94005754,2,1
9603,LAPATINIB,MK-8669,HCT116,19.76075277,2,1
9604,LAPATINIB,MK-8669,HT144,11.48057631,2,1
9605,LAPATINIB,MK-8669,HT29,21.74208056,2,1
9606,LAPATINIB,MK-8669,KPL1,39.98429783,2,1
9608,LAPATINIB,MK-8669,LOVO,58.28508027,2,1
9609,LAPATINIB,MK-8669,MDAMB436,10.03429592,2,1
9610,LAPATINIB,MK-8669,MSTO,92.85066305,2,1
9611,LAPATINIB,MK-8669,NCIH1650,26.93772197,2,1
9612,LAPATINIB,MK-8669,NCIH2122,32.83083921,2,1
9614,LAPATINIB,MK-8669,NCIH460,-4.426741154,2,0
9615,LAPATINIB,MK-8669,NCIH520,-1.026353739,2,0
9616,LAPATINIB,MK-8669,OCUBM,38.72653029,2,1
9617,LAPATINIB,MK-8669,OV90,14.78528965,2,1
9618,LAPATINIB,MK-8669,OVCAR3,36.35032031,2,1
9619,LAPATINIB,MK-8669,PA1,23.70424248,2,1
9620,LAPATINIB,MK-8669,RKO,19.64338901,2,1
9621,LAPATINIB,MK-8669,RPMI7951,22.0318023,2,1
9622,LAPATINIB,MK-8669,SKMEL30,45.5204346,2,1
9623,LAPATINIB,MK-8669,SKMES1,19.32532989,2,1
9624,LAPATINIB,MK-8669,SKOV3,58.01792239,2,1
9626,LAPATINIB,MK-8669,SW837,44.54477473,2,1
9627,LAPATINIB,MK-8669,T47D,15.3581562,2,1
9628,LAPATINIB,MK-8669,UACC62,20.7864534,2,1
9629,LAPATINIB,MK-8669,UWB1289,24.12775957,2,1
9630,LAPATINIB,MK-8669,UWB1289BRCA1,29.28591824,2,1
9631,LAPATINIB,MK-8669,VCAP,14.61761091,2,1
9632,LAPATINIB,MK-8669,ZR751,51.10732549,2,1
9633,LAPATINIB,MK-8776,A2058,22.63455241,0,1
9634,LAPATINIB,MK-8776,A2780,12.34312428,0,1
9635,LAPATINIB,MK-8776,A375,21.86062291,0,1
9636,LAPATINIB,MK-8776,A427,-9.156674153,0,0
9637,LAPATINIB,MK-8776,CAOV3,70.42307297,0,1
9638,LAPATINIB,MK-8776,COLO320DM,12.6189985,0,1
9639,LAPATINIB,MK-8776,DLD1,13.46294626,0,1
9640,LAPATINIB,MK-8776,EFM192B,25.35592598,0,1
9641,LAPATINIB,MK-8776,ES2,-7.608236821,0,0
9642,LAPATINIB,MK-8776,HCT116,15.86633838,0,1
9643,LAPATINIB,MK-8776,HT144,18.11893653,0,1
9644,LAPATINIB,MK-8776,HT29,13.30918443,0,1
9645,LAPATINIB,MK-8776,KPL1,-2.893925826,0,0
9646,LAPATINIB,MK-8776,LNCAP,10.75103473,0,1
9647,LAPATINIB,MK-8776,LOVO,34.52902977,0,1
9649,LAPATINIB,MK-8776,MSTO,11.04691111,0,1
9651,LAPATINIB,MK-8776,NCIH2122,-11.5182582,0,0
9653,LAPATINIB,MK-8776,NCIH460,-10.35099436,0,0
9654,LAPATINIB,MK-8776,NCIH520,-18.89181982,0,0
9655,LAPATINIB,MK-8776,OCUBM,27.52212692,0,1
9656,LAPATINIB,MK-8776,OV90,-1.354824999,0,0
9657,LAPATINIB,MK-8776,OVCAR3,20.77762241,0,1
9658,LAPATINIB,MK-8776,PA1,24.2988663,0,1
9661,LAPATINIB,MK-8776,SKMEL30,14.94512825,0,1
9664,LAPATINIB,MK-8776,SW620,-4.420446508,0,0
9666,LAPATINIB,MK-8776,T47D,-62.11176396,0,0
9668,LAPATINIB,MK-8776,UWB1289,-17.26950205,0,0
9669,LAPATINIB,MK-8776,UWB1289BRCA1,-19.18099304,0,0
9670,LAPATINIB,MK-8776,VCAP,12.2078472,0,1
9672,LAPATINIB,OXALIPLATIN,A2058,-0.922242596,0,0
9673,LAPATINIB,OXALIPLATIN,A2780,-27.86659733,0,0
9674,LAPATINIB,OXALIPLATIN,A375,-11.82563788,0,0
9675,LAPATINIB,OXALIPLATIN,A427,-24.06972341,0,0
9676,LAPATINIB,OXALIPLATIN,CAOV3,-28.6398718,0,0
9677,LAPATINIB,OXALIPLATIN,COLO320DM,-16.94408812,0,0
9678,LAPATINIB,OXALIPLATIN,DLD1,-2.594124334,0,0
9679,LAPATINIB,OXALIPLATIN,EFM192B,-6.261719342,0,0
9680,LAPATINIB,OXALIPLATIN,ES2,-14.81350288,0,0
9681,LAPATINIB,OXALIPLATIN,HCT116,-6.218266465,0,0
9682,LAPATINIB,OXALIPLATIN,HT144,-23.5682761,0,0
9683,LAPATINIB,OXALIPLATIN,HT29,-16.53904833,0,0
9684,LAPATINIB,OXALIPLATIN,KPL1,-6.543326583,0,0
9686,LAPATINIB,OXALIPLATIN,LOVO,-2.930481586,0,0
9687,LAPATINIB,OXALIPLATIN,MDAMB436,-21.41579001,0,0
9688,LAPATINIB,OXALIPLATIN,MSTO,-6.865466827,0,0
9689,LAPATINIB,OXALIPLATIN,NCIH1650,-5.825413597,0,0
9690,LAPATINIB,OXALIPLATIN,NCIH2122,-17.1880816,0,0
9691,LAPATINIB,OXALIPLATIN,NCIH23,-25.85661344,0,0
9692,LAPATINIB,OXALIPLATIN,NCIH460,-45.65988781,0,0
9693,LAPATINIB,OXALIPLATIN,NCIH520,-20.5093625,0,0
9695,LAPATINIB,OXALIPLATIN,OV90,-23.2576025,0,0
9696,LAPATINIB,OXALIPLATIN,OVCAR3,14.85391599,0,1
9697,LAPATINIB,OXALIPLATIN,PA1,-40.3526157,0,0
9698,LAPATINIB,OXALIPLATIN,RKO,-12.66018999,0,0
9699,LAPATINIB,OXALIPLATIN,RPMI7951,-35.88274646,0,0
9700,LAPATINIB,OXALIPLATIN,SKMEL30,-7.61787728,0,0
9701,LAPATINIB,OXALIPLATIN,SKMES1,-0.004049673,0,0
9702,LAPATINIB,OXALIPLATIN,SKOV3,-2.673639501,0,0
9703,LAPATINIB,OXALIPLATIN,SW620,-17.78016022,0,0
9704,LAPATINIB,OXALIPLATIN,SW837,-2.7160629,0,0
9705,LAPATINIB,OXALIPLATIN,T47D,-11.31924505,0,0
9706,LAPATINIB,OXALIPLATIN,UACC62,-25.94665965,0,0
9707,LAPATINIB,OXALIPLATIN,UWB1289,-2.851283322,0,0
9708,LAPATINIB,OXALIPLATIN,UWB1289BRCA1,-11.11784518,0,0
9709,LAPATINIB,OXALIPLATIN,VCAP,-12.20687012,0,0
9711,LAPATINIB,PD325901,A2058,44.53959785,1,1
9712,LAPATINIB,PD325901,A2780,26.59764991,1,1
9713,LAPATINIB,PD325901,A375,25.87014975,1,1
9714,LAPATINIB,PD325901,A427,11.3511996,1,1
9715,LAPATINIB,PD325901,CAOV3,24.7476342,1,1
9717,LAPATINIB,PD325901,DLD1,46.60263977,1,1
9718,LAPATINIB,PD325901,EFM192B,25.51205421,1,1
9721,LAPATINIB,PD325901,HT144,24.01547998,1,1
9722,LAPATINIB,PD325901,HT29,29.51398891,1,1
9723,LAPATINIB,PD325901,KPL1,16.28248916,1,1
9724,LAPATINIB,PD325901,LNCAP,16.47194488,1,1
9725,LAPATINIB,PD325901,LOVO,62.69581502,1,1
9727,LAPATINIB,PD325901,MSTO,-3.249073837,1,0
9728,LAPATINIB,PD325901,NCIH1650,15.98143024,1,1
9729,LAPATINIB,PD325901,NCIH2122,74.0749477,1,1
9730,LAPATINIB,PD325901,NCIH23,11.76876656,1,1
9731,LAPATINIB,PD325901,NCIH460,16.94042129,1,1
9732,LAPATINIB,PD325901,NCIH520,-2.6668904,1,0
9733,LAPATINIB,PD325901,OCUBM,17.05094419,1,1
9734,LAPATINIB,PD325901,OV90,13.72962674,1,1
9735,LAPATINIB,PD325901,OVCAR3,45.11289385,1,1
9736,LAPATINIB,PD325901,PA1,31.3116256,1,1
9737,LAPATINIB,PD325901,RKO,30.03786145,1,1
9738,LAPATINIB,PD325901,RPMI7951,10.19634078,1,1
9740,LAPATINIB,PD325901,SKMES1,33.27908028,1,1
9742,LAPATINIB,PD325901,SW620,-0.3081356,1,0
9743,LAPATINIB,PD325901,SW837,59.25733854,1,1
9744,LAPATINIB,PD325901,T47D,58.83005465,1,1
9745,LAPATINIB,PD325901,UACC62,12.87369112,1,1
9746,LAPATINIB,PD325901,UWB1289,60.46124277,1,1
9747,LAPATINIB,PD325901,UWB1289BRCA1,29.77122744,1,1
9749,LAPATINIB,PD325901,ZR751,53.38531317,1,1
9750,LAPATINIB,SN-38,A2058,22.20324316,3,1
9751,LAPATINIB,SN-38,A2780,42.90929646,3,1
9752,LAPATINIB,SN-38,A375,26.18976309,3,1
9753,LAPATINIB,SN-38,A427,-12.7966106,3,0
9754,LAPATINIB,SN-38,CAOV3,31.47119412,3,1
9756,LAPATINIB,SN-38,DLD1,25.03004031,3,1
9757,LAPATINIB,SN-38,EFM192B,22.56051276,3,1
9758,LAPATINIB,SN-38,ES2,23.92402027,3,1
9759,LAPATINIB,SN-38,HCT116,32.23325702,3,1
9760,LAPATINIB,SN-38,HT144,13.5195435,3,1
9761,LAPATINIB,SN-38,HT29,21.36731975,3,1
9762,LAPATINIB,SN-38,KPL1,15.52294938,3,1
9763,LAPATINIB,SN-38,LNCAP,11.0402841,3,1
9764,LAPATINIB,SN-38,LOVO,25.47652962,3,1
9765,LAPATINIB,SN-38,MDAMB436,20.01337097,3,1
9766,LAPATINIB,SN-38,MSTO,62.62103329,3,1
9767,LAPATINIB,SN-38,NCIH1650,17.09075768,3,1
9768,LAPATINIB,SN-38,NCIH2122,35.75040793,3,1
9769,LAPATINIB,SN-38,NCIH23,58.04697124,3,1
9770,LAPATINIB,SN-38,NCIH460,72.79578233,3,1
9771,LAPATINIB,SN-38,NCIH520,-7.039712068,3,0
9772,LAPATINIB,SN-38,OCUBM,15.19518526,3,1
9773,LAPATINIB,SN-38,OV90,-19.57182873,3,0
9774,LAPATINIB,SN-38,OVCAR3,46.08616398,3,1
9775,LAPATINIB,SN-38,PA1,55.62409407,3,1
9777,LAPATINIB,SN-38,RPMI7951,54.41850359,3,1
9779,LAPATINIB,SN-38,SKMES1,25.45579585,3,1
9780,LAPATINIB,SN-38,SKOV3,26.40867812,3,1
9781,LAPATINIB,SN-38,SW620,19.41322249,3,1
9782,LAPATINIB,SN-38,SW837,45.44353946,3,1
9784,LAPATINIB,SN-38,UACC62,13.84262526,3,1
9785,LAPATINIB,SN-38,UWB1289,11.47627998,3,1
9786,LAPATINIB,SN-38,UWB1289BRCA1,31.20021385,3,1
9787,LAPATINIB,SN-38,VCAP,34.14797271,3,1
9788,LAPATINIB,SN-38,ZR751,36.74866746,3,1
9789,LAPATINIB,SORAFENIB,A2058,18.29918785,3,1
9791,LAPATINIB,SORAFENIB,A375,18.30433334,3,1
9794,LAPATINIB,SORAFENIB,COLO320DM,-4.30459702,3,0
9795,LAPATINIB,SORAFENIB,DLD1,28.18986262,3,1
9797,LAPATINIB,SORAFENIB,ES2,15.18758245,3,1
9798,LAPATINIB,SORAFENIB,HCT116,19.27616683,3,1
9799,LAPATINIB,SORAFENIB,HT144,15.30155473,3,1
9800,LAPATINIB,SORAFENIB,HT29,-4.305862699,3,0
9801,LAPATINIB,SORAFENIB,KPL1,-0.528472307,3,0
9802,LAPATINIB,SORAFENIB,LNCAP,-6.138302733,3,0
9803,LAPATINIB,SORAFENIB,LOVO,-1.253803208,3,0
9805,LAPATINIB,SORAFENIB,MSTO,-23.17492645,3,0
9806,LAPATINIB,SORAFENIB,NCIH1650,19.42272631,3,1
9807,LAPATINIB,SORAFENIB,NCIH2122,14.88485175,3,1
9809,LAPATINIB,SORAFENIB,NCIH460,16.84378499,3,1
9810,LAPATINIB,SORAFENIB,NCIH520,16.40421107,3,1
9813,LAPATINIB,SORAFENIB,OVCAR3,-6.432999951,3,0
9814,LAPATINIB,SORAFENIB,PA1,15.03540448,3,1
9815,LAPATINIB,SORAFENIB,RKO,15.52747026,3,1
9817,LAPATINIB,SORAFENIB,SKMEL30,14.23829592,3,1
9818,LAPATINIB,SORAFENIB,SKMES1,-2.188333748,3,0
9819,LAPATINIB,SORAFENIB,SKOV3,26.96687272,3,1
9820,LAPATINIB,SORAFENIB,SW620,11.83723475,3,1
9821,LAPATINIB,SORAFENIB,SW837,17.13271954,3,1
9823,LAPATINIB,SORAFENIB,UACC62,20.09940721,3,1
9825,LAPATINIB,SORAFENIB,UWB1289BRCA1,11.69572486,3,1
9826,LAPATINIB,SORAFENIB,VCAP,11.76215603,3,1
9827,LAPATINIB,SORAFENIB,ZR751,-10.00809262,3,0
9828,LAPATINIB,TOPOTECAN,A2058,22.04350758,1,1
9829,LAPATINIB,TOPOTECAN,A2780,10.49115893,1,1
9830,LAPATINIB,TOPOTECAN,A375,-1.765935212,1,0
9833,LAPATINIB,TOPOTECAN,COLO320DM,-11.52246806,1,0
9834,LAPATINIB,TOPOTECAN,DLD1,15.32468892,1,1
9837,LAPATINIB,TOPOTECAN,HCT116,-7.225650389,1,0
9838,LAPATINIB,TOPOTECAN,HT144,10.13137384,1,1
9839,LAPATINIB,TOPOTECAN,HT29,-12.56524254,1,0
9840,LAPATINIB,TOPOTECAN,KPL1,17.99434732,1,1
9842,LAPATINIB,TOPOTECAN,LOVO,26.61682989,1,1
9843,LAPATINIB,TOPOTECAN,MDAMB436,-0.994273666,1,0
9845,LAPATINIB,TOPOTECAN,NCIH1650,14.00437482,1,1
9846,LAPATINIB,TOPOTECAN,NCIH2122,20.96251393,1,1
9847,LAPATINIB,TOPOTECAN,NCIH23,23.14219149,1,1
9849,LAPATINIB,TOPOTECAN,NCIH520,-2.305857146,1,0
9851,LAPATINIB,TOPOTECAN,OV90,-12.15200977,1,0
9852,LAPATINIB,TOPOTECAN,OVCAR3,-13.40507251,1,0
9854,LAPATINIB,TOPOTECAN,RKO,15.9734853,1,1
9857,LAPATINIB,TOPOTECAN,SKMES1,12.21467857,1,1
9858,LAPATINIB,TOPOTECAN,SKOV3,-10.91761431,1,0
9859,LAPATINIB,TOPOTECAN,SW620,14.10049069,1,1
9860,LAPATINIB,TOPOTECAN,SW837,15.93731839,1,1
9861,LAPATINIB,TOPOTECAN,T47D,-5.738539865,1,0
9863,LAPATINIB,TOPOTECAN,UWB1289,-17.45662554,1,0
9865,LAPATINIB,TOPOTECAN,VCAP,17.90068116,1,1
9866,LAPATINIB,TOPOTECAN,ZR751,42.33789748,1,1
9868,METFORMIN,ABT-888,A2780,-0.383516642,2,0
9869,METFORMIN,ABT-888,A375,-9.09284686,2,0
9870,METFORMIN,ABT-888,A427,-11.71911643,2,0
9872,METFORMIN,ABT-888,COLO320DM,-1.655001354,2,0
9873,METFORMIN,ABT-888,DLD1,-2.18121588,2,0
9875,METFORMIN,ABT-888,ES2,-11.1880301,2,0
9876,METFORMIN,ABT-888,HCT116,-0.455075086,2,0
9877,METFORMIN,ABT-888,HT144,-7.006615078,2,0
9878,METFORMIN,ABT-888,HT29,-2.851690445,2,0
9879,METFORMIN,ABT-888,KPL1,-11.52682193,2,0
9880,METFORMIN,ABT-888,LNCAP,10.1483025,2,1
9881,METFORMIN,ABT-888,LOVO,-5.391053691,2,0
9884,METFORMIN,ABT-888,NCIH1650,-7.394707868,2,0
9885,METFORMIN,ABT-888,NCIH2122,-5.356283129,2,0
9886,METFORMIN,ABT-888,NCIH23,-3.198115412,2,0
9887,METFORMIN,ABT-888,NCIH460,-3.316902804,2,0
9888,METFORMIN,ABT-888,NCIH520,-2.912708287,2,0
9889,METFORMIN,ABT-888,OCUBM,-0.10495244,2,0
9893,METFORMIN,ABT-888,RKO,-4.94638389,2,0
9894,METFORMIN,ABT-888,RPMI7951,-10.68107062,2,0
9895,METFORMIN,ABT-888,SKMEL30,-3.061546335,2,0
9897,METFORMIN,ABT-888,SKOV3,-1.536473725,2,0
9898,METFORMIN,ABT-888,SW620,-3.009638086,2,0
9899,METFORMIN,ABT-888,SW837,-24.12093675,2,0
9900,METFORMIN,ABT-888,T47D,-24.07164482,2,0
9901,METFORMIN,ABT-888,UACC62,-8.285234297,2,0
9903,METFORMIN,ABT-888,UWB1289BRCA1,-1.563089166,2,0
9904,METFORMIN,ABT-888,VCAP,-11.9249777,2,0
9905,METFORMIN,ABT-888,ZR751,-16.56767209,2,0
9908,METFORMIN,AZD1775,A375,11.12235701,1,1
9910,METFORMIN,AZD1775,CAOV3,-3.354603131,1,0
9911,METFORMIN,AZD1775,COLO320DM,-0.981455852,1,0
9913,METFORMIN,AZD1775,EFM192B,-9.763160514,1,0
9920,METFORMIN,AZD1775,LOVO,-0.805492522,1,0
9924,METFORMIN,AZD1775,NCIH2122,-0.810159539,1,0
9926,METFORMIN,AZD1775,NCIH460,-3.743122749,1,0
9933,METFORMIN,AZD1775,RPMI7951,15.83061936,1,1
9936,METFORMIN,AZD1775,SKOV3,12.5371488,1,1
9940,METFORMIN,AZD1775,UACC62,10.85950913,1,1
9941,METFORMIN,AZD1775,UWB1289,72.23243261,1,1
9942,METFORMIN,AZD1775,UWB1289BRCA1,-0.612265719,1,0
9944,METFORMIN,AZD1775,ZR751,-17.07499512,1,0
9945,METFORMIN,BEZ-235,A2058,28.16888608,3,1
9946,METFORMIN,BEZ-235,A2780,19.91662478,3,1
9947,METFORMIN,BEZ-235,A375,14.38098133,3,1
9948,METFORMIN,BEZ-235,A427,10.57820039,3,1
9949,METFORMIN,BEZ-235,CAOV3,36.42485052,3,1
9952,METFORMIN,BEZ-235,EFM192B,25.58002959,3,1
9953,METFORMIN,BEZ-235,ES2,11.53374965,3,1
9955,METFORMIN,BEZ-235,HT144,13.98567604,3,1
9956,METFORMIN,BEZ-235,HT29,16.25604327,3,1
9957,METFORMIN,BEZ-235,KPL1,12.65001322,3,1
9958,METFORMIN,BEZ-235,LNCAP,72.74054899,3,1
9959,METFORMIN,BEZ-235,LOVO,14.79446903,3,1
9960,METFORMIN,BEZ-235,MDAMB436,13.98427956,3,1
9961,METFORMIN,BEZ-235,MSTO,-0.166196784,3,0
9963,METFORMIN,BEZ-235,NCIH2122,11.90860645,3,1
9965,METFORMIN,BEZ-235,NCIH460,14.27241891,3,1
9966,METFORMIN,BEZ-235,NCIH520,18.69292128,3,1
9967,METFORMIN,BEZ-235,OCUBM,18.85725593,3,1
9968,METFORMIN,BEZ-235,OV90,19.25857146,3,1
9969,METFORMIN,BEZ-235,OVCAR3,18.69248453,3,1
9970,METFORMIN,BEZ-235,PA1,12.63939864,3,1
9971,METFORMIN,BEZ-235,RKO,-0.105193149,3,0
9972,METFORMIN,BEZ-235,RPMI7951,19.8976225,3,1
9973,METFORMIN,BEZ-235,SKMEL30,24.19831948,3,1
9974,METFORMIN,BEZ-235,SKMES1,21.60846077,3,1
9976,METFORMIN,BEZ-235,SW620,15.43740983,3,1
9977,METFORMIN,BEZ-235,SW837,14.20955944,3,1
9978,METFORMIN,BEZ-235,T47D,111.9594401,3,1
9979,METFORMIN,BEZ-235,UACC62,17.32638262,3,1
9980,METFORMIN,BEZ-235,UWB1289,36.43787853,3,1
9981,METFORMIN,BEZ-235,UWB1289BRCA1,26.55465136,3,1
9982,METFORMIN,BEZ-235,VCAP,11.57516927,3,1
9983,METFORMIN,BEZ-235,ZR751,15.92412352,3,1
9984,METFORMIN,BORTEZOMIB,A2058,-20.46692309,4,0
9985,METFORMIN,BORTEZOMIB,A2780,-16.41071723,4,0
9987,METFORMIN,BORTEZOMIB,A427,-16.53144705,4,0
9988,METFORMIN,BORTEZOMIB,CAOV3,-8.027102483,4,0
9989,METFORMIN,BORTEZOMIB,COLO320DM,-32.63817694,4,0
9991,METFORMIN,BORTEZOMIB,EFM192B,-6.762729163,4,0
9993,METFORMIN,BORTEZOMIB,HCT116,-3.264920089,4,0
9994,METFORMIN,BORTEZOMIB,HT144,-7.950118811,4,0
9995,METFORMIN,BORTEZOMIB,HT29,-18.44897928,4,0
9996,METFORMIN,BORTEZOMIB,KPL1,-31.53664838,4,0
9997,METFORMIN,BORTEZOMIB,LNCAP,-8.489993289,4,0
9998,METFORMIN,BORTEZOMIB,LOVO,-3.955374776,4,0
9999,METFORMIN,BORTEZOMIB,MDAMB436,-4.641525683,4,0
10000,METFORMIN,BORTEZOMIB,MSTO,51.00137402,4,1
10001,METFORMIN,BORTEZOMIB,NCIH1650,-31.13257721,4,0
10003,METFORMIN,BORTEZOMIB,NCIH23,-7.733340214,4,0
10004,METFORMIN,BORTEZOMIB,NCIH460,-4.784684489,4,0
10005,METFORMIN,BORTEZOMIB,NCIH520,-17.21462959,4,0
10006,METFORMIN,BORTEZOMIB,OCUBM,-16.08642191,4,0
10007,METFORMIN,BORTEZOMIB,OV90,-4.328188897,4,0
10008,METFORMIN,BORTEZOMIB,OVCAR3,-1.181561816,4,0
10010,METFORMIN,BORTEZOMIB,RKO,-19.69298483,4,0
10011,METFORMIN,BORTEZOMIB,RPMI7951,-6.232074096,4,0
10012,METFORMIN,BORTEZOMIB,SKMEL30,-8.589077393,4,0
10013,METFORMIN,BORTEZOMIB,SKMES1,-8.973387286,4,0
10014,METFORMIN,BORTEZOMIB,SKOV3,-14.75381792,4,0
10015,METFORMIN,BORTEZOMIB,SW620,-5.089268095,4,0
10016,METFORMIN,BORTEZOMIB,SW837,-4.479404653,4,0
10017,METFORMIN,BORTEZOMIB,T47D,-8.762215376,4,0
10018,METFORMIN,BORTEZOMIB,UACC62,-9.218056733,4,0
10019,METFORMIN,BORTEZOMIB,UWB1289,-14.89923887,4,0
10020,METFORMIN,BORTEZOMIB,UWB1289BRCA1,-5.038072777,4,0
10021,METFORMIN,BORTEZOMIB,VCAP,-18.12776366,4,0
10022,METFORMIN,BORTEZOMIB,ZR751,-21.04432716,4,0
10023,METFORMIN,DASATINIB,A2058,17.03147015,0,1
10024,METFORMIN,DASATINIB,A2780,26.01895977,0,1
10025,METFORMIN,DASATINIB,A375,-5.260885506,0,0
10026,METFORMIN,DASATINIB,A427,25.88354722,0,1
10027,METFORMIN,DASATINIB,CAOV3,-0.673257562,0,0
10030,METFORMIN,DASATINIB,EFM192B,29.38650064,0,1
10031,METFORMIN,DASATINIB,ES2,-8.047696111,0,0
10032,METFORMIN,DASATINIB,HCT116,-31.91073337,0,0
10033,METFORMIN,DASATINIB,HT144,-38.9127885,0,0
10037,METFORMIN,DASATINIB,LOVO,22.8819116,0,1
10038,METFORMIN,DASATINIB,MDAMB436,20.70363382,0,1
10039,METFORMIN,DASATINIB,MSTO,98.80382093,0,1
10040,METFORMIN,DASATINIB,NCIH1650,19.54259234,0,1
10041,METFORMIN,DASATINIB,NCIH2122,-65.77770455,0,0
10042,METFORMIN,DASATINIB,NCIH23,-7.933967421,0,0
10044,METFORMIN,DASATINIB,NCIH520,23.63362329,0,1
10045,METFORMIN,DASATINIB,OCUBM,-1.18934201,0,0
10046,METFORMIN,DASATINIB,OV90,-3.987900895,0,0
10047,METFORMIN,DASATINIB,OVCAR3,48.87975472,0,1
10051,METFORMIN,DASATINIB,SKMEL30,-24.72586416,0,0
10052,METFORMIN,DASATINIB,SKMES1,-1.160666563,0,0
10053,METFORMIN,DASATINIB,SKOV3,-7.652046791,0,0
10055,METFORMIN,DASATINIB,SW837,11.41692448,0,1
10056,METFORMIN,DASATINIB,T47D,13.13202974,0,1
10057,METFORMIN,DASATINIB,UACC62,-0.704147366,0,0
10060,METFORMIN,DASATINIB,VCAP,13.46281268,0,1
10061,METFORMIN,DASATINIB,ZR751,-11.34910278,0,0
10063,METFORMIN,DINACICLIB,A2780,-1.682572401,4,0
10066,METFORMIN,DINACICLIB,CAOV3,-13.18277329,4,0
10070,METFORMIN,DINACICLIB,ES2,-7.5952409,4,0
10071,METFORMIN,DINACICLIB,HCT116,-5.771405325,4,0
10072,METFORMIN,DINACICLIB,HT144,-7.736143241,4,0
10073,METFORMIN,DINACICLIB,HT29,-3.808151564,4,0
10074,METFORMIN,DINACICLIB,KPL1,-6.380700658,4,0
10075,METFORMIN,DINACICLIB,LNCAP,22.30898583,4,1
10076,METFORMIN,DINACICLIB,LOVO,-4.712548121,4,0
10079,METFORMIN,DINACICLIB,NCIH1650,23.12398754,4,1
10081,METFORMIN,DINACICLIB,NCIH23,14.05069915,4,1
10082,METFORMIN,DINACICLIB,NCIH460,-1.639304296,4,0
10083,METFORMIN,DINACICLIB,NCIH520,-4.55364859,4,0
10084,METFORMIN,DINACICLIB,OCUBM,-9.829902657,4,0
10085,METFORMIN,DINACICLIB,OV90,-14.51763757,4,0
10087,METFORMIN,DINACICLIB,PA1,-3.47029925,4,0
10094,METFORMIN,DINACICLIB,SW837,-6.679906176,4,0
10095,METFORMIN,DINACICLIB,T47D,-6.443326753,4,0
10096,METFORMIN,DINACICLIB,UACC62,-12.57454143,4,0
10097,METFORMIN,DINACICLIB,UWB1289,-0.64389925,4,0
10098,METFORMIN,DINACICLIB,UWB1289BRCA1,-4.869107715,4,0
10100,METFORMIN,DINACICLIB,ZR751,-16.45559122,4,0
10104,METFORMIN,ERLOTINIB,A427,-2.061649324,0,0
10105,METFORMIN,ERLOTINIB,CAOV3,-11.10387958,0,0
10106,METFORMIN,ERLOTINIB,COLO320DM,-2.21932275,0,0
10109,METFORMIN,ERLOTINIB,ES2,-7.611044372,0,0
10110,METFORMIN,ERLOTINIB,HCT116,-1.254756126,0,0
10111,METFORMIN,ERLOTINIB,HT144,-3.472860371,0,0
10112,METFORMIN,ERLOTINIB,HT29,-2.76787743,0,0
10117,METFORMIN,ERLOTINIB,MSTO,43.26890492,0,1
10118,METFORMIN,ERLOTINIB,NCIH1650,-12.14055499,0,0
10120,METFORMIN,ERLOTINIB,NCIH23,-10.73994038,0,0
10121,METFORMIN,ERLOTINIB,NCIH460,-4.398577101,0,0
10122,METFORMIN,ERLOTINIB,NCIH520,-5.796278489,0,0
10124,METFORMIN,ERLOTINIB,OV90,-9.942621259,0,0
10125,METFORMIN,ERLOTINIB,OVCAR3,-14.02587326,0,0
10127,METFORMIN,ERLOTINIB,RKO,-12.16139013,0,0
10129,METFORMIN,ERLOTINIB,SKMEL30,-6.196866448,0,0
10132,METFORMIN,ERLOTINIB,SW620,-7.55506408,0,0
10133,METFORMIN,ERLOTINIB,SW837,13.8755382,0,1
10134,METFORMIN,ERLOTINIB,T47D,22.87497244,0,1
10135,METFORMIN,ERLOTINIB,UACC62,10.33444619,0,1
10136,METFORMIN,ERLOTINIB,UWB1289,14.63937477,0,1
10139,METFORMIN,ERLOTINIB,ZR751,11.20210466,0,1
10141,METFORMIN,GELDANAMYCIN,A2780,-11.48486153,3,0
10142,METFORMIN,GELDANAMYCIN,A375,-3.00240968,3,0
10144,METFORMIN,GELDANAMYCIN,CAOV3,-13.89930511,3,0
10145,METFORMIN,GELDANAMYCIN,COLO320DM,-3.700843975,3,0
10147,METFORMIN,GELDANAMYCIN,EFM192B,-6.718756537,3,0
10148,METFORMIN,GELDANAMYCIN,ES2,-14.91922498,3,0
10149,METFORMIN,GELDANAMYCIN,HCT116,-0.566734268,3,0
10150,METFORMIN,GELDANAMYCIN,HT144,-13.93989251,3,0
10151,METFORMIN,GELDANAMYCIN,HT29,-10.55194736,3,0
10152,METFORMIN,GELDANAMYCIN,KPL1,-12.12358589,3,0
10153,METFORMIN,GELDANAMYCIN,LNCAP,27.29410708,3,1
10154,METFORMIN,GELDANAMYCIN,LOVO,-14.01295594,3,0
10156,METFORMIN,GELDANAMYCIN,MSTO,-1.274178944,3,0
10157,METFORMIN,GELDANAMYCIN,NCIH1650,-8.876418764,3,0
10158,METFORMIN,GELDANAMYCIN,NCIH2122,-11.34394095,3,0
10159,METFORMIN,GELDANAMYCIN,NCIH23,-14.94304843,3,0
10160,METFORMIN,GELDANAMYCIN,NCIH460,-5.124719072,3,0
10161,METFORMIN,GELDANAMYCIN,NCIH520,-4.356456828,3,0
10162,METFORMIN,GELDANAMYCIN,OCUBM,-36.35982194,3,0
10163,METFORMIN,GELDANAMYCIN,OV90,-16.80050416,3,0
10164,METFORMIN,GELDANAMYCIN,OVCAR3,-10.03022529,3,0
10166,METFORMIN,GELDANAMYCIN,RKO,-10.92224151,3,0
10167,METFORMIN,GELDANAMYCIN,RPMI7951,-18.33544803,3,0
10168,METFORMIN,GELDANAMYCIN,SKMEL30,-4.324910107,3,0
10170,METFORMIN,GELDANAMYCIN,SKOV3,-15.06588144,3,0
10171,METFORMIN,GELDANAMYCIN,SW620,-12.73848547,3,0
10172,METFORMIN,GELDANAMYCIN,SW837,-13.00865844,3,0
10173,METFORMIN,GELDANAMYCIN,T47D,-8.033921487,3,0
10174,METFORMIN,GELDANAMYCIN,UACC62,-12.09323954,3,0
10175,METFORMIN,GELDANAMYCIN,UWB1289,-12.27541868,3,0
10176,METFORMIN,GELDANAMYCIN,UWB1289BRCA1,-5.263276078,3,0
10177,METFORMIN,GELDANAMYCIN,VCAP,-15.40444384,3,0
10178,METFORMIN,GELDANAMYCIN,ZR751,-19.42750635,3,0
10183,METFORMIN,L778123,CAOV3,12.76144136,0,1
10184,METFORMIN,L778123,COLO320DM,-0.644858848,0,0
10186,METFORMIN,L778123,EFM192B,10.66733469,0,1
10188,METFORMIN,L778123,HCT116,-4.483189505,0,0
10189,METFORMIN,L778123,HT144,-0.547147688,0,0
10191,METFORMIN,L778123,KPL1,-11.38830342,0,0
10192,METFORMIN,L778123,LNCAP,15.33159554,0,1
10195,METFORMIN,L778123,MSTO,-9.647341975,0,0
10196,METFORMIN,L778123,NCIH1650,-4.928431303,0,0
10203,METFORMIN,L778123,OVCAR3,-6.848212054,0,0
10205,METFORMIN,L778123,RKO,-6.404031388,0,0
10207,METFORMIN,L778123,SKMEL30,10.45452512,0,1
10212,METFORMIN,L778123,T47D,12.05778012,0,1
10213,METFORMIN,L778123,UACC62,12.04148335,0,1
10214,METFORMIN,L778123,UWB1289,18.48621161,0,1
10217,METFORMIN,L778123,ZR751,-10.09594877,0,0
10218,METFORMIN,LAPATINIB,A2058,10.74328688,3,1
10219,METFORMIN,LAPATINIB,A2780,-2.174460877,3,0
10220,METFORMIN,LAPATINIB,A375,-5.629217862,3,0
10221,METFORMIN,LAPATINIB,A427,-13.57408823,3,0
10226,METFORMIN,LAPATINIB,ES2,-8.444400298,3,0
10228,METFORMIN,LAPATINIB,HT144,-2.1272973,3,0
10231,METFORMIN,LAPATINIB,LNCAP,18.24827846,3,1
10232,METFORMIN,LAPATINIB,LOVO,11.41634361,3,1
10233,METFORMIN,LAPATINIB,MDAMB436,13.5379081,3,1
10234,METFORMIN,LAPATINIB,MSTO,29.18260978,3,1
10235,METFORMIN,LAPATINIB,NCIH1650,-9.445499442,3,0
10237,METFORMIN,LAPATINIB,NCIH23,-8.834417466,3,0
10238,METFORMIN,LAPATINIB,NCIH460,-7.018429352,3,0
10239,METFORMIN,LAPATINIB,NCIH520,-7.110797906,3,0
10240,METFORMIN,LAPATINIB,OCUBM,-1.576386903,3,0
10241,METFORMIN,LAPATINIB,OV90,-13.89722716,3,0
10242,METFORMIN,LAPATINIB,OVCAR3,11.18769822,3,1
10244,METFORMIN,LAPATINIB,RKO,-3.25865034,3,0
10246,METFORMIN,LAPATINIB,SKMEL30,-4.166109685,3,0
10249,METFORMIN,LAPATINIB,SW620,-6.512916584,3,0
10250,METFORMIN,LAPATINIB,SW837,15.44890423,3,1
10251,METFORMIN,LAPATINIB,T47D,19.05652615,3,1
10254,METFORMIN,LAPATINIB,UWB1289BRCA1,11.82306272,3,1
10255,METFORMIN,LAPATINIB,VCAP,-4.993489262,3,0
10256,METFORMIN,LAPATINIB,ZR751,20.68556508,3,1
10257,METFORMIN,MK-2206,A2058,12.75667396,4,1
10258,METFORMIN,MK-2206,A2780,10.31430449,4,1
10261,METFORMIN,MK-2206,CAOV3,-8.359527045,4,0
10264,METFORMIN,MK-2206,EFM192B,-6.072997805,4,0
10268,METFORMIN,MK-2206,HT29,-0.452404129,4,0
10269,METFORMIN,MK-2206,KPL1,15.01448147,4,1
10271,METFORMIN,MK-2206,LOVO,-4.86589149,4,0
10274,METFORMIN,MK-2206,NCIH1650,-1.629714889,4,0
10275,METFORMIN,MK-2206,NCIH2122,-2.172673414,4,0
10276,METFORMIN,MK-2206,NCIH23,-1.218947703,4,0
10277,METFORMIN,MK-2206,NCIH460,-12.90863978,4,0
10281,METFORMIN,MK-2206,OVCAR3,-4.980723189,4,0
10283,METFORMIN,MK-2206,RKO,11.53677196,4,1
10285,METFORMIN,MK-2206,SKMEL30,-6.278899064,4,0
10286,METFORMIN,MK-2206,SKMES1,-0.232327954,4,0
10289,METFORMIN,MK-2206,SW837,-7.802051956,4,0
10290,METFORMIN,MK-2206,T47D,51.18416682,4,1
10291,METFORMIN,MK-2206,UACC62,-3.481630051,4,0
10292,METFORMIN,MK-2206,UWB1289,10.44202089,4,1
10293,METFORMIN,MK-2206,UWB1289BRCA1,-7.79869139,4,0
10295,METFORMIN,MK-2206,ZR751,-7.107517098,4,0
10296,METFORMIN,MK-4827,A2058,10.70406375,2,1
10299,METFORMIN,MK-4827,A427,-3.725787883,2,0
10300,METFORMIN,MK-4827,CAOV3,-6.66277481,2,0
10301,METFORMIN,MK-4827,COLO320DM,11.39257405,2,1
10304,METFORMIN,MK-4827,ES2,-0.877713823,2,0
10309,METFORMIN,MK-4827,LNCAP,-2.614351917,2,0
10310,METFORMIN,MK-4827,LOVO,-7.318763761,2,0
10312,METFORMIN,MK-4827,MSTO,-5.34437383,2,0
10315,METFORMIN,MK-4827,NCIH23,-1.660529461,2,0
10317,METFORMIN,MK-4827,NCIH520,-0.737404087,2,0
10318,METFORMIN,MK-4827,OCUBM,18.86315425,2,1
10319,METFORMIN,MK-4827,OV90,-0.975292145,2,0
10320,METFORMIN,MK-4827,OVCAR3,16.72644303,2,1
10328,METFORMIN,MK-4827,SW837,-14.77788579,2,0
10329,METFORMIN,MK-4827,T47D,22.79469315,2,1
10330,METFORMIN,MK-4827,UACC62,-11.73977474,2,0
10332,METFORMIN,MK-4827,UWB1289BRCA1,-2.697132839,2,0
10333,METFORMIN,MK-4827,VCAP,16.21109613,2,1
10334,METFORMIN,MK-4827,ZR751,-7.351932586,2,0
10338,METFORMIN,MK-5108,A427,-3.789173351,2,0
10339,METFORMIN,MK-5108,CAOV3,-10.53436937,2,0
10342,METFORMIN,MK-5108,EFM192B,-2.737297126,2,0
10343,METFORMIN,MK-5108,ES2,-0.298554462,2,0
10344,METFORMIN,MK-5108,HCT116,-0.517199083,2,0
10345,METFORMIN,MK-5108,HT144,-1.675605829,2,0
10347,METFORMIN,MK-5108,KPL1,-4.345311394,2,0
10349,METFORMIN,MK-5108,LOVO,-8.19848652,2,0
10351,METFORMIN,MK-5108,MSTO,-2.618820865,2,0
10355,METFORMIN,MK-5108,NCIH460,-9.35414409,2,0
10356,METFORMIN,MK-5108,NCIH520,-1.070494053,2,0
10359,METFORMIN,MK-5108,OVCAR3,-9.998166854,2,0
10368,METFORMIN,MK-5108,T47D,31.27231388,2,1
10372,METFORMIN,MK-5108,VCAP,10.51458385,2,1
10373,METFORMIN,MK-5108,ZR751,-11.51327879,2,0
10374,METFORMIN,MK-8669,A2058,26.63151347,0,1
10376,METFORMIN,MK-8669,A375,10.03876775,0,1
10377,METFORMIN,MK-8669,A427,10.924736,0,1
10381,METFORMIN,MK-8669,EFM192B,46.25636535,0,1
10385,METFORMIN,MK-8669,HT29,10.81988489,0,1
10386,METFORMIN,MK-8669,KPL1,23.45401596,0,1
10387,METFORMIN,MK-8669,LNCAP,14.43078664,0,1
10388,METFORMIN,MK-8669,LOVO,18.38020477,0,1
10390,METFORMIN,MK-8669,MSTO,-2.560362393,0,0
10391,METFORMIN,MK-8669,NCIH1650,12.30589068,0,1
10396,METFORMIN,MK-8669,OCUBM,27.14317302,0,1
10397,METFORMIN,MK-8669,OV90,14.08970253,0,1
10398,METFORMIN,MK-8669,OVCAR3,11.33229507,0,1
10399,METFORMIN,MK-8669,PA1,-1.835149928,0,0
10400,METFORMIN,MK-8669,RKO,17.24359381,0,1
10402,METFORMIN,MK-8669,SKMEL30,21.24840171,0,1
10403,METFORMIN,MK-8669,SKMES1,18.07509527,0,1
10404,METFORMIN,MK-8669,SKOV3,18.83513245,0,1
10406,METFORMIN,MK-8669,SW837,-1.790586286,0,0
10407,METFORMIN,MK-8669,T47D,54.12675087,0,1
10409,METFORMIN,MK-8669,UWB1289,14.10110624,0,1
10410,METFORMIN,MK-8669,UWB1289BRCA1,-1.39587407,0,0
10411,METFORMIN,MK-8669,VCAP,10.45863739,0,1
10412,METFORMIN,MK-8669,ZR751,17.05109046,0,1
10415,METFORMIN,MK-8776,A375,-1.416816574,0,0
10416,METFORMIN,MK-8776,A427,-9.757976102,0,0
10421,METFORMIN,MK-8776,ES2,-7.427459935,0,0
10422,METFORMIN,MK-8776,HCT116,-0.009923036,0,0
10423,METFORMIN,MK-8776,HT144,11.61512757,0,1
10424,METFORMIN,MK-8776,HT29,-1.374302375,0,0
10425,METFORMIN,MK-8776,KPL1,-11.63073861,0,0
10426,METFORMIN,MK-8776,LNCAP,-2.496555726,0,0
10429,METFORMIN,MK-8776,MSTO,-38.45653539,0,0
10431,METFORMIN,MK-8776,NCIH2122,-9.791245033,0,0
10433,METFORMIN,MK-8776,NCIH460,-11.64385468,0,0
10434,METFORMIN,MK-8776,NCIH520,-6.449294058,0,0
10435,METFORMIN,MK-8776,OCUBM,10.46092945,0,1
10438,METFORMIN,MK-8776,PA1,-2.00679372,0,0
10440,METFORMIN,MK-8776,RPMI7951,-2.391736684,0,0
10441,METFORMIN,MK-8776,SKMEL30,10.25641548,0,1
10442,METFORMIN,MK-8776,SKMES1,-0.741066877,0,0
10445,METFORMIN,MK-8776,SW837,-10.64272595,0,0
10446,METFORMIN,MK-8776,T47D,10.84748484,0,1
10447,METFORMIN,MK-8776,UACC62,-3.804206068,0,0
10448,METFORMIN,MK-8776,UWB1289,-5.480801174,0,0
10449,METFORMIN,MK-8776,UWB1289BRCA1,-9.363500181,0,0
10451,METFORMIN,MK-8776,ZR751,-37.64633317,0,0
10452,METFORMIN,PD325901,A2058,26.4094776,1,1
10453,METFORMIN,PD325901,A2780,-5.092944811,1,0
10455,METFORMIN,PD325901,A427,-4.997991791,1,0
10457,METFORMIN,PD325901,COLO320DM,-2.559217403,1,0
10459,METFORMIN,PD325901,EFM192B,-15.3472795,1,0
10460,METFORMIN,PD325901,ES2,-7.096244645,1,0
10461,METFORMIN,PD325901,HCT116,-8.546474146,1,0
10462,METFORMIN,PD325901,HT144,-3.810899035,1,0
10463,METFORMIN,PD325901,HT29,-9.460397991,1,0
10464,METFORMIN,PD325901,KPL1,-16.73572752,1,0
10465,METFORMIN,PD325901,LNCAP,23.95325218,1,1
10466,METFORMIN,PD325901,LOVO,-15.73853283,1,0
10467,METFORMIN,PD325901,MDAMB436,-8.098221454,1,0
10468,METFORMIN,PD325901,MSTO,-1.719219585,1,0
10469,METFORMIN,PD325901,NCIH1650,-6.640139543,1,0
10470,METFORMIN,PD325901,NCIH2122,-1.929988422,1,0
10471,METFORMIN,PD325901,NCIH23,-12.91235215,1,0
10472,METFORMIN,PD325901,NCIH460,-5.74061525,1,0
10473,METFORMIN,PD325901,NCIH520,-0.741471779,1,0
10474,METFORMIN,PD325901,OCUBM,-19.05390672,1,0
10475,METFORMIN,PD325901,OV90,-9.623807868,1,0
10476,METFORMIN,PD325901,OVCAR3,16.0442462,1,1
10478,METFORMIN,PD325901,RKO,-11.4270221,1,0
10479,METFORMIN,PD325901,RPMI7951,-9.780385632,1,0
10481,METFORMIN,PD325901,SKMES1,-4.716387194,1,0
10482,METFORMIN,PD325901,SKOV3,-7.435316858,1,0
10483,METFORMIN,PD325901,SW620,-7.726737329,1,0
10484,METFORMIN,PD325901,SW837,-16.38505489,1,0
10486,METFORMIN,PD325901,UACC62,-8.753620671,1,0
10487,METFORMIN,PD325901,UWB1289,13.93343239,1,1
10488,METFORMIN,PD325901,UWB1289BRCA1,-0.210013898,1,0
10489,METFORMIN,PD325901,VCAP,-11.27055053,1,0
10490,METFORMIN,PD325901,ZR751,-17.79385017,1,0
10491,METFORMIN,SORAFENIB,A2058,16.77560245,3,1
10493,METFORMIN,SORAFENIB,A375,13.368034,3,1
10495,METFORMIN,SORAFENIB,CAOV3,-2.978858743,3,0
10497,METFORMIN,SORAFENIB,DLD1,11.39668225,3,1
10503,METFORMIN,SORAFENIB,KPL1,-1.787536289,3,0
10504,METFORMIN,SORAFENIB,LNCAP,10.85449093,3,1
10505,METFORMIN,SORAFENIB,LOVO,-3.263749395,3,0
10507,METFORMIN,SORAFENIB,MSTO,-9.13985884,3,0
10511,METFORMIN,SORAFENIB,NCIH460,10.07034244,3,1
10512,METFORMIN,SORAFENIB,NCIH520,10.98804744,3,1
10513,METFORMIN,SORAFENIB,OCUBM,10.74442997,3,1
10515,METFORMIN,SORAFENIB,OVCAR3,-5.966610796,3,0
10517,METFORMIN,SORAFENIB,RKO,15.32760017,3,1
10520,METFORMIN,SORAFENIB,SKMES1,15.8297482,3,1
10521,METFORMIN,SORAFENIB,SKOV3,14.50827038,3,1
10522,METFORMIN,SORAFENIB,SW620,10.22598691,3,1
10529,METFORMIN,SORAFENIB,ZR751,-18.50403421,3,0
10537,METFORMIN,SUNITINIB,EFM192B,13.59883962,1,1
10540,METFORMIN,SUNITINIB,HT144,-0.323460626,1,0
10543,METFORMIN,SUNITINIB,LNCAP,-0.048804222,1,0
10550,METFORMIN,SUNITINIB,NCIH460,-0.078163244,1,0
10551,METFORMIN,SUNITINIB,NCIH520,11.18971251,1,1
10557,METFORMIN,SUNITINIB,RPMI7951,-3.598395656,1,0
10562,METFORMIN,SUNITINIB,SW837,-7.606401486,1,0
10563,METFORMIN,SUNITINIB,T47D,18.87622403,1,1
10567,METFORMIN,SUNITINIB,VCAP,14.69403263,1,1
10568,METFORMIN,SUNITINIB,ZR751,-9.124291476,1,0
10570,METFORMIN,TEMOZOLOMIDE,A2780,-5.308425827,3,0
10571,METFORMIN,TEMOZOLOMIDE,A375,-3.794762052,3,0
10572,METFORMIN,TEMOZOLOMIDE,A427,-5.560474322,3,0
10573,METFORMIN,TEMOZOLOMIDE,CAOV3,-89.92810381,3,0
10575,METFORMIN,TEMOZOLOMIDE,DLD1,-4.416578923,3,0
10576,METFORMIN,TEMOZOLOMIDE,EFM192B,-30.51532048,3,0
10577,METFORMIN,TEMOZOLOMIDE,ES2,-2.179727699,3,0
10578,METFORMIN,TEMOZOLOMIDE,HCT116,-5.325345132,3,0
10579,METFORMIN,TEMOZOLOMIDE,HT144,-10.42096896,3,0
10580,METFORMIN,TEMOZOLOMIDE,HT29,-1.393987201,3,0
10581,METFORMIN,TEMOZOLOMIDE,KPL1,-20.66547168,3,0
10582,METFORMIN,TEMOZOLOMIDE,LNCAP,-4.155337634,3,0
10583,METFORMIN,TEMOZOLOMIDE,LOVO,-5.98966918,3,0
10584,METFORMIN,TEMOZOLOMIDE,MDAMB436,-2.016427238,3,0
10585,METFORMIN,TEMOZOLOMIDE,MSTO,-5.18881613,3,0
10586,METFORMIN,TEMOZOLOMIDE,NCIH1650,-9.075224068,3,0
10587,METFORMIN,TEMOZOLOMIDE,NCIH2122,-3.057758777,3,0
10588,METFORMIN,TEMOZOLOMIDE,NCIH23,-7.064671021,3,0
10589,METFORMIN,TEMOZOLOMIDE,NCIH460,-9.901977541,3,0
10590,METFORMIN,TEMOZOLOMIDE,NCIH520,-1.731889326,3,0
10591,METFORMIN,TEMOZOLOMIDE,OCUBM,-19.31542727,3,0
10592,METFORMIN,TEMOZOLOMIDE,OV90,-2.289828856,3,0
10593,METFORMIN,TEMOZOLOMIDE,OVCAR3,-10.2103003,3,0
10599,METFORMIN,TEMOZOLOMIDE,SKOV3,-14.10132845,3,0
10600,METFORMIN,TEMOZOLOMIDE,SW620,-0.723835669,3,0
10601,METFORMIN,TEMOZOLOMIDE,SW837,-15.55652416,3,0
10602,METFORMIN,TEMOZOLOMIDE,T47D,-2.049060818,3,0
10603,METFORMIN,TEMOZOLOMIDE,UACC62,-5.562166809,3,0
10606,METFORMIN,TEMOZOLOMIDE,VCAP,-11.69491228,3,0
10607,METFORMIN,TEMOZOLOMIDE,ZR751,-71.78942558,3,0
10611,METFORMIN,ZOLINZA,A427,-17.14739769,4,0
10616,METFORMIN,ZOLINZA,ES2,-4.667402747,4,0
10618,METFORMIN,ZOLINZA,HT144,-2.70673511,4,0
10619,METFORMIN,ZOLINZA,HT29,11.19666082,4,1
10624,METFORMIN,ZOLINZA,MSTO,-1.894103893,4,0
10627,METFORMIN,ZOLINZA,NCIH23,-5.788244081,4,0
10628,METFORMIN,ZOLINZA,NCIH460,-4.584454212,4,0
10630,METFORMIN,ZOLINZA,OCUBM,-15.82768311,4,0
10632,METFORMIN,ZOLINZA,OVCAR3,15.62526356,4,1
10638,METFORMIN,ZOLINZA,SKOV3,15.11047437,4,1
10641,METFORMIN,ZOLINZA,T47D,55.63110511,4,1
10642,METFORMIN,ZOLINZA,UACC62,-1.488001614,4,0
10644,METFORMIN,ZOLINZA,UWB1289BRCA1,-0.909311544,4,0
10645,METFORMIN,ZOLINZA,VCAP,22.24739726,4,1
10646,METFORMIN,ZOLINZA,ZR751,-17.72204566,4,0
10647,METHOTREXATE,ABT-888,A2058,-20.92611544,3,0
10648,METHOTREXATE,ABT-888,A2780,-4.219367541,3,0
10649,METHOTREXATE,ABT-888,A375,-7.551223353,3,0
10651,METHOTREXATE,ABT-888,CAOV3,-2.404475577,3,0
10654,METHOTREXATE,ABT-888,EFM192B,12.99067126,3,1
10656,METHOTREXATE,ABT-888,HCT116,-21.65183373,3,0
10657,METHOTREXATE,ABT-888,HT144,-0.032445275,3,0
10659,METHOTREXATE,ABT-888,KPL1,-1.71327251,3,0
10660,METHOTREXATE,ABT-888,LNCAP,-14.94123794,3,0
10661,METHOTREXATE,ABT-888,LOVO,-15.09554516,3,0
10663,METHOTREXATE,ABT-888,MSTO,-10.42339192,3,0
10664,METHOTREXATE,ABT-888,NCIH1650,-8.966644609,3,0
10666,METHOTREXATE,ABT-888,NCIH23,-7.564126857,3,0
10667,METHOTREXATE,ABT-888,NCIH460,-12.68037651,3,0
10668,METHOTREXATE,ABT-888,NCIH520,-5.030737169,3,0
10669,METHOTREXATE,ABT-888,OCUBM,13.69876981,3,1
10670,METHOTREXATE,ABT-888,OV90,-5.954565928,3,0
10671,METHOTREXATE,ABT-888,OVCAR3,-22.72410037,3,0
10672,METHOTREXATE,ABT-888,PA1,-13.3282645,3,0
10673,METHOTREXATE,ABT-888,RKO,-19.58169784,3,0
10674,METHOTREXATE,ABT-888,RPMI7951,13.4134956,3,1
10675,METHOTREXATE,ABT-888,SKMEL30,16.10103716,3,1
10677,METHOTREXATE,ABT-888,SKOV3,-0.401220452,3,0
10678,METHOTREXATE,ABT-888,SW620,-7.447236875,3,0
10680,METHOTREXATE,ABT-888,T47D,-31.86794075,3,0
10682,METHOTREXATE,ABT-888,UWB1289,-0.179443158,3,0
10685,METHOTREXATE,ABT-888,ZR751,-12.04264842,3,0
10686,METHOTREXATE,AZD1775,A2058,-15.7931997,0,0
10687,METHOTREXATE,AZD1775,A2780,-3.648519996,0,0
10689,METHOTREXATE,AZD1775,A427,-10.2741063,0,0
10690,METHOTREXATE,AZD1775,CAOV3,25.15113744,0,1
10691,METHOTREXATE,AZD1775,COLO320DM,-16.89325415,0,0
10692,METHOTREXATE,AZD1775,DLD1,-3.33781318,0,0
10693,METHOTREXATE,AZD1775,EFM192B,-7.479607159,0,0
10694,METHOTREXATE,AZD1775,ES2,-2.632905328,0,0
10695,METHOTREXATE,AZD1775,HCT116,-20.04582991,0,0
10697,METHOTREXATE,AZD1775,HT29,-19.6274971,0,0
10698,METHOTREXATE,AZD1775,KPL1,-13.00411063,0,0
10699,METHOTREXATE,AZD1775,LNCAP,-25.20689136,0,0
10700,METHOTREXATE,AZD1775,LOVO,-3.938172737,0,0
10701,METHOTREXATE,AZD1775,MDAMB436,-4.057477136,0,0
10702,METHOTREXATE,AZD1775,MSTO,-14.68436586,0,0
10703,METHOTREXATE,AZD1775,NCIH1650,-5.78683354,0,0
10704,METHOTREXATE,AZD1775,NCIH2122,-1.48186242,0,0
10705,METHOTREXATE,AZD1775,NCIH23,-17.97365095,0,0
10706,METHOTREXATE,AZD1775,NCIH460,-11.04226708,0,0
10707,METHOTREXATE,AZD1775,NCIH520,-18.27517586,0,0
10708,METHOTREXATE,AZD1775,OCUBM,-6.018460361,0,0
10710,METHOTREXATE,AZD1775,OVCAR3,-22.90616039,0,0
10711,METHOTREXATE,AZD1775,PA1,-18.00024231,0,0
10712,METHOTREXATE,AZD1775,RKO,-16.78835289,0,0
10713,METHOTREXATE,AZD1775,RPMI7951,-9.0067378,0,0
10714,METHOTREXATE,AZD1775,SKMEL30,-9.694797511,0,0
10715,METHOTREXATE,AZD1775,SKMES1,-13.50511874,0,0
10717,METHOTREXATE,AZD1775,SW620,-15.17262545,0,0
10718,METHOTREXATE,AZD1775,SW837,-13.10600229,0,0
10719,METHOTREXATE,AZD1775,T47D,-13.49902402,0,0
10721,METHOTREXATE,AZD1775,UWB1289,23.29803103,0,1
10722,METHOTREXATE,AZD1775,UWB1289BRCA1,-14.0928179,0,0
10723,METHOTREXATE,AZD1775,VCAP,-27.39232671,0,0
10724,METHOTREXATE,AZD1775,ZR751,-13.97769032,0,0
10725,METHOTREXATE,BEZ-235,A2058,-38.0121297,0,0
10726,METHOTREXATE,BEZ-235,A2780,-16.82481039,0,0
10727,METHOTREXATE,BEZ-235,A375,-25.61862021,0,0
10728,METHOTREXATE,BEZ-235,A427,-8.949540554,0,0
10729,METHOTREXATE,BEZ-235,CAOV3,-17.50490635,0,0
10730,METHOTREXATE,BEZ-235,COLO320DM,-6.803307176,0,0
10731,METHOTREXATE,BEZ-235,DLD1,-16.9202632,0,0
10733,METHOTREXATE,BEZ-235,ES2,-12.19126927,0,0
10734,METHOTREXATE,BEZ-235,HCT116,-41.02096824,0,0
10736,METHOTREXATE,BEZ-235,HT29,-6.020533594,0,0
10737,METHOTREXATE,BEZ-235,KPL1,-16.20786001,0,0
10738,METHOTREXATE,BEZ-235,LNCAP,48.29250264,0,1
10740,METHOTREXATE,BEZ-235,MDAMB436,-13.48337625,0,0
10741,METHOTREXATE,BEZ-235,MSTO,-23.31530174,0,0
10742,METHOTREXATE,BEZ-235,NCIH1650,-6.201647618,0,0
10743,METHOTREXATE,BEZ-235,NCIH2122,-11.09106924,0,0
10744,METHOTREXATE,BEZ-235,NCIH23,-31.96671719,0,0
10745,METHOTREXATE,BEZ-235,NCIH460,-30.68313271,0,0
10746,METHOTREXATE,BEZ-235,NCIH520,-8.97233779,0,0
10747,METHOTREXATE,BEZ-235,OCUBM,-14.67794352,0,0
10749,METHOTREXATE,BEZ-235,OVCAR3,-35.28896071,0,0
10750,METHOTREXATE,BEZ-235,PA1,-32.96232274,0,0
10751,METHOTREXATE,BEZ-235,RKO,-28.04532216,0,0
10752,METHOTREXATE,BEZ-235,RPMI7951,-30.63826516,0,0
10753,METHOTREXATE,BEZ-235,SKMEL30,-3.880449615,0,0
10754,METHOTREXATE,BEZ-235,SKMES1,-19.01194681,0,0
10756,METHOTREXATE,BEZ-235,SW620,-19.46207595,0,0
10757,METHOTREXATE,BEZ-235,SW837,10.8716199,0,1
10758,METHOTREXATE,BEZ-235,T47D,35.74583505,0,1
10759,METHOTREXATE,BEZ-235,UACC62,-6.285283318,0,0
10760,METHOTREXATE,BEZ-235,UWB1289,-9.940996808,0,0
10761,METHOTREXATE,BEZ-235,UWB1289BRCA1,-14.62380502,0,0
10762,METHOTREXATE,BEZ-235,VCAP,-30.57954225,0,0
10763,METHOTREXATE,BEZ-235,ZR751,-6.989471757,0,0
10764,METHOTREXATE,BORTEZOMIB,A2058,-28.03309248,2,0
10765,METHOTREXATE,BORTEZOMIB,A2780,-16.77236772,2,0
10766,METHOTREXATE,BORTEZOMIB,A375,-16.89549853,2,0
10767,METHOTREXATE,BORTEZOMIB,A427,-8.336389326,2,0
10768,METHOTREXATE,BORTEZOMIB,CAOV3,-20.95464613,2,0
10769,METHOTREXATE,BORTEZOMIB,COLO320DM,-28.06396323,2,0
10770,METHOTREXATE,BORTEZOMIB,DLD1,-7.44436408,2,0
10771,METHOTREXATE,BORTEZOMIB,EFM192B,-2.606167842,2,0
10772,METHOTREXATE,BORTEZOMIB,ES2,-29.02433517,2,0
10773,METHOTREXATE,BORTEZOMIB,HCT116,-22.5307353,2,0
10774,METHOTREXATE,BORTEZOMIB,HT144,-5.982494958,2,0
10775,METHOTREXATE,BORTEZOMIB,HT29,-16.27108996,2,0
10776,METHOTREXATE,BORTEZOMIB,KPL1,-16.57915115,2,0
10777,METHOTREXATE,BORTEZOMIB,LNCAP,-31.93526544,2,0
10778,METHOTREXATE,BORTEZOMIB,LOVO,-0.275437649,2,0
10779,METHOTREXATE,BORTEZOMIB,MDAMB436,-5.513679445,2,0
10780,METHOTREXATE,BORTEZOMIB,MSTO,-7.967423776,2,0
10781,METHOTREXATE,BORTEZOMIB,NCIH1650,-28.29071378,2,0
10782,METHOTREXATE,BORTEZOMIB,NCIH2122,-21.51142905,2,0
10783,METHOTREXATE,BORTEZOMIB,NCIH23,-26.14593871,2,0
10784,METHOTREXATE,BORTEZOMIB,NCIH460,-27.71638468,2,0
10785,METHOTREXATE,BORTEZOMIB,NCIH520,-34.76633177,2,0
10786,METHOTREXATE,BORTEZOMIB,OCUBM,-4.108241118,2,0
10787,METHOTREXATE,BORTEZOMIB,OV90,-3.102671676,2,0
10788,METHOTREXATE,BORTEZOMIB,OVCAR3,-38.99090334,2,0
10789,METHOTREXATE,BORTEZOMIB,PA1,-35.73196175,2,0
10790,METHOTREXATE,BORTEZOMIB,RKO,-29.13647934,2,0
10791,METHOTREXATE,BORTEZOMIB,RPMI7951,-13.87181589,2,0
10792,METHOTREXATE,BORTEZOMIB,SKMEL30,-13.33685328,2,0
10793,METHOTREXATE,BORTEZOMIB,SKMES1,-13.25514519,2,0
10794,METHOTREXATE,BORTEZOMIB,SKOV3,-2.255752794,2,0
10795,METHOTREXATE,BORTEZOMIB,SW620,-11.8587952,2,0
10796,METHOTREXATE,BORTEZOMIB,SW837,-1.299961385,2,0
10797,METHOTREXATE,BORTEZOMIB,T47D,-34.99574126,2,0
10798,METHOTREXATE,BORTEZOMIB,UACC62,-18.47629284,2,0
10799,METHOTREXATE,BORTEZOMIB,UWB1289,-20.26423069,2,0
10800,METHOTREXATE,BORTEZOMIB,UWB1289BRCA1,-15.77268206,2,0
10801,METHOTREXATE,BORTEZOMIB,VCAP,-17.65193314,2,0
10802,METHOTREXATE,BORTEZOMIB,ZR751,-39.87206359,2,0
10803,METHOTREXATE,DASATINIB,A2058,-9.892372863,4,0
10805,METHOTREXATE,DASATINIB,A375,-11.07887222,4,0
10807,METHOTREXATE,DASATINIB,CAOV3,-9.673984038,4,0
10809,METHOTREXATE,DASATINIB,DLD1,-7.324625333,4,0
10810,METHOTREXATE,DASATINIB,EFM192B,10.59022821,4,1
10811,METHOTREXATE,DASATINIB,ES2,14.4090108,4,1
10812,METHOTREXATE,DASATINIB,HCT116,-35.35244429,4,0
10813,METHOTREXATE,DASATINIB,HT144,-34.24175021,4,0
10814,METHOTREXATE,DASATINIB,HT29,-14.45011672,4,0
10815,METHOTREXATE,DASATINIB,KPL1,-4.338523753,4,0
10817,METHOTREXATE,DASATINIB,LOVO,10.30840849,4,1
10818,METHOTREXATE,DASATINIB,MDAMB436,-2.64840768,4,0
10819,METHOTREXATE,DASATINIB,MSTO,-14.52161227,4,0
10821,METHOTREXATE,DASATINIB,NCIH2122,13.97280804,4,1
10822,METHOTREXATE,DASATINIB,NCIH23,-16.42572955,4,0
10823,METHOTREXATE,DASATINIB,NCIH460,-21.19265745,4,0
10824,METHOTREXATE,DASATINIB,NCIH520,-1.137888445,4,0
10825,METHOTREXATE,DASATINIB,OCUBM,14.26126956,4,1
10826,METHOTREXATE,DASATINIB,OV90,-1.60676291,4,0
10827,METHOTREXATE,DASATINIB,OVCAR3,-19.10754378,4,0
10828,METHOTREXATE,DASATINIB,PA1,-34.07389116,4,0
10829,METHOTREXATE,DASATINIB,RKO,-25.01685668,4,0
10830,METHOTREXATE,DASATINIB,RPMI7951,-24.52559262,4,0
10831,METHOTREXATE,DASATINIB,SKMEL30,-31.23841483,4,0
10832,METHOTREXATE,DASATINIB,SKMES1,-16.56254524,4,0
10833,METHOTREXATE,DASATINIB,SKOV3,-3.191177964,4,0
10834,METHOTREXATE,DASATINIB,SW620,-2.862696239,4,0
10837,METHOTREXATE,DASATINIB,UACC62,-9.38760589,4,0
10838,METHOTREXATE,DASATINIB,UWB1289,-10.87087561,4,0
10839,METHOTREXATE,DASATINIB,UWB1289BRCA1,-21.36207504,4,0
10841,METHOTREXATE,DASATINIB,ZR751,-29.40917134,4,0
10842,METHOTREXATE,DINACICLIB,A2058,-13.74681739,0,0
10843,METHOTREXATE,DINACICLIB,A2780,-10.30343952,0,0
10845,METHOTREXATE,DINACICLIB,A427,-3.451416942,0,0
10846,METHOTREXATE,DINACICLIB,CAOV3,-4.052257285,0,0
10848,METHOTREXATE,DINACICLIB,DLD1,12.2109058,0,1
10849,METHOTREXATE,DINACICLIB,EFM192B,-2.835743195,0,0
10850,METHOTREXATE,DINACICLIB,ES2,-5.715895919,0,0
10851,METHOTREXATE,DINACICLIB,HCT116,-33.4204808,0,0
10852,METHOTREXATE,DINACICLIB,HT144,-0.593389974,0,0
10853,METHOTREXATE,DINACICLIB,HT29,-3.315125388,0,0
10854,METHOTREXATE,DINACICLIB,KPL1,-13.88442443,0,0
10855,METHOTREXATE,DINACICLIB,LNCAP,-2.99710486,0,0
10856,METHOTREXATE,DINACICLIB,LOVO,-2.552213411,0,0
10858,METHOTREXATE,DINACICLIB,MSTO,-21.42852431,0,0
10859,METHOTREXATE,DINACICLIB,NCIH1650,-10.10463043,0,0
10861,METHOTREXATE,DINACICLIB,NCIH23,-13.65265379,0,0
10863,METHOTREXATE,DINACICLIB,NCIH520,-7.932825116,0,0
10864,METHOTREXATE,DINACICLIB,OCUBM,-0.584166727,0,0
10865,METHOTREXATE,DINACICLIB,OV90,-4.132352446,0,0
10866,METHOTREXATE,DINACICLIB,OVCAR3,-17.7021981,0,0
10867,METHOTREXATE,DINACICLIB,PA1,-30.39064892,0,0
10868,METHOTREXATE,DINACICLIB,RKO,-11.61599307,0,0
10869,METHOTREXATE,DINACICLIB,RPMI7951,-5.174889393,0,0
10870,METHOTREXATE,DINACICLIB,SKMEL30,-8.22179839,0,0
10871,METHOTREXATE,DINACICLIB,SKMES1,-4.337518716,0,0
10872,METHOTREXATE,DINACICLIB,SKOV3,-6.779404332,0,0
10873,METHOTREXATE,DINACICLIB,SW620,-12.67622232,0,0
10874,METHOTREXATE,DINACICLIB,SW837,-5.521070602,0,0
10875,METHOTREXATE,DINACICLIB,T47D,-25.36621389,0,0
10876,METHOTREXATE,DINACICLIB,UACC62,-5.336732095,0,0
10877,METHOTREXATE,DINACICLIB,UWB1289,-8.106426403,0,0
10878,METHOTREXATE,DINACICLIB,UWB1289BRCA1,-11.94312092,0,0
10879,METHOTREXATE,DINACICLIB,VCAP,-18.71590479,0,0
10880,METHOTREXATE,DINACICLIB,ZR751,-8.314448418,0,0
10881,METHOTREXATE,ERLOTINIB,A2058,-7.975537017,2,0
10882,METHOTREXATE,ERLOTINIB,A2780,-3.936097748,2,0
10883,METHOTREXATE,ERLOTINIB,A375,22.87172523,2,1
10884,METHOTREXATE,ERLOTINIB,A427,13.48621872,2,1
10885,METHOTREXATE,ERLOTINIB,CAOV3,-23.4980577,2,0
10887,METHOTREXATE,ERLOTINIB,DLD1,-7.827784359,2,0
10889,METHOTREXATE,ERLOTINIB,ES2,22.05903304,2,1
10890,METHOTREXATE,ERLOTINIB,HCT116,-17.90981756,2,0
10891,METHOTREXATE,ERLOTINIB,HT144,-2.545984609,2,0
10892,METHOTREXATE,ERLOTINIB,HT29,-1.168374116,2,0
10894,METHOTREXATE,ERLOTINIB,LNCAP,11.86182399,2,1
10895,METHOTREXATE,ERLOTINIB,LOVO,-1.960145554,2,0
10898,METHOTREXATE,ERLOTINIB,NCIH1650,-6.9036946,2,0
10899,METHOTREXATE,ERLOTINIB,NCIH2122,-0.018158393,2,0
10901,METHOTREXATE,ERLOTINIB,NCIH460,-16.12337613,2,0
10902,METHOTREXATE,ERLOTINIB,NCIH520,-3.529676786,2,0
10903,METHOTREXATE,ERLOTINIB,OCUBM,-1.448137955,2,0
10904,METHOTREXATE,ERLOTINIB,OV90,11.26981155,2,1
10905,METHOTREXATE,ERLOTINIB,OVCAR3,-35.74415604,2,0
10906,METHOTREXATE,ERLOTINIB,PA1,-30.00556544,2,0
10907,METHOTREXATE,ERLOTINIB,RKO,-7.194164284,2,0
10908,METHOTREXATE,ERLOTINIB,RPMI7951,-1.02661099,2,0
10909,METHOTREXATE,ERLOTINIB,SKMEL30,-0.557822297,2,0
10910,METHOTREXATE,ERLOTINIB,SKMES1,-3.703172573,2,0
10914,METHOTREXATE,ERLOTINIB,T47D,-16.00668607,2,0
10916,METHOTREXATE,ERLOTINIB,UWB1289,-18.03487663,2,0
10917,METHOTREXATE,ERLOTINIB,UWB1289BRCA1,-17.83754807,2,0
10918,METHOTREXATE,ERLOTINIB,VCAP,10.67712152,2,1
10919,METHOTREXATE,ERLOTINIB,ZR751,-8.751963613,2,0
10920,METHOTREXATE,GELDANAMYCIN,A2058,-44.18515593,0,0
10921,METHOTREXATE,GELDANAMYCIN,A2780,-21.07951982,0,0
10922,METHOTREXATE,GELDANAMYCIN,A375,-3.501608476,0,0
10923,METHOTREXATE,GELDANAMYCIN,A427,-11.16572821,0,0
10924,METHOTREXATE,GELDANAMYCIN,CAOV3,-16.71346999,0,0
10926,METHOTREXATE,GELDANAMYCIN,DLD1,-5.338299708,0,0
10927,METHOTREXATE,GELDANAMYCIN,EFM192B,-0.71530023,0,0
10928,METHOTREXATE,GELDANAMYCIN,ES2,-2.760047439,0,0
10929,METHOTREXATE,GELDANAMYCIN,HCT116,-49.42810413,0,0
10930,METHOTREXATE,GELDANAMYCIN,HT144,-2.942101696,0,0
10931,METHOTREXATE,GELDANAMYCIN,HT29,-9.572354788,0,0
10932,METHOTREXATE,GELDANAMYCIN,KPL1,-29.90598895,0,0
10934,METHOTREXATE,GELDANAMYCIN,LOVO,-5.997125214,0,0
10935,METHOTREXATE,GELDANAMYCIN,MDAMB436,-11.29759903,0,0
10936,METHOTREXATE,GELDANAMYCIN,MSTO,-37.36078315,0,0
10937,METHOTREXATE,GELDANAMYCIN,NCIH1650,-14.6184651,0,0
10938,METHOTREXATE,GELDANAMYCIN,NCIH2122,-17.64561035,0,0
10939,METHOTREXATE,GELDANAMYCIN,NCIH23,-33.84375306,0,0
10940,METHOTREXATE,GELDANAMYCIN,NCIH460,-39.70587496,0,0
10941,METHOTREXATE,GELDANAMYCIN,NCIH520,-16.32603476,0,0
10943,METHOTREXATE,GELDANAMYCIN,OV90,-2.629742435,0,0
10944,METHOTREXATE,GELDANAMYCIN,OVCAR3,-39.03795705,0,0
10945,METHOTREXATE,GELDANAMYCIN,PA1,-21.62002905,0,0
10946,METHOTREXATE,GELDANAMYCIN,RKO,-29.27795159,0,0
10947,METHOTREXATE,GELDANAMYCIN,RPMI7951,-18.53390009,0,0
10949,METHOTREXATE,GELDANAMYCIN,SKMES1,-19.62939942,0,0
10950,METHOTREXATE,GELDANAMYCIN,SKOV3,-5.18929341,0,0
10951,METHOTREXATE,GELDANAMYCIN,SW620,-26.09948733,0,0
10952,METHOTREXATE,GELDANAMYCIN,SW837,-0.012863251,0,0
10953,METHOTREXATE,GELDANAMYCIN,T47D,-23.87788965,0,0
10954,METHOTREXATE,GELDANAMYCIN,UACC62,-21.02512717,0,0
10955,METHOTREXATE,GELDANAMYCIN,UWB1289,-9.53210747,0,0
10956,METHOTREXATE,GELDANAMYCIN,UWB1289BRCA1,-19.56759262,0,0
10957,METHOTREXATE,GELDANAMYCIN,VCAP,-13.78559857,0,0
10958,METHOTREXATE,GELDANAMYCIN,ZR751,-26.00808283,0,0
10959,METHOTREXATE,L778123,A2058,-13.84771181,2,0
10960,METHOTREXATE,L778123,A2780,-5.601141825,2,0
10961,METHOTREXATE,L778123,A375,-7.651290567,2,0
10962,METHOTREXATE,L778123,A427,10.7723297,2,1
10963,METHOTREXATE,L778123,CAOV3,-4.925160739,2,0
10964,METHOTREXATE,L778123,COLO320DM,-0.148419427,2,0
10966,METHOTREXATE,L778123,EFM192B,-5.735811723,2,0
10967,METHOTREXATE,L778123,ES2,-10.09575907,2,0
10968,METHOTREXATE,L778123,HCT116,-16.09695281,2,0
10969,METHOTREXATE,L778123,HT144,-3.105971225,2,0
10970,METHOTREXATE,L778123,HT29,-5.75513418,2,0
10971,METHOTREXATE,L778123,KPL1,-17.57233522,2,0
10972,METHOTREXATE,L778123,LNCAP,-14.71654382,2,0
10973,METHOTREXATE,L778123,LOVO,-3.976776191,2,0
10974,METHOTREXATE,L778123,MDAMB436,-1.905328289,2,0
10975,METHOTREXATE,L778123,MSTO,-15.04663061,2,0
10976,METHOTREXATE,L778123,NCIH1650,-9.818025543,2,0
10977,METHOTREXATE,L778123,NCIH2122,-13.5456963,2,0
10978,METHOTREXATE,L778123,NCIH23,-10.00780232,2,0
10979,METHOTREXATE,L778123,NCIH460,-18.12480133,2,0
10980,METHOTREXATE,L778123,NCIH520,-4.503716123,2,0
10983,METHOTREXATE,L778123,OVCAR3,-22.37179859,2,0
10984,METHOTREXATE,L778123,PA1,-18.93924356,2,0
10985,METHOTREXATE,L778123,RKO,-14.04724001,2,0
10986,METHOTREXATE,L778123,RPMI7951,-10.55791119,2,0
10987,METHOTREXATE,L778123,SKMEL30,-6.309349426,2,0
10988,METHOTREXATE,L778123,SKMES1,-5.055415289,2,0
10990,METHOTREXATE,L778123,SW620,-1.989747291,2,0
10992,METHOTREXATE,L778123,T47D,-24.69357717,2,0
10993,METHOTREXATE,L778123,UACC62,-7.326773571,2,0
10994,METHOTREXATE,L778123,UWB1289,-0.5146256,2,0
10995,METHOTREXATE,L778123,UWB1289BRCA1,-2.053711524,2,0
10996,METHOTREXATE,L778123,VCAP,-20.71818056,2,0
10997,METHOTREXATE,L778123,ZR751,-14.89736403,2,0
10998,METHOTREXATE,LAPATINIB,A2058,-15.23182839,0,0
10999,METHOTREXATE,LAPATINIB,A2780,-3.609343196,0,0
11000,METHOTREXATE,LAPATINIB,A375,14.40611971,0,1
11002,METHOTREXATE,LAPATINIB,CAOV3,-18.76535928,0,0
11003,METHOTREXATE,LAPATINIB,COLO320DM,-6.119204312,0,0
11005,METHOTREXATE,LAPATINIB,EFM192B,-5.494639741,0,0
11006,METHOTREXATE,LAPATINIB,ES2,26.63035917,0,1
11007,METHOTREXATE,LAPATINIB,HCT116,-21.09596403,0,0
11008,METHOTREXATE,LAPATINIB,HT144,-1.24593198,0,0
11009,METHOTREXATE,LAPATINIB,HT29,-1.489594925,0,0
11010,METHOTREXATE,LAPATINIB,KPL1,-17.16519062,0,0
11011,METHOTREXATE,LAPATINIB,LNCAP,13.75873418,0,1
11014,METHOTREXATE,LAPATINIB,MSTO,-2.399747544,0,0
11015,METHOTREXATE,LAPATINIB,NCIH1650,-11.14740855,0,0
11016,METHOTREXATE,LAPATINIB,NCIH2122,-1.408852264,0,0
11017,METHOTREXATE,LAPATINIB,NCIH23,-10.46864132,0,0
11018,METHOTREXATE,LAPATINIB,NCIH460,-19.12905415,0,0
11019,METHOTREXATE,LAPATINIB,NCIH520,-16.52787565,0,0
11020,METHOTREXATE,LAPATINIB,OCUBM,-7.777131591,0,0
11022,METHOTREXATE,LAPATINIB,OVCAR3,-36.03218374,0,0
11023,METHOTREXATE,LAPATINIB,PA1,-24.4744994,0,0
11024,METHOTREXATE,LAPATINIB,RKO,-15.48116337,0,0
11027,METHOTREXATE,LAPATINIB,SKMES1,-2.422142893,0,0
11031,METHOTREXATE,LAPATINIB,T47D,-5.786565321,0,0
11032,METHOTREXATE,LAPATINIB,UACC62,10.20428231,0,1
11033,METHOTREXATE,LAPATINIB,UWB1289,-11.03058551,0,0
11034,METHOTREXATE,LAPATINIB,UWB1289BRCA1,-10.92097156,0,0
11036,METHOTREXATE,LAPATINIB,ZR751,-21.39017514,0,0
11037,METHOTREXATE,MK-2206,A2058,-11.89008748,1,0
11038,METHOTREXATE,MK-2206,A2780,-0.892799528,1,0
11040,METHOTREXATE,MK-2206,A427,20.79890775,1,1
11041,METHOTREXATE,MK-2206,CAOV3,19.10442966,1,1
11042,METHOTREXATE,MK-2206,COLO320DM,15.18768115,1,1
11044,METHOTREXATE,MK-2206,EFM192B,-9.260611005,1,0
11045,METHOTREXATE,MK-2206,ES2,21.78281221,1,1
11046,METHOTREXATE,MK-2206,HCT116,-19.1665728,1,0
11047,METHOTREXATE,MK-2206,HT144,12.39353008,1,1
11049,METHOTREXATE,MK-2206,KPL1,-6.633023744,1,0
11050,METHOTREXATE,MK-2206,LNCAP,-8.945319726,1,0
11051,METHOTREXATE,MK-2206,LOVO,-6.344415958,1,0
11053,METHOTREXATE,MK-2206,MSTO,-15.34211611,1,0
11055,METHOTREXATE,MK-2206,NCIH2122,-3.520805436,1,0
11056,METHOTREXATE,MK-2206,NCIH23,-5.176210233,1,0
11057,METHOTREXATE,MK-2206,NCIH460,-21.21014036,1,0
11058,METHOTREXATE,MK-2206,NCIH520,-12.85406525,1,0
11059,METHOTREXATE,MK-2206,OCUBM,-12.31352093,1,0
11060,METHOTREXATE,MK-2206,OV90,-1.196124891,1,0
11061,METHOTREXATE,MK-2206,OVCAR3,-37.91312295,1,0
11062,METHOTREXATE,MK-2206,PA1,-17.60565425,1,0
11063,METHOTREXATE,MK-2206,RKO,-17.77559673,1,0
11064,METHOTREXATE,MK-2206,RPMI7951,-14.10145956,1,0
11065,METHOTREXATE,MK-2206,SKMEL30,25.23459693,1,1
11070,METHOTREXATE,MK-2206,T47D,-15.26166404,1,0
11071,METHOTREXATE,MK-2206,UACC62,13.12282483,1,1
11073,METHOTREXATE,MK-2206,UWB1289BRCA1,-2.344582311,1,0
11074,METHOTREXATE,MK-2206,VCAP,-24.84040985,1,0
11075,METHOTREXATE,MK-2206,ZR751,-15.84614561,1,0
11076,METHOTREXATE,MK-4827,A2058,-25.77083095,0,0
11077,METHOTREXATE,MK-4827,A2780,-8.901677252,0,0
11078,METHOTREXATE,MK-4827,A375,-10.40122128,0,0
11079,METHOTREXATE,MK-4827,A427,16.47744962,0,1
11080,METHOTREXATE,MK-4827,CAOV3,-12.55773895,0,0
11081,METHOTREXATE,MK-4827,COLO320DM,-1.694006455,0,0
11084,METHOTREXATE,MK-4827,ES2,-7.601468531,0,0
11085,METHOTREXATE,MK-4827,HCT116,-26.4602113,0,0
11086,METHOTREXATE,MK-4827,HT144,-5.988838903,0,0
11087,METHOTREXATE,MK-4827,HT29,-2.456350514,0,0
11088,METHOTREXATE,MK-4827,KPL1,-17.23660938,0,0
11089,METHOTREXATE,MK-4827,LNCAP,-30.02924628,0,0
11090,METHOTREXATE,MK-4827,LOVO,-7.987242446,0,0
11091,METHOTREXATE,MK-4827,MDAMB436,-1.187937527,0,0
11092,METHOTREXATE,MK-4827,MSTO,-23.78992633,0,0
11093,METHOTREXATE,MK-4827,NCIH1650,-1.344416476,0,0
11095,METHOTREXATE,MK-4827,NCIH23,-13.42669078,0,0
11096,METHOTREXATE,MK-4827,NCIH460,-15.38289385,0,0
11097,METHOTREXATE,MK-4827,NCIH520,-21.2006967,0,0
11099,METHOTREXATE,MK-4827,OV90,-7.481477437,0,0
11100,METHOTREXATE,MK-4827,OVCAR3,-20.28744516,0,0
11101,METHOTREXATE,MK-4827,PA1,-29.84050254,0,0
11102,METHOTREXATE,MK-4827,RKO,-22.26111925,0,0
11104,METHOTREXATE,MK-4827,SKMEL30,-16.18764437,0,0
11105,METHOTREXATE,MK-4827,SKMES1,-2.248465996,0,0
11107,METHOTREXATE,MK-4827,SW620,-11.41188943,0,0
11108,METHOTREXATE,MK-4827,SW837,-7.737208927,0,0
11109,METHOTREXATE,MK-4827,T47D,-6.913793863,0,0
11110,METHOTREXATE,MK-4827,UACC62,-8.308194875,0,0
11113,METHOTREXATE,MK-4827,VCAP,-9.904866439,0,0
11114,METHOTREXATE,MK-4827,ZR751,-12.76752259,0,0
11115,METHOTREXATE,MK-5108,A2058,-22.64513057,0,0
11116,METHOTREXATE,MK-5108,A2780,-8.739816621,0,0
11117,METHOTREXATE,MK-5108,A375,-0.785147621,0,0
11119,METHOTREXATE,MK-5108,CAOV3,-3.653315179,0,0
11121,METHOTREXATE,MK-5108,DLD1,-2.600496796,0,0
11122,METHOTREXATE,MK-5108,EFM192B,-8.815878598,0,0
11123,METHOTREXATE,MK-5108,ES2,-4.913414494,0,0
11124,METHOTREXATE,MK-5108,HCT116,-16.7084026,0,0
11125,METHOTREXATE,MK-5108,HT144,-7.349696025,0,0
11126,METHOTREXATE,MK-5108,HT29,-4.677482627,0,0
11127,METHOTREXATE,MK-5108,KPL1,-16.33137976,0,0
11128,METHOTREXATE,MK-5108,LNCAP,-29.36170229,0,0
11129,METHOTREXATE,MK-5108,LOVO,-15.79526144,0,0
11131,METHOTREXATE,MK-5108,MSTO,-12.79248306,0,0
11132,METHOTREXATE,MK-5108,NCIH1650,-5.826408808,0,0
11133,METHOTREXATE,MK-5108,NCIH2122,-6.557209247,0,0
11134,METHOTREXATE,MK-5108,NCIH23,-10.98470425,0,0
11135,METHOTREXATE,MK-5108,NCIH460,-39.39955611,0,0
11136,METHOTREXATE,MK-5108,NCIH520,-14.34791926,0,0
11137,METHOTREXATE,MK-5108,OCUBM,-8.150284828,0,0
11139,METHOTREXATE,MK-5108,OVCAR3,-36.02656343,0,0
11140,METHOTREXATE,MK-5108,PA1,-29.22065381,0,0
11141,METHOTREXATE,MK-5108,RKO,-19.90048731,0,0
11142,METHOTREXATE,MK-5108,RPMI7951,-11.67215194,0,0
11144,METHOTREXATE,MK-5108,SKMES1,-7.506174064,0,0
11146,METHOTREXATE,MK-5108,SW620,-3.174639353,0,0
11147,METHOTREXATE,MK-5108,SW837,-7.575962707,0,0
11149,METHOTREXATE,MK-5108,UACC62,-6.309057908,0,0
11152,METHOTREXATE,MK-5108,VCAP,-22.0539202,0,0
11153,METHOTREXATE,MK-5108,ZR751,-18.65314763,0,0
11154,METHOTREXATE,MK-8669,A2058,-21.66906573,0,0
11155,METHOTREXATE,MK-8669,A2780,-11.29365616,0,0
11156,METHOTREXATE,MK-8669,A375,-15.56543955,0,0
11157,METHOTREXATE,MK-8669,A427,21.96323406,0,1
11158,METHOTREXATE,MK-8669,CAOV3,-2.140574337,0,0
11160,METHOTREXATE,MK-8669,DLD1,-2.606550934,0,0
11161,METHOTREXATE,MK-8669,EFM192B,14.81466031,0,1
11162,METHOTREXATE,MK-8669,ES2,-5.475801931,0,0
11163,METHOTREXATE,MK-8669,HCT116,-25.58100925,0,0
11165,METHOTREXATE,MK-8669,HT29,-2.024703769,0,0
11166,METHOTREXATE,MK-8669,KPL1,-1.199721312,0,0
11167,METHOTREXATE,MK-8669,LNCAP,-13.56511235,0,0
11168,METHOTREXATE,MK-8669,LOVO,-4.623336845,0,0
11169,METHOTREXATE,MK-8669,MDAMB436,-10.76644461,0,0
11170,METHOTREXATE,MK-8669,MSTO,-23.51374829,0,0
11171,METHOTREXATE,MK-8669,NCIH1650,-3.728623322,0,0
11172,METHOTREXATE,MK-8669,NCIH2122,-1.43051643,0,0
11173,METHOTREXATE,MK-8669,NCIH23,-15.00717349,0,0
11174,METHOTREXATE,MK-8669,NCIH460,-11.0543023,0,0
11175,METHOTREXATE,MK-8669,NCIH520,-7.424101599,0,0
11176,METHOTREXATE,MK-8669,OCUBM,-12.81720011,0,0
11177,METHOTREXATE,MK-8669,OV90,-0.087903118,0,0
11178,METHOTREXATE,MK-8669,OVCAR3,-44.12945079,0,0
11179,METHOTREXATE,MK-8669,PA1,-18.22794903,0,0
11180,METHOTREXATE,MK-8669,RKO,-25.07276741,0,0
11181,METHOTREXATE,MK-8669,RPMI7951,-33.25390716,0,0
11182,METHOTREXATE,MK-8669,SKMEL30,23.16908422,0,1
11183,METHOTREXATE,MK-8669,SKMES1,-6.01954987,0,0
11185,METHOTREXATE,MK-8669,SW620,-4.19578072,0,0
11187,METHOTREXATE,MK-8669,T47D,-20.05299688,0,0
11189,METHOTREXATE,MK-8669,UWB1289,-3.832969352,0,0
11190,METHOTREXATE,MK-8669,UWB1289BRCA1,-8.99808106,0,0
11191,METHOTREXATE,MK-8669,VCAP,-12.34087865,0,0
11192,METHOTREXATE,MK-8669,ZR751,-19.54908972,0,0
11193,METHOTREXATE,MK-8776,A2058,-10.82459377,1,0
11194,METHOTREXATE,MK-8776,A2780,-1.026379236,1,0
11195,METHOTREXATE,MK-8776,A375,21.71829859,1,1
11197,METHOTREXATE,MK-8776,CAOV3,-1.024761832,1,0
11198,METHOTREXATE,MK-8776,COLO320DM,-5.626797744,1,0
11201,METHOTREXATE,MK-8776,ES2,-2.734783945,1,0
11202,METHOTREXATE,MK-8776,HCT116,-22.78299422,1,0
11204,METHOTREXATE,MK-8776,HT29,-15.64250491,1,0
11205,METHOTREXATE,MK-8776,KPL1,-15.60949767,1,0
11206,METHOTREXATE,MK-8776,LNCAP,-17.32791323,1,0
11209,METHOTREXATE,MK-8776,MSTO,-14.4594285,1,0
11210,METHOTREXATE,MK-8776,NCIH1650,-5.13781303,1,0
11211,METHOTREXATE,MK-8776,NCIH2122,-7.617320126,1,0
11212,METHOTREXATE,MK-8776,NCIH23,-10.3582365,1,0
11213,METHOTREXATE,MK-8776,NCIH460,-6.467093024,1,0
11214,METHOTREXATE,MK-8776,NCIH520,-11.52382182,1,0
11216,METHOTREXATE,MK-8776,OV90,11.41738801,1,1
11217,METHOTREXATE,MK-8776,OVCAR3,-23.72115882,1,0
11218,METHOTREXATE,MK-8776,PA1,-19.9938732,1,0
11219,METHOTREXATE,MK-8776,RKO,-15.71573371,1,0
11220,METHOTREXATE,MK-8776,RPMI7951,-13.10079255,1,0
11222,METHOTREXATE,MK-8776,SKMES1,-16.42731554,1,0
11225,METHOTREXATE,MK-8776,SW837,-23.83050998,1,0
11226,METHOTREXATE,MK-8776,T47D,-40.17065284,1,0
11227,METHOTREXATE,MK-8776,UACC62,-1.555101068,1,0
11228,METHOTREXATE,MK-8776,UWB1289,-6.632507173,1,0
11229,METHOTREXATE,MK-8776,UWB1289BRCA1,-23.20157488,1,0
11230,METHOTREXATE,MK-8776,VCAP,-24.3180062,1,0
11231,METHOTREXATE,MK-8776,ZR751,-20.98974582,1,0
11232,METHOTREXATE,PD325901,A2058,-19.38027871,4,0
11233,METHOTREXATE,PD325901,A2780,-8.914021624,4,0
11234,METHOTREXATE,PD325901,A375,-6.631839446,4,0
11235,METHOTREXATE,PD325901,A427,11.4858558,4,1
11236,METHOTREXATE,PD325901,CAOV3,-0.721724312,4,0
11239,METHOTREXATE,PD325901,EFM192B,19.24377644,4,1
11240,METHOTREXATE,PD325901,ES2,-11.41722079,4,0
11241,METHOTREXATE,PD325901,HCT116,-28.24807878,4,0
11243,METHOTREXATE,PD325901,HT29,-11.81256221,4,0
11244,METHOTREXATE,PD325901,KPL1,-0.241121612,4,0
11245,METHOTREXATE,PD325901,LNCAP,-11.13636331,4,0
11246,METHOTREXATE,PD325901,LOVO,-11.54436348,4,0
11247,METHOTREXATE,PD325901,MDAMB436,-1.774970049,4,0
11248,METHOTREXATE,PD325901,MSTO,-13.0519968,4,0
11249,METHOTREXATE,PD325901,NCIH1650,-3.551375971,4,0
11250,METHOTREXATE,PD325901,NCIH2122,-2.111996235,4,0
11251,METHOTREXATE,PD325901,NCIH23,-7.422561299,4,0
11252,METHOTREXATE,PD325901,NCIH460,-22.3243714,4,0
11253,METHOTREXATE,PD325901,NCIH520,-1.356749464,4,0
11254,METHOTREXATE,PD325901,OCUBM,15.73711386,4,1
11255,METHOTREXATE,PD325901,OV90,-3.117623101,4,0
11256,METHOTREXATE,PD325901,OVCAR3,-27.62275041,4,0
11257,METHOTREXATE,PD325901,PA1,-18.950307,4,0
11258,METHOTREXATE,PD325901,RKO,-26.86261098,4,0
11259,METHOTREXATE,PD325901,RPMI7951,-23.67247034,4,0
11260,METHOTREXATE,PD325901,SKMEL30,-8.443924507,4,0
11261,METHOTREXATE,PD325901,SKMES1,-2.806755873,4,0
11262,METHOTREXATE,PD325901,SKOV3,-0.22911954,4,0
11263,METHOTREXATE,PD325901,SW620,-16.05748437,4,0
11265,METHOTREXATE,PD325901,T47D,-10.52128058,4,0
11266,METHOTREXATE,PD325901,UACC62,-15.10373388,4,0
11267,METHOTREXATE,PD325901,UWB1289,-8.109640349,4,0
11268,METHOTREXATE,PD325901,UWB1289BRCA1,-7.076738361,4,0
11270,METHOTREXATE,PD325901,ZR751,-14.25895131,4,0
11271,METHOTREXATE,SORAFENIB,A2058,-10.32858962,3,0
11272,METHOTREXATE,SORAFENIB,A2780,-5.747281962,3,0
11273,METHOTREXATE,SORAFENIB,A375,-5.534227218,3,0
11274,METHOTREXATE,SORAFENIB,A427,-6.166366464,3,0
11275,METHOTREXATE,SORAFENIB,CAOV3,-15.37338251,3,0
11276,METHOTREXATE,SORAFENIB,COLO320DM,-6.562908691,3,0
11277,METHOTREXATE,SORAFENIB,DLD1,-1.530525847,3,0
11278,METHOTREXATE,SORAFENIB,EFM192B,-9.628890252,3,0
11279,METHOTREXATE,SORAFENIB,ES2,-6.678892664,3,0
11280,METHOTREXATE,SORAFENIB,HCT116,-17.03053188,3,0
11282,METHOTREXATE,SORAFENIB,HT29,-6.530309933,3,0
11283,METHOTREXATE,SORAFENIB,KPL1,-12.80807153,3,0
11284,METHOTREXATE,SORAFENIB,LNCAP,-8.470388805,3,0
11286,METHOTREXATE,SORAFENIB,MDAMB436,-2.153992789,3,0
11287,METHOTREXATE,SORAFENIB,MSTO,-13.03037032,3,0
11288,METHOTREXATE,SORAFENIB,NCIH1650,-8.241902584,3,0
11289,METHOTREXATE,SORAFENIB,NCIH2122,-6.963778665,3,0
11290,METHOTREXATE,SORAFENIB,NCIH23,-8.880486582,3,0
11291,METHOTREXATE,SORAFENIB,NCIH460,-14.80451543,3,0
11292,METHOTREXATE,SORAFENIB,NCIH520,-9.42254569,3,0
11293,METHOTREXATE,SORAFENIB,OCUBM,-5.023468619,3,0
11294,METHOTREXATE,SORAFENIB,OV90,-0.512053884,3,0
11295,METHOTREXATE,SORAFENIB,OVCAR3,-26.5596588,3,0
11296,METHOTREXATE,SORAFENIB,PA1,-11.43831526,3,0
11297,METHOTREXATE,SORAFENIB,RKO,-10.97828721,3,0
11298,METHOTREXATE,SORAFENIB,RPMI7951,-9.910346407,3,0
11299,METHOTREXATE,SORAFENIB,SKMEL30,-20.92983857,3,0
11300,METHOTREXATE,SORAFENIB,SKMES1,-4.166770694,3,0
11301,METHOTREXATE,SORAFENIB,SKOV3,15.65484168,3,1
11302,METHOTREXATE,SORAFENIB,SW620,-5.248786244,3,0
11303,METHOTREXATE,SORAFENIB,SW837,-2.454895143,3,0
11304,METHOTREXATE,SORAFENIB,T47D,-13.62342347,3,0
11305,METHOTREXATE,SORAFENIB,UACC62,-6.095196056,3,0
11306,METHOTREXATE,SORAFENIB,UWB1289,-7.584179789,3,0
11307,METHOTREXATE,SORAFENIB,UWB1289BRCA1,-10.93113992,3,0
11308,METHOTREXATE,SORAFENIB,VCAP,-10.78044433,3,0
11309,METHOTREXATE,SORAFENIB,ZR751,-13.77416668,3,0
11310,METHOTREXATE,SUNITINIB,A2058,-14.35651076,0,0
11311,METHOTREXATE,SUNITINIB,A2780,-8.914358743,0,0
11312,METHOTREXATE,SUNITINIB,A375,-11.79662018,0,0
11313,METHOTREXATE,SUNITINIB,A427,-11.17787683,0,0
11314,METHOTREXATE,SUNITINIB,CAOV3,-13.28428266,0,0
11315,METHOTREXATE,SUNITINIB,COLO320DM,-7.855086349,0,0
11316,METHOTREXATE,SUNITINIB,DLD1,-10.3117504,0,0
11318,METHOTREXATE,SUNITINIB,ES2,-1.977805269,0,0
11319,METHOTREXATE,SUNITINIB,HCT116,-23.43372074,0,0
11320,METHOTREXATE,SUNITINIB,HT144,-2.878296152,0,0
11321,METHOTREXATE,SUNITINIB,HT29,-12.26749867,0,0
11322,METHOTREXATE,SUNITINIB,KPL1,-12.60925887,0,0
11323,METHOTREXATE,SUNITINIB,LNCAP,-9.92236147,0,0
11324,METHOTREXATE,SUNITINIB,LOVO,-1.031290676,0,0
11325,METHOTREXATE,SUNITINIB,MDAMB436,-9.348887504,0,0
11326,METHOTREXATE,SUNITINIB,MSTO,-21.25303017,0,0
11327,METHOTREXATE,SUNITINIB,NCIH1650,-6.037105468,0,0
11328,METHOTREXATE,SUNITINIB,NCIH2122,-7.990593409,0,0
11329,METHOTREXATE,SUNITINIB,NCIH23,-17.93498954,0,0
11330,METHOTREXATE,SUNITINIB,NCIH460,-15.25979172,0,0
11331,METHOTREXATE,SUNITINIB,NCIH520,-15.6273466,0,0
11332,METHOTREXATE,SUNITINIB,OCUBM,-2.919815747,0,0
11333,METHOTREXATE,SUNITINIB,OV90,-7.623451233,0,0
11334,METHOTREXATE,SUNITINIB,OVCAR3,-16.35123107,0,0
11335,METHOTREXATE,SUNITINIB,PA1,-21.04320889,0,0
11336,METHOTREXATE,SUNITINIB,RKO,-17.71620688,0,0
11337,METHOTREXATE,SUNITINIB,RPMI7951,-10.91508031,0,0
11338,METHOTREXATE,SUNITINIB,SKMEL30,-14.39924506,0,0
11339,METHOTREXATE,SUNITINIB,SKMES1,-21.39355787,0,0
11341,METHOTREXATE,SUNITINIB,SW620,-16.17773012,0,0
11342,METHOTREXATE,SUNITINIB,SW837,-14.18103886,0,0
11343,METHOTREXATE,SUNITINIB,T47D,-17.10641241,0,0
11344,METHOTREXATE,SUNITINIB,UACC62,-8.134337499,0,0
11345,METHOTREXATE,SUNITINIB,UWB1289,-1.082453494,0,0
11346,METHOTREXATE,SUNITINIB,UWB1289BRCA1,-4.942524703,0,0
11347,METHOTREXATE,SUNITINIB,VCAP,-17.16750466,0,0
11348,METHOTREXATE,SUNITINIB,ZR751,-15.34042034,0,0
11349,METHOTREXATE,TEMOZOLOMIDE,A2058,-41.22732503,3,0
11350,METHOTREXATE,TEMOZOLOMIDE,A2780,-0.539855345,3,0
11351,METHOTREXATE,TEMOZOLOMIDE,A375,-16.05723943,3,0
11352,METHOTREXATE,TEMOZOLOMIDE,A427,-12.89811972,3,0
11353,METHOTREXATE,TEMOZOLOMIDE,CAOV3,-40.82505066,3,0
11354,METHOTREXATE,TEMOZOLOMIDE,COLO320DM,-18.56455996,3,0
11355,METHOTREXATE,TEMOZOLOMIDE,DLD1,-3.989885215,3,0
11356,METHOTREXATE,TEMOZOLOMIDE,EFM192B,-9.552468481,3,0
11357,METHOTREXATE,TEMOZOLOMIDE,ES2,-12.59259402,3,0
11358,METHOTREXATE,TEMOZOLOMIDE,HCT116,-39.83946789,3,0
11359,METHOTREXATE,TEMOZOLOMIDE,HT144,-11.56125021,3,0
11360,METHOTREXATE,TEMOZOLOMIDE,HT29,-12.95499924,3,0
11361,METHOTREXATE,TEMOZOLOMIDE,KPL1,-24.067175,3,0
11362,METHOTREXATE,TEMOZOLOMIDE,LNCAP,-21.34879819,3,0
11363,METHOTREXATE,TEMOZOLOMIDE,LOVO,-4.572229584,3,0
11364,METHOTREXATE,TEMOZOLOMIDE,MDAMB436,-7.236724805,3,0
11365,METHOTREXATE,TEMOZOLOMIDE,MSTO,-35.68618452,3,0
11366,METHOTREXATE,TEMOZOLOMIDE,NCIH1650,-12.29369421,3,0
11367,METHOTREXATE,TEMOZOLOMIDE,NCIH2122,-4.23498298,3,0
11368,METHOTREXATE,TEMOZOLOMIDE,NCIH23,-18.38556703,3,0
11369,METHOTREXATE,TEMOZOLOMIDE,NCIH460,-27.21912378,3,0
11370,METHOTREXATE,TEMOZOLOMIDE,NCIH520,-13.32957616,3,0
11371,METHOTREXATE,TEMOZOLOMIDE,OCUBM,-1.205439032,3,0
11373,METHOTREXATE,TEMOZOLOMIDE,OVCAR3,-22.98300094,3,0
11374,METHOTREXATE,TEMOZOLOMIDE,PA1,-35.93598667,3,0
11375,METHOTREXATE,TEMOZOLOMIDE,RKO,-31.06065792,3,0
11376,METHOTREXATE,TEMOZOLOMIDE,RPMI7951,-11.75732633,3,0
11378,METHOTREXATE,TEMOZOLOMIDE,SKMES1,-32.46028256,3,0
11379,METHOTREXATE,TEMOZOLOMIDE,SKOV3,-16.13029928,3,0
11380,METHOTREXATE,TEMOZOLOMIDE,SW620,-25.25427338,3,0
11381,METHOTREXATE,TEMOZOLOMIDE,SW837,-38.66983537,3,0
11382,METHOTREXATE,TEMOZOLOMIDE,T47D,-70.76787863,3,0
11383,METHOTREXATE,TEMOZOLOMIDE,UACC62,-11.39702787,3,0
11384,METHOTREXATE,TEMOZOLOMIDE,UWB1289,-11.1128735,3,0
11385,METHOTREXATE,TEMOZOLOMIDE,UWB1289BRCA1,-8.778685675,3,0
11386,METHOTREXATE,TEMOZOLOMIDE,VCAP,-44.02277073,3,0
11387,METHOTREXATE,TEMOZOLOMIDE,ZR751,-65.91974352,3,0
11388,METHOTREXATE,ZOLINZA,A2058,-33.78337564,0,0
11389,METHOTREXATE,ZOLINZA,A2780,-21.12773956,0,0
11390,METHOTREXATE,ZOLINZA,A375,-28.85524056,0,0
11391,METHOTREXATE,ZOLINZA,A427,-6.523882613,0,0
11392,METHOTREXATE,ZOLINZA,CAOV3,-18.97072197,0,0
11393,METHOTREXATE,ZOLINZA,COLO320DM,-14.45241321,0,0
11394,METHOTREXATE,ZOLINZA,DLD1,-25.24351095,0,0
11395,METHOTREXATE,ZOLINZA,EFM192B,-2.936337298,0,0
11396,METHOTREXATE,ZOLINZA,ES2,-17.13016436,0,0
11397,METHOTREXATE,ZOLINZA,HCT116,-33.73298708,0,0
11398,METHOTREXATE,ZOLINZA,HT144,-5.870905196,0,0
11399,METHOTREXATE,ZOLINZA,HT29,-16.48088156,0,0
11400,METHOTREXATE,ZOLINZA,KPL1,-30.80343959,0,0
11401,METHOTREXATE,ZOLINZA,LNCAP,-10.09896147,0,0
11402,METHOTREXATE,ZOLINZA,LOVO,-3.45291067,0,0
11403,METHOTREXATE,ZOLINZA,MDAMB436,-6.679123546,0,0
11404,METHOTREXATE,ZOLINZA,MSTO,-4.911392228,0,0
11405,METHOTREXATE,ZOLINZA,NCIH1650,-12.66390756,0,0
11406,METHOTREXATE,ZOLINZA,NCIH2122,-12.58457879,0,0
11407,METHOTREXATE,ZOLINZA,NCIH23,-35.12694508,0,0
11408,METHOTREXATE,ZOLINZA,NCIH460,-36.43261617,0,0
11409,METHOTREXATE,ZOLINZA,NCIH520,-20.03847918,0,0
11410,METHOTREXATE,ZOLINZA,OCUBM,-12.52506445,0,0
11411,METHOTREXATE,ZOLINZA,OV90,-11.592862,0,0
11412,METHOTREXATE,ZOLINZA,OVCAR3,-29.68880739,0,0
11413,METHOTREXATE,ZOLINZA,PA1,-23.66584439,0,0
11414,METHOTREXATE,ZOLINZA,RKO,-29.98237798,0,0
11415,METHOTREXATE,ZOLINZA,RPMI7951,-23.32659111,0,0
11416,METHOTREXATE,ZOLINZA,SKMEL30,-18.86169717,0,0
11417,METHOTREXATE,ZOLINZA,SKMES1,-11.23492587,0,0
11418,METHOTREXATE,ZOLINZA,SKOV3,11.04602313,0,1
11419,METHOTREXATE,ZOLINZA,SW620,-17.78787278,0,0
11420,METHOTREXATE,ZOLINZA,SW837,-14.09013806,0,0
11421,METHOTREXATE,ZOLINZA,T47D,-27.68509706,0,0
11422,METHOTREXATE,ZOLINZA,UACC62,-10.55814534,0,0
11423,METHOTREXATE,ZOLINZA,UWB1289,-20.47694166,0,0
11424,METHOTREXATE,ZOLINZA,UWB1289BRCA1,-24.40368448,0,0
11425,METHOTREXATE,ZOLINZA,VCAP,-32.04507675,0,0
11426,METHOTREXATE,ZOLINZA,ZR751,-21.45627912,0,0
11429,MITOMYCINE,ABT-888,A375,11.87367302,4,1
11430,MITOMYCINE,ABT-888,A427,-2.502405262,4,0
11434,MITOMYCINE,ABT-888,EFM192B,12.70687104,4,1
11435,MITOMYCINE,ABT-888,ES2,-0.324666037,4,0
11439,MITOMYCINE,ABT-888,KPL1,12.78355001,4,1
11440,MITOMYCINE,ABT-888,LNCAP,-9.028793747,4,0
11441,MITOMYCINE,ABT-888,LOVO,18.02381128,4,1
11443,MITOMYCINE,ABT-888,MSTO,15.05660513,4,1
11446,MITOMYCINE,ABT-888,NCIH23,-4.710864332,4,0
11447,MITOMYCINE,ABT-888,NCIH460,-1.078542352,4,0
11450,MITOMYCINE,ABT-888,OV90,-4.196980967,4,0
11451,MITOMYCINE,ABT-888,OVCAR3,14.63672596,4,1
11452,MITOMYCINE,ABT-888,PA1,13.42264782,4,1
11454,MITOMYCINE,ABT-888,RPMI7951,-2.441784595,4,0
11455,MITOMYCINE,ABT-888,SKMEL30,-8.681155728,4,0
11456,MITOMYCINE,ABT-888,SKMES1,-0.711024992,4,0
11460,MITOMYCINE,ABT-888,T47D,-22.77339723,4,0
11462,MITOMYCINE,ABT-888,UWB1289,-1.429040467,4,0
11464,MITOMYCINE,ABT-888,VCAP,-0.141315163,4,0
11465,MITOMYCINE,ABT-888,ZR751,14.95126128,4,1
11466,MITOMYCINE,AZD1775,A2058,12.66735688,3,1
11468,MITOMYCINE,AZD1775,A375,18.75787258,3,1
11475,MITOMYCINE,AZD1775,HCT116,10.12561836,3,1
11477,MITOMYCINE,AZD1775,HT29,24.14593873,3,1
11481,MITOMYCINE,AZD1775,MDAMB436,14.81034107,3,1
11483,MITOMYCINE,AZD1775,NCIH1650,22.03860305,3,1
11484,MITOMYCINE,AZD1775,NCIH2122,-0.043791908,3,0
11485,MITOMYCINE,AZD1775,NCIH23,-1.336018518,3,0
11488,MITOMYCINE,AZD1775,OCUBM,17.47600719,3,1
11489,MITOMYCINE,AZD1775,OV90,-12.30826215,3,0
11490,MITOMYCINE,AZD1775,OVCAR3,57.36376008,3,1
11491,MITOMYCINE,AZD1775,PA1,24.68763531,3,1
11492,MITOMYCINE,AZD1775,RKO,-2.258044608,3,0
11494,MITOMYCINE,AZD1775,SKMEL30,15.50117204,3,1
11495,MITOMYCINE,AZD1775,SKMES1,-1.141529174,3,0
11496,MITOMYCINE,AZD1775,SKOV3,20.49496784,3,1
11498,MITOMYCINE,AZD1775,SW837,13.41971651,3,1
11499,MITOMYCINE,AZD1775,T47D,-4.034355318,3,0
11500,MITOMYCINE,AZD1775,UACC62,18.51082886,3,1
11501,MITOMYCINE,AZD1775,UWB1289,64.51748147,3,1
11504,MITOMYCINE,AZD1775,ZR751,13.62125404,3,1
11505,MITOMYCINE,BEZ-235,A2058,12.24650668,1,1
11506,MITOMYCINE,BEZ-235,A2780,13.1014125,1,1
11507,MITOMYCINE,BEZ-235,A375,70.47820586,1,1
11508,MITOMYCINE,BEZ-235,A427,25.51817817,1,1
11509,MITOMYCINE,BEZ-235,CAOV3,-4.848533103,1,0
11510,MITOMYCINE,BEZ-235,COLO320DM,22.04697921,1,1
11513,MITOMYCINE,BEZ-235,ES2,32.7913542,1,1
11514,MITOMYCINE,BEZ-235,HCT116,10.81661969,1,1
11515,MITOMYCINE,BEZ-235,HT144,33.01778051,1,1
11516,MITOMYCINE,BEZ-235,HT29,30.77344727,1,1
11517,MITOMYCINE,BEZ-235,KPL1,29.95636094,1,1
11518,MITOMYCINE,BEZ-235,LNCAP,14.91418831,1,1
11519,MITOMYCINE,BEZ-235,LOVO,19.88938667,1,1
11520,MITOMYCINE,BEZ-235,MDAMB436,32.70090167,1,1
11521,MITOMYCINE,BEZ-235,MSTO,19.65474777,1,1
11522,MITOMYCINE,BEZ-235,NCIH1650,23.15320749,1,1
11523,MITOMYCINE,BEZ-235,NCIH2122,12.80237045,1,1
11525,MITOMYCINE,BEZ-235,NCIH460,28.30188511,1,1
11526,MITOMYCINE,BEZ-235,NCIH520,10.80076484,1,1
11529,MITOMYCINE,BEZ-235,OVCAR3,20.84877698,1,1
11530,MITOMYCINE,BEZ-235,PA1,16.45286279,1,1
11531,MITOMYCINE,BEZ-235,RKO,19.89904557,1,1
11533,MITOMYCINE,BEZ-235,SKMEL30,24.99220803,1,1
11534,MITOMYCINE,BEZ-235,SKMES1,15.18875706,1,1
11535,MITOMYCINE,BEZ-235,SKOV3,12.83973616,1,1
11536,MITOMYCINE,BEZ-235,SW620,11.46566931,1,1
11537,MITOMYCINE,BEZ-235,SW837,31.9514343,1,1
11538,MITOMYCINE,BEZ-235,T47D,113.434362,1,1
11539,MITOMYCINE,BEZ-235,UACC62,29.73700353,1,1
11540,MITOMYCINE,BEZ-235,UWB1289,10.34704785,1,1
11541,MITOMYCINE,BEZ-235,UWB1289BRCA1,37.1188012,1,1
11542,MITOMYCINE,BEZ-235,VCAP,35.80952251,1,1
11543,MITOMYCINE,BEZ-235,ZR751,23.37956611,1,1
11545,MITOMYCINE,BORTEZOMIB,A2780,-12.05274656,0,0
11546,MITOMYCINE,BORTEZOMIB,A375,-1.35420617,0,0
11547,MITOMYCINE,BORTEZOMIB,A427,-10.32931463,0,0
11548,MITOMYCINE,BORTEZOMIB,CAOV3,-8.380545673,0,0
11549,MITOMYCINE,BORTEZOMIB,COLO320DM,-12.837021,0,0
11551,MITOMYCINE,BORTEZOMIB,EFM192B,-20.75378789,0,0
11552,MITOMYCINE,BORTEZOMIB,ES2,-23.35216473,0,0
11553,MITOMYCINE,BORTEZOMIB,HCT116,-2.706787738,0,0
11554,MITOMYCINE,BORTEZOMIB,HT144,-11.20298891,0,0
11555,MITOMYCINE,BORTEZOMIB,HT29,-15.24048172,0,0
11557,MITOMYCINE,BORTEZOMIB,LNCAP,-14.33635033,0,0
11560,MITOMYCINE,BORTEZOMIB,MSTO,26.92255382,0,1
11561,MITOMYCINE,BORTEZOMIB,NCIH1650,-31.40600823,0,0
11562,MITOMYCINE,BORTEZOMIB,NCIH2122,-27.36192734,0,0
11563,MITOMYCINE,BORTEZOMIB,NCIH23,-15.14251668,0,0
11564,MITOMYCINE,BORTEZOMIB,NCIH460,-21.28697666,0,0
11565,MITOMYCINE,BORTEZOMIB,NCIH520,-28.27986702,0,0
11566,MITOMYCINE,BORTEZOMIB,OCUBM,-12.50318528,0,0
11567,MITOMYCINE,BORTEZOMIB,OV90,-20.70553512,0,0
11569,MITOMYCINE,BORTEZOMIB,PA1,-19.59477098,0,0
11570,MITOMYCINE,BORTEZOMIB,RKO,-4.473093763,0,0
11571,MITOMYCINE,BORTEZOMIB,RPMI7951,-8.123539179,0,0
11572,MITOMYCINE,BORTEZOMIB,SKMEL30,-10.75057055,0,0
11573,MITOMYCINE,BORTEZOMIB,SKMES1,-28.25949179,0,0
11574,MITOMYCINE,BORTEZOMIB,SKOV3,-19.17188182,0,0
11576,MITOMYCINE,BORTEZOMIB,SW837,16.88079012,0,1
11577,MITOMYCINE,BORTEZOMIB,T47D,-32.00631903,0,0
11578,MITOMYCINE,BORTEZOMIB,UACC62,-10.93479689,0,0
11579,MITOMYCINE,BORTEZOMIB,UWB1289,-30.44536163,0,0
11580,MITOMYCINE,BORTEZOMIB,UWB1289BRCA1,-4.449221956,0,0
11581,MITOMYCINE,BORTEZOMIB,VCAP,-6.780935365,0,0
11582,MITOMYCINE,BORTEZOMIB,ZR751,-34.05457439,0,0
11583,MITOMYCINE,DASATINIB,A2058,17.72933313,0,1
11584,MITOMYCINE,DASATINIB,A2780,50.15826284,0,1
11585,MITOMYCINE,DASATINIB,A375,61.78477275,0,1
11586,MITOMYCINE,DASATINIB,A427,48.64582095,0,1
11589,MITOMYCINE,DASATINIB,DLD1,14.0571057,0,1
11590,MITOMYCINE,DASATINIB,EFM192B,14.31447944,0,1
11591,MITOMYCINE,DASATINIB,ES2,10.58034287,0,1
11592,MITOMYCINE,DASATINIB,HCT116,11.50209546,0,1
11593,MITOMYCINE,DASATINIB,HT144,-20.10115611,0,0
11594,MITOMYCINE,DASATINIB,HT29,39.08680207,0,1
11595,MITOMYCINE,DASATINIB,KPL1,30.87106543,0,1
11596,MITOMYCINE,DASATINIB,LNCAP,15.65294406,0,1
11597,MITOMYCINE,DASATINIB,LOVO,60.0241176,0,1
11598,MITOMYCINE,DASATINIB,MDAMB436,18.04204295,0,1
11599,MITOMYCINE,DASATINIB,MSTO,75.87390323,0,1
11600,MITOMYCINE,DASATINIB,NCIH1650,49.82584556,0,1
11601,MITOMYCINE,DASATINIB,NCIH2122,-21.71146074,0,0
11602,MITOMYCINE,DASATINIB,NCIH23,16.97534112,0,1
11603,MITOMYCINE,DASATINIB,NCIH460,20.25122157,0,1
11604,MITOMYCINE,DASATINIB,NCIH520,59.45277096,0,1
11605,MITOMYCINE,DASATINIB,OCUBM,18.01677678,0,1
11606,MITOMYCINE,DASATINIB,OV90,20.00755375,0,1
11607,MITOMYCINE,DASATINIB,OVCAR3,88.87643212,0,1
11608,MITOMYCINE,DASATINIB,PA1,44.74088719,0,1
11609,MITOMYCINE,DASATINIB,RKO,13.87597977,0,1
11610,MITOMYCINE,DASATINIB,RPMI7951,20.82619719,0,1
11611,MITOMYCINE,DASATINIB,SKMEL30,-24.03235197,0,0
11613,MITOMYCINE,DASATINIB,SKOV3,20.98795464,0,1
11614,MITOMYCINE,DASATINIB,SW620,55.6732101,0,1
11615,MITOMYCINE,DASATINIB,SW837,55.92671664,0,1
11616,MITOMYCINE,DASATINIB,T47D,19.53261314,0,1
11617,MITOMYCINE,DASATINIB,UACC62,14.89364066,0,1
11620,MITOMYCINE,DASATINIB,VCAP,29.58575153,0,1
11621,MITOMYCINE,DASATINIB,ZR751,16.6564667,0,1
11623,MITOMYCINE,DINACICLIB,A2780,-0.850548197,0,0
11626,MITOMYCINE,DINACICLIB,CAOV3,-8.918828186,0,0
11628,MITOMYCINE,DINACICLIB,DLD1,-5.370197168,0,0
11632,MITOMYCINE,DINACICLIB,HT144,-3.956705944,0,0
11635,MITOMYCINE,DINACICLIB,LNCAP,13.68548302,0,1
11639,MITOMYCINE,DINACICLIB,NCIH1650,-23.516979,0,0
11640,MITOMYCINE,DINACICLIB,NCIH2122,-2.898093154,0,0
11641,MITOMYCINE,DINACICLIB,NCIH23,-10.82729701,0,0
11642,MITOMYCINE,DINACICLIB,NCIH460,-1.817992093,0,0
11645,MITOMYCINE,DINACICLIB,OV90,-2.855352566,0,0
11646,MITOMYCINE,DINACICLIB,OVCAR3,-3.228126249,0,0
11649,MITOMYCINE,DINACICLIB,RPMI7951,-7.56369169,0,0
11651,MITOMYCINE,DINACICLIB,SKMES1,-9.033347497,0,0
11652,MITOMYCINE,DINACICLIB,SKOV3,-20.93155183,0,0
11655,MITOMYCINE,DINACICLIB,T47D,-24.55322948,0,0
11656,MITOMYCINE,DINACICLIB,UACC62,13.07045452,0,1
11657,MITOMYCINE,DINACICLIB,UWB1289,-3.645336576,0,0
11658,MITOMYCINE,DINACICLIB,UWB1289BRCA1,14.96989714,0,1
11659,MITOMYCINE,DINACICLIB,VCAP,10.31267863,0,1
11660,MITOMYCINE,DINACICLIB,ZR751,-21.71968695,0,0
11661,MITOMYCINE,ERLOTINIB,A2058,-78.5288674,3,0
11662,MITOMYCINE,ERLOTINIB,A2780,-52.59879084,3,0
11663,MITOMYCINE,ERLOTINIB,A375,-24.32251826,3,0
11664,MITOMYCINE,ERLOTINIB,A427,-37.3487317,3,0
11665,MITOMYCINE,ERLOTINIB,CAOV3,-56.60590491,3,0
11666,MITOMYCINE,ERLOTINIB,COLO320DM,-11.63813569,3,0
11667,MITOMYCINE,ERLOTINIB,DLD1,-21.7534837,3,0
11668,MITOMYCINE,ERLOTINIB,EFM192B,-75.43920371,3,0
11669,MITOMYCINE,ERLOTINIB,ES2,-52.79999023,3,0
11670,MITOMYCINE,ERLOTINIB,HCT116,-54.50033817,3,0
11671,MITOMYCINE,ERLOTINIB,HT144,-34.39006413,3,0
11672,MITOMYCINE,ERLOTINIB,HT29,-43.96201473,3,0
11673,MITOMYCINE,ERLOTINIB,KPL1,-12.29591518,3,0
11674,MITOMYCINE,ERLOTINIB,LNCAP,-53.54699762,3,0
11676,MITOMYCINE,ERLOTINIB,MDAMB436,-37.13348255,3,0
11677,MITOMYCINE,ERLOTINIB,MSTO,10.94846575,3,1
11678,MITOMYCINE,ERLOTINIB,NCIH1650,-12.23288576,3,0
11679,MITOMYCINE,ERLOTINIB,NCIH2122,-50.55830497,3,0
11680,MITOMYCINE,ERLOTINIB,NCIH23,-64.09209522,3,0
11681,MITOMYCINE,ERLOTINIB,NCIH460,-98.53912935,3,0
11682,MITOMYCINE,ERLOTINIB,NCIH520,-47.74328918,3,0
11683,MITOMYCINE,ERLOTINIB,OCUBM,-73.41170097,3,0
11684,MITOMYCINE,ERLOTINIB,OV90,-90.45470525,3,0
11685,MITOMYCINE,ERLOTINIB,OVCAR3,11.92695645,3,1
11686,MITOMYCINE,ERLOTINIB,PA1,-86.59485064,3,0
11687,MITOMYCINE,ERLOTINIB,RKO,-51.5381621,3,0
11688,MITOMYCINE,ERLOTINIB,RPMI7951,-99.14402835,3,0
11689,MITOMYCINE,ERLOTINIB,SKMEL30,-41.43227339,3,0
11690,MITOMYCINE,ERLOTINIB,SKMES1,-32.3972714,3,0
11691,MITOMYCINE,ERLOTINIB,SKOV3,-35.31206066,3,0
11692,MITOMYCINE,ERLOTINIB,SW620,-67.80902976,3,0
11693,MITOMYCINE,ERLOTINIB,SW837,10.92742199,3,1
11694,MITOMYCINE,ERLOTINIB,T47D,-10.70475206,3,0
11695,MITOMYCINE,ERLOTINIB,UACC62,-10.58522231,3,0
11696,MITOMYCINE,ERLOTINIB,UWB1289,-3.493392109,3,0
11697,MITOMYCINE,ERLOTINIB,UWB1289BRCA1,18.60925731,3,1
11698,MITOMYCINE,ERLOTINIB,VCAP,-12.47091698,3,0
11699,MITOMYCINE,ERLOTINIB,ZR751,16.42775752,3,1
11700,MITOMYCINE,GELDANAMYCIN,A2058,20.37406553,2,1
11701,MITOMYCINE,GELDANAMYCIN,A2780,-7.695738737,2,0
11702,MITOMYCINE,GELDANAMYCIN,A375,-1.596243258,2,0
11704,MITOMYCINE,GELDANAMYCIN,CAOV3,-10.70986914,2,0
11707,MITOMYCINE,GELDANAMYCIN,EFM192B,-26.95221373,2,0
11709,MITOMYCINE,GELDANAMYCIN,HCT116,-7.266058832,2,0
11710,MITOMYCINE,GELDANAMYCIN,HT144,-6.294446291,2,0
11712,MITOMYCINE,GELDANAMYCIN,KPL1,16.52878627,2,1
11713,MITOMYCINE,GELDANAMYCIN,LNCAP,-8.860205368,2,0
11714,MITOMYCINE,GELDANAMYCIN,LOVO,-0.762136692,2,0
11716,MITOMYCINE,GELDANAMYCIN,MSTO,-23.87794354,2,0
11717,MITOMYCINE,GELDANAMYCIN,NCIH1650,-24.34103684,2,0
11718,MITOMYCINE,GELDANAMYCIN,NCIH2122,-5.309040537,2,0
11719,MITOMYCINE,GELDANAMYCIN,NCIH23,-17.16566917,2,0
11720,MITOMYCINE,GELDANAMYCIN,NCIH460,-6.857179423,2,0
11721,MITOMYCINE,GELDANAMYCIN,NCIH520,-7.327284358,2,0
11724,MITOMYCINE,GELDANAMYCIN,OVCAR3,24.23885708,2,1
11726,MITOMYCINE,GELDANAMYCIN,RKO,-10.01014646,2,0
11727,MITOMYCINE,GELDANAMYCIN,RPMI7951,-3.651719678,2,0
11728,MITOMYCINE,GELDANAMYCIN,SKMEL30,25.27498572,2,1
11729,MITOMYCINE,GELDANAMYCIN,SKMES1,-16.11635406,2,0
11730,MITOMYCINE,GELDANAMYCIN,SKOV3,-11.48705605,2,0
11731,MITOMYCINE,GELDANAMYCIN,SW620,-5.341776348,2,0
11733,MITOMYCINE,GELDANAMYCIN,T47D,-22.32412488,2,0
11734,MITOMYCINE,GELDANAMYCIN,UACC62,-17.46265189,2,0
11736,MITOMYCINE,GELDANAMYCIN,UWB1289BRCA1,-2.036658159,2,0
11737,MITOMYCINE,GELDANAMYCIN,VCAP,-5.77444289,2,0
11738,MITOMYCINE,GELDANAMYCIN,ZR751,-0.512859585,2,0
11739,MITOMYCINE,L778123,A2058,-11.52444162,0,0
11740,MITOMYCINE,L778123,A2780,-5.115507196,0,0
11741,MITOMYCINE,L778123,A375,-8.497808463,0,0
11742,MITOMYCINE,L778123,A427,-3.643593227,0,0
11743,MITOMYCINE,L778123,CAOV3,-40.22747377,0,0
11744,MITOMYCINE,L778123,COLO320DM,-2.755262187,0,0
11745,MITOMYCINE,L778123,DLD1,-13.44441673,0,0
11746,MITOMYCINE,L778123,EFM192B,-45.99436575,0,0
11747,MITOMYCINE,L778123,ES2,-24.01843142,0,0
11748,MITOMYCINE,L778123,HCT116,-24.0016324,0,0
11749,MITOMYCINE,L778123,HT144,-11.08072489,0,0
11751,MITOMYCINE,L778123,KPL1,-7.174848479,0,0
11752,MITOMYCINE,L778123,LNCAP,-11.55651592,0,0
11754,MITOMYCINE,L778123,MDAMB436,-11.86682485,0,0
11755,MITOMYCINE,L778123,MSTO,-19.56791497,0,0
11756,MITOMYCINE,L778123,NCIH1650,-29.34373078,0,0
11757,MITOMYCINE,L778123,NCIH2122,-32.06226489,0,0
11758,MITOMYCINE,L778123,NCIH23,-19.23517194,0,0
11759,MITOMYCINE,L778123,NCIH460,-38.12134539,0,0
11760,MITOMYCINE,L778123,NCIH520,-12.22183245,0,0
11761,MITOMYCINE,L778123,OCUBM,-21.32785536,0,0
11762,MITOMYCINE,L778123,OV90,-27.26762195,0,0
11763,MITOMYCINE,L778123,OVCAR3,-46.5230227,0,0
11764,MITOMYCINE,L778123,PA1,-27.17271401,0,0
11765,MITOMYCINE,L778123,RKO,-16.99858605,0,0
11766,MITOMYCINE,L778123,RPMI7951,-23.67363743,0,0
11767,MITOMYCINE,L778123,SKMEL30,-9.822756113,0,0
11768,MITOMYCINE,L778123,SKMES1,-42.56098359,0,0
11769,MITOMYCINE,L778123,SKOV3,-35.90749547,0,0
11770,MITOMYCINE,L778123,SW620,-23.05445983,0,0
11771,MITOMYCINE,L778123,SW837,-23.86348025,0,0
11772,MITOMYCINE,L778123,T47D,-16.40802121,0,0
11773,MITOMYCINE,L778123,UACC62,-12.69561346,0,0
11774,MITOMYCINE,L778123,UWB1289,-0.676332773,0,0
11776,MITOMYCINE,L778123,VCAP,-4.59010723,0,0
11777,MITOMYCINE,L778123,ZR751,-1.760530566,0,0
11778,MITOMYCINE,LAPATINIB,A2058,23.37505075,3,1
11779,MITOMYCINE,LAPATINIB,A2780,12.6388651,3,1
11780,MITOMYCINE,LAPATINIB,A375,12.17466552,3,1
11781,MITOMYCINE,LAPATINIB,A427,-5.403680047,3,0
11783,MITOMYCINE,LAPATINIB,COLO320DM,-2.213579347,3,0
11784,MITOMYCINE,LAPATINIB,DLD1,11.32799513,3,1
11789,MITOMYCINE,LAPATINIB,HT29,16.87564591,3,1
11790,MITOMYCINE,LAPATINIB,KPL1,18.29495428,3,1
11791,MITOMYCINE,LAPATINIB,LNCAP,-9.256892664,3,0
11792,MITOMYCINE,LAPATINIB,LOVO,48.26045476,3,1
11794,MITOMYCINE,LAPATINIB,MSTO,14.09791831,3,1
11796,MITOMYCINE,LAPATINIB,NCIH2122,13.89258625,3,1
11797,MITOMYCINE,LAPATINIB,NCIH23,15.33674994,3,1
11798,MITOMYCINE,LAPATINIB,NCIH460,-1.045973915,3,0
11800,MITOMYCINE,LAPATINIB,OCUBM,11.94478605,3,1
11802,MITOMYCINE,LAPATINIB,OVCAR3,16.1347739,3,1
11803,MITOMYCINE,LAPATINIB,PA1,14.13810288,3,1
11806,MITOMYCINE,LAPATINIB,SKMEL30,-2.250832405,3,0
11808,MITOMYCINE,LAPATINIB,SKOV3,11.33667342,3,1
11809,MITOMYCINE,LAPATINIB,SW620,19.32010876,3,1
11810,MITOMYCINE,LAPATINIB,SW837,49.32772706,3,1
11811,MITOMYCINE,LAPATINIB,T47D,25.716355,3,1
11812,MITOMYCINE,LAPATINIB,UACC62,18.7309372,3,1
11813,MITOMYCINE,LAPATINIB,UWB1289,-1.019052951,3,0
11814,MITOMYCINE,LAPATINIB,UWB1289BRCA1,18.30314995,3,1
11815,MITOMYCINE,LAPATINIB,VCAP,17.87205126,3,1
11816,MITOMYCINE,LAPATINIB,ZR751,34.78543948,3,1
11818,MITOMYCINE,MK-2206,A2780,22.00100618,4,1
11819,MITOMYCINE,MK-2206,A375,21.8048591,4,1
11820,MITOMYCINE,MK-2206,A427,19.85430135,4,1
11822,MITOMYCINE,MK-2206,COLO320DM,14.13880633,4,1
11824,MITOMYCINE,MK-2206,EFM192B,-3.472997526,4,0
11827,MITOMYCINE,MK-2206,HT144,30.99557751,4,1
11828,MITOMYCINE,MK-2206,HT29,28.65552455,4,1
11829,MITOMYCINE,MK-2206,KPL1,52.75256805,4,1
11830,MITOMYCINE,MK-2206,LNCAP,13.57539936,4,1
11831,MITOMYCINE,MK-2206,LOVO,21.29473214,4,1
11832,MITOMYCINE,MK-2206,MDAMB436,16.64142868,4,1
11833,MITOMYCINE,MK-2206,MSTO,28.48317444,4,1
11834,MITOMYCINE,MK-2206,NCIH1650,12.32880855,4,1
11835,MITOMYCINE,MK-2206,NCIH2122,14.71724163,4,1
11837,MITOMYCINE,MK-2206,NCIH460,23.71677231,4,1
11838,MITOMYCINE,MK-2206,NCIH520,21.86640206,4,1
11839,MITOMYCINE,MK-2206,OCUBM,-2.210961918,4,0
11840,MITOMYCINE,MK-2206,OV90,23.36432113,4,1
11841,MITOMYCINE,MK-2206,OVCAR3,10.49395432,4,1
11842,MITOMYCINE,MK-2206,PA1,18.32022558,4,1
11843,MITOMYCINE,MK-2206,RKO,22.21462158,4,1
11846,MITOMYCINE,MK-2206,SKMES1,15.28353976,4,1
11847,MITOMYCINE,MK-2206,SKOV3,10.99118416,4,1
11848,MITOMYCINE,MK-2206,SW620,15.3108075,4,1
11849,MITOMYCINE,MK-2206,SW837,40.99362879,4,1
11850,MITOMYCINE,MK-2206,T47D,14.84907295,4,1
11851,MITOMYCINE,MK-2206,UACC62,32.88986768,4,1
11853,MITOMYCINE,MK-2206,UWB1289BRCA1,16.54618247,4,1
11854,MITOMYCINE,MK-2206,VCAP,26.40852315,4,1
11855,MITOMYCINE,MK-2206,ZR751,26.59195338,4,1
11858,MITOMYCINE,MK-4827,A375,11.87313182,2,1
11862,MITOMYCINE,MK-4827,DLD1,-3.701612523,2,0
11869,MITOMYCINE,MK-4827,LNCAP,-22.41923219,2,0
11873,MITOMYCINE,MK-4827,NCIH1650,-0.1789957,2,0
11874,MITOMYCINE,MK-4827,NCIH2122,-4.500333345,2,0
11875,MITOMYCINE,MK-4827,NCIH23,-0.030282503,2,0
11880,MITOMYCINE,MK-4827,OVCAR3,-12.08437919,2,0
11886,MITOMYCINE,MK-4827,SKOV3,-0.126821662,2,0
11890,MITOMYCINE,MK-4827,UACC62,12.28740922,2,1
11892,MITOMYCINE,MK-4827,UWB1289BRCA1,18.67553649,2,1
11893,MITOMYCINE,MK-4827,VCAP,16.59450834,2,1
11894,MITOMYCINE,MK-4827,ZR751,-2.164112557,2,0
11896,MITOMYCINE,MK-5108,A2780,-0.566301734,4,0
11897,MITOMYCINE,MK-5108,A375,-6.786061553,4,0
11898,MITOMYCINE,MK-5108,A427,-1.080057387,4,0
11899,MITOMYCINE,MK-5108,CAOV3,-17.02564593,4,0
11900,MITOMYCINE,MK-5108,COLO320DM,-6.850982595,4,0
11901,MITOMYCINE,MK-5108,DLD1,-10.62919188,4,0
11902,MITOMYCINE,MK-5108,EFM192B,-22.43464849,4,0
11903,MITOMYCINE,MK-5108,ES2,-0.505632542,4,0
11904,MITOMYCINE,MK-5108,HCT116,-0.349283866,4,0
11905,MITOMYCINE,MK-5108,HT144,-19.43821956,4,0
11906,MITOMYCINE,MK-5108,HT29,-3.130371273,4,0
11907,MITOMYCINE,MK-5108,KPL1,-10.47018385,4,0
11908,MITOMYCINE,MK-5108,LNCAP,-11.29392295,4,0
11909,MITOMYCINE,MK-5108,LOVO,-10.26009055,4,0
11911,MITOMYCINE,MK-5108,MSTO,-6.352670537,4,0
11912,MITOMYCINE,MK-5108,NCIH1650,-24.57326523,4,0
11913,MITOMYCINE,MK-5108,NCIH2122,-15.44747483,4,0
11915,MITOMYCINE,MK-5108,NCIH460,-25.03158603,4,0
11916,MITOMYCINE,MK-5108,NCIH520,-16.65503167,4,0
11917,MITOMYCINE,MK-5108,OCUBM,-4.40810348,4,0
11918,MITOMYCINE,MK-5108,OV90,-21.51098263,4,0
11919,MITOMYCINE,MK-5108,OVCAR3,-7.291640268,4,0
11920,MITOMYCINE,MK-5108,PA1,-0.355223863,4,0
11921,MITOMYCINE,MK-5108,RKO,-8.444119495,4,0
11922,MITOMYCINE,MK-5108,RPMI7951,-5.355336345,4,0
11923,MITOMYCINE,MK-5108,SKMEL30,-7.401029833,4,0
11924,MITOMYCINE,MK-5108,SKMES1,-20.67487022,4,0
11925,MITOMYCINE,MK-5108,SKOV3,-11.33204494,4,0
11926,MITOMYCINE,MK-5108,SW620,-0.058601517,4,0
11927,MITOMYCINE,MK-5108,SW837,-4.275757354,4,0
11928,MITOMYCINE,MK-5108,T47D,-32.34464212,4,0
11929,MITOMYCINE,MK-5108,UACC62,-10.71834458,4,0
11933,MITOMYCINE,MK-5108,ZR751,-22.33755314,4,0
11934,MITOMYCINE,MK-8669,A2058,-8.001586225,4,0
11935,MITOMYCINE,MK-8669,A2780,20.41614918,4,1
11936,MITOMYCINE,MK-8669,A375,43.62668141,4,1
11937,MITOMYCINE,MK-8669,A427,23.77805834,4,1
11938,MITOMYCINE,MK-8669,CAOV3,-1.079299324,4,0
11939,MITOMYCINE,MK-8669,COLO320DM,13.75535717,4,1
11941,MITOMYCINE,MK-8669,EFM192B,16.83295229,4,1
11942,MITOMYCINE,MK-8669,ES2,25.76502653,4,1
11943,MITOMYCINE,MK-8669,HCT116,-0.048499162,4,0
11944,MITOMYCINE,MK-8669,HT144,32.59018874,4,1
11945,MITOMYCINE,MK-8669,HT29,28.21237484,4,1
11946,MITOMYCINE,MK-8669,KPL1,50.25294128,4,1
11947,MITOMYCINE,MK-8669,LNCAP,17.68828995,4,1
11948,MITOMYCINE,MK-8669,LOVO,19.455189,4,1
11949,MITOMYCINE,MK-8669,MDAMB436,23.75724525,4,1
11950,MITOMYCINE,MK-8669,MSTO,28.39944835,4,1
11951,MITOMYCINE,MK-8669,NCIH1650,35.37506245,4,1
11954,MITOMYCINE,MK-8669,NCIH460,14.11147338,4,1
11955,MITOMYCINE,MK-8669,NCIH520,11.46299276,4,1
11957,MITOMYCINE,MK-8669,OV90,12.26443563,4,1
11958,MITOMYCINE,MK-8669,OVCAR3,14.17086359,4,1
11960,MITOMYCINE,MK-8669,RKO,20.75171944,4,1
11961,MITOMYCINE,MK-8669,RPMI7951,13.11199002,4,1
11962,MITOMYCINE,MK-8669,SKMEL30,20.82761957,4,1
11963,MITOMYCINE,MK-8669,SKMES1,-1.765097729,4,0
11964,MITOMYCINE,MK-8669,SKOV3,34.47306581,4,1
11966,MITOMYCINE,MK-8669,SW837,14.1675399,4,1
11968,MITOMYCINE,MK-8669,UACC62,36.47909066,4,1
11970,MITOMYCINE,MK-8669,UWB1289BRCA1,12.55383404,4,1
11971,MITOMYCINE,MK-8669,VCAP,30.11719686,4,1
11972,MITOMYCINE,MK-8669,ZR751,22.17221791,4,1
11973,MITOMYCINE,MK-8776,A2058,59.97535378,1,1
11974,MITOMYCINE,MK-8776,A2780,18.58000792,1,1
11975,MITOMYCINE,MK-8776,A375,34.09811828,1,1
11976,MITOMYCINE,MK-8776,A427,21.15633363,1,1
11977,MITOMYCINE,MK-8776,CAOV3,31.72251855,1,1
11978,MITOMYCINE,MK-8776,COLO320DM,19.02245146,1,1
11981,MITOMYCINE,MK-8776,ES2,-1.65854348,1,0
11982,MITOMYCINE,MK-8776,HCT116,26.88468964,1,1
11983,MITOMYCINE,MK-8776,HT144,22.9401808,1,1
11984,MITOMYCINE,MK-8776,HT29,61.66824521,1,1
11985,MITOMYCINE,MK-8776,KPL1,-1.378580129,1,0
11986,MITOMYCINE,MK-8776,LNCAP,13.97531336,1,1
11988,MITOMYCINE,MK-8776,MDAMB436,33.49706536,1,1
11990,MITOMYCINE,MK-8776,NCIH1650,28.98826381,1,1
11992,MITOMYCINE,MK-8776,NCIH23,17.96277742,1,1
11994,MITOMYCINE,MK-8776,NCIH520,31.76339947,1,1
11995,MITOMYCINE,MK-8776,OCUBM,41.32122231,1,1
11997,MITOMYCINE,MK-8776,OVCAR3,77.66129408,1,1
11998,MITOMYCINE,MK-8776,PA1,15.63343769,1,1
12001,MITOMYCINE,MK-8776,SKMEL30,66.79588855,1,1
12002,MITOMYCINE,MK-8776,SKMES1,-10.22010143,1,0
12003,MITOMYCINE,MK-8776,SKOV3,35.03859706,1,1
12004,MITOMYCINE,MK-8776,SW620,23.98511795,1,1
12005,MITOMYCINE,MK-8776,SW837,38.68819685,1,1
12006,MITOMYCINE,MK-8776,T47D,-33.25056353,1,0
12007,MITOMYCINE,MK-8776,UACC62,19.24564059,1,1
12010,MITOMYCINE,MK-8776,VCAP,44.69988527,1,1
12012,MITOMYCINE,PD325901,A2058,31.4652249,2,1
12013,MITOMYCINE,PD325901,A2780,17.63549289,2,1
12018,MITOMYCINE,PD325901,DLD1,18.19944056,2,1
12019,MITOMYCINE,PD325901,EFM192B,13.08421427,2,1
12020,MITOMYCINE,PD325901,ES2,22.01190789,2,1
12022,MITOMYCINE,PD325901,HT144,27.39316367,2,1
12023,MITOMYCINE,PD325901,HT29,11.35070919,2,1
12024,MITOMYCINE,PD325901,KPL1,21.96899068,2,1
12025,MITOMYCINE,PD325901,LNCAP,-30.83989865,2,0
12026,MITOMYCINE,PD325901,LOVO,18.98141705,2,1
12028,MITOMYCINE,PD325901,MSTO,-6.937681261,2,0
12029,MITOMYCINE,PD325901,NCIH1650,16.76335605,2,1
12031,MITOMYCINE,PD325901,NCIH23,15.04242386,2,1
12033,MITOMYCINE,PD325901,NCIH520,-4.113754629,2,0
12035,MITOMYCINE,PD325901,OV90,37.92063658,2,1
12036,MITOMYCINE,PD325901,OVCAR3,27.98546884,2,1
12038,MITOMYCINE,PD325901,RKO,22.0860842,2,1
12039,MITOMYCINE,PD325901,RPMI7951,-0.610283267,2,0
12041,MITOMYCINE,PD325901,SKMES1,-9.842300336,2,0
12043,MITOMYCINE,PD325901,SW620,15.09535327,2,1
12044,MITOMYCINE,PD325901,SW837,27.22694056,2,1
12045,MITOMYCINE,PD325901,T47D,-6.072765694,2,0
12049,MITOMYCINE,PD325901,VCAP,-2.593260069,2,0
12050,MITOMYCINE,PD325901,ZR751,27.95571973,2,1
12051,MITOMYCINE,SORAFENIB,A2058,-69.35425504,0,0
12052,MITOMYCINE,SORAFENIB,A2780,-23.48162529,0,0
12053,MITOMYCINE,SORAFENIB,A375,-12.136392,0,0
12054,MITOMYCINE,SORAFENIB,A427,-4.373392516,0,0
12055,MITOMYCINE,SORAFENIB,CAOV3,-95.38667523,0,0
12056,MITOMYCINE,SORAFENIB,COLO320DM,-5.992461864,0,0
12057,MITOMYCINE,SORAFENIB,DLD1,-5.950663131,0,0
12058,MITOMYCINE,SORAFENIB,EFM192B,-67.21959811,0,0
12059,MITOMYCINE,SORAFENIB,ES2,-23.4106165,0,0
12060,MITOMYCINE,SORAFENIB,HCT116,-21.18857377,0,0
12061,MITOMYCINE,SORAFENIB,HT144,-18.44594166,0,0
12062,MITOMYCINE,SORAFENIB,HT29,-23.64111369,0,0
12063,MITOMYCINE,SORAFENIB,KPL1,-3.067566715,0,0
12064,MITOMYCINE,SORAFENIB,LNCAP,-20.06788876,0,0
12065,MITOMYCINE,SORAFENIB,LOVO,-32.89159201,0,0
12066,MITOMYCINE,SORAFENIB,MDAMB436,-37.39537551,0,0
12067,MITOMYCINE,SORAFENIB,MSTO,-6.974929187,0,0
12068,MITOMYCINE,SORAFENIB,NCIH1650,-33.53794317,0,0
12069,MITOMYCINE,SORAFENIB,NCIH2122,-50.01036597,0,0
12070,MITOMYCINE,SORAFENIB,NCIH23,-45.6830587,0,0
12071,MITOMYCINE,SORAFENIB,NCIH460,-49.51047169,0,0
12072,MITOMYCINE,SORAFENIB,NCIH520,-17.03843149,0,0
12073,MITOMYCINE,SORAFENIB,OCUBM,-17.74467286,0,0
12074,MITOMYCINE,SORAFENIB,OV90,-32.83454366,0,0
12075,MITOMYCINE,SORAFENIB,OVCAR3,-46.67780584,0,0
12076,MITOMYCINE,SORAFENIB,PA1,-29.16621534,0,0
12077,MITOMYCINE,SORAFENIB,RKO,-19.06896226,0,0
12078,MITOMYCINE,SORAFENIB,RPMI7951,-74.99238376,0,0
12080,MITOMYCINE,SORAFENIB,SKMES1,-69.16319952,0,0
12081,MITOMYCINE,SORAFENIB,SKOV3,-39.1089171,0,0
12082,MITOMYCINE,SORAFENIB,SW620,-32.53595683,0,0
12083,MITOMYCINE,SORAFENIB,SW837,-28.64872424,0,0
12084,MITOMYCINE,SORAFENIB,T47D,-21.2040547,0,0
12085,MITOMYCINE,SORAFENIB,UACC62,-21.19114399,0,0
12086,MITOMYCINE,SORAFENIB,UWB1289,-8.768639909,0,0
12088,MITOMYCINE,SORAFENIB,VCAP,-30.37872468,0,0
12089,MITOMYCINE,SORAFENIB,ZR751,-43.84659931,0,0
12090,MITOMYCINE,SUNITINIB,A2058,-0.332697691,0,0
12092,MITOMYCINE,SUNITINIB,A375,11.72552961,0,1
12096,MITOMYCINE,SUNITINIB,DLD1,-1.247305122,0,0
12099,MITOMYCINE,SUNITINIB,HCT116,-0.439783122,0,0
12102,MITOMYCINE,SUNITINIB,KPL1,14.2793605,0,1
12103,MITOMYCINE,SUNITINIB,LNCAP,-10.38935068,0,0
12106,MITOMYCINE,SUNITINIB,MSTO,-2.668501486,0,0
12108,MITOMYCINE,SUNITINIB,NCIH2122,-1.749330429,0,0
12109,MITOMYCINE,SUNITINIB,NCIH23,-11.73053798,0,0
12111,MITOMYCINE,SUNITINIB,NCIH520,-3.750477845,0,0
12113,MITOMYCINE,SUNITINIB,OV90,-0.869168654,0,0
12114,MITOMYCINE,SUNITINIB,OVCAR3,-0.254464833,0,0
12115,MITOMYCINE,SUNITINIB,PA1,-5.324327116,0,0
12116,MITOMYCINE,SUNITINIB,RKO,-5.900085666,0,0
12117,MITOMYCINE,SUNITINIB,RPMI7951,-5.641746876,0,0
12119,MITOMYCINE,SUNITINIB,SKMES1,-6.997147958,0,0
12120,MITOMYCINE,SUNITINIB,SKOV3,-1.577094548,0,0
12123,MITOMYCINE,SUNITINIB,T47D,-10.35950165,0,0
12125,MITOMYCINE,SUNITINIB,UWB1289,-2.307811505,0,0
12126,MITOMYCINE,SUNITINIB,UWB1289BRCA1,11.00741056,0,1
12130,MITOMYCINE,TEMOZOLOMIDE,A2780,-1.337405418,3,0
12131,MITOMYCINE,TEMOZOLOMIDE,A375,-5.364100052,3,0
12133,MITOMYCINE,TEMOZOLOMIDE,CAOV3,-3.954336845,3,0
12134,MITOMYCINE,TEMOZOLOMIDE,COLO320DM,-1.677142429,3,0
12135,MITOMYCINE,TEMOZOLOMIDE,DLD1,-7.623981998,3,0
12137,MITOMYCINE,TEMOZOLOMIDE,ES2,11.96753621,3,1
12138,MITOMYCINE,TEMOZOLOMIDE,HCT116,-2.548466795,3,0
12139,MITOMYCINE,TEMOZOLOMIDE,HT144,-11.46084702,3,0
12140,MITOMYCINE,TEMOZOLOMIDE,HT29,10.74053258,3,1
12141,MITOMYCINE,TEMOZOLOMIDE,KPL1,-29.95106943,3,0
12142,MITOMYCINE,TEMOZOLOMIDE,LNCAP,11.72296566,3,1
12145,MITOMYCINE,TEMOZOLOMIDE,MSTO,-0.48052217,3,0
12146,MITOMYCINE,TEMOZOLOMIDE,NCIH1650,-15.47111846,3,0
12147,MITOMYCINE,TEMOZOLOMIDE,NCIH2122,-7.895418433,3,0
12148,MITOMYCINE,TEMOZOLOMIDE,NCIH23,-2.342069567,3,0
12149,MITOMYCINE,TEMOZOLOMIDE,NCIH460,-8.879033772,3,0
12152,MITOMYCINE,TEMOZOLOMIDE,OV90,-0.340071083,3,0
12153,MITOMYCINE,TEMOZOLOMIDE,OVCAR3,-0.209103441,3,0
12155,MITOMYCINE,TEMOZOLOMIDE,RKO,-1.725086885,3,0
12157,MITOMYCINE,TEMOZOLOMIDE,SKMEL30,-3.107320222,3,0
12159,MITOMYCINE,TEMOZOLOMIDE,SKOV3,-13.45134758,3,0
12160,MITOMYCINE,TEMOZOLOMIDE,SW620,11.78497266,3,1
12162,MITOMYCINE,TEMOZOLOMIDE,T47D,-62.58065467,3,0
12163,MITOMYCINE,TEMOZOLOMIDE,UACC62,16.01041823,3,1
12164,MITOMYCINE,TEMOZOLOMIDE,UWB1289,15.11180963,3,1
12165,MITOMYCINE,TEMOZOLOMIDE,UWB1289BRCA1,36.62043072,3,1
12167,MITOMYCINE,TEMOZOLOMIDE,ZR751,-52.0442687,3,0
12168,MITOMYCINE,ZOLINZA,A2058,15.527145,3,1
12170,MITOMYCINE,ZOLINZA,A375,26.17640289,3,1
12171,MITOMYCINE,ZOLINZA,A427,-4.79932772,3,0
12172,MITOMYCINE,ZOLINZA,CAOV3,-1.668981448,3,0
12174,MITOMYCINE,ZOLINZA,DLD1,-14.00486986,3,0
12176,MITOMYCINE,ZOLINZA,ES2,20.59617485,3,1
12177,MITOMYCINE,ZOLINZA,HCT116,-8.78139394,3,0
12179,MITOMYCINE,ZOLINZA,HT29,14.82640633,3,1
12181,MITOMYCINE,ZOLINZA,LNCAP,31.86650313,3,1
12182,MITOMYCINE,ZOLINZA,LOVO,11.34832909,3,1
12183,MITOMYCINE,ZOLINZA,MDAMB436,13.11490697,3,1
12184,MITOMYCINE,ZOLINZA,MSTO,41.87827972,3,1
12185,MITOMYCINE,ZOLINZA,NCIH1650,-8.333526194,3,0
12186,MITOMYCINE,ZOLINZA,NCIH2122,15.6487429,3,1
12187,MITOMYCINE,ZOLINZA,NCIH23,-4.938387488,3,0
12192,MITOMYCINE,ZOLINZA,OVCAR3,-2.436315453,3,0
12193,MITOMYCINE,ZOLINZA,PA1,-5.937872556,3,0
12194,MITOMYCINE,ZOLINZA,RKO,-7.951285401,3,0
12196,MITOMYCINE,ZOLINZA,SKMEL30,-7.540591296,3,0
12197,MITOMYCINE,ZOLINZA,SKMES1,18.4533543,3,1
12198,MITOMYCINE,ZOLINZA,SKOV3,25.59877958,3,1
12199,MITOMYCINE,ZOLINZA,SW620,-4.302006485,3,0
12200,MITOMYCINE,ZOLINZA,SW837,12.78674889,3,1
12202,MITOMYCINE,ZOLINZA,UACC62,17.25035552,3,1
12203,MITOMYCINE,ZOLINZA,UWB1289,13.55174923,3,1
12204,MITOMYCINE,ZOLINZA,UWB1289BRCA1,15.76857685,3,1
12205,MITOMYCINE,ZOLINZA,VCAP,17.01842289,3,1
12206,MITOMYCINE,ZOLINZA,ZR751,-23.7886763,3,0
12207,MK-2206,ABT-888,A2058,17.26460603,4,1
12208,MK-2206,ABT-888,A2780,41.66715297,4,1
12211,MK-2206,ABT-888,CAOV3,44.58182702,4,1
12214,MK-2206,ABT-888,EFM192B,-6.531026478,4,0
12215,MK-2206,ABT-888,ES2,-5.721984829,4,0
12219,MK-2206,ABT-888,KPL1,32.40263584,4,1
12221,MK-2206,ABT-888,LOVO,-2.037890754,4,0
12223,MK-2206,ABT-888,MSTO,-2.182475002,4,0
12225,MK-2206,ABT-888,NCIH2122,11.73469332,4,1
12226,MK-2206,ABT-888,NCIH23,-1.177994214,4,0
12227,MK-2206,ABT-888,NCIH460,-6.799251203,4,0
12231,MK-2206,ABT-888,OVCAR3,11.1190228,4,1
12232,MK-2206,ABT-888,PA1,14.85810002,4,1
12240,MK-2206,ABT-888,T47D,-1.466143627,4,0
12242,MK-2206,ABT-888,UWB1289,17.95557497,4,1
12243,MK-2206,ABT-888,UWB1289BRCA1,21.57162423,4,1
12246,MK-2206,BEZ-235,A2058,57.29083468,2,1
12247,MK-2206,BEZ-235,A2780,46.28015781,2,1
12248,MK-2206,BEZ-235,A375,48.88394339,2,1
12249,MK-2206,BEZ-235,A427,56.38448433,2,1
12250,MK-2206,BEZ-235,CAOV3,80.54547349,2,1
12251,MK-2206,BEZ-235,COLO320DM,44.51643171,2,1
12252,MK-2206,BEZ-235,DLD1,39.77738319,2,1
12253,MK-2206,BEZ-235,EFM192B,20.28523561,2,1
12254,MK-2206,BEZ-235,ES2,25.17890994,2,1
12255,MK-2206,BEZ-235,HCT116,47.09585372,2,1
12256,MK-2206,BEZ-235,HT144,21.91145346,2,1
12257,MK-2206,BEZ-235,HT29,45.72154735,2,1
12258,MK-2206,BEZ-235,KPL1,60.48163016,2,1
12259,MK-2206,BEZ-235,LNCAP,83.7343656,2,1
12260,MK-2206,BEZ-235,LOVO,34.68018858,2,1
12261,MK-2206,BEZ-235,MDAMB436,42.18533791,2,1
12262,MK-2206,BEZ-235,MSTO,16.83205533,2,1
12263,MK-2206,BEZ-235,NCIH1650,40.36160508,2,1
12264,MK-2206,BEZ-235,NCIH2122,52.45911308,2,1
12265,MK-2206,BEZ-235,NCIH23,42.73329203,2,1
12266,MK-2206,BEZ-235,NCIH460,36.48709841,2,1
12267,MK-2206,BEZ-235,NCIH520,22.74961749,2,1
12268,MK-2206,BEZ-235,OCUBM,22.8758571,2,1
12269,MK-2206,BEZ-235,OV90,49.51245263,2,1
12270,MK-2206,BEZ-235,OVCAR3,31.98904394,2,1
12271,MK-2206,BEZ-235,PA1,52.15150414,2,1
12272,MK-2206,BEZ-235,RKO,32.23580867,2,1
12273,MK-2206,BEZ-235,RPMI7951,42.49059696,2,1
12274,MK-2206,BEZ-235,SKMEL30,55.44346212,2,1
12275,MK-2206,BEZ-235,SKMES1,34.64222861,2,1
12276,MK-2206,BEZ-235,SKOV3,41.00705113,2,1
12277,MK-2206,BEZ-235,SW620,39.25782587,2,1
12278,MK-2206,BEZ-235,SW837,42.21856907,2,1
12279,MK-2206,BEZ-235,T47D,84.54414889,2,1
12280,MK-2206,BEZ-235,UACC62,33.30443585,2,1
12281,MK-2206,BEZ-235,UWB1289,56.73857763,2,1
12282,MK-2206,BEZ-235,UWB1289BRCA1,64.82364584,2,1
12283,MK-2206,BEZ-235,VCAP,38.0703329,2,1
12284,MK-2206,BEZ-235,ZR751,36.75358024,2,1
12285,MK-2206,BORTEZOMIB,A2058,-0.385856976,4,0
12286,MK-2206,BORTEZOMIB,A2780,21.57883973,4,1
12287,MK-2206,BORTEZOMIB,A375,27.35312461,4,1
12288,MK-2206,BORTEZOMIB,A427,-0.942062624,4,0
12290,MK-2206,BORTEZOMIB,COLO320DM,-26.47411986,4,0
12292,MK-2206,BORTEZOMIB,EFM192B,-25.80877958,4,0
12293,MK-2206,BORTEZOMIB,ES2,-2.450428918,4,0
12295,MK-2206,BORTEZOMIB,HT144,-7.716251199,4,0
12296,MK-2206,BORTEZOMIB,HT29,-24.83132752,4,0
12297,MK-2206,BORTEZOMIB,KPL1,21.84089458,4,1
12300,MK-2206,BORTEZOMIB,MDAMB436,-16.37034622,4,0
12301,MK-2206,BORTEZOMIB,MSTO,64.83379718,4,1
12302,MK-2206,BORTEZOMIB,NCIH1650,-18.08187321,4,0
12303,MK-2206,BORTEZOMIB,NCIH2122,12.30387893,4,1
12304,MK-2206,BORTEZOMIB,NCIH23,-4.261548093,4,0
12306,MK-2206,BORTEZOMIB,NCIH520,-32.57259499,4,0
12307,MK-2206,BORTEZOMIB,OCUBM,-15.50090224,4,0
12308,MK-2206,BORTEZOMIB,OV90,-21.56278244,4,0
12309,MK-2206,BORTEZOMIB,OVCAR3,-19.64009397,4,0
12311,MK-2206,BORTEZOMIB,RKO,15.03903262,4,1
12312,MK-2206,BORTEZOMIB,RPMI7951,-16.10889897,4,0
12313,MK-2206,BORTEZOMIB,SKMEL30,-0.616849632,4,0
12314,MK-2206,BORTEZOMIB,SKMES1,-12.31546068,4,0
12317,MK-2206,BORTEZOMIB,SW837,15.30750309,4,1
12318,MK-2206,BORTEZOMIB,T47D,-10.6691753,4,0
12319,MK-2206,BORTEZOMIB,UACC62,-17.88266052,4,0
12320,MK-2206,BORTEZOMIB,UWB1289,-30.21339624,4,0
12322,MK-2206,BORTEZOMIB,VCAP,-13.71988607,4,0
12323,MK-2206,BORTEZOMIB,ZR751,-11.98836512,4,0
12324,MK-2206,DASATINIB,A2058,89.36773897,4,1
12325,MK-2206,DASATINIB,A2780,112.0310331,4,1
12326,MK-2206,DASATINIB,A375,74.12786525,4,1
12327,MK-2206,DASATINIB,A427,32.03986248,4,1
12328,MK-2206,DASATINIB,CAOV3,22.2114998,4,1
12329,MK-2206,DASATINIB,COLO320DM,15.49523123,4,1
12330,MK-2206,DASATINIB,DLD1,53.19373088,4,1
12331,MK-2206,DASATINIB,EFM192B,11.2205055,4,1
12332,MK-2206,DASATINIB,ES2,19.81878053,4,1
12333,MK-2206,DASATINIB,HCT116,41.31261768,4,1
12334,MK-2206,DASATINIB,HT144,20.48160674,4,1
12335,MK-2206,DASATINIB,HT29,92.67634771,4,1
12336,MK-2206,DASATINIB,KPL1,27.99785987,4,1
12337,MK-2206,DASATINIB,LNCAP,34.47084272,4,1
12338,MK-2206,DASATINIB,LOVO,58.9528984,4,1
12339,MK-2206,DASATINIB,MDAMB436,46.42935527,4,1
12340,MK-2206,DASATINIB,MSTO,88.33317664,4,1
12341,MK-2206,DASATINIB,NCIH1650,79.33795464,4,1
12342,MK-2206,DASATINIB,NCIH2122,62.33808977,4,1
12343,MK-2206,DASATINIB,NCIH23,38.73707855,4,1
12344,MK-2206,DASATINIB,NCIH460,52.99748664,4,1
12345,MK-2206,DASATINIB,NCIH520,60.18384285,4,1
12346,MK-2206,DASATINIB,OCUBM,11.56640787,4,1
12347,MK-2206,DASATINIB,OV90,58.60538753,4,1
12348,MK-2206,DASATINIB,OVCAR3,66.16723317,4,1
12349,MK-2206,DASATINIB,PA1,23.39793476,4,1
12350,MK-2206,DASATINIB,RKO,80.05392223,4,1
12351,MK-2206,DASATINIB,RPMI7951,24.38109623,4,1
12352,MK-2206,DASATINIB,SKMEL30,-1.667679652,4,0
12353,MK-2206,DASATINIB,SKMES1,40.56600647,4,1
12354,MK-2206,DASATINIB,SKOV3,33.25620059,4,1
12355,MK-2206,DASATINIB,SW620,43.8597303,4,1
12356,MK-2206,DASATINIB,SW837,72.99388724,4,1
12357,MK-2206,DASATINIB,T47D,19.00673314,4,1
12358,MK-2206,DASATINIB,UACC62,55.61194107,4,1
12359,MK-2206,DASATINIB,UWB1289,17.50426427,4,1
12360,MK-2206,DASATINIB,UWB1289BRCA1,-0.197695234,4,0
12361,MK-2206,DASATINIB,VCAP,23.30637616,4,1
12362,MK-2206,DASATINIB,ZR751,27.6223492,4,1
12365,MK-2206,DINACICLIB,A375,13.21444861,4,1
12367,MK-2206,DINACICLIB,CAOV3,19.17342288,4,1
12369,MK-2206,DINACICLIB,DLD1,16.13189406,4,1
12370,MK-2206,DINACICLIB,EFM192B,-9.487770168,4,0
12371,MK-2206,DINACICLIB,ES2,14.67025401,4,1
12374,MK-2206,DINACICLIB,HT29,15.53663965,4,1
12375,MK-2206,DINACICLIB,KPL1,19.9922578,4,1
12377,MK-2206,DINACICLIB,LOVO,-3.322099861,4,0
12378,MK-2206,DINACICLIB,MDAMB436,16.50198666,4,1
12379,MK-2206,DINACICLIB,MSTO,13.17617367,4,1
12380,MK-2206,DINACICLIB,NCIH1650,-1.318487171,4,0
12381,MK-2206,DINACICLIB,NCIH2122,22.15971465,4,1
12382,MK-2206,DINACICLIB,NCIH23,12.91859829,4,1
12385,MK-2206,DINACICLIB,OCUBM,-10.93076883,4,0
12389,MK-2206,DINACICLIB,RKO,10.85354146,4,1
12393,MK-2206,DINACICLIB,SKOV3,-0.318376124,4,0
12395,MK-2206,DINACICLIB,SW837,-0.448306534,4,0
12397,MK-2206,DINACICLIB,UACC62,12.41364748,4,1
12399,MK-2206,DINACICLIB,UWB1289BRCA1,13.93126775,4,1
12400,MK-2206,DINACICLIB,VCAP,-20.90269332,4,0
12402,MK-2206,ERLOTINIB,A2058,21.79260475,1,1
12403,MK-2206,ERLOTINIB,A2780,36.05292457,1,1
12404,MK-2206,ERLOTINIB,A375,10.56234761,1,1
12406,MK-2206,ERLOTINIB,CAOV3,32.50004987,1,1
12407,MK-2206,ERLOTINIB,COLO320DM,21.05507776,1,1
12408,MK-2206,ERLOTINIB,DLD1,55.24974748,1,1
12409,MK-2206,ERLOTINIB,EFM192B,10.65187046,1,1
12410,MK-2206,ERLOTINIB,ES2,-7.060780948,1,0
12411,MK-2206,ERLOTINIB,HCT116,22.49685919,1,1
12412,MK-2206,ERLOTINIB,HT144,20.26133122,1,1
12413,MK-2206,ERLOTINIB,HT29,44.43340782,1,1
12414,MK-2206,ERLOTINIB,KPL1,56.0780394,1,1
12416,MK-2206,ERLOTINIB,LOVO,32.11986629,1,1
12417,MK-2206,ERLOTINIB,MDAMB436,17.51415397,1,1
12418,MK-2206,ERLOTINIB,MSTO,66.78584124,1,1
12419,MK-2206,ERLOTINIB,NCIH1650,41.98183592,1,1
12420,MK-2206,ERLOTINIB,NCIH2122,66.62353806,1,1
12421,MK-2206,ERLOTINIB,NCIH23,28.34092689,1,1
12422,MK-2206,ERLOTINIB,NCIH460,22.95310715,1,1
12423,MK-2206,ERLOTINIB,NCIH520,15.53172795,1,1
12424,MK-2206,ERLOTINIB,OCUBM,24.66164751,1,1
12425,MK-2206,ERLOTINIB,OV90,14.72871887,1,1
12426,MK-2206,ERLOTINIB,OVCAR3,44.75582631,1,1
12427,MK-2206,ERLOTINIB,PA1,20.26015608,1,1
12428,MK-2206,ERLOTINIB,RKO,17.29427308,1,1
12429,MK-2206,ERLOTINIB,RPMI7951,24.83858159,1,1
12431,MK-2206,ERLOTINIB,SKMES1,55.93520513,1,1
12432,MK-2206,ERLOTINIB,SKOV3,58.80524209,1,1
12433,MK-2206,ERLOTINIB,SW620,-2.159067819,1,0
12434,MK-2206,ERLOTINIB,SW837,89.3189494,1,1
12435,MK-2206,ERLOTINIB,T47D,-3.958176299,1,0
12436,MK-2206,ERLOTINIB,UACC62,38.33333565,1,1
12437,MK-2206,ERLOTINIB,UWB1289,62.739321,1,1
12438,MK-2206,ERLOTINIB,UWB1289BRCA1,52.41325453,1,1
12439,MK-2206,ERLOTINIB,VCAP,24.62671243,1,1
12440,MK-2206,ERLOTINIB,ZR751,51.87789229,1,1
12441,MK-2206,GELDANAMYCIN,A2058,18.79238216,3,1
12442,MK-2206,GELDANAMYCIN,A2780,41.57486072,3,1
12443,MK-2206,GELDANAMYCIN,A375,19.28095881,3,1
12444,MK-2206,GELDANAMYCIN,A427,13.67516541,3,1
12445,MK-2206,GELDANAMYCIN,CAOV3,28.82144726,3,1
12447,MK-2206,GELDANAMYCIN,DLD1,18.90345046,3,1
12448,MK-2206,GELDANAMYCIN,EFM192B,-39.28309317,3,0
12449,MK-2206,GELDANAMYCIN,ES2,12.47101696,3,1
12450,MK-2206,GELDANAMYCIN,HCT116,24.21573593,3,1
12451,MK-2206,GELDANAMYCIN,HT144,22.06944678,3,1
12452,MK-2206,GELDANAMYCIN,HT29,10.95463962,3,1
12453,MK-2206,GELDANAMYCIN,KPL1,17.72724275,3,1
12454,MK-2206,GELDANAMYCIN,LNCAP,21.10356278,3,1
12455,MK-2206,GELDANAMYCIN,LOVO,-9.939653471,3,0
12456,MK-2206,GELDANAMYCIN,MDAMB436,20.03940125,3,1
12457,MK-2206,GELDANAMYCIN,MSTO,-23.86586022,3,0
12458,MK-2206,GELDANAMYCIN,NCIH1650,24.90280259,3,1
12459,MK-2206,GELDANAMYCIN,NCIH2122,18.08331949,3,1
12460,MK-2206,GELDANAMYCIN,NCIH23,-0.12464385,3,0
12461,MK-2206,GELDANAMYCIN,NCIH460,22.0536525,3,1
12462,MK-2206,GELDANAMYCIN,NCIH520,-23.0962683,3,0
12464,MK-2206,GELDANAMYCIN,OV90,-4.240352032,3,0
12465,MK-2206,GELDANAMYCIN,OVCAR3,-26.30605614,3,0
12466,MK-2206,GELDANAMYCIN,PA1,16.87831433,3,1
12468,MK-2206,GELDANAMYCIN,RPMI7951,-6.624576626,3,0
12470,MK-2206,GELDANAMYCIN,SKMES1,13.27581522,3,1
12471,MK-2206,GELDANAMYCIN,SKOV3,10.80111243,3,1
12473,MK-2206,GELDANAMYCIN,SW837,12.27909825,3,1
12474,MK-2206,GELDANAMYCIN,T47D,-5.361513501,3,0
12475,MK-2206,GELDANAMYCIN,UACC62,25.40389574,3,1
12476,MK-2206,GELDANAMYCIN,UWB1289,-18.66644822,3,0
12477,MK-2206,GELDANAMYCIN,UWB1289BRCA1,-5.563222549,3,0
12478,MK-2206,GELDANAMYCIN,VCAP,-5.151226471,3,0
12480,MK-2206,MK-8669,A2058,51.39896885,2,1
12481,MK-2206,MK-8669,A2780,38.25235608,2,1
12482,MK-2206,MK-8669,A375,40.99865157,2,1
12483,MK-2206,MK-8669,A427,47.43161635,2,1
12484,MK-2206,MK-8669,CAOV3,81.85686923,2,1
12486,MK-2206,MK-8669,DLD1,41.25703676,2,1
12487,MK-2206,MK-8669,EFM192B,28.40488637,2,1
12488,MK-2206,MK-8669,ES2,22.15919257,2,1
12489,MK-2206,MK-8669,HCT116,19.41205013,2,1
12490,MK-2206,MK-8669,HT144,46.10446714,2,1
12491,MK-2206,MK-8669,HT29,43.32751631,2,1
12492,MK-2206,MK-8669,KPL1,85.90195078,2,1
12493,MK-2206,MK-8669,LNCAP,14.28761122,2,1
12494,MK-2206,MK-8669,LOVO,30.82017419,2,1
12495,MK-2206,MK-8669,MDAMB436,31.68517624,2,1
12496,MK-2206,MK-8669,MSTO,74.83609048,2,1
12497,MK-2206,MK-8669,NCIH1650,37.1826567,2,1
12498,MK-2206,MK-8669,NCIH2122,40.5134608,2,1
12499,MK-2206,MK-8669,NCIH23,22.92032817,2,1
12500,MK-2206,MK-8669,NCIH460,29.84057095,2,1
12501,MK-2206,MK-8669,NCIH520,31.05193118,2,1
12502,MK-2206,MK-8669,OCUBM,29.2551126,2,1
12503,MK-2206,MK-8669,OV90,79.39449774,2,1
12504,MK-2206,MK-8669,OVCAR3,22.41834712,2,1
12505,MK-2206,MK-8669,PA1,52.89368294,2,1
12506,MK-2206,MK-8669,RKO,40.77521737,2,1
12507,MK-2206,MK-8669,RPMI7951,52.67032056,2,1
12508,MK-2206,MK-8669,SKMEL30,57.99074065,2,1
12509,MK-2206,MK-8669,SKMES1,50.55044864,2,1
12510,MK-2206,MK-8669,SKOV3,79.35380752,2,1
12511,MK-2206,MK-8669,SW620,19.72651031,2,1
12513,MK-2206,MK-8669,T47D,17.02929067,2,1
12514,MK-2206,MK-8669,UACC62,42.45413159,2,1
12515,MK-2206,MK-8669,UWB1289,43.8837657,2,1
12516,MK-2206,MK-8669,UWB1289BRCA1,31.16016459,2,1
12517,MK-2206,MK-8669,VCAP,21.68451619,2,1
12518,MK-2206,MK-8669,ZR751,34.53419147,2,1
12519,MK-2206,MK-8776,A2058,20.10843092,4,1
12520,MK-2206,MK-8776,A2780,24.7553892,4,1
12521,MK-2206,MK-8776,A375,22.58707872,4,1
12523,MK-2206,MK-8776,CAOV3,51.24397386,4,1
12527,MK-2206,MK-8776,ES2,13.79617519,4,1
12529,MK-2206,MK-8776,HT144,32.06715543,4,1
12530,MK-2206,MK-8776,HT29,32.56727692,4,1
12531,MK-2206,MK-8776,KPL1,36.22384688,4,1
12532,MK-2206,MK-8776,LNCAP,21.3726406,4,1
12533,MK-2206,MK-8776,LOVO,26.08727601,4,1
12534,MK-2206,MK-8776,MDAMB436,16.03063698,4,1
12535,MK-2206,MK-8776,MSTO,34.5066659,4,1
12537,MK-2206,MK-8776,NCIH2122,-9.815362915,4,0
12538,MK-2206,MK-8776,NCIH23,14.37553711,4,1
12540,MK-2206,MK-8776,NCIH520,20.65597335,4,1
12541,MK-2206,MK-8776,OCUBM,11.24960377,4,1
12542,MK-2206,MK-8776,OV90,15.05999661,4,1
12543,MK-2206,MK-8776,OVCAR3,10.79821586,4,1
12544,MK-2206,MK-8776,PA1,23.96791397,4,1
12545,MK-2206,MK-8776,RKO,19.28362083,4,1
12546,MK-2206,MK-8776,RPMI7951,-11.07931925,4,0
12547,MK-2206,MK-8776,SKMEL30,11.03335766,4,1
12548,MK-2206,MK-8776,SKMES1,20.35503268,4,1
12549,MK-2206,MK-8776,SKOV3,-0.92917063,4,0
12550,MK-2206,MK-8776,SW620,-11.87177244,4,0
12552,MK-2206,MK-8776,T47D,-20.37842303,4,0
12553,MK-2206,MK-8776,UACC62,31.72532947,4,1
12554,MK-2206,MK-8776,UWB1289,-12.86063049,4,0
12555,MK-2206,MK-8776,UWB1289BRCA1,-12.23624869,4,0
12556,MK-2206,MK-8776,VCAP,28.09255419,4,1
12557,MK-2206,MK-8776,ZR751,17.50846842,4,1
12558,MK-2206,OXALIPLATIN,A2058,-9.986970982,4,0
12559,MK-2206,OXALIPLATIN,A2780,-9.73469332,4,0
12560,MK-2206,OXALIPLATIN,A375,-17.8254914,4,0
12561,MK-2206,OXALIPLATIN,A427,-17.79351704,4,0
12563,MK-2206,OXALIPLATIN,COLO320DM,-10.66579134,4,0
12564,MK-2206,OXALIPLATIN,DLD1,-5.460670706,4,0
12565,MK-2206,OXALIPLATIN,EFM192B,-32.9817609,4,0
12566,MK-2206,OXALIPLATIN,ES2,-13.61733275,4,0
12567,MK-2206,OXALIPLATIN,HCT116,-9.371660739,4,0
12568,MK-2206,OXALIPLATIN,HT144,-12.2398211,4,0
12570,MK-2206,OXALIPLATIN,KPL1,-15.6877218,4,0
12571,MK-2206,OXALIPLATIN,LNCAP,-17.73364224,4,0
12572,MK-2206,OXALIPLATIN,LOVO,-8.652099811,4,0
12573,MK-2206,OXALIPLATIN,MDAMB436,-15.43254491,4,0
12574,MK-2206,OXALIPLATIN,MSTO,-39.5141783,4,0
12575,MK-2206,OXALIPLATIN,NCIH1650,-14.14235256,4,0
12576,MK-2206,OXALIPLATIN,NCIH2122,-18.65831622,4,0
12577,MK-2206,OXALIPLATIN,NCIH23,-25.13135473,4,0
12578,MK-2206,OXALIPLATIN,NCIH460,-36.83237217,4,0
12579,MK-2206,OXALIPLATIN,NCIH520,-12.99181926,4,0
12580,MK-2206,OXALIPLATIN,OCUBM,-41.13762885,4,0
12581,MK-2206,OXALIPLATIN,OV90,-13.10962765,4,0
12582,MK-2206,OXALIPLATIN,OVCAR3,-24.9069041,4,0
12583,MK-2206,OXALIPLATIN,PA1,-22.30731087,4,0
12584,MK-2206,OXALIPLATIN,RKO,-17.0946074,4,0
12585,MK-2206,OXALIPLATIN,RPMI7951,-31.7843906,4,0
12586,MK-2206,OXALIPLATIN,SKMEL30,-3.8687764,4,0
12588,MK-2206,OXALIPLATIN,SKOV3,-24.96991714,4,0
12589,MK-2206,OXALIPLATIN,SW620,-5.807655805,4,0
12592,MK-2206,OXALIPLATIN,UACC62,-13.07668575,4,0
12594,MK-2206,OXALIPLATIN,UWB1289BRCA1,-2.66539085,4,0
12595,MK-2206,OXALIPLATIN,VCAP,-21.21168925,4,0
12596,MK-2206,OXALIPLATIN,ZR751,-9.77087343,4,0
12597,MK-2206,PD325901,A2058,45.15288676,4,1
12598,MK-2206,PD325901,A2780,81.99827512,4,1
12599,MK-2206,PD325901,A375,16.56788128,4,1
12600,MK-2206,PD325901,A427,43.39414118,4,1
12601,MK-2206,PD325901,CAOV3,68.54531014,4,1
12602,MK-2206,PD325901,COLO320DM,-1.434498425,4,0
12603,MK-2206,PD325901,DLD1,36.72904523,4,1
12604,MK-2206,PD325901,EFM192B,-5.184323041,4,0
12605,MK-2206,PD325901,ES2,20.26824364,4,1
12606,MK-2206,PD325901,HCT116,38.16283319,4,1
12607,MK-2206,PD325901,HT144,21.7885274,4,1
12608,MK-2206,PD325901,HT29,40.04670144,4,1
12609,MK-2206,PD325901,KPL1,51.11354744,4,1
12610,MK-2206,PD325901,LNCAP,14.9212162,4,1
12611,MK-2206,PD325901,LOVO,40.30703362,4,1
12612,MK-2206,PD325901,MDAMB436,11.65015689,4,1
12613,MK-2206,PD325901,MSTO,-9.942050809,4,0
12614,MK-2206,PD325901,NCIH1650,-0.959110819,4,0
12615,MK-2206,PD325901,NCIH2122,54.43648537,4,1
12616,MK-2206,PD325901,NCIH23,23.18385932,4,1
12617,MK-2206,PD325901,NCIH460,65.94852535,4,1
12618,MK-2206,PD325901,NCIH520,-2.174767077,4,0
12619,MK-2206,PD325901,OCUBM,-4.661767125,4,0
12620,MK-2206,PD325901,OV90,29.71348596,4,1
12621,MK-2206,PD325901,OVCAR3,34.11987924,4,1
12622,MK-2206,PD325901,PA1,36.46015222,4,1
12623,MK-2206,PD325901,RKO,33.83286488,4,1
12624,MK-2206,PD325901,RPMI7951,36.22199551,4,1
12625,MK-2206,PD325901,SKMEL30,25.18153768,4,1
12626,MK-2206,PD325901,SKMES1,33.98259028,4,1
12627,MK-2206,PD325901,SKOV3,51.48965792,4,1
12629,MK-2206,PD325901,SW837,44.91738708,4,1
12630,MK-2206,PD325901,T47D,21.63398304,4,1
12631,MK-2206,PD325901,UACC62,33.04398437,4,1
12632,MK-2206,PD325901,UWB1289,74.34803554,4,1
12633,MK-2206,PD325901,UWB1289BRCA1,53.68988145,4,1
12634,MK-2206,PD325901,VCAP,-23.95662941,4,0
12635,MK-2206,PD325901,ZR751,41.92638833,4,1
12636,MK-2206,SN-38,A2058,17.17302405,1,1
12637,MK-2206,SN-38,A2780,17.46964511,1,1
12638,MK-2206,SN-38,A375,45.8996785,1,1
12639,MK-2206,SN-38,A427,12.94853319,1,1
12640,MK-2206,SN-38,CAOV3,42.78067507,1,1
12641,MK-2206,SN-38,COLO320DM,18.15787537,1,1
12642,MK-2206,SN-38,DLD1,15.09832624,1,1
12643,MK-2206,SN-38,EFM192B,-0.287441677,1,0
12644,MK-2206,SN-38,ES2,27.8859788,1,1
12645,MK-2206,SN-38,HCT116,21.84103257,1,1
12646,MK-2206,SN-38,HT144,44.70688808,1,1
12647,MK-2206,SN-38,HT29,18.0163068,1,1
12648,MK-2206,SN-38,KPL1,53.37997312,1,1
12651,MK-2206,SN-38,MDAMB436,25.15511215,1,1
12652,MK-2206,SN-38,MSTO,29.72784954,1,1
12653,MK-2206,SN-38,NCIH1650,10.93289669,1,1
12654,MK-2206,SN-38,NCIH2122,28.11154494,1,1
12655,MK-2206,SN-38,NCIH23,11.39312061,1,1
12656,MK-2206,SN-38,NCIH460,29.87963482,1,1
12657,MK-2206,SN-38,NCIH520,16.22610932,1,1
12659,MK-2206,SN-38,OV90,21.65611717,1,1
12661,MK-2206,SN-38,PA1,26.87176908,1,1
12662,MK-2206,SN-38,RKO,42.49491349,1,1
12663,MK-2206,SN-38,RPMI7951,19.29030915,1,1
12664,MK-2206,SN-38,SKMEL30,29.42773145,1,1
12665,MK-2206,SN-38,SKMES1,16.0042665,1,1
12667,MK-2206,SN-38,SW620,18.32182336,1,1
12668,MK-2206,SN-38,SW837,22.67472412,1,1
12669,MK-2206,SN-38,T47D,53.95219497,1,1
12670,MK-2206,SN-38,UACC62,35.03718369,1,1
12671,MK-2206,SN-38,UWB1289,14.98723849,1,1
12672,MK-2206,SN-38,UWB1289BRCA1,21.52032736,1,1
12673,MK-2206,SN-38,VCAP,25.11698704,1,1
12674,MK-2206,SN-38,ZR751,22.1170255,1,1
12675,MK-2206,SORAFENIB,A2058,15.76663931,4,1
12676,MK-2206,SORAFENIB,A2780,14.19425137,4,1
12677,MK-2206,SORAFENIB,A375,22.70902784,4,1
12678,MK-2206,SORAFENIB,A427,25.38496314,4,1
12679,MK-2206,SORAFENIB,CAOV3,15.82791019,4,1
12680,MK-2206,SORAFENIB,COLO320DM,15.42844445,4,1
12681,MK-2206,SORAFENIB,DLD1,26.77027483,4,1
12682,MK-2206,SORAFENIB,EFM192B,-9.054622087,4,0
12683,MK-2206,SORAFENIB,ES2,14.66097501,4,1
12684,MK-2206,SORAFENIB,HCT116,30.04669652,4,1
12685,MK-2206,SORAFENIB,HT144,10.2673132,4,1
12686,MK-2206,SORAFENIB,HT29,17.99909536,4,1
12687,MK-2206,SORAFENIB,KPL1,16.76765765,4,1
12688,MK-2206,SORAFENIB,LNCAP,-1.506842154,4,0
12691,MK-2206,SORAFENIB,MSTO,-5.999380895,4,0
12693,MK-2206,SORAFENIB,NCIH2122,17.44175462,4,1
12694,MK-2206,SORAFENIB,NCIH23,11.34429503,4,1
12695,MK-2206,SORAFENIB,NCIH460,18.53855695,4,1
12696,MK-2206,SORAFENIB,NCIH520,13.5470429,4,1
12698,MK-2206,SORAFENIB,OV90,13.2031043,4,1
12699,MK-2206,SORAFENIB,OVCAR3,-12.53227498,4,0
12700,MK-2206,SORAFENIB,PA1,14.81323678,4,1
12701,MK-2206,SORAFENIB,RKO,27.35394716,4,1
12703,MK-2206,SORAFENIB,SKMEL30,17.91018632,4,1
12704,MK-2206,SORAFENIB,SKMES1,13.82545033,4,1
12705,MK-2206,SORAFENIB,SKOV3,18.15689927,4,1
12706,MK-2206,SORAFENIB,SW620,15.84699137,4,1
12707,MK-2206,SORAFENIB,SW837,24.8742412,4,1
12709,MK-2206,SORAFENIB,UACC62,12.50639206,4,1
12710,MK-2206,SORAFENIB,UWB1289,12.60312444,4,1
12711,MK-2206,SORAFENIB,UWB1289BRCA1,15.15220467,4,1
12713,MK-2206,SORAFENIB,ZR751,-9.844146023,4,0
12715,MK-2206,TOPOTECAN,A2780,17.17410194,0,1
12716,MK-2206,TOPOTECAN,A375,20.77997709,0,1
12717,MK-2206,TOPOTECAN,A427,31.93715244,0,1
12718,MK-2206,TOPOTECAN,CAOV3,17.51381317,0,1
12719,MK-2206,TOPOTECAN,COLO320DM,22.94228585,0,1
12721,MK-2206,TOPOTECAN,EFM192B,-4.25075032,0,0
12722,MK-2206,TOPOTECAN,ES2,19.58686228,0,1
12723,MK-2206,TOPOTECAN,HCT116,32.57503221,0,1
12724,MK-2206,TOPOTECAN,HT144,24.22545447,0,1
12726,MK-2206,TOPOTECAN,KPL1,52.12661745,0,1
12727,MK-2206,TOPOTECAN,LNCAP,-201.1613889,0,0
12728,MK-2206,TOPOTECAN,LOVO,29.40647247,0,1
12729,MK-2206,TOPOTECAN,MDAMB436,17.52001779,0,1
12730,MK-2206,TOPOTECAN,MSTO,23.81165745,0,1
12731,MK-2206,TOPOTECAN,NCIH1650,17.60327227,0,1
12732,MK-2206,TOPOTECAN,NCIH2122,29.2997604,0,1
12733,MK-2206,TOPOTECAN,NCIH23,19.54724285,0,1
12734,MK-2206,TOPOTECAN,NCIH460,22.44459969,0,1
12735,MK-2206,TOPOTECAN,NCIH520,33.89400746,0,1
12737,MK-2206,TOPOTECAN,OV90,33.98540792,0,1
12738,MK-2206,TOPOTECAN,OVCAR3,-1.81823831,0,0
12740,MK-2206,TOPOTECAN,RKO,37.06036715,0,1
12742,MK-2206,TOPOTECAN,SKMEL30,21.88284896,0,1
12743,MK-2206,TOPOTECAN,SKMES1,24.28846558,0,1
12744,MK-2206,TOPOTECAN,SKOV3,14.65948271,0,1
12745,MK-2206,TOPOTECAN,SW620,22.96568118,0,1
12746,MK-2206,TOPOTECAN,SW837,33.06138247,0,1
12747,MK-2206,TOPOTECAN,T47D,21.53741412,0,1
12748,MK-2206,TOPOTECAN,UACC62,14.31952279,0,1
12749,MK-2206,TOPOTECAN,UWB1289,-0.549408022,0,0
12750,MK-2206,TOPOTECAN,UWB1289BRCA1,26.37377944,0,1
12751,MK-2206,TOPOTECAN,VCAP,30.99670532,0,1
12752,MK-2206,TOPOTECAN,ZR751,31.52488246,0,1
12756,MK-4541,5-FU,A427,10.57366047,4,1
12757,MK-4541,5-FU,CAOV3,16.09691266,4,1
12760,MK-4541,5-FU,EFM192B,-7.718890468,4,0
12763,MK-4541,5-FU,HT144,-7.527043135,4,0
12765,MK-4541,5-FU,KPL1,-5.648161914,4,0
12767,MK-4541,5-FU,LOVO,-16.46662416,4,0
12769,MK-4541,5-FU,MSTO,-80.26122358,4,0
12770,MK-4541,5-FU,NCIH1650,-1.112977951,4,0
12772,MK-4541,5-FU,NCIH23,-9.29143896,4,0
12773,MK-4541,5-FU,NCIH460,-0.891262209,4,0
12774,MK-4541,5-FU,NCIH520,-4.043481965,4,0
12776,MK-4541,5-FU,OV90,-8.997266918,4,0
12777,MK-4541,5-FU,OVCAR3,-5.692790831,4,0
12780,MK-4541,5-FU,RPMI7951,-1.771860172,4,0
12781,MK-4541,5-FU,SKMEL30,13.81510459,4,1
12782,MK-4541,5-FU,SKMES1,-7.634056037,4,0
12783,MK-4541,5-FU,SKOV3,-5.473316984,4,0
12784,MK-4541,5-FU,SW620,-2.471803122,4,0
12785,MK-4541,5-FU,SW837,-9.588295701,4,0
12788,MK-4541,5-FU,UWB1289,-0.418224139,4,0
12790,MK-4541,5-FU,VCAP,21.21463716,4,1
12791,MK-4541,5-FU,ZR751,-1.786734332,4,0
12793,MK-4541,ABT-888,A2780,10.31384319,4,1
12794,MK-4541,ABT-888,A375,-2.931919871,4,0
12797,MK-4541,ABT-888,COLO320DM,11.92637934,4,1
12799,MK-4541,ABT-888,EFM192B,-3.494799639,4,0
12800,MK-4541,ABT-888,ES2,-3.244305382,4,0
12801,MK-4541,ABT-888,HCT116,-12.57239664,4,0
12802,MK-4541,ABT-888,HT144,-3.578041243,4,0
12804,MK-4541,ABT-888,KPL1,21.83213382,4,1
12805,MK-4541,ABT-888,LNCAP,34.64841764,4,1
12806,MK-4541,ABT-888,LOVO,-2.763945186,4,0
12808,MK-4541,ABT-888,MSTO,16.386952,4,1
12809,MK-4541,ABT-888,NCIH1650,-6.8275167,4,0
12810,MK-4541,ABT-888,NCIH2122,-5.243410715,4,0
12811,MK-4541,ABT-888,NCIH23,-5.232170296,4,0
12812,MK-4541,ABT-888,NCIH460,-15.519045,4,0
12814,MK-4541,ABT-888,OCUBM,37.19949889,4,1
12815,MK-4541,ABT-888,OV90,-4.191866854,4,0
12816,MK-4541,ABT-888,OVCAR3,-2.418502648,4,0
12817,MK-4541,ABT-888,PA1,20.6647562,4,1
12818,MK-4541,ABT-888,RKO,-3.486079077,4,0
12819,MK-4541,ABT-888,RPMI7951,-8.328130131,4,0
12820,MK-4541,ABT-888,SKMEL30,-13.51838807,4,0
12824,MK-4541,ABT-888,SW837,-9.544528115,4,0
12825,MK-4541,ABT-888,T47D,-16.1532543,4,0
12826,MK-4541,ABT-888,UACC62,-18.06682227,4,0
12827,MK-4541,ABT-888,UWB1289,12.43550664,4,1
12828,MK-4541,ABT-888,UWB1289BRCA1,-11.50841711,4,0
12829,MK-4541,ABT-888,VCAP,15.49127566,4,1
12830,MK-4541,ABT-888,ZR751,-17.20156062,4,0
12831,MK-4541,AZD1775,A2058,10.80765939,3,1
12834,MK-4541,AZD1775,A427,18.02338067,3,1
12840,MK-4541,AZD1775,HCT116,-7.038232534,3,0
12843,MK-4541,AZD1775,KPL1,20.75766034,3,1
12844,MK-4541,AZD1775,LNCAP,-13.39307381,3,0
12848,MK-4541,AZD1775,NCIH1650,11.33527534,3,1
12849,MK-4541,AZD1775,NCIH2122,-0.390336701,3,0
12851,MK-4541,AZD1775,NCIH460,-2.524403738,3,0
12853,MK-4541,AZD1775,OCUBM,23.96946747,3,1
12854,MK-4541,AZD1775,OV90,-6.361245142,3,0
12855,MK-4541,AZD1775,OVCAR3,10.28309876,3,1
12858,MK-4541,AZD1775,RPMI7951,10.13235462,3,1
12861,MK-4541,AZD1775,SKOV3,22.56598876,3,1
12863,MK-4541,AZD1775,SW837,-4.140664186,3,0
12864,MK-4541,AZD1775,T47D,-10.92011243,3,0
12865,MK-4541,AZD1775,UACC62,12.48014009,3,1
12866,MK-4541,AZD1775,UWB1289,93.77139048,3,1
12868,MK-4541,AZD1775,VCAP,18.54747906,3,1
12869,MK-4541,AZD1775,ZR751,-8.860479122,3,0
12870,MK-4541,BEZ-235,A2058,12.10231784,3,1
12871,MK-4541,BEZ-235,A2780,33.6374407,3,1
12872,MK-4541,BEZ-235,A375,11.89657311,3,1
12873,MK-4541,BEZ-235,A427,23.14197988,3,1
12874,MK-4541,BEZ-235,CAOV3,-0.185509761,3,0
12875,MK-4541,BEZ-235,COLO320DM,27.6884207,3,1
12876,MK-4541,BEZ-235,DLD1,12.77826228,3,1
12877,MK-4541,BEZ-235,EFM192B,27.90001865,3,1
12878,MK-4541,BEZ-235,ES2,16.82442271,3,1
12879,MK-4541,BEZ-235,HCT116,16.12527343,3,1
12880,MK-4541,BEZ-235,HT144,11.25439052,3,1
12881,MK-4541,BEZ-235,HT29,25.09658443,3,1
12882,MK-4541,BEZ-235,KPL1,23.58865757,3,1
12883,MK-4541,BEZ-235,LNCAP,103.2094953,3,1
12884,MK-4541,BEZ-235,LOVO,22.93872493,3,1
12885,MK-4541,BEZ-235,MDAMB436,29.08032076,3,1
12886,MK-4541,BEZ-235,MSTO,17.69731939,3,1
12887,MK-4541,BEZ-235,NCIH1650,11.67941646,3,1
12888,MK-4541,BEZ-235,NCIH2122,15.01954022,3,1
12890,MK-4541,BEZ-235,NCIH460,21.93529537,3,1
12891,MK-4541,BEZ-235,NCIH520,24.34037558,3,1
12892,MK-4541,BEZ-235,OCUBM,40.02260102,3,1
12893,MK-4541,BEZ-235,OV90,22.77805067,3,1
12895,MK-4541,BEZ-235,PA1,34.3854162,3,1
12897,MK-4541,BEZ-235,RPMI7951,27.10043166,3,1
12898,MK-4541,BEZ-235,SKMEL30,37.68878854,3,1
12899,MK-4541,BEZ-235,SKMES1,27.27103404,3,1
12901,MK-4541,BEZ-235,SW620,16.25417255,3,1
12902,MK-4541,BEZ-235,SW837,17.32662277,3,1
12903,MK-4541,BEZ-235,T47D,137.2835902,3,1
12905,MK-4541,BEZ-235,UWB1289,36.22927981,3,1
12906,MK-4541,BEZ-235,UWB1289BRCA1,18.34742265,3,1
12907,MK-4541,BEZ-235,VCAP,41.95459309,3,1
12908,MK-4541,BEZ-235,ZR751,20.42706669,3,1
12910,MK-4541,BORTEZOMIB,A2780,-9.140127016,1,0
12911,MK-4541,BORTEZOMIB,A375,28.44333447,1,1
12912,MK-4541,BORTEZOMIB,A427,18.2257515,1,1
12913,MK-4541,BORTEZOMIB,CAOV3,23.0692687,1,1
12914,MK-4541,BORTEZOMIB,COLO320DM,12.18242178,1,1
12915,MK-4541,BORTEZOMIB,DLD1,17.59557075,1,1
12916,MK-4541,BORTEZOMIB,EFM192B,-8.64041118,1,0
12917,MK-4541,BORTEZOMIB,ES2,15.76989242,1,1
12918,MK-4541,BORTEZOMIB,HCT116,10.48646485,1,1
12919,MK-4541,BORTEZOMIB,HT144,-13.79735638,1,0
12920,MK-4541,BORTEZOMIB,HT29,-21.35681594,1,0
12922,MK-4541,BORTEZOMIB,LNCAP,24.65515667,1,1
12923,MK-4541,BORTEZOMIB,LOVO,11.02237067,1,1
12924,MK-4541,BORTEZOMIB,MDAMB436,-5.866758076,1,0
12925,MK-4541,BORTEZOMIB,MSTO,102.9030202,1,1
12926,MK-4541,BORTEZOMIB,NCIH1650,-15.45725566,1,0
12927,MK-4541,BORTEZOMIB,NCIH2122,24.91185375,1,1
12928,MK-4541,BORTEZOMIB,NCIH23,-7.112623424,1,0
12930,MK-4541,BORTEZOMIB,NCIH520,-26.90833485,1,0
12931,MK-4541,BORTEZOMIB,OCUBM,23.08326428,1,1
12932,MK-4541,BORTEZOMIB,OV90,-10.10813869,1,0
12933,MK-4541,BORTEZOMIB,OVCAR3,-15.98264765,1,0
12935,MK-4541,BORTEZOMIB,RKO,14.59427296,1,1
12938,MK-4541,BORTEZOMIB,SKMES1,-17.97968249,1,0
12940,MK-4541,BORTEZOMIB,SW620,18.27223463,1,1
12941,MK-4541,BORTEZOMIB,SW837,-7.606378534,1,0
12942,MK-4541,BORTEZOMIB,T47D,-20.03386423,1,0
12943,MK-4541,BORTEZOMIB,UACC62,-13.40678056,1,0
12944,MK-4541,BORTEZOMIB,UWB1289,-7.816323005,1,0
12945,MK-4541,BORTEZOMIB,UWB1289BRCA1,-13.40250237,1,0
12946,MK-4541,BORTEZOMIB,VCAP,20.49776802,1,1
12947,MK-4541,BORTEZOMIB,ZR751,-48.4043743,1,0
12950,MK-4541,CARBOPLATIN,A375,10.83011116,2,1
12951,MK-4541,CARBOPLATIN,A427,15.61925627,2,1
12952,MK-4541,CARBOPLATIN,CAOV3,-4.721598332,2,0
12953,MK-4541,CARBOPLATIN,COLO320DM,10.5332052,2,1
12954,MK-4541,CARBOPLATIN,DLD1,-4.316698529,2,0
12956,MK-4541,CARBOPLATIN,ES2,-3.839132643,2,0
12960,MK-4541,CARBOPLATIN,KPL1,44.37667897,2,1
12961,MK-4541,CARBOPLATIN,LNCAP,-5.198983517,2,0
12962,MK-4541,CARBOPLATIN,LOVO,-0.024954089,2,0
12964,MK-4541,CARBOPLATIN,MSTO,16.62898424,2,1
12965,MK-4541,CARBOPLATIN,NCIH1650,-4.708399916,2,0
12967,MK-4541,CARBOPLATIN,NCIH23,-6.633564616,2,0
12969,MK-4541,CARBOPLATIN,NCIH520,-15.52708844,2,0
12970,MK-4541,CARBOPLATIN,OCUBM,60.62477186,2,1
12972,MK-4541,CARBOPLATIN,OVCAR3,-25.54590572,2,0
12973,MK-4541,CARBOPLATIN,PA1,-1.146915876,2,0
12974,MK-4541,CARBOPLATIN,RKO,25.85370921,2,1
12975,MK-4541,CARBOPLATIN,RPMI7951,-8.235199885,2,0
12976,MK-4541,CARBOPLATIN,SKMEL30,15.20162745,2,1
12977,MK-4541,CARBOPLATIN,SKMES1,-6.994524482,2,0
12980,MK-4541,CARBOPLATIN,SW837,-20.47369661,2,0
12981,MK-4541,CARBOPLATIN,T47D,-24.75621273,2,0
12982,MK-4541,CARBOPLATIN,UACC62,12.66905118,2,1
12983,MK-4541,CARBOPLATIN,UWB1289,-7.488320174,2,0
12984,MK-4541,CARBOPLATIN,UWB1289BRCA1,11.50709016,2,1
12985,MK-4541,CARBOPLATIN,VCAP,19.43805244,2,1
12991,MK-4541,CYCLOPHOSPHAMIDE,CAOV3,18.28962988,0,1
12995,MK-4541,CYCLOPHOSPHAMIDE,ES2,-2.333077561,0,0
12997,MK-4541,CYCLOPHOSPHAMIDE,HT144,-0.17810138,0,0
12999,MK-4541,CYCLOPHOSPHAMIDE,KPL1,21.45277617,0,1
13000,MK-4541,CYCLOPHOSPHAMIDE,LNCAP,-20.49412615,0,0
13001,MK-4541,CYCLOPHOSPHAMIDE,LOVO,-7.130174418,0,0
13002,MK-4541,CYCLOPHOSPHAMIDE,MDAMB436,-4.788691584,0,0
13003,MK-4541,CYCLOPHOSPHAMIDE,MSTO,22.61680591,0,1
13004,MK-4541,CYCLOPHOSPHAMIDE,NCIH1650,-4.083397188,0,0
13005,MK-4541,CYCLOPHOSPHAMIDE,NCIH2122,-2.784524392,0,0
13006,MK-4541,CYCLOPHOSPHAMIDE,NCIH23,-1.195498474,0,0
13007,MK-4541,CYCLOPHOSPHAMIDE,NCIH460,-1.315735945,0,0
13009,MK-4541,CYCLOPHOSPHAMIDE,OCUBM,27.82011141,0,1
13011,MK-4541,CYCLOPHOSPHAMIDE,OVCAR3,-4.879753192,0,0
13012,MK-4541,CYCLOPHOSPHAMIDE,PA1,12.08169563,0,1
13013,MK-4541,CYCLOPHOSPHAMIDE,RKO,20.39639378,0,1
13014,MK-4541,CYCLOPHOSPHAMIDE,RPMI7951,-0.904349036,0,0
13019,MK-4541,CYCLOPHOSPHAMIDE,SW837,-10.23827028,0,0
13020,MK-4541,CYCLOPHOSPHAMIDE,T47D,12.10312224,0,1
13022,MK-4541,CYCLOPHOSPHAMIDE,UWB1289,-21.02239478,0,0
13023,MK-4541,CYCLOPHOSPHAMIDE,UWB1289BRCA1,-8.148210888,0,0
13024,MK-4541,CYCLOPHOSPHAMIDE,VCAP,26.57247529,0,1
13025,MK-4541,CYCLOPHOSPHAMIDE,ZR751,-23.79049404,0,0
13026,MK-4541,DASATINIB,A2058,26.32252394,3,1
13027,MK-4541,DASATINIB,A2780,52.36875011,3,1
13028,MK-4541,DASATINIB,A375,-14.13381544,3,0
13029,MK-4541,DASATINIB,A427,26.45017374,3,1
13031,MK-4541,DASATINIB,COLO320DM,-7.658378518,3,0
13033,MK-4541,DASATINIB,EFM192B,50.19569201,3,1
13034,MK-4541,DASATINIB,ES2,-5.148565983,3,0
13035,MK-4541,DASATINIB,HCT116,-46.79594408,3,0
13036,MK-4541,DASATINIB,HT144,-50.26877682,3,0
13037,MK-4541,DASATINIB,HT29,19.72117754,3,1
13039,MK-4541,DASATINIB,LNCAP,60.51946754,3,1
13040,MK-4541,DASATINIB,LOVO,37.64561986,3,1
13042,MK-4541,DASATINIB,MSTO,113.5542337,3,1
13043,MK-4541,DASATINIB,NCIH1650,27.50097675,3,1
13044,MK-4541,DASATINIB,NCIH2122,-108.3448162,3,0
13045,MK-4541,DASATINIB,NCIH23,-7.354246793,3,0
13046,MK-4541,DASATINIB,NCIH460,-14.60038501,3,0
13047,MK-4541,DASATINIB,NCIH520,28.08776945,3,1
13048,MK-4541,DASATINIB,OCUBM,34.65372253,3,1
13049,MK-4541,DASATINIB,OV90,-3.526247839,3,0
13050,MK-4541,DASATINIB,OVCAR3,68.33643074,3,1
13051,MK-4541,DASATINIB,PA1,10.97331622,3,1
13052,MK-4541,DASATINIB,RKO,-26.61419328,3,0
13054,MK-4541,DASATINIB,SKMEL30,-45.27256755,3,0
13058,MK-4541,DASATINIB,SW837,31.28263401,3,1
13059,MK-4541,DASATINIB,T47D,-4.443396988,3,0
13060,MK-4541,DASATINIB,UACC62,-5.412556344,3,0
13061,MK-4541,DASATINIB,UWB1289,-2.31110135,3,0
13063,MK-4541,DASATINIB,VCAP,24.3862475,3,1
13064,MK-4541,DASATINIB,ZR751,-41.64119829,3,0
13065,MK-4541,DEXAMETHASONE,A2058,-17.56799826,2,0
13066,MK-4541,DEXAMETHASONE,A2780,-0.167535285,2,0
13069,MK-4541,DEXAMETHASONE,CAOV3,18.74493603,2,1
13071,MK-4541,DEXAMETHASONE,DLD1,25.48104312,2,1
13072,MK-4541,DEXAMETHASONE,EFM192B,-22.67480653,2,0
13073,MK-4541,DEXAMETHASONE,ES2,-23.33116342,2,0
13074,MK-4541,DEXAMETHASONE,HCT116,-4.008741659,2,0
13075,MK-4541,DEXAMETHASONE,HT144,-19.25473646,2,0
13077,MK-4541,DEXAMETHASONE,KPL1,30.02765884,2,1
13078,MK-4541,DEXAMETHASONE,LNCAP,12.21638955,2,1
13079,MK-4541,DEXAMETHASONE,LOVO,20.46092764,2,1
13080,MK-4541,DEXAMETHASONE,MDAMB436,-6.077017006,2,0
13081,MK-4541,DEXAMETHASONE,MSTO,-10.86263142,2,0
13082,MK-4541,DEXAMETHASONE,NCIH1650,16.7093679,2,1
13085,MK-4541,DEXAMETHASONE,NCIH460,-8.059242007,2,0
13087,MK-4541,DEXAMETHASONE,OCUBM,42.54038777,2,1
13088,MK-4541,DEXAMETHASONE,OV90,-7.03144289,2,0
13089,MK-4541,DEXAMETHASONE,OVCAR3,14.70336222,2,1
13090,MK-4541,DEXAMETHASONE,PA1,10.60504212,2,1
13092,MK-4541,DEXAMETHASONE,RPMI7951,-32.8420192,2,0
13095,MK-4541,DEXAMETHASONE,SKOV3,15.62124607,2,1
13098,MK-4541,DEXAMETHASONE,T47D,-49.52034458,2,0
13100,MK-4541,DEXAMETHASONE,UWB1289,-4.110502561,2,0
13101,MK-4541,DEXAMETHASONE,UWB1289BRCA1,-7.420302627,2,0
13102,MK-4541,DEXAMETHASONE,VCAP,-15.87893439,2,0
13103,MK-4541,DEXAMETHASONE,ZR751,14.87002391,2,1
13105,MK-4541,DINACICLIB,A2780,10.93063205,1,1
13107,MK-4541,DINACICLIB,A427,10.37937917,1,1
13108,MK-4541,DINACICLIB,CAOV3,-3.800005738,1,0
13109,MK-4541,DINACICLIB,COLO320DM,-4.158385314,1,0
13110,MK-4541,DINACICLIB,DLD1,-0.499414037,1,0
13111,MK-4541,DINACICLIB,EFM192B,13.58881855,1,1
13113,MK-4541,DINACICLIB,HCT116,-3.622583924,1,0
13114,MK-4541,DINACICLIB,HT144,-5.685459634,1,0
13116,MK-4541,DINACICLIB,KPL1,12.33282445,1,1
13117,MK-4541,DINACICLIB,LNCAP,39.42786979,1,1
13118,MK-4541,DINACICLIB,LOVO,-6.929982074,1,0
13120,MK-4541,DINACICLIB,MSTO,-3.847940554,1,0
13125,MK-4541,DINACICLIB,NCIH520,-2.249505411,1,0
13127,MK-4541,DINACICLIB,OV90,-14.68197608,1,0
13128,MK-4541,DINACICLIB,OVCAR3,12.57200125,1,1
13130,MK-4541,DINACICLIB,RKO,13.37090368,1,1
13131,MK-4541,DINACICLIB,RPMI7951,-4.022046316,1,0
13132,MK-4541,DINACICLIB,SKMEL30,10.26003625,1,1
13136,MK-4541,DINACICLIB,SW837,-6.54210455,1,0
13137,MK-4541,DINACICLIB,T47D,-53.059033,1,0
13139,MK-4541,DINACICLIB,UWB1289,-5.290366233,1,0
13140,MK-4541,DINACICLIB,UWB1289BRCA1,-1.463781939,1,0
13141,MK-4541,DINACICLIB,VCAP,23.77484431,1,1
13142,MK-4541,DINACICLIB,ZR751,-7.188980825,1,0
13145,MK-4541,DOXORUBICIN,A375,-0.327362293,0,0
13148,MK-4541,DOXORUBICIN,COLO320DM,32.3693342,0,1
13150,MK-4541,DOXORUBICIN,EFM192B,22.68215768,0,1
13152,MK-4541,DOXORUBICIN,HCT116,21.12460081,0,1
13154,MK-4541,DOXORUBICIN,HT29,22.83295829,0,1
13156,MK-4541,DOXORUBICIN,LNCAP,-3.743115822,0,0
13160,MK-4541,DOXORUBICIN,NCIH1650,25.93623158,0,1
13161,MK-4541,DOXORUBICIN,NCIH2122,11.6965354,0,1
13163,MK-4541,DOXORUBICIN,NCIH460,11.45505932,0,1
13164,MK-4541,DOXORUBICIN,NCIH520,-0.710108141,0,0
13165,MK-4541,DOXORUBICIN,OCUBM,10.03418472,0,1
13166,MK-4541,DOXORUBICIN,OV90,-6.928251473,0,0
13167,MK-4541,DOXORUBICIN,OVCAR3,-7.536110647,0,0
13168,MK-4541,DOXORUBICIN,PA1,-10.91505082,0,0
13169,MK-4541,DOXORUBICIN,RKO,13.84773387,0,1
13170,MK-4541,DOXORUBICIN,RPMI7951,-1.717470075,0,0
13171,MK-4541,DOXORUBICIN,SKMEL30,13.6066711,0,1
13173,MK-4541,DOXORUBICIN,SKOV3,19.58898015,0,1
13174,MK-4541,DOXORUBICIN,SW620,13.67883551,0,1
13176,MK-4541,DOXORUBICIN,T47D,21.66483825,0,1
13177,MK-4541,DOXORUBICIN,UACC62,-11.19333676,0,0
13178,MK-4541,DOXORUBICIN,UWB1289,17.01874535,0,1
13179,MK-4541,DOXORUBICIN,UWB1289BRCA1,17.95680911,0,1
13180,MK-4541,DOXORUBICIN,VCAP,44.06061044,0,1
13181,MK-4541,DOXORUBICIN,ZR751,18.13515969,0,1
13183,MK-4541,ERLOTINIB,A2780,76.39988629,2,1
13186,MK-4541,ERLOTINIB,CAOV3,12.51049827,2,1
13187,MK-4541,ERLOTINIB,COLO320DM,48.51297418,2,1
13188,MK-4541,ERLOTINIB,DLD1,10.62914128,2,1
13190,MK-4541,ERLOTINIB,ES2,13.58277768,2,1
13191,MK-4541,ERLOTINIB,HCT116,14.20385253,2,1
13192,MK-4541,ERLOTINIB,HT144,18.7413988,2,1
13193,MK-4541,ERLOTINIB,HT29,16.45608919,2,1
13194,MK-4541,ERLOTINIB,KPL1,26.2179557,2,1
13196,MK-4541,ERLOTINIB,LOVO,19.22379042,2,1
13197,MK-4541,ERLOTINIB,MDAMB436,-3.290961924,2,0
13198,MK-4541,ERLOTINIB,MSTO,12.57638672,2,1
13199,MK-4541,ERLOTINIB,NCIH1650,-3.896489294,2,0
13200,MK-4541,ERLOTINIB,NCIH2122,13.54130594,2,1
13201,MK-4541,ERLOTINIB,NCIH23,-17.90054438,2,0
13203,MK-4541,ERLOTINIB,NCIH520,-2.289208573,2,0
13204,MK-4541,ERLOTINIB,OCUBM,24.44102499,2,1
13206,MK-4541,ERLOTINIB,OVCAR3,-13.36920164,2,0
13207,MK-4541,ERLOTINIB,PA1,11.68210316,2,1
13208,MK-4541,ERLOTINIB,RKO,-20.22994781,2,0
13209,MK-4541,ERLOTINIB,RPMI7951,59.72697223,2,1
13210,MK-4541,ERLOTINIB,SKMEL30,-3.95845481,2,0
13211,MK-4541,ERLOTINIB,SKMES1,11.65504999,2,1
13213,MK-4541,ERLOTINIB,SW620,-4.543976206,2,0
13214,MK-4541,ERLOTINIB,SW837,27.91041342,2,1
13215,MK-4541,ERLOTINIB,T47D,42.91153743,2,1
13216,MK-4541,ERLOTINIB,UACC62,22.7521193,2,1
13217,MK-4541,ERLOTINIB,UWB1289,35.79889298,2,1
13218,MK-4541,ERLOTINIB,UWB1289BRCA1,24.32666351,2,1
13219,MK-4541,ERLOTINIB,VCAP,40.73762885,2,1
13220,MK-4541,ERLOTINIB,ZR751,29.39771681,2,1
13222,MK-4541,ETOPOSIDE,A2780,13.78115608,3,1
13223,MK-4541,ETOPOSIDE,A375,-62.83437606,3,0
13224,MK-4541,ETOPOSIDE,A427,-7.004504041,3,0
13225,MK-4541,ETOPOSIDE,CAOV3,118.3452354,3,1
13227,MK-4541,ETOPOSIDE,DLD1,10.90543379,3,1
13231,MK-4541,ETOPOSIDE,HT144,-1.837614488,3,0
13232,MK-4541,ETOPOSIDE,HT29,13.63208255,3,1
13233,MK-4541,ETOPOSIDE,KPL1,29.68699565,3,1
13234,MK-4541,ETOPOSIDE,LNCAP,12.69755202,3,1
13239,MK-4541,ETOPOSIDE,NCIH2122,17.41480857,3,1
13242,MK-4541,ETOPOSIDE,NCIH520,-1.684618365,3,0
13243,MK-4541,ETOPOSIDE,OCUBM,13.18339272,3,1
13246,MK-4541,ETOPOSIDE,PA1,-10.76418724,3,0
13247,MK-4541,ETOPOSIDE,RKO,21.96021497,3,1
13249,MK-4541,ETOPOSIDE,SKMEL30,21.87010808,3,1
13250,MK-4541,ETOPOSIDE,SKMES1,-1.243341585,3,0
13252,MK-4541,ETOPOSIDE,SW620,13.269085,3,1
13253,MK-4541,ETOPOSIDE,SW837,-10.91519142,3,0
13254,MK-4541,ETOPOSIDE,T47D,21.0243065,3,1
13255,MK-4541,ETOPOSIDE,UACC62,14.8270774,3,1
13257,MK-4541,ETOPOSIDE,UWB1289BRCA1,12.66102325,3,1
13258,MK-4541,ETOPOSIDE,VCAP,47.61284483,3,1
13259,MK-4541,ETOPOSIDE,ZR751,20.37835122,3,1
13260,MK-4541,GELDANAMYCIN,A2058,-1.750643588,1,0
13261,MK-4541,GELDANAMYCIN,A2780,11.63780076,1,1
13264,MK-4541,GELDANAMYCIN,CAOV3,-17.62116237,1,0
13265,MK-4541,GELDANAMYCIN,COLO320DM,11.16861184,1,1
13266,MK-4541,GELDANAMYCIN,DLD1,13.78898879,1,1
13267,MK-4541,GELDANAMYCIN,EFM192B,10.35138053,1,1
13269,MK-4541,GELDANAMYCIN,HCT116,14.19190615,1,1
13270,MK-4541,GELDANAMYCIN,HT144,-8.202778153,1,0
13271,MK-4541,GELDANAMYCIN,HT29,-1.418296677,1,0
13272,MK-4541,GELDANAMYCIN,KPL1,11.60929558,1,1
13273,MK-4541,GELDANAMYCIN,LNCAP,46.13193589,1,1
13275,MK-4541,GELDANAMYCIN,MDAMB436,13.09999402,1,1
13276,MK-4541,GELDANAMYCIN,MSTO,-2.534506931,1,0
13278,MK-4541,GELDANAMYCIN,NCIH2122,12.09125905,1,1
13279,MK-4541,GELDANAMYCIN,NCIH23,-13.18961957,1,0
13280,MK-4541,GELDANAMYCIN,NCIH460,-2.283537313,1,0
13282,MK-4541,GELDANAMYCIN,OCUBM,34.48504355,1,1
13283,MK-4541,GELDANAMYCIN,OV90,-7.515114606,1,0
13284,MK-4541,GELDANAMYCIN,OVCAR3,-1.932082574,1,0
13285,MK-4541,GELDANAMYCIN,PA1,26.67629536,1,1
13286,MK-4541,GELDANAMYCIN,RKO,13.16646261,1,1
13287,MK-4541,GELDANAMYCIN,RPMI7951,-11.12793657,1,0
13288,MK-4541,GELDANAMYCIN,SKMEL30,15.53054382,1,1
13289,MK-4541,GELDANAMYCIN,SKMES1,10.02573292,1,1
13290,MK-4541,GELDANAMYCIN,SKOV3,-14.10888823,1,0
13291,MK-4541,GELDANAMYCIN,SW620,-7.118264697,1,0
13292,MK-4541,GELDANAMYCIN,SW837,-6.27196819,1,0
13293,MK-4541,GELDANAMYCIN,T47D,-7.112547232,1,0
13294,MK-4541,GELDANAMYCIN,UACC62,-8.483347181,1,0
13295,MK-4541,GELDANAMYCIN,UWB1289,-3.477577302,1,0
13296,MK-4541,GELDANAMYCIN,UWB1289BRCA1,-44.83807234,1,0
13297,MK-4541,GELDANAMYCIN,VCAP,32.7253206,1,1
13298,MK-4541,GELDANAMYCIN,ZR751,-8.129937165,1,0
13301,MK-4541,GEMCITABINE,A375,-23.87533102,4,0
13303,MK-4541,GEMCITABINE,CAOV3,-0.746602048,4,0
13308,MK-4541,GEMCITABINE,HCT116,-4.392345674,4,0
13311,MK-4541,GEMCITABINE,KPL1,10.97882262,4,1
13312,MK-4541,GEMCITABINE,LNCAP,-73.65865034,4,0
13315,MK-4541,GEMCITABINE,MSTO,-9.398949257,4,0
13316,MK-4541,GEMCITABINE,NCIH1650,-16.83661806,4,0
13318,MK-4541,GEMCITABINE,NCIH23,-11.52303894,4,0
13322,MK-4541,GEMCITABINE,OV90,-0.267632079,4,0
13323,MK-4541,GEMCITABINE,OVCAR3,-5.596974549,4,0
13324,MK-4541,GEMCITABINE,PA1,-6.639465604,4,0
13325,MK-4541,GEMCITABINE,RKO,-9.02593922,4,0
13326,MK-4541,GEMCITABINE,RPMI7951,-6.465008294,4,0
13328,MK-4541,GEMCITABINE,SKMES1,-25.42066062,4,0
13329,MK-4541,GEMCITABINE,SKOV3,-2.007882144,4,0
13332,MK-4541,GEMCITABINE,T47D,-3.45367718,4,0
13334,MK-4541,GEMCITABINE,UWB1289,-6.510093639,4,0
13335,MK-4541,GEMCITABINE,UWB1289BRCA1,14.31351081,4,1
13336,MK-4541,GEMCITABINE,VCAP,29.71199804,4,1
13339,MK-4541,L778123,A2780,15.70379356,0,1
13341,MK-4541,L778123,A427,22.91523839,0,1
13345,MK-4541,L778123,EFM192B,12.7753582,0,1
13347,MK-4541,L778123,HCT116,-2.276418363,0,0
13348,MK-4541,L778123,HT144,-5.646711017,0,0
13349,MK-4541,L778123,HT29,14.70073561,0,1
13350,MK-4541,L778123,KPL1,-6.238251063,0,0
13356,MK-4541,L778123,NCIH2122,12.00879764,0,1
13360,MK-4541,L778123,OCUBM,14.64362258,0,1
13361,MK-4541,L778123,OV90,14.65237998,0,1
13362,MK-4541,L778123,OVCAR3,-23.61631259,0,0
13363,MK-4541,L778123,PA1,16.71324466,0,1
13365,MK-4541,L778123,RPMI7951,-3.647235183,0,0
13366,MK-4541,L778123,SKMEL30,16.26798041,0,1
13368,MK-4541,L778123,SKOV3,17.55767087,0,1
13371,MK-4541,L778123,T47D,-25.27060432,0,0
13373,MK-4541,L778123,UWB1289,18.39410631,0,1
13374,MK-4541,L778123,UWB1289BRCA1,-8.930495057,0,0
13375,MK-4541,L778123,VCAP,26.41871432,0,1
13376,MK-4541,L778123,ZR751,-0.871131019,0,0
13378,MK-4541,LAPATINIB,A2780,15.16983861,3,1
13379,MK-4541,LAPATINIB,A375,-2.711411405,3,0
13380,MK-4541,LAPATINIB,A427,-29.14380045,3,0
13381,MK-4541,LAPATINIB,CAOV3,31.07862605,3,1
13382,MK-4541,LAPATINIB,COLO320DM,10.96055467,3,1
13383,MK-4541,LAPATINIB,DLD1,13.71641521,3,1
13384,MK-4541,LAPATINIB,EFM192B,19.21276237,3,1
13387,MK-4541,LAPATINIB,HT144,-3.352400491,3,0
13388,MK-4541,LAPATINIB,HT29,24.00597413,3,1
13389,MK-4541,LAPATINIB,KPL1,23.37344355,3,1
13390,MK-4541,LAPATINIB,LNCAP,28.19617215,3,1
13391,MK-4541,LAPATINIB,LOVO,16.43461968,3,1
13396,MK-4541,LAPATINIB,NCIH23,-2.079720796,3,0
13397,MK-4541,LAPATINIB,NCIH460,-12.86600215,3,0
13398,MK-4541,LAPATINIB,NCIH520,-2.601540441,3,0
13400,MK-4541,LAPATINIB,OV90,-20.31573882,3,0
13401,MK-4541,LAPATINIB,OVCAR3,12.45421126,3,1
13402,MK-4541,LAPATINIB,PA1,15.07200593,3,1
13403,MK-4541,LAPATINIB,RKO,-0.73752855,3,0
13404,MK-4541,LAPATINIB,RPMI7951,-2.938434911,3,0
13406,MK-4541,LAPATINIB,SKMES1,15.32492165,3,1
13408,MK-4541,LAPATINIB,SW620,-1.68451153,3,0
13411,MK-4541,LAPATINIB,UACC62,-0.393372598,3,0
13412,MK-4541,LAPATINIB,UWB1289,26.65993951,3,1
13413,MK-4541,LAPATINIB,UWB1289BRCA1,26.39343419,3,1
13414,MK-4541,LAPATINIB,VCAP,37.23268044,3,1
13415,MK-4541,LAPATINIB,ZR751,27.13194054,3,1
13418,MK-4541,METFORMIN,A375,-8.605667144,1,0
13419,MK-4541,METFORMIN,A427,-10.79575491,1,0
13420,MK-4541,METFORMIN,CAOV3,-24.92982538,1,0
13422,MK-4541,METFORMIN,DLD1,-1.624451635,1,0
13423,MK-4541,METFORMIN,EFM192B,-18.21712256,1,0
13424,MK-4541,METFORMIN,ES2,-7.638984234,1,0
13425,MK-4541,METFORMIN,HCT116,-6.390749183,1,0
13426,MK-4541,METFORMIN,HT144,-21.52873817,1,0
13427,MK-4541,METFORMIN,HT29,-1.677786892,1,0
13428,MK-4541,METFORMIN,KPL1,-3.611421137,1,0
13429,MK-4541,METFORMIN,LNCAP,-2.801808653,1,0
13430,MK-4541,METFORMIN,LOVO,-19.04047143,1,0
13431,MK-4541,METFORMIN,MDAMB436,-4.600857262,1,0
13433,MK-4541,METFORMIN,NCIH1650,-1.049489885,1,0
13434,MK-4541,METFORMIN,NCIH2122,-7.223287592,1,0
13435,MK-4541,METFORMIN,NCIH23,-10.31186256,1,0
13436,MK-4541,METFORMIN,NCIH460,-19.44614151,1,0
13437,MK-4541,METFORMIN,NCIH520,-5.713922073,1,0
13438,MK-4541,METFORMIN,OCUBM,-2.195960983,1,0
13439,MK-4541,METFORMIN,OV90,-4.701716846,1,0
13440,MK-4541,METFORMIN,OVCAR3,-26.28728008,1,0
13441,MK-4541,METFORMIN,PA1,-1.669427151,1,0
13443,MK-4541,METFORMIN,RPMI7951,-23.78638601,1,0
13444,MK-4541,METFORMIN,SKMEL30,-10.31542204,1,0
13445,MK-4541,METFORMIN,SKMES1,-2.545853445,1,0
13448,MK-4541,METFORMIN,SW837,-14.29219213,1,0
13449,MK-4541,METFORMIN,T47D,32.36395088,1,1
13450,MK-4541,METFORMIN,UACC62,-28.57114731,1,0
13451,MK-4541,METFORMIN,UWB1289,-4.224060646,1,0
13452,MK-4541,METFORMIN,UWB1289BRCA1,-17.33872807,1,0
13453,MK-4541,METFORMIN,VCAP,17.63230625,1,1
13454,MK-4541,METFORMIN,ZR751,-40.9699228,1,0
13455,MK-4541,METHOTREXATE,A2058,-20.84096181,3,0
13456,MK-4541,METHOTREXATE,A2780,-0.723322523,3,0
13457,MK-4541,METHOTREXATE,A375,-4.840496388,3,0
13458,MK-4541,METHOTREXATE,A427,21.47460842,3,1
13464,MK-4541,METHOTREXATE,HCT116,-28.08825895,3,0
13465,MK-4541,METHOTREXATE,HT144,-8.315901629,3,0
13466,MK-4541,METHOTREXATE,HT29,-1.829718623,3,0
13467,MK-4541,METHOTREXATE,KPL1,-16.75429397,3,0
13468,MK-4541,METHOTREXATE,LNCAP,-8.631330538,3,0
13469,MK-4541,METHOTREXATE,LOVO,-29.07732432,3,0
13470,MK-4541,METHOTREXATE,MDAMB436,-3.979347284,3,0
13471,MK-4541,METHOTREXATE,MSTO,-18.75517254,3,0
13472,MK-4541,METHOTREXATE,NCIH1650,-3.882415828,3,0
13474,MK-4541,METHOTREXATE,NCIH23,-12.52234819,3,0
13475,MK-4541,METHOTREXATE,NCIH460,-18.50643243,3,0
13476,MK-4541,METHOTREXATE,NCIH520,-13.94258454,3,0
13479,MK-4541,METHOTREXATE,OVCAR3,-39.48900259,3,0
13480,MK-4541,METHOTREXATE,PA1,-20.12204008,3,0
13481,MK-4541,METHOTREXATE,RKO,-26.71086103,3,0
13484,MK-4541,METHOTREXATE,SKMES1,-0.974313628,3,0
13486,MK-4541,METHOTREXATE,SW620,-4.153790369,3,0
13487,MK-4541,METHOTREXATE,SW837,-9.966294979,3,0
13488,MK-4541,METHOTREXATE,T47D,-25.47469103,3,0
13490,MK-4541,METHOTREXATE,UWB1289,-3.368062148,3,0
13491,MK-4541,METHOTREXATE,UWB1289BRCA1,-4.282975881,3,0
13492,MK-4541,METHOTREXATE,VCAP,-9.149003716,3,0
13493,MK-4541,METHOTREXATE,ZR751,-27.46660601,3,0
13496,MK-4541,MITOMYCINE,A375,-3.296079948,3,0
13497,MK-4541,MITOMYCINE,A427,-3.408571715,3,0
13498,MK-4541,MITOMYCINE,CAOV3,-1.345398105,3,0
13499,MK-4541,MITOMYCINE,COLO320DM,-5.758704492,3,0
13500,MK-4541,MITOMYCINE,DLD1,-9.473183759,3,0
13503,MK-4541,MITOMYCINE,HCT116,-4.676399883,3,0
13504,MK-4541,MITOMYCINE,HT144,-9.485755862,3,0
13505,MK-4541,MITOMYCINE,HT29,14.52020079,3,1
13507,MK-4541,MITOMYCINE,LNCAP,-8.139992249,3,0
13508,MK-4541,MITOMYCINE,LOVO,15.2844889,3,1
13510,MK-4541,MITOMYCINE,MSTO,-3.098628624,3,0
13511,MK-4541,MITOMYCINE,NCIH1650,-12.72748923,3,0
13513,MK-4541,MITOMYCINE,NCIH23,-7.358652916,3,0
13514,MK-4541,MITOMYCINE,NCIH460,-6.569666138,3,0
13515,MK-4541,MITOMYCINE,NCIH520,-3.752754624,3,0
13516,MK-4541,MITOMYCINE,OCUBM,18.36039748,3,1
13517,MK-4541,MITOMYCINE,OV90,-8.538330365,3,0
13518,MK-4541,MITOMYCINE,OVCAR3,-1.132447207,3,0
13520,MK-4541,MITOMYCINE,RKO,-2.699192523,3,0
13521,MK-4541,MITOMYCINE,RPMI7951,-1.035581873,3,0
13522,MK-4541,MITOMYCINE,SKMEL30,-14.0438474,3,0
13523,MK-4541,MITOMYCINE,SKMES1,-1.975216045,3,0
13524,MK-4541,MITOMYCINE,SKOV3,-1.356441483,3,0
13525,MK-4541,MITOMYCINE,SW620,12.28827149,3,1
13527,MK-4541,MITOMYCINE,T47D,-23.5248105,3,0
13529,MK-4541,MITOMYCINE,UWB1289,10.24412488,3,1
13531,MK-4541,MITOMYCINE,VCAP,48.40918293,3,1
13532,MK-4541,MITOMYCINE,ZR751,-30.91898109,3,0
13534,MK-4541,MK-2206,A2780,29.86354302,3,1
13535,MK-4541,MK-2206,A375,-14.12001798,3,0
13536,MK-4541,MK-2206,A427,-8.117014907,3,0
13537,MK-4541,MK-2206,CAOV3,83.63078317,3,1
13538,MK-4541,MK-2206,COLO320DM,19.61141896,3,1
13539,MK-4541,MK-2206,DLD1,14.1709086,3,1
13541,MK-4541,MK-2206,ES2,-5.847819848,3,0
13542,MK-4541,MK-2206,HCT116,-2.935686846,3,0
13544,MK-4541,MK-2206,HT29,34.32233987,3,1
13545,MK-4541,MK-2206,KPL1,38.50374435,3,1
13547,MK-4541,MK-2206,LOVO,12.95319563,3,1
13550,MK-4541,MK-2206,NCIH1650,16.14291447,3,1
13551,MK-4541,MK-2206,NCIH2122,22.654337,3,1
13553,MK-4541,MK-2206,NCIH460,-2.843961452,3,0
13554,MK-4541,MK-2206,NCIH520,18.57093186,3,1
13557,MK-4541,MK-2206,OVCAR3,12.9933872,3,1
13558,MK-4541,MK-2206,PA1,17.59866369,3,1
13562,MK-4541,MK-2206,SKMES1,23.00647633,3,1
13563,MK-4541,MK-2206,SKOV3,20.94654915,3,1
13564,MK-4541,MK-2206,SW620,-1.966761065,3,0
13565,MK-4541,MK-2206,SW837,10.51021748,3,1
13566,MK-4541,MK-2206,T47D,-6.319955356,3,0
13568,MK-4541,MK-2206,UWB1289,34.30489468,3,1
13569,MK-4541,MK-2206,UWB1289BRCA1,36.01308059,3,1
13570,MK-4541,MK-2206,VCAP,46.73735528,3,1
13571,MK-4541,MK-2206,ZR751,22.58316074,3,1
13573,MK-4541,MK-4827,A2780,16.24310299,1,1
13574,MK-4541,MK-4827,A375,-11.71029171,1,0
13575,MK-4541,MK-4827,A427,-8.635831575,1,0
13576,MK-4541,MK-4827,CAOV3,15.17486846,1,1
13577,MK-4541,MK-4827,COLO320DM,15.31779992,1,1
13578,MK-4541,MK-4827,DLD1,-1.89974782,1,0
13579,MK-4541,MK-4827,EFM192B,13.74402148,1,1
13580,MK-4541,MK-4827,ES2,-5.692645451,1,0
13582,MK-4541,MK-4827,HT144,-8.96997892,1,0
13583,MK-4541,MK-4827,HT29,21.66216314,1,1
13585,MK-4541,MK-4827,LNCAP,11.88133064,1,1
13587,MK-4541,MK-4827,MDAMB436,15.37877004,1,1
13590,MK-4541,MK-4827,NCIH2122,14.04589103,1,1
13591,MK-4541,MK-4827,NCIH23,-0.112574712,1,0
13592,MK-4541,MK-4827,NCIH460,-3.218597308,1,0
13594,MK-4541,MK-4827,OCUBM,18.83005862,1,1
13595,MK-4541,MK-4827,OV90,-5.384924246,1,0
13596,MK-4541,MK-4827,OVCAR3,37.26311752,1,1
13599,MK-4541,MK-4827,RPMI7951,-4.394425076,1,0
13601,MK-4541,MK-4827,SKMES1,-8.235665126,1,0
13604,MK-4541,MK-4827,SW837,-1.466996266,1,0
13606,MK-4541,MK-4827,UACC62,-20.27978177,1,0
13607,MK-4541,MK-4827,UWB1289,13.96817285,1,1
13608,MK-4541,MK-4827,UWB1289BRCA1,14.09095518,1,1
13609,MK-4541,MK-4827,VCAP,49.38584587,1,1
13610,MK-4541,MK-4827,ZR751,13.74734567,1,1
13612,MK-4541,MK-5108,A2780,-0.218121761,1,0
13613,MK-4541,MK-5108,A375,18.8197627,1,1
13614,MK-4541,MK-5108,A427,-1.029423329,1,0
13615,MK-4541,MK-5108,CAOV3,-12.4603851,1,0
13622,MK-4541,MK-5108,HT29,11.09189834,1,1
13624,MK-4541,MK-5108,LNCAP,-20.54402628,1,0
13627,MK-4541,MK-5108,MSTO,-8.878577763,1,0
13628,MK-4541,MK-5108,NCIH1650,-1.266502415,1,0
13630,MK-4541,MK-5108,NCIH23,-2.041604755,1,0
13631,MK-4541,MK-5108,NCIH460,-11.05488659,1,0
13633,MK-4541,MK-5108,OCUBM,19.41199439,1,1
13634,MK-4541,MK-5108,OV90,-1.706931766,1,0
13635,MK-4541,MK-5108,OVCAR3,-13.59166101,1,0
13637,MK-4541,MK-5108,RKO,35.6515734,1,1
13639,MK-4541,MK-5108,SKMEL30,24.44966376,1,1
13640,MK-4541,MK-5108,SKMES1,-8.293811599,1,0
13643,MK-4541,MK-5108,SW837,-5.479726197,1,0
13644,MK-4541,MK-5108,T47D,14.11321446,1,1
13646,MK-4541,MK-5108,UWB1289,-4.313139132,1,0
13649,MK-4541,MK-5108,ZR751,-11.87635436,1,0
13650,MK-4541,MK-8669,A2058,21.64169241,3,1
13651,MK-4541,MK-8669,A2780,35.58460478,3,1
13652,MK-4541,MK-8669,A375,20.6353587,3,1
13653,MK-4541,MK-8669,A427,42.73712743,3,1
13654,MK-4541,MK-8669,CAOV3,34.35302189,3,1
13657,MK-4541,MK-8669,EFM192B,31.27795024,3,1
13659,MK-4541,MK-8669,HCT116,-4.481794449,3,0
13660,MK-4541,MK-8669,HT144,-10.29756889,3,0
13661,MK-4541,MK-8669,HT29,10.61279591,3,1
13662,MK-4541,MK-8669,KPL1,42.25740356,3,1
13663,MK-4541,MK-8669,LNCAP,44.7739012,3,1
13664,MK-4541,MK-8669,LOVO,15.43401379,3,1
13665,MK-4541,MK-8669,MDAMB436,-6.734398381,3,0
13670,MK-4541,MK-8669,NCIH460,-5.051717382,3,0
13671,MK-4541,MK-8669,NCIH520,-0.2008299,3,0
13672,MK-4541,MK-8669,OCUBM,28.78289827,3,1
13675,MK-4541,MK-8669,PA1,11.09259958,3,1
13676,MK-4541,MK-8669,RKO,18.43243994,3,1
13677,MK-4541,MK-8669,RPMI7951,15.81069037,3,1
13678,MK-4541,MK-8669,SKMEL30,30.75360453,3,1
13680,MK-4541,MK-8669,SKOV3,27.05458994,3,1
13682,MK-4541,MK-8669,SW837,-9.049714983,3,0
13683,MK-4541,MK-8669,T47D,19.40666859,3,1
13686,MK-4541,MK-8669,UWB1289BRCA1,13.70725182,3,1
13687,MK-4541,MK-8669,VCAP,-9.444521038,3,0
13688,MK-4541,MK-8669,ZR751,30.64852232,3,1
13691,MK-4541,MK-8776,A375,10.75977239,4,1
13692,MK-4541,MK-8776,A427,-12.92264233,4,0
13693,MK-4541,MK-8776,CAOV3,18.47200948,4,1
13694,MK-4541,MK-8776,COLO320DM,-2.220498508,4,0
13695,MK-4541,MK-8776,DLD1,-1.537357284,4,0
13696,MK-4541,MK-8776,EFM192B,12.62691166,4,1
13697,MK-4541,MK-8776,ES2,-0.278225362,4,0
13698,MK-4541,MK-8776,HCT116,-7.068213336,4,0
13700,MK-4541,MK-8776,HT29,10.77622876,4,1
13702,MK-4541,MK-8776,LNCAP,29.73083853,4,1
13705,MK-4541,MK-8776,MSTO,-4.911441248,4,0
13706,MK-4541,MK-8776,NCIH1650,-11.42042242,4,0
13707,MK-4541,MK-8776,NCIH2122,-18.43308839,4,0
13708,MK-4541,MK-8776,NCIH23,-2.015835598,4,0
13710,MK-4541,MK-8776,NCIH520,-13.51758559,4,0
13711,MK-4541,MK-8776,OCUBM,24.98720286,4,1
13713,MK-4541,MK-8776,OVCAR3,-0.00872283,4,0
13716,MK-4541,MK-8776,RPMI7951,-14.90142879,4,0
13717,MK-4541,MK-8776,SKMEL30,10.30521672,4,1
13718,MK-4541,MK-8776,SKMES1,-12.25989055,4,0
13721,MK-4541,MK-8776,SW837,-16.89029911,4,0
13722,MK-4541,MK-8776,T47D,-47.33893948,4,0
13723,MK-4541,MK-8776,UACC62,16.42656461,4,1
13724,MK-4541,MK-8776,UWB1289,-14.3243822,4,0
13725,MK-4541,MK-8776,UWB1289BRCA1,-11.40889996,4,0
13726,MK-4541,MK-8776,VCAP,41.15436443,4,1
13727,MK-4541,MK-8776,ZR751,-6.623396182,4,0
13729,MK-4541,MRK-003,A2780,10.1968868,2,1
13731,MK-4541,MRK-003,A427,20.75949328,2,1
13732,MK-4541,MRK-003,CAOV3,15.376885,2,1
13736,MK-4541,MRK-003,ES2,-2.014862576,2,0
13738,MK-4541,MRK-003,HT144,-9.84921267,2,0
13739,MK-4541,MRK-003,HT29,19.6837865,2,1
13740,MK-4541,MRK-003,KPL1,-12.93098449,2,0
13742,MK-4541,MRK-003,LOVO,-6.64121962,2,0
13743,MK-4541,MRK-003,MDAMB436,-2.111136915,2,0
13744,MK-4541,MRK-003,MSTO,-27.68547122,2,0
13745,MK-4541,MRK-003,NCIH1650,-3.254722468,2,0
13751,MK-4541,MRK-003,OV90,-5.560683202,2,0
13752,MK-4541,MRK-003,OVCAR3,22.60792159,2,1
13753,MK-4541,MRK-003,PA1,22.73688916,2,1
13754,MK-4541,MRK-003,RKO,11.12158849,2,1
13756,MK-4541,MRK-003,SKMEL30,23.87070524,2,1
13758,MK-4541,MRK-003,SKOV3,20.63290322,2,1
13759,MK-4541,MRK-003,SW620,-4.20304878,2,0
13760,MK-4541,MRK-003,SW837,-0.564810213,2,0
13761,MK-4541,MRK-003,T47D,21.97984344,2,1
13762,MK-4541,MRK-003,UACC62,-4.362399542,2,0
13765,MK-4541,MRK-003,VCAP,10.47922471,2,1
13766,MK-4541,MRK-003,ZR751,-12.08599226,2,0
13767,MK-4541,OXALIPLATIN,A2058,-2.425393861,2,0
13768,MK-4541,OXALIPLATIN,A2780,-16.8155369,2,0
13769,MK-4541,OXALIPLATIN,A375,-20.43932523,2,0
13771,MK-4541,OXALIPLATIN,CAOV3,-8.744787352,2,0
13772,MK-4541,OXALIPLATIN,COLO320DM,15.42169875,2,1
13773,MK-4541,OXALIPLATIN,DLD1,-3.247872748,2,0
13775,MK-4541,OXALIPLATIN,ES2,-14.25233293,2,0
13777,MK-4541,OXALIPLATIN,HT144,-17.9582803,2,0
13779,MK-4541,OXALIPLATIN,KPL1,16.73307254,2,1
13780,MK-4541,OXALIPLATIN,LNCAP,16.32781035,2,1
13781,MK-4541,OXALIPLATIN,LOVO,-19.74773562,2,0
13782,MK-4541,OXALIPLATIN,MDAMB436,-12.53936222,2,0
13783,MK-4541,OXALIPLATIN,MSTO,-7.021868963,2,0
13784,MK-4541,OXALIPLATIN,NCIH1650,-0.727763844,2,0
13786,MK-4541,OXALIPLATIN,NCIH23,-21.86630034,2,0
13787,MK-4541,OXALIPLATIN,NCIH460,-24.92284761,2,0
13788,MK-4541,OXALIPLATIN,NCIH520,-4.014635526,2,0
13789,MK-4541,OXALIPLATIN,OCUBM,23.20015202,2,1
13790,MK-4541,OXALIPLATIN,OV90,-24.0421876,2,0
13791,MK-4541,OXALIPLATIN,OVCAR3,-0.096947308,2,0
13792,MK-4541,OXALIPLATIN,PA1,-25.37859088,2,0
13793,MK-4541,OXALIPLATIN,RKO,-5.681230827,2,0
13794,MK-4541,OXALIPLATIN,RPMI7951,-27.45304846,2,0
13796,MK-4541,OXALIPLATIN,SKMES1,-5.666511732,2,0
13801,MK-4541,OXALIPLATIN,UACC62,-24.36535474,2,0
13804,MK-4541,OXALIPLATIN,VCAP,25.71410243,2,1
13806,MK-4541,PACLITAXEL,A2058,-11.78576068,3,0
13807,MK-4541,PACLITAXEL,A2780,-3.988615222,3,0
13808,MK-4541,PACLITAXEL,A375,37.22125826,3,1
13809,MK-4541,PACLITAXEL,A427,-1.138447132,3,0
13810,MK-4541,PACLITAXEL,CAOV3,-1.831483153,3,0
13811,MK-4541,PACLITAXEL,COLO320DM,25.19030198,3,1
13812,MK-4541,PACLITAXEL,DLD1,11.43372806,3,1
13813,MK-4541,PACLITAXEL,EFM192B,16.42751439,3,1
13814,MK-4541,PACLITAXEL,ES2,39.92994577,3,1
13815,MK-4541,PACLITAXEL,HCT116,-8.079837971,3,0
13816,MK-4541,PACLITAXEL,HT144,22.4186759,3,1
13817,MK-4541,PACLITAXEL,HT29,10.99216324,3,1
13818,MK-4541,PACLITAXEL,KPL1,10.07305883,3,1
13819,MK-4541,PACLITAXEL,LNCAP,-8.72104233,3,0
13824,MK-4541,PACLITAXEL,NCIH2122,-15.54260375,3,0
13825,MK-4541,PACLITAXEL,NCIH23,-2.547857555,3,0
13826,MK-4541,PACLITAXEL,NCIH460,30.74831332,3,1
13830,MK-4541,PACLITAXEL,OVCAR3,-4.230089164,3,0
13832,MK-4541,PACLITAXEL,RKO,11.22297178,3,1
13834,MK-4541,PACLITAXEL,SKMEL30,19.71164847,3,1
13835,MK-4541,PACLITAXEL,SKMES1,18.51832962,3,1
13840,MK-4541,PACLITAXEL,UACC62,-3.347847605,3,0
13841,MK-4541,PACLITAXEL,UWB1289,-15.68483261,3,0
13842,MK-4541,PACLITAXEL,UWB1289BRCA1,11.98307718,3,1
13843,MK-4541,PACLITAXEL,VCAP,39.85968008,3,1
13844,MK-4541,PACLITAXEL,ZR751,-11.79778565,3,0
13846,MK-4541,PD325901,A2780,22.15951253,0,1
13848,MK-4541,PD325901,A427,12.32552498,0,1
13849,MK-4541,PD325901,CAOV3,48.73145904,0,1
13850,MK-4541,PD325901,COLO320DM,11.94672482,0,1
13851,MK-4541,PD325901,DLD1,10.82928522,0,1
13852,MK-4541,PD325901,EFM192B,-1.43152494,0,0
13854,MK-4541,PD325901,HCT116,-3.752902898,0,0
13855,MK-4541,PD325901,HT144,-0.366034001,0,0
13857,MK-4541,PD325901,KPL1,23.47518442,0,1
13858,MK-4541,PD325901,LNCAP,49.12093858,0,1
13859,MK-4541,PD325901,LOVO,-2.294369107,0,0
13860,MK-4541,PD325901,MDAMB436,-1.1904488,0,0
13861,MK-4541,PD325901,MSTO,-18.22695392,0,0
13862,MK-4541,PD325901,NCIH1650,-3.323477921,0,0
13864,MK-4541,PD325901,NCIH23,-15.30336986,0,0
13867,MK-4541,PD325901,OCUBM,31.62224419,0,1
13868,MK-4541,PD325901,OV90,-10.32708744,0,0
13869,MK-4541,PD325901,OVCAR3,29.13589991,0,1
13870,MK-4541,PD325901,PA1,31.90313553,0,1
13872,MK-4541,PD325901,RPMI7951,-14.48418103,0,0
13877,MK-4541,PD325901,SW837,-3.262984777,0,0
13878,MK-4541,PD325901,T47D,29.47471593,0,1
13879,MK-4541,PD325901,UACC62,-7.986508657,0,0
13880,MK-4541,PD325901,UWB1289,21.44039331,0,1
13881,MK-4541,PD325901,UWB1289BRCA1,-21.4780286,0,0
13882,MK-4541,PD325901,VCAP,28.38913282,0,1
13884,MK-4541,SN-38,A2058,13.13962856,1,1
13885,MK-4541,SN-38,A2780,10.75961879,1,1
13886,MK-4541,SN-38,A375,10.51952088,1,1
13888,MK-4541,SN-38,CAOV3,-13.30267374,1,0
13889,MK-4541,SN-38,COLO320DM,-10.35150146,1,0
13890,MK-4541,SN-38,DLD1,-4.375059464,1,0
13891,MK-4541,SN-38,EFM192B,-8.409555926,1,0
13892,MK-4541,SN-38,ES2,-6.947626271,1,0
13893,MK-4541,SN-38,HCT116,-4.434407991,1,0
13894,MK-4541,SN-38,HT144,-4.926631131,1,0
13896,MK-4541,SN-38,KPL1,19.22133586,1,1
13898,MK-4541,SN-38,LOVO,-22.55975815,1,0
13899,MK-4541,SN-38,MDAMB436,-3.310103497,1,0
13900,MK-4541,SN-38,MSTO,20.2800693,1,1
13901,MK-4541,SN-38,NCIH1650,-14.41569713,1,0
13903,MK-4541,SN-38,NCIH23,-4.538005239,1,0
13904,MK-4541,SN-38,NCIH460,-1.822775842,1,0
13905,MK-4541,SN-38,NCIH520,-0.422034642,1,0
13906,MK-4541,SN-38,OCUBM,18.01448201,1,1
13907,MK-4541,SN-38,OV90,-9.961950247,1,0
13908,MK-4541,SN-38,OVCAR3,12.59822332,1,1
13913,MK-4541,SN-38,SKMES1,-0.098812773,1,0
13915,MK-4541,SN-38,SW620,-1.307077557,1,0
13916,MK-4541,SN-38,SW837,-19.45240073,1,0
13917,MK-4541,SN-38,T47D,-14.14591222,1,0
13918,MK-4541,SN-38,UACC62,-2.626674551,1,0
13920,MK-4541,SN-38,UWB1289BRCA1,11.10619355,1,1
13921,MK-4541,SN-38,VCAP,28.41869668,1,1
13922,MK-4541,SN-38,ZR751,-4.790868621,1,0
13923,MK-4541,SORAFENIB,A2058,10.23159019,0,1
13925,MK-4541,SORAFENIB,A375,13.67264231,0,1
13927,MK-4541,SORAFENIB,CAOV3,-0.22068293,0,0
13929,MK-4541,SORAFENIB,DLD1,17.75673063,0,1
13932,MK-4541,SORAFENIB,HCT116,10.10406518,0,1
13937,MK-4541,SORAFENIB,LOVO,-5.475117065,0,0
13938,MK-4541,SORAFENIB,MDAMB436,-0.820016601,0,0
13939,MK-4541,SORAFENIB,MSTO,-7.739490222,0,0
13943,MK-4541,SORAFENIB,NCIH460,13.88584235,0,1
13944,MK-4541,SORAFENIB,NCIH520,15.55973923,0,1
13945,MK-4541,SORAFENIB,OCUBM,11.68474556,0,1
13947,MK-4541,SORAFENIB,OVCAR3,-23.70782935,0,0
13948,MK-4541,SORAFENIB,PA1,15.33857129,0,1
13952,MK-4541,SORAFENIB,SKMES1,12.18470888,0,1
13953,MK-4541,SORAFENIB,SKOV3,22.30814886,0,1
13956,MK-4541,SORAFENIB,T47D,16.7199326,0,1
13961,MK-4541,SORAFENIB,ZR751,-28.64290107,0,0
13964,MK-4541,SUNITINIB,A375,12.6808181,4,1
13967,MK-4541,SUNITINIB,COLO320DM,12.8548493,4,1
13969,MK-4541,SUNITINIB,EFM192B,-4.757422884,4,0
13970,MK-4541,SUNITINIB,ES2,13.45855296,4,1
13973,MK-4541,SUNITINIB,HT29,13.83261579,4,1
13974,MK-4541,SUNITINIB,KPL1,16.5208954,4,1
13975,MK-4541,SUNITINIB,LNCAP,-1.315709623,4,0
13979,MK-4541,SUNITINIB,NCIH1650,-6.919208946,4,0
13983,MK-4541,SUNITINIB,NCIH520,16.46539688,4,1
13984,MK-4541,SUNITINIB,OCUBM,12.76136127,4,1
13989,MK-4541,SUNITINIB,RPMI7951,-4.337526859,4,0
13994,MK-4541,SUNITINIB,SW837,-17.64643235,4,0
13995,MK-4541,SUNITINIB,T47D,40.42639192,4,1
13996,MK-4541,SUNITINIB,UACC62,18.93233605,4,1
13997,MK-4541,SUNITINIB,UWB1289,38.55098932,4,1
13999,MK-4541,SUNITINIB,VCAP,16.85587814,4,1
14002,MK-4541,TEMOZOLOMIDE,A2780,-9.20450495,0,0
14003,MK-4541,TEMOZOLOMIDE,A375,-8.790643119,0,0
14004,MK-4541,TEMOZOLOMIDE,A427,-4.372360538,0,0
14005,MK-4541,TEMOZOLOMIDE,CAOV3,-76.24592241,0,0
14007,MK-4541,TEMOZOLOMIDE,DLD1,-11.7547722,0,0
14008,MK-4541,TEMOZOLOMIDE,EFM192B,-29.40136524,0,0
14009,MK-4541,TEMOZOLOMIDE,ES2,-5.450481229,0,0
14010,MK-4541,TEMOZOLOMIDE,HCT116,-13.0870727,0,0
14011,MK-4541,TEMOZOLOMIDE,HT144,-38.14640254,0,0
14012,MK-4541,TEMOZOLOMIDE,HT29,-1.863726811,0,0
14013,MK-4541,TEMOZOLOMIDE,KPL1,-12.13544383,0,0
14015,MK-4541,TEMOZOLOMIDE,LOVO,-25.83721348,0,0
14017,MK-4541,TEMOZOLOMIDE,MSTO,-52.30395806,0,0
14018,MK-4541,TEMOZOLOMIDE,NCIH1650,-31.78925685,0,0
14019,MK-4541,TEMOZOLOMIDE,NCIH2122,-9.382785833,0,0
14020,MK-4541,TEMOZOLOMIDE,NCIH23,-15.42192659,0,0
14021,MK-4541,TEMOZOLOMIDE,NCIH460,-11.95171647,0,0
14022,MK-4541,TEMOZOLOMIDE,NCIH520,-5.413539765,0,0
14023,MK-4541,TEMOZOLOMIDE,OCUBM,-30.05125596,0,0
14024,MK-4541,TEMOZOLOMIDE,OV90,-11.80664104,0,0
14025,MK-4541,TEMOZOLOMIDE,OVCAR3,-39.92452914,0,0
14026,MK-4541,TEMOZOLOMIDE,PA1,-4.830420727,0,0
14028,MK-4541,TEMOZOLOMIDE,RPMI7951,-2.616085102,0,0
14029,MK-4541,TEMOZOLOMIDE,SKMEL30,15.47944126,0,1
14030,MK-4541,TEMOZOLOMIDE,SKMES1,-7.940254375,0,0
14031,MK-4541,TEMOZOLOMIDE,SKOV3,-18.15850524,0,0
14033,MK-4541,TEMOZOLOMIDE,SW837,-28.68353523,0,0
14034,MK-4541,TEMOZOLOMIDE,T47D,-106.2566397,0,0
14035,MK-4541,TEMOZOLOMIDE,UACC62,-3.683832583,0,0
14036,MK-4541,TEMOZOLOMIDE,UWB1289,-17.724308,0,0
14037,MK-4541,TEMOZOLOMIDE,UWB1289BRCA1,13.71876562,0,1
14039,MK-4541,TEMOZOLOMIDE,ZR751,-102.1366254,0,0
14041,MK-4541,TOPOTECAN,A2780,10.78568226,3,1
14042,MK-4541,TOPOTECAN,A375,-0.567608031,3,0
14043,MK-4541,TOPOTECAN,A427,14.68947309,3,1
14044,MK-4541,TOPOTECAN,CAOV3,12.48183579,3,1
14046,MK-4541,TOPOTECAN,DLD1,13.18073098,3,1
14050,MK-4541,TOPOTECAN,HT144,-4.367384902,3,0
14051,MK-4541,TOPOTECAN,HT29,13.9511363,3,1
14052,MK-4541,TOPOTECAN,KPL1,20.53731061,3,1
14053,MK-4541,TOPOTECAN,LNCAP,-141.5350423,3,0
14055,MK-4541,TOPOTECAN,MDAMB436,12.23183661,3,1
14058,MK-4541,TOPOTECAN,NCIH2122,16.3178085,3,1
14059,MK-4541,TOPOTECAN,NCIH23,11.58150418,3,1
14060,MK-4541,TOPOTECAN,NCIH460,-10.32833641,3,0
14061,MK-4541,TOPOTECAN,NCIH520,11.93836917,3,1
14062,MK-4541,TOPOTECAN,OCUBM,-2.67818762,3,0
14064,MK-4541,TOPOTECAN,OVCAR3,12.02007679,3,1
14065,MK-4541,TOPOTECAN,PA1,-6.261293484,3,0
14071,MK-4541,TOPOTECAN,SW620,19.83204511,3,1
14073,MK-4541,TOPOTECAN,T47D,16.27055418,3,1
14076,MK-4541,TOPOTECAN,UWB1289BRCA1,24.72077362,3,1
14077,MK-4541,TOPOTECAN,VCAP,54.93715218,3,1
14078,MK-4541,TOPOTECAN,ZR751,15.64767859,3,1
14079,MK-4541,VINBLASTINE,A2058,33.85344713,1,1
14080,MK-4541,VINBLASTINE,A2780,-15.67595423,1,0
14081,MK-4541,VINBLASTINE,A375,-18.74375604,1,0
14082,MK-4541,VINBLASTINE,A427,-35.00450486,1,0
14083,MK-4541,VINBLASTINE,CAOV3,-61.97072364,1,0
14084,MK-4541,VINBLASTINE,COLO320DM,-1.677279738,1,0
14085,MK-4541,VINBLASTINE,DLD1,-3.354351345,1,0
14087,MK-4541,VINBLASTINE,ES2,-5.338554525,1,0
14088,MK-4541,VINBLASTINE,HCT116,-26.4678392,1,0
14089,MK-4541,VINBLASTINE,HT144,-7.238562934,1,0
14090,MK-4541,VINBLASTINE,HT29,-4.846277078,1,0
14091,MK-4541,VINBLASTINE,KPL1,41.91425433,1,1
14092,MK-4541,VINBLASTINE,LNCAP,-9.952796566,1,0
14093,MK-4541,VINBLASTINE,LOVO,-8.207478608,1,0
14094,MK-4541,VINBLASTINE,MDAMB436,-24.58798415,1,0
14095,MK-4541,VINBLASTINE,MSTO,-34.85469642,1,0
14096,MK-4541,VINBLASTINE,NCIH1650,-16.65592701,1,0
14097,MK-4541,VINBLASTINE,NCIH2122,-14.73960046,1,0
14098,MK-4541,VINBLASTINE,NCIH23,-36.76465236,1,0
14099,MK-4541,VINBLASTINE,NCIH460,-11.0591356,1,0
14100,MK-4541,VINBLASTINE,NCIH520,-21.04863761,1,0
14101,MK-4541,VINBLASTINE,OCUBM,23.38073901,1,1
14102,MK-4541,VINBLASTINE,OV90,-20.6522219,1,0
14103,MK-4541,VINBLASTINE,OVCAR3,-29.93947615,1,0
14104,MK-4541,VINBLASTINE,PA1,-15.32442673,1,0
14106,MK-4541,VINBLASTINE,RPMI7951,-18.49715303,1,0
14107,MK-4541,VINBLASTINE,SKMEL30,-4.497508222,1,0
14108,MK-4541,VINBLASTINE,SKMES1,-10.54323827,1,0
14110,MK-4541,VINBLASTINE,SW620,-0.79096829,1,0
14111,MK-4541,VINBLASTINE,SW837,-2.401971578,1,0
14112,MK-4541,VINBLASTINE,T47D,-34.7084705,1,0
14113,MK-4541,VINBLASTINE,UACC62,-13.06306657,1,0
14114,MK-4541,VINBLASTINE,UWB1289,-12.41285437,1,0
14115,MK-4541,VINBLASTINE,UWB1289BRCA1,-0.878665519,1,0
14116,MK-4541,VINBLASTINE,VCAP,18.27776056,1,1
14117,MK-4541,VINBLASTINE,ZR751,-31.69281871,1,0
14118,MK-4541,VINORELBINE,A2058,-18.8844755,4,0
14119,MK-4541,VINORELBINE,A2780,-11.09076282,4,0
14121,MK-4541,VINORELBINE,A427,-30.87460459,4,0
14122,MK-4541,VINORELBINE,CAOV3,-49.62158208,4,0
14125,MK-4541,VINORELBINE,EFM192B,-13.2703892,4,0
14126,MK-4541,VINORELBINE,ES2,11.12774049,4,1
14127,MK-4541,VINORELBINE,HCT116,-22.02198169,4,0
14128,MK-4541,VINORELBINE,HT144,-14.05754324,4,0
14129,MK-4541,VINORELBINE,HT29,-18.37192803,4,0
14130,MK-4541,VINORELBINE,KPL1,-2.498879051,4,0
14132,MK-4541,VINORELBINE,LOVO,-0.188559385,4,0
14134,MK-4541,VINORELBINE,MSTO,-31.26805768,4,0
14136,MK-4541,VINORELBINE,NCIH2122,-19.48779066,4,0
14137,MK-4541,VINORELBINE,NCIH23,-10.07199231,4,0
14139,MK-4541,VINORELBINE,NCIH520,-2.340506411,4,0
14140,MK-4541,VINORELBINE,OCUBM,-4.512732152,4,0
14141,MK-4541,VINORELBINE,OV90,23.6914835,4,1
14142,MK-4541,VINORELBINE,OVCAR3,-34.51792151,4,0
14143,MK-4541,VINORELBINE,PA1,-16.69382983,4,0
14144,MK-4541,VINORELBINE,RKO,-11.04263592,4,0
14145,MK-4541,VINORELBINE,RPMI7951,-15.3226363,4,0
14149,MK-4541,VINORELBINE,SW620,-2.559811355,4,0
14150,MK-4541,VINORELBINE,SW837,-15.26961977,4,0
14151,MK-4541,VINORELBINE,T47D,-9.730919343,4,0
14152,MK-4541,VINORELBINE,UACC62,-16.30389212,4,0
14153,MK-4541,VINORELBINE,UWB1289,-9.578621425,4,0
14154,MK-4541,VINORELBINE,UWB1289BRCA1,-12.86138348,4,0
14155,MK-4541,VINORELBINE,VCAP,-5.069764461,4,0
14156,MK-4541,VINORELBINE,ZR751,-29.20033682,4,0
14157,MK-4541,ZOLINZA,A2058,-3.004405981,1,0
14158,MK-4541,ZOLINZA,A2780,15.93659914,1,1
14159,MK-4541,ZOLINZA,A375,-0.726728037,1,0
14160,MK-4541,ZOLINZA,A427,-16.52897251,1,0
14161,MK-4541,ZOLINZA,CAOV3,31.67795731,1,1
14162,MK-4541,ZOLINZA,COLO320DM,-87.10151706,1,0
14164,MK-4541,ZOLINZA,EFM192B,34.2437533,1,1
14165,MK-4541,ZOLINZA,ES2,-6.751959017,1,0
14166,MK-4541,ZOLINZA,HCT116,12.48204217,1,1
14168,MK-4541,ZOLINZA,HT29,21.73942206,1,1
14169,MK-4541,ZOLINZA,KPL1,14.05112385,1,1
14170,MK-4541,ZOLINZA,LNCAP,-49.74103375,1,0
14171,MK-4541,ZOLINZA,LOVO,10.41355856,1,1
14173,MK-4541,ZOLINZA,MSTO,-92.62813758,1,0
14174,MK-4541,ZOLINZA,NCIH1650,17.79573583,1,1
14175,MK-4541,ZOLINZA,NCIH2122,22.52459614,1,1
14176,MK-4541,ZOLINZA,NCIH23,-5.485544842,1,0
14179,MK-4541,ZOLINZA,OCUBM,-12.25059565,1,0
14180,MK-4541,ZOLINZA,OV90,-5.715239319,1,0
14181,MK-4541,ZOLINZA,OVCAR3,36.56315737,1,1
14182,MK-4541,ZOLINZA,PA1,21.52740837,1,1
14183,MK-4541,ZOLINZA,RKO,21.8718258,1,1
14185,MK-4541,ZOLINZA,SKMEL30,16.61006099,1,1
14187,MK-4541,ZOLINZA,SKOV3,29.71242973,1,1
14189,MK-4541,ZOLINZA,SW837,23.4437746,1,1
14190,MK-4541,ZOLINZA,T47D,28.38441741,1,1
14192,MK-4541,ZOLINZA,UWB1289,18.69075227,1,1
14194,MK-4541,ZOLINZA,VCAP,38.09223417,1,1
14195,MK-4541,ZOLINZA,ZR751,-27.19938225,1,0
14196,MK-4827,ABT-888,A2058,-21.70958503,4,0
14197,MK-4827,ABT-888,A2780,-15.06682657,4,0
14198,MK-4827,ABT-888,A375,-20.25680346,4,0
14199,MK-4827,ABT-888,A427,-9.721448898,4,0
14200,MK-4827,ABT-888,CAOV3,-44.05137957,4,0
14202,MK-4827,ABT-888,DLD1,-1.507111972,4,0
14203,MK-4827,ABT-888,EFM192B,-10.42305878,4,0
14204,MK-4827,ABT-888,ES2,-6.552240007,4,0
14205,MK-4827,ABT-888,HCT116,-2.968479833,4,0
14206,MK-4827,ABT-888,HT144,-27.39012608,4,0
14208,MK-4827,ABT-888,KPL1,-2.919967535,4,0
14209,MK-4827,ABT-888,LNCAP,-50.21620144,4,0
14210,MK-4827,ABT-888,LOVO,-10.49160317,4,0
14211,MK-4827,ABT-888,MDAMB436,-3.415619053,4,0
14212,MK-4827,ABT-888,MSTO,-10.98094925,4,0
14213,MK-4827,ABT-888,NCIH1650,-15.65087664,4,0
14214,MK-4827,ABT-888,NCIH2122,-3.193496465,4,0
14215,MK-4827,ABT-888,NCIH23,-8.993707413,4,0
14216,MK-4827,ABT-888,NCIH460,-13.33376737,4,0
14217,MK-4827,ABT-888,NCIH520,-8.596830872,4,0
14218,MK-4827,ABT-888,OCUBM,10.91474979,4,1
14220,MK-4827,ABT-888,OVCAR3,10.02542477,4,1
14221,MK-4827,ABT-888,PA1,-0.29372278,4,0
14222,MK-4827,ABT-888,RKO,-6.944775833,4,0
14223,MK-4827,ABT-888,RPMI7951,-2.146500877,4,0
14224,MK-4827,ABT-888,SKMEL30,-3.059967541,4,0
14225,MK-4827,ABT-888,SKMES1,-6.99801904,4,0
14227,MK-4827,ABT-888,SW620,-4.818807467,4,0
14228,MK-4827,ABT-888,SW837,-60.44111464,4,0
14229,MK-4827,ABT-888,T47D,-0.198489483,4,0
14230,MK-4827,ABT-888,UACC62,-14.40390946,4,0
14231,MK-4827,ABT-888,UWB1289,10.0340853,4,1
14233,MK-4827,ABT-888,VCAP,-3.481466676,4,0
14234,MK-4827,ABT-888,ZR751,-18.81288319,4,0
14236,MK-4827,BEZ-235,A2780,10.71321489,0,1
14237,MK-4827,BEZ-235,A375,45.06314429,0,1
14238,MK-4827,BEZ-235,A427,16.19111752,0,1
14239,MK-4827,BEZ-235,CAOV3,-2.520259996,0,0
14240,MK-4827,BEZ-235,COLO320DM,17.26635175,0,1
14241,MK-4827,BEZ-235,DLD1,11.82345907,0,1
14244,MK-4827,BEZ-235,HCT116,13.69707511,0,1
14245,MK-4827,BEZ-235,HT144,22.51423297,0,1
14246,MK-4827,BEZ-235,HT29,19.62707524,0,1
14247,MK-4827,BEZ-235,KPL1,17.75993876,0,1
14248,MK-4827,BEZ-235,LNCAP,67.3045457,0,1
14249,MK-4827,BEZ-235,LOVO,13.13126967,0,1
14250,MK-4827,BEZ-235,MDAMB436,22.99900699,0,1
14251,MK-4827,BEZ-235,MSTO,13.11923247,0,1
14253,MK-4827,BEZ-235,NCIH2122,14.89365631,0,1
14254,MK-4827,BEZ-235,NCIH23,-4.527918302,0,0
14255,MK-4827,BEZ-235,NCIH460,31.66413676,0,1
14256,MK-4827,BEZ-235,NCIH520,13.26673616,0,1
14257,MK-4827,BEZ-235,OCUBM,11.14423444,0,1
14258,MK-4827,BEZ-235,OV90,10.68192711,0,1
14259,MK-4827,BEZ-235,OVCAR3,18.88990476,0,1
14261,MK-4827,BEZ-235,RKO,13.93738286,0,1
14262,MK-4827,BEZ-235,RPMI7951,17.48689581,0,1
14263,MK-4827,BEZ-235,SKMEL30,25.03969819,0,1
14264,MK-4827,BEZ-235,SKMES1,16.10967114,0,1
14267,MK-4827,BEZ-235,SW837,11.03332263,0,1
14268,MK-4827,BEZ-235,T47D,110.1087282,0,1
14269,MK-4827,BEZ-235,UACC62,17.19193478,0,1
14270,MK-4827,BEZ-235,UWB1289,12.66717382,0,1
14271,MK-4827,BEZ-235,UWB1289BRCA1,22.85358731,0,1
14272,MK-4827,BEZ-235,VCAP,21.14351696,0,1
14273,MK-4827,BEZ-235,ZR751,13.61621493,0,1
14275,MK-4827,BORTEZOMIB,A2780,-10.3967464,1,0
14276,MK-4827,BORTEZOMIB,A375,-22.39011546,1,0
14277,MK-4827,BORTEZOMIB,A427,-8.639953364,1,0
14278,MK-4827,BORTEZOMIB,CAOV3,-21.75172342,1,0
14279,MK-4827,BORTEZOMIB,COLO320DM,-15.15826099,1,0
14280,MK-4827,BORTEZOMIB,DLD1,12.63609942,1,1
14282,MK-4827,BORTEZOMIB,ES2,-19.95916294,1,0
14284,MK-4827,BORTEZOMIB,HT144,-153.9406707,1,0
14285,MK-4827,BORTEZOMIB,HT29,-17.70952785,1,0
14287,MK-4827,BORTEZOMIB,LNCAP,-151.2309129,1,0
14289,MK-4827,BORTEZOMIB,MDAMB436,11.38801385,1,1
14290,MK-4827,BORTEZOMIB,MSTO,36.17946125,1,1
14291,MK-4827,BORTEZOMIB,NCIH1650,-20.68081601,1,0
14292,MK-4827,BORTEZOMIB,NCIH2122,21.45523131,1,1
14293,MK-4827,BORTEZOMIB,NCIH23,-4.951219182,1,0
14294,MK-4827,BORTEZOMIB,NCIH460,14.5480178,1,1
14295,MK-4827,BORTEZOMIB,NCIH520,-32.43348826,1,0
14297,MK-4827,BORTEZOMIB,OV90,-4.576218374,1,0
14298,MK-4827,BORTEZOMIB,OVCAR3,12.63205283,1,1
14299,MK-4827,BORTEZOMIB,PA1,-13.10386888,1,0
14301,MK-4827,BORTEZOMIB,RPMI7951,-12.09441404,1,0
14302,MK-4827,BORTEZOMIB,SKMEL30,-1.857247564,1,0
14303,MK-4827,BORTEZOMIB,SKMES1,-13.01422677,1,0
14306,MK-4827,BORTEZOMIB,SW837,-154.4375722,1,0
14307,MK-4827,BORTEZOMIB,T47D,-11.2295534,1,0
14308,MK-4827,BORTEZOMIB,UACC62,-3.583516463,1,0
14311,MK-4827,BORTEZOMIB,VCAP,-8.953781546,1,0
14313,MK-4827,DASATINIB,A2058,15.12105354,2,1
14314,MK-4827,DASATINIB,A2780,65.13695999,2,1
14315,MK-4827,DASATINIB,A375,31.83880147,2,1
14316,MK-4827,DASATINIB,A427,20.33774842,2,1
14318,MK-4827,DASATINIB,COLO320DM,15.45992755,2,1
14320,MK-4827,DASATINIB,EFM192B,33.78313972,2,1
14321,MK-4827,DASATINIB,ES2,-4.520860306,2,0
14322,MK-4827,DASATINIB,HCT116,-4.725566271,2,0
14323,MK-4827,DASATINIB,HT144,-38.13791476,2,0
14324,MK-4827,DASATINIB,HT29,26.43307598,2,1
14325,MK-4827,DASATINIB,KPL1,15.12493264,2,1
14326,MK-4827,DASATINIB,LNCAP,23.45734726,2,1
14327,MK-4827,DASATINIB,LOVO,34.29853174,2,1
14328,MK-4827,DASATINIB,MDAMB436,28.89680491,2,1
14329,MK-4827,DASATINIB,MSTO,90.80406156,2,1
14330,MK-4827,DASATINIB,NCIH1650,30.81865626,2,1
14331,MK-4827,DASATINIB,NCIH2122,-48.85307597,2,0
14332,MK-4827,DASATINIB,NCIH23,11.33847901,2,1
14333,MK-4827,DASATINIB,NCIH460,10.86882882,2,1
14334,MK-4827,DASATINIB,NCIH520,55.17163732,2,1
14335,MK-4827,DASATINIB,OCUBM,-8.176941601,2,0
14336,MK-4827,DASATINIB,OV90,-5.875722896,2,0
14337,MK-4827,DASATINIB,OVCAR3,77.7320836,2,1
14338,MK-4827,DASATINIB,PA1,26.55782836,2,1
14339,MK-4827,DASATINIB,RKO,23.7353556,2,1
14340,MK-4827,DASATINIB,RPMI7951,17.57329806,2,1
14341,MK-4827,DASATINIB,SKMEL30,-23.27005194,2,0
14343,MK-4827,DASATINIB,SKOV3,-5.519415336,2,0
14344,MK-4827,DASATINIB,SW620,37.05633783,2,1
14345,MK-4827,DASATINIB,SW837,19.00862685,2,1
14346,MK-4827,DASATINIB,T47D,-15.38395731,2,0
14348,MK-4827,DASATINIB,UWB1289,10.35994576,2,1
14350,MK-4827,DASATINIB,VCAP,29.84276493,2,1
14351,MK-4827,DASATINIB,ZR751,27.37080776,2,1
14352,MK-4827,DINACICLIB,A2058,-3.324391676,0,0
14354,MK-4827,DINACICLIB,A375,-12.75710589,0,0
14355,MK-4827,DINACICLIB,A427,-5.512367032,0,0
14356,MK-4827,DINACICLIB,CAOV3,-6.287873725,0,0
14357,MK-4827,DINACICLIB,COLO320DM,-15.08825334,0,0
14358,MK-4827,DINACICLIB,DLD1,-9.242275932,0,0
14359,MK-4827,DINACICLIB,EFM192B,-13.26642816,0,0
14360,MK-4827,DINACICLIB,ES2,-18.76921564,0,0
14361,MK-4827,DINACICLIB,HCT116,-8.47155097,0,0
14362,MK-4827,DINACICLIB,HT144,-6.752588361,0,0
14363,MK-4827,DINACICLIB,HT29,-5.784939593,0,0
14365,MK-4827,DINACICLIB,LNCAP,-1.870128722,0,0
14366,MK-4827,DINACICLIB,LOVO,-12.53597676,0,0
14368,MK-4827,DINACICLIB,MSTO,-2.555738146,0,0
14370,MK-4827,DINACICLIB,NCIH2122,10.50221996,0,1
14371,MK-4827,DINACICLIB,NCIH23,-12.95214228,0,0
14372,MK-4827,DINACICLIB,NCIH460,10.68143595,0,1
14373,MK-4827,DINACICLIB,NCIH520,-11.57183416,0,0
14374,MK-4827,DINACICLIB,OCUBM,-0.463980033,0,0
14375,MK-4827,DINACICLIB,OV90,-19.65876003,0,0
14376,MK-4827,DINACICLIB,OVCAR3,10.92437668,0,1
14377,MK-4827,DINACICLIB,PA1,-7.550272929,0,0
14379,MK-4827,DINACICLIB,RPMI7951,-1.430816669,0,0
14380,MK-4827,DINACICLIB,SKMEL30,-6.960430131,0,0
14383,MK-4827,DINACICLIB,SW620,-6.138001231,0,0
14384,MK-4827,DINACICLIB,SW837,-18.83432402,0,0
14385,MK-4827,DINACICLIB,T47D,-28.79779446,0,0
14386,MK-4827,DINACICLIB,UACC62,-0.104040789,0,0
14387,MK-4827,DINACICLIB,UWB1289,-9.257661335,0,0
14388,MK-4827,DINACICLIB,UWB1289BRCA1,-2.3584204,0,0
14391,MK-4827,ERLOTINIB,A2058,13.73987912,4,1
14393,MK-4827,ERLOTINIB,A375,11.32034191,4,1
14394,MK-4827,ERLOTINIB,A427,-8.675867311,4,0
14397,MK-4827,ERLOTINIB,DLD1,-5.543391547,4,0
14399,MK-4827,ERLOTINIB,ES2,-8.09037242,4,0
14402,MK-4827,ERLOTINIB,HT29,16.45358357,4,1
14403,MK-4827,ERLOTINIB,KPL1,23.50045577,4,1
14404,MK-4827,ERLOTINIB,LNCAP,-15.22697238,4,0
14405,MK-4827,ERLOTINIB,LOVO,16.4102642,4,1
14406,MK-4827,ERLOTINIB,MDAMB436,12.57877361,4,1
14407,MK-4827,ERLOTINIB,MSTO,33.17163046,4,1
14409,MK-4827,ERLOTINIB,NCIH2122,20.40126925,4,1
14410,MK-4827,ERLOTINIB,NCIH23,-6.630228417,4,0
14413,MK-4827,ERLOTINIB,OCUBM,36.37939891,4,1
14414,MK-4827,ERLOTINIB,OV90,-10.55693101,4,0
14415,MK-4827,ERLOTINIB,OVCAR3,20.99783021,4,1
14418,MK-4827,ERLOTINIB,RPMI7951,-2.448619482,4,0
14419,MK-4827,ERLOTINIB,SKMEL30,-3.590055117,4,0
14420,MK-4827,ERLOTINIB,SKMES1,10.00666735,4,1
14423,MK-4827,ERLOTINIB,SW837,25.48342696,4,1
14426,MK-4827,ERLOTINIB,UWB1289,19.76471495,4,1
14427,MK-4827,ERLOTINIB,UWB1289BRCA1,22.83359428,4,1
14428,MK-4827,ERLOTINIB,VCAP,19.30350683,4,1
14429,MK-4827,ERLOTINIB,ZR751,26.61921541,4,1
14430,MK-4827,GELDANAMYCIN,A2058,33.02572565,3,1
14432,MK-4827,GELDANAMYCIN,A375,-23.72864256,3,0
14434,MK-4827,GELDANAMYCIN,CAOV3,-11.24477168,3,0
14435,MK-4827,GELDANAMYCIN,COLO320DM,14.9842595,3,1
14438,MK-4827,GELDANAMYCIN,ES2,-1.21475759,3,0
14440,MK-4827,GELDANAMYCIN,HT144,-192.3795413,3,0
14441,MK-4827,GELDANAMYCIN,HT29,-1.834416092,3,0
14443,MK-4827,GELDANAMYCIN,LNCAP,-146.8610115,3,0
14444,MK-4827,GELDANAMYCIN,LOVO,-17.26781172,3,0
14445,MK-4827,GELDANAMYCIN,MDAMB436,16.69998153,3,1
14446,MK-4827,GELDANAMYCIN,MSTO,-9.004330625,3,0
14449,MK-4827,GELDANAMYCIN,NCIH23,-14.19073386,3,0
14452,MK-4827,GELDANAMYCIN,OCUBM,24.52754237,3,1
14453,MK-4827,GELDANAMYCIN,OV90,-6.191225867,3,0
14454,MK-4827,GELDANAMYCIN,OVCAR3,57.85094584,3,1
14456,MK-4827,GELDANAMYCIN,RKO,-2.771483432,3,0
14457,MK-4827,GELDANAMYCIN,RPMI7951,-2.867792917,3,0
14460,MK-4827,GELDANAMYCIN,SKOV3,-6.642267796,3,0
14462,MK-4827,GELDANAMYCIN,SW837,-159.2956556,3,0
14463,MK-4827,GELDANAMYCIN,T47D,-21.71288315,3,0
14464,MK-4827,GELDANAMYCIN,UACC62,-15.75738636,3,0
14467,MK-4827,GELDANAMYCIN,VCAP,17.31681488,3,1
14468,MK-4827,GELDANAMYCIN,ZR751,-11.93602233,3,0
14469,MK-4827,MK-2206,A2058,49.61826057,1,1
14470,MK-4827,MK-2206,A2780,29.63735753,1,1
14471,MK-4827,MK-2206,A375,24.40509687,1,1
14472,MK-4827,MK-2206,A427,27.48962474,1,1
14473,MK-4827,MK-2206,CAOV3,19.35802614,1,1
14474,MK-4827,MK-2206,COLO320DM,20.03478038,1,1
14476,MK-4827,MK-2206,EFM192B,10.12474232,1,1
14477,MK-4827,MK-2206,ES2,-0.143089336,1,0
14478,MK-4827,MK-2206,HCT116,11.18316282,1,1
14479,MK-4827,MK-2206,HT144,10.0544587,1,1
14480,MK-4827,MK-2206,HT29,24.44986167,1,1
14481,MK-4827,MK-2206,KPL1,45.91860721,1,1
14482,MK-4827,MK-2206,LNCAP,-1.151403425,1,0
14483,MK-4827,MK-2206,LOVO,12.72684049,1,1
14484,MK-4827,MK-2206,MDAMB436,16.56376489,1,1
14485,MK-4827,MK-2206,MSTO,13.15257437,1,1
14486,MK-4827,MK-2206,NCIH1650,14.45407727,1,1
14487,MK-4827,MK-2206,NCIH2122,58.42670092,1,1
14488,MK-4827,MK-2206,NCIH23,15.76993022,1,1
14489,MK-4827,MK-2206,NCIH460,34.08631299,1,1
14490,MK-4827,MK-2206,NCIH520,19.84779993,1,1
14491,MK-4827,MK-2206,OCUBM,34.60286701,1,1
14492,MK-4827,MK-2206,OV90,10.05560191,1,1
14493,MK-4827,MK-2206,OVCAR3,11.19326634,1,1
14494,MK-4827,MK-2206,PA1,70.6119109,1,1
14495,MK-4827,MK-2206,RKO,69.39351261,1,1
14496,MK-4827,MK-2206,RPMI7951,15.70141864,1,1
14498,MK-4827,MK-2206,SKMES1,28.64125665,1,1
14499,MK-4827,MK-2206,SKOV3,16.37355483,1,1
14500,MK-4827,MK-2206,SW620,36.54412001,1,1
14501,MK-4827,MK-2206,SW837,33.26789276,1,1
14502,MK-4827,MK-2206,T47D,11.82662295,1,1
14503,MK-4827,MK-2206,UACC62,11.15283864,1,1
14504,MK-4827,MK-2206,UWB1289,26.79585518,1,1
14506,MK-4827,MK-2206,VCAP,23.96500405,1,1
14507,MK-4827,MK-2206,ZR751,22.46510209,1,1
14508,MK-4827,MK-8669,A2058,10.34107555,2,1
14509,MK-4827,MK-8669,A2780,21.78450235,2,1
14510,MK-4827,MK-8669,A375,43.98027013,2,1
14511,MK-4827,MK-8669,A427,33.2012221,2,1
14512,MK-4827,MK-8669,CAOV3,-3.446107071,2,0
14513,MK-4827,MK-8669,COLO320DM,17.21870612,2,1
14515,MK-4827,MK-8669,EFM192B,57.06478373,2,1
14518,MK-4827,MK-8669,HT144,10.6476493,2,1
14519,MK-4827,MK-8669,HT29,31.83647965,2,1
14520,MK-4827,MK-8669,KPL1,34.34160551,2,1
14522,MK-4827,MK-8669,LOVO,22.08557507,2,1
14523,MK-4827,MK-8669,MDAMB436,19.77089859,2,1
14524,MK-4827,MK-8669,MSTO,-6.994062215,2,0
14525,MK-4827,MK-8669,NCIH1650,22.68902782,2,1
14526,MK-4827,MK-8669,NCIH2122,28.82946825,2,1
14527,MK-4827,MK-8669,NCIH23,18.76364586,2,1
14528,MK-4827,MK-8669,NCIH460,10.82607054,2,1
14530,MK-4827,MK-8669,OCUBM,32.87484824,2,1
14531,MK-4827,MK-8669,OV90,14.04001813,2,1
14532,MK-4827,MK-8669,OVCAR3,47.26739906,2,1
14533,MK-4827,MK-8669,PA1,18.10287313,2,1
14534,MK-4827,MK-8669,RKO,33.37876583,2,1
14535,MK-4827,MK-8669,RPMI7951,19.85655463,2,1
14536,MK-4827,MK-8669,SKMEL30,23.87634707,2,1
14537,MK-4827,MK-8669,SKMES1,20.55776165,2,1
14538,MK-4827,MK-8669,SKOV3,22.84941187,2,1
14539,MK-4827,MK-8669,SW620,24.03651114,2,1
14540,MK-4827,MK-8669,SW837,17.1475873,2,1
14541,MK-4827,MK-8669,T47D,34.45598785,2,1
14542,MK-4827,MK-8669,UACC62,10.85461955,2,1
14543,MK-4827,MK-8669,UWB1289,27.95795792,2,1
14544,MK-4827,MK-8669,UWB1289BRCA1,-11.84156204,2,0
14545,MK-4827,MK-8669,VCAP,34.69813515,2,1
14546,MK-4827,MK-8669,ZR751,25.74404286,2,1
14547,MK-4827,MK-8776,A2058,59.71957345,1,1
14548,MK-4827,MK-8776,A2780,21.63069464,1,1
14549,MK-4827,MK-8776,A375,33.35963122,1,1
14550,MK-4827,MK-8776,A427,-4.503186209,1,0
14551,MK-4827,MK-8776,CAOV3,27.147932,1,1
14554,MK-4827,MK-8776,EFM192B,-4.385680687,1,0
14555,MK-4827,MK-8776,ES2,-36.85975688,1,0
14556,MK-4827,MK-8776,HCT116,17.126486,1,1
14557,MK-4827,MK-8776,HT144,21.76635089,1,1
14559,MK-4827,MK-8776,KPL1,10.06632802,1,1
14560,MK-4827,MK-8776,LNCAP,-12.09874647,1,0
14561,MK-4827,MK-8776,LOVO,-10.47546151,1,0
14562,MK-4827,MK-8776,MDAMB436,25.65777401,1,1
14563,MK-4827,MK-8776,MSTO,11.08032153,1,1
14564,MK-4827,MK-8776,NCIH1650,-7.483973825,1,0
14565,MK-4827,MK-8776,NCIH2122,-13.43811325,1,0
14566,MK-4827,MK-8776,NCIH23,-4.724629617,1,0
14567,MK-4827,MK-8776,NCIH460,18.92645726,1,1
14568,MK-4827,MK-8776,NCIH520,16.96755402,1,1
14569,MK-4827,MK-8776,OCUBM,58.41661815,1,1
14571,MK-4827,MK-8776,OVCAR3,61.02779635,1,1
14572,MK-4827,MK-8776,PA1,11.26556311,1,1
14573,MK-4827,MK-8776,RKO,11.45700272,1,1
14574,MK-4827,MK-8776,RPMI7951,-6.406523712,1,0
14575,MK-4827,MK-8776,SKMEL30,23.4368935,1,1
14576,MK-4827,MK-8776,SKMES1,-1.742250597,1,0
14579,MK-4827,MK-8776,SW837,-11.45302592,1,0
14580,MK-4827,MK-8776,T47D,-14.81381286,1,0
14582,MK-4827,MK-8776,UWB1289,-14.42853377,1,0
14583,MK-4827,MK-8776,UWB1289BRCA1,-30.14515,1,0
14584,MK-4827,MK-8776,VCAP,18.58371939,1,1
14586,MK-4827,OXALIPLATIN,A2058,17.49939545,0,1
14588,MK-4827,OXALIPLATIN,A375,-13.12403416,0,0
14589,MK-4827,OXALIPLATIN,A427,-12.08454218,0,0
14590,MK-4827,OXALIPLATIN,CAOV3,-10.69339306,0,0
14591,MK-4827,OXALIPLATIN,COLO320DM,11.14690902,0,1
14592,MK-4827,OXALIPLATIN,DLD1,-9.479845917,0,0
14593,MK-4827,OXALIPLATIN,EFM192B,-0.953767123,0,0
14594,MK-4827,OXALIPLATIN,ES2,-11.94318529,0,0
14595,MK-4827,OXALIPLATIN,HCT116,13.20611377,0,1
14596,MK-4827,OXALIPLATIN,HT144,-12.90403791,0,0
14597,MK-4827,OXALIPLATIN,HT29,-2.333874771,0,0
14598,MK-4827,OXALIPLATIN,KPL1,-1.074116006,0,0
14600,MK-4827,OXALIPLATIN,LOVO,-17.71637215,0,0
14601,MK-4827,OXALIPLATIN,MDAMB436,-7.027663041,0,0
14602,MK-4827,OXALIPLATIN,MSTO,-4.0413467,0,0
14603,MK-4827,OXALIPLATIN,NCIH1650,-6.860174398,0,0
14605,MK-4827,OXALIPLATIN,NCIH23,-15.55740914,0,0
14606,MK-4827,OXALIPLATIN,NCIH460,-14.30528425,0,0
14608,MK-4827,OXALIPLATIN,OCUBM,19.11749746,0,1
14609,MK-4827,OXALIPLATIN,OV90,-24.31968963,0,0
14611,MK-4827,OXALIPLATIN,PA1,-15.34818908,0,0
14612,MK-4827,OXALIPLATIN,RKO,-6.000053455,0,0
14613,MK-4827,OXALIPLATIN,RPMI7951,-26.16793285,0,0
14615,MK-4827,OXALIPLATIN,SKMES1,-5.896323264,0,0
14617,MK-4827,OXALIPLATIN,SW620,13.40016765,0,1
14618,MK-4827,OXALIPLATIN,SW837,-1.208760378,0,0
14619,MK-4827,OXALIPLATIN,T47D,-8.252042083,0,0
14620,MK-4827,OXALIPLATIN,UACC62,-22.61040291,0,0
14624,MK-4827,OXALIPLATIN,ZR751,-6.541435796,0,0
14626,MK-4827,PD325901,A2780,34.58357927,3,1
14627,MK-4827,PD325901,A375,-0.773642645,3,0
14628,MK-4827,PD325901,A427,-10.84520718,3,0
14629,MK-4827,PD325901,CAOV3,11.63191194,3,1
14633,MK-4827,PD325901,ES2,-2.109087215,3,0
14636,MK-4827,PD325901,HT29,-2.484578446,3,0
14637,MK-4827,PD325901,KPL1,-2.592169102,3,0
14638,MK-4827,PD325901,LNCAP,-17.88288846,3,0
14639,MK-4827,PD325901,LOVO,-2.84261468,3,0
14640,MK-4827,PD325901,MDAMB436,21.41106634,3,1
14642,MK-4827,PD325901,NCIH1650,-10.39191062,3,0
14643,MK-4827,PD325901,NCIH2122,14.05623228,3,1
14644,MK-4827,PD325901,NCIH23,-2.839496171,3,0
14645,MK-4827,PD325901,NCIH460,15.39370252,3,1
14646,MK-4827,PD325901,NCIH520,-8.92664399,3,0
14647,MK-4827,PD325901,OCUBM,26.95773182,3,1
14648,MK-4827,PD325901,OV90,-9.756052268,3,0
14649,MK-4827,PD325901,OVCAR3,39.79809095,3,1
14651,MK-4827,PD325901,RKO,13.7607102,3,1
14652,MK-4827,PD325901,RPMI7951,-3.086341349,3,0
14653,MK-4827,PD325901,SKMEL30,-3.423256687,3,0
14654,MK-4827,PD325901,SKMES1,-18.76747563,3,0
14655,MK-4827,PD325901,SKOV3,-0.068983146,3,0
14658,MK-4827,PD325901,T47D,-8.539766165,3,0
14659,MK-4827,PD325901,UACC62,-14.9478733,3,0
14660,MK-4827,PD325901,UWB1289,25.9373567,3,1
14661,MK-4827,PD325901,UWB1289BRCA1,20.56925364,3,1
14662,MK-4827,PD325901,VCAP,23.94091103,3,1
14663,MK-4827,PD325901,ZR751,13.93166843,3,1
14664,MK-4827,SN-38,A2058,20.63773683,2,1
14665,MK-4827,SN-38,A2780,31.23605097,2,1
14666,MK-4827,SN-38,A375,35.20710076,2,1
14667,MK-4827,SN-38,A427,15.55628261,2,1
14668,MK-4827,SN-38,CAOV3,31.02639735,2,1
14669,MK-4827,SN-38,COLO320DM,12.6229669,2,1
14671,MK-4827,SN-38,EFM192B,23.98099537,2,1
14672,MK-4827,SN-38,ES2,22.55915822,2,1
14673,MK-4827,SN-38,HCT116,30.37177161,2,1
14674,MK-4827,SN-38,HT144,15.62909189,2,1
14676,MK-4827,SN-38,KPL1,10.29121927,2,1
14678,MK-4827,SN-38,LOVO,-0.573360387,2,0
14679,MK-4827,SN-38,MDAMB436,20.44834523,2,1
14680,MK-4827,SN-38,MSTO,41.07253268,2,1
14683,MK-4827,SN-38,NCIH23,17.08621801,2,1
14684,MK-4827,SN-38,NCIH460,28.45804204,2,1
14685,MK-4827,SN-38,NCIH520,19.47751727,2,1
14686,MK-4827,SN-38,OCUBM,44.14619294,2,1
14687,MK-4827,SN-38,OV90,14.1924417,2,1
14688,MK-4827,SN-38,OVCAR3,12.40523666,2,1
14689,MK-4827,SN-38,PA1,24.18256767,2,1
14690,MK-4827,SN-38,RKO,35.86583895,2,1
14691,MK-4827,SN-38,RPMI7951,32.00144019,2,1
14692,MK-4827,SN-38,SKMEL30,24.89226833,2,1
14693,MK-4827,SN-38,SKMES1,32.24493211,2,1
14694,MK-4827,SN-38,SKOV3,33.695974,2,1
14695,MK-4827,SN-38,SW620,22.29256226,2,1
14697,MK-4827,SN-38,T47D,20.50477411,2,1
14698,MK-4827,SN-38,UACC62,35.62825131,2,1
14699,MK-4827,SN-38,UWB1289,15.52625458,2,1
14700,MK-4827,SN-38,UWB1289BRCA1,31.64708677,2,1
14701,MK-4827,SN-38,VCAP,38.2374649,2,1
14702,MK-4827,SN-38,ZR751,27.02525838,2,1
14703,MK-4827,SORAFENIB,A2058,-11.72755988,3,0
14707,MK-4827,SORAFENIB,CAOV3,-16.76167867,3,0
14709,MK-4827,SORAFENIB,DLD1,12.21700685,3,1
14711,MK-4827,SORAFENIB,ES2,-6.816569908,3,0
14716,MK-4827,SORAFENIB,LNCAP,-10.90478102,3,0
14717,MK-4827,SORAFENIB,LOVO,-5.59961435,3,0
14718,MK-4827,SORAFENIB,MDAMB436,-3.019767541,3,0
14719,MK-4827,SORAFENIB,MSTO,-8.594945461,3,0
14720,MK-4827,SORAFENIB,NCIH1650,-0.353930508,3,0
14723,MK-4827,SORAFENIB,NCIH460,11.00236445,3,1
14726,MK-4827,SORAFENIB,OV90,-1.479686951,3,0
14727,MK-4827,SORAFENIB,OVCAR3,-4.351257453,3,0
14730,MK-4827,SORAFENIB,RPMI7951,-3.266563763,3,0
14732,MK-4827,SORAFENIB,SKMES1,13.18316939,3,1
14733,MK-4827,SORAFENIB,SKOV3,19.10402368,3,1
14736,MK-4827,SORAFENIB,T47D,-3.143078231,3,0
14740,MK-4827,SORAFENIB,VCAP,-7.865619709,3,0
14741,MK-4827,SORAFENIB,ZR751,-20.49732089,3,0
14742,MK-4827,TOPOTECAN,A2058,-1.563094982,4,0
14747,MK-4827,TOPOTECAN,COLO320DM,11.01523671,4,1
14749,MK-4827,TOPOTECAN,EFM192B,32.71577214,4,1
14750,MK-4827,TOPOTECAN,ES2,-1.382432755,4,0
14751,MK-4827,TOPOTECAN,HCT116,30.38325699,4,1
14755,MK-4827,TOPOTECAN,LNCAP,13.59245695,4,1
14756,MK-4827,TOPOTECAN,LOVO,12.0406261,4,1
14757,MK-4827,TOPOTECAN,MDAMB436,10.18237702,4,1
14758,MK-4827,TOPOTECAN,MSTO,32.98579469,4,1
14759,MK-4827,TOPOTECAN,NCIH1650,32.85264182,4,1
14760,MK-4827,TOPOTECAN,NCIH2122,14.35041287,4,1
14762,MK-4827,TOPOTECAN,NCIH460,12.23698438,4,1
14763,MK-4827,TOPOTECAN,NCIH520,15.00545878,4,1
14764,MK-4827,TOPOTECAN,OCUBM,-16.15766336,4,0
14766,MK-4827,TOPOTECAN,OVCAR3,-21.4269635,4,0
14767,MK-4827,TOPOTECAN,PA1,-6.514869483,4,0
14768,MK-4827,TOPOTECAN,RKO,30.62674777,4,1
14769,MK-4827,TOPOTECAN,RPMI7951,10.7012587,4,1
14770,MK-4827,TOPOTECAN,SKMEL30,16.88422277,4,1
14771,MK-4827,TOPOTECAN,SKMES1,50.41670258,4,1
14772,MK-4827,TOPOTECAN,SKOV3,33.75560629,4,1
14773,MK-4827,TOPOTECAN,SW620,11.17490994,4,1
14774,MK-4827,TOPOTECAN,SW837,-8.234301821,4,0
14775,MK-4827,TOPOTECAN,T47D,-15.72579511,4,0
14778,MK-4827,TOPOTECAN,UWB1289BRCA1,24.41855373,4,1
14779,MK-4827,TOPOTECAN,VCAP,36.83249416,4,1
14780,MK-4827,TOPOTECAN,ZR751,10.98011533,4,1
14781,MK-5108,ABT-888,A2058,14.4110973,1,1
14783,MK-5108,ABT-888,A375,15.57852642,1,1
14785,MK-5108,ABT-888,CAOV3,15.63341893,1,1
14786,MK-5108,ABT-888,COLO320DM,-15.21999459,1,0
14788,MK-5108,ABT-888,EFM192B,24.50429351,1,1
14789,MK-5108,ABT-888,ES2,10.48745118,1,1
14790,MK-5108,ABT-888,HCT116,12.86233035,1,1
14791,MK-5108,ABT-888,HT144,17.23498878,1,1
14794,MK-5108,ABT-888,LNCAP,-51.68081715,1,0
14797,MK-5108,ABT-888,MSTO,-1.685461731,1,0
14798,MK-5108,ABT-888,NCIH1650,-0.765299105,1,0
14799,MK-5108,ABT-888,NCIH2122,16.10793959,1,1
14802,MK-5108,ABT-888,NCIH520,-4.414656847,1,0
14803,MK-5108,ABT-888,OCUBM,21.15553929,1,1
14805,MK-5108,ABT-888,OVCAR3,14.67921214,1,1
14807,MK-5108,ABT-888,RKO,32.22192775,1,1
14809,MK-5108,ABT-888,SKMEL30,16.77112603,1,1
14811,MK-5108,ABT-888,SKOV3,18.74039675,1,1
14813,MK-5108,ABT-888,SW837,-5.537768543,1,0
14815,MK-5108,ABT-888,UACC62,21.40714705,1,1
14819,MK-5108,ABT-888,ZR751,-13.82285845,1,0
14820,MK-5108,BEZ-235,A2058,10.97716092,1,1
14821,MK-5108,BEZ-235,A2780,18.90025121,1,1
14822,MK-5108,BEZ-235,A375,18.41780526,1,1
14823,MK-5108,BEZ-235,A427,11.96940502,1,1
14824,MK-5108,BEZ-235,CAOV3,14.61290092,1,1
14825,MK-5108,BEZ-235,COLO320DM,-73.16320052,1,0
14826,MK-5108,BEZ-235,DLD1,14.83916775,1,1
14827,MK-5108,BEZ-235,EFM192B,19.16193969,1,1
14828,MK-5108,BEZ-235,ES2,14.95081332,1,1
14829,MK-5108,BEZ-235,HCT116,29.70547002,1,1
14831,MK-5108,BEZ-235,HT29,25.98375503,1,1
14832,MK-5108,BEZ-235,KPL1,23.39201274,1,1
14833,MK-5108,BEZ-235,LNCAP,-60.32380102,1,0
14834,MK-5108,BEZ-235,LOVO,22.5055494,1,1
14835,MK-5108,BEZ-235,MDAMB436,24.63031407,1,1
14836,MK-5108,BEZ-235,MSTO,11.76066653,1,1
14837,MK-5108,BEZ-235,NCIH1650,10.35228,1,1
14838,MK-5108,BEZ-235,NCIH2122,-6.612149976,1,0
14841,MK-5108,BEZ-235,NCIH520,17.20489325,1,1
14843,MK-5108,BEZ-235,OV90,16.56297535,1,1
14844,MK-5108,BEZ-235,OVCAR3,15.18440495,1,1
14845,MK-5108,BEZ-235,PA1,20.52307566,1,1
14846,MK-5108,BEZ-235,RKO,12.23867613,1,1
14848,MK-5108,BEZ-235,SKMEL30,27.04581675,1,1
14849,MK-5108,BEZ-235,SKMES1,11.14304619,1,1
14850,MK-5108,BEZ-235,SKOV3,15.09007923,1,1
14851,MK-5108,BEZ-235,SW620,15.43766083,1,1
14852,MK-5108,BEZ-235,SW837,28.49512573,1,1
14853,MK-5108,BEZ-235,T47D,114.567378,1,1
14854,MK-5108,BEZ-235,UACC62,21.26410648,1,1
14855,MK-5108,BEZ-235,UWB1289,19.06881675,1,1
14856,MK-5108,BEZ-235,UWB1289BRCA1,25.3379816,1,1
14857,MK-5108,BEZ-235,VCAP,12.36712864,1,1
14858,MK-5108,BEZ-235,ZR751,15.76353317,1,1
14859,MK-5108,BORTEZOMIB,A2058,-4.628485846,2,0
14860,MK-5108,BORTEZOMIB,A2780,-12.50471573,2,0
14862,MK-5108,BORTEZOMIB,A427,-9.36394819,2,0
14863,MK-5108,BORTEZOMIB,CAOV3,-22.20998765,2,0
14864,MK-5108,BORTEZOMIB,COLO320DM,-104.1310132,2,0
14866,MK-5108,BORTEZOMIB,EFM192B,-15.12835407,2,0
14867,MK-5108,BORTEZOMIB,ES2,-9.932575169,2,0
14868,MK-5108,BORTEZOMIB,HCT116,-2.635067487,2,0
14869,MK-5108,BORTEZOMIB,HT144,-18.6569206,2,0
14870,MK-5108,BORTEZOMIB,HT29,-11.64902318,2,0
14871,MK-5108,BORTEZOMIB,KPL1,-8.081944176,2,0
14872,MK-5108,BORTEZOMIB,LNCAP,-169.1358709,2,0
14873,MK-5108,BORTEZOMIB,LOVO,-5.124067005,2,0
14874,MK-5108,BORTEZOMIB,MDAMB436,-5.763824323,2,0
14875,MK-5108,BORTEZOMIB,MSTO,64.70115627,2,1
14876,MK-5108,BORTEZOMIB,NCIH1650,-16.54932006,2,0
14877,MK-5108,BORTEZOMIB,NCIH2122,-27.80835809,2,0
14878,MK-5108,BORTEZOMIB,NCIH23,-0.352533679,2,0
14879,MK-5108,BORTEZOMIB,NCIH460,-29.3281424,2,0
14880,MK-5108,BORTEZOMIB,NCIH520,-28.45266802,2,0
14881,MK-5108,BORTEZOMIB,OCUBM,-10.57406826,2,0
14882,MK-5108,BORTEZOMIB,OV90,-7.544090699,2,0
14883,MK-5108,BORTEZOMIB,OVCAR3,-16.12694769,2,0
14884,MK-5108,BORTEZOMIB,PA1,-11.06747412,2,0
14885,MK-5108,BORTEZOMIB,RKO,12.82259849,2,1
14886,MK-5108,BORTEZOMIB,RPMI7951,-8.217925235,2,0
14888,MK-5108,BORTEZOMIB,SKMES1,-21.71603783,2,0
14889,MK-5108,BORTEZOMIB,SKOV3,16.55848987,2,1
14890,MK-5108,BORTEZOMIB,SW620,-4.847395221,2,0
14891,MK-5108,BORTEZOMIB,SW837,-0.608326088,2,0
14892,MK-5108,BORTEZOMIB,T47D,-8.625776934,2,0
14893,MK-5108,BORTEZOMIB,UACC62,-16.92233875,2,0
14894,MK-5108,BORTEZOMIB,UWB1289,-20.50429329,2,0
14895,MK-5108,BORTEZOMIB,UWB1289BRCA1,-4.485783245,2,0
14896,MK-5108,BORTEZOMIB,VCAP,-12.77397782,2,0
14897,MK-5108,BORTEZOMIB,ZR751,-28.80172155,2,0
14898,MK-5108,DASATINIB,A2058,31.7288986,1,1
14899,MK-5108,DASATINIB,A2780,62.05053129,1,1
14900,MK-5108,DASATINIB,A375,17.93243389,1,1
14901,MK-5108,DASATINIB,A427,43.50856947,1,1
14904,MK-5108,DASATINIB,DLD1,10.50704957,1,1
14905,MK-5108,DASATINIB,EFM192B,33.39502363,1,1
14906,MK-5108,DASATINIB,ES2,-0.958708067,1,0
14907,MK-5108,DASATINIB,HCT116,20.97294145,1,1
14908,MK-5108,DASATINIB,HT144,-34.64473664,1,0
14909,MK-5108,DASATINIB,HT29,23.68657819,1,1
14910,MK-5108,DASATINIB,KPL1,19.2977096,1,1
14912,MK-5108,DASATINIB,LOVO,42.36548126,1,1
14913,MK-5108,DASATINIB,MDAMB436,16.87162156,1,1
14914,MK-5108,DASATINIB,MSTO,90.51750612,1,1
14915,MK-5108,DASATINIB,NCIH1650,30.63154386,1,1
14916,MK-5108,DASATINIB,NCIH2122,-63.79162144,1,0
14917,MK-5108,DASATINIB,NCIH23,16.11154326,1,1
14919,MK-5108,DASATINIB,NCIH520,40.76851974,1,1
14922,MK-5108,DASATINIB,OVCAR3,55.8942825,1,1
14923,MK-5108,DASATINIB,PA1,46.31769395,1,1
14924,MK-5108,DASATINIB,RKO,17.47202594,1,1
14925,MK-5108,DASATINIB,RPMI7951,13.29138882,1,1
14926,MK-5108,DASATINIB,SKMEL30,-12.24510781,1,0
14928,MK-5108,DASATINIB,SKOV3,14.21412618,1,1
14929,MK-5108,DASATINIB,SW620,24.55421762,1,1
14930,MK-5108,DASATINIB,SW837,18.50086523,1,1
14931,MK-5108,DASATINIB,T47D,-5.799404429,1,0
14932,MK-5108,DASATINIB,UACC62,25.70363031,1,1
14933,MK-5108,DASATINIB,UWB1289,17.68200533,1,1
14934,MK-5108,DASATINIB,UWB1289BRCA1,20.45288598,1,1
14935,MK-5108,DASATINIB,VCAP,27.95203801,1,1
14937,MK-5108,DINACICLIB,A2058,-8.508984463,3,0
14938,MK-5108,DINACICLIB,A2780,-6.282523924,3,0
14940,MK-5108,DINACICLIB,A427,-5.535172597,3,0
14941,MK-5108,DINACICLIB,CAOV3,-11.4823232,3,0
14942,MK-5108,DINACICLIB,COLO320DM,-66.68723585,3,0
14944,MK-5108,DINACICLIB,EFM192B,-0.41277856,3,0
14945,MK-5108,DINACICLIB,ES2,-0.775314238,3,0
14946,MK-5108,DINACICLIB,HCT116,-3.004474112,3,0
14947,MK-5108,DINACICLIB,HT144,-7.096937013,3,0
14950,MK-5108,DINACICLIB,LNCAP,-87.07463478,3,0
14951,MK-5108,DINACICLIB,LOVO,-4.434959738,3,0
14952,MK-5108,DINACICLIB,MDAMB436,-3.520798303,3,0
14953,MK-5108,DINACICLIB,MSTO,-0.977044061,3,0
14954,MK-5108,DINACICLIB,NCIH1650,-0.646989838,3,0
14955,MK-5108,DINACICLIB,NCIH2122,-13.31410733,3,0
14956,MK-5108,DINACICLIB,NCIH23,-6.964543084,3,0
14957,MK-5108,DINACICLIB,NCIH460,-8.309028973,3,0
14958,MK-5108,DINACICLIB,NCIH520,-18.26637956,3,0
14959,MK-5108,DINACICLIB,OCUBM,-8.830402392,3,0
14960,MK-5108,DINACICLIB,OV90,-7.175640848,3,0
14962,MK-5108,DINACICLIB,PA1,-8.329785652,3,0
14964,MK-5108,DINACICLIB,RPMI7951,-6.461987826,3,0
14966,MK-5108,DINACICLIB,SKMES1,-14.07871494,3,0
14968,MK-5108,DINACICLIB,SW620,-5.445262585,3,0
14970,MK-5108,DINACICLIB,T47D,-12.40801934,3,0
14972,MK-5108,DINACICLIB,UWB1289,-2.725069786,3,0
14973,MK-5108,DINACICLIB,UWB1289BRCA1,-1.79419193,3,0
14974,MK-5108,DINACICLIB,VCAP,-21.43257341,3,0
14975,MK-5108,DINACICLIB,ZR751,-17.72158876,3,0
14976,MK-5108,ERLOTINIB,A2058,-5.283885936,1,0
14978,MK-5108,ERLOTINIB,A375,16.06326659,1,1
14980,MK-5108,ERLOTINIB,CAOV3,-3.600364512,1,0
14981,MK-5108,ERLOTINIB,COLO320DM,30.57012508,1,1
14983,MK-5108,ERLOTINIB,EFM192B,-2.392588424,1,0
14984,MK-5108,ERLOTINIB,ES2,11.30200963,1,1
14985,MK-5108,ERLOTINIB,HCT116,15.4002207,1,1
14986,MK-5108,ERLOTINIB,HT144,12.60881777,1,1
14988,MK-5108,ERLOTINIB,KPL1,13.96550893,1,1
14989,MK-5108,ERLOTINIB,LNCAP,-12.05321803,1,0
14990,MK-5108,ERLOTINIB,LOVO,24.63964295,1,1
14991,MK-5108,ERLOTINIB,MDAMB436,-0.514635132,1,0
14992,MK-5108,ERLOTINIB,MSTO,36.21998274,1,1
14993,MK-5108,ERLOTINIB,NCIH1650,-3.401687637,1,0
14994,MK-5108,ERLOTINIB,NCIH2122,-1.527899187,1,0
14995,MK-5108,ERLOTINIB,NCIH23,12.09509246,1,1
14996,MK-5108,ERLOTINIB,NCIH460,-0.954044375,1,0
14997,MK-5108,ERLOTINIB,NCIH520,-2.531556927,1,0
15000,MK-5108,ERLOTINIB,OVCAR3,13.57806912,1,1
15001,MK-5108,ERLOTINIB,PA1,13.1666157,1,1
15002,MK-5108,ERLOTINIB,RKO,-4.52743992,1,0
15004,MK-5108,ERLOTINIB,SKMEL30,12.27258831,1,1
15005,MK-5108,ERLOTINIB,SKMES1,10.07431831,1,1
15006,MK-5108,ERLOTINIB,SKOV3,14.92674069,1,1
15008,MK-5108,ERLOTINIB,SW837,25.84136336,1,1
15009,MK-5108,ERLOTINIB,T47D,37.66636466,1,1
15010,MK-5108,ERLOTINIB,UACC62,31.40755313,1,1
15011,MK-5108,ERLOTINIB,UWB1289,36.56554166,1,1
15012,MK-5108,ERLOTINIB,UWB1289BRCA1,19.47413474,1,1
15013,MK-5108,ERLOTINIB,VCAP,25.87509492,1,1
15014,MK-5108,ERLOTINIB,ZR751,28.68567442,1,1
15015,MK-5108,GELDANAMYCIN,A2058,-11.07479595,1,0
15017,MK-5108,GELDANAMYCIN,A375,-4.340813107,1,0
15018,MK-5108,GELDANAMYCIN,A427,18.46757886,1,1
15019,MK-5108,GELDANAMYCIN,CAOV3,-15.45702269,1,0
15020,MK-5108,GELDANAMYCIN,COLO320DM,-28.57377706,1,0
15023,MK-5108,GELDANAMYCIN,ES2,-0.227549094,1,0
15025,MK-5108,GELDANAMYCIN,HT144,-1.382351997,1,0
15026,MK-5108,GELDANAMYCIN,HT29,-4.832047614,1,0
15028,MK-5108,GELDANAMYCIN,LNCAP,-126.1315601,1,0
15029,MK-5108,GELDANAMYCIN,LOVO,-8.031820198,1,0
15030,MK-5108,GELDANAMYCIN,MDAMB436,12.3567729,1,1
15031,MK-5108,GELDANAMYCIN,MSTO,-3.115607334,1,0
15033,MK-5108,GELDANAMYCIN,NCIH2122,-16.17185397,1,0
15036,MK-5108,GELDANAMYCIN,NCIH520,-2.762137019,1,0
15038,MK-5108,GELDANAMYCIN,OV90,-3.213252297,1,0
15039,MK-5108,GELDANAMYCIN,OVCAR3,-0.181449984,1,0
15040,MK-5108,GELDANAMYCIN,PA1,-8.581111158,1,0
15041,MK-5108,GELDANAMYCIN,RKO,20.34957302,1,1
15042,MK-5108,GELDANAMYCIN,RPMI7951,-4.16500481,1,0
15046,MK-5108,GELDANAMYCIN,SW620,-0.857663562,1,0
15048,MK-5108,GELDANAMYCIN,T47D,44.78143317,1,1
15049,MK-5108,GELDANAMYCIN,UACC62,11.68093145,1,1
15051,MK-5108,GELDANAMYCIN,UWB1289BRCA1,-8.725951348,1,0
15052,MK-5108,GELDANAMYCIN,VCAP,-5.880115564,1,0
15053,MK-5108,GELDANAMYCIN,ZR751,-23.11928787,1,0
15055,MK-5108,MK-2206,A2780,22.87288173,3,1
15058,MK-5108,MK-2206,CAOV3,39.86931558,3,1
15059,MK-5108,MK-2206,COLO320DM,14.43840952,3,1
15061,MK-5108,MK-2206,EFM192B,-4.826766817,3,0
15063,MK-5108,MK-2206,HCT116,19.87220384,3,1
15065,MK-5108,MK-2206,HT29,13.88407947,3,1
15066,MK-5108,MK-2206,KPL1,38.0653465,3,1
15067,MK-5108,MK-2206,LNCAP,-5.611321793,3,0
15068,MK-5108,MK-2206,LOVO,16.50208313,3,1
15070,MK-5108,MK-2206,MSTO,65.69614413,3,1
15073,MK-5108,MK-2206,NCIH23,13.71728721,3,1
15075,MK-5108,MK-2206,NCIH520,14.26686071,3,1
15079,MK-5108,MK-2206,PA1,31.53017113,3,1
15083,MK-5108,MK-2206,SKMES1,17.45132101,3,1
15084,MK-5108,MK-2206,SKOV3,20.03864114,3,1
15086,MK-5108,MK-2206,SW837,-2.248045123,3,0
15087,MK-5108,MK-2206,T47D,-10.81630074,3,0
15088,MK-5108,MK-2206,UACC62,14.85073319,3,1
15089,MK-5108,MK-2206,UWB1289,17.48455034,3,1
15090,MK-5108,MK-2206,UWB1289BRCA1,25.8552802,3,1
15091,MK-5108,MK-2206,VCAP,13.1406988,3,1
15092,MK-5108,MK-2206,ZR751,21.8990748,3,1
15093,MK-5108,MK-4827,A2058,29.71889812,3,1
15094,MK-5108,MK-4827,A2780,16.51762605,3,1
15095,MK-5108,MK-4827,A375,18.95554894,3,1
15096,MK-5108,MK-4827,A427,19.67790458,3,1
15097,MK-5108,MK-4827,CAOV3,-16.44230102,3,0
15100,MK-5108,MK-4827,EFM192B,12.51543076,3,1
15101,MK-5108,MK-4827,ES2,10.4105316,3,1
15102,MK-5108,MK-4827,HCT116,12.67686859,3,1
15103,MK-5108,MK-4827,HT144,-3.992875532,3,0
15104,MK-5108,MK-4827,HT29,20.01385848,3,1
15105,MK-5108,MK-4827,KPL1,-0.089156096,3,0
15106,MK-5108,MK-4827,LNCAP,-22.64114223,3,0
15108,MK-5108,MK-4827,MDAMB436,20.27148875,3,1
15111,MK-5108,MK-4827,NCIH2122,26.35883469,3,1
15112,MK-5108,MK-4827,NCIH23,17.34902376,3,1
15113,MK-5108,MK-4827,NCIH460,-0.426801644,3,0
15114,MK-5108,MK-4827,NCIH520,-12.60974674,3,0
15115,MK-5108,MK-4827,OCUBM,22.18045597,3,1
15117,MK-5108,MK-4827,OVCAR3,32.85388999,3,1
15118,MK-5108,MK-4827,PA1,20.35232964,3,1
15119,MK-5108,MK-4827,RKO,48.30471226,3,1
15120,MK-5108,MK-4827,RPMI7951,13.82386928,3,1
15121,MK-5108,MK-4827,SKMEL30,16.6511814,3,1
15123,MK-5108,MK-4827,SKOV3,19.09685164,3,1
15124,MK-5108,MK-4827,SW620,21.13464294,3,1
15126,MK-5108,MK-4827,T47D,15.85477984,3,1
15127,MK-5108,MK-4827,UACC62,16.57071271,3,1
15128,MK-5108,MK-4827,UWB1289,16.22738392,3,1
15129,MK-5108,MK-4827,UWB1289BRCA1,-9.276874134,3,0
15130,MK-5108,MK-4827,VCAP,-1.640894638,3,0
15132,MK-5108,MK-8669,A2058,17.88546042,3,1
15133,MK-5108,MK-8669,A2780,49.68135611,3,1
15134,MK-5108,MK-8669,A375,24.16971411,3,1
15135,MK-5108,MK-8669,A427,20.57500865,3,1
15136,MK-5108,MK-8669,CAOV3,35.00406323,3,1
15138,MK-5108,MK-8669,DLD1,12.13794626,3,1
15139,MK-5108,MK-8669,EFM192B,25.98349317,3,1
15143,MK-5108,MK-8669,HT29,11.98210663,3,1
15144,MK-5108,MK-8669,KPL1,28.98951479,3,1
15145,MK-5108,MK-8669,LNCAP,-5.60366858,3,0
15146,MK-5108,MK-8669,LOVO,18.75343441,3,1
15148,MK-5108,MK-8669,MSTO,26.77965278,3,1
15149,MK-5108,MK-8669,NCIH1650,23.75960104,3,1
15150,MK-5108,MK-8669,NCIH2122,-1.484713197,3,0
15151,MK-5108,MK-8669,NCIH23,14.25168659,3,1
15152,MK-5108,MK-8669,NCIH460,-10.61530885,3,0
15154,MK-5108,MK-8669,OCUBM,16.20115889,3,1
15155,MK-5108,MK-8669,OV90,13.3631629,3,1
15156,MK-5108,MK-8669,OVCAR3,11.03488958,3,1
15158,MK-5108,MK-8669,RKO,18.72379739,3,1
15159,MK-5108,MK-8669,RPMI7951,25.76183713,3,1
15160,MK-5108,MK-8669,SKMEL30,29.02456041,3,1
15161,MK-5108,MK-8669,SKMES1,-1.700556664,3,0
15162,MK-5108,MK-8669,SKOV3,28.44464402,3,1
15163,MK-5108,MK-8669,SW620,13.71498875,3,1
15164,MK-5108,MK-8669,SW837,27.76140018,3,1
15165,MK-5108,MK-8669,T47D,35.58025624,3,1
15166,MK-5108,MK-8669,UACC62,24.36393983,3,1
15167,MK-5108,MK-8669,UWB1289,17.79547483,3,1
15168,MK-5108,MK-8669,UWB1289BRCA1,31.88031589,3,1
15169,MK-5108,MK-8669,VCAP,20.43438876,3,1
15170,MK-5108,MK-8669,ZR751,19.87239172,3,1
15171,MK-5108,MK-8776,A2058,-4.972035404,0,0
15172,MK-5108,MK-8776,A2780,11.12791425,0,1
15175,MK-5108,MK-8776,CAOV3,-1.156328396,0,0
15176,MK-5108,MK-8776,COLO320DM,-48.36407554,0,0
15177,MK-5108,MK-8776,DLD1,-8.436501213,0,0
15178,MK-5108,MK-8776,EFM192B,16.78026241,0,1
15181,MK-5108,MK-8776,HT144,-6.360094738,0,0
15183,MK-5108,MK-8776,KPL1,-5.455326356,0,0
15184,MK-5108,MK-8776,LNCAP,-84.97298671,0,0
15187,MK-5108,MK-8776,MSTO,-17.04799999,0,0
15188,MK-5108,MK-8776,NCIH1650,-3.74838413,0,0
15189,MK-5108,MK-8776,NCIH2122,-17.11363575,0,0
15190,MK-5108,MK-8776,NCIH23,10.0364631,0,1
15191,MK-5108,MK-8776,NCIH460,-10.55445105,0,0
15192,MK-5108,MK-8776,NCIH520,-12.58569527,0,0
15194,MK-5108,MK-8776,OV90,-5.521953069,0,0
15195,MK-5108,MK-8776,OVCAR3,16.45865032,0,1
15197,MK-5108,MK-8776,RKO,11.83200586,0,1
15198,MK-5108,MK-8776,RPMI7951,-0.689847806,0,0
15199,MK-5108,MK-8776,SKMEL30,26.77067277,0,1
15200,MK-5108,MK-8776,SKMES1,-9.632354489,0,0
15201,MK-5108,MK-8776,SKOV3,20.12986518,0,1
15203,MK-5108,MK-8776,SW837,-9.932328808,0,0
15204,MK-5108,MK-8776,T47D,-8.421481253,0,0
15206,MK-5108,MK-8776,UWB1289,-0.921568445,0,0
15208,MK-5108,MK-8776,VCAP,-1.66084623,0,0
15209,MK-5108,MK-8776,ZR751,-8.31192453,0,0
15210,MK-5108,OXALIPLATIN,A2058,-16.79960639,3,0
15211,MK-5108,OXALIPLATIN,A2780,-4.352363774,3,0
15212,MK-5108,OXALIPLATIN,A375,-5.330377389,3,0
15213,MK-5108,OXALIPLATIN,A427,-3.50940173,3,0
15214,MK-5108,OXALIPLATIN,CAOV3,-13.65555614,3,0
15216,MK-5108,OXALIPLATIN,DLD1,-0.198215759,3,0
15217,MK-5108,OXALIPLATIN,EFM192B,-13.54650855,3,0
15218,MK-5108,OXALIPLATIN,ES2,-9.551346801,3,0
15220,MK-5108,OXALIPLATIN,HT144,-8.397447923,3,0
15222,MK-5108,OXALIPLATIN,KPL1,-4.933031352,3,0
15223,MK-5108,OXALIPLATIN,LNCAP,-4.226338672,3,0
15224,MK-5108,OXALIPLATIN,LOVO,-11.86178847,3,0
15225,MK-5108,OXALIPLATIN,MDAMB436,-7.220853833,3,0
15227,MK-5108,OXALIPLATIN,NCIH1650,-1.23314194,3,0
15228,MK-5108,OXALIPLATIN,NCIH2122,-3.555153312,3,0
15230,MK-5108,OXALIPLATIN,NCIH460,-19.66714605,3,0
15231,MK-5108,OXALIPLATIN,NCIH520,-8.237247735,3,0
15233,MK-5108,OXALIPLATIN,OV90,-10.79795276,3,0
15235,MK-5108,OXALIPLATIN,PA1,-5.235035463,3,0
15237,MK-5108,OXALIPLATIN,RPMI7951,-12.3428234,3,0
15239,MK-5108,OXALIPLATIN,SKMES1,-6.498795806,3,0
15243,MK-5108,OXALIPLATIN,T47D,18.36757283,3,1
15244,MK-5108,OXALIPLATIN,UACC62,-10.33835301,3,0
15246,MK-5108,OXALIPLATIN,UWB1289BRCA1,-0.921900737,3,0
15248,MK-5108,OXALIPLATIN,ZR751,-19.66520543,3,0
15249,MK-5108,PD325901,A2058,-8.213741559,2,0
15250,MK-5108,PD325901,A2780,24.75633648,2,1
15252,MK-5108,PD325901,A427,14.75638562,2,1
15253,MK-5108,PD325901,CAOV3,15.39583318,2,1
15254,MK-5108,PD325901,COLO320DM,-31.41992687,2,0
15255,MK-5108,PD325901,DLD1,13.39902039,2,1
15258,MK-5108,PD325901,HCT116,40.87877443,2,1
15261,MK-5108,PD325901,KPL1,-2.992561949,2,0
15262,MK-5108,PD325901,LNCAP,-86.71063539,2,0
15263,MK-5108,PD325901,LOVO,12.12582631,2,1
15265,MK-5108,PD325901,MSTO,12.53683737,2,1
15267,MK-5108,PD325901,NCIH2122,-10.1646911,2,0
15268,MK-5108,PD325901,NCIH23,21.12881206,2,1
15269,MK-5108,PD325901,NCIH460,14.97558451,2,1
15270,MK-5108,PD325901,NCIH520,-10.06844079,2,0
15274,MK-5108,PD325901,PA1,-1.373767106,2,0
15275,MK-5108,PD325901,RKO,15.04054983,2,1
15276,MK-5108,PD325901,RPMI7951,-2.726826575,2,0
15278,MK-5108,PD325901,SKMES1,-6.63773857,2,0
15279,MK-5108,PD325901,SKOV3,22.39965088,2,1
15280,MK-5108,PD325901,SW620,16.37104334,2,1
15281,MK-5108,PD325901,SW837,17.09893013,2,1
15282,MK-5108,PD325901,T47D,25.57999248,2,1
15283,MK-5108,PD325901,UACC62,-2.557771952,2,0
15284,MK-5108,PD325901,UWB1289,27.36785006,2,1
15285,MK-5108,PD325901,UWB1289BRCA1,19.63102529,2,1
15287,MK-5108,PD325901,ZR751,-18.51008646,2,0
15288,MK-5108,SN-38,A2058,-7.887824655,1,0
15291,MK-5108,SN-38,A427,-5.384330356,1,0
15292,MK-5108,SN-38,CAOV3,-20.33650068,1,0
15293,MK-5108,SN-38,COLO320DM,-2.088085561,1,0
15294,MK-5108,SN-38,DLD1,-3.030684585,1,0
15295,MK-5108,SN-38,EFM192B,-34.45197815,1,0
15298,MK-5108,SN-38,HT144,-7.57554133,1,0
15300,MK-5108,SN-38,KPL1,-3.310340502,1,0
15301,MK-5108,SN-38,LNCAP,-13.02700325,1,0
15302,MK-5108,SN-38,LOVO,-9.004606746,1,0
15305,MK-5108,SN-38,NCIH1650,-5.164843249,1,0
15306,MK-5108,SN-38,NCIH2122,-115.0417586,1,0
15307,MK-5108,SN-38,NCIH23,11.89081555,1,1
15308,MK-5108,SN-38,NCIH460,-11.70061119,1,0
15309,MK-5108,SN-38,NCIH520,-17.89989057,1,0
15310,MK-5108,SN-38,OCUBM,-4.458730476,1,0
15311,MK-5108,SN-38,OV90,-7.149053424,1,0
15314,MK-5108,SN-38,RKO,-0.53347738,1,0
15315,MK-5108,SN-38,RPMI7951,11.28471359,1,1
15316,MK-5108,SN-38,SKMEL30,-5.942668325,1,0
15317,MK-5108,SN-38,SKMES1,-3.09881304,1,0
15319,MK-5108,SN-38,SW620,-3.596975451,1,0
15320,MK-5108,SN-38,SW837,-3.877789198,1,0
15322,MK-5108,SN-38,UACC62,-4.648599902,1,0
15323,MK-5108,SN-38,UWB1289,41.61482157,1,1
15327,MK-5108,SORAFENIB,A2058,-9.509510545,1,0
15329,MK-5108,SORAFENIB,A375,15.16175237,1,1
15331,MK-5108,SORAFENIB,CAOV3,-16.3547382,1,0
15333,MK-5108,SORAFENIB,DLD1,13.00190776,1,1
15334,MK-5108,SORAFENIB,EFM192B,-7.079907518,1,0
15336,MK-5108,SORAFENIB,HCT116,12.39597952,1,1
15340,MK-5108,SORAFENIB,LNCAP,-8.151098845,1,0
15341,MK-5108,SORAFENIB,LOVO,-7.198627,1,0
15343,MK-5108,SORAFENIB,MSTO,-6.963281629,1,0
15344,MK-5108,SORAFENIB,NCIH1650,11.2190351,1,1
15345,MK-5108,SORAFENIB,NCIH2122,-10.33994055,1,0
15347,MK-5108,SORAFENIB,NCIH460,-0.126551679,1,0
15349,MK-5108,SORAFENIB,OCUBM,-0.38200485,1,0
15351,MK-5108,SORAFENIB,OVCAR3,-16.1880788,1,0
15353,MK-5108,SORAFENIB,RKO,10.03525103,1,1
15354,MK-5108,SORAFENIB,RPMI7951,-8.650664116,1,0
15356,MK-5108,SORAFENIB,SKMES1,-6.232917319,1,0
15357,MK-5108,SORAFENIB,SKOV3,13.53945226,1,1
15364,MK-5108,SORAFENIB,VCAP,-1.480833942,1,0
15365,MK-5108,SORAFENIB,ZR751,-8.65892212,1,0
15366,MK-5108,TOPOTECAN,A2058,13.62950762,3,1
15368,MK-5108,TOPOTECAN,A375,14.15372827,3,1
15369,MK-5108,TOPOTECAN,A427,-18.63846458,3,0
15372,MK-5108,TOPOTECAN,DLD1,19.25308422,3,1
15374,MK-5108,TOPOTECAN,ES2,25.58294626,3,1
15375,MK-5108,TOPOTECAN,HCT116,23.69062079,3,1
15376,MK-5108,TOPOTECAN,HT144,-2.603746348,3,0
15377,MK-5108,TOPOTECAN,HT29,13.6975731,3,1
15379,MK-5108,TOPOTECAN,LNCAP,-125.2246186,3,0
15381,MK-5108,TOPOTECAN,MDAMB436,18.35973113,3,1
15382,MK-5108,TOPOTECAN,MSTO,24.29142696,3,1
15384,MK-5108,TOPOTECAN,NCIH2122,-12.8758394,3,0
15385,MK-5108,TOPOTECAN,NCIH23,16.59353337,3,1
15386,MK-5108,TOPOTECAN,NCIH460,-11.42581725,3,0
15388,MK-5108,TOPOTECAN,OCUBM,-26.28730551,3,0
15389,MK-5108,TOPOTECAN,OV90,14.32345067,3,1
15390,MK-5108,TOPOTECAN,OVCAR3,-12.16072848,3,0
15391,MK-5108,TOPOTECAN,PA1,-1.257858836,3,0
15392,MK-5108,TOPOTECAN,RKO,23.45529874,3,1
15393,MK-5108,TOPOTECAN,RPMI7951,10.58858675,3,1
15394,MK-5108,TOPOTECAN,SKMEL30,19.13385362,3,1
15395,MK-5108,TOPOTECAN,SKMES1,10.47190527,3,1
15396,MK-5108,TOPOTECAN,SKOV3,25.62696461,3,1
15397,MK-5108,TOPOTECAN,SW620,13.69034475,3,1
15401,MK-5108,TOPOTECAN,UWB1289,12.92044322,3,1
15404,MK-5108,TOPOTECAN,ZR751,-1.065762698,3,0
15405,MK-8669,BEZ-235,A2058,86.59857058,3,1
15406,MK-8669,BEZ-235,A2780,72.08907467,3,1
15407,MK-8669,BEZ-235,A375,69.91835046,3,1
15408,MK-8669,BEZ-235,A427,60.80700067,3,1
15409,MK-8669,BEZ-235,CAOV3,75.9558035,3,1
15410,MK-8669,BEZ-235,COLO320DM,53.06067388,3,1
15411,MK-8669,BEZ-235,DLD1,61.94896316,3,1
15412,MK-8669,BEZ-235,EFM192B,88.17896877,3,1
15413,MK-8669,BEZ-235,ES2,84.57574208,3,1
15414,MK-8669,BEZ-235,HCT116,40.8803063,3,1
15415,MK-8669,BEZ-235,HT144,93.01822106,3,1
15416,MK-8669,BEZ-235,HT29,52.84762555,3,1
15417,MK-8669,BEZ-235,KPL1,65.72843906,3,1
15418,MK-8669,BEZ-235,LNCAP,139.6131195,3,1
15419,MK-8669,BEZ-235,LOVO,56.87485083,3,1
15420,MK-8669,BEZ-235,MDAMB436,37.14062847,3,1
15421,MK-8669,BEZ-235,MSTO,155.2523888,3,1
15422,MK-8669,BEZ-235,NCIH1650,80.70328515,3,1
15423,MK-8669,BEZ-235,NCIH2122,107.4570426,3,1
15424,MK-8669,BEZ-235,NCIH23,64.79024972,3,1
15425,MK-8669,BEZ-235,NCIH460,75.05127147,3,1
15426,MK-8669,BEZ-235,NCIH520,77.37379228,3,1
15427,MK-8669,BEZ-235,OCUBM,55.23233902,3,1
15428,MK-8669,BEZ-235,OV90,63.57179273,3,1
15429,MK-8669,BEZ-235,OVCAR3,84.29086577,3,1
15430,MK-8669,BEZ-235,PA1,94.7031534,3,1
15431,MK-8669,BEZ-235,RKO,44.35690404,3,1
15432,MK-8669,BEZ-235,RPMI7951,75.29882288,3,1
15433,MK-8669,BEZ-235,SKMEL30,121.0564092,3,1
15434,MK-8669,BEZ-235,SKMES1,90.84458241,3,1
15435,MK-8669,BEZ-235,SKOV3,67.99989156,3,1
15436,MK-8669,BEZ-235,SW620,82.79496881,3,1
15437,MK-8669,BEZ-235,SW837,101.5509715,3,1
15438,MK-8669,BEZ-235,T47D,179.1233246,3,1
15439,MK-8669,BEZ-235,UACC62,102.4787821,3,1
15440,MK-8669,BEZ-235,UWB1289,80.78180204,3,1
15441,MK-8669,BEZ-235,UWB1289BRCA1,96.81602635,3,1
15442,MK-8669,BEZ-235,VCAP,88.20447518,3,1
15443,MK-8669,BEZ-235,ZR751,63.90878282,3,1
15444,MK-8669,DINACICLIB,A2058,14.96484533,3,1
15445,MK-8669,DINACICLIB,A2780,31.92794058,3,1
15446,MK-8669,DINACICLIB,A375,16.01312577,3,1
15447,MK-8669,DINACICLIB,A427,17.08178427,3,1
15449,MK-8669,DINACICLIB,COLO320DM,15.77911103,3,1
15450,MK-8669,DINACICLIB,DLD1,15.20402752,3,1
15451,MK-8669,DINACICLIB,EFM192B,21.94667618,3,1
15452,MK-8669,DINACICLIB,ES2,13.53852572,3,1
15453,MK-8669,DINACICLIB,HCT116,-9.554414179,3,0
15454,MK-8669,DINACICLIB,HT144,-0.143698773,3,0
15455,MK-8669,DINACICLIB,HT29,-3.536244636,3,0
15456,MK-8669,DINACICLIB,KPL1,21.62429127,3,1
15457,MK-8669,DINACICLIB,LNCAP,33.37503452,3,1
15458,MK-8669,DINACICLIB,LOVO,-0.119382165,3,0
15460,MK-8669,DINACICLIB,MSTO,15.67888311,3,1
15461,MK-8669,DINACICLIB,NCIH1650,23.35658885,3,1
15463,MK-8669,DINACICLIB,NCIH23,12.50578132,3,1
15465,MK-8669,DINACICLIB,NCIH520,-1.990652148,3,0
15467,MK-8669,DINACICLIB,OV90,15.25834027,3,1
15468,MK-8669,DINACICLIB,OVCAR3,16.96123872,3,1
15470,MK-8669,DINACICLIB,RKO,26.28722054,3,1
15471,MK-8669,DINACICLIB,RPMI7951,23.62393784,3,1
15472,MK-8669,DINACICLIB,SKMEL30,15.07511947,3,1
15474,MK-8669,DINACICLIB,SKOV3,13.57705298,3,1
15475,MK-8669,DINACICLIB,SW620,-5.392112107,3,0
15476,MK-8669,DINACICLIB,SW837,19.26484083,3,1
15477,MK-8669,DINACICLIB,T47D,22.72587666,3,1
15478,MK-8669,DINACICLIB,UACC62,13.85735314,3,1
15480,MK-8669,DINACICLIB,UWB1289BRCA1,13.91996981,3,1
15481,MK-8669,DINACICLIB,VCAP,25.02618436,3,1
15482,MK-8669,DINACICLIB,ZR751,13.78134972,3,1
15483,MK-8669,GELDANAMYCIN,A2058,20.58591637,4,1
15484,MK-8669,GELDANAMYCIN,A2780,13.90290143,4,1
15485,MK-8669,GELDANAMYCIN,A375,17.0880602,4,1
15486,MK-8669,GELDANAMYCIN,A427,23.35177525,4,1
15489,MK-8669,GELDANAMYCIN,DLD1,10.17820115,4,1
15490,MK-8669,GELDANAMYCIN,EFM192B,37.52360622,4,1
15491,MK-8669,GELDANAMYCIN,ES2,21.90875084,4,1
15493,MK-8669,GELDANAMYCIN,HT144,25.17810212,4,1
15494,MK-8669,GELDANAMYCIN,HT29,-0.524660922,4,0
15495,MK-8669,GELDANAMYCIN,KPL1,40.09982029,4,1
15496,MK-8669,GELDANAMYCIN,LNCAP,46.33929327,4,1
15498,MK-8669,GELDANAMYCIN,MDAMB436,20.40545613,4,1
15499,MK-8669,GELDANAMYCIN,MSTO,58.24143384,4,1
15504,MK-8669,GELDANAMYCIN,NCIH520,19.12571429,4,1
15505,MK-8669,GELDANAMYCIN,OCUBM,13.61969498,4,1
15506,MK-8669,GELDANAMYCIN,OV90,19.11010735,4,1
15507,MK-8669,GELDANAMYCIN,OVCAR3,12.64516764,4,1
15508,MK-8669,GELDANAMYCIN,PA1,16.24393153,4,1
15509,MK-8669,GELDANAMYCIN,RKO,22.96534037,4,1
15511,MK-8669,GELDANAMYCIN,SKMEL30,42.51383953,4,1
15512,MK-8669,GELDANAMYCIN,SKMES1,25.78864224,4,1
15513,MK-8669,GELDANAMYCIN,SKOV3,19.73995813,4,1
15514,MK-8669,GELDANAMYCIN,SW620,-4.220686346,4,0
15516,MK-8669,GELDANAMYCIN,T47D,31.55305418,4,1
15517,MK-8669,GELDANAMYCIN,UACC62,21.51346876,4,1
15518,MK-8669,GELDANAMYCIN,UWB1289,-14.25676924,4,0
15519,MK-8669,GELDANAMYCIN,UWB1289BRCA1,-14.67658687,4,0
15520,MK-8669,GELDANAMYCIN,VCAP,11.43195398,4,1
15522,MK-8669,MK-8776,A2058,61.78624825,2,1
15523,MK-8669,MK-8776,A2780,52.98183075,2,1
15524,MK-8669,MK-8776,A375,60.06891772,2,1
15525,MK-8669,MK-8776,A427,31.27105198,2,1
15526,MK-8669,MK-8776,CAOV3,59.7006634,2,1
15528,MK-8669,MK-8776,DLD1,15.24650043,2,1
15529,MK-8669,MK-8776,EFM192B,30.0619252,2,1
15530,MK-8669,MK-8776,ES2,60.15761148,2,1
15531,MK-8669,MK-8776,HCT116,-2.796646925,2,0
15532,MK-8669,MK-8776,HT144,42.27239915,2,1
15533,MK-8669,MK-8776,HT29,29.37671336,2,1
15534,MK-8669,MK-8776,KPL1,23.58303656,2,1
15535,MK-8669,MK-8776,LNCAP,21.16285299,2,1
15536,MK-8669,MK-8776,LOVO,19.8264716,2,1
15537,MK-8669,MK-8776,MDAMB436,31.09414288,2,1
15538,MK-8669,MK-8776,MSTO,28.57924493,2,1
15539,MK-8669,MK-8776,NCIH1650,27.40191109,2,1
15540,MK-8669,MK-8776,NCIH2122,-7.509672576,2,0
15541,MK-8669,MK-8776,NCIH23,28.35880461,2,1
15544,MK-8669,MK-8776,OCUBM,32.44628847,2,1
15545,MK-8669,MK-8776,OV90,20.71815063,2,1
15546,MK-8669,MK-8776,OVCAR3,37.93570102,2,1
15548,MK-8669,MK-8776,RKO,59.98909867,2,1
15549,MK-8669,MK-8776,RPMI7951,20.5268354,2,1
15550,MK-8669,MK-8776,SKMEL30,57.25773487,2,1
15551,MK-8669,MK-8776,SKMES1,-4.078115393,2,0
15552,MK-8669,MK-8776,SKOV3,62.78158881,2,1
15555,MK-8669,MK-8776,T47D,29.89624814,2,1
15556,MK-8669,MK-8776,UACC62,33.02638245,2,1
15557,MK-8669,MK-8776,UWB1289,-6.20061407,2,0
15558,MK-8669,MK-8776,UWB1289BRCA1,-5.202126305,2,0
15559,MK-8669,MK-8776,VCAP,16.21008801,2,1
15560,MK-8669,MK-8776,ZR751,10.71586044,2,1
15562,MK-8669,OXALIPLATIN,A2780,-6.030236867,1,0
15563,MK-8669,OXALIPLATIN,A375,-4.207626691,1,0
15565,MK-8669,OXALIPLATIN,CAOV3,-12.98368173,1,0
15567,MK-8669,OXALIPLATIN,DLD1,-1.066727448,1,0
15569,MK-8669,OXALIPLATIN,ES2,-6.230802528,1,0
15570,MK-8669,OXALIPLATIN,HCT116,-5.669667804,1,0
15571,MK-8669,OXALIPLATIN,HT144,-3.097087387,1,0
15572,MK-8669,OXALIPLATIN,HT29,12.74301006,1,1
15573,MK-8669,OXALIPLATIN,KPL1,12.13635675,1,1
15574,MK-8669,OXALIPLATIN,LNCAP,18.69432049,1,1
15575,MK-8669,OXALIPLATIN,LOVO,-12.62806223,1,0
15577,MK-8669,OXALIPLATIN,MSTO,11.68113748,1,1
15579,MK-8669,OXALIPLATIN,NCIH2122,-6.124797983,1,0
15580,MK-8669,OXALIPLATIN,NCIH23,-22.07445918,1,0
15581,MK-8669,OXALIPLATIN,NCIH460,-22.52064028,1,0
15582,MK-8669,OXALIPLATIN,NCIH520,-6.072327346,1,0
15583,MK-8669,OXALIPLATIN,OCUBM,24.26308589,1,1
15584,MK-8669,OXALIPLATIN,OV90,-2.4627537,1,0
15585,MK-8669,OXALIPLATIN,OVCAR3,15.13441789,1,1
15586,MK-8669,OXALIPLATIN,PA1,-16.74006526,1,0
15587,MK-8669,OXALIPLATIN,RKO,-3.766125587,1,0
15589,MK-8669,OXALIPLATIN,SKMEL30,14.4937249,1,1
15591,MK-8669,OXALIPLATIN,SKOV3,16.3591777,1,1
15594,MK-8669,OXALIPLATIN,T47D,22.10993002,1,1
15595,MK-8669,OXALIPLATIN,UACC62,-6.282814484,1,0
15596,MK-8669,OXALIPLATIN,UWB1289,14.32383154,1,1
15598,MK-8669,OXALIPLATIN,VCAP,10.29466497,1,1
15600,MK-8669,SN-38,A2058,13.35683259,3,1
15601,MK-8669,SN-38,A2780,14.84389602,3,1
15602,MK-8669,SN-38,A375,28.43336076,3,1
15603,MK-8669,SN-38,A427,17.37671087,3,1
15607,MK-8669,SN-38,EFM192B,37.90775382,3,1
15608,MK-8669,SN-38,ES2,10.77929233,3,1
15609,MK-8669,SN-38,HCT116,-3.973335813,3,0
15610,MK-8669,SN-38,HT144,26.9966235,3,1
15611,MK-8669,SN-38,HT29,10.91542207,3,1
15612,MK-8669,SN-38,KPL1,41.01096111,3,1
15613,MK-8669,SN-38,LNCAP,-5.340878148,3,0
15614,MK-8669,SN-38,LOVO,-2.029860089,3,0
15615,MK-8669,SN-38,MDAMB436,10.31724823,3,1
15616,MK-8669,SN-38,MSTO,41.1560826,3,1
15617,MK-8669,SN-38,NCIH1650,16.48030501,3,1
15622,MK-8669,SN-38,OCUBM,21.29295971,3,1
15623,MK-8669,SN-38,OV90,11.05502581,3,1
15624,MK-8669,SN-38,OVCAR3,28.68063887,3,1
15626,MK-8669,SN-38,RKO,17.41062393,3,1
15627,MK-8669,SN-38,RPMI7951,72.45465002,3,1
15628,MK-8669,SN-38,SKMEL30,25.32226033,3,1
15629,MK-8669,SN-38,SKMES1,14.4539941,3,1
15630,MK-8669,SN-38,SKOV3,21.10863801,3,1
15633,MK-8669,SN-38,T47D,-23.09505806,3,0
15634,MK-8669,SN-38,UACC62,16.15457291,3,1
15636,MK-8669,SN-38,UWB1289BRCA1,20.06740672,3,1
15637,MK-8669,SN-38,VCAP,28.27510877,3,1
15638,MK-8669,SN-38,ZR751,27.65712714,3,1
15639,MK-8669,SORAFENIB,A2058,16.36238641,4,1
15640,MK-8669,SORAFENIB,A2780,11.53972816,4,1
15641,MK-8669,SORAFENIB,A375,15.97455871,4,1
15642,MK-8669,SORAFENIB,A427,14.88557069,4,1
15643,MK-8669,SORAFENIB,CAOV3,16.11352673,4,1
15645,MK-8669,SORAFENIB,DLD1,25.9497875,4,1
15646,MK-8669,SORAFENIB,EFM192B,14.53200264,4,1
15647,MK-8669,SORAFENIB,ES2,15.67557095,4,1
15648,MK-8669,SORAFENIB,HCT116,20.63511872,4,1
15649,MK-8669,SORAFENIB,HT144,15.50019608,4,1
15650,MK-8669,SORAFENIB,HT29,13.61238605,4,1
15655,MK-8669,SORAFENIB,MSTO,-7.5985978,4,0
15656,MK-8669,SORAFENIB,NCIH1650,22.15964253,4,1
15657,MK-8669,SORAFENIB,NCIH2122,14.43674769,4,1
15658,MK-8669,SORAFENIB,NCIH23,21.48864779,4,1
15659,MK-8669,SORAFENIB,NCIH460,22.70194553,4,1
15660,MK-8669,SORAFENIB,NCIH520,15.97384768,4,1
15662,MK-8669,SORAFENIB,OV90,14.70212985,4,1
15663,MK-8669,SORAFENIB,OVCAR3,11.99411978,4,1
15665,MK-8669,SORAFENIB,RKO,19.64696128,4,1
15666,MK-8669,SORAFENIB,RPMI7951,11.81134621,4,1
15667,MK-8669,SORAFENIB,SKMEL30,20.14689841,4,1
15668,MK-8669,SORAFENIB,SKMES1,30.09994807,4,1
15669,MK-8669,SORAFENIB,SKOV3,29.70237208,4,1
15670,MK-8669,SORAFENIB,SW620,16.40670062,4,1
15671,MK-8669,SORAFENIB,SW837,17.09254703,4,1
15673,MK-8669,SORAFENIB,UACC62,13.68130035,4,1
15674,MK-8669,SORAFENIB,UWB1289,14.38410925,4,1
15675,MK-8669,SORAFENIB,UWB1289BRCA1,16.38769999,4,1
15676,MK-8669,SORAFENIB,VCAP,18.83396146,4,1
15677,MK-8669,SORAFENIB,ZR751,-2.905225386,4,0
15678,MK-8669,TOPOTECAN,A2058,-12.66791778,2,0
15679,MK-8669,TOPOTECAN,A2780,14.24365834,2,1
15680,MK-8669,TOPOTECAN,A375,27.92125327,2,1
15681,MK-8669,TOPOTECAN,A427,25.65327168,2,1
15682,MK-8669,TOPOTECAN,CAOV3,16.14368034,2,1
15684,MK-8669,TOPOTECAN,DLD1,18.89382884,2,1
15685,MK-8669,TOPOTECAN,EFM192B,16.15333073,2,1
15686,MK-8669,TOPOTECAN,ES2,12.51629488,2,1
15688,MK-8669,TOPOTECAN,HT144,33.45451181,2,1
15689,MK-8669,TOPOTECAN,HT29,23.95055575,2,1
15690,MK-8669,TOPOTECAN,KPL1,53.40176866,2,1
15691,MK-8669,TOPOTECAN,LNCAP,-151.6624548,2,0
15692,MK-8669,TOPOTECAN,LOVO,18.6708997,2,1
15693,MK-8669,TOPOTECAN,MDAMB436,19.18327943,2,1
15694,MK-8669,TOPOTECAN,MSTO,29.45834731,2,1
15695,MK-8669,TOPOTECAN,NCIH1650,26.44532958,2,1
15696,MK-8669,TOPOTECAN,NCIH2122,10.60059463,2,1
15699,MK-8669,TOPOTECAN,NCIH520,23.89003247,2,1
15700,MK-8669,TOPOTECAN,OCUBM,-6.534761219,2,0
15701,MK-8669,TOPOTECAN,OV90,16.72337085,2,1
15703,MK-8669,TOPOTECAN,PA1,-14.15142293,2,0
15704,MK-8669,TOPOTECAN,RKO,24.56279779,2,1
15706,MK-8669,TOPOTECAN,SKMEL30,31.66894971,2,1
15708,MK-8669,TOPOTECAN,SKOV3,32.90660924,2,1
15709,MK-8669,TOPOTECAN,SW620,15.03990878,2,1
15711,MK-8669,TOPOTECAN,T47D,15.72441152,2,1
15712,MK-8669,TOPOTECAN,UACC62,17.88319221,2,1
15713,MK-8669,TOPOTECAN,UWB1289,-2.519983906,2,0
15714,MK-8669,TOPOTECAN,UWB1289BRCA1,26.95352146,2,1
15715,MK-8669,TOPOTECAN,VCAP,27.35834307,2,1
15716,MK-8669,TOPOTECAN,ZR751,27.5378498,2,1
15717,MRK-003,5-FU,A2058,12.5716044,0,1
15722,MRK-003,5-FU,COLO320DM,12.21165834,0,1
15724,MRK-003,5-FU,EFM192B,-8.735215925,0,0
15726,MRK-003,5-FU,HCT116,-0.6542619,0,0
15729,MRK-003,5-FU,KPL1,-1.948417936,0,0
15730,MRK-003,5-FU,LNCAP,-8.420717605,0,0
15731,MRK-003,5-FU,LOVO,-0.374344648,0,0
15733,MRK-003,5-FU,MSTO,-46.93608306,0,0
15735,MRK-003,5-FU,NCIH2122,-11.30174615,0,0
15737,MRK-003,5-FU,NCIH460,-8.296710121,0,0
15738,MRK-003,5-FU,NCIH520,-0.789850789,0,0
15739,MRK-003,5-FU,OCUBM,10.56591432,0,1
15740,MRK-003,5-FU,OV90,-0.177027545,0,0
15741,MRK-003,5-FU,OVCAR3,13.91661369,0,1
15742,MRK-003,5-FU,PA1,16.95294579,0,1
15743,MRK-003,5-FU,RKO,-0.90157903,0,0
15750,MRK-003,5-FU,T47D,-10.84738769,0,0
15751,MRK-003,5-FU,UACC62,12.48131093,0,1
15752,MRK-003,5-FU,UWB1289,-10.5857644,0,0
15754,MRK-003,5-FU,VCAP,11.50750632,0,1
15755,MRK-003,5-FU,ZR751,-7.16867818,0,0
15756,MRK-003,ABT-888,A2058,10.2687708,0,1
15760,MRK-003,ABT-888,CAOV3,20.83110519,0,1
15763,MRK-003,ABT-888,EFM192B,14.3923218,0,1
15764,MRK-003,ABT-888,ES2,-11.81453934,0,0
15765,MRK-003,ABT-888,HCT116,-3.857051871,0,0
15766,MRK-003,ABT-888,HT144,-6.530799873,0,0
15768,MRK-003,ABT-888,KPL1,20.1494603,0,1
15770,MRK-003,ABT-888,LOVO,10.21763578,0,1
15771,MRK-003,ABT-888,MDAMB436,-2.421651514,0,0
15773,MRK-003,ABT-888,NCIH1650,-4.758914015,0,0
15774,MRK-003,ABT-888,NCIH2122,-4.144220815,0,0
15776,MRK-003,ABT-888,NCIH460,-2.870641791,0,0
15778,MRK-003,ABT-888,OCUBM,10.7861915,0,1
15780,MRK-003,ABT-888,OVCAR3,22.95245209,0,1
15781,MRK-003,ABT-888,PA1,18.23648255,0,1
15788,MRK-003,ABT-888,SW837,-5.188426047,0,0
15789,MRK-003,ABT-888,T47D,14.84455283,0,1
15791,MRK-003,ABT-888,UWB1289,-1.466402241,0,0
15794,MRK-003,ABT-888,ZR751,-18.40894358,0,0
15795,MRK-003,AZD1775,A2058,10.20952408,4,1
15798,MRK-003,AZD1775,A427,-0.590486604,4,0
15800,MRK-003,AZD1775,COLO320DM,17.92221693,4,1
15802,MRK-003,AZD1775,EFM192B,-11.40533553,4,0
15803,MRK-003,AZD1775,ES2,-2.661808407,4,0
15806,MRK-003,AZD1775,HT29,-1.68495511,4,0
15807,MRK-003,AZD1775,KPL1,-3.877839021,4,0
15808,MRK-003,AZD1775,LNCAP,-13.44130693,4,0
15811,MRK-003,AZD1775,MSTO,-14.39393188,4,0
15812,MRK-003,AZD1775,NCIH1650,20.99260592,4,1
15813,MRK-003,AZD1775,NCIH2122,-0.21761657,4,0
15815,MRK-003,AZD1775,NCIH460,-0.3082064,4,0
15817,MRK-003,AZD1775,OCUBM,-1.211018163,4,0
15818,MRK-003,AZD1775,OV90,-4.637070047,4,0
15819,MRK-003,AZD1775,OVCAR3,16.55806242,4,1
15820,MRK-003,AZD1775,PA1,11.98506433,4,1
15821,MRK-003,AZD1775,RKO,-3.328040312,4,0
15822,MRK-003,AZD1775,RPMI7951,18.24184878,4,1
15824,MRK-003,AZD1775,SKMES1,11.73999152,4,1
15825,MRK-003,AZD1775,SKOV3,21.80255602,4,1
15826,MRK-003,AZD1775,SW620,-1.578169098,4,0
15830,MRK-003,AZD1775,UWB1289,67.96326531,4,1
15832,MRK-003,AZD1775,VCAP,-3.714111355,4,0
15833,MRK-003,AZD1775,ZR751,-3.429415478,4,0
15834,MRK-003,BEZ-235,A2058,21.56507558,2,1
15835,MRK-003,BEZ-235,A2780,24.6247986,2,1
15836,MRK-003,BEZ-235,A375,34.29024013,2,1
15837,MRK-003,BEZ-235,A427,32.23472051,2,1
15838,MRK-003,BEZ-235,CAOV3,47.31021095,2,1
15839,MRK-003,BEZ-235,COLO320DM,29.9324876,2,1
15840,MRK-003,BEZ-235,DLD1,11.90463406,2,1
15842,MRK-003,BEZ-235,ES2,20.53159817,2,1
15843,MRK-003,BEZ-235,HCT116,15.39016979,2,1
15844,MRK-003,BEZ-235,HT144,23.38097587,2,1
15845,MRK-003,BEZ-235,HT29,26.10956488,2,1
15846,MRK-003,BEZ-235,KPL1,16.47979871,2,1
15847,MRK-003,BEZ-235,LNCAP,78.42964487,2,1
15848,MRK-003,BEZ-235,LOVO,27.91776764,2,1
15849,MRK-003,BEZ-235,MDAMB436,29.43342464,2,1
15850,MRK-003,BEZ-235,MSTO,14.43909488,2,1
15851,MRK-003,BEZ-235,NCIH1650,22.5718613,2,1
15852,MRK-003,BEZ-235,NCIH2122,25.78383409,2,1
15853,MRK-003,BEZ-235,NCIH23,15.23748978,2,1
15855,MRK-003,BEZ-235,NCIH520,27.94910357,2,1
15856,MRK-003,BEZ-235,OCUBM,18.2705132,2,1
15857,MRK-003,BEZ-235,OV90,22.66092692,2,1
15858,MRK-003,BEZ-235,OVCAR3,41.78390227,2,1
15859,MRK-003,BEZ-235,PA1,41.44326272,2,1
15861,MRK-003,BEZ-235,RPMI7951,32.7321409,2,1
15862,MRK-003,BEZ-235,SKMEL30,25.71338117,2,1
15863,MRK-003,BEZ-235,SKMES1,24.43733695,2,1
15864,MRK-003,BEZ-235,SKOV3,27.0094196,2,1
15865,MRK-003,BEZ-235,SW620,21.03143335,2,1
15866,MRK-003,BEZ-235,SW837,20.90173201,2,1
15867,MRK-003,BEZ-235,T47D,103.2081093,2,1
15868,MRK-003,BEZ-235,UACC62,25.29485648,2,1
15869,MRK-003,BEZ-235,UWB1289,17.01156437,2,1
15870,MRK-003,BEZ-235,UWB1289BRCA1,22.52545354,2,1
15871,MRK-003,BEZ-235,VCAP,41.99838718,2,1
15872,MRK-003,BEZ-235,ZR751,12.9687051,2,1
15874,MRK-003,BORTEZOMIB,A2780,-16.88497689,0,0
15875,MRK-003,BORTEZOMIB,A375,28.45890484,0,1
15876,MRK-003,BORTEZOMIB,A427,-5.642082959,0,0
15878,MRK-003,BORTEZOMIB,COLO320DM,17.12051613,0,1
15879,MRK-003,BORTEZOMIB,DLD1,11.39539047,0,1
15880,MRK-003,BORTEZOMIB,EFM192B,-5.772176441,0,0
15882,MRK-003,BORTEZOMIB,HCT116,-1.995879415,0,0
15883,MRK-003,BORTEZOMIB,HT144,-0.978051566,0,0
15884,MRK-003,BORTEZOMIB,HT29,-13.09403784,0,0
15886,MRK-003,BORTEZOMIB,LNCAP,-2.769010712,0,0
15887,MRK-003,BORTEZOMIB,LOVO,11.26617745,0,1
15888,MRK-003,BORTEZOMIB,MDAMB436,-1.243087805,0,0
15889,MRK-003,BORTEZOMIB,MSTO,70.07591401,0,1
15890,MRK-003,BORTEZOMIB,NCIH1650,-7.265617163,0,0
15891,MRK-003,BORTEZOMIB,NCIH2122,14.10135727,0,1
15893,MRK-003,BORTEZOMIB,NCIH460,11.01938662,0,1
15894,MRK-003,BORTEZOMIB,NCIH520,-20.52460047,0,0
15895,MRK-003,BORTEZOMIB,OCUBM,-3.974133518,0,0
15896,MRK-003,BORTEZOMIB,OV90,-7.312258127,0,0
15899,MRK-003,BORTEZOMIB,RKO,-8.047526524,0,0
15901,MRK-003,BORTEZOMIB,SKMEL30,-7.28669044,0,0
15902,MRK-003,BORTEZOMIB,SKMES1,-11.17998097,0,0
15903,MRK-003,BORTEZOMIB,SKOV3,-2.862308652,0,0
15904,MRK-003,BORTEZOMIB,SW620,10.92397936,0,1
15907,MRK-003,BORTEZOMIB,UACC62,-3.714046448,0,0
15908,MRK-003,BORTEZOMIB,UWB1289,-27.67612246,0,0
15909,MRK-003,BORTEZOMIB,UWB1289BRCA1,-2.10042069,0,0
15911,MRK-003,BORTEZOMIB,ZR751,-22.61482513,0,0
15914,MRK-003,CARBOPLATIN,A375,-5.678433072,2,0
15918,MRK-003,CARBOPLATIN,DLD1,-7.676303427,2,0
15919,MRK-003,CARBOPLATIN,EFM192B,-15.27384368,2,0
15920,MRK-003,CARBOPLATIN,ES2,-8.643369968,2,0
15924,MRK-003,CARBOPLATIN,KPL1,14.2697599,2,1
15925,MRK-003,CARBOPLATIN,LNCAP,-9.651886387,2,0
15926,MRK-003,CARBOPLATIN,LOVO,-11.09833158,2,0
15928,MRK-003,CARBOPLATIN,MSTO,-18.45202428,2,0
15929,MRK-003,CARBOPLATIN,NCIH1650,-0.864687308,2,0
15930,MRK-003,CARBOPLATIN,NCIH2122,-4.212481911,2,0
15931,MRK-003,CARBOPLATIN,NCIH23,-4.11060028,2,0
15932,MRK-003,CARBOPLATIN,NCIH460,-14.24193962,2,0
15933,MRK-003,CARBOPLATIN,NCIH520,-5.127499155,2,0
15934,MRK-003,CARBOPLATIN,OCUBM,-4.585828528,2,0
15935,MRK-003,CARBOPLATIN,OV90,-6.397714962,2,0
15936,MRK-003,CARBOPLATIN,OVCAR3,-2.891704555,2,0
15937,MRK-003,CARBOPLATIN,PA1,10.3953174,2,1
15939,MRK-003,CARBOPLATIN,RPMI7951,-5.420695401,2,0
15941,MRK-003,CARBOPLATIN,SKMES1,-3.222362305,2,0
15945,MRK-003,CARBOPLATIN,T47D,-36.19054664,2,0
15946,MRK-003,CARBOPLATIN,UACC62,-1.968944495,2,0
15947,MRK-003,CARBOPLATIN,UWB1289,-22.91203294,2,0
15948,MRK-003,CARBOPLATIN,UWB1289BRCA1,-9.706868946,2,0
15950,MRK-003,CARBOPLATIN,ZR751,-10.0253929,2,0
15951,MRK-003,CYCLOPHOSPHAMIDE,A2058,-3.5525384,4,0
15953,MRK-003,CYCLOPHOSPHAMIDE,A375,-3.254770439,4,0
15955,MRK-003,CYCLOPHOSPHAMIDE,CAOV3,30.66667933,4,1
15959,MRK-003,CYCLOPHOSPHAMIDE,ES2,-13.09375107,4,0
15961,MRK-003,CYCLOPHOSPHAMIDE,HT144,-9.86729681,4,0
15963,MRK-003,CYCLOPHOSPHAMIDE,KPL1,-2.910254041,4,0
15964,MRK-003,CYCLOPHOSPHAMIDE,LNCAP,-24.11665086,4,0
15965,MRK-003,CYCLOPHOSPHAMIDE,LOVO,-10.06942914,4,0
15966,MRK-003,CYCLOPHOSPHAMIDE,MDAMB436,-5.975929813,4,0
15967,MRK-003,CYCLOPHOSPHAMIDE,MSTO,-6.009564026,4,0
15971,MRK-003,CYCLOPHOSPHAMIDE,NCIH460,-0.785429931,4,0
15972,MRK-003,CYCLOPHOSPHAMIDE,NCIH520,-2.699352337,4,0
15973,MRK-003,CYCLOPHOSPHAMIDE,OCUBM,-0.85923057,4,0
15974,MRK-003,CYCLOPHOSPHAMIDE,OV90,-4.365040903,4,0
15975,MRK-003,CYCLOPHOSPHAMIDE,OVCAR3,10.40276413,4,1
15977,MRK-003,CYCLOPHOSPHAMIDE,RKO,-2.239036092,4,0
15980,MRK-003,CYCLOPHOSPHAMIDE,SKMES1,-4.515016224,4,0
15981,MRK-003,CYCLOPHOSPHAMIDE,SKOV3,13.05736744,4,1
15982,MRK-003,CYCLOPHOSPHAMIDE,SW620,-2.157759401,4,0
15984,MRK-003,CYCLOPHOSPHAMIDE,T47D,-33.56754882,4,0
15985,MRK-003,CYCLOPHOSPHAMIDE,UACC62,-8.234593164,4,0
15986,MRK-003,CYCLOPHOSPHAMIDE,UWB1289,-6.49721408,4,0
15988,MRK-003,CYCLOPHOSPHAMIDE,VCAP,-1.806522867,4,0
15989,MRK-003,CYCLOPHOSPHAMIDE,ZR751,-4.661016511,4,0
15990,MRK-003,DASATINIB,A2058,32.18828097,4,1
15991,MRK-003,DASATINIB,A2780,60.44362188,4,1
15993,MRK-003,DASATINIB,A427,47.88024928,4,1
15994,MRK-003,DASATINIB,CAOV3,17.06204111,4,1
15996,MRK-003,DASATINIB,DLD1,28.07535971,4,1
15997,MRK-003,DASATINIB,EFM192B,36.85213245,4,1
15998,MRK-003,DASATINIB,ES2,-8.823827558,4,0
15999,MRK-003,DASATINIB,HCT116,-12.28766755,4,0
16000,MRK-003,DASATINIB,HT144,-41.84289743,4,0
16001,MRK-003,DASATINIB,HT29,37.46797033,4,1
16002,MRK-003,DASATINIB,KPL1,44.34441779,4,1
16003,MRK-003,DASATINIB,LNCAP,13.879461,4,1
16004,MRK-003,DASATINIB,LOVO,44.17722855,4,1
16005,MRK-003,DASATINIB,MDAMB436,25.64256087,4,1
16006,MRK-003,DASATINIB,MSTO,46.45779052,4,1
16007,MRK-003,DASATINIB,NCIH1650,39.38152611,4,1
16008,MRK-003,DASATINIB,NCIH2122,-25.42579406,4,0
16009,MRK-003,DASATINIB,NCIH23,22.55935303,4,1
16011,MRK-003,DASATINIB,NCIH520,58.17696562,4,1
16012,MRK-003,DASATINIB,OCUBM,14.12798907,4,1
16013,MRK-003,DASATINIB,OV90,24.86301129,4,1
16014,MRK-003,DASATINIB,OVCAR3,79.50156003,4,1
16015,MRK-003,DASATINIB,PA1,37.22303223,4,1
16017,MRK-003,DASATINIB,RPMI7951,19.2625517,4,1
16018,MRK-003,DASATINIB,SKMEL30,-16.4038587,4,0
16019,MRK-003,DASATINIB,SKMES1,39.02816923,4,1
16021,MRK-003,DASATINIB,SW620,16.78464021,4,1
16022,MRK-003,DASATINIB,SW837,31.77808016,4,1
16023,MRK-003,DASATINIB,T47D,18.60266321,4,1
16025,MRK-003,DASATINIB,UWB1289,13.50706805,4,1
16026,MRK-003,DASATINIB,UWB1289BRCA1,14.52742788,4,1
16027,MRK-003,DASATINIB,VCAP,29.37734376,4,1
16028,MRK-003,DASATINIB,ZR751,-8.118411527,4,0
16029,MRK-003,DEXAMETHASONE,A2058,-5.967280377,1,0
16033,MRK-003,DEXAMETHASONE,CAOV3,27.95797453,1,1
16037,MRK-003,DEXAMETHASONE,ES2,-19.72496457,1,0
16039,MRK-003,DEXAMETHASONE,HT144,-6.784934135,1,0
16040,MRK-003,DEXAMETHASONE,HT29,11.18189437,1,1
16041,MRK-003,DEXAMETHASONE,KPL1,29.23078095,1,1
16042,MRK-003,DEXAMETHASONE,LNCAP,-21.36099802,1,0
16043,MRK-003,DEXAMETHASONE,LOVO,19.89903226,1,1
16046,MRK-003,DEXAMETHASONE,NCIH1650,11.3172614,1,1
16047,MRK-003,DEXAMETHASONE,NCIH2122,-20.66461599,1,0
16051,MRK-003,DEXAMETHASONE,OCUBM,19.24052703,1,1
16052,MRK-003,DEXAMETHASONE,OV90,-3.212094541,1,0
16053,MRK-003,DEXAMETHASONE,OVCAR3,29.66324371,1,1
16054,MRK-003,DEXAMETHASONE,PA1,26.59193775,1,1
16056,MRK-003,DEXAMETHASONE,RPMI7951,-19.4869087,1,0
16057,MRK-003,DEXAMETHASONE,SKMEL30,13.75591161,1,1
16059,MRK-003,DEXAMETHASONE,SKOV3,20.04236018,1,1
16062,MRK-003,DEXAMETHASONE,T47D,-7.244304535,1,0
16064,MRK-003,DEXAMETHASONE,UWB1289,-2.700394735,1,0
16066,MRK-003,DEXAMETHASONE,VCAP,-3.647114038,1,0
16068,MRK-003,DINACICLIB,A2058,-6.532206677,4,0
16069,MRK-003,DINACICLIB,A2780,-4.596459751,4,0
16071,MRK-003,DINACICLIB,A427,-8.228689517,4,0
16072,MRK-003,DINACICLIB,CAOV3,-4.039396949,4,0
16073,MRK-003,DINACICLIB,COLO320DM,17.14163514,4,1
16075,MRK-003,DINACICLIB,EFM192B,-12.6009958,4,0
16077,MRK-003,DINACICLIB,HCT116,-14.82703116,4,0
16078,MRK-003,DINACICLIB,HT144,-3.505548798,4,0
16079,MRK-003,DINACICLIB,HT29,-6.266163805,4,0
16080,MRK-003,DINACICLIB,KPL1,-10.91130246,4,0
16081,MRK-003,DINACICLIB,LNCAP,-5.557848343,4,0
16082,MRK-003,DINACICLIB,LOVO,-7.185271386,4,0
16083,MRK-003,DINACICLIB,MDAMB436,-3.520558408,4,0
16084,MRK-003,DINACICLIB,MSTO,-13.13813959,4,0
16086,MRK-003,DINACICLIB,NCIH2122,-9.329988379,4,0
16088,MRK-003,DINACICLIB,NCIH460,-10.03595636,4,0
16089,MRK-003,DINACICLIB,NCIH520,-4.483571009,4,0
16090,MRK-003,DINACICLIB,OCUBM,-12.06527706,4,0
16091,MRK-003,DINACICLIB,OV90,-8.48677191,4,0
16092,MRK-003,DINACICLIB,OVCAR3,13.72393311,4,1
16093,MRK-003,DINACICLIB,PA1,-2.067040977,4,0
16094,MRK-003,DINACICLIB,RKO,-12.23043416,4,0
16095,MRK-003,DINACICLIB,RPMI7951,11.33411208,4,1
16096,MRK-003,DINACICLIB,SKMEL30,-6.328372538,4,0
16099,MRK-003,DINACICLIB,SW620,-5.497578374,4,0
16100,MRK-003,DINACICLIB,SW837,-12.4398598,4,0
16101,MRK-003,DINACICLIB,T47D,-28.64086619,4,0
16102,MRK-003,DINACICLIB,UACC62,-0.046774119,4,0
16103,MRK-003,DINACICLIB,UWB1289,-16.6789468,4,0
16106,MRK-003,DINACICLIB,ZR751,-21.16692096,4,0
16107,MRK-003,DOXORUBICIN,A2058,-1.048726728,0,0
16110,MRK-003,DOXORUBICIN,A427,-7.093802856,0,0
16112,MRK-003,DOXORUBICIN,COLO320DM,-8.557031198,0,0
16114,MRK-003,DOXORUBICIN,EFM192B,-14.94523307,0,0
16115,MRK-003,DOXORUBICIN,ES2,-4.024220801,0,0
16116,MRK-003,DOXORUBICIN,HCT116,-14.10937048,0,0
16117,MRK-003,DOXORUBICIN,HT144,10.44420502,0,1
16118,MRK-003,DOXORUBICIN,HT29,-5.29092391,0,0
16119,MRK-003,DOXORUBICIN,KPL1,-7.87226582,0,0
16120,MRK-003,DOXORUBICIN,LNCAP,-17.38201423,0,0
16122,MRK-003,DOXORUBICIN,MDAMB436,-11.8464673,0,0
16123,MRK-003,DOXORUBICIN,MSTO,-30.17628088,0,0
16124,MRK-003,DOXORUBICIN,NCIH1650,-3.457295103,0,0
16125,MRK-003,DOXORUBICIN,NCIH2122,-17.00698015,0,0
16127,MRK-003,DOXORUBICIN,NCIH460,-7.874099335,0,0
16128,MRK-003,DOXORUBICIN,NCIH520,-8.361169397,0,0
16130,MRK-003,DOXORUBICIN,OV90,-19.99623629,0,0
16131,MRK-003,DOXORUBICIN,OVCAR3,-8.405893052,0,0
16132,MRK-003,DOXORUBICIN,PA1,-9.643284731,0,0
16133,MRK-003,DOXORUBICIN,RKO,-10.08227892,0,0
16134,MRK-003,DOXORUBICIN,RPMI7951,-1.32066908,0,0
16136,MRK-003,DOXORUBICIN,SKMES1,-0.948061225,0,0
16137,MRK-003,DOXORUBICIN,SKOV3,-21.22172075,0,0
16139,MRK-003,DOXORUBICIN,SW837,-12.61470596,0,0
16140,MRK-003,DOXORUBICIN,T47D,16.75350498,0,1
16142,MRK-003,DOXORUBICIN,UWB1289,-17.30602624,0,0
16145,MRK-003,DOXORUBICIN,ZR751,-9.603966308,0,0
16150,MRK-003,ERLOTINIB,CAOV3,22.33232939,3,1
16151,MRK-003,ERLOTINIB,COLO320DM,11.83178469,3,1
16154,MRK-003,ERLOTINIB,ES2,-6.441437273,3,0
16156,MRK-003,ERLOTINIB,HT144,12.74027827,3,1
16157,MRK-003,ERLOTINIB,HT29,26.50949979,3,1
16158,MRK-003,ERLOTINIB,KPL1,24.37836066,3,1
16159,MRK-003,ERLOTINIB,LNCAP,-18.98522102,3,0
16160,MRK-003,ERLOTINIB,LOVO,22.84912197,3,1
16162,MRK-003,ERLOTINIB,MSTO,-26.99508519,3,0
16163,MRK-003,ERLOTINIB,NCIH1650,22.36001461,3,1
16164,MRK-003,ERLOTINIB,NCIH2122,30.42269649,3,1
16166,MRK-003,ERLOTINIB,NCIH460,-0.594381403,3,0
16168,MRK-003,ERLOTINIB,OCUBM,25.56607069,3,1
16169,MRK-003,ERLOTINIB,OV90,-2.899167744,3,0
16170,MRK-003,ERLOTINIB,OVCAR3,40.79164805,3,1
16171,MRK-003,ERLOTINIB,PA1,29.81376529,3,1
16172,MRK-003,ERLOTINIB,RKO,-3.433890547,3,0
16173,MRK-003,ERLOTINIB,RPMI7951,16.7088245,3,1
16174,MRK-003,ERLOTINIB,SKMEL30,23.2532165,3,1
16175,MRK-003,ERLOTINIB,SKMES1,15.88166325,3,1
16176,MRK-003,ERLOTINIB,SKOV3,28.89917641,3,1
16177,MRK-003,ERLOTINIB,SW620,-2.562363642,3,0
16178,MRK-003,ERLOTINIB,SW837,28.8064134,3,1
16179,MRK-003,ERLOTINIB,T47D,19.716145,3,1
16180,MRK-003,ERLOTINIB,UACC62,18.28324363,3,1
16181,MRK-003,ERLOTINIB,UWB1289,13.36860114,3,1
16182,MRK-003,ERLOTINIB,UWB1289BRCA1,18.03157029,3,1
16183,MRK-003,ERLOTINIB,VCAP,12.37775132,3,1
16184,MRK-003,ERLOTINIB,ZR751,18.77154766,3,1
16185,MRK-003,ETOPOSIDE,A2058,-0.742463241,1,0
16186,MRK-003,ETOPOSIDE,A2780,10.20897652,1,1
16187,MRK-003,ETOPOSIDE,A375,11.02599583,1,1
16188,MRK-003,ETOPOSIDE,A427,-5.556151473,1,0
16189,MRK-003,ETOPOSIDE,CAOV3,99.79199539,1,1
16190,MRK-003,ETOPOSIDE,COLO320DM,18.29096973,1,1
16191,MRK-003,ETOPOSIDE,DLD1,12.53545805,1,1
16192,MRK-003,ETOPOSIDE,EFM192B,-2.289429854,1,0
16193,MRK-003,ETOPOSIDE,ES2,-2.708287166,1,0
16195,MRK-003,ETOPOSIDE,HT144,21.88445585,1,1
16197,MRK-003,ETOPOSIDE,KPL1,24.86223534,1,1
16198,MRK-003,ETOPOSIDE,LNCAP,19.28073206,1,1
16200,MRK-003,ETOPOSIDE,MDAMB436,14.55385752,1,1
16201,MRK-003,ETOPOSIDE,MSTO,-24.803394,1,0
16202,MRK-003,ETOPOSIDE,NCIH1650,13.34723701,1,1
16203,MRK-003,ETOPOSIDE,NCIH2122,-1.618527955,1,0
16204,MRK-003,ETOPOSIDE,NCIH23,-134.2947319,1,0
16205,MRK-003,ETOPOSIDE,NCIH460,-8.13016173,1,0
16206,MRK-003,ETOPOSIDE,NCIH520,-0.729358768,1,0
16210,MRK-003,ETOPOSIDE,PA1,-2.162744498,1,0
16212,MRK-003,ETOPOSIDE,RPMI7951,13.74541968,1,1
16213,MRK-003,ETOPOSIDE,SKMEL30,22.72086509,1,1
16214,MRK-003,ETOPOSIDE,SKMES1,16.92184343,1,1
16215,MRK-003,ETOPOSIDE,SKOV3,16.3199585,1,1
16217,MRK-003,ETOPOSIDE,SW837,28.34318756,1,1
16219,MRK-003,ETOPOSIDE,UACC62,19.24300361,1,1
16220,MRK-003,ETOPOSIDE,UWB1289,-10.32994309,1,0
16222,MRK-003,ETOPOSIDE,VCAP,12.63601368,1,1
16223,MRK-003,ETOPOSIDE,ZR751,-1.629917375,1,0
16225,MRK-003,GELDANAMYCIN,A2780,-12.66660278,3,0
16228,MRK-003,GELDANAMYCIN,CAOV3,-1.859794213,3,0
16229,MRK-003,GELDANAMYCIN,COLO320DM,-0.280700901,3,0
16230,MRK-003,GELDANAMYCIN,DLD1,17.55576004,3,1
16232,MRK-003,GELDANAMYCIN,ES2,-19.89304695,3,0
16233,MRK-003,GELDANAMYCIN,HCT116,-8.245298449,3,0
16235,MRK-003,GELDANAMYCIN,HT29,-5.743229687,3,0
16237,MRK-003,GELDANAMYCIN,LNCAP,-3.906394502,3,0
16238,MRK-003,GELDANAMYCIN,LOVO,-2.922885508,3,0
16240,MRK-003,GELDANAMYCIN,MSTO,-5.294988925,3,0
16241,MRK-003,GELDANAMYCIN,NCIH1650,-0.567303577,3,0
16242,MRK-003,GELDANAMYCIN,NCIH2122,-3.710962056,3,0
16243,MRK-003,GELDANAMYCIN,NCIH23,-2.667509381,3,0
16244,MRK-003,GELDANAMYCIN,NCIH460,-8.383612325,3,0
16245,MRK-003,GELDANAMYCIN,NCIH520,-1.964927817,3,0
16246,MRK-003,GELDANAMYCIN,OCUBM,-8.825599982,3,0
16247,MRK-003,GELDANAMYCIN,OV90,-16.93916453,3,0
16249,MRK-003,GELDANAMYCIN,PA1,19.79489316,3,1
16250,MRK-003,GELDANAMYCIN,RKO,-26.91209811,3,0
16251,MRK-003,GELDANAMYCIN,RPMI7951,-13.58782852,3,0
16252,MRK-003,GELDANAMYCIN,SKMEL30,-14.61374633,3,0
16253,MRK-003,GELDANAMYCIN,SKMES1,14.62756371,3,1
16254,MRK-003,GELDANAMYCIN,SKOV3,-1.575495254,3,0
16255,MRK-003,GELDANAMYCIN,SW620,-15.40972882,3,0
16256,MRK-003,GELDANAMYCIN,SW837,-7.703849118,3,0
16257,MRK-003,GELDANAMYCIN,T47D,14.13402714,3,1
16258,MRK-003,GELDANAMYCIN,UACC62,-2.425176171,3,0
16259,MRK-003,GELDANAMYCIN,UWB1289,-37.0252866,3,0
16260,MRK-003,GELDANAMYCIN,UWB1289BRCA1,-25.35128631,3,0
16262,MRK-003,GELDANAMYCIN,ZR751,-15.71910754,3,0
16265,MRK-003,GEMCITABINE,A375,-16.01027551,4,0
16266,MRK-003,GEMCITABINE,A427,-1.961067268,4,0
16267,MRK-003,GEMCITABINE,CAOV3,-0.052355073,4,0
16272,MRK-003,GEMCITABINE,HCT116,-9.525287949,4,0
16279,MRK-003,GEMCITABINE,MSTO,-12.82298693,4,0
16281,MRK-003,GEMCITABINE,NCIH2122,-0.895063513,4,0
16282,MRK-003,GEMCITABINE,NCIH23,-5.804342875,4,0
16285,MRK-003,GEMCITABINE,OCUBM,-5.006834445,4,0
16287,MRK-003,GEMCITABINE,OVCAR3,-8.883229752,4,0
16289,MRK-003,GEMCITABINE,RKO,-13.20007836,4,0
16290,MRK-003,GEMCITABINE,RPMI7951,-2.784551871,4,0
16291,MRK-003,GEMCITABINE,SKMEL30,11.23287771,4,1
16292,MRK-003,GEMCITABINE,SKMES1,-18.41925686,4,0
16297,MRK-003,GEMCITABINE,UACC62,12.38788522,4,1
16299,MRK-003,GEMCITABINE,UWB1289BRCA1,15.0336975,4,1
16302,MRK-003,L778123,A2058,10.64566641,3,1
16305,MRK-003,L778123,A427,16.75140374,3,1
16306,MRK-003,L778123,CAOV3,22.4430409,3,1
16307,MRK-003,L778123,COLO320DM,10.10448991,3,1
16309,MRK-003,L778123,EFM192B,-1.206078007,3,0
16310,MRK-003,L778123,ES2,-1.674350433,3,0
16311,MRK-003,L778123,HCT116,-3.175676555,3,0
16313,MRK-003,L778123,HT29,17.83124707,3,1
16316,MRK-003,L778123,LOVO,15.71308083,3,1
16319,MRK-003,L778123,NCIH1650,-0.707891647,3,0
16320,MRK-003,L778123,NCIH2122,-4.266335626,3,0
16322,MRK-003,L778123,NCIH460,-1.85473968,3,0
16325,MRK-003,L778123,OV90,12.58473356,3,1
16327,MRK-003,L778123,PA1,13.60452459,3,1
16328,MRK-003,L778123,RKO,-0.476379342,3,0
16332,MRK-003,L778123,SKOV3,10.28728709,3,1
16336,MRK-003,L778123,UACC62,15.59847885,3,1
16338,MRK-003,L778123,UWB1289BRCA1,11.40170983,3,1
16339,MRK-003,L778123,VCAP,12.40978907,3,1
16340,MRK-003,L778123,ZR751,-11.57008372,3,0
16341,MRK-003,LAPATINIB,A2058,22.33190785,1,1
16342,MRK-003,LAPATINIB,A2780,13.98620999,1,1
16343,MRK-003,LAPATINIB,A375,29.44151815,1,1
16344,MRK-003,LAPATINIB,A427,18.17769961,1,1
16345,MRK-003,LAPATINIB,CAOV3,23.55787853,1,1
16347,MRK-003,LAPATINIB,DLD1,13.69923871,1,1
16350,MRK-003,LAPATINIB,HCT116,18.70787099,1,1
16351,MRK-003,LAPATINIB,HT144,20.88250728,1,1
16352,MRK-003,LAPATINIB,HT29,40.66974991,1,1
16353,MRK-003,LAPATINIB,KPL1,19.02947033,1,1
16354,MRK-003,LAPATINIB,LNCAP,-19.82882102,1,0
16355,MRK-003,LAPATINIB,LOVO,56.24164431,1,1
16358,MRK-003,LAPATINIB,NCIH1650,29.94485074,1,1
16359,MRK-003,LAPATINIB,NCIH2122,30.62610142,1,1
16360,MRK-003,LAPATINIB,NCIH23,-2.776892505,1,0
16363,MRK-003,LAPATINIB,OCUBM,18.91415486,1,1
16364,MRK-003,LAPATINIB,OV90,11.13608564,1,1
16365,MRK-003,LAPATINIB,OVCAR3,45.88696303,1,1
16366,MRK-003,LAPATINIB,PA1,34.63374587,1,1
16367,MRK-003,LAPATINIB,RKO,11.70951097,1,1
16368,MRK-003,LAPATINIB,RPMI7951,32.88576015,1,1
16369,MRK-003,LAPATINIB,SKMEL30,41.94832492,1,1
16370,MRK-003,LAPATINIB,SKMES1,20.68838718,1,1
16371,MRK-003,LAPATINIB,SKOV3,31.23952019,1,1
16373,MRK-003,LAPATINIB,SW837,43.25761808,1,1
16374,MRK-003,LAPATINIB,T47D,22.23133032,1,1
16375,MRK-003,LAPATINIB,UACC62,27.15259096,1,1
16377,MRK-003,LAPATINIB,UWB1289BRCA1,19.01797328,1,1
16378,MRK-003,LAPATINIB,VCAP,16.28375392,1,1
16382,MRK-003,METFORMIN,A375,11.35442255,4,1
16383,MRK-003,METFORMIN,A427,10.28858953,4,1
16388,MRK-003,METFORMIN,ES2,-2.651123695,4,0
16390,MRK-003,METFORMIN,HT144,10.77969101,4,1
16393,MRK-003,METFORMIN,LNCAP,-0.602924597,4,0
16402,MRK-003,METFORMIN,OCUBM,11.53990185,4,1
16404,MRK-003,METFORMIN,OVCAR3,17.55441479,4,1
16405,MRK-003,METFORMIN,PA1,15.94576231,4,1
16406,MRK-003,METFORMIN,RKO,14.36371724,4,1
16408,MRK-003,METFORMIN,SKMEL30,12.10595899,4,1
16410,MRK-003,METFORMIN,SKOV3,16.14942959,4,1
16413,MRK-003,METFORMIN,T47D,-3.468072324,4,0
16416,MRK-003,METFORMIN,UWB1289BRCA1,-1.804655733,4,0
16418,MRK-003,METFORMIN,ZR751,-21.81015091,4,0
16419,MRK-003,METHOTREXATE,A2058,-11.78689083,2,0
16420,MRK-003,METHOTREXATE,A2780,-7.93443879,2,0
16422,MRK-003,METHOTREXATE,A427,-9.91845698,2,0
16425,MRK-003,METHOTREXATE,DLD1,-1.434533539,2,0
16426,MRK-003,METHOTREXATE,EFM192B,-2.184990655,2,0
16428,MRK-003,METHOTREXATE,HCT116,-26.02290232,2,0
16429,MRK-003,METHOTREXATE,HT144,-5.913918535,2,0
16430,MRK-003,METHOTREXATE,HT29,-10.62429454,2,0
16431,MRK-003,METHOTREXATE,KPL1,-10.63755703,2,0
16432,MRK-003,METHOTREXATE,LNCAP,-17.42900874,2,0
16433,MRK-003,METHOTREXATE,LOVO,-1.57809904,2,0
16435,MRK-003,METHOTREXATE,MSTO,-10.76062272,2,0
16436,MRK-003,METHOTREXATE,NCIH1650,-2.191361727,2,0
16438,MRK-003,METHOTREXATE,NCIH23,-9.668439387,2,0
16439,MRK-003,METHOTREXATE,NCIH460,-19.69008055,2,0
16440,MRK-003,METHOTREXATE,NCIH520,-12.52320453,2,0
16443,MRK-003,METHOTREXATE,OVCAR3,-23.98263167,2,0
16444,MRK-003,METHOTREXATE,PA1,-24.27551074,2,0
16445,MRK-003,METHOTREXATE,RKO,-24.15564438,2,0
16447,MRK-003,METHOTREXATE,SKMEL30,-27.71425075,2,0
16449,MRK-003,METHOTREXATE,SKOV3,12.20443231,2,1
16451,MRK-003,METHOTREXATE,SW837,-1.279434578,2,0
16456,MRK-003,METHOTREXATE,VCAP,-2.095320291,2,0
16457,MRK-003,METHOTREXATE,ZR751,-17.22399904,2,0
16458,MRK-003,MITOMYCINE,A2058,-1.783631557,1,0
16461,MRK-003,MITOMYCINE,A427,-0.461918765,1,0
16462,MRK-003,MITOMYCINE,CAOV3,-4.419063595,1,0
16464,MRK-003,MITOMYCINE,DLD1,-9.650036721,1,0
16465,MRK-003,MITOMYCINE,EFM192B,-5.982131585,1,0
16466,MRK-003,MITOMYCINE,ES2,-8.832368338,1,0
16467,MRK-003,MITOMYCINE,HCT116,-12.58149629,1,0
16470,MRK-003,MITOMYCINE,KPL1,14.2159551,1,1
16471,MRK-003,MITOMYCINE,LNCAP,-12.72371469,1,0
16474,MRK-003,MITOMYCINE,MSTO,-14.50481543,1,0
16475,MRK-003,MITOMYCINE,NCIH1650,-9.191629022,1,0
16476,MRK-003,MITOMYCINE,NCIH2122,-24.18387012,1,0
16477,MRK-003,MITOMYCINE,NCIH23,-1.883283617,1,0
16478,MRK-003,MITOMYCINE,NCIH460,-21.52474653,1,0
16480,MRK-003,MITOMYCINE,OCUBM,-7.166707677,1,0
16481,MRK-003,MITOMYCINE,OV90,-4.533199973,1,0
16482,MRK-003,MITOMYCINE,OVCAR3,15.52129697,1,1
16484,MRK-003,MITOMYCINE,RKO,-9.27179112,1,0
16485,MRK-003,MITOMYCINE,RPMI7951,-6.006977126,1,0
16487,MRK-003,MITOMYCINE,SKMES1,-12.56344269,1,0
16490,MRK-003,MITOMYCINE,SW837,-3.673122383,1,0
16492,MRK-003,MITOMYCINE,UACC62,14.73257434,1,1
16493,MRK-003,MITOMYCINE,UWB1289,-23.37720831,1,0
16495,MRK-003,MITOMYCINE,VCAP,11.1309974,1,1
16496,MRK-003,MITOMYCINE,ZR751,-7.965652086,1,0
16497,MRK-003,MK-2206,A2058,18.16737982,3,1
16498,MRK-003,MK-2206,A2780,31.07556128,3,1
16499,MRK-003,MK-2206,A375,14.99986502,3,1
16500,MRK-003,MK-2206,A427,28.18474833,3,1
16501,MRK-003,MK-2206,CAOV3,67.16029107,3,1
16502,MRK-003,MK-2206,COLO320DM,27.19646196,3,1
16503,MRK-003,MK-2206,DLD1,15.20498157,3,1
16504,MRK-003,MK-2206,EFM192B,-3.142078871,3,0
16505,MRK-003,MK-2206,ES2,-0.290616217,3,0
16506,MRK-003,MK-2206,HCT116,18.23044287,3,1
16507,MRK-003,MK-2206,HT144,14.09822274,3,1
16508,MRK-003,MK-2206,HT29,31.77448288,3,1
16510,MRK-003,MK-2206,LNCAP,14.62210478,3,1
16511,MRK-003,MK-2206,LOVO,19.86313338,3,1
16512,MRK-003,MK-2206,MDAMB436,11.23865368,3,1
16514,MRK-003,MK-2206,NCIH1650,41.67576786,3,1
16515,MRK-003,MK-2206,NCIH2122,21.16487536,3,1
16517,MRK-003,MK-2206,NCIH460,-1.917655377,3,0
16518,MRK-003,MK-2206,NCIH520,27.50568919,3,1
16520,MRK-003,MK-2206,OV90,23.14345045,3,1
16521,MRK-003,MK-2206,OVCAR3,33.86543274,3,1
16522,MRK-003,MK-2206,PA1,32.72115737,3,1
16523,MRK-003,MK-2206,RKO,20.11165768,3,1
16524,MRK-003,MK-2206,RPMI7951,20.65986193,3,1
16525,MRK-003,MK-2206,SKMEL30,25.35310255,3,1
16526,MRK-003,MK-2206,SKMES1,29.97436596,3,1
16527,MRK-003,MK-2206,SKOV3,35.88559234,3,1
16529,MRK-003,MK-2206,SW837,15.2640366,3,1
16530,MRK-003,MK-2206,T47D,33.36781248,3,1
16531,MRK-003,MK-2206,UACC62,13.37321153,3,1
16533,MRK-003,MK-2206,UWB1289BRCA1,19.45736458,3,1
16534,MRK-003,MK-2206,VCAP,27.66022432,3,1
16536,MRK-003,MK-4827,A2058,28.49852592,0,1
16537,MRK-003,MK-4827,A2780,12.68772363,0,1
16538,MRK-003,MK-4827,A375,12.74304055,0,1
16539,MRK-003,MK-4827,A427,23.22175096,0,1
16540,MRK-003,MK-4827,CAOV3,11.00562565,0,1
16541,MRK-003,MK-4827,COLO320DM,14.10459295,0,1
16544,MRK-003,MK-4827,ES2,-9.642229233,0,0
16545,MRK-003,MK-4827,HCT116,-2.437852972,0,0
16547,MRK-003,MK-4827,HT29,12.53793162,0,1
16548,MRK-003,MK-4827,KPL1,13.48925006,0,1
16549,MRK-003,MK-4827,LNCAP,-6.246231846,0,0
16550,MRK-003,MK-4827,LOVO,11.29190326,0,1
16551,MRK-003,MK-4827,MDAMB436,13.46548288,0,1
16552,MRK-003,MK-4827,MSTO,-6.378261661,0,0
16554,MRK-003,MK-4827,NCIH2122,17.17626168,0,1
16555,MRK-003,MK-4827,NCIH23,21.88768163,0,1
16556,MRK-003,MK-4827,NCIH460,-0.400266727,0,0
16558,MRK-003,MK-4827,OCUBM,42.54056516,0,1
16559,MRK-003,MK-4827,OV90,-5.721829716,0,0
16560,MRK-003,MK-4827,OVCAR3,35.22367905,0,1
16561,MRK-003,MK-4827,PA1,36.67663104,0,1
16562,MRK-003,MK-4827,RKO,19.76165969,0,1
16563,MRK-003,MK-4827,RPMI7951,19.87957678,0,1
16564,MRK-003,MK-4827,SKMEL30,19.68976112,0,1
16566,MRK-003,MK-4827,SKOV3,25.3685595,0,1
16567,MRK-003,MK-4827,SW620,16.57447741,0,1
16568,MRK-003,MK-4827,SW837,15.49310692,0,1
16569,MRK-003,MK-4827,T47D,33.61059192,0,1
16570,MRK-003,MK-4827,UACC62,13.93222198,0,1
16571,MRK-003,MK-4827,UWB1289,-2.815561207,0,0
16572,MRK-003,MK-4827,UWB1289BRCA1,-15.60972641,0,0
16573,MRK-003,MK-4827,VCAP,12.1209564,0,1
16574,MRK-003,MK-4827,ZR751,10.25340816,0,1
16575,MRK-003,MK-5108,A2058,-4.042863815,4,0
16582,MRK-003,MK-5108,EFM192B,-15.89077651,4,0
16583,MRK-003,MK-5108,ES2,-9.365013864,4,0
16585,MRK-003,MK-5108,HT144,-6.399787334,4,0
16586,MRK-003,MK-5108,HT29,10.44950611,4,1
16588,MRK-003,MK-5108,LNCAP,-33.88822665,4,0
16589,MRK-003,MK-5108,LOVO,-0.916445312,4,0
16590,MRK-003,MK-5108,MDAMB436,-3.563747659,4,0
16591,MRK-003,MK-5108,MSTO,-8.815017627,4,0
16593,MRK-003,MK-5108,NCIH2122,-22.05619751,4,0
16595,MRK-003,MK-5108,NCIH460,-15.95630222,4,0
16596,MRK-003,MK-5108,NCIH520,-1.937932973,4,0
16597,MRK-003,MK-5108,OCUBM,-0.714019664,4,0
16599,MRK-003,MK-5108,OVCAR3,15.89283469,4,1
16600,MRK-003,MK-5108,PA1,15.88227513,4,1
16605,MRK-003,MK-5108,SKOV3,18.37447436,4,1
16606,MRK-003,MK-5108,SW620,-1.481746644,4,0
16608,MRK-003,MK-5108,T47D,-3.236148805,4,0
16610,MRK-003,MK-5108,UWB1289,-11.51762899,4,0
16613,MRK-003,MK-5108,ZR751,-10.25615397,4,0
16614,MRK-003,MK-8669,A2058,23.52644227,1,1
16615,MRK-003,MK-8669,A2780,25.5228282,1,1
16616,MRK-003,MK-8669,A375,19.46887372,1,1
16617,MRK-003,MK-8669,A427,19.15769756,1,1
16618,MRK-003,MK-8669,CAOV3,31.06830746,1,1
16619,MRK-003,MK-8669,COLO320DM,23.90337544,1,1
16620,MRK-003,MK-8669,DLD1,22.12702017,1,1
16621,MRK-003,MK-8669,EFM192B,20.64180044,1,1
16624,MRK-003,MK-8669,HT144,13.17852035,1,1
16625,MRK-003,MK-8669,HT29,26.29173532,1,1
16626,MRK-003,MK-8669,KPL1,23.06844976,1,1
16628,MRK-003,MK-8669,LOVO,29.67300707,1,1
16629,MRK-003,MK-8669,MDAMB436,15.04271692,1,1
16631,MRK-003,MK-8669,NCIH1650,33.2488083,1,1
16633,MRK-003,MK-8669,NCIH23,12.38297913,1,1
16634,MRK-003,MK-8669,NCIH460,-1.62414823,1,0
16635,MRK-003,MK-8669,NCIH520,24.44548857,1,1
16636,MRK-003,MK-8669,OCUBM,20.61760679,1,1
16637,MRK-003,MK-8669,OV90,24.79055813,1,1
16638,MRK-003,MK-8669,OVCAR3,52.83598927,1,1
16639,MRK-003,MK-8669,PA1,32.34647923,1,1
16640,MRK-003,MK-8669,RKO,11.82256906,1,1
16641,MRK-003,MK-8669,RPMI7951,23.26839306,1,1
16642,MRK-003,MK-8669,SKMEL30,26.22380957,1,1
16643,MRK-003,MK-8669,SKMES1,21.11682863,1,1
16644,MRK-003,MK-8669,SKOV3,40.08550533,1,1
16647,MRK-003,MK-8669,T47D,38.439834,1,1
16648,MRK-003,MK-8669,UACC62,11.85870274,1,1
16651,MRK-003,MK-8669,VCAP,27.65832722,1,1
16655,MRK-003,MK-8776,A375,20.64268984,1,1
16656,MRK-003,MK-8776,A427,15.56224644,1,1
16657,MRK-003,MK-8776,CAOV3,37.9456134,1,1
16658,MRK-003,MK-8776,COLO320DM,28.27484167,1,1
16664,MRK-003,MK-8776,HT29,10.3306269,1,1
16666,MRK-003,MK-8776,LNCAP,-1.28644515,1,0
16667,MRK-003,MK-8776,LOVO,14.67489273,1,1
16669,MRK-003,MK-8776,MSTO,-11.67641589,1,0
16671,MRK-003,MK-8776,NCIH2122,-13.27483884,1,0
16672,MRK-003,MK-8776,NCIH23,14.06928957,1,1
16673,MRK-003,MK-8776,NCIH460,-2.101358255,1,0
16675,MRK-003,MK-8776,OCUBM,12.98629592,1,1
16677,MRK-003,MK-8776,OVCAR3,16.70971392,1,1
16678,MRK-003,MK-8776,PA1,22.70576128,1,1
16679,MRK-003,MK-8776,RKO,-3.848464078,1,0
16680,MRK-003,MK-8776,RPMI7951,17.11919177,1,1
16681,MRK-003,MK-8776,SKMEL30,38.49761653,1,1
16683,MRK-003,MK-8776,SKOV3,25.92829771,1,1
16685,MRK-003,MK-8776,SW837,-17.80938865,1,0
16686,MRK-003,MK-8776,T47D,10.24907785,1,1
16687,MRK-003,MK-8776,UACC62,11.48166683,1,1
16688,MRK-003,MK-8776,UWB1289,-3.870762719,1,0
16690,MRK-003,MK-8776,VCAP,13.79906022,1,1
16691,MRK-003,MK-8776,ZR751,-9.830431315,1,0
16693,MRK-003,OXALIPLATIN,A2780,-28.10423315,0,0
16694,MRK-003,OXALIPLATIN,A375,-18.00420656,0,0
16695,MRK-003,OXALIPLATIN,A427,-7.145218149,0,0
16696,MRK-003,OXALIPLATIN,CAOV3,-24.54155202,0,0
16698,MRK-003,OXALIPLATIN,DLD1,-11.80412128,0,0
16699,MRK-003,OXALIPLATIN,EFM192B,-37.00959264,0,0
16700,MRK-003,OXALIPLATIN,ES2,-25.81373858,0,0
16701,MRK-003,OXALIPLATIN,HCT116,-15.95390796,0,0
16702,MRK-003,OXALIPLATIN,HT144,-11.76477,0,0
16703,MRK-003,OXALIPLATIN,HT29,-8.166496518,0,0
16704,MRK-003,OXALIPLATIN,KPL1,-4.654067103,0,0
16705,MRK-003,OXALIPLATIN,LNCAP,-15.54454972,0,0
16706,MRK-003,OXALIPLATIN,LOVO,-24.23858389,0,0
16707,MRK-003,OXALIPLATIN,MDAMB436,-27.05307902,0,0
16708,MRK-003,OXALIPLATIN,MSTO,-17.04417767,0,0
16709,MRK-003,OXALIPLATIN,NCIH1650,-14.85967662,0,0
16710,MRK-003,OXALIPLATIN,NCIH2122,-16.54405671,0,0
16711,MRK-003,OXALIPLATIN,NCIH23,-22.3910292,0,0
16712,MRK-003,OXALIPLATIN,NCIH460,-49.67393913,0,0
16713,MRK-003,OXALIPLATIN,NCIH520,-11.53572802,0,0
16714,MRK-003,OXALIPLATIN,OCUBM,-7.815662756,0,0
16715,MRK-003,OXALIPLATIN,OV90,-22.82255861,0,0
16717,MRK-003,OXALIPLATIN,PA1,-32.73991917,0,0
16718,MRK-003,OXALIPLATIN,RKO,-22.92432053,0,0
16719,MRK-003,OXALIPLATIN,RPMI7951,-24.61408423,0,0
16720,MRK-003,OXALIPLATIN,SKMEL30,-9.803836661,0,0
16721,MRK-003,OXALIPLATIN,SKMES1,-7.269713383,0,0
16722,MRK-003,OXALIPLATIN,SKOV3,-3.397576252,0,0
16723,MRK-003,OXALIPLATIN,SW620,-16.46513547,0,0
16724,MRK-003,OXALIPLATIN,SW837,-14.41130645,0,0
16725,MRK-003,OXALIPLATIN,T47D,-36.18713523,0,0
16726,MRK-003,OXALIPLATIN,UACC62,-22.29959493,0,0
16727,MRK-003,OXALIPLATIN,UWB1289,-24.17888033,0,0
16728,MRK-003,OXALIPLATIN,UWB1289BRCA1,-16.61545154,0,0
16729,MRK-003,OXALIPLATIN,VCAP,-3.942389132,0,0
16730,MRK-003,OXALIPLATIN,ZR751,-22.2414061,0,0
16731,MRK-003,PACLITAXEL,A2058,10.84760363,3,1
16732,MRK-003,PACLITAXEL,A2780,15.52278371,3,1
16733,MRK-003,PACLITAXEL,A375,61.18937958,3,1
16734,MRK-003,PACLITAXEL,A427,12.55093445,3,1
16736,MRK-003,PACLITAXEL,COLO320DM,43.04488651,3,1
16737,MRK-003,PACLITAXEL,DLD1,25.94860086,3,1
16739,MRK-003,PACLITAXEL,ES2,44.62056798,3,1
16740,MRK-003,PACLITAXEL,HCT116,10.63500301,3,1
16741,MRK-003,PACLITAXEL,HT144,37.36052071,3,1
16742,MRK-003,PACLITAXEL,HT29,12.60896278,3,1
16744,MRK-003,PACLITAXEL,LNCAP,-26.38808471,3,0
16745,MRK-003,PACLITAXEL,LOVO,21.69350126,3,1
16746,MRK-003,PACLITAXEL,MDAMB436,11.8834975,3,1
16747,MRK-003,PACLITAXEL,MSTO,-8.406019911,3,0
16748,MRK-003,PACLITAXEL,NCIH1650,14.1222062,3,1
16749,MRK-003,PACLITAXEL,NCIH2122,-16.25319265,3,0
16750,MRK-003,PACLITAXEL,NCIH23,13.87801265,3,1
16751,MRK-003,PACLITAXEL,NCIH460,28.58064629,3,1
16752,MRK-003,PACLITAXEL,NCIH520,14.28061993,3,1
16753,MRK-003,PACLITAXEL,OCUBM,-12.51010828,3,0
16754,MRK-003,PACLITAXEL,OV90,29.66080192,3,1
16755,MRK-003,PACLITAXEL,OVCAR3,18.81339122,3,1
16756,MRK-003,PACLITAXEL,PA1,19.2094457,3,1
16757,MRK-003,PACLITAXEL,RKO,-18.04446765,3,0
16758,MRK-003,PACLITAXEL,RPMI7951,14.64741977,3,1
16759,MRK-003,PACLITAXEL,SKMEL30,28.10055931,3,1
16760,MRK-003,PACLITAXEL,SKMES1,41.1914245,3,1
16761,MRK-003,PACLITAXEL,SKOV3,17.64286408,3,1
16762,MRK-003,PACLITAXEL,SW620,15.44693429,3,1
16764,MRK-003,PACLITAXEL,T47D,17.3081202,3,1
16765,MRK-003,PACLITAXEL,UACC62,21.2064771,3,1
16766,MRK-003,PACLITAXEL,UWB1289,-3.659518507,3,0
16767,MRK-003,PACLITAXEL,UWB1289BRCA1,22.72672425,3,1
16768,MRK-003,PACLITAXEL,VCAP,28.84721015,3,1
16770,MRK-003,PD325901,A2058,16.75382231,0,1
16771,MRK-003,PD325901,A2780,15.5578008,0,1
16772,MRK-003,PD325901,A375,12.16321685,0,1
16773,MRK-003,PD325901,A427,22.65986615,0,1
16774,MRK-003,PD325901,CAOV3,19.4745947,0,1
16776,MRK-003,PD325901,DLD1,10.41953781,0,1
16777,MRK-003,PD325901,EFM192B,12.01005974,0,1
16779,MRK-003,PD325901,HCT116,-7.229214854,0,0
16780,MRK-003,PD325901,HT144,16.81826664,0,1
16781,MRK-003,PD325901,HT29,13.25373772,0,1
16782,MRK-003,PD325901,KPL1,27.80127041,0,1
16783,MRK-003,PD325901,LNCAP,39.26101661,0,1
16784,MRK-003,PD325901,LOVO,20.92326198,0,1
16786,MRK-003,PD325901,MSTO,17.37944507,0,1
16787,MRK-003,PD325901,NCIH1650,-1.426432036,0,0
16788,MRK-003,PD325901,NCIH2122,13.60578719,0,1
16791,MRK-003,PD325901,NCIH520,-1.15865418,0,0
16792,MRK-003,PD325901,OCUBM,22.06637597,0,1
16793,MRK-003,PD325901,OV90,12.11547515,0,1
16794,MRK-003,PD325901,OVCAR3,51.62670242,0,1
16795,MRK-003,PD325901,PA1,24.90972781,0,1
16798,MRK-003,PD325901,SKMEL30,-1.20790213,0,0
16800,MRK-003,PD325901,SKOV3,10.43966892,0,1
16801,MRK-003,PD325901,SW620,-5.540681379,0,0
16803,MRK-003,PD325901,T47D,28.15700653,0,1
16806,MRK-003,PD325901,UWB1289BRCA1,13.40130067,0,1
16807,MRK-003,PD325901,VCAP,12.62447634,0,1
16808,MRK-003,PD325901,ZR751,-1.74185497,0,0
16810,MRK-003,SN-38,A2780,14.57369229,2,1
16811,MRK-003,SN-38,A375,22.68725985,2,1
16812,MRK-003,SN-38,A427,-3.76565118,2,0
16813,MRK-003,SN-38,CAOV3,19.95814146,2,1
16816,MRK-003,SN-38,EFM192B,11.60795742,2,1
16819,MRK-003,SN-38,HT144,18.27207237,2,1
16821,MRK-003,SN-38,KPL1,18.39504609,2,1
16822,MRK-003,SN-38,LNCAP,-1.573004821,2,0
16823,MRK-003,SN-38,LOVO,-4.459780718,2,0
16825,MRK-003,SN-38,MSTO,13.72691842,2,1
16826,MRK-003,SN-38,NCIH1650,10.18788165,2,1
16828,MRK-003,SN-38,NCIH23,18.67542661,2,1
16829,MRK-003,SN-38,NCIH460,12.29508557,2,1
16830,MRK-003,SN-38,NCIH520,-0.605565074,2,0
16831,MRK-003,SN-38,OCUBM,10.29894189,2,1
16832,MRK-003,SN-38,OV90,-8.796350762,2,0
16833,MRK-003,SN-38,OVCAR3,20.25167815,2,1
16834,MRK-003,SN-38,PA1,31.35526371,2,1
16835,MRK-003,SN-38,RKO,15.07454715,2,1
16836,MRK-003,SN-38,RPMI7951,29.36783073,2,1
16837,MRK-003,SN-38,SKMEL30,15.59178113,2,1
16839,MRK-003,SN-38,SKOV3,20.24654996,2,1
16842,MRK-003,SN-38,T47D,14.34423202,2,1
16843,MRK-003,SN-38,UACC62,16.27868317,2,1
16844,MRK-003,SN-38,UWB1289,-8.807169197,2,0
16845,MRK-003,SN-38,UWB1289BRCA1,13.99293471,2,1
16848,MRK-003,SORAFENIB,A2058,14.15113797,1,1
16850,MRK-003,SORAFENIB,A375,17.81761194,1,1
16851,MRK-003,SORAFENIB,A427,10.3496919,1,1
16852,MRK-003,SORAFENIB,CAOV3,12.36818801,1,1
16853,MRK-003,SORAFENIB,COLO320DM,13.63304859,1,1
16854,MRK-003,SORAFENIB,DLD1,15.33830813,1,1
16857,MRK-003,SORAFENIB,HCT116,10.35397263,1,1
16858,MRK-003,SORAFENIB,HT144,15.9938666,1,1
16864,MRK-003,SORAFENIB,MSTO,-8.371746884,1,0
16866,MRK-003,SORAFENIB,NCIH2122,16.60646963,1,1
16867,MRK-003,SORAFENIB,NCIH23,11.95764817,1,1
16869,MRK-003,SORAFENIB,NCIH520,16.28076055,1,1
16870,MRK-003,SORAFENIB,OCUBM,11.94670841,1,1
16873,MRK-003,SORAFENIB,PA1,17.59213392,1,1
16875,MRK-003,SORAFENIB,RPMI7951,14.36273714,1,1
16876,MRK-003,SORAFENIB,SKMEL30,13.43911127,1,1
16877,MRK-003,SORAFENIB,SKMES1,21.47860522,1,1
16878,MRK-003,SORAFENIB,SKOV3,29.31030464,1,1
16879,MRK-003,SORAFENIB,SW620,17.24959309,1,1
16880,MRK-003,SORAFENIB,SW837,16.10081111,1,1
16882,MRK-003,SORAFENIB,UACC62,13.93803228,1,1
16885,MRK-003,SORAFENIB,VCAP,13.57360594,1,1
16886,MRK-003,SORAFENIB,ZR751,-2.696004205,1,0
16887,MRK-003,SUNITINIB,A2058,16.21105834,0,1
16890,MRK-003,SUNITINIB,A427,14.93959666,0,1
16892,MRK-003,SUNITINIB,COLO320DM,10.6342463,0,1
16895,MRK-003,SUNITINIB,ES2,-1.814823472,0,0
16897,MRK-003,SUNITINIB,HT144,10.35511467,0,1
16898,MRK-003,SUNITINIB,HT29,20.03976045,0,1
16900,MRK-003,SUNITINIB,LNCAP,-10.25000138,0,0
16901,MRK-003,SUNITINIB,LOVO,16.08251237,0,1
16904,MRK-003,SUNITINIB,NCIH1650,13.31773076,0,1
16905,MRK-003,SUNITINIB,NCIH2122,12.7369657,0,1
16907,MRK-003,SUNITINIB,NCIH460,-1.600910114,0,0
16908,MRK-003,SUNITINIB,NCIH520,19.96661798,0,1
16911,MRK-003,SUNITINIB,OVCAR3,12.01720125,0,1
16912,MRK-003,SUNITINIB,PA1,24.0238088,0,1
16913,MRK-003,SUNITINIB,RKO,-2.623662474,0,0
16915,MRK-003,SUNITINIB,SKMEL30,17.32324197,0,1
16917,MRK-003,SUNITINIB,SKOV3,12.47957045,0,1
16919,MRK-003,SUNITINIB,SW837,-4.9816586,0,0
16920,MRK-003,SUNITINIB,T47D,21.25627648,0,1
16921,MRK-003,SUNITINIB,UACC62,11.12819512,0,1
16924,MRK-003,SUNITINIB,VCAP,10.71520901,0,1
16925,MRK-003,SUNITINIB,ZR751,-1.882474017,0,0
16926,MRK-003,TEMOZOLOMIDE,A2058,18.43831422,0,1
16928,MRK-003,TEMOZOLOMIDE,A375,11.33782159,0,1
16929,MRK-003,TEMOZOLOMIDE,A427,29.35626525,0,1
16933,MRK-003,TEMOZOLOMIDE,EFM192B,-26.00954257,0,0
16935,MRK-003,TEMOZOLOMIDE,HCT116,-3.070156827,0,0
16936,MRK-003,TEMOZOLOMIDE,HT144,-13.70181069,0,0
16937,MRK-003,TEMOZOLOMIDE,HT29,11.92843728,0,1
16938,MRK-003,TEMOZOLOMIDE,KPL1,-7.452720459,0,0
16939,MRK-003,TEMOZOLOMIDE,LNCAP,-1.097172133,0,0
16940,MRK-003,TEMOZOLOMIDE,LOVO,-8.392284233,0,0
16942,MRK-003,TEMOZOLOMIDE,MSTO,-6.584405567,0,0
16943,MRK-003,TEMOZOLOMIDE,NCIH1650,-17.82780988,0,0
16944,MRK-003,TEMOZOLOMIDE,NCIH2122,-6.548105514,0,0
16945,MRK-003,TEMOZOLOMIDE,NCIH23,-4.992054381,0,0
16946,MRK-003,TEMOZOLOMIDE,NCIH460,-16.09786255,0,0
16947,MRK-003,TEMOZOLOMIDE,NCIH520,-1.206547234,0,0
16948,MRK-003,TEMOZOLOMIDE,OCUBM,-11.45039439,0,0
16949,MRK-003,TEMOZOLOMIDE,OV90,-1.609629737,0,0
16951,MRK-003,TEMOZOLOMIDE,PA1,24.48453013,0,1
16952,MRK-003,TEMOZOLOMIDE,RKO,-2.830459765,0,0
16953,MRK-003,TEMOZOLOMIDE,RPMI7951,29.19431262,0,1
16954,MRK-003,TEMOZOLOMIDE,SKMEL30,22.10286153,0,1
16956,MRK-003,TEMOZOLOMIDE,SKOV3,-1.124527079,0,0
16958,MRK-003,TEMOZOLOMIDE,SW837,-25.92718364,0,0
16959,MRK-003,TEMOZOLOMIDE,T47D,-42.30758766,0,0
16961,MRK-003,TEMOZOLOMIDE,UWB1289,-3.401227683,0,0
16963,MRK-003,TEMOZOLOMIDE,VCAP,-0.106369466,0,0
16964,MRK-003,TEMOZOLOMIDE,ZR751,-68.69003565,0,0
16965,MRK-003,TOPOTECAN,A2058,26.47796045,2,1
16966,MRK-003,TOPOTECAN,A2780,11.35200855,2,1
16967,MRK-003,TOPOTECAN,A375,13.23153591,2,1
16969,MRK-003,TOPOTECAN,CAOV3,14.92114177,2,1
16970,MRK-003,TOPOTECAN,COLO320DM,20.3955861,2,1
16971,MRK-003,TOPOTECAN,DLD1,11.84519948,2,1
16972,MRK-003,TOPOTECAN,EFM192B,18.60282211,2,1
16973,MRK-003,TOPOTECAN,ES2,30.6828376,2,1
16974,MRK-003,TOPOTECAN,HCT116,19.38246843,2,1
16975,MRK-003,TOPOTECAN,HT144,12.66038392,2,1
16977,MRK-003,TOPOTECAN,KPL1,23.39061211,2,1
16978,MRK-003,TOPOTECAN,LNCAP,-122.98712,2,0
16979,MRK-003,TOPOTECAN,LOVO,17.23381645,2,1
16980,MRK-003,TOPOTECAN,MDAMB436,14.55674798,2,1
16981,MRK-003,TOPOTECAN,MSTO,22.79491501,2,1
16982,MRK-003,TOPOTECAN,NCIH1650,22.58570349,2,1
16984,MRK-003,TOPOTECAN,NCIH23,49.94887065,2,1
16985,MRK-003,TOPOTECAN,NCIH460,10.72911226,2,1
16986,MRK-003,TOPOTECAN,NCIH520,17.39521623,2,1
16987,MRK-003,TOPOTECAN,OCUBM,-7.15353347,2,0
16988,MRK-003,TOPOTECAN,OV90,17.88800358,2,1
16989,MRK-003,TOPOTECAN,OVCAR3,-0.815076575,2,0
16991,MRK-003,TOPOTECAN,RKO,10.54815325,2,1
16992,MRK-003,TOPOTECAN,RPMI7951,18.3816088,2,1
16993,MRK-003,TOPOTECAN,SKMEL30,27.23327901,2,1
16994,MRK-003,TOPOTECAN,SKMES1,50.44560899,2,1
16995,MRK-003,TOPOTECAN,SKOV3,50.65086449,2,1
16996,MRK-003,TOPOTECAN,SW620,20.58261433,2,1
17000,MRK-003,TOPOTECAN,UWB1289,11.85789402,2,1
17001,MRK-003,TOPOTECAN,UWB1289BRCA1,26.91171806,2,1
17002,MRK-003,TOPOTECAN,VCAP,33.14463431,2,1
17004,MRK-003,VINBLASTINE,A2058,36.64266347,1,1
17006,MRK-003,VINBLASTINE,A375,27.70866677,1,1
17007,MRK-003,VINBLASTINE,A427,12.45245807,1,1
17008,MRK-003,VINBLASTINE,CAOV3,-0.284479605,1,0
17009,MRK-003,VINBLASTINE,COLO320DM,12.84122749,1,1
17010,MRK-003,VINBLASTINE,DLD1,17.55455019,1,1
17012,MRK-003,VINBLASTINE,ES2,32.68022609,1,1
17013,MRK-003,VINBLASTINE,HCT116,13.86034805,1,1
17014,MRK-003,VINBLASTINE,HT144,39.89326817,1,1
17015,MRK-003,VINBLASTINE,HT29,-4.007458425,1,0
17016,MRK-003,VINBLASTINE,KPL1,29.13103182,1,1
17017,MRK-003,VINBLASTINE,LNCAP,25.61837278,1,1
17018,MRK-003,VINBLASTINE,LOVO,23.97481204,1,1
17019,MRK-003,VINBLASTINE,MDAMB436,33.22404851,1,1
17021,MRK-003,VINBLASTINE,NCIH1650,19.73890369,1,1
17022,MRK-003,VINBLASTINE,NCIH2122,33.39389702,1,1
17024,MRK-003,VINBLASTINE,NCIH460,23.83023938,1,1
17025,MRK-003,VINBLASTINE,NCIH520,17.95434554,1,1
17026,MRK-003,VINBLASTINE,OCUBM,42.86250174,1,1
17027,MRK-003,VINBLASTINE,OV90,17.00813114,1,1
17028,MRK-003,VINBLASTINE,OVCAR3,36.0404414,1,1
17030,MRK-003,VINBLASTINE,RKO,42.79292458,1,1
17031,MRK-003,VINBLASTINE,RPMI7951,29.74867706,1,1
17032,MRK-003,VINBLASTINE,SKMEL30,28.69396325,1,1
17033,MRK-003,VINBLASTINE,SKMES1,34.92466259,1,1
17034,MRK-003,VINBLASTINE,SKOV3,60.51595805,1,1
17035,MRK-003,VINBLASTINE,SW620,23.57300303,1,1
17036,MRK-003,VINBLASTINE,SW837,29.72188792,1,1
17038,MRK-003,VINBLASTINE,UACC62,36.74187807,1,1
17040,MRK-003,VINBLASTINE,UWB1289BRCA1,15.29091379,1,1
17041,MRK-003,VINBLASTINE,VCAP,80.77168358,1,1
17042,MRK-003,VINBLASTINE,ZR751,-2.903536471,1,0
17044,MRK-003,VINORELBINE,A2780,-9.904476842,2,0
17045,MRK-003,VINORELBINE,A375,35.52639689,2,1
17046,MRK-003,VINORELBINE,A427,-10.03551187,2,0
17047,MRK-003,VINORELBINE,CAOV3,-24.19881491,2,0
17048,MRK-003,VINORELBINE,COLO320DM,19.54510212,2,1
17050,MRK-003,VINORELBINE,EFM192B,-17.35601816,2,0
17051,MRK-003,VINORELBINE,ES2,18.95884468,2,1
17052,MRK-003,VINORELBINE,HCT116,-13.91778017,2,0
17053,MRK-003,VINORELBINE,HT144,16.92441457,2,1
17054,MRK-003,VINORELBINE,HT29,-17.43154058,2,0
17056,MRK-003,VINORELBINE,LNCAP,-1.33244645,2,0
17057,MRK-003,VINORELBINE,LOVO,16.07858794,2,1
17058,MRK-003,VINORELBINE,MDAMB436,-0.235570831,2,0
17059,MRK-003,VINORELBINE,MSTO,-6.832336909,2,0
17061,MRK-003,VINORELBINE,NCIH2122,-22.65555036,2,0
17063,MRK-003,VINORELBINE,NCIH460,11.09785889,2,1
17065,MRK-003,VINORELBINE,OCUBM,-18.25545101,2,0
17066,MRK-003,VINORELBINE,OV90,36.76331763,2,1
17067,MRK-003,VINORELBINE,OVCAR3,-16.80002371,2,0
17068,MRK-003,VINORELBINE,PA1,-9.525050801,2,0
17069,MRK-003,VINORELBINE,RKO,-20.27390524,2,0
17071,MRK-003,VINORELBINE,SKMEL30,15.99043671,2,1
17072,MRK-003,VINORELBINE,SKMES1,19.67980769,2,1
17073,MRK-003,VINORELBINE,SKOV3,22.22349356,2,1
17078,MRK-003,VINORELBINE,UWB1289,-8.448483729,2,0
17079,MRK-003,VINORELBINE,UWB1289BRCA1,-8.362409428,2,0
17080,MRK-003,VINORELBINE,VCAP,-11.29668194,2,0
17081,MRK-003,VINORELBINE,ZR751,-15.26867252,2,0
17082,MRK-003,ZOLINZA,A2058,-0.587080465,0,0
17083,MRK-003,ZOLINZA,A2780,-0.952682516,0,0
17085,MRK-003,ZOLINZA,A427,-26.1766223,0,0
17086,MRK-003,ZOLINZA,CAOV3,23.57929102,0,1
17087,MRK-003,ZOLINZA,COLO320DM,13.04141945,0,1
17090,MRK-003,ZOLINZA,ES2,-3.921618485,0,0
17091,MRK-003,ZOLINZA,HCT116,-2.640232672,0,0
17094,MRK-003,ZOLINZA,KPL1,-2.071468364,0,0
17095,MRK-003,ZOLINZA,LNCAP,19.88920125,0,1
17098,MRK-003,ZOLINZA,MSTO,-3.53985058,0,0
17100,MRK-003,ZOLINZA,NCIH2122,11.90916329,0,1
17101,MRK-003,ZOLINZA,NCIH23,-5.45439378,0,0
17102,MRK-003,ZOLINZA,NCIH460,-1.315581625,0,0
17103,MRK-003,ZOLINZA,NCIH520,-6.444170588,0,0
17104,MRK-003,ZOLINZA,OCUBM,-7.240328797,0,0
17106,MRK-003,ZOLINZA,OVCAR3,30.10754368,0,1
17109,MRK-003,ZOLINZA,RPMI7951,19.34337066,0,1
17110,MRK-003,ZOLINZA,SKMEL30,-1.16227763,0,0
17111,MRK-003,ZOLINZA,SKMES1,12.23780816,0,1
17112,MRK-003,ZOLINZA,SKOV3,31.10171948,0,1
17114,MRK-003,ZOLINZA,SW837,10.41033621,0,1
17115,MRK-003,ZOLINZA,T47D,16.27455598,0,1
17117,MRK-003,ZOLINZA,UWB1289,-0.906143684,0,0
17119,MRK-003,ZOLINZA,VCAP,31.14318797,0,1
17120,MRK-003,ZOLINZA,ZR751,-16.57586756,0,0
17121,OXALIPLATIN,DINACICLIB,A2058,-3.458463492,3,0
17122,OXALIPLATIN,DINACICLIB,A2780,-9.995560461,3,0
17123,OXALIPLATIN,DINACICLIB,A375,-12.04884023,3,0
17124,OXALIPLATIN,DINACICLIB,A427,-10.21129288,3,0
17125,OXALIPLATIN,DINACICLIB,CAOV3,-21.10970822,3,0
17127,OXALIPLATIN,DINACICLIB,DLD1,-10.26511007,3,0
17128,OXALIPLATIN,DINACICLIB,EFM192B,-13.41711199,3,0
17130,OXALIPLATIN,DINACICLIB,HCT116,-5.083338695,3,0
17131,OXALIPLATIN,DINACICLIB,HT144,-6.188499423,3,0
17132,OXALIPLATIN,DINACICLIB,HT29,-3.9093105,3,0
17134,OXALIPLATIN,DINACICLIB,LNCAP,-6.651065026,3,0
17135,OXALIPLATIN,DINACICLIB,LOVO,-19.22260651,3,0
17136,OXALIPLATIN,DINACICLIB,MDAMB436,-6.266165075,3,0
17137,OXALIPLATIN,DINACICLIB,MSTO,-15.3596008,3,0
17138,OXALIPLATIN,DINACICLIB,NCIH1650,-12.60942501,3,0
17140,OXALIPLATIN,DINACICLIB,NCIH23,-21.34586637,3,0
17141,OXALIPLATIN,DINACICLIB,NCIH460,-19.09815546,3,0
17142,OXALIPLATIN,DINACICLIB,NCIH520,-7.260951851,3,0
17144,OXALIPLATIN,DINACICLIB,OV90,-10.75410285,3,0
17145,OXALIPLATIN,DINACICLIB,OVCAR3,-4.736769456,3,0
17146,OXALIPLATIN,DINACICLIB,PA1,-12.510747,3,0
17147,OXALIPLATIN,DINACICLIB,RKO,11.80700737,3,1
17148,OXALIPLATIN,DINACICLIB,RPMI7951,-8.990085125,3,0
17150,OXALIPLATIN,DINACICLIB,SKMES1,-7.247399673,3,0
17151,OXALIPLATIN,DINACICLIB,SKOV3,-20.23507408,3,0
17152,OXALIPLATIN,DINACICLIB,SW620,-8.450351792,3,0
17153,OXALIPLATIN,DINACICLIB,SW837,-21.08617999,3,0
17154,OXALIPLATIN,DINACICLIB,T47D,14.06177303,3,1
17156,OXALIPLATIN,DINACICLIB,UWB1289,-8.18199221,3,0
17157,OXALIPLATIN,DINACICLIB,UWB1289BRCA1,-8.986474297,3,0
17158,OXALIPLATIN,DINACICLIB,VCAP,-5.635040056,3,0
17159,OXALIPLATIN,DINACICLIB,ZR751,-26.71087311,3,0
17160,OXALIPLATIN,MK-8776,A2058,18.81560365,4,1
17162,OXALIPLATIN,MK-8776,A375,19.420234,4,1
17164,OXALIPLATIN,MK-8776,CAOV3,24.27650683,4,1
17165,OXALIPLATIN,MK-8776,COLO320DM,10.06890697,4,1
17166,OXALIPLATIN,MK-8776,DLD1,-1.716511903,4,0
17168,OXALIPLATIN,MK-8776,ES2,-5.602184464,4,0
17169,OXALIPLATIN,MK-8776,HCT116,19.16960665,4,1
17171,OXALIPLATIN,MK-8776,HT29,10.56844372,4,1
17172,OXALIPLATIN,MK-8776,KPL1,10.05617311,4,1
17176,OXALIPLATIN,MK-8776,MSTO,-26.23575655,4,0
17177,OXALIPLATIN,MK-8776,NCIH1650,10.63216158,4,1
17178,OXALIPLATIN,MK-8776,NCIH2122,-9.113545066,4,0
17179,OXALIPLATIN,MK-8776,NCIH23,-1.663241461,4,0
17180,OXALIPLATIN,MK-8776,NCIH460,-11.0891712,4,0
17182,OXALIPLATIN,MK-8776,OCUBM,38.03655741,4,1
17183,OXALIPLATIN,MK-8776,OV90,-11.11732225,4,0
17184,OXALIPLATIN,MK-8776,OVCAR3,16.99184154,4,1
17185,OXALIPLATIN,MK-8776,PA1,-23.79138569,4,0
17188,OXALIPLATIN,MK-8776,SKMEL30,25.20458843,4,1
17189,OXALIPLATIN,MK-8776,SKMES1,-7.814118585,4,0
17190,OXALIPLATIN,MK-8776,SKOV3,11.3474121,4,1
17191,OXALIPLATIN,MK-8776,SW620,-3.860670818,4,0
17192,OXALIPLATIN,MK-8776,SW837,-13.43017929,4,0
17193,OXALIPLATIN,MK-8776,T47D,16.83097861,4,1
17194,OXALIPLATIN,MK-8776,UACC62,-1.754512186,4,0
17195,OXALIPLATIN,MK-8776,UWB1289,-4.36549813,4,0
17196,OXALIPLATIN,MK-8776,UWB1289BRCA1,-11.42100965,4,0
17197,OXALIPLATIN,MK-8776,VCAP,12.17978081,4,1
17198,OXALIPLATIN,MK-8776,ZR751,-13.28791287,4,0
17199,OXALIPLATIN,SORAFENIB,A2058,-9.441001633,4,0
17200,OXALIPLATIN,SORAFENIB,A2780,-8.533011335,4,0
17201,OXALIPLATIN,SORAFENIB,A375,-11.91348074,4,0
17203,OXALIPLATIN,SORAFENIB,CAOV3,-32.25085599,4,0
17204,OXALIPLATIN,SORAFENIB,COLO320DM,-0.950084902,4,0
17205,OXALIPLATIN,SORAFENIB,DLD1,-0.501682994,4,0
17206,OXALIPLATIN,SORAFENIB,EFM192B,-20.07339267,4,0
17207,OXALIPLATIN,SORAFENIB,ES2,-10.37285303,4,0
17208,OXALIPLATIN,SORAFENIB,HCT116,-7.68047831,4,0
17209,OXALIPLATIN,SORAFENIB,HT144,-6.059305622,4,0
17210,OXALIPLATIN,SORAFENIB,HT29,-7.007454416,4,0
17211,OXALIPLATIN,SORAFENIB,KPL1,-0.389367194,4,0
17212,OXALIPLATIN,SORAFENIB,LNCAP,-10.83009361,4,0
17213,OXALIPLATIN,SORAFENIB,LOVO,-25.00545046,4,0
17214,OXALIPLATIN,SORAFENIB,MDAMB436,-19.47629769,4,0
17215,OXALIPLATIN,SORAFENIB,MSTO,-9.052521103,4,0
17216,OXALIPLATIN,SORAFENIB,NCIH1650,-13.58384506,4,0
17217,OXALIPLATIN,SORAFENIB,NCIH2122,-8.984288102,4,0
17218,OXALIPLATIN,SORAFENIB,NCIH23,-18.10014381,4,0
17219,OXALIPLATIN,SORAFENIB,NCIH460,-19.37057839,4,0
17220,OXALIPLATIN,SORAFENIB,NCIH520,-2.544461423,4,0
17221,OXALIPLATIN,SORAFENIB,OCUBM,-3.273753455,4,0
17222,OXALIPLATIN,SORAFENIB,OV90,-10.26134953,4,0
17223,OXALIPLATIN,SORAFENIB,OVCAR3,-29.09520828,4,0
17224,OXALIPLATIN,SORAFENIB,PA1,-9.485756505,4,0
17225,OXALIPLATIN,SORAFENIB,RKO,-10.77261563,4,0
17226,OXALIPLATIN,SORAFENIB,RPMI7951,-23.85590248,4,0
17227,OXALIPLATIN,SORAFENIB,SKMEL30,-4.153849271,4,0
17228,OXALIPLATIN,SORAFENIB,SKMES1,-1.614444268,4,0
17230,OXALIPLATIN,SORAFENIB,SW620,-7.630457944,4,0
17231,OXALIPLATIN,SORAFENIB,SW837,-6.162160333,4,0
17232,OXALIPLATIN,SORAFENIB,T47D,-2.199542126,4,0
17233,OXALIPLATIN,SORAFENIB,UACC62,-14.18030601,4,0
17235,OXALIPLATIN,SORAFENIB,UWB1289BRCA1,-3.584503132,4,0
17236,OXALIPLATIN,SORAFENIB,VCAP,-10.30358434,4,0
17237,OXALIPLATIN,SORAFENIB,ZR751,-25.79401481,4,0
17238,PACLITAXEL,ABT-888,A2058,-4.810944876,0,0
17239,PACLITAXEL,ABT-888,A2780,-4.338118873,0,0
17240,PACLITAXEL,ABT-888,A375,13.0696271,0,1
17242,PACLITAXEL,ABT-888,CAOV3,-6.067417576,0,0
17243,PACLITAXEL,ABT-888,COLO320DM,10.5408479,0,1
17245,PACLITAXEL,ABT-888,EFM192B,-22.91889904,0,0
17247,PACLITAXEL,ABT-888,HCT116,-9.203301532,0,0
17249,PACLITAXEL,ABT-888,HT29,-6.594579321,0,0
17251,PACLITAXEL,ABT-888,LNCAP,-14.87925873,0,0
17252,PACLITAXEL,ABT-888,LOVO,-2.10631869,0,0
17253,PACLITAXEL,ABT-888,MDAMB436,12.42912312,0,1
17254,PACLITAXEL,ABT-888,MSTO,18.26471868,0,1
17255,PACLITAXEL,ABT-888,NCIH1650,-7.760612649,0,0
17256,PACLITAXEL,ABT-888,NCIH2122,-171.0483071,0,0
17257,PACLITAXEL,ABT-888,NCIH23,-10.74498217,0,0
17258,PACLITAXEL,ABT-888,NCIH460,13.52971607,0,1
17259,PACLITAXEL,ABT-888,NCIH520,-0.03081072,0,0
17260,PACLITAXEL,ABT-888,OCUBM,-0.138660239,0,0
17261,PACLITAXEL,ABT-888,OV90,-3.115402586,0,0
17262,PACLITAXEL,ABT-888,OVCAR3,-13.10064571,0,0
17263,PACLITAXEL,ABT-888,PA1,12.07049783,0,1
17264,PACLITAXEL,ABT-888,RKO,-0.988275749,0,0
17267,PACLITAXEL,ABT-888,SKMES1,19.40073317,0,1
17268,PACLITAXEL,ABT-888,SKOV3,-0.505484128,0,0
17270,PACLITAXEL,ABT-888,SW837,-20.96178892,0,0
17271,PACLITAXEL,ABT-888,T47D,-3.017011289,0,0
17273,PACLITAXEL,ABT-888,UWB1289,-14.80091613,0,0
17277,PACLITAXEL,AZD1775,A2058,-10.30531376,4,0
17278,PACLITAXEL,AZD1775,A2780,-2.479274198,4,0
17279,PACLITAXEL,AZD1775,A375,15.26029486,4,1
17280,PACLITAXEL,AZD1775,A427,-4.286854492,4,0
17287,PACLITAXEL,AZD1775,HT144,28.69024646,4,1
17291,PACLITAXEL,AZD1775,LOVO,10.22566745,4,1
17295,PACLITAXEL,AZD1775,NCIH2122,-19.27158122,4,0
17296,PACLITAXEL,AZD1775,NCIH23,-3.249016354,4,0
17299,PACLITAXEL,AZD1775,OCUBM,-3.791716357,4,0
17300,PACLITAXEL,AZD1775,OV90,-6.260132692,4,0
17301,PACLITAXEL,AZD1775,OVCAR3,-2.955382534,4,0
17303,PACLITAXEL,AZD1775,RKO,-2.632288254,4,0
17305,PACLITAXEL,AZD1775,SKMEL30,16.135111,4,1
17306,PACLITAXEL,AZD1775,SKMES1,10.77229867,4,1
17307,PACLITAXEL,AZD1775,SKOV3,24.58481147,4,1
17310,PACLITAXEL,AZD1775,T47D,-22.91511908,4,0
17311,PACLITAXEL,AZD1775,UACC62,10.98619683,4,1
17312,PACLITAXEL,AZD1775,UWB1289,65.75636834,4,1
17315,PACLITAXEL,AZD1775,ZR751,15.91445562,4,1
17316,PACLITAXEL,BEZ-235,A2058,-5.00733607,3,0
17317,PACLITAXEL,BEZ-235,A2780,-3.856258719,3,0
17318,PACLITAXEL,BEZ-235,A375,25.47613005,3,1
17320,PACLITAXEL,BEZ-235,CAOV3,-15.28519987,3,0
17321,PACLITAXEL,BEZ-235,COLO320DM,21.18543497,3,1
17322,PACLITAXEL,BEZ-235,DLD1,17.76669248,3,1
17323,PACLITAXEL,BEZ-235,EFM192B,-30.76038345,3,0
17325,PACLITAXEL,BEZ-235,HCT116,-6.133082498,3,0
17326,PACLITAXEL,BEZ-235,HT144,27.10803313,3,1
17328,PACLITAXEL,BEZ-235,KPL1,25.12688316,3,1
17329,PACLITAXEL,BEZ-235,LNCAP,40.7314284,3,1
17330,PACLITAXEL,BEZ-235,LOVO,-0.172008744,3,0
17331,PACLITAXEL,BEZ-235,MDAMB436,10.30845318,3,1
17332,PACLITAXEL,BEZ-235,MSTO,39.96072878,3,1
17334,PACLITAXEL,BEZ-235,NCIH2122,-281.4366679,3,0
17335,PACLITAXEL,BEZ-235,NCIH23,-12.35477142,3,0
17336,PACLITAXEL,BEZ-235,NCIH460,34.60596163,3,1
17337,PACLITAXEL,BEZ-235,NCIH520,10.35604382,3,1
17338,PACLITAXEL,BEZ-235,OCUBM,-5.602027013,3,0
17339,PACLITAXEL,BEZ-235,OV90,21.62314144,3,1
17340,PACLITAXEL,BEZ-235,OVCAR3,-20.24951535,3,0
17341,PACLITAXEL,BEZ-235,PA1,-7.480270252,3,0
17342,PACLITAXEL,BEZ-235,RKO,16.27800184,3,1
17343,PACLITAXEL,BEZ-235,RPMI7951,-2.719317978,3,0
17344,PACLITAXEL,BEZ-235,SKMEL30,16.35895278,3,1
17345,PACLITAXEL,BEZ-235,SKMES1,27.89025798,3,1
17346,PACLITAXEL,BEZ-235,SKOV3,14.93668007,3,1
17349,PACLITAXEL,BEZ-235,T47D,97.80849248,3,1
17350,PACLITAXEL,BEZ-235,UACC62,12.94706682,3,1
17351,PACLITAXEL,BEZ-235,UWB1289,-29.08701081,3,0
17354,PACLITAXEL,BEZ-235,ZR751,24.23366264,3,1
17355,PACLITAXEL,BORTEZOMIB,A2058,-19.12439888,4,0
17356,PACLITAXEL,BORTEZOMIB,A2780,-31.73348789,4,0
17357,PACLITAXEL,BORTEZOMIB,A375,-18.5657402,4,0
17358,PACLITAXEL,BORTEZOMIB,A427,-16.96281168,4,0
17359,PACLITAXEL,BORTEZOMIB,CAOV3,-22.40206064,4,0
17360,PACLITAXEL,BORTEZOMIB,COLO320DM,-11.19485934,4,0
17362,PACLITAXEL,BORTEZOMIB,EFM192B,-68.68915244,4,0
17363,PACLITAXEL,BORTEZOMIB,ES2,-30.35084289,4,0
17364,PACLITAXEL,BORTEZOMIB,HCT116,-18.23971369,4,0
17365,PACLITAXEL,BORTEZOMIB,HT144,-9.027209618,4,0
17366,PACLITAXEL,BORTEZOMIB,HT29,-44.45185179,4,0
17367,PACLITAXEL,BORTEZOMIB,KPL1,-10.13717282,4,0
17368,PACLITAXEL,BORTEZOMIB,LNCAP,-30.23837884,4,0
17370,PACLITAXEL,BORTEZOMIB,MDAMB436,-7.710543692,4,0
17371,PACLITAXEL,BORTEZOMIB,MSTO,68.85996267,4,1
17372,PACLITAXEL,BORTEZOMIB,NCIH1650,-32.16598917,4,0
17373,PACLITAXEL,BORTEZOMIB,NCIH2122,-307.0262696,4,0
17374,PACLITAXEL,BORTEZOMIB,NCIH23,-20.10145532,4,0
17375,PACLITAXEL,BORTEZOMIB,NCIH460,-20.01722888,4,0
17376,PACLITAXEL,BORTEZOMIB,NCIH520,-41.85144862,4,0
17377,PACLITAXEL,BORTEZOMIB,OCUBM,-18.934773,4,0
17378,PACLITAXEL,BORTEZOMIB,OV90,-8.81549371,4,0
17379,PACLITAXEL,BORTEZOMIB,OVCAR3,-27.85598715,4,0
17380,PACLITAXEL,BORTEZOMIB,PA1,-27.67985164,4,0
17381,PACLITAXEL,BORTEZOMIB,RKO,-13.90877605,4,0
17382,PACLITAXEL,BORTEZOMIB,RPMI7951,-10.50526892,4,0
17383,PACLITAXEL,BORTEZOMIB,SKMEL30,-3.429118054,4,0
17384,PACLITAXEL,BORTEZOMIB,SKMES1,-23.03106799,4,0
17385,PACLITAXEL,BORTEZOMIB,SKOV3,-6.7563489,4,0
17387,PACLITAXEL,BORTEZOMIB,SW837,-12.11169183,4,0
17388,PACLITAXEL,BORTEZOMIB,T47D,-21.07086289,4,0
17389,PACLITAXEL,BORTEZOMIB,UACC62,-18.64682683,4,0
17390,PACLITAXEL,BORTEZOMIB,UWB1289,-46.67991242,4,0
17391,PACLITAXEL,BORTEZOMIB,UWB1289BRCA1,-13.65266855,4,0
17392,PACLITAXEL,BORTEZOMIB,VCAP,-28.49151811,4,0
17393,PACLITAXEL,BORTEZOMIB,ZR751,-13.71700451,4,0
17394,PACLITAXEL,DASATINIB,A2058,28.72586162,0,1
17395,PACLITAXEL,DASATINIB,A2780,56.06199471,0,1
17396,PACLITAXEL,DASATINIB,A375,39.52376322,0,1
17397,PACLITAXEL,DASATINIB,A427,34.8923173,0,1
17398,PACLITAXEL,DASATINIB,CAOV3,15.97673298,0,1
17399,PACLITAXEL,DASATINIB,COLO320DM,10.12497264,0,1
17400,PACLITAXEL,DASATINIB,DLD1,29.37726403,0,1
17401,PACLITAXEL,DASATINIB,EFM192B,15.51012601,0,1
17402,PACLITAXEL,DASATINIB,ES2,29.61136337,0,1
17404,PACLITAXEL,DASATINIB,HT144,-1.905618141,0,0
17405,PACLITAXEL,DASATINIB,HT29,35.03273845,0,1
17406,PACLITAXEL,DASATINIB,KPL1,19.71262694,0,1
17408,PACLITAXEL,DASATINIB,LOVO,51.96863126,0,1
17409,PACLITAXEL,DASATINIB,MDAMB436,41.58936527,0,1
17410,PACLITAXEL,DASATINIB,MSTO,107.1762971,0,1
17411,PACLITAXEL,DASATINIB,NCIH1650,55.00265639,0,1
17412,PACLITAXEL,DASATINIB,NCIH2122,-50.43997571,0,0
17414,PACLITAXEL,DASATINIB,NCIH460,33.77257613,0,1
17415,PACLITAXEL,DASATINIB,NCIH520,57.07361604,0,1
17416,PACLITAXEL,DASATINIB,OCUBM,-14.82399659,0,0
17417,PACLITAXEL,DASATINIB,OV90,37.63341951,0,1
17418,PACLITAXEL,DASATINIB,OVCAR3,40.32315254,0,1
17420,PACLITAXEL,DASATINIB,RKO,17.85513665,0,1
17421,PACLITAXEL,DASATINIB,RPMI7951,18.50645983,0,1
17422,PACLITAXEL,DASATINIB,SKMEL30,-10.42607125,0,0
17423,PACLITAXEL,DASATINIB,SKMES1,34.54764627,0,1
17424,PACLITAXEL,DASATINIB,SKOV3,39.52557668,0,1
17425,PACLITAXEL,DASATINIB,SW620,42.79281166,0,1
17426,PACLITAXEL,DASATINIB,SW837,26.46290586,0,1
17427,PACLITAXEL,DASATINIB,T47D,41.79292062,0,1
17428,PACLITAXEL,DASATINIB,UACC62,10.52375984,0,1
17430,PACLITAXEL,DASATINIB,UWB1289BRCA1,13.65735472,0,1
17431,PACLITAXEL,DASATINIB,VCAP,34.23515496,0,1
17432,PACLITAXEL,DASATINIB,ZR751,27.25068961,0,1
17433,PACLITAXEL,DINACICLIB,A2058,-18.69197124,4,0
17434,PACLITAXEL,DINACICLIB,A2780,-10.8670822,4,0
17435,PACLITAXEL,DINACICLIB,A375,12.90859222,4,1
17437,PACLITAXEL,DINACICLIB,CAOV3,-15.79317009,4,0
17438,PACLITAXEL,DINACICLIB,COLO320DM,14.10027048,4,1
17442,PACLITAXEL,DINACICLIB,HCT116,-18.4163491,4,0
17443,PACLITAXEL,DINACICLIB,HT144,14.59979742,4,1
17444,PACLITAXEL,DINACICLIB,HT29,-6.277740386,4,0
17446,PACLITAXEL,DINACICLIB,LNCAP,-25.67176673,4,0
17447,PACLITAXEL,DINACICLIB,LOVO,-5.761763953,4,0
17448,PACLITAXEL,DINACICLIB,MDAMB436,-5.199765932,4,0
17450,PACLITAXEL,DINACICLIB,NCIH1650,-6.334285366,4,0
17451,PACLITAXEL,DINACICLIB,NCIH2122,-15.97456459,4,0
17452,PACLITAXEL,DINACICLIB,NCIH23,-16.90000215,4,0
17454,PACLITAXEL,DINACICLIB,NCIH520,-15.5305062,4,0
17455,PACLITAXEL,DINACICLIB,OCUBM,-7.768051458,4,0
17456,PACLITAXEL,DINACICLIB,OV90,12.23848836,4,1
17457,PACLITAXEL,DINACICLIB,OVCAR3,-20.65752258,4,0
17458,PACLITAXEL,DINACICLIB,PA1,-10.05803624,4,0
17459,PACLITAXEL,DINACICLIB,RKO,18.75009534,4,1
17460,PACLITAXEL,DINACICLIB,RPMI7951,-4.051471824,4,0
17461,PACLITAXEL,DINACICLIB,SKMEL30,12.58519773,4,1
17462,PACLITAXEL,DINACICLIB,SKMES1,-2.279912161,4,0
17463,PACLITAXEL,DINACICLIB,SKOV3,-18.0524935,4,0
17464,PACLITAXEL,DINACICLIB,SW620,-2.353123917,4,0
17465,PACLITAXEL,DINACICLIB,SW837,-18.15651295,4,0
17466,PACLITAXEL,DINACICLIB,T47D,-45.76200708,4,0
17468,PACLITAXEL,DINACICLIB,UWB1289,-20.1615726,4,0
17469,PACLITAXEL,DINACICLIB,UWB1289BRCA1,-5.306912559,4,0
17470,PACLITAXEL,DINACICLIB,VCAP,-9.079856128,4,0
17471,PACLITAXEL,DINACICLIB,ZR751,-18.18549828,4,0
17472,PACLITAXEL,ERLOTINIB,A2058,-12.62933099,4,0
17473,PACLITAXEL,ERLOTINIB,A2780,-8.948449138,4,0
17474,PACLITAXEL,ERLOTINIB,A375,67.02038632,4,1
17476,PACLITAXEL,ERLOTINIB,CAOV3,10.10315663,4,1
17477,PACLITAXEL,ERLOTINIB,COLO320DM,15.77538688,4,1
17478,PACLITAXEL,ERLOTINIB,DLD1,28.37009055,4,1
17479,PACLITAXEL,ERLOTINIB,EFM192B,-6.656996355,4,0
17480,PACLITAXEL,ERLOTINIB,ES2,35.89332877,4,1
17481,PACLITAXEL,ERLOTINIB,HCT116,-15.14194861,4,0
17482,PACLITAXEL,ERLOTINIB,HT144,26.07666412,4,1
17483,PACLITAXEL,ERLOTINIB,HT29,18.70320336,4,1
17485,PACLITAXEL,ERLOTINIB,LNCAP,-45.18370568,4,0
17486,PACLITAXEL,ERLOTINIB,LOVO,29.38236,4,1
17488,PACLITAXEL,ERLOTINIB,MSTO,18.00956241,4,1
17490,PACLITAXEL,ERLOTINIB,NCIH2122,-7.334750387,4,0
17491,PACLITAXEL,ERLOTINIB,NCIH23,-1.629292482,4,0
17492,PACLITAXEL,ERLOTINIB,NCIH460,52.43475663,4,1
17494,PACLITAXEL,ERLOTINIB,OCUBM,-14.25990746,4,0
17495,PACLITAXEL,ERLOTINIB,OV90,-5.520938909,4,0
17497,PACLITAXEL,ERLOTINIB,PA1,-10.2349321,4,0
17498,PACLITAXEL,ERLOTINIB,RKO,-13.56300864,4,0
17499,PACLITAXEL,ERLOTINIB,RPMI7951,-6.085516541,4,0
17500,PACLITAXEL,ERLOTINIB,SKMEL30,12.07457154,4,1
17501,PACLITAXEL,ERLOTINIB,SKMES1,36.3564748,4,1
17502,PACLITAXEL,ERLOTINIB,SKOV3,16.5623493,4,1
17503,PACLITAXEL,ERLOTINIB,SW620,-7.241218545,4,0
17504,PACLITAXEL,ERLOTINIB,SW837,11.59348624,4,1
17505,PACLITAXEL,ERLOTINIB,T47D,-31.32509433,4,0
17506,PACLITAXEL,ERLOTINIB,UACC62,19.39687033,4,1
17508,PACLITAXEL,ERLOTINIB,UWB1289BRCA1,18.96793406,4,1
17509,PACLITAXEL,ERLOTINIB,VCAP,11.37959046,4,1
17510,PACLITAXEL,ERLOTINIB,ZR751,32.55295347,4,1
17511,PACLITAXEL,GELDANAMYCIN,A2058,-28.98889615,2,0
17512,PACLITAXEL,GELDANAMYCIN,A2780,-16.76370882,2,0
17513,PACLITAXEL,GELDANAMYCIN,A375,-4.069916607,2,0
17515,PACLITAXEL,GELDANAMYCIN,CAOV3,-23.56422588,2,0
17517,PACLITAXEL,GELDANAMYCIN,DLD1,-10.4897384,2,0
17518,PACLITAXEL,GELDANAMYCIN,EFM192B,-83.06638019,2,0
17519,PACLITAXEL,GELDANAMYCIN,ES2,16.96384618,2,1
17520,PACLITAXEL,GELDANAMYCIN,HCT116,-9.498712098,2,0
17522,PACLITAXEL,GELDANAMYCIN,HT29,-18.23249281,2,0
17523,PACLITAXEL,GELDANAMYCIN,KPL1,-8.682290487,2,0
17524,PACLITAXEL,GELDANAMYCIN,LNCAP,-45.11150944,2,0
17525,PACLITAXEL,GELDANAMYCIN,LOVO,-17.56400238,2,0
17526,PACLITAXEL,GELDANAMYCIN,MDAMB436,19.78350746,2,1
17528,PACLITAXEL,GELDANAMYCIN,NCIH1650,-0.013939201,2,0
17529,PACLITAXEL,GELDANAMYCIN,NCIH2122,-326.4643042,2,0
17530,PACLITAXEL,GELDANAMYCIN,NCIH23,-20.03735849,2,0
17531,PACLITAXEL,GELDANAMYCIN,NCIH460,-12.75868365,2,0
17532,PACLITAXEL,GELDANAMYCIN,NCIH520,-16.9852671,2,0
17534,PACLITAXEL,GELDANAMYCIN,OV90,15.71124063,2,1
17535,PACLITAXEL,GELDANAMYCIN,OVCAR3,-45.90629918,2,0
17536,PACLITAXEL,GELDANAMYCIN,PA1,-8.717004266,2,0
17538,PACLITAXEL,GELDANAMYCIN,RPMI7951,-7.912570413,2,0
17539,PACLITAXEL,GELDANAMYCIN,SKMEL30,16.40438895,2,1
17543,PACLITAXEL,GELDANAMYCIN,SW837,-17.96433357,2,0
17544,PACLITAXEL,GELDANAMYCIN,T47D,-11.69067445,2,0
17546,PACLITAXEL,GELDANAMYCIN,UWB1289,-28.74868421,2,0
17547,PACLITAXEL,GELDANAMYCIN,UWB1289BRCA1,-14.80847154,2,0
17548,PACLITAXEL,GELDANAMYCIN,VCAP,-0.158711967,2,0
17549,PACLITAXEL,GELDANAMYCIN,ZR751,-7.610083737,2,0
17550,PACLITAXEL,L778123,A2058,17.67973739,0,1
17552,PACLITAXEL,L778123,A375,33.72371953,0,1
17553,PACLITAXEL,L778123,A427,25.37286339,0,1
17557,PACLITAXEL,L778123,EFM192B,-40.67026668,0,0
17558,PACLITAXEL,L778123,ES2,10.02534477,0,1
17559,PACLITAXEL,L778123,HCT116,-6.855289338,0,0
17560,PACLITAXEL,L778123,HT144,19.49297643,0,1
17561,PACLITAXEL,L778123,HT29,15.29017203,0,1
17562,PACLITAXEL,L778123,KPL1,-3.597659251,0,0
17563,PACLITAXEL,L778123,LNCAP,-8.328541745,0,0
17564,PACLITAXEL,L778123,LOVO,-5.088876639,0,0
17566,PACLITAXEL,L778123,MSTO,10.73169147,0,1
17568,PACLITAXEL,L778123,NCIH2122,-163.6597734,0,0
17570,PACLITAXEL,L778123,NCIH460,36.89100966,0,1
17572,PACLITAXEL,L778123,OCUBM,-3.498348246,0,0
17573,PACLITAXEL,L778123,OV90,24.54406853,0,1
17574,PACLITAXEL,L778123,OVCAR3,-18.05888148,0,0
17575,PACLITAXEL,L778123,PA1,24.02477744,0,1
17578,PACLITAXEL,L778123,SKMEL30,13.39742382,0,1
17579,PACLITAXEL,L778123,SKMES1,28.08392363,0,1
17581,PACLITAXEL,L778123,SW620,13.44661028,0,1
17583,PACLITAXEL,L778123,T47D,10.89214331,0,1
17585,PACLITAXEL,L778123,UWB1289,12.35864148,0,1
17586,PACLITAXEL,L778123,UWB1289BRCA1,14.09084918,0,1
17587,PACLITAXEL,L778123,VCAP,-6.157279806,0,0
17588,PACLITAXEL,L778123,ZR751,12.91065684,0,1
17589,PACLITAXEL,LAPATINIB,A2058,-5.178457846,1,0
17590,PACLITAXEL,LAPATINIB,A2780,-11.4533481,1,0
17591,PACLITAXEL,LAPATINIB,A375,95.35478512,1,1
17592,PACLITAXEL,LAPATINIB,A427,-7.561461391,1,0
17593,PACLITAXEL,LAPATINIB,CAOV3,13.96254531,1,1
17594,PACLITAXEL,LAPATINIB,COLO320DM,63.1730396,1,1
17595,PACLITAXEL,LAPATINIB,DLD1,64.55529078,1,1
17597,PACLITAXEL,LAPATINIB,ES2,76.10088097,1,1
17599,PACLITAXEL,LAPATINIB,HT144,33.87573085,1,1
17600,PACLITAXEL,LAPATINIB,HT29,-0.579523872,1,0
17601,PACLITAXEL,LAPATINIB,KPL1,-2.47338708,1,0
17602,PACLITAXEL,LAPATINIB,LNCAP,-28.80334665,1,0
17603,PACLITAXEL,LAPATINIB,LOVO,44.74681055,1,1
17604,PACLITAXEL,LAPATINIB,MDAMB436,14.24250563,1,1
17605,PACLITAXEL,LAPATINIB,MSTO,38.39368641,1,1
17606,PACLITAXEL,LAPATINIB,NCIH1650,10.9450659,1,1
17607,PACLITAXEL,LAPATINIB,NCIH2122,-12.54725529,1,0
17608,PACLITAXEL,LAPATINIB,NCIH23,-0.194377333,1,0
17609,PACLITAXEL,LAPATINIB,NCIH460,52.14566803,1,1
17610,PACLITAXEL,LAPATINIB,NCIH520,-5.616165995,1,0
17614,PACLITAXEL,LAPATINIB,PA1,-2.642514631,1,0
17615,PACLITAXEL,LAPATINIB,RKO,-10.5734886,1,0
17617,PACLITAXEL,LAPATINIB,SKMEL30,17.28122428,1,1
17618,PACLITAXEL,LAPATINIB,SKMES1,59.76673021,1,1
17619,PACLITAXEL,LAPATINIB,SKOV3,29.82659642,1,1
17621,PACLITAXEL,LAPATINIB,SW837,26.10793787,1,1
17622,PACLITAXEL,LAPATINIB,T47D,-3.959009215,1,0
17623,PACLITAXEL,LAPATINIB,UACC62,26.62891512,1,1
17624,PACLITAXEL,LAPATINIB,UWB1289,-9.330620405,1,0
17625,PACLITAXEL,LAPATINIB,UWB1289BRCA1,11.6584295,1,1
17626,PACLITAXEL,LAPATINIB,VCAP,22.59679142,1,1
17627,PACLITAXEL,LAPATINIB,ZR751,26.77168479,1,1
17629,PACLITAXEL,MK-2206,A2780,16.35016111,2,1
17630,PACLITAXEL,MK-2206,A375,63.81850921,2,1
17631,PACLITAXEL,MK-2206,A427,20.8169675,2,1
17632,PACLITAXEL,MK-2206,CAOV3,13.5322583,2,1
17633,PACLITAXEL,MK-2206,COLO320DM,26.84822402,2,1
17634,PACLITAXEL,MK-2206,DLD1,36.82176132,2,1
17636,PACLITAXEL,MK-2206,ES2,22.24337799,2,1
17637,PACLITAXEL,MK-2206,HCT116,19.38155229,2,1
17638,PACLITAXEL,MK-2206,HT144,50.9467603,2,1
17639,PACLITAXEL,MK-2206,HT29,36.49151805,2,1
17640,PACLITAXEL,MK-2206,KPL1,56.07062225,2,1
17641,PACLITAXEL,MK-2206,LNCAP,-11.80995592,2,0
17642,PACLITAXEL,MK-2206,LOVO,28.6569063,2,1
17643,PACLITAXEL,MK-2206,MDAMB436,17.21491676,2,1
17644,PACLITAXEL,MK-2206,MSTO,51.29884152,2,1
17645,PACLITAXEL,MK-2206,NCIH1650,31.76066078,2,1
17647,PACLITAXEL,MK-2206,NCIH23,16.30025491,2,1
17648,PACLITAXEL,MK-2206,NCIH460,48.08331844,2,1
17649,PACLITAXEL,MK-2206,NCIH520,30.75488569,2,1
17650,PACLITAXEL,MK-2206,OCUBM,-0.951867257,2,0
17651,PACLITAXEL,MK-2206,OV90,38.76724912,2,1
17653,PACLITAXEL,MK-2206,PA1,35.06365529,2,1
17654,PACLITAXEL,MK-2206,RKO,24.53149785,2,1
17656,PACLITAXEL,MK-2206,SKMEL30,32.07433267,2,1
17657,PACLITAXEL,MK-2206,SKMES1,58.39395164,2,1
17658,PACLITAXEL,MK-2206,SKOV3,41.95834597,2,1
17659,PACLITAXEL,MK-2206,SW620,18.79747676,2,1
17660,PACLITAXEL,MK-2206,SW837,31.46792226,2,1
17661,PACLITAXEL,MK-2206,T47D,-0.060161111,2,0
17662,PACLITAXEL,MK-2206,UACC62,24.63461533,2,1
17663,PACLITAXEL,MK-2206,UWB1289,11.66077387,2,1
17664,PACLITAXEL,MK-2206,UWB1289BRCA1,26.54335635,2,1
17665,PACLITAXEL,MK-2206,VCAP,29.16123319,2,1
17666,PACLITAXEL,MK-2206,ZR751,38.9842152,2,1
17667,PACLITAXEL,MK-4827,A2058,-16.66774178,2,0
17668,PACLITAXEL,MK-4827,A2780,-9.262327614,2,0
17669,PACLITAXEL,MK-4827,A375,-0.102470633,2,0
17670,PACLITAXEL,MK-4827,A427,-6.755637081,2,0
17671,PACLITAXEL,MK-4827,CAOV3,-13.4044252,2,0
17672,PACLITAXEL,MK-4827,COLO320DM,18.97567721,2,1
17673,PACLITAXEL,MK-4827,DLD1,-7.583787044,2,0
17674,PACLITAXEL,MK-4827,EFM192B,-20.74950607,2,0
17675,PACLITAXEL,MK-4827,ES2,-3.531618214,2,0
17676,PACLITAXEL,MK-4827,HCT116,-18.04711129,2,0
17677,PACLITAXEL,MK-4827,HT144,-14.9547984,2,0
17678,PACLITAXEL,MK-4827,HT29,-14.74192533,2,0
17679,PACLITAXEL,MK-4827,KPL1,-19.52266631,2,0
17680,PACLITAXEL,MK-4827,LNCAP,-52.70519319,2,0
17681,PACLITAXEL,MK-4827,LOVO,-3.933991127,2,0
17682,PACLITAXEL,MK-4827,MDAMB436,-1.071128627,2,0
17683,PACLITAXEL,MK-4827,MSTO,-6.435638139,2,0
17684,PACLITAXEL,MK-4827,NCIH1650,-19.66605136,2,0
17685,PACLITAXEL,MK-4827,NCIH2122,-13.85537171,2,0
17686,PACLITAXEL,MK-4827,NCIH23,-13.93741241,2,0
17687,PACLITAXEL,MK-4827,NCIH460,19.72358736,2,1
17688,PACLITAXEL,MK-4827,NCIH520,-19.44784362,2,0
17689,PACLITAXEL,MK-4827,OCUBM,-24.55509915,2,0
17690,PACLITAXEL,MK-4827,OV90,-19.25538865,2,0
17691,PACLITAXEL,MK-4827,OVCAR3,-42.19140032,2,0
17692,PACLITAXEL,MK-4827,PA1,-2.911479454,2,0
17693,PACLITAXEL,MK-4827,RKO,-18.21541516,2,0
17694,PACLITAXEL,MK-4827,RPMI7951,-6.533817484,2,0
17699,PACLITAXEL,MK-4827,SW837,-28.75366094,2,0
17700,PACLITAXEL,MK-4827,T47D,-95.06772064,2,0
17701,PACLITAXEL,MK-4827,UACC62,-18.68419312,2,0
17702,PACLITAXEL,MK-4827,UWB1289,-24.73740167,2,0
17703,PACLITAXEL,MK-4827,UWB1289BRCA1,-7.490843091,2,0
17704,PACLITAXEL,MK-4827,VCAP,-9.587933401,2,0
17706,PACLITAXEL,MK-5108,A2058,23.70173342,1,1
17707,PACLITAXEL,MK-5108,A2780,18.89401452,1,1
17708,PACLITAXEL,MK-5108,A375,43.66347661,1,1
17709,PACLITAXEL,MK-5108,A427,22.80294284,1,1
17711,PACLITAXEL,MK-5108,COLO320DM,21.6596314,1,1
17712,PACLITAXEL,MK-5108,DLD1,23.44176869,1,1
17713,PACLITAXEL,MK-5108,EFM192B,14.04825129,1,1
17714,PACLITAXEL,MK-5108,ES2,30.15525285,1,1
17715,PACLITAXEL,MK-5108,HCT116,19.72480642,1,1
17716,PACLITAXEL,MK-5108,HT144,21.77999888,1,1
17717,PACLITAXEL,MK-5108,HT29,32.11803927,1,1
17718,PACLITAXEL,MK-5108,KPL1,-1.295560798,1,0
17719,PACLITAXEL,MK-5108,LNCAP,-22.11226534,1,0
17720,PACLITAXEL,MK-5108,LOVO,11.08430597,1,1
17721,PACLITAXEL,MK-5108,MDAMB436,18.76007227,1,1
17722,PACLITAXEL,MK-5108,MSTO,51.3790776,1,1
17723,PACLITAXEL,MK-5108,NCIH1650,25.64054201,1,1
17724,PACLITAXEL,MK-5108,NCIH2122,-5.162729068,1,0
17726,PACLITAXEL,MK-5108,NCIH460,31.30296552,1,1
17727,PACLITAXEL,MK-5108,NCIH520,10.24732259,1,1
17728,PACLITAXEL,MK-5108,OCUBM,-7.340704013,1,0
17729,PACLITAXEL,MK-5108,OV90,21.1845777,1,1
17730,PACLITAXEL,MK-5108,OVCAR3,25.77999338,1,1
17731,PACLITAXEL,MK-5108,PA1,20.87853604,1,1
17732,PACLITAXEL,MK-5108,RKO,32.71680946,1,1
17733,PACLITAXEL,MK-5108,RPMI7951,30.79730164,1,1
17734,PACLITAXEL,MK-5108,SKMEL30,34.23072765,1,1
17735,PACLITAXEL,MK-5108,SKMES1,21.61033425,1,1
17736,PACLITAXEL,MK-5108,SKOV3,26.11261106,1,1
17737,PACLITAXEL,MK-5108,SW620,18.42168352,1,1
17738,PACLITAXEL,MK-5108,SW837,24.55236106,1,1
17739,PACLITAXEL,MK-5108,T47D,13.49293903,1,1
17740,PACLITAXEL,MK-5108,UACC62,14.85303005,1,1
17741,PACLITAXEL,MK-5108,UWB1289,27.83146832,1,1
17742,PACLITAXEL,MK-5108,UWB1289BRCA1,33.55733332,1,1
17743,PACLITAXEL,MK-5108,VCAP,13.5953715,1,1
17745,PACLITAXEL,MK-8669,A2058,10.9895381,4,1
17746,PACLITAXEL,MK-8669,A2780,12.49679934,4,1
17747,PACLITAXEL,MK-8669,A375,28.98554594,4,1
17748,PACLITAXEL,MK-8669,A427,23.46994212,4,1
17749,PACLITAXEL,MK-8669,CAOV3,-5.416556864,4,0
17750,PACLITAXEL,MK-8669,COLO320DM,15.83853136,4,1
17751,PACLITAXEL,MK-8669,DLD1,23.45827838,4,1
17752,PACLITAXEL,MK-8669,EFM192B,32.27519739,4,1
17753,PACLITAXEL,MK-8669,ES2,23.14167229,4,1
17754,PACLITAXEL,MK-8669,HCT116,-14.16667756,4,0
17755,PACLITAXEL,MK-8669,HT144,39.53216094,4,1
17756,PACLITAXEL,MK-8669,HT29,28.2344252,4,1
17757,PACLITAXEL,MK-8669,KPL1,36.20122613,4,1
17759,PACLITAXEL,MK-8669,LOVO,30.12878538,4,1
17760,PACLITAXEL,MK-8669,MDAMB436,13.51614023,4,1
17761,PACLITAXEL,MK-8669,MSTO,53.55270657,4,1
17762,PACLITAXEL,MK-8669,NCIH1650,32.10340739,4,1
17763,PACLITAXEL,MK-8669,NCIH2122,-6.305824099,4,0
17764,PACLITAXEL,MK-8669,NCIH23,11.96521147,4,1
17765,PACLITAXEL,MK-8669,NCIH460,32.70203942,4,1
17766,PACLITAXEL,MK-8669,NCIH520,26.01615066,4,1
17767,PACLITAXEL,MK-8669,OCUBM,-3.294168896,4,0
17768,PACLITAXEL,MK-8669,OV90,35.81407076,4,1
17770,PACLITAXEL,MK-8669,PA1,16.93684031,4,1
17771,PACLITAXEL,MK-8669,RKO,27.47676119,4,1
17772,PACLITAXEL,MK-8669,RPMI7951,21.22237642,4,1
17773,PACLITAXEL,MK-8669,SKMEL30,40.13794386,4,1
17774,PACLITAXEL,MK-8669,SKMES1,33.5823346,4,1
17775,PACLITAXEL,MK-8669,SKOV3,62.02652793,4,1
17776,PACLITAXEL,MK-8669,SW620,20.1742003,4,1
17777,PACLITAXEL,MK-8669,SW837,27.98188014,4,1
17778,PACLITAXEL,MK-8669,T47D,24.60812135,4,1
17779,PACLITAXEL,MK-8669,UACC62,16.94938697,4,1
17781,PACLITAXEL,MK-8669,UWB1289BRCA1,23.1758123,4,1
17782,PACLITAXEL,MK-8669,VCAP,41.0674989,4,1
17783,PACLITAXEL,MK-8669,ZR751,44.63109054,4,1
17784,PACLITAXEL,MK-8776,A2058,10.060749,0,1
17785,PACLITAXEL,MK-8776,A2780,-5.432484711,0,0
17786,PACLITAXEL,MK-8776,A375,30.56322729,0,1
17788,PACLITAXEL,MK-8776,CAOV3,10.34939744,0,1
17789,PACLITAXEL,MK-8776,COLO320DM,-0.84211342,0,0
17791,PACLITAXEL,MK-8776,EFM192B,-17.67396626,0,0
17793,PACLITAXEL,MK-8776,HCT116,-7.79502585,0,0
17795,PACLITAXEL,MK-8776,HT29,-3.224748547,0,0
17796,PACLITAXEL,MK-8776,KPL1,-5.611806306,0,0
17797,PACLITAXEL,MK-8776,LNCAP,-20.34508111,0,0
17800,PACLITAXEL,MK-8776,MSTO,10.1671741,0,1
17802,PACLITAXEL,MK-8776,NCIH2122,-261.7396847,0,0
17803,PACLITAXEL,MK-8776,NCIH23,-4.252811546,0,0
17805,PACLITAXEL,MK-8776,NCIH520,-4.041011718,0,0
17806,PACLITAXEL,MK-8776,OCUBM,-11.45081235,0,0
17808,PACLITAXEL,MK-8776,OVCAR3,-11.0493121,0,0
17809,PACLITAXEL,MK-8776,PA1,-5.156991783,0,0
17810,PACLITAXEL,MK-8776,RKO,14.61494461,0,1
17811,PACLITAXEL,MK-8776,RPMI7951,-7.408092476,0,0
17812,PACLITAXEL,MK-8776,SKMEL30,26.83304357,0,1
17813,PACLITAXEL,MK-8776,SKMES1,-6.453863035,0,0
17814,PACLITAXEL,MK-8776,SKOV3,14.15709473,0,1
17816,PACLITAXEL,MK-8776,SW837,-17.66634558,0,0
17817,PACLITAXEL,MK-8776,T47D,-4.00858392,0,0
17819,PACLITAXEL,MK-8776,UWB1289,-20.64852416,0,0
17820,PACLITAXEL,MK-8776,UWB1289BRCA1,-16.42434723,0,0
17826,PACLITAXEL,PD325901,A427,26.40568212,4,1
17829,PACLITAXEL,PD325901,DLD1,11.46028819,4,1
17830,PACLITAXEL,PD325901,EFM192B,-21.75061851,4,0
17831,PACLITAXEL,PD325901,ES2,36.29680974,4,1
17832,PACLITAXEL,PD325901,HCT116,11.92136659,4,1
17833,PACLITAXEL,PD325901,HT144,39.23831374,4,1
17836,PACLITAXEL,PD325901,LNCAP,-17.55216969,4,0
17841,PACLITAXEL,PD325901,NCIH2122,-242.8087275,4,0
17843,PACLITAXEL,PD325901,NCIH460,27.95637235,4,1
17844,PACLITAXEL,PD325901,NCIH520,-2.810468656,4,0
17845,PACLITAXEL,PD325901,OCUBM,-12.26890807,4,0
17846,PACLITAXEL,PD325901,OV90,49.87260386,4,1
17849,PACLITAXEL,PD325901,RKO,24.74440593,4,1
17851,PACLITAXEL,PD325901,SKMEL30,13.92494461,4,1
17854,PACLITAXEL,PD325901,SW620,33.25167809,4,1
17856,PACLITAXEL,PD325901,T47D,-2.663964878,4,0
17857,PACLITAXEL,PD325901,UACC62,12.71260832,4,1
17858,PACLITAXEL,PD325901,UWB1289,-2.531807985,4,0
17861,PACLITAXEL,PD325901,ZR751,26.29102956,4,1
17862,PACLITAXEL,SORAFENIB,A2058,-11.18553345,4,0
17863,PACLITAXEL,SORAFENIB,A2780,-1.215373725,4,0
17864,PACLITAXEL,SORAFENIB,A375,14.51915384,4,1
17866,PACLITAXEL,SORAFENIB,CAOV3,-13.79351993,4,0
17868,PACLITAXEL,SORAFENIB,DLD1,14.21873048,4,1
17869,PACLITAXEL,SORAFENIB,EFM192B,-15.62452069,4,0
17871,PACLITAXEL,SORAFENIB,HCT116,-0.125241754,4,0
17873,PACLITAXEL,SORAFENIB,HT29,-6.702759281,4,0
17874,PACLITAXEL,SORAFENIB,KPL1,-1.523083637,4,0
17875,PACLITAXEL,SORAFENIB,LNCAP,-21.43324152,4,0
17876,PACLITAXEL,SORAFENIB,LOVO,-12.21873278,4,0
17877,PACLITAXEL,SORAFENIB,MDAMB436,-9.152062261,4,0
17878,PACLITAXEL,SORAFENIB,MSTO,-12.99657934,4,0
17879,PACLITAXEL,SORAFENIB,NCIH1650,-8.008057183,4,0
17880,PACLITAXEL,SORAFENIB,NCIH2122,-14.28306701,4,0
17881,PACLITAXEL,SORAFENIB,NCIH23,-3.514150896,4,0
17882,PACLITAXEL,SORAFENIB,NCIH460,11.51145694,4,1
17884,PACLITAXEL,SORAFENIB,OCUBM,-6.474135759,4,0
17886,PACLITAXEL,SORAFENIB,OVCAR3,-32.44400798,4,0
17887,PACLITAXEL,SORAFENIB,PA1,-4.619254568,4,0
17889,PACLITAXEL,SORAFENIB,RPMI7951,-13.17209195,4,0
17894,PACLITAXEL,SORAFENIB,SW837,-7.837523421,4,0
17895,PACLITAXEL,SORAFENIB,T47D,-17.73125391,4,0
17897,PACLITAXEL,SORAFENIB,UWB1289,-8.850368625,4,0
17898,PACLITAXEL,SORAFENIB,UWB1289BRCA1,-3.912131326,4,0
17899,PACLITAXEL,SORAFENIB,VCAP,-11.0541298,4,0
17900,PACLITAXEL,SORAFENIB,ZR751,-12.23574446,4,0
17901,PACLITAXEL,SUNITINIB,A2058,-3.336690455,0,0
17903,PACLITAXEL,SUNITINIB,A375,21.99265283,0,1
17905,PACLITAXEL,SUNITINIB,CAOV3,-1.408344128,0,0
17906,PACLITAXEL,SUNITINIB,COLO320DM,19.83948026,0,1
17908,PACLITAXEL,SUNITINIB,EFM192B,-17.87437502,0,0
17909,PACLITAXEL,SUNITINIB,ES2,19.1201971,0,1
17910,PACLITAXEL,SUNITINIB,HCT116,10.19711215,0,1
17911,PACLITAXEL,SUNITINIB,HT144,11.32724195,0,1
17912,PACLITAXEL,SUNITINIB,HT29,-2.908832841,0,0
17913,PACLITAXEL,SUNITINIB,KPL1,11.88416187,0,1
17914,PACLITAXEL,SUNITINIB,LNCAP,-16.58314216,0,0
17917,PACLITAXEL,SUNITINIB,MSTO,-0.380406832,0,0
17918,PACLITAXEL,SUNITINIB,NCIH1650,-4.858320269,0,0
17919,PACLITAXEL,SUNITINIB,NCIH2122,-11.4390014,0,0
17920,PACLITAXEL,SUNITINIB,NCIH23,-6.732498919,0,0
17921,PACLITAXEL,SUNITINIB,NCIH460,17.86461576,0,1
17923,PACLITAXEL,SUNITINIB,OCUBM,-27.40824428,0,0
17925,PACLITAXEL,SUNITINIB,OVCAR3,-6.365308548,0,0
17926,PACLITAXEL,SUNITINIB,PA1,-3.770448662,0,0
17927,PACLITAXEL,SUNITINIB,RKO,-7.43037932,0,0
17928,PACLITAXEL,SUNITINIB,RPMI7951,-17.9717732,0,0
17932,PACLITAXEL,SUNITINIB,SW620,15.35238942,0,1
17933,PACLITAXEL,SUNITINIB,SW837,-3.581952194,0,0
17934,PACLITAXEL,SUNITINIB,T47D,-16.14600189,0,0
17936,PACLITAXEL,SUNITINIB,UWB1289,-2.446645598,0,0
17938,PACLITAXEL,SUNITINIB,VCAP,-5.041911901,0,0
17940,PACLITAXEL,TEMOZOLOMIDE,A2058,-12.62971068,3,0
17941,PACLITAXEL,TEMOZOLOMIDE,A2780,-25.52899142,3,0
17943,PACLITAXEL,TEMOZOLOMIDE,A427,14.56797773,3,1
17944,PACLITAXEL,TEMOZOLOMIDE,CAOV3,-19.08106182,3,0
17946,PACLITAXEL,TEMOZOLOMIDE,DLD1,12.08853943,3,1
17947,PACLITAXEL,TEMOZOLOMIDE,EFM192B,-25.89946021,3,0
17948,PACLITAXEL,TEMOZOLOMIDE,ES2,10.29465534,3,1
17949,PACLITAXEL,TEMOZOLOMIDE,HCT116,-17.15252641,3,0
17950,PACLITAXEL,TEMOZOLOMIDE,HT144,-5.76537357,3,0
17951,PACLITAXEL,TEMOZOLOMIDE,HT29,-14.11796557,3,0
17952,PACLITAXEL,TEMOZOLOMIDE,KPL1,-13.38034102,3,0
17953,PACLITAXEL,TEMOZOLOMIDE,LNCAP,-18.77838242,3,0
17956,PACLITAXEL,TEMOZOLOMIDE,MSTO,-2.0215074,3,0
17957,PACLITAXEL,TEMOZOLOMIDE,NCIH1650,-3.268512861,3,0
17958,PACLITAXEL,TEMOZOLOMIDE,NCIH2122,-237.5819986,3,0
17959,PACLITAXEL,TEMOZOLOMIDE,NCIH23,-17.15446934,3,0
17962,PACLITAXEL,TEMOZOLOMIDE,OCUBM,-18.79067183,3,0
17964,PACLITAXEL,TEMOZOLOMIDE,OVCAR3,-19.63977451,3,0
17965,PACLITAXEL,TEMOZOLOMIDE,PA1,-2.818241011,3,0
17966,PACLITAXEL,TEMOZOLOMIDE,RKO,-8.810532261,3,0
17968,PACLITAXEL,TEMOZOLOMIDE,SKMEL30,17.03351387,3,1
17969,PACLITAXEL,TEMOZOLOMIDE,SKMES1,24.72016628,3,1
17970,PACLITAXEL,TEMOZOLOMIDE,SKOV3,-7.460348061,3,0
17971,PACLITAXEL,TEMOZOLOMIDE,SW620,23.77075564,3,1
17972,PACLITAXEL,TEMOZOLOMIDE,SW837,-1.838922404,3,0
17973,PACLITAXEL,TEMOZOLOMIDE,T47D,-50.64419261,3,0
17975,PACLITAXEL,TEMOZOLOMIDE,UWB1289,-6.411878692,3,0
17976,PACLITAXEL,TEMOZOLOMIDE,UWB1289BRCA1,24.10875923,3,1
17977,PACLITAXEL,TEMOZOLOMIDE,VCAP,-2.610176659,3,0
17978,PACLITAXEL,TEMOZOLOMIDE,ZR751,-18.57175164,3,0
17979,PACLITAXEL,ZOLINZA,A2058,-27.82104587,3,0
17980,PACLITAXEL,ZOLINZA,A2780,-15.24747276,3,0
17981,PACLITAXEL,ZOLINZA,A375,-9.336885288,3,0
17982,PACLITAXEL,ZOLINZA,A427,-25.29947548,3,0
17983,PACLITAXEL,ZOLINZA,CAOV3,-26.58155108,3,0
17984,PACLITAXEL,ZOLINZA,COLO320DM,18.60760287,3,1
17986,PACLITAXEL,ZOLINZA,EFM192B,-0.013790492,3,0
17988,PACLITAXEL,ZOLINZA,HCT116,-17.24978046,3,0
17989,PACLITAXEL,ZOLINZA,HT144,17.65864952,3,1
17990,PACLITAXEL,ZOLINZA,HT29,27.03319022,3,1
17992,PACLITAXEL,ZOLINZA,LNCAP,12.35049553,3,1
17993,PACLITAXEL,ZOLINZA,LOVO,10.37497465,3,1
17995,PACLITAXEL,ZOLINZA,MSTO,49.15566705,3,1
17996,PACLITAXEL,ZOLINZA,NCIH1650,-0.87057643,3,0
17997,PACLITAXEL,ZOLINZA,NCIH2122,-12.66965621,3,0
17998,PACLITAXEL,ZOLINZA,NCIH23,-25.86581958,3,0
18001,PACLITAXEL,ZOLINZA,OCUBM,-7.162944519,3,0
18003,PACLITAXEL,ZOLINZA,OVCAR3,-1.286416976,3,0
18004,PACLITAXEL,ZOLINZA,PA1,-7.250376451,3,0
18006,PACLITAXEL,ZOLINZA,RPMI7951,-2.126995455,3,0
18007,PACLITAXEL,ZOLINZA,SKMEL30,-0.860674872,3,0
18009,PACLITAXEL,ZOLINZA,SKOV3,23.01726729,3,1
18010,PACLITAXEL,ZOLINZA,SW620,-9.726495429,3,0
18012,PACLITAXEL,ZOLINZA,T47D,17.08450148,3,1
18014,PACLITAXEL,ZOLINZA,UWB1289,-13.56829591,3,0
18016,PACLITAXEL,ZOLINZA,VCAP,11.64708078,3,1
18017,PACLITAXEL,ZOLINZA,ZR751,-20.48547931,3,0
18019,PD325901,ABT-888,A2780,14.06809843,2,1
18021,PD325901,ABT-888,A427,-2.105544987,2,0
18022,PD325901,ABT-888,CAOV3,25.3425468,2,1
18023,PD325901,ABT-888,COLO320DM,-1.954067487,2,0
18024,PD325901,ABT-888,DLD1,-4.780427498,2,0
18026,PD325901,ABT-888,ES2,-7.096916271,2,0
18027,PD325901,ABT-888,HCT116,-1.689554608,2,0
18029,PD325901,ABT-888,HT29,-4.779914587,2,0
18030,PD325901,ABT-888,KPL1,13.40222898,2,1
18031,PD325901,ABT-888,LNCAP,-6.563127434,2,0
18032,PD325901,ABT-888,LOVO,-11.59020276,2,0
18034,PD325901,ABT-888,MSTO,-1.408729086,2,0
18035,PD325901,ABT-888,NCIH1650,-23.07056729,2,0
18036,PD325901,ABT-888,NCIH2122,-2.592660615,2,0
18037,PD325901,ABT-888,NCIH23,-12.52732318,2,0
18038,PD325901,ABT-888,NCIH460,-2.390639768,2,0
18040,PD325901,ABT-888,OCUBM,12.41850482,2,1
18041,PD325901,ABT-888,OV90,-8.056692792,2,0
18043,PD325901,ABT-888,PA1,10.6072498,2,1
18045,PD325901,ABT-888,RPMI7951,-11.08008248,2,0
18047,PD325901,ABT-888,SKMES1,-15.46075834,2,0
18048,PD325901,ABT-888,SKOV3,-1.062750396,2,0
18049,PD325901,ABT-888,SW620,-3.379320858,2,0
18050,PD325901,ABT-888,SW837,-0.47413384,2,0
18051,PD325901,ABT-888,T47D,-6.510557004,2,0
18052,PD325901,ABT-888,UACC62,-5.99096109,2,0
18053,PD325901,ABT-888,UWB1289,-11.94077929,2,0
18054,PD325901,ABT-888,UWB1289BRCA1,-25.45258733,2,0
18055,PD325901,ABT-888,VCAP,-23.29336041,2,0
18057,PD325901,BEZ-235,A2058,56.55298829,2,1
18058,PD325901,BEZ-235,A2780,55.25542126,2,1
18059,PD325901,BEZ-235,A375,17.87147325,2,1
18060,PD325901,BEZ-235,A427,56.29794436,2,1
18061,PD325901,BEZ-235,CAOV3,67.43370517,2,1
18062,PD325901,BEZ-235,COLO320DM,25.81041386,2,1
18063,PD325901,BEZ-235,DLD1,41.19178924,2,1
18064,PD325901,BEZ-235,EFM192B,37.85332433,2,1
18065,PD325901,BEZ-235,ES2,34.51209776,2,1
18066,PD325901,BEZ-235,HCT116,58.77744986,2,1
18067,PD325901,BEZ-235,HT144,43.96735962,2,1
18068,PD325901,BEZ-235,HT29,42.3826261,2,1
18069,PD325901,BEZ-235,KPL1,44.46943124,2,1
18070,PD325901,BEZ-235,LNCAP,104.2725936,2,1
18071,PD325901,BEZ-235,LOVO,36.87698726,2,1
18072,PD325901,BEZ-235,MDAMB436,34.39053497,2,1
18073,PD325901,BEZ-235,MSTO,29.66185192,2,1
18074,PD325901,BEZ-235,NCIH1650,32.20930586,2,1
18075,PD325901,BEZ-235,NCIH2122,49.33437959,2,1
18076,PD325901,BEZ-235,NCIH23,34.18933049,2,1
18077,PD325901,BEZ-235,NCIH460,71.75220368,2,1
18078,PD325901,BEZ-235,NCIH520,30.60408842,2,1
18079,PD325901,BEZ-235,OCUBM,41.35762963,2,1
18080,PD325901,BEZ-235,OV90,38.85826007,2,1
18081,PD325901,BEZ-235,OVCAR3,44.7254643,2,1
18082,PD325901,BEZ-235,PA1,43.88176788,2,1
18083,PD325901,BEZ-235,RKO,47.23282881,2,1
18084,PD325901,BEZ-235,RPMI7951,46.56904693,2,1
18085,PD325901,BEZ-235,SKMEL30,30.01412908,2,1
18086,PD325901,BEZ-235,SKMES1,29.03956495,2,1
18087,PD325901,BEZ-235,SKOV3,26.75701512,2,1
18088,PD325901,BEZ-235,SW620,25.29042273,2,1
18089,PD325901,BEZ-235,SW837,37.44030911,2,1
18090,PD325901,BEZ-235,T47D,148.1269392,2,1
18091,PD325901,BEZ-235,UACC62,33.66707617,2,1
18092,PD325901,BEZ-235,UWB1289,75.36403282,2,1
18093,PD325901,BEZ-235,UWB1289BRCA1,55.33950076,2,1
18094,PD325901,BEZ-235,VCAP,33.06126982,2,1
18095,PD325901,BEZ-235,ZR751,54.7557835,2,1
18097,PD325901,BORTEZOMIB,A2780,-3.940639723,4,0
18100,PD325901,BORTEZOMIB,CAOV3,-9.187364815,4,0
18102,PD325901,BORTEZOMIB,DLD1,14.57031306,4,1
18104,PD325901,BORTEZOMIB,ES2,-15.93212605,4,0
18105,PD325901,BORTEZOMIB,HCT116,-5.000841598,4,0
18107,PD325901,BORTEZOMIB,HT29,-16.79457932,4,0
18108,PD325901,BORTEZOMIB,KPL1,19.14737444,4,1
18109,PD325901,BORTEZOMIB,LNCAP,15.60668857,4,1
18111,PD325901,BORTEZOMIB,MDAMB436,-3.250700826,4,0
18112,PD325901,BORTEZOMIB,MSTO,78.61081827,4,1
18113,PD325901,BORTEZOMIB,NCIH1650,-12.36159749,4,0
18114,PD325901,BORTEZOMIB,NCIH2122,-3.637784277,4,0
18115,PD325901,BORTEZOMIB,NCIH23,-0.524368166,4,0
18116,PD325901,BORTEZOMIB,NCIH460,15.26553325,4,1
18117,PD325901,BORTEZOMIB,NCIH520,-27.07550907,4,0
18119,PD325901,BORTEZOMIB,OV90,-17.52413716,4,0
18120,PD325901,BORTEZOMIB,OVCAR3,-1.316412817,4,0
18123,PD325901,BORTEZOMIB,RPMI7951,-9.085918798,4,0
18124,PD325901,BORTEZOMIB,SKMEL30,-1.917287217,4,0
18125,PD325901,BORTEZOMIB,SKMES1,-27.36745967,4,0
18128,PD325901,BORTEZOMIB,SW837,22.14852846,4,1
18129,PD325901,BORTEZOMIB,T47D,-39.78659037,4,0
18130,PD325901,BORTEZOMIB,UACC62,-16.44288365,4,0
18131,PD325901,BORTEZOMIB,UWB1289,-13.92079772,4,0
18132,PD325901,BORTEZOMIB,UWB1289BRCA1,-6.140557463,4,0
18134,PD325901,BORTEZOMIB,ZR751,-3.138240244,4,0
18135,PD325901,DASATINIB,A2058,34.41183286,3,1
18136,PD325901,DASATINIB,A2780,120.2632418,3,1
18137,PD325901,DASATINIB,A375,63.89158362,3,1
18138,PD325901,DASATINIB,A427,50.60409503,3,1
18139,PD325901,DASATINIB,CAOV3,34.11806853,3,1
18140,PD325901,DASATINIB,COLO320DM,-15.42389804,3,0
18141,PD325901,DASATINIB,DLD1,47.32359237,3,1
18142,PD325901,DASATINIB,EFM192B,32.14932731,3,1
18143,PD325901,DASATINIB,ES2,45.11024632,3,1
18144,PD325901,DASATINIB,HCT116,42.5461097,3,1
18145,PD325901,DASATINIB,HT144,-54.10049698,3,0
18146,PD325901,DASATINIB,HT29,76.26944305,3,1
18147,PD325901,DASATINIB,KPL1,-6.044644141,3,0
18148,PD325901,DASATINIB,LNCAP,-30.32642869,3,0
18149,PD325901,DASATINIB,LOVO,47.84534611,3,1
18150,PD325901,DASATINIB,MDAMB436,14.85752038,3,1
18151,PD325901,DASATINIB,MSTO,88.51099713,3,1
18152,PD325901,DASATINIB,NCIH1650,35.53857695,3,1
18153,PD325901,DASATINIB,NCIH2122,-35.33041775,3,0
18154,PD325901,DASATINIB,NCIH23,74.787982,3,1
18155,PD325901,DASATINIB,NCIH460,36.16984486,3,1
18156,PD325901,DASATINIB,NCIH520,-30.88625145,3,0
18158,PD325901,DASATINIB,OV90,67.0068205,3,1
18159,PD325901,DASATINIB,OVCAR3,77.82184811,3,1
18160,PD325901,DASATINIB,PA1,65.05788716,3,1
18161,PD325901,DASATINIB,RKO,15.62436038,3,1
18162,PD325901,DASATINIB,RPMI7951,39.03794428,3,1
18163,PD325901,DASATINIB,SKMEL30,-74.52087255,3,0
18164,PD325901,DASATINIB,SKMES1,53.92022376,3,1
18165,PD325901,DASATINIB,SKOV3,-12.96332142,3,0
18167,PD325901,DASATINIB,SW837,71.57091661,3,1
18169,PD325901,DASATINIB,UACC62,-1.793532484,3,0
18170,PD325901,DASATINIB,UWB1289,-2.606365219,3,0
18171,PD325901,DASATINIB,UWB1289BRCA1,-6.917942488,3,0
18172,PD325901,DASATINIB,VCAP,-21.25831569,3,0
18173,PD325901,DASATINIB,ZR751,-39.65916131,3,0
18174,PD325901,DINACICLIB,A2058,-1.484776392,0,0
18176,PD325901,DINACICLIB,A375,-3.609612401,0,0
18177,PD325901,DINACICLIB,A427,11.47734307,0,1
18180,PD325901,DINACICLIB,DLD1,10.15257119,0,1
18181,PD325901,DINACICLIB,EFM192B,10.83642658,0,1
18182,PD325901,DINACICLIB,ES2,-3.445684658,0,0
18183,PD325901,DINACICLIB,HCT116,-8.75493993,0,0
18184,PD325901,DINACICLIB,HT144,-0.420816145,0,0
18185,PD325901,DINACICLIB,HT29,-0.555340983,0,0
18187,PD325901,DINACICLIB,LNCAP,60.86109975,0,1
18188,PD325901,DINACICLIB,LOVO,-2.628099968,0,0
18190,PD325901,DINACICLIB,MSTO,10.94975755,0,1
18194,PD325901,DINACICLIB,NCIH460,-3.124940875,0,0
18195,PD325901,DINACICLIB,NCIH520,-9.293548607,0,0
18197,PD325901,DINACICLIB,OV90,-6.920825616,0,0
18198,PD325901,DINACICLIB,OVCAR3,11.83910323,0,1
18200,PD325901,DINACICLIB,RKO,19.12580952,0,1
18201,PD325901,DINACICLIB,RPMI7951,-3.596017684,0,0
18202,PD325901,DINACICLIB,SKMEL30,-13.13116448,0,0
18203,PD325901,DINACICLIB,SKMES1,-25.41461151,0,0
18205,PD325901,DINACICLIB,SW620,-5.33768366,0,0
18206,PD325901,DINACICLIB,SW837,-15.58755929,0,0
18207,PD325901,DINACICLIB,T47D,-15.72237938,0,0
18208,PD325901,DINACICLIB,UACC62,-3.210692536,0,0
18212,PD325901,DINACICLIB,ZR751,-3.388674918,0,0
18213,PD325901,GELDANAMYCIN,A2058,-15.64318047,2,0
18214,PD325901,GELDANAMYCIN,A2780,14.35265151,2,1
18216,PD325901,GELDANAMYCIN,A427,13.72537577,2,1
18217,PD325901,GELDANAMYCIN,CAOV3,16.53968085,2,1
18219,PD325901,GELDANAMYCIN,DLD1,18.61350215,2,1
18222,PD325901,GELDANAMYCIN,HCT116,19.8168272,2,1
18223,PD325901,GELDANAMYCIN,HT144,12.11514704,2,1
18226,PD325901,GELDANAMYCIN,LNCAP,44.22996314,2,1
18227,PD325901,GELDANAMYCIN,LOVO,-14.47538408,2,0
18228,PD325901,GELDANAMYCIN,MDAMB436,21.51875539,2,1
18229,PD325901,GELDANAMYCIN,MSTO,18.75389742,2,1
18231,PD325901,GELDANAMYCIN,NCIH2122,18.51352344,2,1
18233,PD325901,GELDANAMYCIN,NCIH460,-2.191197648,2,0
18234,PD325901,GELDANAMYCIN,NCIH520,-17.98898167,2,0
18235,PD325901,GELDANAMYCIN,OCUBM,26.53153068,2,1
18236,PD325901,GELDANAMYCIN,OV90,-0.77354204,2,0
18238,PD325901,GELDANAMYCIN,PA1,21.04426524,2,1
18239,PD325901,GELDANAMYCIN,RKO,47.15851302,2,1
18240,PD325901,GELDANAMYCIN,RPMI7951,-5.137383072,2,0
18241,PD325901,GELDANAMYCIN,SKMEL30,-9.278465487,2,0
18242,PD325901,GELDANAMYCIN,SKMES1,18.30554401,2,1
18243,PD325901,GELDANAMYCIN,SKOV3,-0.26009098,2,0
18245,PD325901,GELDANAMYCIN,SW837,24.72695826,2,1
18246,PD325901,GELDANAMYCIN,T47D,-6.199922289,2,0
18247,PD325901,GELDANAMYCIN,UACC62,-5.884258669,2,0
18248,PD325901,GELDANAMYCIN,UWB1289,-43.46051136,2,0
18249,PD325901,GELDANAMYCIN,UWB1289BRCA1,-35.14370262,2,0
18251,PD325901,GELDANAMYCIN,ZR751,-12.01401292,2,0
18252,PD325901,MK-8669,A2058,50.59972885,1,1
18253,PD325901,MK-8669,A2780,54.54255062,1,1
18254,PD325901,MK-8669,A375,22.79645097,1,1
18255,PD325901,MK-8669,A427,15.33767496,1,1
18256,PD325901,MK-8669,CAOV3,77.15122912,1,1
18258,PD325901,MK-8669,DLD1,35.1101822,1,1
18259,PD325901,MK-8669,EFM192B,67.83657605,1,1
18260,PD325901,MK-8669,ES2,36.35480318,1,1
18261,PD325901,MK-8669,HCT116,10.21912611,1,1
18262,PD325901,MK-8669,HT144,39.98456586,1,1
18263,PD325901,MK-8669,HT29,31.43070139,1,1
18264,PD325901,MK-8669,KPL1,53.78491201,1,1
18265,PD325901,MK-8669,LNCAP,-4.549952975,1,0
18266,PD325901,MK-8669,LOVO,22.1260514,1,1
18267,PD325901,MK-8669,MDAMB436,32.34487278,1,1
18268,PD325901,MK-8669,MSTO,20.92380755,1,1
18269,PD325901,MK-8669,NCIH1650,24.21606441,1,1
18270,PD325901,MK-8669,NCIH2122,24.41490878,1,1
18271,PD325901,MK-8669,NCIH23,51.74273559,1,1
18272,PD325901,MK-8669,NCIH460,36.43127311,1,1
18274,PD325901,MK-8669,OCUBM,42.01139212,1,1
18275,PD325901,MK-8669,OV90,45.84785379,1,1
18276,PD325901,MK-8669,OVCAR3,33.22692621,1,1
18277,PD325901,MK-8669,PA1,22.8929773,1,1
18278,PD325901,MK-8669,RKO,51.32240866,1,1
18279,PD325901,MK-8669,RPMI7951,70.2233617,1,1
18280,PD325901,MK-8669,SKMEL30,30.46282896,1,1
18282,PD325901,MK-8669,SKOV3,38.31413469,1,1
18284,PD325901,MK-8669,SW837,14.97610636,1,1
18285,PD325901,MK-8669,T47D,12.70861441,1,1
18286,PD325901,MK-8669,UACC62,31.20494603,1,1
18287,PD325901,MK-8669,UWB1289,76.38346048,1,1
18288,PD325901,MK-8669,UWB1289BRCA1,47.43505416,1,1
18289,PD325901,MK-8669,VCAP,29.6917769,1,1
18290,PD325901,MK-8669,ZR751,27.98694994,1,1
18291,PD325901,MK-8776,A2058,26.97000354,2,1
18292,PD325901,MK-8776,A2780,26.38270785,2,1
18294,PD325901,MK-8776,A427,22.92195465,2,1
18295,PD325901,MK-8776,CAOV3,53.32122266,2,1
18298,PD325901,MK-8776,EFM192B,16.30191927,2,1
18301,PD325901,MK-8776,HT144,-176.1606766,2,0
18302,PD325901,MK-8776,HT29,14.01780978,2,1
18303,PD325901,MK-8776,KPL1,-6.197808223,2,0
18304,PD325901,MK-8776,LNCAP,-62.2128178,2,0
18305,PD325901,MK-8776,LOVO,18.84849908,2,1
18306,PD325901,MK-8776,MDAMB436,23.98085099,2,1
18307,PD325901,MK-8776,MSTO,-18.660576,2,0
18309,PD325901,MK-8776,NCIH2122,-16.6014571,2,0
18311,PD325901,MK-8776,NCIH460,-2.84952831,2,0
18312,PD325901,MK-8776,NCIH520,-17.19483765,2,0
18313,PD325901,MK-8776,OCUBM,13.19965813,2,1
18314,PD325901,MK-8776,OV90,10.93211195,2,1
18315,PD325901,MK-8776,OVCAR3,29.65632185,2,1
18316,PD325901,MK-8776,PA1,-0.290148434,2,0
18317,PD325901,MK-8776,RKO,10.08897835,2,1
18320,PD325901,MK-8776,SKMES1,-12.06854377,2,0
18321,PD325901,MK-8776,SKOV3,-5.941580743,2,0
18322,PD325901,MK-8776,SW620,-3.287145518,2,0
18323,PD325901,MK-8776,SW837,-176.8580535,2,0
18324,PD325901,MK-8776,T47D,-11.48607748,2,0
18326,PD325901,MK-8776,UWB1289,-9.593121102,2,0
18327,PD325901,MK-8776,UWB1289BRCA1,-10.61265728,2,0
18332,PD325901,OXALIPLATIN,A375,-13.80740012,0,0
18333,PD325901,OXALIPLATIN,A427,-12.08707517,0,0
18334,PD325901,OXALIPLATIN,CAOV3,13.18624104,0,1
18335,PD325901,OXALIPLATIN,COLO320DM,-0.64864568,0,0
18338,PD325901,OXALIPLATIN,ES2,-24.78502744,0,0
18340,PD325901,OXALIPLATIN,HT144,-6.812391935,0,0
18342,PD325901,OXALIPLATIN,KPL1,16.74926412,0,1
18343,PD325901,OXALIPLATIN,LNCAP,26.9431514,0,1
18344,PD325901,OXALIPLATIN,LOVO,-4.443887966,0,0
18349,PD325901,OXALIPLATIN,NCIH23,-20.60289978,0,0
18350,PD325901,OXALIPLATIN,NCIH460,-7.608752566,0,0
18351,PD325901,OXALIPLATIN,NCIH520,-10.26993237,0,0
18352,PD325901,OXALIPLATIN,OCUBM,12.38174994,0,1
18353,PD325901,OXALIPLATIN,OV90,-9.809738932,0,0
18355,PD325901,OXALIPLATIN,PA1,-22.44085823,0,0
18356,PD325901,OXALIPLATIN,RKO,-5.897914817,0,0
18357,PD325901,OXALIPLATIN,RPMI7951,-5.33346211,0,0
18358,PD325901,OXALIPLATIN,SKMEL30,-13.13455833,0,0
18359,PD325901,OXALIPLATIN,SKMES1,-4.0905831,0,0
18363,PD325901,OXALIPLATIN,T47D,-16.70918504,0,0
18364,PD325901,OXALIPLATIN,UACC62,-10.64491787,0,0
18366,PD325901,OXALIPLATIN,UWB1289BRCA1,-2.336654642,0,0
18367,PD325901,OXALIPLATIN,VCAP,-2.820856737,0,0
18369,PD325901,SN-38,A2058,-6.372133234,2,0
18370,PD325901,SN-38,A2780,23.84098522,2,1
18372,PD325901,SN-38,A427,-0.679594748,2,0
18373,PD325901,SN-38,CAOV3,16.07092254,2,1
18375,PD325901,SN-38,DLD1,15.65373254,2,1
18376,PD325901,SN-38,EFM192B,10.20947833,2,1
18377,PD325901,SN-38,ES2,-1.064738321,2,0
18379,PD325901,SN-38,HT144,19.07191144,2,1
18380,PD325901,SN-38,HT29,-9.904444475,2,0
18381,PD325901,SN-38,KPL1,16.27559089,2,1
18383,PD325901,SN-38,LOVO,-16.71873555,2,0
18384,PD325901,SN-38,MDAMB436,11.6121348,2,1
18388,PD325901,SN-38,NCIH23,-5.573449988,2,0
18389,PD325901,SN-38,NCIH460,10.52833838,2,1
18390,PD325901,SN-38,NCIH520,-3.55394939,2,0
18392,PD325901,SN-38,OV90,-5.165111963,2,0
18393,PD325901,SN-38,OVCAR3,31.58342868,2,1
18394,PD325901,SN-38,PA1,-4.714915947,2,0
18395,PD325901,SN-38,RKO,16.66798148,2,1
18396,PD325901,SN-38,RPMI7951,-7.191041943,2,0
18398,PD325901,SN-38,SKMES1,-6.091978749,2,0
18400,PD325901,SN-38,SW620,-3.554914437,2,0
18401,PD325901,SN-38,SW837,13.26230865,2,1
18402,PD325901,SN-38,T47D,11.71416405,2,1
18403,PD325901,SN-38,UACC62,-7.810269329,2,0
18408,PD325901,SORAFENIB,A2058,32.75493425,0,1
18409,PD325901,SORAFENIB,A2780,19.09481115,0,1
18410,PD325901,SORAFENIB,A375,16.3802921,0,1
18411,PD325901,SORAFENIB,A427,17.7874612,0,1
18412,PD325901,SORAFENIB,CAOV3,13.79423791,0,1
18414,PD325901,SORAFENIB,DLD1,30.22122,0,1
18415,PD325901,SORAFENIB,EFM192B,14.6828911,0,1
18417,PD325901,SORAFENIB,HCT116,32.04243007,0,1
18418,PD325901,SORAFENIB,HT144,16.4040749,0,1
18420,PD325901,SORAFENIB,KPL1,10.04884564,0,1
18422,PD325901,SORAFENIB,LOVO,14.53549672,0,1
18424,PD325901,SORAFENIB,MSTO,-23.53988819,0,0
18425,PD325901,SORAFENIB,NCIH1650,18.42957458,0,1
18426,PD325901,SORAFENIB,NCIH2122,32.4165219,0,1
18427,PD325901,SORAFENIB,NCIH23,25.50543739,0,1
18428,PD325901,SORAFENIB,NCIH460,27.78735242,0,1
18429,PD325901,SORAFENIB,NCIH520,16.13211451,0,1
18430,PD325901,SORAFENIB,OCUBM,29.82909691,0,1
18431,PD325901,SORAFENIB,OV90,18.55852293,0,1
18433,PD325901,SORAFENIB,PA1,16.60085246,0,1
18434,PD325901,SORAFENIB,RKO,49.22600161,0,1
18436,PD325901,SORAFENIB,SKMEL30,16.79739835,0,1
18437,PD325901,SORAFENIB,SKMES1,12.46305433,0,1
18438,PD325901,SORAFENIB,SKOV3,33.77086076,0,1
18439,PD325901,SORAFENIB,SW620,11.26528953,0,1
18440,PD325901,SORAFENIB,SW837,14.63574981,0,1
18441,PD325901,SORAFENIB,T47D,25.06654998,0,1
18443,PD325901,SORAFENIB,UWB1289,21.98340994,0,1
18444,PD325901,SORAFENIB,UWB1289BRCA1,12.79883812,0,1
18447,PD325901,TOPOTECAN,A2058,16.08300083,2,1
18448,PD325901,TOPOTECAN,A2780,20.06943462,2,1
18449,PD325901,TOPOTECAN,A375,-25.96691079,2,0
18450,PD325901,TOPOTECAN,A427,30.54030101,2,1
18451,PD325901,TOPOTECAN,CAOV3,14.91087794,2,1
18453,PD325901,TOPOTECAN,DLD1,25.25700463,2,1
18454,PD325901,TOPOTECAN,EFM192B,-2.346933343,2,0
18455,PD325901,TOPOTECAN,ES2,10.49474862,2,1
18456,PD325901,TOPOTECAN,HCT116,18.68125949,2,1
18457,PD325901,TOPOTECAN,HT144,30.22445686,2,1
18458,PD325901,TOPOTECAN,HT29,-0.465283936,2,0
18459,PD325901,TOPOTECAN,KPL1,17.52199801,2,1
18460,PD325901,TOPOTECAN,LNCAP,16.92889439,2,1
18461,PD325901,TOPOTECAN,LOVO,15.78240893,2,1
18462,PD325901,TOPOTECAN,MDAMB436,14.25649115,2,1
18465,PD325901,TOPOTECAN,NCIH2122,20.521786,2,1
18467,PD325901,TOPOTECAN,NCIH460,-6.699444096,2,0
18469,PD325901,TOPOTECAN,OCUBM,-2.329990166,2,0
18470,PD325901,TOPOTECAN,OV90,38.43309167,2,1
18471,PD325901,TOPOTECAN,OVCAR3,10.4657129,2,1
18472,PD325901,TOPOTECAN,PA1,-8.370020968,2,0
18473,PD325901,TOPOTECAN,RKO,24.55144325,2,1
18476,PD325901,TOPOTECAN,SKMES1,-10.56883635,2,0
18477,PD325901,TOPOTECAN,SKOV3,12.41689857,2,1
18478,PD325901,TOPOTECAN,SW620,21.0002154,2,1
18479,PD325901,TOPOTECAN,SW837,19.94572474,2,1
18480,PD325901,TOPOTECAN,T47D,13.09893093,2,1
18483,PD325901,TOPOTECAN,UWB1289BRCA1,10.97504813,2,1
18485,PD325901,TOPOTECAN,ZR751,28.15680851,2,1
18486,SN-38,DINACICLIB,A2058,-10.05562123,0,0
18487,SN-38,DINACICLIB,A2780,-9.046543044,0,0
18489,SN-38,DINACICLIB,A427,-8.093065635,0,0
18490,SN-38,DINACICLIB,CAOV3,-15.42359033,0,0
18491,SN-38,DINACICLIB,COLO320DM,-4.093550667,0,0
18492,SN-38,DINACICLIB,DLD1,-4.59778687,0,0
18493,SN-38,DINACICLIB,EFM192B,-11.74812241,0,0
18494,SN-38,DINACICLIB,ES2,-16.47125333,0,0
18495,SN-38,DINACICLIB,HCT116,-8.974550158,0,0
18496,SN-38,DINACICLIB,HT144,-10.90444835,0,0
18497,SN-38,DINACICLIB,HT29,-12.21497031,0,0
18498,SN-38,DINACICLIB,KPL1,-0.209029146,0,0
18499,SN-38,DINACICLIB,LNCAP,19.26589352,0,1
18500,SN-38,DINACICLIB,LOVO,-13.48023349,0,0
18501,SN-38,DINACICLIB,MDAMB436,-8.60032436,0,0
18502,SN-38,DINACICLIB,MSTO,-4.28061609,0,0
18503,SN-38,DINACICLIB,NCIH1650,-4.286396551,0,0
18504,SN-38,DINACICLIB,NCIH2122,-0.444027483,0,0
18505,SN-38,DINACICLIB,NCIH23,-4.550322411,0,0
18506,SN-38,DINACICLIB,NCIH460,-14.30283868,0,0
18507,SN-38,DINACICLIB,NCIH520,-10.64908493,0,0
18508,SN-38,DINACICLIB,OCUBM,-15.7923163,0,0
18509,SN-38,DINACICLIB,OV90,-29.13620799,0,0
18510,SN-38,DINACICLIB,OVCAR3,-6.253831823,0,0
18511,SN-38,DINACICLIB,PA1,-18.58064992,0,0
18512,SN-38,DINACICLIB,RKO,-8.1957909,0,0
18513,SN-38,DINACICLIB,RPMI7951,-8.676810023,0,0
18514,SN-38,DINACICLIB,SKMEL30,-9.757860159,0,0
18516,SN-38,DINACICLIB,SKOV3,-19.29037128,0,0
18517,SN-38,DINACICLIB,SW620,-12.57129115,0,0
18518,SN-38,DINACICLIB,SW837,-24.85242824,0,0
18519,SN-38,DINACICLIB,T47D,-36.17621345,0,0
18520,SN-38,DINACICLIB,UACC62,-8.809810938,0,0
18521,SN-38,DINACICLIB,UWB1289,-1.57811705,0,0
18522,SN-38,DINACICLIB,UWB1289BRCA1,-3.802060161,0,0
18524,SN-38,DINACICLIB,ZR751,-4.199193697,0,0
18525,SN-38,MK-8776,A2058,24.39934345,0,1
18526,SN-38,MK-8776,A2780,10.64265428,0,1
18527,SN-38,MK-8776,A375,15.87114198,0,1
18531,SN-38,MK-8776,DLD1,-10.25563212,0,0
18532,SN-38,MK-8776,EFM192B,12.02303617,0,1
18535,SN-38,MK-8776,HT144,10.14968548,0,1
18538,SN-38,MK-8776,LNCAP,26.25231838,0,1
18540,SN-38,MK-8776,MDAMB436,10.29531008,0,1
18543,SN-38,MK-8776,NCIH2122,-2.411768756,0,0
18545,SN-38,MK-8776,NCIH460,-5.444900654,0,0
18546,SN-38,MK-8776,NCIH520,13.00527638,0,1
18547,SN-38,MK-8776,OCUBM,20.25769347,0,1
18548,SN-38,MK-8776,OV90,-13.54692218,0,0
18549,SN-38,MK-8776,OVCAR3,71.55410751,0,1
18550,SN-38,MK-8776,PA1,-1.174239444,0,0
18551,SN-38,MK-8776,RKO,-5.694816583,0,0
18552,SN-38,MK-8776,RPMI7951,13.10092988,0,1
18553,SN-38,MK-8776,SKMEL30,27.813344,0,1
18554,SN-38,MK-8776,SKMES1,-8.446303205,0,0
18556,SN-38,MK-8776,SW620,-8.931740942,0,0
18557,SN-38,MK-8776,SW837,-12.37564347,0,0
18558,SN-38,MK-8776,T47D,-66.83200902,0,0
18559,SN-38,MK-8776,UACC62,-6.490483459,0,0
18560,SN-38,MK-8776,UWB1289,10.92705234,0,1
18561,SN-38,MK-8776,UWB1289BRCA1,-6.751071983,0,0
18562,SN-38,MK-8776,VCAP,13.89410924,0,1
18564,SN-38,SORAFENIB,A2058,-6.348046617,2,0
18566,SN-38,SORAFENIB,A375,24.54493163,2,1
18568,SN-38,SORAFENIB,CAOV3,-12.59745128,2,0
18570,SN-38,SORAFENIB,DLD1,16.10409341,2,1
18574,SN-38,SORAFENIB,HT144,12.04118184,2,1
18575,SN-38,SORAFENIB,HT29,-6.804718727,2,0
18577,SN-38,SORAFENIB,LNCAP,-31.58170357,2,0
18578,SN-38,SORAFENIB,LOVO,-5.286355419,2,0
18579,SN-38,SORAFENIB,MDAMB436,-5.486009226,2,0
18580,SN-38,SORAFENIB,MSTO,-11.87042325,2,0
18581,SN-38,SORAFENIB,NCIH1650,10.79908181,2,1
18583,SN-38,SORAFENIB,NCIH23,13.98336303,2,1
18584,SN-38,SORAFENIB,NCIH460,26.15363311,2,1
18587,SN-38,SORAFENIB,OV90,-7.579079564,2,0
18588,SN-38,SORAFENIB,OVCAR3,-12.0527256,2,0
18590,SN-38,SORAFENIB,RKO,12.18356941,2,1
18592,SN-38,SORAFENIB,SKMEL30,10.50454517,2,1
18593,SN-38,SORAFENIB,SKMES1,18.97658635,2,1
18595,SN-38,SORAFENIB,SW620,-1.277212057,2,0
18597,SN-38,SORAFENIB,T47D,-2.290388843,2,0
18599,SN-38,SORAFENIB,UWB1289,-2.470997034,2,0
18602,SN-38,SORAFENIB,ZR751,-6.926959586,2,0
18603,SORAFENIB,DINACICLIB,A2058,-3.545195817,1,0
18604,SORAFENIB,DINACICLIB,A2780,-9.695298226,1,0
18607,SORAFENIB,DINACICLIB,CAOV3,-8.924120183,1,0
18608,SORAFENIB,DINACICLIB,COLO320DM,-1.738111872,1,0
18609,SORAFENIB,DINACICLIB,DLD1,-0.057681898,1,0
18610,SORAFENIB,DINACICLIB,EFM192B,-8.386775185,1,0
18612,SORAFENIB,DINACICLIB,HCT116,-6.670753289,1,0
18613,SORAFENIB,DINACICLIB,HT144,-2.989873827,1,0
18614,SORAFENIB,DINACICLIB,HT29,-7.135307716,1,0
18615,SORAFENIB,DINACICLIB,KPL1,-13.04009017,1,0
18616,SORAFENIB,DINACICLIB,LNCAP,-11.80766207,1,0
18617,SORAFENIB,DINACICLIB,LOVO,-18.95008123,1,0
18618,SORAFENIB,DINACICLIB,MDAMB436,-7.739999451,1,0
18619,SORAFENIB,DINACICLIB,MSTO,-10.49483318,1,0
18620,SORAFENIB,DINACICLIB,NCIH1650,-5.343344598,1,0
18621,SORAFENIB,DINACICLIB,NCIH2122,-8.140356906,1,0
18622,SORAFENIB,DINACICLIB,NCIH23,-0.020053889,1,0
18623,SORAFENIB,DINACICLIB,NCIH460,-0.088977096,1,0
18624,SORAFENIB,DINACICLIB,NCIH520,-5.309622207,1,0
18625,SORAFENIB,DINACICLIB,OCUBM,-1.241379077,1,0
18626,SORAFENIB,DINACICLIB,OV90,-4.897878542,1,0
18627,SORAFENIB,DINACICLIB,OVCAR3,-17.70993046,1,0
18628,SORAFENIB,DINACICLIB,PA1,-6.989945869,1,0
18630,SORAFENIB,DINACICLIB,RPMI7951,-6.506789545,1,0
18631,SORAFENIB,DINACICLIB,SKMEL30,-6.345846964,1,0
18632,SORAFENIB,DINACICLIB,SKMES1,-3.864336409,1,0
18633,SORAFENIB,DINACICLIB,SKOV3,-12.96470758,1,0
18634,SORAFENIB,DINACICLIB,SW620,-5.91637017,1,0
18635,SORAFENIB,DINACICLIB,SW837,-10.32327934,1,0
18636,SORAFENIB,DINACICLIB,T47D,-4.42210441,1,0
18637,SORAFENIB,DINACICLIB,UACC62,-6.321733436,1,0
18638,SORAFENIB,DINACICLIB,UWB1289,-2.930214793,1,0
18639,SORAFENIB,DINACICLIB,UWB1289BRCA1,-7.241925258,1,0
18640,SORAFENIB,DINACICLIB,VCAP,-15.41333329,1,0
18641,SORAFENIB,DINACICLIB,ZR751,-27.86677853,1,0
18644,SORAFENIB,MK-8776,A375,17.85045276,4,1
18645,SORAFENIB,MK-8776,A427,18.40396437,4,1
18648,SORAFENIB,MK-8776,DLD1,12.61815397,4,1
18649,SORAFENIB,MK-8776,EFM192B,-6.215264784,4,0
18650,SORAFENIB,MK-8776,ES2,-10.31605772,4,0
18651,SORAFENIB,MK-8776,HCT116,10.6493467,4,1
18654,SORAFENIB,MK-8776,KPL1,-4.163951113,4,0
18656,SORAFENIB,MK-8776,LOVO,-8.251372237,4,0
18657,SORAFENIB,MK-8776,MDAMB436,-2.164745516,4,0
18658,SORAFENIB,MK-8776,MSTO,-9.256454168,4,0
18659,SORAFENIB,MK-8776,NCIH1650,10.33174762,4,1
18660,SORAFENIB,MK-8776,NCIH2122,-17.19224053,4,0
18661,SORAFENIB,MK-8776,NCIH23,-6.911091193,4,0
18662,SORAFENIB,MK-8776,NCIH460,13.98258114,4,1
18663,SORAFENIB,MK-8776,NCIH520,15.67720941,4,1
18666,SORAFENIB,MK-8776,OVCAR3,-26.12102771,4,0
18667,SORAFENIB,MK-8776,PA1,15.99403434,4,1
18668,SORAFENIB,MK-8776,RKO,-7.972423951,4,0
18669,SORAFENIB,MK-8776,RPMI7951,-10.88523682,4,0
18670,SORAFENIB,MK-8776,SKMEL30,-0.290270689,4,0
18671,SORAFENIB,MK-8776,SKMES1,-18.39657512,4,0
18672,SORAFENIB,MK-8776,SKOV3,-5.12246317,4,0
18674,SORAFENIB,MK-8776,SW837,-12.57022198,4,0
18675,SORAFENIB,MK-8776,T47D,10.56856272,4,1
18677,SORAFENIB,MK-8776,UWB1289,-6.950183804,4,0
18678,SORAFENIB,MK-8776,UWB1289BRCA1,-18.92562737,4,0
18679,SORAFENIB,MK-8776,VCAP,-0.425767363,4,0
18680,SORAFENIB,MK-8776,ZR751,-20.82098769,4,0
18681,SUNITINIB,ABT-888,A2058,11.55758507,4,1
18682,SUNITINIB,ABT-888,A2780,11.44960114,4,1
18683,SUNITINIB,ABT-888,A375,11.52389286,4,1
18684,SUNITINIB,ABT-888,A427,12.0689481,4,1
18685,SUNITINIB,ABT-888,CAOV3,13.55496947,4,1
18688,SUNITINIB,ABT-888,EFM192B,14.73063347,4,1
18690,SUNITINIB,ABT-888,HCT116,14.57453055,4,1
18692,SUNITINIB,ABT-888,HT29,11.58455981,4,1
18693,SUNITINIB,ABT-888,KPL1,12.3077714,4,1
18694,SUNITINIB,ABT-888,LNCAP,-0.837415958,4,0
18703,SUNITINIB,ABT-888,OCUBM,11.83497116,4,1
18706,SUNITINIB,ABT-888,PA1,13.10237481,4,1
18710,SUNITINIB,ABT-888,SKMES1,10.20990923,4,1
18711,SUNITINIB,ABT-888,SKOV3,10.45135183,4,1
18714,SUNITINIB,ABT-888,T47D,21.82066136,4,1
18715,SUNITINIB,ABT-888,UACC62,13.78434213,4,1
18716,SUNITINIB,ABT-888,UWB1289,10.60670564,4,1
18718,SUNITINIB,ABT-888,VCAP,13.40274261,4,1
18719,SUNITINIB,ABT-888,ZR751,-1.391696834,4,0
18720,SUNITINIB,AZD1775,A2058,-3.421858913,2,0
18721,SUNITINIB,AZD1775,A2780,-4.047938984,2,0
18723,SUNITINIB,AZD1775,A427,-0.220716613,2,0
18725,SUNITINIB,AZD1775,COLO320DM,-3.847038928,2,0
18727,SUNITINIB,AZD1775,EFM192B,-7.796097762,2,0
18731,SUNITINIB,AZD1775,HT29,-7.596774595,2,0
18733,SUNITINIB,AZD1775,LNCAP,-4.799060976,2,0
18734,SUNITINIB,AZD1775,LOVO,-0.626435798,2,0
18736,SUNITINIB,AZD1775,MSTO,-5.495271697,2,0
18737,SUNITINIB,AZD1775,NCIH1650,-3.310086855,2,0
18738,SUNITINIB,AZD1775,NCIH2122,-6.890146387,2,0
18739,SUNITINIB,AZD1775,NCIH23,-11.39252389,2,0
18740,SUNITINIB,AZD1775,NCIH460,-0.876154519,2,0
18745,SUNITINIB,AZD1775,PA1,-2.346546627,2,0
18746,SUNITINIB,AZD1775,RKO,-7.737022845,2,0
18748,SUNITINIB,AZD1775,SKMEL30,-5.36167626,2,0
18749,SUNITINIB,AZD1775,SKMES1,-0.539526185,2,0
18751,SUNITINIB,AZD1775,SW620,-7.940614741,2,0
18752,SUNITINIB,AZD1775,SW837,-9.964231481,2,0
18755,SUNITINIB,AZD1775,UWB1289,48.64333719,2,1
18756,SUNITINIB,AZD1775,UWB1289BRCA1,-1.223488319,2,0
18757,SUNITINIB,AZD1775,VCAP,-11.69308854,2,0
18758,SUNITINIB,AZD1775,ZR751,-6.11319733,2,0
18759,SUNITINIB,BEZ-235,A2058,24.66002217,1,1
18760,SUNITINIB,BEZ-235,A2780,15.63867698,1,1
18761,SUNITINIB,BEZ-235,A375,16.53402052,1,1
18762,SUNITINIB,BEZ-235,A427,31.47767467,1,1
18763,SUNITINIB,BEZ-235,CAOV3,15.89529796,1,1
18764,SUNITINIB,BEZ-235,COLO320DM,17.47480293,1,1
18765,SUNITINIB,BEZ-235,DLD1,21.19619196,1,1
18766,SUNITINIB,BEZ-235,EFM192B,11.7213516,1,1
18767,SUNITINIB,BEZ-235,ES2,16.40493038,1,1
18768,SUNITINIB,BEZ-235,HCT116,31.61578366,1,1
18769,SUNITINIB,BEZ-235,HT144,13.7282441,1,1
18770,SUNITINIB,BEZ-235,HT29,29.83266038,1,1
18771,SUNITINIB,BEZ-235,KPL1,19.49173852,1,1
18772,SUNITINIB,BEZ-235,LNCAP,53.16574069,1,1
18773,SUNITINIB,BEZ-235,LOVO,13.91173227,1,1
18774,SUNITINIB,BEZ-235,MDAMB436,21.19485885,1,1
18776,SUNITINIB,BEZ-235,NCIH1650,17.68545987,1,1
18777,SUNITINIB,BEZ-235,NCIH2122,24.65151692,1,1
18778,SUNITINIB,BEZ-235,NCIH23,10.80001785,1,1
18779,SUNITINIB,BEZ-235,NCIH460,32.62195013,1,1
18780,SUNITINIB,BEZ-235,NCIH520,13.35640294,1,1
18782,SUNITINIB,BEZ-235,OV90,20.52682538,1,1
18783,SUNITINIB,BEZ-235,OVCAR3,16.6835807,1,1
18784,SUNITINIB,BEZ-235,PA1,10.99367806,1,1
18785,SUNITINIB,BEZ-235,RKO,15.75321575,1,1
18786,SUNITINIB,BEZ-235,RPMI7951,13.40636508,1,1
18787,SUNITINIB,BEZ-235,SKMEL30,16.77545035,1,1
18788,SUNITINIB,BEZ-235,SKMES1,20.92319798,1,1
18789,SUNITINIB,BEZ-235,SKOV3,13.87900953,1,1
18790,SUNITINIB,BEZ-235,SW620,14.00794335,1,1
18791,SUNITINIB,BEZ-235,SW837,18.05369828,1,1
18792,SUNITINIB,BEZ-235,T47D,72.21669983,1,1
18793,SUNITINIB,BEZ-235,UACC62,20.03227489,1,1
18794,SUNITINIB,BEZ-235,UWB1289,24.42569447,1,1
18795,SUNITINIB,BEZ-235,UWB1289BRCA1,23.73447956,1,1
18796,SUNITINIB,BEZ-235,VCAP,32.79137954,1,1
18797,SUNITINIB,BEZ-235,ZR751,15.497119,1,1
18798,SUNITINIB,BORTEZOMIB,A2058,-3.789201191,4,0
18799,SUNITINIB,BORTEZOMIB,A2780,-4.073962558,4,0
18800,SUNITINIB,BORTEZOMIB,A375,-1.288482842,4,0
18801,SUNITINIB,BORTEZOMIB,A427,-3.704346694,4,0
18802,SUNITINIB,BORTEZOMIB,CAOV3,-10.75026614,4,0
18803,SUNITINIB,BORTEZOMIB,COLO320DM,-12.56003458,4,0
18805,SUNITINIB,BORTEZOMIB,EFM192B,-1.282864576,4,0
18806,SUNITINIB,BORTEZOMIB,ES2,-1.246230639,4,0
18807,SUNITINIB,BORTEZOMIB,HCT116,-4.261502744,4,0
18808,SUNITINIB,BORTEZOMIB,HT144,-6.670205292,4,0
18809,SUNITINIB,BORTEZOMIB,HT29,-9.481369315,4,0
18811,SUNITINIB,BORTEZOMIB,LNCAP,-11.13507221,4,0
18813,SUNITINIB,BORTEZOMIB,MDAMB436,-3.056366193,4,0
18814,SUNITINIB,BORTEZOMIB,MSTO,24.15870463,4,1
18815,SUNITINIB,BORTEZOMIB,NCIH1650,-6.335197539,4,0
18817,SUNITINIB,BORTEZOMIB,NCIH23,-11.42714897,4,0
18819,SUNITINIB,BORTEZOMIB,NCIH520,-21.27042427,4,0
18822,SUNITINIB,BORTEZOMIB,OVCAR3,-3.00214848,4,0
18823,SUNITINIB,BORTEZOMIB,PA1,-14.48060136,4,0
18824,SUNITINIB,BORTEZOMIB,RKO,-4.675703293,4,0
18825,SUNITINIB,BORTEZOMIB,RPMI7951,-11.23959783,4,0
18826,SUNITINIB,BORTEZOMIB,SKMEL30,-4.430028433,4,0
18827,SUNITINIB,BORTEZOMIB,SKMES1,-14.86661156,4,0
18828,SUNITINIB,BORTEZOMIB,SKOV3,-7.965745492,4,0
18829,SUNITINIB,BORTEZOMIB,SW620,-5.067798652,4,0
18830,SUNITINIB,BORTEZOMIB,SW837,-1.834328921,4,0
18832,SUNITINIB,BORTEZOMIB,UACC62,-6.5817428,4,0
18833,SUNITINIB,BORTEZOMIB,UWB1289,-11.48708888,4,0
18836,SUNITINIB,BORTEZOMIB,ZR751,-23.3950552,4,0
18837,SUNITINIB,DASATINIB,A2058,41.58251285,1,1
18838,SUNITINIB,DASATINIB,A2780,40.04370628,1,1
18839,SUNITINIB,DASATINIB,A375,33.82410935,1,1
18840,SUNITINIB,DASATINIB,A427,30.75548923,1,1
18841,SUNITINIB,DASATINIB,CAOV3,10.03191895,1,1
18842,SUNITINIB,DASATINIB,COLO320DM,16.21788578,1,1
18843,SUNITINIB,DASATINIB,DLD1,29.71713087,1,1
18844,SUNITINIB,DASATINIB,EFM192B,12.19867187,1,1
18845,SUNITINIB,DASATINIB,ES2,24.69207415,1,1
18846,SUNITINIB,DASATINIB,HCT116,38.9382048,1,1
18847,SUNITINIB,DASATINIB,HT144,-5.942262492,1,0
18848,SUNITINIB,DASATINIB,HT29,41.16852468,1,1
18849,SUNITINIB,DASATINIB,KPL1,18.41860479,1,1
18851,SUNITINIB,DASATINIB,LOVO,23.54768121,1,1
18852,SUNITINIB,DASATINIB,MDAMB436,24.70735759,1,1
18853,SUNITINIB,DASATINIB,MSTO,28.38551818,1,1
18854,SUNITINIB,DASATINIB,NCIH1650,26.83033164,1,1
18856,SUNITINIB,DASATINIB,NCIH23,28.32645801,1,1
18857,SUNITINIB,DASATINIB,NCIH460,29.15348207,1,1
18858,SUNITINIB,DASATINIB,NCIH520,31.99993727,1,1
18861,SUNITINIB,DASATINIB,OVCAR3,33.77453847,1,1
18862,SUNITINIB,DASATINIB,PA1,25.83703951,1,1
18863,SUNITINIB,DASATINIB,RKO,34.35606881,1,1
18867,SUNITINIB,DASATINIB,SKOV3,13.60723073,1,1
18868,SUNITINIB,DASATINIB,SW620,35.40155136,1,1
18869,SUNITINIB,DASATINIB,SW837,23.08920175,1,1
18871,SUNITINIB,DASATINIB,UACC62,26.17570936,1,1
18873,SUNITINIB,DASATINIB,UWB1289BRCA1,-6.857013872,1,0
18874,SUNITINIB,DASATINIB,VCAP,26.54232067,1,1
18875,SUNITINIB,DASATINIB,ZR751,11.44354811,1,1
18880,SUNITINIB,DINACICLIB,CAOV3,-1.859558828,0,0
18881,SUNITINIB,DINACICLIB,COLO320DM,11.0271216,0,1
18884,SUNITINIB,DINACICLIB,ES2,11.09337577,0,1
18885,SUNITINIB,DINACICLIB,HCT116,-1.621711541,0,0
18889,SUNITINIB,DINACICLIB,LNCAP,-4.863174995,0,0
18892,SUNITINIB,DINACICLIB,MSTO,-1.799244366,0,0
18896,SUNITINIB,DINACICLIB,NCIH460,10.87699769,0,1
18897,SUNITINIB,DINACICLIB,NCIH520,-0.410110115,0,0
18900,SUNITINIB,DINACICLIB,OVCAR3,12.69982929,0,1
18901,SUNITINIB,DINACICLIB,PA1,-3.170481639,0,0
18905,SUNITINIB,DINACICLIB,SKMES1,-5.429672303,0,0
18906,SUNITINIB,DINACICLIB,SKOV3,-9.48091285,0,0
18907,SUNITINIB,DINACICLIB,SW620,-2.08265384,0,0
18908,SUNITINIB,DINACICLIB,SW837,-13.36383855,0,0
18910,SUNITINIB,DINACICLIB,UACC62,15.10046951,0,1
18913,SUNITINIB,DINACICLIB,VCAP,21.01552975,0,1
18915,SUNITINIB,ERLOTINIB,A2058,14.10147138,2,1
18916,SUNITINIB,ERLOTINIB,A2780,10.11754804,2,1
18917,SUNITINIB,ERLOTINIB,A375,18.50229521,2,1
18919,SUNITINIB,ERLOTINIB,CAOV3,10.99519948,2,1
18921,SUNITINIB,ERLOTINIB,DLD1,20.27346526,2,1
18923,SUNITINIB,ERLOTINIB,ES2,14.96041528,2,1
18924,SUNITINIB,ERLOTINIB,HCT116,11.55839392,2,1
18926,SUNITINIB,ERLOTINIB,HT29,14.96300961,2,1
18927,SUNITINIB,ERLOTINIB,KPL1,12.06255291,2,1
18928,SUNITINIB,ERLOTINIB,LNCAP,-5.837167574,2,0
18929,SUNITINIB,ERLOTINIB,LOVO,16.80567643,2,1
18931,SUNITINIB,ERLOTINIB,MSTO,-55.64842832,2,0
18932,SUNITINIB,ERLOTINIB,NCIH1650,19.75175563,2,1
18933,SUNITINIB,ERLOTINIB,NCIH2122,21.39431817,2,1
18936,SUNITINIB,ERLOTINIB,NCIH520,14.98784454,2,1
18937,SUNITINIB,ERLOTINIB,OCUBM,12.11898354,2,1
18938,SUNITINIB,ERLOTINIB,OV90,10.17445049,2,1
18939,SUNITINIB,ERLOTINIB,OVCAR3,24.00778324,2,1
18943,SUNITINIB,ERLOTINIB,SKMEL30,12.35401244,2,1
18944,SUNITINIB,ERLOTINIB,SKMES1,22.52686829,2,1
18945,SUNITINIB,ERLOTINIB,SKOV3,18.2895051,2,1
18947,SUNITINIB,ERLOTINIB,SW837,12.82314889,2,1
18948,SUNITINIB,ERLOTINIB,T47D,24.14061823,2,1
18949,SUNITINIB,ERLOTINIB,UACC62,21.73023418,2,1
18950,SUNITINIB,ERLOTINIB,UWB1289,18.44633815,2,1
18951,SUNITINIB,ERLOTINIB,UWB1289BRCA1,18.55774619,2,1
18952,SUNITINIB,ERLOTINIB,VCAP,19.28318544,2,1
18953,SUNITINIB,ERLOTINIB,ZR751,13.46648924,2,1
18956,SUNITINIB,GELDANAMYCIN,A375,19.79244054,3,1
18959,SUNITINIB,GELDANAMYCIN,COLO320DM,13.39250616,3,1
18960,SUNITINIB,GELDANAMYCIN,DLD1,21.65739918,3,1
18963,SUNITINIB,GELDANAMYCIN,HCT116,23.73238862,3,1
18966,SUNITINIB,GELDANAMYCIN,KPL1,-0.644970978,3,0
18970,SUNITINIB,GELDANAMYCIN,MSTO,10.18286653,3,1
18972,SUNITINIB,GELDANAMYCIN,NCIH2122,-0.293559651,3,0
18973,SUNITINIB,GELDANAMYCIN,NCIH23,-6.556924997,3,0
18975,SUNITINIB,GELDANAMYCIN,NCIH520,-2.529266953,3,0
18976,SUNITINIB,GELDANAMYCIN,OCUBM,10.62063147,3,1
18977,SUNITINIB,GELDANAMYCIN,OV90,-4.510424389,3,0
18979,SUNITINIB,GELDANAMYCIN,PA1,17.61473324,3,1
18981,SUNITINIB,GELDANAMYCIN,RPMI7951,-4.932645741,3,0
18985,SUNITINIB,GELDANAMYCIN,SW620,-3.434700564,3,0
18986,SUNITINIB,GELDANAMYCIN,SW837,-5.613156432,3,0
18987,SUNITINIB,GELDANAMYCIN,T47D,24.2090514,3,1
18988,SUNITINIB,GELDANAMYCIN,UACC62,21.84465528,3,1
18989,SUNITINIB,GELDANAMYCIN,UWB1289,-8.699294999,3,0
18990,SUNITINIB,GELDANAMYCIN,UWB1289BRCA1,-9.143949744,3,0
18991,SUNITINIB,GELDANAMYCIN,VCAP,14.33991751,3,1
18992,SUNITINIB,GELDANAMYCIN,ZR751,-15.70454178,3,0
18993,SUNITINIB,LAPATINIB,A2058,32.91888222,3,1
18994,SUNITINIB,LAPATINIB,A2780,17.79272072,3,1
18995,SUNITINIB,LAPATINIB,A375,20.50422706,3,1
18997,SUNITINIB,LAPATINIB,CAOV3,18.58990194,3,1
18999,SUNITINIB,LAPATINIB,DLD1,28.92888281,3,1
19000,SUNITINIB,LAPATINIB,EFM192B,22.74417986,3,1
19001,SUNITINIB,LAPATINIB,ES2,12.99214476,3,1
19002,SUNITINIB,LAPATINIB,HCT116,21.41984894,3,1
19003,SUNITINIB,LAPATINIB,HT144,22.64869753,3,1
19004,SUNITINIB,LAPATINIB,HT29,15.29723726,3,1
19005,SUNITINIB,LAPATINIB,KPL1,14.68938282,3,1
19006,SUNITINIB,LAPATINIB,LNCAP,-17.74302313,3,0
19007,SUNITINIB,LAPATINIB,LOVO,22.24450212,3,1
19010,SUNITINIB,LAPATINIB,NCIH1650,26.40579566,3,1
19011,SUNITINIB,LAPATINIB,NCIH2122,26.21530343,3,1
19014,SUNITINIB,LAPATINIB,NCIH520,14.83637956,3,1
19015,SUNITINIB,LAPATINIB,OCUBM,25.78817394,3,1
19017,SUNITINIB,LAPATINIB,OVCAR3,27.94854565,3,1
19018,SUNITINIB,LAPATINIB,PA1,24.87308244,3,1
19021,SUNITINIB,LAPATINIB,SKMEL30,21.16736647,3,1
19022,SUNITINIB,LAPATINIB,SKMES1,20.30589915,3,1
19023,SUNITINIB,LAPATINIB,SKOV3,31.15298142,3,1
19025,SUNITINIB,LAPATINIB,SW837,22.79718607,3,1
19026,SUNITINIB,LAPATINIB,T47D,15.23508619,3,1
19027,SUNITINIB,LAPATINIB,UACC62,27.85347166,3,1
19028,SUNITINIB,LAPATINIB,UWB1289,13.66822325,3,1
19029,SUNITINIB,LAPATINIB,UWB1289BRCA1,13.88019291,3,1
19030,SUNITINIB,LAPATINIB,VCAP,24.3430227,3,1
19031,SUNITINIB,LAPATINIB,ZR751,18.85290195,3,1
19032,SUNITINIB,MK-2206,A2058,42.28215968,2,1
19033,SUNITINIB,MK-2206,A2780,22.4925017,2,1
19034,SUNITINIB,MK-2206,A375,12.95868027,2,1
19035,SUNITINIB,MK-2206,A427,15.56743721,2,1
19036,SUNITINIB,MK-2206,CAOV3,10.47892964,2,1
19037,SUNITINIB,MK-2206,COLO320DM,15.08322099,2,1
19038,SUNITINIB,MK-2206,DLD1,26.44611594,2,1
19040,SUNITINIB,MK-2206,ES2,11.97801764,2,1
19041,SUNITINIB,MK-2206,HCT116,28.55836726,2,1
19042,SUNITINIB,MK-2206,HT144,23.43195844,2,1
19043,SUNITINIB,MK-2206,HT29,35.49247373,2,1
19044,SUNITINIB,MK-2206,KPL1,32.70902397,2,1
19046,SUNITINIB,MK-2206,LOVO,24.36712124,2,1
19047,SUNITINIB,MK-2206,MDAMB436,14.4693219,2,1
19048,SUNITINIB,MK-2206,MSTO,-6.035027417,2,0
19049,SUNITINIB,MK-2206,NCIH1650,21.03615578,2,1
19050,SUNITINIB,MK-2206,NCIH2122,14.66882277,2,1
19052,SUNITINIB,MK-2206,NCIH460,29.00535904,2,1
19053,SUNITINIB,MK-2206,NCIH520,15.83898518,2,1
19054,SUNITINIB,MK-2206,OCUBM,-3.293458448,2,0
19056,SUNITINIB,MK-2206,OVCAR3,12.99268224,2,1
19057,SUNITINIB,MK-2206,PA1,39.77188453,2,1
19058,SUNITINIB,MK-2206,RKO,15.79464576,2,1
19059,SUNITINIB,MK-2206,RPMI7951,10.2812449,2,1
19060,SUNITINIB,MK-2206,SKMEL30,26.3444059,2,1
19061,SUNITINIB,MK-2206,SKMES1,24.43982611,2,1
19062,SUNITINIB,MK-2206,SKOV3,31.18890972,2,1
19063,SUNITINIB,MK-2206,SW620,16.97321159,2,1
19064,SUNITINIB,MK-2206,SW837,12.90082537,2,1
19065,SUNITINIB,MK-2206,T47D,14.30917005,2,1
19066,SUNITINIB,MK-2206,UACC62,34.74326094,2,1
19067,SUNITINIB,MK-2206,UWB1289,26.5000621,2,1
19068,SUNITINIB,MK-2206,UWB1289BRCA1,38.23378914,2,1
19069,SUNITINIB,MK-2206,VCAP,21.15676092,2,1
19070,SUNITINIB,MK-2206,ZR751,14.44972614,2,1
19071,SUNITINIB,MK-4827,A2058,-4.387178672,1,0
19072,SUNITINIB,MK-4827,A2780,-0.995208495,1,0
19075,SUNITINIB,MK-4827,CAOV3,-1.38998247,1,0
19079,SUNITINIB,MK-4827,ES2,-0.596448595,1,0
19081,SUNITINIB,MK-4827,HT144,-0.10733779,1,0
19083,SUNITINIB,MK-4827,KPL1,11.68729088,1,1
19084,SUNITINIB,MK-4827,LNCAP,-18.95486338,1,0
19087,SUNITINIB,MK-4827,MSTO,-7.901669785,1,0
19088,SUNITINIB,MK-4827,NCIH1650,-0.824095405,1,0
19089,SUNITINIB,MK-4827,NCIH2122,10.76980392,1,1
19090,SUNITINIB,MK-4827,NCIH23,-4.257797952,1,0
19091,SUNITINIB,MK-4827,NCIH460,-3.678163276,1,0
19094,SUNITINIB,MK-4827,OV90,-1.997198474,1,0
19095,SUNITINIB,MK-4827,OVCAR3,13.57399845,1,1
19096,SUNITINIB,MK-4827,PA1,-14.19756788,1,0
19097,SUNITINIB,MK-4827,RKO,-2.643642924,1,0
19098,SUNITINIB,MK-4827,RPMI7951,-13.22158697,1,0
19100,SUNITINIB,MK-4827,SKMES1,-0.383447446,1,0
19103,SUNITINIB,MK-4827,SW837,-8.318537982,1,0
19104,SUNITINIB,MK-4827,T47D,17.59457516,1,1
19109,SUNITINIB,MK-4827,ZR751,11.38948965,1,1
19110,SUNITINIB,MK-5108,A2058,-6.071754351,0,0
19112,SUNITINIB,MK-5108,A375,12.00671954,0,1
19114,SUNITINIB,MK-5108,CAOV3,-5.4901884,0,0
19117,SUNITINIB,MK-5108,EFM192B,-6.148960343,0,0
19119,SUNITINIB,MK-5108,HCT116,11.43412023,0,1
19120,SUNITINIB,MK-5108,HT144,-0.989572305,0,0
19123,SUNITINIB,MK-5108,LNCAP,-24.4631434,0,0
19127,SUNITINIB,MK-5108,NCIH1650,-1.016252826,0,0
19128,SUNITINIB,MK-5108,NCIH2122,-2.156589462,0,0
19129,SUNITINIB,MK-5108,NCIH23,-7.521024777,0,0
19130,SUNITINIB,MK-5108,NCIH460,-6.118623906,0,0
19131,SUNITINIB,MK-5108,NCIH520,-2.208129952,0,0
19132,SUNITINIB,MK-5108,OCUBM,-11.3783538,0,0
19137,SUNITINIB,MK-5108,RPMI7951,-14.12451317,0,0
19139,SUNITINIB,MK-5108,SKMES1,-6.99550949,0,0
19141,SUNITINIB,MK-5108,SW620,12.26858616,0,1
19142,SUNITINIB,MK-5108,SW837,-5.099103008,0,0
19145,SUNITINIB,MK-5108,UWB1289,-0.992292919,0,0
19147,SUNITINIB,MK-5108,VCAP,-2.336895757,0,0
19148,SUNITINIB,MK-5108,ZR751,-2.535758746,0,0
19149,SUNITINIB,MK-8669,A2058,39.69465197,4,1
19150,SUNITINIB,MK-8669,A2780,20.37346981,4,1
19151,SUNITINIB,MK-8669,A375,30.14062261,4,1
19152,SUNITINIB,MK-8669,A427,24.12233199,4,1
19153,SUNITINIB,MK-8669,CAOV3,21.1508162,4,1
19154,SUNITINIB,MK-8669,COLO320DM,18.5081234,4,1
19155,SUNITINIB,MK-8669,DLD1,32.93390159,4,1
19156,SUNITINIB,MK-8669,EFM192B,21.23463177,4,1
19157,SUNITINIB,MK-8669,ES2,35.48605718,4,1
19158,SUNITINIB,MK-8669,HCT116,21.90438438,4,1
19159,SUNITINIB,MK-8669,HT144,35.08260116,4,1
19160,SUNITINIB,MK-8669,HT29,27.90031264,4,1
19161,SUNITINIB,MK-8669,KPL1,26.82422619,4,1
19162,SUNITINIB,MK-8669,LNCAP,11.21111534,4,1
19163,SUNITINIB,MK-8669,LOVO,21.18513113,4,1
19164,SUNITINIB,MK-8669,MDAMB436,16.76369474,4,1
19165,SUNITINIB,MK-8669,MSTO,15.38136735,4,1
19166,SUNITINIB,MK-8669,NCIH1650,22.68912093,4,1
19167,SUNITINIB,MK-8669,NCIH2122,31.07778854,4,1
19168,SUNITINIB,MK-8669,NCIH23,30.99170677,4,1
19169,SUNITINIB,MK-8669,NCIH460,27.40670646,4,1
19170,SUNITINIB,MK-8669,NCIH520,19.16954955,4,1
19171,SUNITINIB,MK-8669,OCUBM,15.95680594,4,1
19172,SUNITINIB,MK-8669,OV90,24.22191439,4,1
19173,SUNITINIB,MK-8669,OVCAR3,27.82408105,4,1
19174,SUNITINIB,MK-8669,PA1,29.03137749,4,1
19175,SUNITINIB,MK-8669,RKO,19.37373885,4,1
19176,SUNITINIB,MK-8669,RPMI7951,20.17710525,4,1
19177,SUNITINIB,MK-8669,SKMEL30,27.13818651,4,1
19178,SUNITINIB,MK-8669,SKMES1,22.25602228,4,1
19179,SUNITINIB,MK-8669,SKOV3,37.92118634,4,1
19180,SUNITINIB,MK-8669,SW620,18.07250554,4,1
19182,SUNITINIB,MK-8669,T47D,35.21040548,4,1
19183,SUNITINIB,MK-8669,UACC62,37.77738472,4,1
19184,SUNITINIB,MK-8669,UWB1289,29.61394803,4,1
19185,SUNITINIB,MK-8669,UWB1289BRCA1,28.90203175,4,1
19186,SUNITINIB,MK-8669,VCAP,18.12398406,4,1
19187,SUNITINIB,MK-8669,ZR751,33.32250999,4,1
19188,SUNITINIB,MK-8776,A2058,26.42253802,2,1
19189,SUNITINIB,MK-8776,A2780,14.48162871,2,1
19190,SUNITINIB,MK-8776,A375,29.50824541,2,1
19191,SUNITINIB,MK-8776,A427,17.50909213,2,1
19192,SUNITINIB,MK-8776,CAOV3,17.73092753,2,1
19193,SUNITINIB,MK-8776,COLO320DM,10.32170753,2,1
19197,SUNITINIB,MK-8776,HCT116,19.27422656,2,1
19199,SUNITINIB,MK-8776,HT29,14.51828625,2,1
19200,SUNITINIB,MK-8776,KPL1,12.70286218,2,1
19201,SUNITINIB,MK-8776,LNCAP,-8.476897484,2,0
19204,SUNITINIB,MK-8776,MSTO,-10.82486857,2,0
19206,SUNITINIB,MK-8776,NCIH2122,-14.96504772,2,0
19207,SUNITINIB,MK-8776,NCIH23,-7.600824792,2,0
19213,SUNITINIB,MK-8776,PA1,18.85961614,2,1
19215,SUNITINIB,MK-8776,RPMI7951,-16.66751866,2,0
19216,SUNITINIB,MK-8776,SKMEL30,10.24802404,2,1
19217,SUNITINIB,MK-8776,SKMES1,-12.1713736,2,0
19218,SUNITINIB,MK-8776,SKOV3,-7.402815885,2,0
19219,SUNITINIB,MK-8776,SW620,10.50611998,2,1
19220,SUNITINIB,MK-8776,SW837,-4.96875227,2,0
19221,SUNITINIB,MK-8776,T47D,13.08571456,2,1
19222,SUNITINIB,MK-8776,UACC62,18.8422031,2,1
19223,SUNITINIB,MK-8776,UWB1289,-10.38613876,2,0
19224,SUNITINIB,MK-8776,UWB1289BRCA1,-23.00522884,2,0
19225,SUNITINIB,MK-8776,VCAP,12.0059817,2,1
19227,SUNITINIB,OXALIPLATIN,A2058,-4.427608427,3,0
19228,SUNITINIB,OXALIPLATIN,A2780,-2.991848419,3,0
19229,SUNITINIB,OXALIPLATIN,A375,-5.753885712,3,0
19231,SUNITINIB,OXALIPLATIN,CAOV3,-6.761399738,3,0
19233,SUNITINIB,OXALIPLATIN,DLD1,-6.12573237,3,0
19234,SUNITINIB,OXALIPLATIN,EFM192B,-9.780901583,3,0
19235,SUNITINIB,OXALIPLATIN,ES2,-10.70424767,3,0
19236,SUNITINIB,OXALIPLATIN,HCT116,-2.761434454,3,0
19237,SUNITINIB,OXALIPLATIN,HT144,-9.520072906,3,0
19238,SUNITINIB,OXALIPLATIN,HT29,-2.381448696,3,0
19240,SUNITINIB,OXALIPLATIN,LNCAP,-9.24294204,3,0
19241,SUNITINIB,OXALIPLATIN,LOVO,-3.221487713,3,0
19242,SUNITINIB,OXALIPLATIN,MDAMB436,-11.76718544,3,0
19243,SUNITINIB,OXALIPLATIN,MSTO,-10.57727853,3,0
19244,SUNITINIB,OXALIPLATIN,NCIH1650,-6.20879139,3,0
19245,SUNITINIB,OXALIPLATIN,NCIH2122,-7.259412273,3,0
19246,SUNITINIB,OXALIPLATIN,NCIH23,-18.34910417,3,0
19247,SUNITINIB,OXALIPLATIN,NCIH460,-14.16787081,3,0
19248,SUNITINIB,OXALIPLATIN,NCIH520,-8.118597185,3,0
19250,SUNITINIB,OXALIPLATIN,OV90,-9.504166825,3,0
19251,SUNITINIB,OXALIPLATIN,OVCAR3,-4.338031573,3,0
19252,SUNITINIB,OXALIPLATIN,PA1,-14.66035141,3,0
19253,SUNITINIB,OXALIPLATIN,RKO,-11.62244957,3,0
19254,SUNITINIB,OXALIPLATIN,RPMI7951,-30.95236774,3,0
19255,SUNITINIB,OXALIPLATIN,SKMEL30,-7.445609627,3,0
19256,SUNITINIB,OXALIPLATIN,SKMES1,-1.30740982,3,0
19258,SUNITINIB,OXALIPLATIN,SW620,-5.112277629,3,0
19259,SUNITINIB,OXALIPLATIN,SW837,-9.789146426,3,0
19261,SUNITINIB,OXALIPLATIN,UACC62,-8.757806778,3,0
19264,SUNITINIB,OXALIPLATIN,VCAP,-4.581335943,3,0
19265,SUNITINIB,OXALIPLATIN,ZR751,-4.373484872,3,0
19266,SUNITINIB,PD325901,A2058,16.76693541,4,1
19267,SUNITINIB,PD325901,A2780,26.97542363,4,1
19268,SUNITINIB,PD325901,A375,22.88545819,4,1
19269,SUNITINIB,PD325901,A427,20.14544689,4,1
19270,SUNITINIB,PD325901,CAOV3,14.76424929,4,1
19271,SUNITINIB,PD325901,COLO320DM,11.35105663,4,1
19272,SUNITINIB,PD325901,DLD1,17.8984189,4,1
19273,SUNITINIB,PD325901,EFM192B,17.23864216,4,1
19274,SUNITINIB,PD325901,ES2,29.24674292,4,1
19275,SUNITINIB,PD325901,HCT116,33.46939087,4,1
19277,SUNITINIB,PD325901,HT29,14.01496262,4,1
19278,SUNITINIB,PD325901,KPL1,10.0165939,4,1
19279,SUNITINIB,PD325901,LNCAP,-3.569953902,4,0
19281,SUNITINIB,PD325901,MDAMB436,13.62489834,4,1
19282,SUNITINIB,PD325901,MSTO,14.4513459,4,1
19284,SUNITINIB,PD325901,NCIH2122,15.48319124,4,1
19285,SUNITINIB,PD325901,NCIH23,11.67133532,4,1
19286,SUNITINIB,PD325901,NCIH460,16.30292281,4,1
19287,SUNITINIB,PD325901,NCIH520,10.33363661,4,1
19288,SUNITINIB,PD325901,OCUBM,18.31494416,4,1
19290,SUNITINIB,PD325901,OVCAR3,16.12014432,4,1
19291,SUNITINIB,PD325901,PA1,20.41320836,4,1
19292,SUNITINIB,PD325901,RKO,27.81362587,4,1
19293,SUNITINIB,PD325901,RPMI7951,-4.169719613,4,0
19294,SUNITINIB,PD325901,SKMEL30,11.76763718,4,1
19295,SUNITINIB,PD325901,SKMES1,12.58755568,4,1
19296,SUNITINIB,PD325901,SKOV3,18.65118726,4,1
19299,SUNITINIB,PD325901,T47D,22.51885969,4,1
19301,SUNITINIB,PD325901,UWB1289,18.66901023,4,1
19302,SUNITINIB,PD325901,UWB1289BRCA1,11.93945366,4,1
19303,SUNITINIB,PD325901,VCAP,18.99671501,4,1
19304,SUNITINIB,PD325901,ZR751,-5.620822449,4,0
19305,SUNITINIB,SN-38,A2058,-5.573718765,1,0
19307,SUNITINIB,SN-38,A375,15.06742548,1,1
19308,SUNITINIB,SN-38,A427,-0.497387424,1,0
19309,SUNITINIB,SN-38,CAOV3,-1.680760145,1,0
19310,SUNITINIB,SN-38,COLO320DM,11.01220045,1,1
19312,SUNITINIB,SN-38,EFM192B,13.86401441,1,1
19313,SUNITINIB,SN-38,ES2,10.17974375,1,1
19316,SUNITINIB,SN-38,HT29,-2.130163866,1,0
19317,SUNITINIB,SN-38,KPL1,19.42153662,1,1
19318,SUNITINIB,SN-38,LNCAP,-1.666294775,1,0
19322,SUNITINIB,SN-38,NCIH1650,16.09036689,1,1
19325,SUNITINIB,SN-38,NCIH460,19.46790785,1,1
19328,SUNITINIB,SN-38,OV90,-6.557606175,1,0
19330,SUNITINIB,SN-38,PA1,-3.0377706,1,0
19332,SUNITINIB,SN-38,RPMI7951,11.68257346,1,1
19334,SUNITINIB,SN-38,SKMES1,18.58493221,1,1
19336,SUNITINIB,SN-38,SW620,-1.174906796,1,0
19338,SUNITINIB,SN-38,T47D,10.60433388,1,1
19340,SUNITINIB,SN-38,UWB1289,-4.796675783,1,0
19342,SUNITINIB,SN-38,VCAP,18.63320712,1,1
19343,SUNITINIB,SN-38,ZR751,-14.27012356,1,0
19344,SUNITINIB,SORAFENIB,A2058,-4.861110278,3,0
19345,SUNITINIB,SORAFENIB,A2780,-3.44595291,3,0
19348,SUNITINIB,SORAFENIB,CAOV3,-6.608898434,3,0
19349,SUNITINIB,SORAFENIB,COLO320DM,-0.511372057,3,0
19351,SUNITINIB,SORAFENIB,EFM192B,-3.574109469,3,0
19355,SUNITINIB,SORAFENIB,HT29,-3.393707479,3,0
19356,SUNITINIB,SORAFENIB,KPL1,-4.921306255,3,0
19357,SUNITINIB,SORAFENIB,LNCAP,-15.96997332,3,0
19358,SUNITINIB,SORAFENIB,LOVO,-5.681687192,3,0
19359,SUNITINIB,SORAFENIB,MDAMB436,-7.507104181,3,0
19360,SUNITINIB,SORAFENIB,MSTO,-20.86987375,3,0
19361,SUNITINIB,SORAFENIB,NCIH1650,-1.202664846,3,0
19362,SUNITINIB,SORAFENIB,NCIH2122,-4.013638694,3,0
19363,SUNITINIB,SORAFENIB,NCIH23,-3.949715964,3,0
19364,SUNITINIB,SORAFENIB,NCIH460,-0.089599002,3,0
19365,SUNITINIB,SORAFENIB,NCIH520,-1.812117181,3,0
19368,SUNITINIB,SORAFENIB,OVCAR3,-11.87287581,3,0
19369,SUNITINIB,SORAFENIB,PA1,-4.820600531,3,0
19370,SUNITINIB,SORAFENIB,RKO,-3.788890106,3,0
19371,SUNITINIB,SORAFENIB,RPMI7951,-11.48395923,3,0
19373,SUNITINIB,SORAFENIB,SKMES1,-9.970090741,3,0
19374,SUNITINIB,SORAFENIB,SKOV3,-6.110633478,3,0
19375,SUNITINIB,SORAFENIB,SW620,-2.035418094,3,0
19376,SUNITINIB,SORAFENIB,SW837,-8.032003855,3,0
19379,SUNITINIB,SORAFENIB,UWB1289,-1.924877905,3,0
19380,SUNITINIB,SORAFENIB,UWB1289BRCA1,-3.074745541,3,0
19381,SUNITINIB,SORAFENIB,VCAP,-5.333325203,3,0
19382,SUNITINIB,SORAFENIB,ZR751,-8.202305525,3,0
19384,SUNITINIB,TEMOZOLOMIDE,A2780,15.38175408,2,1
19386,SUNITINIB,TEMOZOLOMIDE,A427,26.70372495,2,1
19387,SUNITINIB,TEMOZOLOMIDE,CAOV3,-5.808996324,2,0
19388,SUNITINIB,TEMOZOLOMIDE,COLO320DM,15.94190612,2,1
19389,SUNITINIB,TEMOZOLOMIDE,DLD1,10.4201818,2,1
19390,SUNITINIB,TEMOZOLOMIDE,EFM192B,-5.509028117,2,0
19391,SUNITINIB,TEMOZOLOMIDE,ES2,-1.173216865,2,0
19392,SUNITINIB,TEMOZOLOMIDE,HCT116,18.16071685,2,1
19393,SUNITINIB,TEMOZOLOMIDE,HT144,-6.557315683,2,0
19394,SUNITINIB,TEMOZOLOMIDE,HT29,10.31875696,2,1
19396,SUNITINIB,TEMOZOLOMIDE,LNCAP,-4.426995447,2,0
19399,SUNITINIB,TEMOZOLOMIDE,MSTO,12.72894503,2,1
19400,SUNITINIB,TEMOZOLOMIDE,NCIH1650,-2.186762907,2,0
19402,SUNITINIB,TEMOZOLOMIDE,NCIH23,-4.136447747,2,0
19404,SUNITINIB,TEMOZOLOMIDE,NCIH520,12.85113059,2,1
19405,SUNITINIB,TEMOZOLOMIDE,OCUBM,-4.164940496,2,0
19408,SUNITINIB,TEMOZOLOMIDE,PA1,10.06139886,2,1
19410,SUNITINIB,TEMOZOLOMIDE,RPMI7951,-15.69254211,2,0
19411,SUNITINIB,TEMOZOLOMIDE,SKMEL30,18.78838332,2,1
19412,SUNITINIB,TEMOZOLOMIDE,SKMES1,20.64774615,2,1
19413,SUNITINIB,TEMOZOLOMIDE,SKOV3,11.19978585,2,1
19414,SUNITINIB,TEMOZOLOMIDE,SW620,16.45155817,2,1
19415,SUNITINIB,TEMOZOLOMIDE,SW837,-9.052458242,2,0
19417,SUNITINIB,TEMOZOLOMIDE,UACC62,11.3085617,2,1
19418,SUNITINIB,TEMOZOLOMIDE,UWB1289,12.50129045,2,1
19420,SUNITINIB,TEMOZOLOMIDE,VCAP,18.06898275,2,1
19421,SUNITINIB,TEMOZOLOMIDE,ZR751,-20.71692107,2,0
19422,SUNITINIB,TOPOTECAN,A2058,-7.878076211,2,0
19424,SUNITINIB,TOPOTECAN,A375,-9.162108,2,0
19425,SUNITINIB,TOPOTECAN,A427,12.74112358,2,1
19428,SUNITINIB,TOPOTECAN,DLD1,-13.64395857,2,0
19430,SUNITINIB,TOPOTECAN,ES2,-9.187216032,2,0
19431,SUNITINIB,TOPOTECAN,HCT116,-1.089935583,2,0
19432,SUNITINIB,TOPOTECAN,HT144,-6.779262802,2,0
19433,SUNITINIB,TOPOTECAN,HT29,-17.94488035,2,0
19434,SUNITINIB,TOPOTECAN,KPL1,16.23647354,2,1
19435,SUNITINIB,TOPOTECAN,LNCAP,-15.1695617,2,0
19436,SUNITINIB,TOPOTECAN,LOVO,-2.977936625,2,0
19437,SUNITINIB,TOPOTECAN,MDAMB436,-6.770040716,2,0
19438,SUNITINIB,TOPOTECAN,MSTO,-6.358478211,2,0
19441,SUNITINIB,TOPOTECAN,NCIH23,-12.06479848,2,0
19442,SUNITINIB,TOPOTECAN,NCIH460,-0.447544343,2,0
19443,SUNITINIB,TOPOTECAN,NCIH520,-0.932909457,2,0
19444,SUNITINIB,TOPOTECAN,OCUBM,-4.50141731,2,0
19445,SUNITINIB,TOPOTECAN,OV90,-14.40264226,2,0
19446,SUNITINIB,TOPOTECAN,OVCAR3,-33.06806292,2,0
19447,SUNITINIB,TOPOTECAN,PA1,-6.620154513,2,0
19448,SUNITINIB,TOPOTECAN,RKO,-2.247449962,2,0
19449,SUNITINIB,TOPOTECAN,RPMI7951,-6.236702466,2,0
19451,SUNITINIB,TOPOTECAN,SKMES1,-5.005911562,2,0
19452,SUNITINIB,TOPOTECAN,SKOV3,-11.46861828,2,0
19454,SUNITINIB,TOPOTECAN,SW837,-5.680591548,2,0
19455,SUNITINIB,TOPOTECAN,T47D,-23.30031907,2,0
19456,SUNITINIB,TOPOTECAN,UACC62,-4.968162568,2,0
19457,SUNITINIB,TOPOTECAN,UWB1289,-12.7867775,2,0
19458,SUNITINIB,TOPOTECAN,UWB1289BRCA1,-4.072827587,2,0
19460,SUNITINIB,TOPOTECAN,ZR751,-0.270612368,2,0
19461,TEMOZOLOMIDE,ABT-888,A2058,41.18812185,4,1
19462,TEMOZOLOMIDE,ABT-888,A2780,54.41816094,4,1
19463,TEMOZOLOMIDE,ABT-888,A375,30.29916003,4,1
19464,TEMOZOLOMIDE,ABT-888,A427,29.9477946,4,1
19465,TEMOZOLOMIDE,ABT-888,CAOV3,24.44841261,4,1
19467,TEMOZOLOMIDE,ABT-888,DLD1,-0.089774458,4,0
19470,TEMOZOLOMIDE,ABT-888,HCT116,17.00098185,4,1
19471,TEMOZOLOMIDE,ABT-888,HT144,-1.515180802,4,0
19474,TEMOZOLOMIDE,ABT-888,LNCAP,37.16690416,4,1
19476,TEMOZOLOMIDE,ABT-888,MDAMB436,42.31099657,4,1
19477,TEMOZOLOMIDE,ABT-888,MSTO,52.39294276,4,1
19478,TEMOZOLOMIDE,ABT-888,NCIH1650,-31.11345697,4,0
19480,TEMOZOLOMIDE,ABT-888,NCIH23,11.95335623,4,1
19481,TEMOZOLOMIDE,ABT-888,NCIH460,13.16835364,4,1
19482,TEMOZOLOMIDE,ABT-888,NCIH520,18.9810528,4,1
19483,TEMOZOLOMIDE,ABT-888,OCUBM,64.50570371,4,1
19485,TEMOZOLOMIDE,ABT-888,OVCAR3,31.18018303,4,1
19486,TEMOZOLOMIDE,ABT-888,PA1,43.06352049,4,1
19487,TEMOZOLOMIDE,ABT-888,RKO,-17.732365,4,0
19488,TEMOZOLOMIDE,ABT-888,RPMI7951,10.42340726,4,1
19489,TEMOZOLOMIDE,ABT-888,SKMEL30,20.66058706,4,1
19490,TEMOZOLOMIDE,ABT-888,SKMES1,22.89415432,4,1
19491,TEMOZOLOMIDE,ABT-888,SKOV3,-8.654044671,4,0
19492,TEMOZOLOMIDE,ABT-888,SW620,19.77965247,4,1
19493,TEMOZOLOMIDE,ABT-888,SW837,-12.75101612,4,0
19495,TEMOZOLOMIDE,ABT-888,UACC62,16.77933683,4,1
19496,TEMOZOLOMIDE,ABT-888,UWB1289,29.53483447,4,1
19497,TEMOZOLOMIDE,ABT-888,UWB1289BRCA1,20.01145863,4,1
19498,TEMOZOLOMIDE,ABT-888,VCAP,-32.87918239,4,0
19499,TEMOZOLOMIDE,ABT-888,ZR751,-48.17928606,4,0
19500,TEMOZOLOMIDE,AZD1775,A2058,38.79701735,4,1
19501,TEMOZOLOMIDE,AZD1775,A2780,14.64199978,4,1
19502,TEMOZOLOMIDE,AZD1775,A375,14.65640737,4,1
19503,TEMOZOLOMIDE,AZD1775,A427,49.3801093,4,1
19504,TEMOZOLOMIDE,AZD1775,CAOV3,14.22264144,4,1
19505,TEMOZOLOMIDE,AZD1775,COLO320DM,19.97321989,4,1
19507,TEMOZOLOMIDE,AZD1775,EFM192B,-29.46794243,4,0
19508,TEMOZOLOMIDE,AZD1775,ES2,-0.106121306,4,0
19511,TEMOZOLOMIDE,AZD1775,HT29,15.22300303,4,1
19513,TEMOZOLOMIDE,AZD1775,LNCAP,-3.760867345,4,0
19515,TEMOZOLOMIDE,AZD1775,MDAMB436,19.5107949,4,1
19516,TEMOZOLOMIDE,AZD1775,MSTO,30.4450859,4,1
19517,TEMOZOLOMIDE,AZD1775,NCIH1650,12.94751331,4,1
19522,TEMOZOLOMIDE,AZD1775,OCUBM,21.99311195,4,1
19524,TEMOZOLOMIDE,AZD1775,OVCAR3,19.60234753,4,1
19525,TEMOZOLOMIDE,AZD1775,PA1,11.89445186,4,1
19527,TEMOZOLOMIDE,AZD1775,RPMI7951,27.88745323,4,1
19528,TEMOZOLOMIDE,AZD1775,SKMEL30,36.70677336,4,1
19529,TEMOZOLOMIDE,AZD1775,SKMES1,30.41800861,4,1
19530,TEMOZOLOMIDE,AZD1775,SKOV3,21.58212515,4,1
19531,TEMOZOLOMIDE,AZD1775,SW620,18.64742512,4,1
19533,TEMOZOLOMIDE,AZD1775,T47D,-25.59398837,4,0
19534,TEMOZOLOMIDE,AZD1775,UACC62,15.40639338,4,1
19535,TEMOZOLOMIDE,AZD1775,UWB1289,105.5375668,4,1
19536,TEMOZOLOMIDE,AZD1775,UWB1289BRCA1,10.19698128,4,1
19537,TEMOZOLOMIDE,AZD1775,VCAP,24.63421476,4,1
19538,TEMOZOLOMIDE,AZD1775,ZR751,-58.15455341,4,0
19539,TEMOZOLOMIDE,BEZ-235,A2058,19.67095893,4,1
19540,TEMOZOLOMIDE,BEZ-235,A2780,27.79783309,4,1
19541,TEMOZOLOMIDE,BEZ-235,A375,24.82541767,4,1
19542,TEMOZOLOMIDE,BEZ-235,A427,51.58449359,4,1
19543,TEMOZOLOMIDE,BEZ-235,CAOV3,37.92546499,4,1
19544,TEMOZOLOMIDE,BEZ-235,COLO320DM,34.75499386,4,1
19545,TEMOZOLOMIDE,BEZ-235,DLD1,11.37351067,4,1
19546,TEMOZOLOMIDE,BEZ-235,EFM192B,13.04485924,4,1
19547,TEMOZOLOMIDE,BEZ-235,ES2,32.65065026,4,1
19548,TEMOZOLOMIDE,BEZ-235,HCT116,16.34653221,4,1
19549,TEMOZOLOMIDE,BEZ-235,HT144,11.33819499,4,1
19550,TEMOZOLOMIDE,BEZ-235,HT29,20.71305958,4,1
19551,TEMOZOLOMIDE,BEZ-235,KPL1,14.44064705,4,1
19552,TEMOZOLOMIDE,BEZ-235,LNCAP,97.13551468,4,1
19553,TEMOZOLOMIDE,BEZ-235,LOVO,22.24472167,4,1
19554,TEMOZOLOMIDE,BEZ-235,MDAMB436,23.51434795,4,1
19555,TEMOZOLOMIDE,BEZ-235,MSTO,45.02924651,4,1
19559,TEMOZOLOMIDE,BEZ-235,NCIH460,23.5558071,4,1
19560,TEMOZOLOMIDE,BEZ-235,NCIH520,20.70259235,4,1
19561,TEMOZOLOMIDE,BEZ-235,OCUBM,26.1457118,4,1
19562,TEMOZOLOMIDE,BEZ-235,OV90,24.87437084,4,1
19563,TEMOZOLOMIDE,BEZ-235,OVCAR3,18.8815331,4,1
19564,TEMOZOLOMIDE,BEZ-235,PA1,23.70126551,4,1
19565,TEMOZOLOMIDE,BEZ-235,RKO,-11.9422058,4,0
19566,TEMOZOLOMIDE,BEZ-235,RPMI7951,25.29538226,4,1
19567,TEMOZOLOMIDE,BEZ-235,SKMEL30,44.49785815,4,1
19568,TEMOZOLOMIDE,BEZ-235,SKMES1,45.57471861,4,1
19571,TEMOZOLOMIDE,BEZ-235,SW837,21.38063848,4,1
19572,TEMOZOLOMIDE,BEZ-235,T47D,125.5331215,4,1
19573,TEMOZOLOMIDE,BEZ-235,UACC62,29.67509151,4,1
19574,TEMOZOLOMIDE,BEZ-235,UWB1289,39.38293256,4,1
19575,TEMOZOLOMIDE,BEZ-235,UWB1289BRCA1,41.39320229,4,1
19576,TEMOZOLOMIDE,BEZ-235,VCAP,11.79106386,4,1
19578,TEMOZOLOMIDE,BORTEZOMIB,A2058,13.54530624,1,1
19579,TEMOZOLOMIDE,BORTEZOMIB,A2780,-10.80164188,1,0
19580,TEMOZOLOMIDE,BORTEZOMIB,A375,15.13423488,1,1
19581,TEMOZOLOMIDE,BORTEZOMIB,A427,-6.870473081,1,0
19582,TEMOZOLOMIDE,BORTEZOMIB,CAOV3,-18.34832366,1,0
19583,TEMOZOLOMIDE,BORTEZOMIB,COLO320DM,-7.357834341,1,0
19585,TEMOZOLOMIDE,BORTEZOMIB,EFM192B,-30.19302841,1,0
19586,TEMOZOLOMIDE,BORTEZOMIB,ES2,-20.09520393,1,0
19588,TEMOZOLOMIDE,BORTEZOMIB,HT144,-22.514284,1,0
19589,TEMOZOLOMIDE,BORTEZOMIB,HT29,-22.55139135,1,0
19590,TEMOZOLOMIDE,BORTEZOMIB,KPL1,-26.27031618,1,0
19591,TEMOZOLOMIDE,BORTEZOMIB,LNCAP,-1.728936438,1,0
19593,TEMOZOLOMIDE,BORTEZOMIB,MDAMB436,-2.687553158,1,0
19594,TEMOZOLOMIDE,BORTEZOMIB,MSTO,64.22626125,1,1
19595,TEMOZOLOMIDE,BORTEZOMIB,NCIH1650,-30.05710857,1,0
19596,TEMOZOLOMIDE,BORTEZOMIB,NCIH2122,-16.6757735,1,0
19597,TEMOZOLOMIDE,BORTEZOMIB,NCIH23,-26.3835498,1,0
19598,TEMOZOLOMIDE,BORTEZOMIB,NCIH460,-24.53825984,1,0
19599,TEMOZOLOMIDE,BORTEZOMIB,NCIH520,-22.67214272,1,0
19600,TEMOZOLOMIDE,BORTEZOMIB,OCUBM,-5.068276725,1,0
19601,TEMOZOLOMIDE,BORTEZOMIB,OV90,-6.853055939,1,0
19602,TEMOZOLOMIDE,BORTEZOMIB,OVCAR3,-18.88944112,1,0
19603,TEMOZOLOMIDE,BORTEZOMIB,PA1,-9.682147776,1,0
19604,TEMOZOLOMIDE,BORTEZOMIB,RKO,-26.60910397,1,0
19605,TEMOZOLOMIDE,BORTEZOMIB,RPMI7951,-5.605381458,1,0
19606,TEMOZOLOMIDE,BORTEZOMIB,SKMEL30,-0.950885452,1,0
19607,TEMOZOLOMIDE,BORTEZOMIB,SKMES1,-9.256435731,1,0
19608,TEMOZOLOMIDE,BORTEZOMIB,SKOV3,-16.05876186,1,0
19609,TEMOZOLOMIDE,BORTEZOMIB,SW620,-2.141414854,1,0
19610,TEMOZOLOMIDE,BORTEZOMIB,SW837,-15.05217958,1,0
19611,TEMOZOLOMIDE,BORTEZOMIB,T47D,-20.79693742,1,0
19612,TEMOZOLOMIDE,BORTEZOMIB,UACC62,-18.67739174,1,0
19613,TEMOZOLOMIDE,BORTEZOMIB,UWB1289,-10.40717536,1,0
19615,TEMOZOLOMIDE,BORTEZOMIB,VCAP,-12.5438155,1,0
19616,TEMOZOLOMIDE,BORTEZOMIB,ZR751,-2.016282334,1,0
19617,TEMOZOLOMIDE,DASATINIB,A2058,35.83133859,0,1
19618,TEMOZOLOMIDE,DASATINIB,A2780,43.36531695,0,1
19619,TEMOZOLOMIDE,DASATINIB,A375,-1.917616474,0,0
19620,TEMOZOLOMIDE,DASATINIB,A427,75.39054034,0,1
19621,TEMOZOLOMIDE,DASATINIB,CAOV3,-29.54940801,0,0
19622,TEMOZOLOMIDE,DASATINIB,COLO320DM,-8.112309327,0,0
19625,TEMOZOLOMIDE,DASATINIB,ES2,-0.095831292,0,0
19626,TEMOZOLOMIDE,DASATINIB,HCT116,-38.05504082,0,0
19627,TEMOZOLOMIDE,DASATINIB,HT144,-70.06275839,0,0
19628,TEMOZOLOMIDE,DASATINIB,HT29,-19.48677409,0,0
19629,TEMOZOLOMIDE,DASATINIB,KPL1,-15.55018341,0,0
19630,TEMOZOLOMIDE,DASATINIB,LNCAP,11.6566933,0,1
19631,TEMOZOLOMIDE,DASATINIB,LOVO,12.5673845,0,1
19632,TEMOZOLOMIDE,DASATINIB,MDAMB436,-5.329564299,0,0
19633,TEMOZOLOMIDE,DASATINIB,MSTO,98.75639633,0,1
19635,TEMOZOLOMIDE,DASATINIB,NCIH2122,-93.75462962,0,0
19636,TEMOZOLOMIDE,DASATINIB,NCIH23,-9.342896723,0,0
19638,TEMOZOLOMIDE,DASATINIB,NCIH520,21.99613399,0,1
19639,TEMOZOLOMIDE,DASATINIB,OCUBM,-12.53563704,0,0
19641,TEMOZOLOMIDE,DASATINIB,OVCAR3,45.87917399,0,1
19642,TEMOZOLOMIDE,DASATINIB,PA1,24.51252286,0,1
19643,TEMOZOLOMIDE,DASATINIB,RKO,-31.06141838,0,0
19644,TEMOZOLOMIDE,DASATINIB,RPMI7951,30.90064766,0,1
19645,TEMOZOLOMIDE,DASATINIB,SKMEL30,-19.64802654,0,0
19646,TEMOZOLOMIDE,DASATINIB,SKMES1,-3.716320827,0,0
19647,TEMOZOLOMIDE,DASATINIB,SKOV3,-9.783202295,0,0
19648,TEMOZOLOMIDE,DASATINIB,SW620,42.14149915,0,1
19649,TEMOZOLOMIDE,DASATINIB,SW837,-3.781051013,0,0
19650,TEMOZOLOMIDE,DASATINIB,T47D,-48.83282624,0,0
19651,TEMOZOLOMIDE,DASATINIB,UACC62,-10.45237754,0,0
19652,TEMOZOLOMIDE,DASATINIB,UWB1289,-3.07061203,0,0
19654,TEMOZOLOMIDE,DASATINIB,VCAP,-51.49425284,0,0
19655,TEMOZOLOMIDE,DASATINIB,ZR751,-88.10193126,0,0
19658,TEMOZOLOMIDE,DINACICLIB,A375,-4.030124674,0,0
19659,TEMOZOLOMIDE,DINACICLIB,A427,14.51794752,0,1
19660,TEMOZOLOMIDE,DINACICLIB,CAOV3,-16.69389736,0,0
19663,TEMOZOLOMIDE,DINACICLIB,EFM192B,-3.36103913,0,0
19665,TEMOZOLOMIDE,DINACICLIB,HCT116,-6.372956623,0,0
19666,TEMOZOLOMIDE,DINACICLIB,HT144,-112.8985594,0,0
19667,TEMOZOLOMIDE,DINACICLIB,HT29,-8.582762091,0,0
19668,TEMOZOLOMIDE,DINACICLIB,KPL1,-11.21521436,0,0
19669,TEMOZOLOMIDE,DINACICLIB,LNCAP,-47.84756929,0,0
19670,TEMOZOLOMIDE,DINACICLIB,LOVO,-11.89639077,0,0
19672,TEMOZOLOMIDE,DINACICLIB,MSTO,-43.69350464,0,0
19673,TEMOZOLOMIDE,DINACICLIB,NCIH1650,-5.229591048,0,0
19674,TEMOZOLOMIDE,DINACICLIB,NCIH2122,-2.266335485,0,0
19675,TEMOZOLOMIDE,DINACICLIB,NCIH23,-6.16634452,0,0
19676,TEMOZOLOMIDE,DINACICLIB,NCIH460,-4.512655862,0,0
19677,TEMOZOLOMIDE,DINACICLIB,NCIH520,-8.632649681,0,0
19679,TEMOZOLOMIDE,DINACICLIB,OV90,-3.638674863,0,0
19681,TEMOZOLOMIDE,DINACICLIB,PA1,-8.61172842,0,0
19683,TEMOZOLOMIDE,DINACICLIB,RPMI7951,12.70817922,0,1
19686,TEMOZOLOMIDE,DINACICLIB,SKOV3,-8.715545558,0,0
19688,TEMOZOLOMIDE,DINACICLIB,SW837,-85.3988769,0,0
19689,TEMOZOLOMIDE,DINACICLIB,T47D,-21.73465024,0,0
19690,TEMOZOLOMIDE,DINACICLIB,UACC62,15.26761488,0,1
19692,TEMOZOLOMIDE,DINACICLIB,UWB1289BRCA1,20.07218912,0,1
19694,TEMOZOLOMIDE,DINACICLIB,ZR751,-44.06052265,0,0
19695,TEMOZOLOMIDE,ERLOTINIB,A2058,23.16919171,4,1
19696,TEMOZOLOMIDE,ERLOTINIB,A2780,30.84922294,4,1
19697,TEMOZOLOMIDE,ERLOTINIB,A375,14.65073853,4,1
19698,TEMOZOLOMIDE,ERLOTINIB,A427,33.22563812,4,1
19699,TEMOZOLOMIDE,ERLOTINIB,CAOV3,-36.26072775,4,0
19700,TEMOZOLOMIDE,ERLOTINIB,COLO320DM,33.56337096,4,1
19702,TEMOZOLOMIDE,ERLOTINIB,EFM192B,-18.33340599,4,0
19704,TEMOZOLOMIDE,ERLOTINIB,HCT116,22.53207054,4,1
19705,TEMOZOLOMIDE,ERLOTINIB,HT144,-5.285456097,4,0
19706,TEMOZOLOMIDE,ERLOTINIB,HT29,-0.926017295,4,0
19709,TEMOZOLOMIDE,ERLOTINIB,LOVO,-9.579302695,4,0
19710,TEMOZOLOMIDE,ERLOTINIB,MDAMB436,-3.483638675,4,0
19711,TEMOZOLOMIDE,ERLOTINIB,MSTO,-49.23518266,4,0
19712,TEMOZOLOMIDE,ERLOTINIB,NCIH1650,-31.23251346,4,0
19714,TEMOZOLOMIDE,ERLOTINIB,NCIH23,-8.72888978,4,0
19715,TEMOZOLOMIDE,ERLOTINIB,NCIH460,13.92492646,4,1
19716,TEMOZOLOMIDE,ERLOTINIB,NCIH520,19.51734656,4,1
19717,TEMOZOLOMIDE,ERLOTINIB,OCUBM,-25.87480178,4,0
19718,TEMOZOLOMIDE,ERLOTINIB,OV90,-0.248809472,4,0
19719,TEMOZOLOMIDE,ERLOTINIB,OVCAR3,-26.01622561,4,0
19720,TEMOZOLOMIDE,ERLOTINIB,PA1,-2.91182479,4,0
19721,TEMOZOLOMIDE,ERLOTINIB,RKO,-14.28199136,4,0
19722,TEMOZOLOMIDE,ERLOTINIB,RPMI7951,16.00564435,4,1
19723,TEMOZOLOMIDE,ERLOTINIB,SKMEL30,17.08005593,4,1
19724,TEMOZOLOMIDE,ERLOTINIB,SKMES1,11.36110987,4,1
19725,TEMOZOLOMIDE,ERLOTINIB,SKOV3,-6.865648901,4,0
19726,TEMOZOLOMIDE,ERLOTINIB,SW620,15.7176475,4,1
19727,TEMOZOLOMIDE,ERLOTINIB,SW837,15.17934771,4,1
19728,TEMOZOLOMIDE,ERLOTINIB,T47D,-25.75609877,4,0
19729,TEMOZOLOMIDE,ERLOTINIB,UACC62,28.79115016,4,1
19730,TEMOZOLOMIDE,ERLOTINIB,UWB1289,22.58370777,4,1
19732,TEMOZOLOMIDE,ERLOTINIB,VCAP,10.90420489,4,1
19733,TEMOZOLOMIDE,ERLOTINIB,ZR751,-53.82800028,4,0
19734,TEMOZOLOMIDE,GELDANAMYCIN,A2058,42.11185035,0,1
19735,TEMOZOLOMIDE,GELDANAMYCIN,A2780,-9.405366321,0,0
19736,TEMOZOLOMIDE,GELDANAMYCIN,A375,-6.32770356,0,0
19737,TEMOZOLOMIDE,GELDANAMYCIN,A427,34.08669248,0,1
19738,TEMOZOLOMIDE,GELDANAMYCIN,CAOV3,-11.61551746,0,0
19739,TEMOZOLOMIDE,GELDANAMYCIN,COLO320DM,-2.448103508,0,0
19741,TEMOZOLOMIDE,GELDANAMYCIN,EFM192B,-14.36055011,0,0
19742,TEMOZOLOMIDE,GELDANAMYCIN,ES2,-3.040881406,0,0
19744,TEMOZOLOMIDE,GELDANAMYCIN,HT144,-16.7660734,0,0
19745,TEMOZOLOMIDE,GELDANAMYCIN,HT29,-9.803305819,0,0
19746,TEMOZOLOMIDE,GELDANAMYCIN,KPL1,-34.11838441,0,0
19747,TEMOZOLOMIDE,GELDANAMYCIN,LNCAP,16.02396993,0,1
19748,TEMOZOLOMIDE,GELDANAMYCIN,LOVO,-3.986723154,0,0
19750,TEMOZOLOMIDE,GELDANAMYCIN,MSTO,-16.08640456,0,0
19751,TEMOZOLOMIDE,GELDANAMYCIN,NCIH1650,-32.42260795,0,0
19752,TEMOZOLOMIDE,GELDANAMYCIN,NCIH2122,-16.66110668,0,0
19753,TEMOZOLOMIDE,GELDANAMYCIN,NCIH23,-25.69200386,0,0
19754,TEMOZOLOMIDE,GELDANAMYCIN,NCIH460,-15.34747403,0,0
19755,TEMOZOLOMIDE,GELDANAMYCIN,NCIH520,-10.28606148,0,0
19756,TEMOZOLOMIDE,GELDANAMYCIN,OCUBM,-13.88953866,0,0
19757,TEMOZOLOMIDE,GELDANAMYCIN,OV90,-8.208756963,0,0
19758,TEMOZOLOMIDE,GELDANAMYCIN,OVCAR3,-9.428126028,0,0
19759,TEMOZOLOMIDE,GELDANAMYCIN,PA1,-9.850579561,0,0
19760,TEMOZOLOMIDE,GELDANAMYCIN,RKO,-32.85212692,0,0
19761,TEMOZOLOMIDE,GELDANAMYCIN,RPMI7951,-7.403200339,0,0
19762,TEMOZOLOMIDE,GELDANAMYCIN,SKMEL30,23.25775584,0,1
19764,TEMOZOLOMIDE,GELDANAMYCIN,SKOV3,-28.68585428,0,0
19765,TEMOZOLOMIDE,GELDANAMYCIN,SW620,-2.32094613,0,0
19766,TEMOZOLOMIDE,GELDANAMYCIN,SW837,-26.19824485,0,0
19767,TEMOZOLOMIDE,GELDANAMYCIN,T47D,-35.90471742,0,0
19768,TEMOZOLOMIDE,GELDANAMYCIN,UACC62,-18.90422789,0,0
19769,TEMOZOLOMIDE,GELDANAMYCIN,UWB1289,-7.140733588,0,0
19770,TEMOZOLOMIDE,GELDANAMYCIN,UWB1289BRCA1,-10.64449108,0,0
19771,TEMOZOLOMIDE,GELDANAMYCIN,VCAP,-40.59807165,0,0
19772,TEMOZOLOMIDE,GELDANAMYCIN,ZR751,-39.65495694,0,0
19773,TEMOZOLOMIDE,LAPATINIB,A2058,20.26452956,4,1
19774,TEMOZOLOMIDE,LAPATINIB,A2780,22.47873475,4,1
19775,TEMOZOLOMIDE,LAPATINIB,A375,19.16439051,4,1
19776,TEMOZOLOMIDE,LAPATINIB,A427,-4.005522915,4,0
19780,TEMOZOLOMIDE,LAPATINIB,EFM192B,-2.354513833,4,0
19781,TEMOZOLOMIDE,LAPATINIB,ES2,-3.540800504,4,0
19784,TEMOZOLOMIDE,LAPATINIB,HT29,12.93044004,4,1
19785,TEMOZOLOMIDE,LAPATINIB,KPL1,-11.1993314,4,0
19788,TEMOZOLOMIDE,LAPATINIB,MDAMB436,19.91189498,4,1
19789,TEMOZOLOMIDE,LAPATINIB,MSTO,14.65631939,4,1
19790,TEMOZOLOMIDE,LAPATINIB,NCIH1650,-25.78010708,4,0
19793,TEMOZOLOMIDE,LAPATINIB,NCIH460,-1.916119502,4,0
19795,TEMOZOLOMIDE,LAPATINIB,OCUBM,-11.94945636,4,0
19797,TEMOZOLOMIDE,LAPATINIB,OVCAR3,22.73412044,4,1
19798,TEMOZOLOMIDE,LAPATINIB,PA1,23.71644493,4,1
19799,TEMOZOLOMIDE,LAPATINIB,RKO,-7.366399549,4,0
19801,TEMOZOLOMIDE,LAPATINIB,SKMEL30,23.5185448,4,1
19803,TEMOZOLOMIDE,LAPATINIB,SKOV3,-12.14107808,4,0
19805,TEMOZOLOMIDE,LAPATINIB,SW837,-3.779459274,4,0
19806,TEMOZOLOMIDE,LAPATINIB,T47D,-87.2150434,4,0
19807,TEMOZOLOMIDE,LAPATINIB,UACC62,27.12344862,4,1
19808,TEMOZOLOMIDE,LAPATINIB,UWB1289,20.98276548,4,1
19809,TEMOZOLOMIDE,LAPATINIB,UWB1289BRCA1,32.87884584,4,1
19810,TEMOZOLOMIDE,LAPATINIB,VCAP,-6.400947724,4,0
19811,TEMOZOLOMIDE,LAPATINIB,ZR751,-40.74352858,4,0
19812,TEMOZOLOMIDE,MK-2206,A2058,14.25526311,1,1
19813,TEMOZOLOMIDE,MK-2206,A2780,13.73234264,1,1
19815,TEMOZOLOMIDE,MK-2206,A427,30.45352386,1,1
19817,TEMOZOLOMIDE,MK-2206,COLO320DM,23.89441195,1,1
19819,TEMOZOLOMIDE,MK-2206,EFM192B,-17.15157624,1,0
19820,TEMOZOLOMIDE,MK-2206,ES2,-6.685772456,1,0
19821,TEMOZOLOMIDE,MK-2206,HCT116,-1.588479205,1,0
19824,TEMOZOLOMIDE,MK-2206,KPL1,24.63347878,1,1
19827,TEMOZOLOMIDE,MK-2206,MDAMB436,18.01997435,1,1
19828,TEMOZOLOMIDE,MK-2206,MSTO,31.07363225,1,1
19829,TEMOZOLOMIDE,MK-2206,NCIH1650,-34.48292861,1,0
19830,TEMOZOLOMIDE,MK-2206,NCIH2122,-5.931558085,1,0
19831,TEMOZOLOMIDE,MK-2206,NCIH23,-9.301232868,1,0
19833,TEMOZOLOMIDE,MK-2206,NCIH520,-3.184065486,1,0
19834,TEMOZOLOMIDE,MK-2206,OCUBM,-14.00824155,1,0
19835,TEMOZOLOMIDE,MK-2206,OV90,19.19556195,1,1
19836,TEMOZOLOMIDE,MK-2206,OVCAR3,-14.38326211,1,0
19837,TEMOZOLOMIDE,MK-2206,PA1,11.51881127,1,1
19838,TEMOZOLOMIDE,MK-2206,RKO,18.63402863,1,1
19839,TEMOZOLOMIDE,MK-2206,RPMI7951,24.97117194,1,1
19840,TEMOZOLOMIDE,MK-2206,SKMEL30,29.67219831,1,1
19841,TEMOZOLOMIDE,MK-2206,SKMES1,22.09312489,1,1
19843,TEMOZOLOMIDE,MK-2206,SW620,13.54296974,1,1
19844,TEMOZOLOMIDE,MK-2206,SW837,-5.948580952,1,0
19845,TEMOZOLOMIDE,MK-2206,T47D,-31.49347594,1,0
19846,TEMOZOLOMIDE,MK-2206,UACC62,22.96835963,1,1
19847,TEMOZOLOMIDE,MK-2206,UWB1289,24.62019742,1,1
19848,TEMOZOLOMIDE,MK-2206,UWB1289BRCA1,25.38103787,1,1
19849,TEMOZOLOMIDE,MK-2206,VCAP,-10.89354601,1,0
19851,TEMOZOLOMIDE,MK-4827,A2058,42.24158471,3,1
19852,TEMOZOLOMIDE,MK-4827,A2780,71.43443667,3,1
19853,TEMOZOLOMIDE,MK-4827,A375,81.08679403,3,1
19854,TEMOZOLOMIDE,MK-4827,A427,45.58244304,3,1
19855,TEMOZOLOMIDE,MK-4827,CAOV3,88.22178634,3,1
19856,TEMOZOLOMIDE,MK-4827,COLO320DM,11.28493654,3,1
19857,TEMOZOLOMIDE,MK-4827,DLD1,30.33516707,3,1
19858,TEMOZOLOMIDE,MK-4827,EFM192B,113.5116276,3,1
19859,TEMOZOLOMIDE,MK-4827,ES2,28.55909531,3,1
19860,TEMOZOLOMIDE,MK-4827,HCT116,59.64264907,3,1
19861,TEMOZOLOMIDE,MK-4827,HT144,23.3087924,3,1
19862,TEMOZOLOMIDE,MK-4827,HT29,57.94629868,3,1
19863,TEMOZOLOMIDE,MK-4827,KPL1,-9.808937825,3,0
19864,TEMOZOLOMIDE,MK-4827,LNCAP,35.82527467,3,1
19865,TEMOZOLOMIDE,MK-4827,LOVO,59.9768413,3,1
19866,TEMOZOLOMIDE,MK-4827,MDAMB436,51.06938447,3,1
19867,TEMOZOLOMIDE,MK-4827,MSTO,81.29174808,3,1
19868,TEMOZOLOMIDE,MK-4827,NCIH1650,34.61146716,3,1
19869,TEMOZOLOMIDE,MK-4827,NCIH2122,42.78597917,3,1
19870,TEMOZOLOMIDE,MK-4827,NCIH23,33.24360918,3,1
19871,TEMOZOLOMIDE,MK-4827,NCIH460,74.82248693,3,1
19872,TEMOZOLOMIDE,MK-4827,NCIH520,36.82330697,3,1
19873,TEMOZOLOMIDE,MK-4827,OCUBM,95.46833672,3,1
19874,TEMOZOLOMIDE,MK-4827,OV90,61.59442847,3,1
19875,TEMOZOLOMIDE,MK-4827,OVCAR3,18.50804091,3,1
19876,TEMOZOLOMIDE,MK-4827,PA1,91.32209581,3,1
19877,TEMOZOLOMIDE,MK-4827,RKO,53.11336107,3,1
19878,TEMOZOLOMIDE,MK-4827,RPMI7951,53.04393869,3,1
19879,TEMOZOLOMIDE,MK-4827,SKMEL30,36.25245563,3,1
19880,TEMOZOLOMIDE,MK-4827,SKMES1,74.27296817,3,1
19881,TEMOZOLOMIDE,MK-4827,SKOV3,58.35177786,3,1
19882,TEMOZOLOMIDE,MK-4827,SW620,30.89739471,3,1
19883,TEMOZOLOMIDE,MK-4827,SW837,18.67592741,3,1
19884,TEMOZOLOMIDE,MK-4827,T47D,44.99315653,3,1
19885,TEMOZOLOMIDE,MK-4827,UACC62,46.8582166,3,1
19886,TEMOZOLOMIDE,MK-4827,UWB1289,63.50356702,3,1
19887,TEMOZOLOMIDE,MK-4827,UWB1289BRCA1,41.86161177,3,1
19888,TEMOZOLOMIDE,MK-4827,VCAP,57.97914751,3,1
19889,TEMOZOLOMIDE,MK-4827,ZR751,20.00840657,3,1
19890,TEMOZOLOMIDE,MK-5108,A2058,-7.44008441,1,0
19891,TEMOZOLOMIDE,MK-5108,A2780,-2.500158424,1,0
19893,TEMOZOLOMIDE,MK-5108,A427,30.88720182,1,1
19894,TEMOZOLOMIDE,MK-5108,CAOV3,-23.28256579,1,0
19895,TEMOZOLOMIDE,MK-5108,COLO320DM,-51.81872052,1,0
19897,TEMOZOLOMIDE,MK-5108,EFM192B,-17.15345812,1,0
19898,TEMOZOLOMIDE,MK-5108,ES2,-10.27720836,1,0
19900,TEMOZOLOMIDE,MK-5108,HT144,-9.094887918,1,0
19902,TEMOZOLOMIDE,MK-5108,KPL1,-29.7191092,1,0
19903,TEMOZOLOMIDE,MK-5108,LNCAP,-77.0883024,1,0
19906,TEMOZOLOMIDE,MK-5108,MSTO,-11.18681902,1,0
19907,TEMOZOLOMIDE,MK-5108,NCIH1650,-12.61377547,1,0
19908,TEMOZOLOMIDE,MK-5108,NCIH2122,-9.133041361,1,0
19910,TEMOZOLOMIDE,MK-5108,NCIH460,-19.03012912,1,0
19911,TEMOZOLOMIDE,MK-5108,NCIH520,-14.93798129,1,0
19913,TEMOZOLOMIDE,MK-5108,OV90,-2.135051756,1,0
19914,TEMOZOLOMIDE,MK-5108,OVCAR3,-10.29602018,1,0
19919,TEMOZOLOMIDE,MK-5108,SKMES1,-4.263224373,1,0
19922,TEMOZOLOMIDE,MK-5108,SW837,13.16792224,1,1
19923,TEMOZOLOMIDE,MK-5108,T47D,-12.12996289,1,0
19924,TEMOZOLOMIDE,MK-5108,UACC62,-2.89239501,1,0
19925,TEMOZOLOMIDE,MK-5108,UWB1289,17.54835586,1,1
19926,TEMOZOLOMIDE,MK-5108,UWB1289BRCA1,17.81835642,1,1
19927,TEMOZOLOMIDE,MK-5108,VCAP,-8.770771435,1,0
19928,TEMOZOLOMIDE,MK-5108,ZR751,-62.02604411,1,0
19929,TEMOZOLOMIDE,MK-8669,A2058,19.94982501,3,1
19930,TEMOZOLOMIDE,MK-8669,A2780,38.2407195,3,1
19931,TEMOZOLOMIDE,MK-8669,A375,25.02396601,3,1
19932,TEMOZOLOMIDE,MK-8669,A427,38.89985303,3,1
19933,TEMOZOLOMIDE,MK-8669,CAOV3,-36.49745473,3,0
19935,TEMOZOLOMIDE,MK-8669,DLD1,11.98586773,3,1
19936,TEMOZOLOMIDE,MK-8669,EFM192B,59.33113286,3,1
19937,TEMOZOLOMIDE,MK-8669,ES2,34.24466715,3,1
19938,TEMOZOLOMIDE,MK-8669,HCT116,17.15561975,3,1
19939,TEMOZOLOMIDE,MK-8669,HT144,-1.282412626,3,0
19941,TEMOZOLOMIDE,MK-8669,KPL1,66.07571301,3,1
19942,TEMOZOLOMIDE,MK-8669,LNCAP,33.00333461,3,1
19943,TEMOZOLOMIDE,MK-8669,LOVO,13.32260584,3,1
19945,TEMOZOLOMIDE,MK-8669,MSTO,67.69333172,3,1
19946,TEMOZOLOMIDE,MK-8669,NCIH1650,-7.116034368,3,0
19947,TEMOZOLOMIDE,MK-8669,NCIH2122,21.55886685,3,1
19948,TEMOZOLOMIDE,MK-8669,NCIH23,-0.709098847,3,0
19949,TEMOZOLOMIDE,MK-8669,NCIH460,29.46092393,3,1
19950,TEMOZOLOMIDE,MK-8669,NCIH520,17.22488765,3,1
19951,TEMOZOLOMIDE,MK-8669,OCUBM,39.21886356,3,1
19952,TEMOZOLOMIDE,MK-8669,OV90,19.84242261,3,1
19953,TEMOZOLOMIDE,MK-8669,OVCAR3,19.15412051,3,1
19954,TEMOZOLOMIDE,MK-8669,PA1,15.31534629,3,1
19955,TEMOZOLOMIDE,MK-8669,RKO,31.38914651,3,1
19956,TEMOZOLOMIDE,MK-8669,RPMI7951,35.84369536,3,1
19957,TEMOZOLOMIDE,MK-8669,SKMEL30,50.21066429,3,1
19958,TEMOZOLOMIDE,MK-8669,SKMES1,41.62534471,3,1
19959,TEMOZOLOMIDE,MK-8669,SKOV3,12.1359172,3,1
19960,TEMOZOLOMIDE,MK-8669,SW620,12.04095442,3,1
19961,TEMOZOLOMIDE,MK-8669,SW837,-15.19755964,3,0
19963,TEMOZOLOMIDE,MK-8669,UACC62,28.00742879,3,1
19964,TEMOZOLOMIDE,MK-8669,UWB1289,36.48405215,3,1
19965,TEMOZOLOMIDE,MK-8669,UWB1289BRCA1,35.04323274,3,1
19968,TEMOZOLOMIDE,MK-8776,A2058,128.3217061,0,1
19970,TEMOZOLOMIDE,MK-8776,A375,18.79996642,0,1
19971,TEMOZOLOMIDE,MK-8776,A427,91.0608138,0,1
19973,TEMOZOLOMIDE,MK-8776,COLO320DM,50.72645032,0,1
19974,TEMOZOLOMIDE,MK-8776,DLD1,-3.53470621,0,0
19977,TEMOZOLOMIDE,MK-8776,HCT116,-1.41157817,0,0
19979,TEMOZOLOMIDE,MK-8776,HT29,-9.358660858,0,0
19980,TEMOZOLOMIDE,MK-8776,KPL1,-17.33442044,0,0
19981,TEMOZOLOMIDE,MK-8776,LNCAP,18.62031817,0,1
19983,TEMOZOLOMIDE,MK-8776,MDAMB436,14.70766583,0,1
19985,TEMOZOLOMIDE,MK-8776,NCIH1650,-6.271613793,0,0
19986,TEMOZOLOMIDE,MK-8776,NCIH2122,-19.66458169,0,0
19987,TEMOZOLOMIDE,MK-8776,NCIH23,-78.89063033,0,0
19988,TEMOZOLOMIDE,MK-8776,NCIH460,-9.21820716,0,0
19990,TEMOZOLOMIDE,MK-8776,OCUBM,16.10480871,0,1
19991,TEMOZOLOMIDE,MK-8776,OV90,17.65172459,0,1
19995,TEMOZOLOMIDE,MK-8776,RPMI7951,21.96791546,0,1
19996,TEMOZOLOMIDE,MK-8776,SKMEL30,64.66499193,0,1
19997,TEMOZOLOMIDE,MK-8776,SKMES1,-4.302925531,0,0
19998,TEMOZOLOMIDE,MK-8776,SKOV3,24.18053227,0,1
19999,TEMOZOLOMIDE,MK-8776,SW620,36.64531738,0,1
20000,TEMOZOLOMIDE,MK-8776,SW837,-35.30482667,0,0
20001,TEMOZOLOMIDE,MK-8776,T47D,-35.27358527,0,0
20003,TEMOZOLOMIDE,MK-8776,UWB1289,-9.867050735,0,0
20004,TEMOZOLOMIDE,MK-8776,UWB1289BRCA1,-7.803476464,0,0
20006,TEMOZOLOMIDE,MK-8776,ZR751,-50.1731666,0,0
20007,TEMOZOLOMIDE,OXALIPLATIN,A2058,-0.074702485,2,0
20008,TEMOZOLOMIDE,OXALIPLATIN,A2780,-22.91617992,2,0
20009,TEMOZOLOMIDE,OXALIPLATIN,A375,-3.576678469,2,0
20010,TEMOZOLOMIDE,OXALIPLATIN,A427,-0.59311151,2,0
20011,TEMOZOLOMIDE,OXALIPLATIN,CAOV3,-76.56862703,2,0
20012,TEMOZOLOMIDE,OXALIPLATIN,COLO320DM,12.25904511,2,1
20013,TEMOZOLOMIDE,OXALIPLATIN,DLD1,-10.60067865,2,0
20014,TEMOZOLOMIDE,OXALIPLATIN,EFM192B,-10.27981043,2,0
20015,TEMOZOLOMIDE,OXALIPLATIN,ES2,-10.3039747,2,0
20017,TEMOZOLOMIDE,OXALIPLATIN,HT144,-24.34969002,2,0
20018,TEMOZOLOMIDE,OXALIPLATIN,HT29,-17.08929247,2,0
20020,TEMOZOLOMIDE,OXALIPLATIN,LNCAP,-14.06947272,2,0
20021,TEMOZOLOMIDE,OXALIPLATIN,LOVO,-34.21970381,2,0
20022,TEMOZOLOMIDE,OXALIPLATIN,MDAMB436,-20.74977203,2,0
20023,TEMOZOLOMIDE,OXALIPLATIN,MSTO,-35.6369866,2,0
20024,TEMOZOLOMIDE,OXALIPLATIN,NCIH1650,-27.56026059,2,0
20025,TEMOZOLOMIDE,OXALIPLATIN,NCIH2122,-4.840328705,2,0
20026,TEMOZOLOMIDE,OXALIPLATIN,NCIH23,-37.33057271,2,0
20027,TEMOZOLOMIDE,OXALIPLATIN,NCIH460,-32.83767414,2,0
20028,TEMOZOLOMIDE,OXALIPLATIN,NCIH520,-8.755629817,2,0
20029,TEMOZOLOMIDE,OXALIPLATIN,OCUBM,21.76287444,2,1
20030,TEMOZOLOMIDE,OXALIPLATIN,OV90,-11.45324928,2,0
20031,TEMOZOLOMIDE,OXALIPLATIN,OVCAR3,-25.59162775,2,0
20032,TEMOZOLOMIDE,OXALIPLATIN,PA1,-27.2446519,2,0
20033,TEMOZOLOMIDE,OXALIPLATIN,RKO,25.1805488,2,1
20034,TEMOZOLOMIDE,OXALIPLATIN,RPMI7951,-15.24252986,2,0
20035,TEMOZOLOMIDE,OXALIPLATIN,SKMEL30,13.4658802,2,1
20036,TEMOZOLOMIDE,OXALIPLATIN,SKMES1,-6.613654735,2,0
20037,TEMOZOLOMIDE,OXALIPLATIN,SKOV3,-22.40607853,2,0
20038,TEMOZOLOMIDE,OXALIPLATIN,SW620,-0.625147553,2,0
20039,TEMOZOLOMIDE,OXALIPLATIN,SW837,-23.1506391,2,0
20040,TEMOZOLOMIDE,OXALIPLATIN,T47D,17.88373334,2,1
20041,TEMOZOLOMIDE,OXALIPLATIN,UACC62,-15.60619216,2,0
20042,TEMOZOLOMIDE,OXALIPLATIN,UWB1289,-8.149713403,2,0
20043,TEMOZOLOMIDE,OXALIPLATIN,UWB1289BRCA1,-22.81828272,2,0
20044,TEMOZOLOMIDE,OXALIPLATIN,VCAP,-23.16656545,2,0
20045,TEMOZOLOMIDE,OXALIPLATIN,ZR751,-58.8760438,2,0
20046,TEMOZOLOMIDE,PD325901,A2058,37.10782277,3,1
20047,TEMOZOLOMIDE,PD325901,A2780,11.52767113,3,1
20048,TEMOZOLOMIDE,PD325901,A375,-0.477552323,3,0
20049,TEMOZOLOMIDE,PD325901,A427,43.19257115,3,1
20050,TEMOZOLOMIDE,PD325901,CAOV3,-16.86903332,3,0
20051,TEMOZOLOMIDE,PD325901,COLO320DM,-2.985855482,3,0
20053,TEMOZOLOMIDE,PD325901,EFM192B,-45.77880245,3,0
20054,TEMOZOLOMIDE,PD325901,ES2,46.51055745,3,1
20055,TEMOZOLOMIDE,PD325901,HCT116,-12.89104904,3,0
20056,TEMOZOLOMIDE,PD325901,HT144,-2.301766287,3,0
20057,TEMOZOLOMIDE,PD325901,HT29,-11.54813233,3,0
20058,TEMOZOLOMIDE,PD325901,KPL1,-17.7324356,3,0
20059,TEMOZOLOMIDE,PD325901,LNCAP,-5.516176003,3,0
20060,TEMOZOLOMIDE,PD325901,LOVO,-6.771502583,3,0
20062,TEMOZOLOMIDE,PD325901,MSTO,-3.00072896,3,0
20063,TEMOZOLOMIDE,PD325901,NCIH1650,-23.91874311,3,0
20064,TEMOZOLOMIDE,PD325901,NCIH2122,-1.603763805,3,0
20065,TEMOZOLOMIDE,PD325901,NCIH23,-19.21524146,3,0
20070,TEMOZOLOMIDE,PD325901,OVCAR3,18.30311997,3,1
20073,TEMOZOLOMIDE,PD325901,RPMI7951,21.90448437,3,1
20075,TEMOZOLOMIDE,PD325901,SKMES1,-15.06437597,3,0
20076,TEMOZOLOMIDE,PD325901,SKOV3,-18.88124937,3,0
20077,TEMOZOLOMIDE,PD325901,SW620,14.76678855,3,1
20078,TEMOZOLOMIDE,PD325901,SW837,-5.99569534,3,0
20079,TEMOZOLOMIDE,PD325901,T47D,-13.59839648,3,0
20080,TEMOZOLOMIDE,PD325901,UACC62,-10.37817968,3,0
20082,TEMOZOLOMIDE,PD325901,UWB1289BRCA1,13.69777759,3,1
20083,TEMOZOLOMIDE,PD325901,VCAP,-31.43592561,3,0
20084,TEMOZOLOMIDE,PD325901,ZR751,-36.25157619,3,0
20087,TEMOZOLOMIDE,SN-38,A375,-5.001993598,0,0
20089,TEMOZOLOMIDE,SN-38,CAOV3,-38.35767411,0,0
20091,TEMOZOLOMIDE,SN-38,DLD1,-14.23179807,0,0
20092,TEMOZOLOMIDE,SN-38,EFM192B,-36.39302292,0,0
20094,TEMOZOLOMIDE,SN-38,HCT116,-9.556941325,0,0
20095,TEMOZOLOMIDE,SN-38,HT144,-35.9449781,0,0
20096,TEMOZOLOMIDE,SN-38,HT29,-7.888423637,0,0
20097,TEMOZOLOMIDE,SN-38,KPL1,-17.39078427,0,0
20099,TEMOZOLOMIDE,SN-38,LOVO,-29.84824188,0,0
20100,TEMOZOLOMIDE,SN-38,MDAMB436,-2.572013398,0,0
20101,TEMOZOLOMIDE,SN-38,MSTO,-2.317765271,0,0
20102,TEMOZOLOMIDE,SN-38,NCIH1650,-33.43385696,0,0
20103,TEMOZOLOMIDE,SN-38,NCIH2122,-13.72631485,0,0
20104,TEMOZOLOMIDE,SN-38,NCIH23,-19.76704375,0,0
20105,TEMOZOLOMIDE,SN-38,NCIH460,-14.7813804,0,0
20106,TEMOZOLOMIDE,SN-38,NCIH520,-8.991422975,0,0
20107,TEMOZOLOMIDE,SN-38,OCUBM,-8.244926843,0,0
20108,TEMOZOLOMIDE,SN-38,OV90,-19.00683575,0,0
20111,TEMOZOLOMIDE,SN-38,RKO,-12.0477968,0,0
20112,TEMOZOLOMIDE,SN-38,RPMI7951,-4.027660591,0,0
20115,TEMOZOLOMIDE,SN-38,SKOV3,-22.21048262,0,0
20117,TEMOZOLOMIDE,SN-38,SW837,-37.07104306,0,0
20118,TEMOZOLOMIDE,SN-38,T47D,-81.09317162,0,0
20119,TEMOZOLOMIDE,SN-38,UACC62,-5.235666195,0,0
20120,TEMOZOLOMIDE,SN-38,UWB1289,14.04611122,0,1
20122,TEMOZOLOMIDE,SN-38,VCAP,-12.43379703,0,0
20123,TEMOZOLOMIDE,SN-38,ZR751,-64.47985647,0,0
20124,TEMOZOLOMIDE,SORAFENIB,A2058,-1.019573635,3,0
20126,TEMOZOLOMIDE,SORAFENIB,A375,11.60283778,3,1
20127,TEMOZOLOMIDE,SORAFENIB,A427,22.68068564,3,1
20128,TEMOZOLOMIDE,SORAFENIB,CAOV3,-4.690960861,3,0
20129,TEMOZOLOMIDE,SORAFENIB,COLO320DM,10.78041542,3,1
20130,TEMOZOLOMIDE,SORAFENIB,DLD1,12.37475825,3,1
20131,TEMOZOLOMIDE,SORAFENIB,EFM192B,-4.214872973,3,0
20133,TEMOZOLOMIDE,SORAFENIB,HCT116,10.89744473,3,1
20135,TEMOZOLOMIDE,SORAFENIB,HT29,-3.1063573,3,0
20137,TEMOZOLOMIDE,SORAFENIB,LNCAP,-11.4422593,3,0
20138,TEMOZOLOMIDE,SORAFENIB,LOVO,-7.361379537,3,0
20140,TEMOZOLOMIDE,SORAFENIB,MSTO,-11.09112855,3,0
20141,TEMOZOLOMIDE,SORAFENIB,NCIH1650,-5.475247986,3,0
20142,TEMOZOLOMIDE,SORAFENIB,NCIH2122,-2.439074493,3,0
20143,TEMOZOLOMIDE,SORAFENIB,NCIH23,-0.344795528,3,0
20145,TEMOZOLOMIDE,SORAFENIB,NCIH520,13.82210367,3,1
20147,TEMOZOLOMIDE,SORAFENIB,OV90,11.89861617,3,1
20148,TEMOZOLOMIDE,SORAFENIB,OVCAR3,-11.49236987,3,0
20149,TEMOZOLOMIDE,SORAFENIB,PA1,13.32203108,3,1
20150,TEMOZOLOMIDE,SORAFENIB,RKO,16.90976066,3,1
20151,TEMOZOLOMIDE,SORAFENIB,RPMI7951,-2.725051066,3,0
20153,TEMOZOLOMIDE,SORAFENIB,SKMES1,24.59771309,3,1
20154,TEMOZOLOMIDE,SORAFENIB,SKOV3,11.98839941,3,1
20157,TEMOZOLOMIDE,SORAFENIB,T47D,13.22003559,3,1
20158,TEMOZOLOMIDE,SORAFENIB,UACC62,12.23240076,3,1
20161,TEMOZOLOMIDE,SORAFENIB,VCAP,12.24034409,3,1
20162,TEMOZOLOMIDE,SORAFENIB,ZR751,-34.87701752,3,0
20163,TEMOZOLOMIDE,TOPOTECAN,A2058,10.18331052,2,1
20164,TEMOZOLOMIDE,TOPOTECAN,A2780,10.51804778,2,1
20166,TEMOZOLOMIDE,TOPOTECAN,A427,10.89726154,2,1
20169,TEMOZOLOMIDE,TOPOTECAN,DLD1,13.76578856,2,1
20171,TEMOZOLOMIDE,TOPOTECAN,ES2,10.20258594,2,1
20174,TEMOZOLOMIDE,TOPOTECAN,HT29,13.50402613,2,1
20175,TEMOZOLOMIDE,TOPOTECAN,KPL1,-8.372166016,2,0
20176,TEMOZOLOMIDE,TOPOTECAN,LNCAP,-130.8320847,2,0
20177,TEMOZOLOMIDE,TOPOTECAN,LOVO,-7.742677237,2,0
20179,TEMOZOLOMIDE,TOPOTECAN,MSTO,11.80760232,2,1
20180,TEMOZOLOMIDE,TOPOTECAN,NCIH1650,-7.104534365,2,0
20183,TEMOZOLOMIDE,TOPOTECAN,NCIH460,-15.65452065,2,0
20185,TEMOZOLOMIDE,TOPOTECAN,OCUBM,-6.289164687,2,0
20188,TEMOZOLOMIDE,TOPOTECAN,PA1,-3.608267057,2,0
20191,TEMOZOLOMIDE,TOPOTECAN,SKMEL30,20.6515056,2,1
20192,TEMOZOLOMIDE,TOPOTECAN,SKMES1,22.16661787,2,1
20193,TEMOZOLOMIDE,TOPOTECAN,SKOV3,-14.20781623,2,0
20194,TEMOZOLOMIDE,TOPOTECAN,SW620,12.67525627,2,1
20195,TEMOZOLOMIDE,TOPOTECAN,SW837,-12.06393634,2,0
20197,TEMOZOLOMIDE,TOPOTECAN,UACC62,11.7003691,2,1
20198,TEMOZOLOMIDE,TOPOTECAN,UWB1289,-4.591597564,2,0
20201,TEMOZOLOMIDE,TOPOTECAN,ZR751,-29.68251629,2,0
20204,TOPOTECAN,BEZ-235,A375,24.10423562,1,1
20205,TOPOTECAN,BEZ-235,A427,37.86464677,1,1
20207,TOPOTECAN,BEZ-235,COLO320DM,31.22917282,1,1
20208,TOPOTECAN,BEZ-235,DLD1,20.49457133,1,1
20210,TOPOTECAN,BEZ-235,ES2,16.31012519,1,1
20211,TOPOTECAN,BEZ-235,HCT116,21.17556739,1,1
20212,TOPOTECAN,BEZ-235,HT144,48.75629793,1,1
20213,TOPOTECAN,BEZ-235,HT29,21.72575205,1,1
20214,TOPOTECAN,BEZ-235,KPL1,35.5881672,1,1
20215,TOPOTECAN,BEZ-235,LNCAP,68.80060551,1,1
20216,TOPOTECAN,BEZ-235,LOVO,14.12689082,1,1
20217,TOPOTECAN,BEZ-235,MDAMB436,25.39898136,1,1
20218,TOPOTECAN,BEZ-235,MSTO,15.74403461,1,1
20219,TOPOTECAN,BEZ-235,NCIH1650,21.36557399,1,1
20220,TOPOTECAN,BEZ-235,NCIH2122,18.34027931,1,1
20222,TOPOTECAN,BEZ-235,NCIH460,16.75606742,1,1
20223,TOPOTECAN,BEZ-235,NCIH520,22.1998106,1,1
20224,TOPOTECAN,BEZ-235,OCUBM,-1.460235678,1,0
20226,TOPOTECAN,BEZ-235,OVCAR3,11.51198881,1,1
20227,TOPOTECAN,BEZ-235,PA1,-9.723735107,1,0
20228,TOPOTECAN,BEZ-235,RKO,26.36018076,1,1
20229,TOPOTECAN,BEZ-235,RPMI7951,-2.543142071,1,0
20230,TOPOTECAN,BEZ-235,SKMEL30,23.4691515,1,1
20231,TOPOTECAN,BEZ-235,SKMES1,17.97973372,1,1
20233,TOPOTECAN,BEZ-235,SW620,17.19982758,1,1
20234,TOPOTECAN,BEZ-235,SW837,25.18286399,1,1
20235,TOPOTECAN,BEZ-235,T47D,57.24360015,1,1
20236,TOPOTECAN,BEZ-235,UACC62,24.41310053,1,1
20238,TOPOTECAN,BEZ-235,UWB1289BRCA1,29.34843835,1,1
20239,TOPOTECAN,BEZ-235,VCAP,21.16222094,1,1
20240,TOPOTECAN,BEZ-235,ZR751,23.2342723,1,1
20241,TOPOTECAN,DINACICLIB,A2058,-8.472477693,2,0
20242,TOPOTECAN,DINACICLIB,A2780,-0.66444986,2,0
20243,TOPOTECAN,DINACICLIB,A375,-6.715052888,2,0
20245,TOPOTECAN,DINACICLIB,CAOV3,-1.566734769,2,0
20246,TOPOTECAN,DINACICLIB,COLO320DM,-3.542421579,2,0
20248,TOPOTECAN,DINACICLIB,EFM192B,-4.597923065,2,0
20249,TOPOTECAN,DINACICLIB,ES2,-6.985294531,2,0
20252,TOPOTECAN,DINACICLIB,HT29,-17.07016604,2,0
20253,TOPOTECAN,DINACICLIB,KPL1,13.9105726,2,1
20254,TOPOTECAN,DINACICLIB,LNCAP,-163.0968503,2,0
20255,TOPOTECAN,DINACICLIB,LOVO,-2.24043516,2,0
20258,TOPOTECAN,DINACICLIB,NCIH1650,-29.45369647,2,0
20260,TOPOTECAN,DINACICLIB,NCIH23,-16.75045261,2,0
20261,TOPOTECAN,DINACICLIB,NCIH460,-17.62474375,2,0
20263,TOPOTECAN,DINACICLIB,OCUBM,-10.02756657,2,0
20264,TOPOTECAN,DINACICLIB,OV90,-0.074441106,2,0
20265,TOPOTECAN,DINACICLIB,OVCAR3,-13.89918101,2,0
20266,TOPOTECAN,DINACICLIB,PA1,-8.434209345,2,0
20268,TOPOTECAN,DINACICLIB,RPMI7951,-8.175292953,2,0
20270,TOPOTECAN,DINACICLIB,SKMES1,-14.2633707,2,0
20271,TOPOTECAN,DINACICLIB,SKOV3,-21.79274166,2,0
20272,TOPOTECAN,DINACICLIB,SW620,-1.984011574,2,0
20273,TOPOTECAN,DINACICLIB,SW837,-15.89758946,2,0
20274,TOPOTECAN,DINACICLIB,T47D,-9.764205037,2,0
20275,TOPOTECAN,DINACICLIB,UACC62,10.99981772,2,1
20276,TOPOTECAN,DINACICLIB,UWB1289,-12.18227942,2,0
20277,TOPOTECAN,DINACICLIB,UWB1289BRCA1,-1.940911025,2,0
20278,TOPOTECAN,DINACICLIB,VCAP,-4.531403458,2,0
20280,TOPOTECAN,MK-8776,A2058,41.56384819,4,1
20283,TOPOTECAN,MK-8776,A427,28.95509979,4,1
20285,TOPOTECAN,MK-8776,COLO320DM,17.7517146,4,1
20286,TOPOTECAN,MK-8776,DLD1,12.24335276,4,1
20288,TOPOTECAN,MK-8776,ES2,-6.186443922,4,0
20289,TOPOTECAN,MK-8776,HCT116,12.2187679,4,1
20290,TOPOTECAN,MK-8776,HT144,28.50008464,4,1
20291,TOPOTECAN,MK-8776,HT29,24.07706293,4,1
20292,TOPOTECAN,MK-8776,KPL1,18.6624639,4,1
20293,TOPOTECAN,MK-8776,LNCAP,-138.9528981,4,0
20295,TOPOTECAN,MK-8776,MDAMB436,12.00773808,4,1
20296,TOPOTECAN,MK-8776,MSTO,-6.433455837,4,0
20299,TOPOTECAN,MK-8776,NCIH23,15.31949959,4,1
20300,TOPOTECAN,MK-8776,NCIH460,-34.59841245,4,0
20301,TOPOTECAN,MK-8776,NCIH520,25.24708336,4,1
20302,TOPOTECAN,MK-8776,OCUBM,11.67300027,4,1
20303,TOPOTECAN,MK-8776,OV90,-7.227087298,4,0
20304,TOPOTECAN,MK-8776,OVCAR3,64.52654229,4,1
20305,TOPOTECAN,MK-8776,PA1,-15.91580362,4,0
20307,TOPOTECAN,MK-8776,RPMI7951,-3.257305398,4,0
20308,TOPOTECAN,MK-8776,SKMEL30,61.59177394,4,1
20309,TOPOTECAN,MK-8776,SKMES1,-17.09816322,4,0
20311,TOPOTECAN,MK-8776,SW620,23.70635184,4,1
20312,TOPOTECAN,MK-8776,SW837,13.10090829,4,1
20313,TOPOTECAN,MK-8776,T47D,-49.75887192,4,0
20314,TOPOTECAN,MK-8776,UACC62,-8.774902654,4,0
20316,TOPOTECAN,MK-8776,UWB1289BRCA1,-1.260880967,4,0
20317,TOPOTECAN,MK-8776,VCAP,34.95452145,4,1
20319,TOPOTECAN,SORAFENIB,A2058,-1.564872783,2,0
20325,TOPOTECAN,SORAFENIB,DLD1,10.31131236,2,1
20326,TOPOTECAN,SORAFENIB,EFM192B,-4.322938951,2,0
20327,TOPOTECAN,SORAFENIB,ES2,-1.603023666,2,0
20330,TOPOTECAN,SORAFENIB,HT29,-12.21221116,2,0
20332,TOPOTECAN,SORAFENIB,LNCAP,-6.847502168,2,0
20333,TOPOTECAN,SORAFENIB,LOVO,-4.813212408,2,0
20334,TOPOTECAN,SORAFENIB,MDAMB436,-4.875300207,2,0
20335,TOPOTECAN,SORAFENIB,MSTO,-18.11747083,2,0
20336,TOPOTECAN,SORAFENIB,NCIH1650,-0.100587978,2,0
20338,TOPOTECAN,SORAFENIB,NCIH23,-2.98627311,2,0
20340,TOPOTECAN,SORAFENIB,NCIH520,13.54885898,2,1
20341,TOPOTECAN,SORAFENIB,OCUBM,-12.21012085,2,0
20343,TOPOTECAN,SORAFENIB,OVCAR3,-30.49900045,2,0
20344,TOPOTECAN,SORAFENIB,PA1,-1.116580043,2,0
20346,TOPOTECAN,SORAFENIB,RPMI7951,-0.136591391,2,0
20349,TOPOTECAN,SORAFENIB,SKOV3,-8.143919443,2,0
20351,TOPOTECAN,SORAFENIB,SW837,-7.730108831,2,0
20352,TOPOTECAN,SORAFENIB,T47D,-12.75363736,2,0
20354,TOPOTECAN,SORAFENIB,UWB1289,-5.871132916,2,0
20355,TOPOTECAN,SORAFENIB,UWB1289BRCA1,-3.980011186,2,0
20356,TOPOTECAN,SORAFENIB,VCAP,-5.749697079,2,0
20357,TOPOTECAN,SORAFENIB,ZR751,-15.7705134,2,0
20358,VINBLASTINE,ABT-888,A2058,-6.260305872,3,0
20359,VINBLASTINE,ABT-888,A2780,-33.01039272,3,0
20360,VINBLASTINE,ABT-888,A375,-33.66188078,3,0
20361,VINBLASTINE,ABT-888,A427,-32.17034257,3,0
20362,VINBLASTINE,ABT-888,CAOV3,-38.11192775,3,0
20363,VINBLASTINE,ABT-888,COLO320DM,-3.833855194,3,0
20364,VINBLASTINE,ABT-888,DLD1,-6.102604753,3,0
20365,VINBLASTINE,ABT-888,EFM192B,-7.322745345,3,0
20366,VINBLASTINE,ABT-888,ES2,-12.72149447,3,0
20367,VINBLASTINE,ABT-888,HCT116,-16.55595588,3,0
20368,VINBLASTINE,ABT-888,HT144,-31.95203457,3,0
20369,VINBLASTINE,ABT-888,HT29,-44.09793187,3,0
20370,VINBLASTINE,ABT-888,KPL1,-7.624608024,3,0
20371,VINBLASTINE,ABT-888,LNCAP,-45.33134536,3,0
20372,VINBLASTINE,ABT-888,LOVO,-31.81536286,3,0
20373,VINBLASTINE,ABT-888,MDAMB436,-21.32252366,3,0
20374,VINBLASTINE,ABT-888,MSTO,-6.995458184,3,0
20375,VINBLASTINE,ABT-888,NCIH1650,-29.0083885,3,0
20376,VINBLASTINE,ABT-888,NCIH2122,-21.16777445,3,0
20377,VINBLASTINE,ABT-888,NCIH23,-34.89296572,3,0
20378,VINBLASTINE,ABT-888,NCIH460,-15.35249881,3,0
20379,VINBLASTINE,ABT-888,NCIH520,-13.3486394,3,0
20380,VINBLASTINE,ABT-888,OCUBM,-23.54409867,3,0
20381,VINBLASTINE,ABT-888,OV90,-19.15594557,3,0
20382,VINBLASTINE,ABT-888,OVCAR3,-59.46650735,3,0
20383,VINBLASTINE,ABT-888,PA1,-43.36613864,3,0
20384,VINBLASTINE,ABT-888,RKO,-5.541467635,3,0
20385,VINBLASTINE,ABT-888,RPMI7951,-37.34478721,3,0
20386,VINBLASTINE,ABT-888,SKMEL30,-16.1673518,3,0
20387,VINBLASTINE,ABT-888,SKMES1,-0.485674371,3,0
20388,VINBLASTINE,ABT-888,SKOV3,-5.210869674,3,0
20389,VINBLASTINE,ABT-888,SW620,-5.712796582,3,0
20390,VINBLASTINE,ABT-888,SW837,-30.4198704,3,0
20391,VINBLASTINE,ABT-888,T47D,-19.7234483,3,0
20392,VINBLASTINE,ABT-888,UACC62,-28.21780099,3,0
20393,VINBLASTINE,ABT-888,UWB1289,-34.08171709,3,0
20394,VINBLASTINE,ABT-888,UWB1289BRCA1,-34.80765571,3,0
20395,VINBLASTINE,ABT-888,VCAP,-14.55831433,3,0
20396,VINBLASTINE,ABT-888,ZR751,-50.84000559,3,0
20399,VINBLASTINE,AZD1775,A375,-5.492115217,1,0
20400,VINBLASTINE,AZD1775,A427,-13.28690127,1,0
20401,VINBLASTINE,AZD1775,CAOV3,-7.448189591,1,0
20404,VINBLASTINE,AZD1775,EFM192B,-10.06964235,1,0
20405,VINBLASTINE,AZD1775,ES2,21.07733507,1,1
20407,VINBLASTINE,AZD1775,HT144,11.82619061,1,1
20408,VINBLASTINE,AZD1775,HT29,-6.538344268,1,0
20409,VINBLASTINE,AZD1775,KPL1,11.18542234,1,1
20410,VINBLASTINE,AZD1775,LNCAP,-4.077703147,1,0
20411,VINBLASTINE,AZD1775,LOVO,-0.715024317,1,0
20413,VINBLASTINE,AZD1775,MSTO,-16.17330097,1,0
20414,VINBLASTINE,AZD1775,NCIH1650,11.35576882,1,1
20415,VINBLASTINE,AZD1775,NCIH2122,-23.03504899,1,0
20416,VINBLASTINE,AZD1775,NCIH23,-20.93263176,1,0
20417,VINBLASTINE,AZD1775,NCIH460,-9.214563403,1,0
20419,VINBLASTINE,AZD1775,OCUBM,22.2030878,1,1
20420,VINBLASTINE,AZD1775,OV90,-16.28323135,1,0
20421,VINBLASTINE,AZD1775,OVCAR3,-0.421791954,1,0
20422,VINBLASTINE,AZD1775,PA1,-2.238551974,1,0
20424,VINBLASTINE,AZD1775,RPMI7951,-6.459396672,1,0
20425,VINBLASTINE,AZD1775,SKMEL30,-19.4524336,1,0
20426,VINBLASTINE,AZD1775,SKMES1,-11.09668695,1,0
20427,VINBLASTINE,AZD1775,SKOV3,25.80182474,1,1
20428,VINBLASTINE,AZD1775,SW620,20.37152377,1,1
20429,VINBLASTINE,AZD1775,SW837,-2.702329404,1,0
20430,VINBLASTINE,AZD1775,T47D,-23.22852677,1,0
20431,VINBLASTINE,AZD1775,UACC62,16.56310836,1,1
20432,VINBLASTINE,AZD1775,UWB1289,84.84541796,1,1
20434,VINBLASTINE,AZD1775,VCAP,-10.55449578,1,0
20435,VINBLASTINE,AZD1775,ZR751,-4.531192056,1,0
20436,VINBLASTINE,BEZ-235,A2058,15.83662681,2,1
20437,VINBLASTINE,BEZ-235,A2780,14.78323568,2,1
20438,VINBLASTINE,BEZ-235,A375,33.63772163,2,1
20439,VINBLASTINE,BEZ-235,A427,12.29336011,2,1
20440,VINBLASTINE,BEZ-235,CAOV3,-7.613486858,2,0
20441,VINBLASTINE,BEZ-235,COLO320DM,25.96821401,2,1
20442,VINBLASTINE,BEZ-235,DLD1,19.94175415,2,1
20443,VINBLASTINE,BEZ-235,EFM192B,13.94361083,2,1
20444,VINBLASTINE,BEZ-235,ES2,54.79783766,2,1
20445,VINBLASTINE,BEZ-235,HCT116,22.01341701,2,1
20446,VINBLASTINE,BEZ-235,HT144,37.59751525,2,1
20447,VINBLASTINE,BEZ-235,HT29,12.46231638,2,1
20448,VINBLASTINE,BEZ-235,KPL1,24.20008646,2,1
20449,VINBLASTINE,BEZ-235,LNCAP,11.92927195,2,1
20450,VINBLASTINE,BEZ-235,LOVO,21.06278538,2,1
20451,VINBLASTINE,BEZ-235,MDAMB436,15.6618498,2,1
20452,VINBLASTINE,BEZ-235,MSTO,-15.40433875,2,0
20453,VINBLASTINE,BEZ-235,NCIH1650,22.7832847,2,1
20454,VINBLASTINE,BEZ-235,NCIH2122,-21.71734756,2,0
20455,VINBLASTINE,BEZ-235,NCIH23,-2.378667641,2,0
20456,VINBLASTINE,BEZ-235,NCIH460,22.52552924,2,1
20457,VINBLASTINE,BEZ-235,NCIH520,14.0995353,2,1
20458,VINBLASTINE,BEZ-235,OCUBM,23.9441629,2,1
20459,VINBLASTINE,BEZ-235,OV90,22.68707228,2,1
20460,VINBLASTINE,BEZ-235,OVCAR3,11.4148801,2,1
20462,VINBLASTINE,BEZ-235,RKO,25.65786173,2,1
20464,VINBLASTINE,BEZ-235,SKMEL30,19.43400758,2,1
20465,VINBLASTINE,BEZ-235,SKMES1,17.40616651,2,1
20466,VINBLASTINE,BEZ-235,SKOV3,27.83945666,2,1
20467,VINBLASTINE,BEZ-235,SW620,48.62427914,2,1
20468,VINBLASTINE,BEZ-235,SW837,25.06499142,2,1
20469,VINBLASTINE,BEZ-235,T47D,54.50425259,2,1
20470,VINBLASTINE,BEZ-235,UACC62,23.35084878,2,1
20472,VINBLASTINE,BEZ-235,UWB1289BRCA1,23.73690441,2,1
20473,VINBLASTINE,BEZ-235,VCAP,19.25946438,2,1
20474,VINBLASTINE,BEZ-235,ZR751,19.86156253,2,1
20475,VINBLASTINE,BORTEZOMIB,A2058,-10.55419165,1,0
20476,VINBLASTINE,BORTEZOMIB,A2780,-37.13334543,1,0
20477,VINBLASTINE,BORTEZOMIB,A375,-10.8968315,1,0
20478,VINBLASTINE,BORTEZOMIB,A427,-12.91150452,1,0
20479,VINBLASTINE,BORTEZOMIB,CAOV3,-32.10671184,1,0
20480,VINBLASTINE,BORTEZOMIB,COLO320DM,-8.99467314,1,0
20482,VINBLASTINE,BORTEZOMIB,EFM192B,-28.55673616,1,0
20483,VINBLASTINE,BORTEZOMIB,ES2,16.9704289,1,1
20484,VINBLASTINE,BORTEZOMIB,HCT116,-13.98222264,1,0
20485,VINBLASTINE,BORTEZOMIB,HT144,-17.85957742,1,0
20486,VINBLASTINE,BORTEZOMIB,HT29,-27.19240385,1,0
20488,VINBLASTINE,BORTEZOMIB,LNCAP,-199.2579703,1,0
20490,VINBLASTINE,BORTEZOMIB,MDAMB436,-11.25332847,1,0
20491,VINBLASTINE,BORTEZOMIB,MSTO,-24.78273688,1,0
20492,VINBLASTINE,BORTEZOMIB,NCIH1650,-40.09623514,1,0
20493,VINBLASTINE,BORTEZOMIB,NCIH2122,-38.162152,1,0
20494,VINBLASTINE,BORTEZOMIB,NCIH23,-30.33070495,1,0
20495,VINBLASTINE,BORTEZOMIB,NCIH460,-38.97671729,1,0
20496,VINBLASTINE,BORTEZOMIB,NCIH520,-35.64042528,1,0
20498,VINBLASTINE,BORTEZOMIB,OV90,-17.53033643,1,0
20499,VINBLASTINE,BORTEZOMIB,OVCAR3,-20.31637417,1,0
20500,VINBLASTINE,BORTEZOMIB,PA1,-30.21479815,1,0
20501,VINBLASTINE,BORTEZOMIB,RKO,-10.56821449,1,0
20502,VINBLASTINE,BORTEZOMIB,RPMI7951,-21.52598832,1,0
20503,VINBLASTINE,BORTEZOMIB,SKMEL30,-15.89976665,1,0
20504,VINBLASTINE,BORTEZOMIB,SKMES1,-34.12471001,1,0
20505,VINBLASTINE,BORTEZOMIB,SKOV3,-1.732884934,1,0
20506,VINBLASTINE,BORTEZOMIB,SW620,15.12691776,1,1
20507,VINBLASTINE,BORTEZOMIB,SW837,-9.30170878,1,0
20508,VINBLASTINE,BORTEZOMIB,T47D,-32.24183569,1,0
20509,VINBLASTINE,BORTEZOMIB,UACC62,-29.45041491,1,0
20510,VINBLASTINE,BORTEZOMIB,UWB1289,-27.01475042,1,0
20511,VINBLASTINE,BORTEZOMIB,UWB1289BRCA1,-0.98490179,1,0
20512,VINBLASTINE,BORTEZOMIB,VCAP,-14.05161279,1,0
20513,VINBLASTINE,BORTEZOMIB,ZR751,-32.29125776,1,0
20514,VINBLASTINE,DASATINIB,A2058,41.6650811,0,1
20515,VINBLASTINE,DASATINIB,A2780,39.18536378,0,1
20516,VINBLASTINE,DASATINIB,A375,-6.227297328,0,0
20517,VINBLASTINE,DASATINIB,A427,15.63783605,0,1
20518,VINBLASTINE,DASATINIB,CAOV3,-6.819538466,0,0
20519,VINBLASTINE,DASATINIB,COLO320DM,-12.05615322,0,0
20520,VINBLASTINE,DASATINIB,DLD1,19.08949188,0,1
20521,VINBLASTINE,DASATINIB,EFM192B,27.44391834,0,1
20522,VINBLASTINE,DASATINIB,ES2,11.18416254,0,1
20523,VINBLASTINE,DASATINIB,HCT116,-44.90357203,0,0
20524,VINBLASTINE,DASATINIB,HT144,-39.59713445,0,0
20525,VINBLASTINE,DASATINIB,HT29,-10.93278023,0,0
20527,VINBLASTINE,DASATINIB,LNCAP,-32.69030668,0,0
20528,VINBLASTINE,DASATINIB,LOVO,42.18423999,0,1
20529,VINBLASTINE,DASATINIB,MDAMB436,-3.349819525,0,0
20530,VINBLASTINE,DASATINIB,MSTO,93.43255317,0,1
20531,VINBLASTINE,DASATINIB,NCIH1650,33.55402048,0,1
20532,VINBLASTINE,DASATINIB,NCIH2122,-99.66705551,0,0
20533,VINBLASTINE,DASATINIB,NCIH23,-6.921767338,0,0
20534,VINBLASTINE,DASATINIB,NCIH460,10.69446034,0,1
20535,VINBLASTINE,DASATINIB,NCIH520,39.41310981,0,1
20537,VINBLASTINE,DASATINIB,OV90,-0.434253542,0,0
20538,VINBLASTINE,DASATINIB,OVCAR3,49.17768855,0,1
20540,VINBLASTINE,DASATINIB,RKO,-4.558272452,0,0
20542,VINBLASTINE,DASATINIB,SKMEL30,-34.9381396,0,0
20543,VINBLASTINE,DASATINIB,SKMES1,-9.658091146,0,0
20545,VINBLASTINE,DASATINIB,SW620,22.37840362,0,1
20546,VINBLASTINE,DASATINIB,SW837,20.63883444,0,1
20547,VINBLASTINE,DASATINIB,T47D,-40.10616085,0,0
20549,VINBLASTINE,DASATINIB,UWB1289,-12.62215299,0,0
20551,VINBLASTINE,DASATINIB,VCAP,10.67249367,0,1
20552,VINBLASTINE,DASATINIB,ZR751,-49.88629454,0,0
20553,VINBLASTINE,DINACICLIB,A2058,-17.08245334,0,0
20554,VINBLASTINE,DINACICLIB,A2780,-20.21319358,0,0
20555,VINBLASTINE,DINACICLIB,A375,-3.790668718,0,0
20556,VINBLASTINE,DINACICLIB,A427,-16.62875411,0,0
20557,VINBLASTINE,DINACICLIB,CAOV3,-32.2301558,0,0
20559,VINBLASTINE,DINACICLIB,DLD1,-6.890084527,0,0
20560,VINBLASTINE,DINACICLIB,EFM192B,-8.267184084,0,0
20561,VINBLASTINE,DINACICLIB,ES2,11.8012607,0,1
20562,VINBLASTINE,DINACICLIB,HCT116,-27.32015182,0,0
20563,VINBLASTINE,DINACICLIB,HT144,-13.64174523,0,0
20564,VINBLASTINE,DINACICLIB,HT29,-23.80891416,0,0
20567,VINBLASTINE,DINACICLIB,LOVO,-20.29283824,0,0
20568,VINBLASTINE,DINACICLIB,MDAMB436,-21.74415889,0,0
20569,VINBLASTINE,DINACICLIB,MSTO,-13.02853204,0,0
20570,VINBLASTINE,DINACICLIB,NCIH1650,-21.20039221,0,0
20571,VINBLASTINE,DINACICLIB,NCIH2122,-37.84606202,0,0
20572,VINBLASTINE,DINACICLIB,NCIH23,-31.19458031,0,0
20573,VINBLASTINE,DINACICLIB,NCIH460,-15.32815597,0,0
20574,VINBLASTINE,DINACICLIB,NCIH520,-31.63086613,0,0
20575,VINBLASTINE,DINACICLIB,OCUBM,-8.470904641,0,0
20576,VINBLASTINE,DINACICLIB,OV90,-26.25964814,0,0
20577,VINBLASTINE,DINACICLIB,OVCAR3,-18.55567037,0,0
20578,VINBLASTINE,DINACICLIB,PA1,-26.78541099,0,0
20579,VINBLASTINE,DINACICLIB,RKO,-0.017717894,0,0
20580,VINBLASTINE,DINACICLIB,RPMI7951,-11.12907649,0,0
20581,VINBLASTINE,DINACICLIB,SKMEL30,-9.587567124,0,0
20582,VINBLASTINE,DINACICLIB,SKMES1,-27.53005918,0,0
20583,VINBLASTINE,DINACICLIB,SKOV3,-21.12419762,0,0
20584,VINBLASTINE,DINACICLIB,SW620,12.6922487,0,1
20585,VINBLASTINE,DINACICLIB,SW837,-19.21834825,0,0
20586,VINBLASTINE,DINACICLIB,T47D,-59.97465657,0,0
20587,VINBLASTINE,DINACICLIB,UACC62,-2.471797905,0,0
20588,VINBLASTINE,DINACICLIB,UWB1289,-34.84477511,0,0
20589,VINBLASTINE,DINACICLIB,UWB1289BRCA1,-4.776107911,0,0
20590,VINBLASTINE,DINACICLIB,VCAP,-16.98016101,0,0
20591,VINBLASTINE,DINACICLIB,ZR751,-30.90163936,0,0
20592,VINBLASTINE,ERLOTINIB,A2058,85.57939365,3,1
20594,VINBLASTINE,ERLOTINIB,A375,45.22157703,3,1
20595,VINBLASTINE,ERLOTINIB,A427,26.87059183,3,1
20596,VINBLASTINE,ERLOTINIB,CAOV3,23.24715405,3,1
20597,VINBLASTINE,ERLOTINIB,COLO320DM,15.19169552,3,1
20598,VINBLASTINE,ERLOTINIB,DLD1,25.71654313,3,1
20599,VINBLASTINE,ERLOTINIB,EFM192B,44.58547708,3,1
20600,VINBLASTINE,ERLOTINIB,ES2,58.79504997,3,1
20601,VINBLASTINE,ERLOTINIB,HCT116,71.50881052,3,1
20602,VINBLASTINE,ERLOTINIB,HT144,33.69883247,3,1
20603,VINBLASTINE,ERLOTINIB,HT29,49.68847538,3,1
20604,VINBLASTINE,ERLOTINIB,KPL1,44.65469026,3,1
20605,VINBLASTINE,ERLOTINIB,LNCAP,17.04832522,3,1
20606,VINBLASTINE,ERLOTINIB,LOVO,42.3579718,3,1
20607,VINBLASTINE,ERLOTINIB,MDAMB436,15.69197353,3,1
20608,VINBLASTINE,ERLOTINIB,MSTO,19.18790741,3,1
20610,VINBLASTINE,ERLOTINIB,NCIH2122,39.33975616,3,1
20611,VINBLASTINE,ERLOTINIB,NCIH23,14.02364341,3,1
20612,VINBLASTINE,ERLOTINIB,NCIH460,55.54657753,3,1
20613,VINBLASTINE,ERLOTINIB,NCIH520,39.94346161,3,1
20614,VINBLASTINE,ERLOTINIB,OCUBM,83.19519943,3,1
20615,VINBLASTINE,ERLOTINIB,OV90,19.70598176,3,1
20616,VINBLASTINE,ERLOTINIB,OVCAR3,16.38351745,3,1
20617,VINBLASTINE,ERLOTINIB,PA1,10.70370043,3,1
20618,VINBLASTINE,ERLOTINIB,RKO,64.85230465,3,1
20619,VINBLASTINE,ERLOTINIB,RPMI7951,19.39465925,3,1
20620,VINBLASTINE,ERLOTINIB,SKMEL30,43.33310365,3,1
20621,VINBLASTINE,ERLOTINIB,SKMES1,28.62470543,3,1
20622,VINBLASTINE,ERLOTINIB,SKOV3,41.011108,3,1
20623,VINBLASTINE,ERLOTINIB,SW620,59.56206452,3,1
20624,VINBLASTINE,ERLOTINIB,SW837,54.25688552,3,1
20625,VINBLASTINE,ERLOTINIB,T47D,-14.05261606,3,0
20626,VINBLASTINE,ERLOTINIB,UACC62,32.31482524,3,1
20627,VINBLASTINE,ERLOTINIB,UWB1289,17.23042996,3,1
20628,VINBLASTINE,ERLOTINIB,UWB1289BRCA1,29.36964398,3,1
20629,VINBLASTINE,ERLOTINIB,VCAP,114.6457311,3,1
20630,VINBLASTINE,ERLOTINIB,ZR751,40.44572347,3,1
20631,VINBLASTINE,GELDANAMYCIN,A2058,-12.87229487,1,0
20632,VINBLASTINE,GELDANAMYCIN,A2780,-18.22399153,1,0
20633,VINBLASTINE,GELDANAMYCIN,A375,14.62997756,1,1
20634,VINBLASTINE,GELDANAMYCIN,A427,-12.00738927,1,0
20635,VINBLASTINE,GELDANAMYCIN,CAOV3,-30.65969489,1,0
20636,VINBLASTINE,GELDANAMYCIN,COLO320DM,-4.552871623,1,0
20637,VINBLASTINE,GELDANAMYCIN,DLD1,-16.16603371,1,0
20638,VINBLASTINE,GELDANAMYCIN,EFM192B,-31.97169999,1,0
20640,VINBLASTINE,GELDANAMYCIN,HCT116,-16.39905805,1,0
20641,VINBLASTINE,GELDANAMYCIN,HT144,-17.92428323,1,0
20642,VINBLASTINE,GELDANAMYCIN,HT29,-35.70527713,1,0
20643,VINBLASTINE,GELDANAMYCIN,KPL1,-14.93310888,1,0
20644,VINBLASTINE,GELDANAMYCIN,LNCAP,-148.2415814,1,0
20645,VINBLASTINE,GELDANAMYCIN,LOVO,-28.62431489,1,0
20646,VINBLASTINE,GELDANAMYCIN,MDAMB436,-3.673009117,1,0
20647,VINBLASTINE,GELDANAMYCIN,MSTO,-57.27205328,1,0
20648,VINBLASTINE,GELDANAMYCIN,NCIH1650,-26.43318161,1,0
20649,VINBLASTINE,GELDANAMYCIN,NCIH2122,-41.98659526,1,0
20650,VINBLASTINE,GELDANAMYCIN,NCIH23,-24.91058246,1,0
20651,VINBLASTINE,GELDANAMYCIN,NCIH460,-29.03978051,1,0
20652,VINBLASTINE,GELDANAMYCIN,NCIH520,-21.14714659,1,0
20653,VINBLASTINE,GELDANAMYCIN,OCUBM,-9.13280755,1,0
20654,VINBLASTINE,GELDANAMYCIN,OV90,-24.72680222,1,0
20655,VINBLASTINE,GELDANAMYCIN,OVCAR3,-32.52502949,1,0
20656,VINBLASTINE,GELDANAMYCIN,PA1,-22.2626471,1,0
20657,VINBLASTINE,GELDANAMYCIN,RKO,-7.00195572,1,0
20658,VINBLASTINE,GELDANAMYCIN,RPMI7951,-11.90252931,1,0
20659,VINBLASTINE,GELDANAMYCIN,SKMEL30,-18.15600231,1,0
20660,VINBLASTINE,GELDANAMYCIN,SKMES1,-23.27499983,1,0
20661,VINBLASTINE,GELDANAMYCIN,SKOV3,-8.065646386,1,0
20662,VINBLASTINE,GELDANAMYCIN,SW620,-3.809024947,1,0
20663,VINBLASTINE,GELDANAMYCIN,SW837,-30.91373154,1,0
20664,VINBLASTINE,GELDANAMYCIN,T47D,-16.3040975,1,0
20665,VINBLASTINE,GELDANAMYCIN,UACC62,-77.82985735,1,0
20666,VINBLASTINE,GELDANAMYCIN,UWB1289,-32.10821348,1,0
20667,VINBLASTINE,GELDANAMYCIN,UWB1289BRCA1,-22.30805714,1,0
20668,VINBLASTINE,GELDANAMYCIN,VCAP,-5.97610342,1,0
20669,VINBLASTINE,GELDANAMYCIN,ZR751,-21.41855019,1,0
20670,VINBLASTINE,L778123,A2058,82.51665184,2,1
20672,VINBLASTINE,L778123,A375,34.22899361,2,1
20673,VINBLASTINE,L778123,A427,46.06766584,2,1
20674,VINBLASTINE,L778123,CAOV3,18.32951966,2,1
20675,VINBLASTINE,L778123,COLO320DM,15.36033824,2,1
20676,VINBLASTINE,L778123,DLD1,26.59136457,2,1
20677,VINBLASTINE,L778123,EFM192B,31.14142698,2,1
20678,VINBLASTINE,L778123,ES2,42.75639743,2,1
20679,VINBLASTINE,L778123,HCT116,29.99272324,2,1
20680,VINBLASTINE,L778123,HT144,28.3572738,2,1
20681,VINBLASTINE,L778123,HT29,29.80102376,2,1
20683,VINBLASTINE,L778123,LNCAP,-85.75874254,2,0
20684,VINBLASTINE,L778123,LOVO,13.08406127,2,1
20685,VINBLASTINE,L778123,MDAMB436,23.10617121,2,1
20686,VINBLASTINE,L778123,MSTO,-5.810183469,2,0
20687,VINBLASTINE,L778123,NCIH1650,30.84218436,2,1
20688,VINBLASTINE,L778123,NCIH2122,14.7360027,2,1
20689,VINBLASTINE,L778123,NCIH23,22.60535378,2,1
20690,VINBLASTINE,L778123,NCIH460,29.74340745,2,1
20691,VINBLASTINE,L778123,NCIH520,15.54151981,2,1
20692,VINBLASTINE,L778123,OCUBM,53.37446003,2,1
20693,VINBLASTINE,L778123,OV90,37.34672381,2,1
20694,VINBLASTINE,L778123,OVCAR3,15.43689924,2,1
20695,VINBLASTINE,L778123,PA1,18.76164292,2,1
20696,VINBLASTINE,L778123,RKO,42.86699365,2,1
20697,VINBLASTINE,L778123,RPMI7951,22.57468317,2,1
20698,VINBLASTINE,L778123,SKMEL30,20.98314015,2,1
20699,VINBLASTINE,L778123,SKMES1,23.19915772,2,1
20700,VINBLASTINE,L778123,SKOV3,33.79519346,2,1
20701,VINBLASTINE,L778123,SW620,54.0558313,2,1
20702,VINBLASTINE,L778123,SW837,44.26821981,2,1
20703,VINBLASTINE,L778123,T47D,20.39818072,2,1
20704,VINBLASTINE,L778123,UACC62,21.25294408,2,1
20705,VINBLASTINE,L778123,UWB1289,18.13528841,2,1
20706,VINBLASTINE,L778123,UWB1289BRCA1,33.16925726,2,1
20707,VINBLASTINE,L778123,VCAP,53.11094325,2,1
20708,VINBLASTINE,L778123,ZR751,19.50741773,2,1
20709,VINBLASTINE,LAPATINIB,A2058,28.72204641,4,1
20710,VINBLASTINE,LAPATINIB,A2780,-5.061144539,4,0
20711,VINBLASTINE,LAPATINIB,A375,22.83658596,4,1
20712,VINBLASTINE,LAPATINIB,A427,-34.8937392,4,0
20713,VINBLASTINE,LAPATINIB,CAOV3,-4.335261172,4,0
20715,VINBLASTINE,LAPATINIB,DLD1,36.56317971,4,1
20717,VINBLASTINE,LAPATINIB,ES2,18.9213898,4,1
20720,VINBLASTINE,LAPATINIB,HT29,-10.92119874,4,0
20722,VINBLASTINE,LAPATINIB,LNCAP,-29.05116225,4,0
20723,VINBLASTINE,LAPATINIB,LOVO,33.08985674,4,1
20724,VINBLASTINE,LAPATINIB,MDAMB436,-15.41813187,4,0
20726,VINBLASTINE,LAPATINIB,NCIH1650,-7.894081137,4,0
20727,VINBLASTINE,LAPATINIB,NCIH2122,-24.98687907,4,0
20728,VINBLASTINE,LAPATINIB,NCIH23,-10.5428104,4,0
20730,VINBLASTINE,LAPATINIB,NCIH520,-2.579725695,4,0
20731,VINBLASTINE,LAPATINIB,OCUBM,-3.62224406,4,0
20732,VINBLASTINE,LAPATINIB,OV90,-18.18239461,4,0
20733,VINBLASTINE,LAPATINIB,OVCAR3,-5.891713626,4,0
20734,VINBLASTINE,LAPATINIB,PA1,-3.513020675,4,0
20735,VINBLASTINE,LAPATINIB,RKO,-14.77233304,4,0
20736,VINBLASTINE,LAPATINIB,RPMI7951,-9.670425864,4,0
20737,VINBLASTINE,LAPATINIB,SKMEL30,-10.25160505,4,0
20739,VINBLASTINE,LAPATINIB,SKOV3,17.30961732,4,1
20741,VINBLASTINE,LAPATINIB,SW837,33.39639297,4,1
20742,VINBLASTINE,LAPATINIB,T47D,-33.91977071,4,0
20743,VINBLASTINE,LAPATINIB,UACC62,-0.767746624,4,0
20744,VINBLASTINE,LAPATINIB,UWB1289,-30.94560526,4,0
20746,VINBLASTINE,LAPATINIB,VCAP,15.20486157,4,1
20747,VINBLASTINE,LAPATINIB,ZR751,-6.03486564,4,0
20750,VINBLASTINE,MK-2206,A375,20.50186319,0,1
20751,VINBLASTINE,MK-2206,A427,-31.09447208,0,0
20752,VINBLASTINE,MK-2206,CAOV3,-1.933284392,0,0
20754,VINBLASTINE,MK-2206,DLD1,15.10126637,0,1
20755,VINBLASTINE,MK-2206,EFM192B,-17.23730757,0,0
20757,VINBLASTINE,MK-2206,HCT116,-19.9160462,0,0
20758,VINBLASTINE,MK-2206,HT144,24.67751112,0,1
20759,VINBLASTINE,MK-2206,HT29,-4.761721883,0,0
20760,VINBLASTINE,MK-2206,KPL1,20.91663669,0,1
20761,VINBLASTINE,MK-2206,LNCAP,-8.853629726,0,0
20762,VINBLASTINE,MK-2206,LOVO,10.28240512,0,1
20763,VINBLASTINE,MK-2206,MDAMB436,-13.84621056,0,0
20764,VINBLASTINE,MK-2206,MSTO,46.76569279,0,1
20766,VINBLASTINE,MK-2206,NCIH2122,-34.7974911,0,0
20767,VINBLASTINE,MK-2206,NCIH23,-7.184761461,0,0
20769,VINBLASTINE,MK-2206,NCIH520,13.16812022,0,1
20770,VINBLASTINE,MK-2206,OCUBM,-6.888390008,0,0
20772,VINBLASTINE,MK-2206,OVCAR3,-9.713491058,0,0
20773,VINBLASTINE,MK-2206,PA1,-4.326789241,0,0
20776,VINBLASTINE,MK-2206,SKMEL30,-5.917691548,0,0
20778,VINBLASTINE,MK-2206,SKOV3,11.34442615,0,1
20780,VINBLASTINE,MK-2206,SW837,-7.286616995,0,0
20782,VINBLASTINE,MK-2206,UACC62,28.97072492,0,1
20783,VINBLASTINE,MK-2206,UWB1289,-16.29610227,0,0
20784,VINBLASTINE,MK-2206,UWB1289BRCA1,21.56289387,0,1
20785,VINBLASTINE,MK-2206,VCAP,-9.689371566,0,0
20787,VINBLASTINE,MK-4827,A2058,-13.3879235,4,0
20788,VINBLASTINE,MK-4827,A2780,-11.40134251,4,0
20789,VINBLASTINE,MK-4827,A375,-18.96388412,4,0
20790,VINBLASTINE,MK-4827,A427,-12.06344511,4,0
20791,VINBLASTINE,MK-4827,CAOV3,-33.48756779,4,0
20792,VINBLASTINE,MK-4827,COLO320DM,11.72410319,4,1
20793,VINBLASTINE,MK-4827,DLD1,-3.675031992,4,0
20794,VINBLASTINE,MK-4827,EFM192B,15.53045252,4,1
20795,VINBLASTINE,MK-4827,ES2,11.75705427,4,1
20796,VINBLASTINE,MK-4827,HCT116,-9.148159827,4,0
20797,VINBLASTINE,MK-4827,HT144,-2.444380765,4,0
20798,VINBLASTINE,MK-4827,HT29,-10.08507429,4,0
20800,VINBLASTINE,MK-4827,LNCAP,-46.64719467,4,0
20801,VINBLASTINE,MK-4827,LOVO,-2.883093299,4,0
20802,VINBLASTINE,MK-4827,MDAMB436,-1.827723663,4,0
20805,VINBLASTINE,MK-4827,NCIH2122,17.93840553,4,1
20806,VINBLASTINE,MK-4827,NCIH23,-26.15634803,4,0
20808,VINBLASTINE,MK-4827,NCIH520,-18.66022759,4,0
20809,VINBLASTINE,MK-4827,OCUBM,28.034165,4,1
20810,VINBLASTINE,MK-4827,OV90,-15.82092885,4,0
20811,VINBLASTINE,MK-4827,OVCAR3,-16.87304014,4,0
20812,VINBLASTINE,MK-4827,PA1,-16.34304453,4,0
20814,VINBLASTINE,MK-4827,RPMI7951,-5.581326895,4,0
20815,VINBLASTINE,MK-4827,SKMEL30,-3.448913159,4,0
20816,VINBLASTINE,MK-4827,SKMES1,-7.512392798,4,0
20817,VINBLASTINE,MK-4827,SKOV3,21.07144249,4,1
20818,VINBLASTINE,MK-4827,SW620,30.93184487,4,1
20819,VINBLASTINE,MK-4827,SW837,-21.71800764,4,0
20820,VINBLASTINE,MK-4827,T47D,-48.76345081,4,0
20821,VINBLASTINE,MK-4827,UACC62,-1.625383808,4,0
20822,VINBLASTINE,MK-4827,UWB1289,-23.39499577,4,0
20823,VINBLASTINE,MK-4827,UWB1289BRCA1,-0.315245999,4,0
20824,VINBLASTINE,MK-4827,VCAP,16.41753732,4,1
20825,VINBLASTINE,MK-4827,ZR751,-2.066075273,4,0
20826,VINBLASTINE,MK-5108,A2058,23.69537252,2,1
20833,VINBLASTINE,MK-5108,EFM192B,16.51371233,2,1
20834,VINBLASTINE,MK-5108,ES2,18.47740082,2,1
20835,VINBLASTINE,MK-5108,HCT116,21.84395569,2,1
20836,VINBLASTINE,MK-5108,HT144,13.58100809,2,1
20837,VINBLASTINE,MK-5108,HT29,41.01907392,2,1
20838,VINBLASTINE,MK-5108,KPL1,13.99329321,2,1
20841,VINBLASTINE,MK-5108,MDAMB436,19.73835213,2,1
20842,VINBLASTINE,MK-5108,MSTO,29.37038012,2,1
20843,VINBLASTINE,MK-5108,NCIH1650,20.87386169,2,1
20844,VINBLASTINE,MK-5108,NCIH2122,-7.507888002,2,0
20846,VINBLASTINE,MK-5108,NCIH460,-4.439803395,2,0
20848,VINBLASTINE,MK-5108,OCUBM,23.7607158,2,1
20849,VINBLASTINE,MK-5108,OV90,16.38575066,2,1
20851,VINBLASTINE,MK-5108,PA1,-11.76863181,2,0
20852,VINBLASTINE,MK-5108,RKO,41.33619823,2,1
20853,VINBLASTINE,MK-5108,RPMI7951,-3.534605935,2,0
20854,VINBLASTINE,MK-5108,SKMEL30,28.6090276,2,1
20855,VINBLASTINE,MK-5108,SKMES1,10.01479228,2,1
20856,VINBLASTINE,MK-5108,SKOV3,25.39738061,2,1
20857,VINBLASTINE,MK-5108,SW620,37.52096948,2,1
20858,VINBLASTINE,MK-5108,SW837,36.25399761,2,1
20860,VINBLASTINE,MK-5108,UACC62,14.77807013,2,1
20861,VINBLASTINE,MK-5108,UWB1289,-8.118805819,2,0
20863,VINBLASTINE,MK-5108,VCAP,39.35686611,2,1
20864,VINBLASTINE,MK-5108,ZR751,-1.661185587,2,0
20865,VINBLASTINE,MK-8669,A2058,50.48578982,0,1
20868,VINBLASTINE,MK-8669,A427,-5.569242087,0,0
20869,VINBLASTINE,MK-8669,CAOV3,-8.431965662,0,0
20870,VINBLASTINE,MK-8669,COLO320DM,-1.274828249,0,0
20871,VINBLASTINE,MK-8669,DLD1,13.48780386,0,1
20872,VINBLASTINE,MK-8669,EFM192B,49.92967777,0,1
20873,VINBLASTINE,MK-8669,ES2,23.62142238,0,1
20874,VINBLASTINE,MK-8669,HCT116,-19.22634478,0,0
20875,VINBLASTINE,MK-8669,HT144,23.29859282,0,1
20877,VINBLASTINE,MK-8669,KPL1,58.50727318,0,1
20878,VINBLASTINE,MK-8669,LNCAP,16.57473139,0,1
20879,VINBLASTINE,MK-8669,LOVO,32.69924727,0,1
20880,VINBLASTINE,MK-8669,MDAMB436,-3.438089674,0,0
20881,VINBLASTINE,MK-8669,MSTO,69.31644893,0,1
20882,VINBLASTINE,MK-8669,NCIH1650,13.69432655,0,1
20883,VINBLASTINE,MK-8669,NCIH2122,-8.911281785,0,0
20884,VINBLASTINE,MK-8669,NCIH23,-5.47761084,0,0
20885,VINBLASTINE,MK-8669,NCIH460,-3.734064399,0,0
20886,VINBLASTINE,MK-8669,NCIH520,-2.809992038,0,0
20887,VINBLASTINE,MK-8669,OCUBM,24.1475996,0,1
20888,VINBLASTINE,MK-8669,OV90,17.83988044,0,1
20890,VINBLASTINE,MK-8669,PA1,-6.428322234,0,0
20891,VINBLASTINE,MK-8669,RKO,16.90698432,0,1
20892,VINBLASTINE,MK-8669,RPMI7951,20.07000003,0,1
20893,VINBLASTINE,MK-8669,SKMEL30,30.07980797,0,1
20894,VINBLASTINE,MK-8669,SKMES1,20.11197445,0,1
20895,VINBLASTINE,MK-8669,SKOV3,40.58721873,0,1
20896,VINBLASTINE,MK-8669,SW620,22.7495252,0,1
20898,VINBLASTINE,MK-8669,T47D,32.45522961,0,1
20899,VINBLASTINE,MK-8669,UACC62,29.64229297,0,1
20900,VINBLASTINE,MK-8669,UWB1289,-12.95645069,0,0
20901,VINBLASTINE,MK-8669,UWB1289BRCA1,15.70615037,0,1
20902,VINBLASTINE,MK-8669,VCAP,31.85489656,0,1
20903,VINBLASTINE,MK-8669,ZR751,23.22303048,0,1
20904,VINBLASTINE,MK-8776,A2058,13.54953956,0,1
20905,VINBLASTINE,MK-8776,A2780,-13.29820428,0,0
20906,VINBLASTINE,MK-8776,A375,10.89782034,0,1
20907,VINBLASTINE,MK-8776,A427,-22.15026766,0,0
20908,VINBLASTINE,MK-8776,CAOV3,-4.691347893,0,0
20910,VINBLASTINE,MK-8776,DLD1,-0.93306293,0,0
20912,VINBLASTINE,MK-8776,ES2,22.81604465,0,1
20913,VINBLASTINE,MK-8776,HCT116,-9.519189217,0,0
20915,VINBLASTINE,MK-8776,HT29,-18.85023674,0,0
20916,VINBLASTINE,MK-8776,KPL1,-1.792815619,0,0
20917,VINBLASTINE,MK-8776,LNCAP,11.28281088,0,1
20919,VINBLASTINE,MK-8776,MDAMB436,-11.27802511,0,0
20920,VINBLASTINE,MK-8776,MSTO,-6.709150994,0,0
20921,VINBLASTINE,MK-8776,NCIH1650,15.14628015,0,1
20922,VINBLASTINE,MK-8776,NCIH2122,-48.00194577,0,0
20923,VINBLASTINE,MK-8776,NCIH23,-21.19126682,0,0
20924,VINBLASTINE,MK-8776,NCIH460,-9.216638234,0,0
20925,VINBLASTINE,MK-8776,NCIH520,-7.334796274,0,0
20926,VINBLASTINE,MK-8776,OCUBM,25.82862176,0,1
20927,VINBLASTINE,MK-8776,OV90,-10.43451866,0,0
20928,VINBLASTINE,MK-8776,OVCAR3,-24.77081511,0,0
20929,VINBLASTINE,MK-8776,PA1,-26.0103294,0,0
20931,VINBLASTINE,MK-8776,RPMI7951,-28.90426431,0,0
20932,VINBLASTINE,MK-8776,SKMEL30,-0.520000541,0,0
20933,VINBLASTINE,MK-8776,SKMES1,-23.38064444,0,0
20936,VINBLASTINE,MK-8776,SW837,-30.7718173,0,0
20937,VINBLASTINE,MK-8776,T47D,-91.15214814,0,0
20939,VINBLASTINE,MK-8776,UWB1289,-29.45304109,0,0
20940,VINBLASTINE,MK-8776,UWB1289BRCA1,-20.57771164,0,0
20942,VINBLASTINE,MK-8776,ZR751,-30.28771582,0,0
20943,VINBLASTINE,PD325901,A2058,14.18810728,4,1
20944,VINBLASTINE,PD325901,A2780,10.86787134,4,1
20945,VINBLASTINE,PD325901,A375,-1.731966966,4,0
20947,VINBLASTINE,PD325901,CAOV3,-13.90924947,4,0
20950,VINBLASTINE,PD325901,EFM192B,-0.842035121,4,0
20951,VINBLASTINE,PD325901,ES2,33.91110573,4,1
20952,VINBLASTINE,PD325901,HCT116,-0.535572262,4,0
20953,VINBLASTINE,PD325901,HT144,24.45758398,4,1
20954,VINBLASTINE,PD325901,HT29,-25.20453316,4,0
20955,VINBLASTINE,PD325901,KPL1,20.09543514,4,1
20956,VINBLASTINE,PD325901,LNCAP,12.74659685,4,1
20958,VINBLASTINE,PD325901,MDAMB436,-7.570960472,4,0
20959,VINBLASTINE,PD325901,MSTO,-1.059593411,4,0
20961,VINBLASTINE,PD325901,NCIH2122,-30.45103376,4,0
20962,VINBLASTINE,PD325901,NCIH23,-7.629639583,4,0
20963,VINBLASTINE,PD325901,NCIH460,-0.437340745,4,0
20964,VINBLASTINE,PD325901,NCIH520,-1.761566318,4,0
20966,VINBLASTINE,PD325901,OV90,-0.990771161,4,0
20967,VINBLASTINE,PD325901,OVCAR3,-0.172139285,4,0
20969,VINBLASTINE,PD325901,RKO,29.23276387,4,1
20970,VINBLASTINE,PD325901,RPMI7951,-9.156636772,4,0
20971,VINBLASTINE,PD325901,SKMEL30,-1.923951823,4,0
20972,VINBLASTINE,PD325901,SKMES1,-13.0645656,4,0
20973,VINBLASTINE,PD325901,SKOV3,10.53092276,4,1
20974,VINBLASTINE,PD325901,SW620,21.10617037,4,1
20975,VINBLASTINE,PD325901,SW837,-4.379804269,4,0
20976,VINBLASTINE,PD325901,T47D,28.22259945,4,1
20978,VINBLASTINE,PD325901,UWB1289,22.3797001,4,1
20981,VINBLASTINE,PD325901,ZR751,-19.26690345,4,0
20982,VINBLASTINE,SORAFENIB,A2058,25.4344919,1,1
20983,VINBLASTINE,SORAFENIB,A2780,-1.005866696,1,0
20984,VINBLASTINE,SORAFENIB,A375,15.47849733,1,1
20985,VINBLASTINE,SORAFENIB,A427,10.95399396,1,1
20986,VINBLASTINE,SORAFENIB,CAOV3,-9.920310859,1,0
20988,VINBLASTINE,SORAFENIB,DLD1,20.98381052,1,1
20989,VINBLASTINE,SORAFENIB,EFM192B,20.63455115,1,1
20990,VINBLASTINE,SORAFENIB,ES2,34.59434216,1,1
20991,VINBLASTINE,SORAFENIB,HCT116,22.70004511,1,1
20992,VINBLASTINE,SORAFENIB,HT144,17.87219181,1,1
20993,VINBLASTINE,SORAFENIB,HT29,-2.261654984,1,0
20994,VINBLASTINE,SORAFENIB,KPL1,11.78114339,1,1
20995,VINBLASTINE,SORAFENIB,LNCAP,-1.763079132,1,0
20997,VINBLASTINE,SORAFENIB,MDAMB436,-6.937559609,1,0
20998,VINBLASTINE,SORAFENIB,MSTO,-12.61543566,1,0
20999,VINBLASTINE,SORAFENIB,NCIH1650,11.11385032,1,1
21002,VINBLASTINE,SORAFENIB,NCIH460,16.23493824,1,1
21004,VINBLASTINE,SORAFENIB,OCUBM,11.6255107,1,1
21006,VINBLASTINE,SORAFENIB,OVCAR3,-8.643397599,1,0
21008,VINBLASTINE,SORAFENIB,RKO,29.17794342,1,1
21009,VINBLASTINE,SORAFENIB,RPMI7951,-5.652835366,1,0
21010,VINBLASTINE,SORAFENIB,SKMEL30,11.95274055,1,1
21011,VINBLASTINE,SORAFENIB,SKMES1,18.11050333,1,1
21012,VINBLASTINE,SORAFENIB,SKOV3,25.08227257,1,1
21013,VINBLASTINE,SORAFENIB,SW620,35.17248524,1,1
21015,VINBLASTINE,SORAFENIB,T47D,-8.890072018,1,0
21017,VINBLASTINE,SORAFENIB,UWB1289,-5.577776501,1,0
21019,VINBLASTINE,SORAFENIB,VCAP,39.73514779,1,1
21020,VINBLASTINE,SORAFENIB,ZR751,-4.222230431,1,0
21022,VINBLASTINE,SUNITINIB,A2780,-3.696362168,2,0
21025,VINBLASTINE,SUNITINIB,CAOV3,-3.793368889,2,0
21026,VINBLASTINE,SUNITINIB,COLO320DM,17.96368041,2,1
21029,VINBLASTINE,SUNITINIB,ES2,16.65884433,2,1
21032,VINBLASTINE,SUNITINIB,HT29,-11.52411698,2,0
21033,VINBLASTINE,SUNITINIB,KPL1,14.71383322,2,1
21034,VINBLASTINE,SUNITINIB,LNCAP,-19.48486642,2,0
21035,VINBLASTINE,SUNITINIB,LOVO,-0.270805709,2,0
21036,VINBLASTINE,SUNITINIB,MDAMB436,-5.885634529,2,0
21037,VINBLASTINE,SUNITINIB,MSTO,-12.15852725,2,0
21040,VINBLASTINE,SUNITINIB,NCIH23,-18.86316063,2,0
21041,VINBLASTINE,SUNITINIB,NCIH460,-3.919378718,2,0
21042,VINBLASTINE,SUNITINIB,NCIH520,-0.010526166,2,0
21045,VINBLASTINE,SUNITINIB,OVCAR3,-0.843336033,2,0
21046,VINBLASTINE,SUNITINIB,PA1,-9.906028964,2,0
21047,VINBLASTINE,SUNITINIB,RKO,-3.001569304,2,0
21048,VINBLASTINE,SUNITINIB,RPMI7951,-18.02883515,2,0
21049,VINBLASTINE,SUNITINIB,SKMEL30,-10.29952621,2,0
21050,VINBLASTINE,SUNITINIB,SKMES1,-9.699262448,2,0
21052,VINBLASTINE,SUNITINIB,SW620,25.16921451,2,1
21053,VINBLASTINE,SUNITINIB,SW837,-8.047742094,2,0
21054,VINBLASTINE,SUNITINIB,T47D,-18.93567274,2,0
21056,VINBLASTINE,SUNITINIB,UWB1289,-10.87016275,2,0
21059,VINBLASTINE,SUNITINIB,ZR751,-11.21871505,2,0
21060,VINBLASTINE,TEMOZOLOMIDE,A2058,-30.26061865,3,0
21061,VINBLASTINE,TEMOZOLOMIDE,A2780,-56.27267644,3,0
21062,VINBLASTINE,TEMOZOLOMIDE,A375,-48.27094461,3,0
21063,VINBLASTINE,TEMOZOLOMIDE,A427,-35.19215535,3,0
21064,VINBLASTINE,TEMOZOLOMIDE,CAOV3,-114.9141752,3,0
21065,VINBLASTINE,TEMOZOLOMIDE,COLO320DM,-3.786418626,3,0
21066,VINBLASTINE,TEMOZOLOMIDE,DLD1,-21.03669091,3,0
21067,VINBLASTINE,TEMOZOLOMIDE,EFM192B,-51.0342432,3,0
21069,VINBLASTINE,TEMOZOLOMIDE,HCT116,-51.71582004,3,0
21070,VINBLASTINE,TEMOZOLOMIDE,HT144,-39.51605145,3,0
21071,VINBLASTINE,TEMOZOLOMIDE,HT29,-50.04582904,3,0
21072,VINBLASTINE,TEMOZOLOMIDE,KPL1,-19.88835922,3,0
21073,VINBLASTINE,TEMOZOLOMIDE,LNCAP,-59.71002754,3,0
21074,VINBLASTINE,TEMOZOLOMIDE,LOVO,-51.81234071,3,0
21075,VINBLASTINE,TEMOZOLOMIDE,MDAMB436,-29.25713371,3,0
21076,VINBLASTINE,TEMOZOLOMIDE,MSTO,-28.44300092,3,0
21077,VINBLASTINE,TEMOZOLOMIDE,NCIH1650,-44.15303893,3,0
21078,VINBLASTINE,TEMOZOLOMIDE,NCIH2122,-73.23152034,3,0
21079,VINBLASTINE,TEMOZOLOMIDE,NCIH23,-61.87395914,3,0
21080,VINBLASTINE,TEMOZOLOMIDE,NCIH460,-28.13013035,3,0
21081,VINBLASTINE,TEMOZOLOMIDE,NCIH520,-49.44226194,3,0
21082,VINBLASTINE,TEMOZOLOMIDE,OCUBM,-24.44043136,3,0
21083,VINBLASTINE,TEMOZOLOMIDE,OV90,-28.97810547,3,0
21084,VINBLASTINE,TEMOZOLOMIDE,OVCAR3,-67.02603111,3,0
21085,VINBLASTINE,TEMOZOLOMIDE,PA1,-68.56850736,3,0
21086,VINBLASTINE,TEMOZOLOMIDE,RKO,-24.27092453,3,0
21087,VINBLASTINE,TEMOZOLOMIDE,RPMI7951,-52.57228832,3,0
21088,VINBLASTINE,TEMOZOLOMIDE,SKMEL30,-26.15567032,3,0
21089,VINBLASTINE,TEMOZOLOMIDE,SKMES1,-34.01315952,3,0
21090,VINBLASTINE,TEMOZOLOMIDE,SKOV3,-52.46322561,3,0
21091,VINBLASTINE,TEMOZOLOMIDE,SW620,18.31069273,3,1
21092,VINBLASTINE,TEMOZOLOMIDE,SW837,-33.04587576,3,0
21093,VINBLASTINE,TEMOZOLOMIDE,T47D,-134.8040987,3,0
21094,VINBLASTINE,TEMOZOLOMIDE,UACC62,-23.07310332,3,0
21095,VINBLASTINE,TEMOZOLOMIDE,UWB1289,-15.13350202,3,0
21096,VINBLASTINE,TEMOZOLOMIDE,UWB1289BRCA1,-6.964918467,3,0
21097,VINBLASTINE,TEMOZOLOMIDE,VCAP,-41.05187366,3,0
21098,VINBLASTINE,TEMOZOLOMIDE,ZR751,-109.6136828,3,0
21099,VINBLASTINE,ZOLINZA,A2058,-21.518126,1,0
21100,VINBLASTINE,ZOLINZA,A2780,-14.14086203,1,0
21101,VINBLASTINE,ZOLINZA,A375,-31.31519734,1,0
21102,VINBLASTINE,ZOLINZA,A427,-35.82031695,1,0
21103,VINBLASTINE,ZOLINZA,CAOV3,-37.1587722,1,0
21104,VINBLASTINE,ZOLINZA,COLO320DM,15.98633959,1,1
21105,VINBLASTINE,ZOLINZA,DLD1,-3.996709229,1,0
21108,VINBLASTINE,ZOLINZA,HCT116,-13.34366812,1,0
21110,VINBLASTINE,ZOLINZA,HT29,-3.148207356,1,0
21111,VINBLASTINE,ZOLINZA,KPL1,20.39194354,1,1
21112,VINBLASTINE,ZOLINZA,LNCAP,10.41809289,1,1
21114,VINBLASTINE,ZOLINZA,MDAMB436,-16.02021888,1,0
21115,VINBLASTINE,ZOLINZA,MSTO,75.78454391,1,1
21117,VINBLASTINE,ZOLINZA,NCIH2122,-20.15337746,1,0
21118,VINBLASTINE,ZOLINZA,NCIH23,-38.57213393,1,0
21119,VINBLASTINE,ZOLINZA,NCIH460,-18.94381502,1,0
21120,VINBLASTINE,ZOLINZA,NCIH520,-0.696788621,1,0
21121,VINBLASTINE,ZOLINZA,OCUBM,-17.94639139,1,0
21122,VINBLASTINE,ZOLINZA,OV90,-7.337505143,1,0
21123,VINBLASTINE,ZOLINZA,OVCAR3,-17.1502665,1,0
21124,VINBLASTINE,ZOLINZA,PA1,-16.15366415,1,0
21125,VINBLASTINE,ZOLINZA,RKO,-3.191112997,1,0
21126,VINBLASTINE,ZOLINZA,RPMI7951,-11.50761233,1,0
21127,VINBLASTINE,ZOLINZA,SKMEL30,-28.53523545,1,0
21129,VINBLASTINE,ZOLINZA,SKOV3,24.42820826,1,1
21130,VINBLASTINE,ZOLINZA,SW620,19.96812077,1,1
21131,VINBLASTINE,ZOLINZA,SW837,12.8994721,1,1
21134,VINBLASTINE,ZOLINZA,UWB1289,-24.6926209,1,0
21136,VINBLASTINE,ZOLINZA,VCAP,18.28194836,1,1
21137,VINBLASTINE,ZOLINZA,ZR751,-40.78037564,1,0
21138,VINORELBINE,ABT-888,A2058,-14.72948136,3,0
21139,VINORELBINE,ABT-888,A2780,-13.93949131,3,0
21140,VINORELBINE,ABT-888,A375,10.32188837,3,1
21141,VINORELBINE,ABT-888,A427,-15.82842416,3,0
21142,VINORELBINE,ABT-888,CAOV3,-34.17870763,3,0
21144,VINORELBINE,ABT-888,DLD1,-1.221444002,3,0
21145,VINORELBINE,ABT-888,EFM192B,-6.512095384,3,0
21146,VINORELBINE,ABT-888,ES2,14.9163075,3,1
21147,VINORELBINE,ABT-888,HCT116,-10.42891778,3,0
21148,VINORELBINE,ABT-888,HT144,-3.374578758,3,0
21149,VINORELBINE,ABT-888,HT29,-21.08220023,3,0
21151,VINORELBINE,ABT-888,LNCAP,20.79711313,3,1
21152,VINORELBINE,ABT-888,LOVO,-2.38539239,3,0
21154,VINORELBINE,ABT-888,MSTO,53.05526747,3,1
21155,VINORELBINE,ABT-888,NCIH1650,-10.63729132,3,0
21156,VINORELBINE,ABT-888,NCIH2122,-11.45134565,3,0
21157,VINORELBINE,ABT-888,NCIH23,-99.70601119,3,0
21159,VINORELBINE,ABT-888,NCIH520,-10.23345184,3,0
21160,VINORELBINE,ABT-888,OCUBM,-2.301165079,3,0
21161,VINORELBINE,ABT-888,OV90,21.73562619,3,1
21162,VINORELBINE,ABT-888,OVCAR3,-15.27165062,3,0
21163,VINORELBINE,ABT-888,PA1,-6.322344176,3,0
21164,VINORELBINE,ABT-888,RKO,-1.336451327,3,0
21165,VINORELBINE,ABT-888,RPMI7951,-11.41582919,3,0
21166,VINORELBINE,ABT-888,SKMEL30,10.57602911,3,1
21167,VINORELBINE,ABT-888,SKMES1,19.40680488,3,1
21169,VINORELBINE,ABT-888,SW620,-2.032071629,3,0
21170,VINORELBINE,ABT-888,SW837,-22.60500538,3,0
21171,VINORELBINE,ABT-888,T47D,-62.14153045,3,0
21172,VINORELBINE,ABT-888,UACC62,-4.148839186,3,0
21173,VINORELBINE,ABT-888,UWB1289,26.13308441,3,1
21174,VINORELBINE,ABT-888,UWB1289BRCA1,-17.41623304,3,0
21175,VINORELBINE,ABT-888,VCAP,-15.99404826,3,0
21176,VINORELBINE,ABT-888,ZR751,-18.10633388,3,0
21177,VINORELBINE,AZD1775,A2058,-15.9386191,4,0
21178,VINORELBINE,AZD1775,A2780,-7.693447052,4,0
21179,VINORELBINE,AZD1775,A375,-2.046446009,4,0
21180,VINORELBINE,AZD1775,A427,-5.436623676,4,0
21181,VINORELBINE,AZD1775,CAOV3,-13.69612259,4,0
21184,VINORELBINE,AZD1775,EFM192B,-3.5585877,4,0
21186,VINORELBINE,AZD1775,HCT116,-2.020542738,4,0
21188,VINORELBINE,AZD1775,HT29,-19.93858255,4,0
21192,VINORELBINE,AZD1775,MDAMB436,-0.89317161,4,0
21195,VINORELBINE,AZD1775,NCIH2122,-29.0534773,4,0
21196,VINORELBINE,AZD1775,NCIH23,-19.15332801,4,0
21197,VINORELBINE,AZD1775,NCIH460,-4.121007713,4,0
21199,VINORELBINE,AZD1775,OCUBM,-17.0999843,4,0
21200,VINORELBINE,AZD1775,OV90,20.38350601,4,1
21201,VINORELBINE,AZD1775,OVCAR3,-13.21570338,4,0
21202,VINORELBINE,AZD1775,PA1,-8.200734786,4,0
21203,VINORELBINE,AZD1775,RKO,-1.425780016,4,0
21204,VINORELBINE,AZD1775,RPMI7951,-12.04218059,4,0
21205,VINORELBINE,AZD1775,SKMEL30,-6.006259633,4,0
21206,VINORELBINE,AZD1775,SKMES1,-7.898912167,4,0
21207,VINORELBINE,AZD1775,SKOV3,15.31977319,4,1
21208,VINORELBINE,AZD1775,SW620,-0.374495026,4,0
21209,VINORELBINE,AZD1775,SW837,-11.16208807,4,0
21210,VINORELBINE,AZD1775,T47D,-13.60598844,4,0
21211,VINORELBINE,AZD1775,UACC62,-1.616712196,4,0
21212,VINORELBINE,AZD1775,UWB1289,72.69809685,4,1
21214,VINORELBINE,AZD1775,VCAP,-33.10078146,4,0
21215,VINORELBINE,AZD1775,ZR751,-16.44969908,4,0
21218,VINORELBINE,BEZ-235,A375,41.50912604,4,1
21220,VINORELBINE,BEZ-235,CAOV3,-37.17291918,4,0
21221,VINORELBINE,BEZ-235,COLO320DM,27.89717389,4,1
21222,VINORELBINE,BEZ-235,DLD1,20.99478926,4,1
21223,VINORELBINE,BEZ-235,EFM192B,-2.040873614,4,0
21224,VINORELBINE,BEZ-235,ES2,28.56098292,4,1
21225,VINORELBINE,BEZ-235,HCT116,-5.615952202,4,0
21226,VINORELBINE,BEZ-235,HT144,39.3234412,4,1
21227,VINORELBINE,BEZ-235,HT29,-8.977501003,4,0
21228,VINORELBINE,BEZ-235,KPL1,31.96210272,4,1
21229,VINORELBINE,BEZ-235,LNCAP,68.11021209,4,1
21230,VINORELBINE,BEZ-235,LOVO,14.9718237,4,1
21231,VINORELBINE,BEZ-235,MDAMB436,25.97459654,4,1
21232,VINORELBINE,BEZ-235,MSTO,82.33127458,4,1
21233,VINORELBINE,BEZ-235,NCIH1650,12.51382042,4,1
21234,VINORELBINE,BEZ-235,NCIH2122,-26.51424638,4,0
21235,VINORELBINE,BEZ-235,NCIH23,-212.4597872,4,0
21236,VINORELBINE,BEZ-235,NCIH460,37.07844145,4,1
21237,VINORELBINE,BEZ-235,NCIH520,14.37814034,4,1
21238,VINORELBINE,BEZ-235,OCUBM,-13.62368783,4,0
21239,VINORELBINE,BEZ-235,OV90,56.16738368,4,1
21240,VINORELBINE,BEZ-235,OVCAR3,-27.050723,4,0
21241,VINORELBINE,BEZ-235,PA1,-9.605136084,4,0
21242,VINORELBINE,BEZ-235,RKO,14.8508093,4,1
21244,VINORELBINE,BEZ-235,SKMEL30,32.38480959,4,1
21245,VINORELBINE,BEZ-235,SKMES1,23.10429354,4,1
21246,VINORELBINE,BEZ-235,SKOV3,19.33684761,4,1
21247,VINORELBINE,BEZ-235,SW620,15.16136439,4,1
21248,VINORELBINE,BEZ-235,SW837,23.54663021,4,1
21249,VINORELBINE,BEZ-235,T47D,121.2857062,4,1
21250,VINORELBINE,BEZ-235,UACC62,27.95255894,4,1
21251,VINORELBINE,BEZ-235,UWB1289,14.27570275,4,1
21252,VINORELBINE,BEZ-235,UWB1289BRCA1,19.47163445,4,1
21253,VINORELBINE,BEZ-235,VCAP,-23.50668559,4,0
21254,VINORELBINE,BEZ-235,ZR751,34.158294,4,1
21255,VINORELBINE,BORTEZOMIB,A2058,-29.6509664,3,0
21256,VINORELBINE,BORTEZOMIB,A2780,-33.09195683,3,0
21257,VINORELBINE,BORTEZOMIB,A375,-9.598752946,3,0
21258,VINORELBINE,BORTEZOMIB,A427,-23.932998,3,0
21259,VINORELBINE,BORTEZOMIB,CAOV3,-42.79262801,3,0
21260,VINORELBINE,BORTEZOMIB,COLO320DM,-15.38314394,3,0
21262,VINORELBINE,BORTEZOMIB,EFM192B,-50.8313661,3,0
21263,VINORELBINE,BORTEZOMIB,ES2,-28.59156521,3,0
21264,VINORELBINE,BORTEZOMIB,HCT116,-23.6526331,3,0
21265,VINORELBINE,BORTEZOMIB,HT144,-9.779495746,3,0
21266,VINORELBINE,BORTEZOMIB,HT29,-42.68826455,3,0
21267,VINORELBINE,BORTEZOMIB,KPL1,-0.482273404,3,0
21268,VINORELBINE,BORTEZOMIB,LNCAP,-15.55903704,3,0
21269,VINORELBINE,BORTEZOMIB,LOVO,-2.567892115,3,0
21270,VINORELBINE,BORTEZOMIB,MDAMB436,-3.679128732,3,0
21271,VINORELBINE,BORTEZOMIB,MSTO,130.1395174,3,1
21272,VINORELBINE,BORTEZOMIB,NCIH1650,-28.18792891,3,0
21273,VINORELBINE,BORTEZOMIB,NCIH2122,-57.52759998,3,0
21274,VINORELBINE,BORTEZOMIB,NCIH23,-257.759711,3,0
21275,VINORELBINE,BORTEZOMIB,NCIH460,-19.99638989,3,0
21276,VINORELBINE,BORTEZOMIB,NCIH520,-35.36046364,3,0
21277,VINORELBINE,BORTEZOMIB,OCUBM,-34.37750382,3,0
21279,VINORELBINE,BORTEZOMIB,OVCAR3,-43.40354984,3,0
21280,VINORELBINE,BORTEZOMIB,PA1,-37.72201491,3,0
21281,VINORELBINE,BORTEZOMIB,RKO,-19.38519443,3,0
21282,VINORELBINE,BORTEZOMIB,RPMI7951,-19.90547782,3,0
21283,VINORELBINE,BORTEZOMIB,SKMEL30,-4.440245489,3,0
21284,VINORELBINE,BORTEZOMIB,SKMES1,-24.46352917,3,0
21285,VINORELBINE,BORTEZOMIB,SKOV3,-22.2226484,3,0
21287,VINORELBINE,BORTEZOMIB,SW837,-24.5002518,3,0
21288,VINORELBINE,BORTEZOMIB,T47D,-35.92059286,3,0
21289,VINORELBINE,BORTEZOMIB,UACC62,-25.41493952,3,0
21290,VINORELBINE,BORTEZOMIB,UWB1289,-4.839122816,3,0
21291,VINORELBINE,BORTEZOMIB,UWB1289BRCA1,-13.60803223,3,0
21292,VINORELBINE,BORTEZOMIB,VCAP,-38.01516994,3,0
21293,VINORELBINE,BORTEZOMIB,ZR751,-36.74445526,3,0
21295,VINORELBINE,DASATINIB,A2780,40.08347788,2,1
21296,VINORELBINE,DASATINIB,A375,32.24296154,2,1
21297,VINORELBINE,DASATINIB,A427,39.37162018,2,1
21298,VINORELBINE,DASATINIB,CAOV3,-14.9173314,2,0
21299,VINORELBINE,DASATINIB,COLO320DM,-0.248261473,2,0
21300,VINORELBINE,DASATINIB,DLD1,19.78442411,2,1
21301,VINORELBINE,DASATINIB,EFM192B,16.06678384,2,1
21302,VINORELBINE,DASATINIB,ES2,19.54889237,2,1
21303,VINORELBINE,DASATINIB,HCT116,-23.81764076,2,0
21304,VINORELBINE,DASATINIB,HT144,-35.84801821,2,0
21305,VINORELBINE,DASATINIB,HT29,-1.339533577,2,0
21306,VINORELBINE,DASATINIB,KPL1,21.99230904,2,1
21307,VINORELBINE,DASATINIB,LNCAP,27.9343932,2,1
21308,VINORELBINE,DASATINIB,LOVO,53.84310556,2,1
21309,VINORELBINE,DASATINIB,MDAMB436,16.20558377,2,1
21310,VINORELBINE,DASATINIB,MSTO,102.4901933,2,1
21311,VINORELBINE,DASATINIB,NCIH1650,47.46346021,2,1
21312,VINORELBINE,DASATINIB,NCIH2122,-50.14297404,2,0
21314,VINORELBINE,DASATINIB,NCIH460,30.91293171,2,1
21315,VINORELBINE,DASATINIB,NCIH520,43.75611313,2,1
21316,VINORELBINE,DASATINIB,OCUBM,-26.23073633,2,0
21317,VINORELBINE,DASATINIB,OV90,53.73242187,2,1
21318,VINORELBINE,DASATINIB,OVCAR3,20.78090001,2,1
21319,VINORELBINE,DASATINIB,PA1,-5.168295138,2,0
21321,VINORELBINE,DASATINIB,RPMI7951,10.28224841,2,1
21322,VINORELBINE,DASATINIB,SKMEL30,-14.38894625,2,0
21323,VINORELBINE,DASATINIB,SKMES1,10.21662274,2,1
21324,VINORELBINE,DASATINIB,SKOV3,25.0526887,2,1
21325,VINORELBINE,DASATINIB,SW620,31.29388992,2,1
21326,VINORELBINE,DASATINIB,SW837,20.89142917,2,1
21327,VINORELBINE,DASATINIB,T47D,45.21935482,2,1
21328,VINORELBINE,DASATINIB,UACC62,-15.86528262,2,0
21329,VINORELBINE,DASATINIB,UWB1289,12.27978269,2,1
21331,VINORELBINE,DASATINIB,VCAP,-10.3994299,2,0
21332,VINORELBINE,DASATINIB,ZR751,-15.54601539,2,0
21333,VINORELBINE,DINACICLIB,A2058,-16.0429611,2,0
21334,VINORELBINE,DINACICLIB,A2780,-19.1765067,2,0
21335,VINORELBINE,DINACICLIB,A375,-123.0291404,2,0
21336,VINORELBINE,DINACICLIB,A427,-4.42479913,2,0
21337,VINORELBINE,DINACICLIB,CAOV3,-27.19305306,2,0
21338,VINORELBINE,DINACICLIB,COLO320DM,17.44212271,2,1
21340,VINORELBINE,DINACICLIB,EFM192B,-13.58838126,2,0
21341,VINORELBINE,DINACICLIB,ES2,11.45586701,2,1
21342,VINORELBINE,DINACICLIB,HCT116,-25.11713456,2,0
21343,VINORELBINE,DINACICLIB,HT144,-0.034825488,2,0
21344,VINORELBINE,DINACICLIB,HT29,-29.92559853,2,0
21347,VINORELBINE,DINACICLIB,LOVO,-4.391422366,2,0
21348,VINORELBINE,DINACICLIB,MDAMB436,-6.397553795,2,0
21349,VINORELBINE,DINACICLIB,MSTO,48.62661809,2,1
21350,VINORELBINE,DINACICLIB,NCIH1650,-4.694852871,2,0
21351,VINORELBINE,DINACICLIB,NCIH2122,-22.26362069,2,0
21352,VINORELBINE,DINACICLIB,NCIH23,-16.26098577,2,0
21353,VINORELBINE,DINACICLIB,NCIH460,-4.223147214,2,0
21354,VINORELBINE,DINACICLIB,NCIH520,-8.598759935,2,0
21355,VINORELBINE,DINACICLIB,OCUBM,-25.02748106,2,0
21356,VINORELBINE,DINACICLIB,OV90,30.33318701,2,1
21357,VINORELBINE,DINACICLIB,OVCAR3,-17.91964113,2,0
21358,VINORELBINE,DINACICLIB,PA1,-24.07607823,2,0
21359,VINORELBINE,DINACICLIB,RKO,12.81151841,2,1
21360,VINORELBINE,DINACICLIB,RPMI7951,-4.567851719,2,0
21361,VINORELBINE,DINACICLIB,SKMEL30,11.00639474,2,1
21362,VINORELBINE,DINACICLIB,SKMES1,-7.766238297,2,0
21363,VINORELBINE,DINACICLIB,SKOV3,-15.23066253,2,0
21364,VINORELBINE,DINACICLIB,SW620,-1.81497949,2,0
21365,VINORELBINE,DINACICLIB,SW837,-12.76025598,2,0
21366,VINORELBINE,DINACICLIB,T47D,-13.1210252,2,0
21367,VINORELBINE,DINACICLIB,UACC62,13.32789958,2,1
21368,VINORELBINE,DINACICLIB,UWB1289,-7.510373378,2,0
21370,VINORELBINE,DINACICLIB,VCAP,-36.73261246,2,0
21372,VINORELBINE,ERLOTINIB,A2058,-13.18998542,1,0
21373,VINORELBINE,ERLOTINIB,A2780,-7.818341321,1,0
21374,VINORELBINE,ERLOTINIB,A375,52.30453418,1,1
21375,VINORELBINE,ERLOTINIB,A427,-6.930193354,1,0
21376,VINORELBINE,ERLOTINIB,CAOV3,-23.50326318,1,0
21377,VINORELBINE,ERLOTINIB,COLO320DM,32.50117558,1,1
21378,VINORELBINE,ERLOTINIB,DLD1,42.25150563,1,1
21380,VINORELBINE,ERLOTINIB,ES2,29.70881742,1,1
21382,VINORELBINE,ERLOTINIB,HT144,23.93883862,1,1
21383,VINORELBINE,ERLOTINIB,HT29,-13.10761589,1,0
21384,VINORELBINE,ERLOTINIB,KPL1,-3.243215721,1,0
21385,VINORELBINE,ERLOTINIB,LNCAP,-3.951882053,1,0
21386,VINORELBINE,ERLOTINIB,LOVO,34.26409169,1,1
21387,VINORELBINE,ERLOTINIB,MDAMB436,17.04938826,1,1
21388,VINORELBINE,ERLOTINIB,MSTO,28.03624262,1,1
21389,VINORELBINE,ERLOTINIB,NCIH1650,12.75659125,1,1
21390,VINORELBINE,ERLOTINIB,NCIH2122,-4.85388605,1,0
21392,VINORELBINE,ERLOTINIB,NCIH460,34.54849981,1,1
21395,VINORELBINE,ERLOTINIB,OV90,52.54043322,1,1
21396,VINORELBINE,ERLOTINIB,OVCAR3,-18.85665187,1,0
21397,VINORELBINE,ERLOTINIB,PA1,-21.07828117,1,0
21398,VINORELBINE,ERLOTINIB,RKO,13.45139149,1,1
21399,VINORELBINE,ERLOTINIB,RPMI7951,-11.82033785,1,0
21400,VINORELBINE,ERLOTINIB,SKMEL30,23.04192946,1,1
21401,VINORELBINE,ERLOTINIB,SKMES1,37.35065015,1,1
21402,VINORELBINE,ERLOTINIB,SKOV3,34.85126701,1,1
21404,VINORELBINE,ERLOTINIB,SW837,37.38803088,1,1
21405,VINORELBINE,ERLOTINIB,T47D,-12.29831992,1,0
21406,VINORELBINE,ERLOTINIB,UACC62,33.63713202,1,1
21407,VINORELBINE,ERLOTINIB,UWB1289,14.87802668,1,1
21408,VINORELBINE,ERLOTINIB,UWB1289BRCA1,21.33359857,1,1
21409,VINORELBINE,ERLOTINIB,VCAP,17.37129323,1,1
21410,VINORELBINE,ERLOTINIB,ZR751,31.46014941,1,1
21411,VINORELBINE,GELDANAMYCIN,A2058,-8.566032555,2,0
21412,VINORELBINE,GELDANAMYCIN,A2780,-21.02989869,2,0
21413,VINORELBINE,GELDANAMYCIN,A375,35.97263906,2,1
21414,VINORELBINE,GELDANAMYCIN,A427,-4.157776813,2,0
21415,VINORELBINE,GELDANAMYCIN,CAOV3,-30.3852445,2,0
21416,VINORELBINE,GELDANAMYCIN,COLO320DM,-1.058606408,2,0
21417,VINORELBINE,GELDANAMYCIN,DLD1,-21.19016355,2,0
21418,VINORELBINE,GELDANAMYCIN,EFM192B,-64.43327092,2,0
21419,VINORELBINE,GELDANAMYCIN,ES2,-1.262762216,2,0
21420,VINORELBINE,GELDANAMYCIN,HCT116,-12.53972622,2,0
21422,VINORELBINE,GELDANAMYCIN,HT29,-27.8607575,2,0
21423,VINORELBINE,GELDANAMYCIN,KPL1,-11.34986421,2,0
21425,VINORELBINE,GELDANAMYCIN,LOVO,-15.41936663,2,0
21427,VINORELBINE,GELDANAMYCIN,MSTO,14.7222725,2,1
21428,VINORELBINE,GELDANAMYCIN,NCIH1650,-12.12292657,2,0
21429,VINORELBINE,GELDANAMYCIN,NCIH2122,-37.22831577,2,0
21430,VINORELBINE,GELDANAMYCIN,NCIH23,-277.8941379,2,0
21431,VINORELBINE,GELDANAMYCIN,NCIH460,-10.50222311,2,0
21432,VINORELBINE,GELDANAMYCIN,NCIH520,-18.72141057,2,0
21433,VINORELBINE,GELDANAMYCIN,OCUBM,-44.61778959,2,0
21434,VINORELBINE,GELDANAMYCIN,OV90,19.10743192,2,1
21435,VINORELBINE,GELDANAMYCIN,OVCAR3,-39.94594297,2,0
21436,VINORELBINE,GELDANAMYCIN,PA1,-14.67876125,2,0
21437,VINORELBINE,GELDANAMYCIN,RKO,-9.15232124,2,0
21438,VINORELBINE,GELDANAMYCIN,RPMI7951,-5.7887341,2,0
21440,VINORELBINE,GELDANAMYCIN,SKMES1,-6.63249399,2,0
21441,VINORELBINE,GELDANAMYCIN,SKOV3,-17.37401835,2,0
21442,VINORELBINE,GELDANAMYCIN,SW620,-13.20939451,2,0
21443,VINORELBINE,GELDANAMYCIN,SW837,-17.55487522,2,0
21444,VINORELBINE,GELDANAMYCIN,T47D,-37.58848261,2,0
21445,VINORELBINE,GELDANAMYCIN,UACC62,-5.121442804,2,0
21446,VINORELBINE,GELDANAMYCIN,UWB1289,28.57218296,2,1
21447,VINORELBINE,GELDANAMYCIN,UWB1289BRCA1,-28.59740184,2,0
21448,VINORELBINE,GELDANAMYCIN,VCAP,-45.238919,2,0
21449,VINORELBINE,GELDANAMYCIN,ZR751,-13.43801841,2,0
21450,VINORELBINE,LAPATINIB,A2058,-16.50783592,1,0
21451,VINORELBINE,LAPATINIB,A2780,-9.752950617,1,0
21452,VINORELBINE,LAPATINIB,A375,55.47446162,1,1
21453,VINORELBINE,LAPATINIB,A427,-30.63221224,1,0
21454,VINORELBINE,LAPATINIB,CAOV3,-20.90626385,1,0
21455,VINORELBINE,LAPATINIB,COLO320DM,39.8229648,1,1
21456,VINORELBINE,LAPATINIB,DLD1,38.46555703,1,1
21457,VINORELBINE,LAPATINIB,EFM192B,15.14081152,1,1
21458,VINORELBINE,LAPATINIB,ES2,45.95639602,1,1
21459,VINORELBINE,LAPATINIB,HCT116,-14.41182799,1,0
21460,VINORELBINE,LAPATINIB,HT144,18.96848535,1,1
21461,VINORELBINE,LAPATINIB,HT29,-25.90104775,1,0
21462,VINORELBINE,LAPATINIB,KPL1,-4.802306101,1,0
21463,VINORELBINE,LAPATINIB,LNCAP,-0.258520953,1,0
21464,VINORELBINE,LAPATINIB,LOVO,44.24021216,1,1
21466,VINORELBINE,LAPATINIB,MSTO,11.492822,1,1
21468,VINORELBINE,LAPATINIB,NCIH2122,-23.24493042,1,0
21470,VINORELBINE,LAPATINIB,NCIH460,42.47381611,1,1
21471,VINORELBINE,LAPATINIB,NCIH520,-12.12266334,1,0
21472,VINORELBINE,LAPATINIB,OCUBM,-6.496868728,1,0
21473,VINORELBINE,LAPATINIB,OV90,36.20680413,1,1
21474,VINORELBINE,LAPATINIB,OVCAR3,-11.94835355,1,0
21475,VINORELBINE,LAPATINIB,PA1,-13.97842128,1,0
21476,VINORELBINE,LAPATINIB,RKO,-5.780504933,1,0
21477,VINORELBINE,LAPATINIB,RPMI7951,-7.741392683,1,0
21478,VINORELBINE,LAPATINIB,SKMEL30,12.10045819,1,1
21479,VINORELBINE,LAPATINIB,SKMES1,38.5294507,1,1
21480,VINORELBINE,LAPATINIB,SKOV3,18.00417452,1,1
21481,VINORELBINE,LAPATINIB,SW620,-0.100550932,1,0
21482,VINORELBINE,LAPATINIB,SW837,20.92043564,1,1
21484,VINORELBINE,LAPATINIB,UACC62,-13.51336409,1,0
21486,VINORELBINE,LAPATINIB,UWB1289BRCA1,-1.974824941,1,0
21487,VINORELBINE,LAPATINIB,VCAP,-18.13521888,1,0
21489,VINORELBINE,MK-2206,A2058,-7.303578373,0,0
21491,VINORELBINE,MK-2206,A375,44.85448884,0,1
21492,VINORELBINE,MK-2206,A427,-0.589638241,0,0
21493,VINORELBINE,MK-2206,CAOV3,-32.08234072,0,0
21494,VINORELBINE,MK-2206,COLO320DM,13.19550987,0,1
21495,VINORELBINE,MK-2206,DLD1,25.15734894,0,1
21496,VINORELBINE,MK-2206,EFM192B,-3.144718955,0,0
21497,VINORELBINE,MK-2206,ES2,30.61990596,0,1
21499,VINORELBINE,MK-2206,HT144,24.04190157,0,1
21500,VINORELBINE,MK-2206,HT29,-7.286209264,0,0
21501,VINORELBINE,MK-2206,KPL1,50.69438552,0,1
21502,VINORELBINE,MK-2206,LNCAP,12.16371571,0,1
21503,VINORELBINE,MK-2206,LOVO,31.50647277,0,1
21505,VINORELBINE,MK-2206,MSTO,58.54239757,0,1
21506,VINORELBINE,MK-2206,NCIH1650,18.85994724,0,1
21507,VINORELBINE,MK-2206,NCIH2122,-15.29527655,0,0
21509,VINORELBINE,MK-2206,NCIH460,32.62178141,0,1
21510,VINORELBINE,MK-2206,NCIH520,23.2798268,0,1
21511,VINORELBINE,MK-2206,OCUBM,-15.78100742,0,0
21512,VINORELBINE,MK-2206,OV90,52.94671783,0,1
21513,VINORELBINE,MK-2206,OVCAR3,-16.12845222,0,0
21514,VINORELBINE,MK-2206,PA1,-5.852325804,0,0
21515,VINORELBINE,MK-2206,RKO,11.35256618,0,1
21516,VINORELBINE,MK-2206,RPMI7951,-4.132841959,0,0
21517,VINORELBINE,MK-2206,SKMEL30,16.23281538,0,1
21518,VINORELBINE,MK-2206,SKMES1,31.70298181,0,1
21519,VINORELBINE,MK-2206,SKOV3,24.02655813,0,1
21521,VINORELBINE,MK-2206,SW837,18.84287547,0,1
21522,VINORELBINE,MK-2206,T47D,15.20999871,0,1
21524,VINORELBINE,MK-2206,UWB1289,14.87944315,0,1
21526,VINORELBINE,MK-2206,VCAP,-23.5722952,0,0
21527,VINORELBINE,MK-2206,ZR751,14.58353514,0,1
21528,VINORELBINE,MK-4827,A2058,-47.23456054,4,0
21529,VINORELBINE,MK-4827,A2780,-15.68910384,4,0
21530,VINORELBINE,MK-4827,A375,-15.7736201,4,0
21531,VINORELBINE,MK-4827,A427,-20.34321629,4,0
21532,VINORELBINE,MK-4827,CAOV3,-35.8802506,4,0
21533,VINORELBINE,MK-4827,COLO320DM,10.31982321,4,1
21534,VINORELBINE,MK-4827,DLD1,-5.771699135,4,0
21535,VINORELBINE,MK-4827,EFM192B,-4.687706109,4,0
21536,VINORELBINE,MK-4827,ES2,-11.91309188,4,0
21537,VINORELBINE,MK-4827,HCT116,-27.46891861,4,0
21538,VINORELBINE,MK-4827,HT144,-36.68971871,4,0
21539,VINORELBINE,MK-4827,HT29,-38.68908041,4,0
21540,VINORELBINE,MK-4827,KPL1,-23.04030589,4,0
21541,VINORELBINE,MK-4827,LNCAP,-7.50969161,4,0
21542,VINORELBINE,MK-4827,LOVO,-4.522987365,4,0
21543,VINORELBINE,MK-4827,MDAMB436,-3.556359147,4,0
21544,VINORELBINE,MK-4827,MSTO,-6.462145237,4,0
21545,VINORELBINE,MK-4827,NCIH1650,-5.270746947,4,0
21546,VINORELBINE,MK-4827,NCIH2122,-13.41470575,4,0
21547,VINORELBINE,MK-4827,NCIH23,-25.97198273,4,0
21549,VINORELBINE,MK-4827,NCIH520,-28.67860789,4,0
21550,VINORELBINE,MK-4827,OCUBM,-27.41984272,4,0
21551,VINORELBINE,MK-4827,OV90,14.88253143,4,1
21552,VINORELBINE,MK-4827,OVCAR3,-42.85939409,4,0
21553,VINORELBINE,MK-4827,PA1,-29.82980537,4,0
21554,VINORELBINE,MK-4827,RKO,-23.05733444,4,0
21555,VINORELBINE,MK-4827,RPMI7951,-19.02440312,4,0
21556,VINORELBINE,MK-4827,SKMEL30,-1.494659955,4,0
21558,VINORELBINE,MK-4827,SKOV3,-0.443259044,4,0
21559,VINORELBINE,MK-4827,SW620,-0.996065592,4,0
21560,VINORELBINE,MK-4827,SW837,-29.16157401,4,0
21561,VINORELBINE,MK-4827,T47D,-30.51521593,4,0
21562,VINORELBINE,MK-4827,UACC62,-42.39205054,4,0
21563,VINORELBINE,MK-4827,UWB1289,-22.22443353,4,0
21564,VINORELBINE,MK-4827,UWB1289BRCA1,-20.75762787,4,0
21565,VINORELBINE,MK-4827,VCAP,-28.56345145,4,0
21566,VINORELBINE,MK-4827,ZR751,-25.75959198,4,0
21567,VINORELBINE,MK-5108,A2058,-37.91217965,3,0
21568,VINORELBINE,MK-5108,A2780,-18.87262033,3,0
21569,VINORELBINE,MK-5108,A375,-15.55207563,3,0
21570,VINORELBINE,MK-5108,A427,-13.83169443,3,0
21571,VINORELBINE,MK-5108,CAOV3,-19.7367165,3,0
21573,VINORELBINE,MK-5108,DLD1,-8.948670574,3,0
21574,VINORELBINE,MK-5108,EFM192B,-13.65031169,3,0
21575,VINORELBINE,MK-5108,ES2,-8.951698971,3,0
21576,VINORELBINE,MK-5108,HCT116,-10.27464795,3,0
21577,VINORELBINE,MK-5108,HT144,-14.14444788,3,0
21578,VINORELBINE,MK-5108,HT29,-8.367215948,3,0
21579,VINORELBINE,MK-5108,KPL1,-4.510690656,3,0
21581,VINORELBINE,MK-5108,LOVO,-0.167024828,3,0
21582,VINORELBINE,MK-5108,MDAMB436,-3.507162117,3,0
21583,VINORELBINE,MK-5108,MSTO,19.24798342,3,1
21585,VINORELBINE,MK-5108,NCIH2122,-27.00710331,3,0
21586,VINORELBINE,MK-5108,NCIH23,-14.3339427,3,0
21587,VINORELBINE,MK-5108,NCIH460,-18.937027,3,0
21588,VINORELBINE,MK-5108,NCIH520,-11.1253861,3,0
21589,VINORELBINE,MK-5108,OCUBM,-13.925041,3,0
21590,VINORELBINE,MK-5108,OV90,24.85009783,3,1
21591,VINORELBINE,MK-5108,OVCAR3,-41.74974743,3,0
21592,VINORELBINE,MK-5108,PA1,-28.44807996,3,0
21593,VINORELBINE,MK-5108,RKO,-22.72519608,3,0
21594,VINORELBINE,MK-5108,RPMI7951,-28.13845329,3,0
21596,VINORELBINE,MK-5108,SKMES1,-0.473463574,3,0
21597,VINORELBINE,MK-5108,SKOV3,-2.862110166,3,0
21598,VINORELBINE,MK-5108,SW620,-3.646732155,3,0
21599,VINORELBINE,MK-5108,SW837,16.33323042,3,1
21600,VINORELBINE,MK-5108,T47D,-7.486704755,3,0
21601,VINORELBINE,MK-5108,UACC62,-35.9022166,3,0
21602,VINORELBINE,MK-5108,UWB1289,-11.47931561,3,0
21603,VINORELBINE,MK-5108,UWB1289BRCA1,-20.30735359,3,0
21604,VINORELBINE,MK-5108,VCAP,-21.4123089,3,0
21605,VINORELBINE,MK-5108,ZR751,-4.288576182,3,0
21606,VINORELBINE,MK-8669,A2058,-3.395956748,3,0
21607,VINORELBINE,MK-8669,A2780,-0.472499446,3,0
21609,VINORELBINE,MK-8669,A427,-8.304004558,3,0
21610,VINORELBINE,MK-8669,CAOV3,-47.92854183,3,0
21612,VINORELBINE,MK-8669,DLD1,10.21320202,3,1
21613,VINORELBINE,MK-8669,EFM192B,18.40937156,3,1
21614,VINORELBINE,MK-8669,ES2,21.50841806,3,1
21615,VINORELBINE,MK-8669,HCT116,-24.45436765,3,0
21616,VINORELBINE,MK-8669,HT144,11.84330102,3,1
21617,VINORELBINE,MK-8669,HT29,-5.871155719,3,0
21618,VINORELBINE,MK-8669,KPL1,37.31074359,3,1
21619,VINORELBINE,MK-8669,LNCAP,15.30821421,3,1
21620,VINORELBINE,MK-8669,LOVO,17.98116366,3,1
21621,VINORELBINE,MK-8669,MDAMB436,12.51992266,3,1
21622,VINORELBINE,MK-8669,MSTO,39.19542594,3,1
21623,VINORELBINE,MK-8669,NCIH1650,26.54978821,3,1
21624,VINORELBINE,MK-8669,NCIH2122,-18.47638679,3,0
21625,VINORELBINE,MK-8669,NCIH23,-3.807844118,3,0
21627,VINORELBINE,MK-8669,NCIH520,14.75500515,3,1
21628,VINORELBINE,MK-8669,OCUBM,-7.231391933,3,0
21629,VINORELBINE,MK-8669,OV90,57.71085461,3,1
21630,VINORELBINE,MK-8669,OVCAR3,-24.88815835,3,0
21631,VINORELBINE,MK-8669,PA1,-19.33738657,3,0
21632,VINORELBINE,MK-8669,RKO,19.59786046,3,1
21633,VINORELBINE,MK-8669,RPMI7951,14.64458526,3,1
21634,VINORELBINE,MK-8669,SKMEL30,29.31986467,3,1
21635,VINORELBINE,MK-8669,SKMES1,10.75581533,3,1
21636,VINORELBINE,MK-8669,SKOV3,59.31285459,3,1
21637,VINORELBINE,MK-8669,SW620,12.38630117,3,1
21638,VINORELBINE,MK-8669,SW837,10.50813899,3,1
21639,VINORELBINE,MK-8669,T47D,16.87880735,3,1
21641,VINORELBINE,MK-8669,UWB1289,12.48798218,3,1
21642,VINORELBINE,MK-8669,UWB1289BRCA1,-0.87772382,3,0
21643,VINORELBINE,MK-8669,VCAP,-1.043912262,3,0
21645,VINORELBINE,MK-8776,A2058,-8.060528772,1,0
21646,VINORELBINE,MK-8776,A2780,-10.79449255,1,0
21647,VINORELBINE,MK-8776,A375,42.62957748,1,1
21649,VINORELBINE,MK-8776,CAOV3,-16.86694139,1,0
21651,VINORELBINE,MK-8776,DLD1,13.76714937,1,1
21652,VINORELBINE,MK-8776,EFM192B,11.22726696,1,1
21653,VINORELBINE,MK-8776,ES2,22.28288587,1,1
21654,VINORELBINE,MK-8776,HCT116,-3.773890005,1,0
21656,VINORELBINE,MK-8776,HT29,-13.56510198,1,0
21657,VINORELBINE,MK-8776,KPL1,-6.020894255,1,0
21659,VINORELBINE,MK-8776,LOVO,10.65710216,1,1
21661,VINORELBINE,MK-8776,MSTO,12.5874621,1,1
21663,VINORELBINE,MK-8776,NCIH2122,-34.7723178,1,0
21667,VINORELBINE,MK-8776,OCUBM,-10.65015719,1,0
21668,VINORELBINE,MK-8776,OV90,33.17631367,1,1
21669,VINORELBINE,MK-8776,OVCAR3,-27.34867801,1,0
21670,VINORELBINE,MK-8776,PA1,-14.78618207,1,0
21671,VINORELBINE,MK-8776,RKO,23.14340434,1,1
21672,VINORELBINE,MK-8776,RPMI7951,-15.47640521,1,0
21673,VINORELBINE,MK-8776,SKMEL30,26.47231544,1,1
21674,VINORELBINE,MK-8776,SKMES1,-12.26919238,1,0
21675,VINORELBINE,MK-8776,SKOV3,10.6348692,1,1
21677,VINORELBINE,MK-8776,SW837,-2.574129752,1,0
21678,VINORELBINE,MK-8776,T47D,-46.02558266,1,0
21679,VINORELBINE,MK-8776,UACC62,-22.13441821,1,0
21680,VINORELBINE,MK-8776,UWB1289,-11.93474361,1,0
21681,VINORELBINE,MK-8776,UWB1289BRCA1,-16.49797379,1,0
21682,VINORELBINE,MK-8776,VCAP,-18.61847602,1,0
21683,VINORELBINE,MK-8776,ZR751,-24.33332147,1,0
21684,VINORELBINE,PD325901,A2058,-27.22694143,1,0
21687,VINORELBINE,PD325901,A427,-1.556299227,1,0
21688,VINORELBINE,PD325901,CAOV3,-32.91543819,1,0
21689,VINORELBINE,PD325901,COLO320DM,-6.215318214,1,0
21690,VINORELBINE,PD325901,DLD1,-0.359781033,1,0
21691,VINORELBINE,PD325901,EFM192B,-32.29731273,1,0
21692,VINORELBINE,PD325901,ES2,-2.207908899,1,0
21694,VINORELBINE,PD325901,HT144,31.86028838,1,1
21695,VINORELBINE,PD325901,HT29,-21.87293757,1,0
21696,VINORELBINE,PD325901,KPL1,-1.057216051,1,0
21699,VINORELBINE,PD325901,MDAMB436,-2.648674886,1,0
21700,VINORELBINE,PD325901,MSTO,26.29391455,1,1
21701,VINORELBINE,PD325901,NCIH1650,-10.68215805,1,0
21702,VINORELBINE,PD325901,NCIH2122,-32.04655251,1,0
21703,VINORELBINE,PD325901,NCIH23,-177.6700632,1,0
21705,VINORELBINE,PD325901,NCIH520,-21.92731353,1,0
21706,VINORELBINE,PD325901,OCUBM,-11.3065477,1,0
21707,VINORELBINE,PD325901,OV90,36.77178889,1,1
21708,VINORELBINE,PD325901,OVCAR3,-11.25666824,1,0
21709,VINORELBINE,PD325901,PA1,-10.39090619,1,0
21710,VINORELBINE,PD325901,RKO,11.04656819,1,1
21711,VINORELBINE,PD325901,RPMI7951,-10.77719272,1,0
21713,VINORELBINE,PD325901,SKMES1,-23.29585728,1,0
21715,VINORELBINE,PD325901,SW620,18.05797958,1,1
21716,VINORELBINE,PD325901,SW837,-3.918443551,1,0
21717,VINORELBINE,PD325901,T47D,-72.32759015,1,0
21720,VINORELBINE,PD325901,UWB1289BRCA1,-5.548205315,1,0
21721,VINORELBINE,PD325901,VCAP,-23.63375513,1,0
21723,VINORELBINE,SORAFENIB,A2058,-11.62252891,1,0
21724,VINORELBINE,SORAFENIB,A2780,-7.150894151,1,0
21725,VINORELBINE,SORAFENIB,A375,13.16403523,1,1
21727,VINORELBINE,SORAFENIB,CAOV3,-22.98306964,1,0
21729,VINORELBINE,SORAFENIB,DLD1,15.31402059,1,1
21730,VINORELBINE,SORAFENIB,EFM192B,-9.761205437,1,0
21732,VINORELBINE,SORAFENIB,HCT116,-2.795269809,1,0
21734,VINORELBINE,SORAFENIB,HT29,-15.19965939,1,0
21737,VINORELBINE,SORAFENIB,LOVO,-5.44181107,1,0
21738,VINORELBINE,SORAFENIB,MDAMB436,-16.43867393,1,0
21739,VINORELBINE,SORAFENIB,MSTO,-12.63770398,1,0
21740,VINORELBINE,SORAFENIB,NCIH1650,-5.412664532,1,0
21741,VINORELBINE,SORAFENIB,NCIH2122,-20.42331708,1,0
21742,VINORELBINE,SORAFENIB,NCIH23,-9.276550055,1,0
21744,VINORELBINE,SORAFENIB,NCIH520,-2.362092146,1,0
21745,VINORELBINE,SORAFENIB,OCUBM,-9.799319178,1,0
21746,VINORELBINE,SORAFENIB,OV90,19.76689982,1,1
21747,VINORELBINE,SORAFENIB,OVCAR3,-44.2537743,1,0
21748,VINORELBINE,SORAFENIB,PA1,-8.153289807,1,0
21749,VINORELBINE,SORAFENIB,RKO,-2.716414762,1,0
21750,VINORELBINE,SORAFENIB,RPMI7951,-20.71270282,1,0
21755,VINORELBINE,SORAFENIB,SW837,-0.729852312,1,0
21756,VINORELBINE,SORAFENIB,T47D,-5.832759401,1,0
21757,VINORELBINE,SORAFENIB,UACC62,-37.32485392,1,0
21759,VINORELBINE,SORAFENIB,UWB1289BRCA1,-0.879643565,1,0
21760,VINORELBINE,SORAFENIB,VCAP,-21.14018405,1,0
21761,VINORELBINE,SORAFENIB,ZR751,-20.51243426,1,0
21762,VINORELBINE,SUNITINIB,A2058,-13.16174107,2,0
21763,VINORELBINE,SUNITINIB,A2780,-4.034886991,2,0
21764,VINORELBINE,SUNITINIB,A375,11.05817772,2,1
21765,VINORELBINE,SUNITINIB,A427,10.46222025,2,1
21766,VINORELBINE,SUNITINIB,CAOV3,-15.57139808,2,0
21767,VINORELBINE,SUNITINIB,COLO320DM,16.32718441,2,1
21768,VINORELBINE,SUNITINIB,DLD1,15.29994779,2,1
21769,VINORELBINE,SUNITINIB,EFM192B,-1.719933001,2,0
21773,VINORELBINE,SUNITINIB,HT29,-20.32413561,2,0
21774,VINORELBINE,SUNITINIB,KPL1,11.34124329,2,1
21775,VINORELBINE,SUNITINIB,LNCAP,-0.282404087,2,0
21777,VINORELBINE,SUNITINIB,MDAMB436,-3.484604919,2,0
21780,VINORELBINE,SUNITINIB,NCIH2122,-14.95378332,2,0
21781,VINORELBINE,SUNITINIB,NCIH23,-6.657451472,2,0
21784,VINORELBINE,SUNITINIB,OCUBM,-30.43927817,2,0
21785,VINORELBINE,SUNITINIB,OV90,13.69762087,2,1
21786,VINORELBINE,SUNITINIB,OVCAR3,-9.623908863,2,0
21787,VINORELBINE,SUNITINIB,PA1,-13.07893713,2,0
21788,VINORELBINE,SUNITINIB,RKO,-11.60615082,2,0
21789,VINORELBINE,SUNITINIB,RPMI7951,-22.45454545,2,0
21793,VINORELBINE,SUNITINIB,SW620,13.81568826,2,1
21794,VINORELBINE,SUNITINIB,SW837,-5.774803505,2,0
21795,VINORELBINE,SUNITINIB,T47D,-14.37814881,2,0
21796,VINORELBINE,SUNITINIB,UACC62,-10.71145822,2,0
21797,VINORELBINE,SUNITINIB,UWB1289,-0.951918272,2,0
21799,VINORELBINE,SUNITINIB,VCAP,-16.79739198,2,0
21800,VINORELBINE,SUNITINIB,ZR751,-11.84772549,2,0
21801,VINORELBINE,TEMOZOLOMIDE,A2058,-29.221793,0,0
21802,VINORELBINE,TEMOZOLOMIDE,A2780,-7.666662769,0,0
21803,VINORELBINE,TEMOZOLOMIDE,A375,-87.0690888,0,0
21805,VINORELBINE,TEMOZOLOMIDE,CAOV3,-56.09371921,0,0
21808,VINORELBINE,TEMOZOLOMIDE,EFM192B,-28.0438796,0,0
21809,VINORELBINE,TEMOZOLOMIDE,ES2,-8.300608733,0,0
21810,VINORELBINE,TEMOZOLOMIDE,HCT116,-35.52399066,0,0
21811,VINORELBINE,TEMOZOLOMIDE,HT144,-26.79147363,0,0
21812,VINORELBINE,TEMOZOLOMIDE,HT29,-25.58921534,0,0
21813,VINORELBINE,TEMOZOLOMIDE,KPL1,-27.61349129,0,0
21815,VINORELBINE,TEMOZOLOMIDE,LOVO,-1.346435171,0,0
21816,VINORELBINE,TEMOZOLOMIDE,MDAMB436,-2.871652509,0,0
21817,VINORELBINE,TEMOZOLOMIDE,MSTO,25.9906739,0,1
21818,VINORELBINE,TEMOZOLOMIDE,NCIH1650,-21.27508551,0,0
21819,VINORELBINE,TEMOZOLOMIDE,NCIH2122,-29.83515237,0,0
21820,VINORELBINE,TEMOZOLOMIDE,NCIH23,-9.859464746,0,0
21821,VINORELBINE,TEMOZOLOMIDE,NCIH460,-22.7366223,0,0
21822,VINORELBINE,TEMOZOLOMIDE,NCIH520,-15.04684188,0,0
21823,VINORELBINE,TEMOZOLOMIDE,OCUBM,-29.69520207,0,0
21824,VINORELBINE,TEMOZOLOMIDE,OV90,32.66093222,0,1
21825,VINORELBINE,TEMOZOLOMIDE,OVCAR3,-14.72755446,0,0
21826,VINORELBINE,TEMOZOLOMIDE,PA1,-28.24623847,0,0
21827,VINORELBINE,TEMOZOLOMIDE,RKO,-10.81931754,0,0
21828,VINORELBINE,TEMOZOLOMIDE,RPMI7951,-14.43882285,0,0
21829,VINORELBINE,TEMOZOLOMIDE,SKMEL30,10.7838993,0,1
21830,VINORELBINE,TEMOZOLOMIDE,SKMES1,11.60427048,0,1
21831,VINORELBINE,TEMOZOLOMIDE,SKOV3,-13.22595106,0,0
21833,VINORELBINE,TEMOZOLOMIDE,SW837,-3.376065146,0,0
21834,VINORELBINE,TEMOZOLOMIDE,T47D,-26.7374178,0,0
21835,VINORELBINE,TEMOZOLOMIDE,UACC62,-6.59304315,0,0
21837,VINORELBINE,TEMOZOLOMIDE,UWB1289BRCA1,10.74814047,0,1
21838,VINORELBINE,TEMOZOLOMIDE,VCAP,-30.95316635,0,0
21839,VINORELBINE,TEMOZOLOMIDE,ZR751,-23.76690881,0,0
21840,VINORELBINE,ZOLINZA,A2058,-40.10431441,1,0
21841,VINORELBINE,ZOLINZA,A2780,-27.52343257,1,0
21842,VINORELBINE,ZOLINZA,A375,-27.31844798,1,0
21843,VINORELBINE,ZOLINZA,A427,-29.45950488,1,0
21844,VINORELBINE,ZOLINZA,CAOV3,-40.83691599,1,0
21845,VINORELBINE,ZOLINZA,COLO320DM,17.11103654,1,1
21847,VINORELBINE,ZOLINZA,EFM192B,-0.103716611,1,0
21849,VINORELBINE,ZOLINZA,HCT116,-25.70139462,1,0
21850,VINORELBINE,ZOLINZA,HT144,-0.727033407,1,0
21851,VINORELBINE,ZOLINZA,HT29,-3.096168513,1,0
21853,VINORELBINE,ZOLINZA,LNCAP,20.42830047,1,1
21855,VINORELBINE,ZOLINZA,MDAMB436,-8.024368861,1,0
21856,VINORELBINE,ZOLINZA,MSTO,73.17899317,1,1
21858,VINORELBINE,ZOLINZA,NCIH2122,-16.9331785,1,0
21859,VINORELBINE,ZOLINZA,NCIH23,-40.53933726,1,0
21860,VINORELBINE,ZOLINZA,NCIH460,-17.89887461,1,0
21862,VINORELBINE,ZOLINZA,OCUBM,-29.80708268,1,0
21863,VINORELBINE,ZOLINZA,OV90,28.52452963,1,1
21864,VINORELBINE,ZOLINZA,OVCAR3,-16.24345857,1,0
21865,VINORELBINE,ZOLINZA,PA1,-20.02191123,1,0
21866,VINORELBINE,ZOLINZA,RKO,-15.49178939,1,0
21867,VINORELBINE,ZOLINZA,RPMI7951,-12.14337574,1,0
21868,VINORELBINE,ZOLINZA,SKMEL30,-17.32848254,1,0
21870,VINORELBINE,ZOLINZA,SKOV3,22.74174616,1,1
21871,VINORELBINE,ZOLINZA,SW620,-11.39460999,1,0
21872,VINORELBINE,ZOLINZA,SW837,-3.088421311,1,0
21873,VINORELBINE,ZOLINZA,T47D,-4.311401839,1,0
21874,VINORELBINE,ZOLINZA,UACC62,-13.941095,1,0
21875,VINORELBINE,ZOLINZA,UWB1289,-2.699125608,1,0
21876,VINORELBINE,ZOLINZA,UWB1289BRCA1,-4.176424937,1,0
21877,VINORELBINE,ZOLINZA,VCAP,-14.693083,1,0
21878,VINORELBINE,ZOLINZA,ZR751,-14.37442145,1,0
21879,ZOLINZA,ABT-888,A2058,13.83826078,2,1
21880,ZOLINZA,ABT-888,A2780,12.90869069,2,1
21882,ZOLINZA,ABT-888,A427,-58.52327953,2,0
21883,ZOLINZA,ABT-888,CAOV3,20.09472977,2,1
21885,ZOLINZA,ABT-888,DLD1,11.06433492,2,1
21886,ZOLINZA,ABT-888,EFM192B,15.10194596,2,1
21892,ZOLINZA,ABT-888,LNCAP,49.33693535,2,1
21895,ZOLINZA,ABT-888,MSTO,55.19369824,2,1
21896,ZOLINZA,ABT-888,NCIH1650,-3.536353014,2,0
21897,ZOLINZA,ABT-888,NCIH2122,13.0880262,2,1
21899,ZOLINZA,ABT-888,NCIH460,-0.987659904,2,0
21901,ZOLINZA,ABT-888,OCUBM,-0.666964708,2,0
21903,ZOLINZA,ABT-888,OVCAR3,18.94000129,2,1
21905,ZOLINZA,ABT-888,RKO,-0.819536397,2,0
21906,ZOLINZA,ABT-888,RPMI7951,11.3748888,2,1
21907,ZOLINZA,ABT-888,SKMEL30,-0.198842912,2,0
21908,ZOLINZA,ABT-888,SKMES1,11.58948151,2,1
21909,ZOLINZA,ABT-888,SKOV3,25.58852392,2,1
21916,ZOLINZA,ABT-888,VCAP,27.32757725,2,1
21918,ZOLINZA,AZD1775,A2058,-5.765572483,4,0
21920,ZOLINZA,AZD1775,A375,21.04505592,4,1
21921,ZOLINZA,AZD1775,A427,-15.37435912,4,0
21927,ZOLINZA,AZD1775,HCT116,13.25866074,4,1
21928,ZOLINZA,AZD1775,HT144,-0.485421848,4,0
21929,ZOLINZA,AZD1775,HT29,-3.079778484,4,0
21931,ZOLINZA,AZD1775,LNCAP,20.66996411,4,1
21934,ZOLINZA,AZD1775,MSTO,20.86958474,4,1
21936,ZOLINZA,AZD1775,NCIH2122,-0.608148386,4,0
21937,ZOLINZA,AZD1775,NCIH23,10.34112577,4,1
21938,ZOLINZA,AZD1775,NCIH460,-0.264424747,4,0
21939,ZOLINZA,AZD1775,NCIH520,-0.836890494,4,0
21941,ZOLINZA,AZD1775,OV90,-5.03395913,4,0
21942,ZOLINZA,AZD1775,OVCAR3,11.40792115,4,1
21943,ZOLINZA,AZD1775,PA1,-0.490322808,4,0
21944,ZOLINZA,AZD1775,RKO,-1.73536706,4,0
21945,ZOLINZA,AZD1775,RPMI7951,15.09045688,4,1
21946,ZOLINZA,AZD1775,SKMEL30,-12.61182896,4,0
21947,ZOLINZA,AZD1775,SKMES1,25.90049312,4,1
21948,ZOLINZA,AZD1775,SKOV3,26.88561702,4,1
21949,ZOLINZA,AZD1775,SW620,-5.037714387,4,0
21951,ZOLINZA,AZD1775,T47D,21.03839338,4,1
21952,ZOLINZA,AZD1775,UACC62,14.17746607,4,1
21953,ZOLINZA,AZD1775,UWB1289,84.40288906,4,1
21955,ZOLINZA,AZD1775,VCAP,-4.124492345,4,0
21956,ZOLINZA,AZD1775,ZR751,-20.67853655,4,0
21957,ZOLINZA,BEZ-235,A2058,22.42827156,1,1
21958,ZOLINZA,BEZ-235,A2780,13.58603248,1,1
21960,ZOLINZA,BEZ-235,A427,-38.27421098,1,0
21961,ZOLINZA,BEZ-235,CAOV3,42.93750716,1,1
21962,ZOLINZA,BEZ-235,COLO320DM,17.94938544,1,1
21963,ZOLINZA,BEZ-235,DLD1,10.34499448,1,1
21964,ZOLINZA,BEZ-235,EFM192B,19.0079153,1,1
21965,ZOLINZA,BEZ-235,ES2,25.66320195,1,1
21966,ZOLINZA,BEZ-235,HCT116,22.72634472,1,1
21968,ZOLINZA,BEZ-235,HT29,22.63820584,1,1
21969,ZOLINZA,BEZ-235,KPL1,17.61665575,1,1
21970,ZOLINZA,BEZ-235,LNCAP,96.70016552,1,1
21971,ZOLINZA,BEZ-235,LOVO,20.0076554,1,1
21972,ZOLINZA,BEZ-235,MDAMB436,25.20343588,1,1
21973,ZOLINZA,BEZ-235,MSTO,55.52670442,1,1
21975,ZOLINZA,BEZ-235,NCIH2122,25.38214663,1,1
21976,ZOLINZA,BEZ-235,NCIH23,-3.603399049,1,0
21977,ZOLINZA,BEZ-235,NCIH460,13.1734271,1,1
21978,ZOLINZA,BEZ-235,NCIH520,14.9510573,1,1
21979,ZOLINZA,BEZ-235,OCUBM,-2.165707983,1,0
21980,ZOLINZA,BEZ-235,OV90,21.81472384,1,1
21982,ZOLINZA,BEZ-235,PA1,22.34983246,1,1
21983,ZOLINZA,BEZ-235,RKO,20.00905401,1,1
21984,ZOLINZA,BEZ-235,RPMI7951,18.10883241,1,1
21986,ZOLINZA,BEZ-235,SKMES1,23.83039343,1,1
21987,ZOLINZA,BEZ-235,SKOV3,21.09282755,1,1
21988,ZOLINZA,BEZ-235,SW620,-4.460737605,1,0
21989,ZOLINZA,BEZ-235,SW837,24.76549285,1,1
21990,ZOLINZA,BEZ-235,T47D,109.7250532,1,1
21992,ZOLINZA,BEZ-235,UWB1289,26.17354289,1,1
21993,ZOLINZA,BEZ-235,UWB1289BRCA1,28.61878724,1,1
21994,ZOLINZA,BEZ-235,VCAP,28.68297391,1,1
21997,ZOLINZA,BORTEZOMIB,A2780,-20.8774682,4,0
21999,ZOLINZA,BORTEZOMIB,A427,-46.20067419,4,0
22000,ZOLINZA,BORTEZOMIB,CAOV3,-16.1556018,4,0
22001,ZOLINZA,BORTEZOMIB,COLO320DM,-17.25076955,4,0
22003,ZOLINZA,BORTEZOMIB,EFM192B,14.79941919,4,1
22005,ZOLINZA,BORTEZOMIB,HCT116,-3.824903086,4,0
22007,ZOLINZA,BORTEZOMIB,HT29,-1.059995497,4,0
22009,ZOLINZA,BORTEZOMIB,LNCAP,25.5158072,4,1
22010,ZOLINZA,BORTEZOMIB,LOVO,-0.472811029,4,0
22012,ZOLINZA,BORTEZOMIB,MSTO,74.16789711,4,1
22013,ZOLINZA,BORTEZOMIB,NCIH1650,-14.9686878,4,0
22015,ZOLINZA,BORTEZOMIB,NCIH23,-19.28257639,4,0
22016,ZOLINZA,BORTEZOMIB,NCIH460,17.59064145,4,1
22017,ZOLINZA,BORTEZOMIB,NCIH520,-18.64505918,4,0
22018,ZOLINZA,BORTEZOMIB,OCUBM,-11.73951388,4,0
22020,ZOLINZA,BORTEZOMIB,OVCAR3,-15.57339315,4,0
22021,ZOLINZA,BORTEZOMIB,PA1,-15.73952839,4,0
22022,ZOLINZA,BORTEZOMIB,RKO,13.5710496,4,1
22023,ZOLINZA,BORTEZOMIB,RPMI7951,-1.188735,4,0
22024,ZOLINZA,BORTEZOMIB,SKMEL30,-2.498125277,4,0
22026,ZOLINZA,BORTEZOMIB,SKOV3,30.8835092,4,1
22028,ZOLINZA,BORTEZOMIB,SW837,17.38090956,4,1
22030,ZOLINZA,BORTEZOMIB,UACC62,-1.495836508,4,0
22031,ZOLINZA,BORTEZOMIB,UWB1289,-24.13899884,4,0
22032,ZOLINZA,BORTEZOMIB,UWB1289BRCA1,-0.08400315,4,0
22033,ZOLINZA,BORTEZOMIB,VCAP,18.00727343,4,1
22034,ZOLINZA,BORTEZOMIB,ZR751,17.92058036,4,1
22035,ZOLINZA,DASATINIB,A2058,48.60433162,3,1
22036,ZOLINZA,DASATINIB,A2780,21.54568139,3,1
22037,ZOLINZA,DASATINIB,A375,-11.30830162,3,0
22038,ZOLINZA,DASATINIB,A427,-3.64280889,3,0
22039,ZOLINZA,DASATINIB,CAOV3,17.31135175,3,1
22042,ZOLINZA,DASATINIB,EFM192B,49.72976273,3,1
22043,ZOLINZA,DASATINIB,ES2,20.54787611,3,1
22045,ZOLINZA,DASATINIB,HT144,33.79447822,3,1
22047,ZOLINZA,DASATINIB,KPL1,20.38918996,3,1
22048,ZOLINZA,DASATINIB,LNCAP,43.65732804,3,1
22049,ZOLINZA,DASATINIB,LOVO,12.48648607,3,1
22051,ZOLINZA,DASATINIB,MSTO,103.9661222,3,1
22052,ZOLINZA,DASATINIB,NCIH1650,30.89131084,3,1
22053,ZOLINZA,DASATINIB,NCIH2122,-40.21973146,3,0
22054,ZOLINZA,DASATINIB,NCIH23,-2.167924311,3,0
22055,ZOLINZA,DASATINIB,NCIH460,15.42657195,3,1
22056,ZOLINZA,DASATINIB,NCIH520,19.23541653,3,1
22057,ZOLINZA,DASATINIB,OCUBM,-8.460771889,3,0
22059,ZOLINZA,DASATINIB,OVCAR3,46.33547623,3,1
22064,ZOLINZA,DASATINIB,SKMES1,-5.704437736,3,0
22065,ZOLINZA,DASATINIB,SKOV3,-3.461029499,3,0
22066,ZOLINZA,DASATINIB,SW620,18.39213721,3,1
22067,ZOLINZA,DASATINIB,SW837,30.50129889,3,1
22068,ZOLINZA,DASATINIB,T47D,11.80931182,3,1
22069,ZOLINZA,DASATINIB,UACC62,21.55958887,3,1
22070,ZOLINZA,DASATINIB,UWB1289,-4.293770897,3,0
22072,ZOLINZA,DASATINIB,VCAP,24.08899164,3,1
22074,ZOLINZA,DINACICLIB,A2058,-41.29260527,0,0
22075,ZOLINZA,DINACICLIB,A2780,-15.48486861,0,0
22076,ZOLINZA,DINACICLIB,A375,-30.03761176,0,0
22077,ZOLINZA,DINACICLIB,A427,-26.08596699,0,0
22078,ZOLINZA,DINACICLIB,CAOV3,-19.56075806,0,0
22079,ZOLINZA,DINACICLIB,COLO320DM,-4.936564629,0,0
22080,ZOLINZA,DINACICLIB,DLD1,-15.68544427,0,0
22081,ZOLINZA,DINACICLIB,EFM192B,-21.46107594,0,0
22082,ZOLINZA,DINACICLIB,ES2,-23.69202945,0,0
22083,ZOLINZA,DINACICLIB,HCT116,-42.05044227,0,0
22084,ZOLINZA,DINACICLIB,HT144,-21.20289089,0,0
22085,ZOLINZA,DINACICLIB,HT29,-21.7445099,0,0
22086,ZOLINZA,DINACICLIB,KPL1,-20.57409878,0,0
22087,ZOLINZA,DINACICLIB,LNCAP,10.7046573,0,1
22088,ZOLINZA,DINACICLIB,LOVO,-25.94683162,0,0
22089,ZOLINZA,DINACICLIB,MDAMB436,-10.68634975,0,0
22091,ZOLINZA,DINACICLIB,NCIH1650,-28.82098265,0,0
22092,ZOLINZA,DINACICLIB,NCIH2122,-16.3635549,0,0
22093,ZOLINZA,DINACICLIB,NCIH23,-34.89534561,0,0
22094,ZOLINZA,DINACICLIB,NCIH460,-18.78959083,0,0
22095,ZOLINZA,DINACICLIB,NCIH520,-28.05693916,0,0
22096,ZOLINZA,DINACICLIB,OCUBM,-23.58688399,0,0
22097,ZOLINZA,DINACICLIB,OV90,-38.79285362,0,0
22098,ZOLINZA,DINACICLIB,OVCAR3,-15.54610515,0,0
22099,ZOLINZA,DINACICLIB,PA1,-14.3725925,0,0
22101,ZOLINZA,DINACICLIB,RPMI7951,-15.94181129,0,0
22102,ZOLINZA,DINACICLIB,SKMEL30,-16.32880177,0,0
22103,ZOLINZA,DINACICLIB,SKMES1,-10.22208938,0,0
22104,ZOLINZA,DINACICLIB,SKOV3,-28.47376925,0,0
22105,ZOLINZA,DINACICLIB,SW620,-39.95066263,0,0
22106,ZOLINZA,DINACICLIB,SW837,-22.22398006,0,0
22107,ZOLINZA,DINACICLIB,T47D,-16.99583301,0,0
22108,ZOLINZA,DINACICLIB,UACC62,-26.71088213,0,0
22109,ZOLINZA,DINACICLIB,UWB1289,-22.43819372,0,0
22110,ZOLINZA,DINACICLIB,UWB1289BRCA1,-37.85972936,0,0
22111,ZOLINZA,DINACICLIB,VCAP,-23.37276881,0,0
22112,ZOLINZA,DINACICLIB,ZR751,-43.2531627,0,0
22115,ZOLINZA,ERLOTINIB,A375,12.56217495,4,1
22117,ZOLINZA,ERLOTINIB,CAOV3,24.30742627,4,1
22118,ZOLINZA,ERLOTINIB,COLO320DM,39.03138283,4,1
22120,ZOLINZA,ERLOTINIB,EFM192B,14.39975773,4,1
22121,ZOLINZA,ERLOTINIB,ES2,21.62148211,4,1
22122,ZOLINZA,ERLOTINIB,HCT116,-0.628600535,4,0
22123,ZOLINZA,ERLOTINIB,HT144,12.38024411,4,1
22125,ZOLINZA,ERLOTINIB,KPL1,24.79061474,4,1
22126,ZOLINZA,ERLOTINIB,LNCAP,44.00477646,4,1
22127,ZOLINZA,ERLOTINIB,LOVO,16.20687435,4,1
22128,ZOLINZA,ERLOTINIB,MDAMB436,12.20064517,4,1
22129,ZOLINZA,ERLOTINIB,MSTO,55.44928873,4,1
22131,ZOLINZA,ERLOTINIB,NCIH2122,30.73178066,4,1
22132,ZOLINZA,ERLOTINIB,NCIH23,-17.01664381,4,0
22134,ZOLINZA,ERLOTINIB,NCIH520,10.93668411,4,1
22136,ZOLINZA,ERLOTINIB,OV90,12.96024681,4,1
22139,ZOLINZA,ERLOTINIB,RKO,17.00860478,4,1
22140,ZOLINZA,ERLOTINIB,RPMI7951,19.50666573,4,1
22142,ZOLINZA,ERLOTINIB,SKMES1,22.03702347,4,1
22143,ZOLINZA,ERLOTINIB,SKOV3,14.22749779,4,1
22144,ZOLINZA,ERLOTINIB,SW620,-10.65550588,4,0
22145,ZOLINZA,ERLOTINIB,SW837,37.62920783,4,1
22146,ZOLINZA,ERLOTINIB,T47D,16.87793979,4,1
22147,ZOLINZA,ERLOTINIB,UACC62,23.81318192,4,1
22148,ZOLINZA,ERLOTINIB,UWB1289,17.40999041,4,1
22149,ZOLINZA,ERLOTINIB,UWB1289BRCA1,26.4467163,4,1
22150,ZOLINZA,ERLOTINIB,VCAP,69.68689858,4,1
22151,ZOLINZA,ERLOTINIB,ZR751,28.46627239,4,1
22152,ZOLINZA,GELDANAMYCIN,A2058,-6.835504808,2,0
22153,ZOLINZA,GELDANAMYCIN,A2780,-22.46508824,2,0
22154,ZOLINZA,GELDANAMYCIN,A375,-33.85550091,2,0
22155,ZOLINZA,GELDANAMYCIN,A427,-39.78138921,2,0
22157,ZOLINZA,GELDANAMYCIN,COLO320DM,12.6010807,2,1
22159,ZOLINZA,GELDANAMYCIN,EFM192B,-13.80098862,2,0
22161,ZOLINZA,GELDANAMYCIN,HCT116,-15.94115582,2,0
22162,ZOLINZA,GELDANAMYCIN,HT144,-23.88728481,2,0
22163,ZOLINZA,GELDANAMYCIN,HT29,-3.157043827,2,0
22165,ZOLINZA,GELDANAMYCIN,LNCAP,39.88891584,2,1
22166,ZOLINZA,GELDANAMYCIN,LOVO,-7.712031573,2,0
22167,ZOLINZA,GELDANAMYCIN,MDAMB436,16.03504454,2,1
22168,ZOLINZA,GELDANAMYCIN,MSTO,12.05623999,2,1
22169,ZOLINZA,GELDANAMYCIN,NCIH1650,-18.86420507,2,0
22170,ZOLINZA,GELDANAMYCIN,NCIH2122,-14.34758418,2,0
22171,ZOLINZA,GELDANAMYCIN,NCIH23,-47.95872443,2,0
22172,ZOLINZA,GELDANAMYCIN,NCIH460,-43.28710749,2,0
22173,ZOLINZA,GELDANAMYCIN,NCIH520,-13.992675,2,0
22174,ZOLINZA,GELDANAMYCIN,OCUBM,-12.99752828,2,0
22175,ZOLINZA,GELDANAMYCIN,OV90,-5.855379145,2,0
22176,ZOLINZA,GELDANAMYCIN,OVCAR3,-13.22817219,2,0
22178,ZOLINZA,GELDANAMYCIN,RKO,-12.00373634,2,0
22179,ZOLINZA,GELDANAMYCIN,RPMI7951,-18.77077469,2,0
22180,ZOLINZA,GELDANAMYCIN,SKMEL30,-10.25733493,2,0
22181,ZOLINZA,GELDANAMYCIN,SKMES1,-28.6774809,2,0
22182,ZOLINZA,GELDANAMYCIN,SKOV3,-3.746093736,2,0
22183,ZOLINZA,GELDANAMYCIN,SW620,-35.29735533,2,0
22184,ZOLINZA,GELDANAMYCIN,SW837,-9.904677004,2,0
22185,ZOLINZA,GELDANAMYCIN,T47D,-1.006320257,2,0
22186,ZOLINZA,GELDANAMYCIN,UACC62,-31.26054794,2,0
22187,ZOLINZA,GELDANAMYCIN,UWB1289,-5.684022097,2,0
22188,ZOLINZA,GELDANAMYCIN,UWB1289BRCA1,-11.58254217,2,0
22189,ZOLINZA,GELDANAMYCIN,VCAP,24.71210503,2,1
22190,ZOLINZA,GELDANAMYCIN,ZR751,-22.21608303,2,0
22191,ZOLINZA,GEMCITABINE,A2058,-9.44646267,2,0
22193,ZOLINZA,GEMCITABINE,A375,-4.181895384,2,0
22194,ZOLINZA,GEMCITABINE,A427,-21.05938689,2,0
22195,ZOLINZA,GEMCITABINE,CAOV3,-10.2134141,2,0
22198,ZOLINZA,GEMCITABINE,EFM192B,-5.159177122,2,0
22199,ZOLINZA,GEMCITABINE,ES2,10.53873534,2,1
22200,ZOLINZA,GEMCITABINE,HCT116,-19.24983144,2,0
22201,ZOLINZA,GEMCITABINE,HT144,13.04985784,2,1
22202,ZOLINZA,GEMCITABINE,HT29,-5.005857868,2,0
22204,ZOLINZA,GEMCITABINE,LNCAP,-66.71886143,2,0
22206,ZOLINZA,GEMCITABINE,MDAMB436,11.27310834,2,1
22208,ZOLINZA,GEMCITABINE,NCIH1650,-22.28575843,2,0
22211,ZOLINZA,GEMCITABINE,NCIH460,-11.95518404,2,0
22213,ZOLINZA,GEMCITABINE,OCUBM,-14.59829233,2,0
22215,ZOLINZA,GEMCITABINE,OVCAR3,-6.942813591,2,0
22216,ZOLINZA,GEMCITABINE,PA1,-6.727420265,2,0
22217,ZOLINZA,GEMCITABINE,RKO,-11.46667309,2,0
22220,ZOLINZA,GEMCITABINE,SKMES1,-9.425993134,2,0
22221,ZOLINZA,GEMCITABINE,SKOV3,-4.165150808,2,0
22222,ZOLINZA,GEMCITABINE,SW620,-12.22349839,2,0
22225,ZOLINZA,GEMCITABINE,UACC62,-1.888858944,2,0
22227,ZOLINZA,GEMCITABINE,UWB1289BRCA1,13.21662568,2,1
22230,ZOLINZA,LAPATINIB,A2058,-11.55125653,2,0
22232,ZOLINZA,LAPATINIB,A375,27.95733681,2,1
22233,ZOLINZA,LAPATINIB,A427,-48.03141936,2,0
22234,ZOLINZA,LAPATINIB,CAOV3,39.76915505,2,1
22236,ZOLINZA,LAPATINIB,DLD1,19.6409434,2,1
22237,ZOLINZA,LAPATINIB,EFM192B,12.59734115,2,1
22239,ZOLINZA,LAPATINIB,HCT116,10.73807273,2,1
22241,ZOLINZA,LAPATINIB,HT29,15.87021336,2,1
22243,ZOLINZA,LAPATINIB,LNCAP,22.5377729,2,1
22244,ZOLINZA,LAPATINIB,LOVO,14.32521296,2,1
22246,ZOLINZA,LAPATINIB,MSTO,58.97625807,2,1
22248,ZOLINZA,LAPATINIB,NCIH2122,12.84950969,2,1
22249,ZOLINZA,LAPATINIB,NCIH23,-15.53314237,2,0
22250,ZOLINZA,LAPATINIB,NCIH460,-2.133873724,2,0
22251,ZOLINZA,LAPATINIB,NCIH520,-9.297446882,2,0
22252,ZOLINZA,LAPATINIB,OCUBM,13.37601465,2,1
22254,ZOLINZA,LAPATINIB,OVCAR3,25.64218525,2,1
22261,ZOLINZA,LAPATINIB,SW620,10.26525699,2,1
22262,ZOLINZA,LAPATINIB,SW837,26.823305,2,1
22263,ZOLINZA,LAPATINIB,T47D,-21.4936689,2,0
22264,ZOLINZA,LAPATINIB,UACC62,30.91690633,2,1
22266,ZOLINZA,LAPATINIB,UWB1289BRCA1,19.4980113,2,1
22267,ZOLINZA,LAPATINIB,VCAP,38.79002832,2,1
22269,ZOLINZA,MK-2206,A2058,11.17600584,4,1
22272,ZOLINZA,MK-2206,A427,-6.51128168,4,0
22273,ZOLINZA,MK-2206,CAOV3,79.60129946,4,1
22274,ZOLINZA,MK-2206,COLO320DM,17.5310331,4,1
22275,ZOLINZA,MK-2206,DLD1,25.06590144,4,1
22276,ZOLINZA,MK-2206,EFM192B,-3.020027651,4,0
22277,ZOLINZA,MK-2206,ES2,11.25692828,4,1
22278,ZOLINZA,MK-2206,HCT116,23.11942198,4,1
22279,ZOLINZA,MK-2206,HT144,16.79384216,4,1
22280,ZOLINZA,MK-2206,HT29,41.43345757,4,1
22281,ZOLINZA,MK-2206,KPL1,51.95679319,4,1
22282,ZOLINZA,MK-2206,LNCAP,37.39952512,4,1
22283,ZOLINZA,MK-2206,LOVO,17.42016365,4,1
22284,ZOLINZA,MK-2206,MDAMB436,16.43520488,4,1
22285,ZOLINZA,MK-2206,MSTO,79.58112895,4,1
22286,ZOLINZA,MK-2206,NCIH1650,24.23348611,4,1
22287,ZOLINZA,MK-2206,NCIH2122,35.07321458,4,1
22288,ZOLINZA,MK-2206,NCIH23,-8.468499201,4,0
22291,ZOLINZA,MK-2206,OCUBM,-6.875645641,4,0
22292,ZOLINZA,MK-2206,OV90,25.27757553,4,1
22293,ZOLINZA,MK-2206,OVCAR3,13.20074038,4,1
22294,ZOLINZA,MK-2206,PA1,15.55557142,4,1
22295,ZOLINZA,MK-2206,RKO,13.25119964,4,1
22297,ZOLINZA,MK-2206,SKMEL30,11.51702007,4,1
22298,ZOLINZA,MK-2206,SKMES1,37.12837727,4,1
22299,ZOLINZA,MK-2206,SKOV3,36.21659429,4,1
22300,ZOLINZA,MK-2206,SW620,28.29939818,4,1
22301,ZOLINZA,MK-2206,SW837,33.87434419,4,1
22303,ZOLINZA,MK-2206,UACC62,18.06172206,4,1
22304,ZOLINZA,MK-2206,UWB1289,40.87892648,4,1
22305,ZOLINZA,MK-2206,UWB1289BRCA1,41.05975813,4,1
22306,ZOLINZA,MK-2206,VCAP,38.09436999,4,1
22307,ZOLINZA,MK-2206,ZR751,-3.081888211,4,0
22309,ZOLINZA,MK-4827,A2780,13.05798716,1,1
22310,ZOLINZA,MK-4827,A375,16.48012635,1,1
22311,ZOLINZA,MK-4827,A427,-15.73278728,1,0
22312,ZOLINZA,MK-4827,CAOV3,-10.70195784,1,0
22314,ZOLINZA,MK-4827,DLD1,-2.386540467,1,0
22315,ZOLINZA,MK-4827,EFM192B,25.39429855,1,1
22316,ZOLINZA,MK-4827,ES2,-2.681572807,1,0
22317,ZOLINZA,MK-4827,HCT116,-4.32829978,1,0
22319,ZOLINZA,MK-4827,HT29,12.02612617,1,1
22320,ZOLINZA,MK-4827,KPL1,-1.874672854,1,0
22321,ZOLINZA,MK-4827,LNCAP,15.34953533,1,1
22322,ZOLINZA,MK-4827,LOVO,-3.640807019,1,0
22323,ZOLINZA,MK-4827,MDAMB436,10.70524674,1,1
22324,ZOLINZA,MK-4827,MSTO,45.73885959,1,1
22326,ZOLINZA,MK-4827,NCIH2122,14.31788488,1,1
22327,ZOLINZA,MK-4827,NCIH23,-16.74983057,1,0
22328,ZOLINZA,MK-4827,NCIH460,14.93641512,1,1
22329,ZOLINZA,MK-4827,NCIH520,-3.062591179,1,0
22330,ZOLINZA,MK-4827,OCUBM,-3.809199229,1,0
22331,ZOLINZA,MK-4827,OV90,-2.851401595,1,0
22332,ZOLINZA,MK-4827,OVCAR3,28.0318632,1,1
22333,ZOLINZA,MK-4827,PA1,-2.123627888,1,0
22334,ZOLINZA,MK-4827,RKO,-2.855516498,1,0
22336,ZOLINZA,MK-4827,SKMEL30,-8.675467673,1,0
22338,ZOLINZA,MK-4827,SKOV3,26.34891442,1,1
22339,ZOLINZA,MK-4827,SW620,-9.56198937,1,0
22341,ZOLINZA,MK-4827,T47D,-3.309461068,1,0
22343,ZOLINZA,MK-4827,UWB1289,16.61565114,1,1
22345,ZOLINZA,MK-4827,VCAP,16.99640972,1,1
22347,ZOLINZA,MK-5108,A2058,-16.92915593,0,0
22349,ZOLINZA,MK-5108,A375,15.53608458,0,1
22350,ZOLINZA,MK-5108,A427,-12.01522355,0,0
22352,ZOLINZA,MK-5108,COLO320DM,13.19878407,0,1
22353,ZOLINZA,MK-5108,DLD1,12.00433218,0,1
22358,ZOLINZA,MK-5108,HT29,19.40218977,0,1
22361,ZOLINZA,MK-5108,LOVO,-0.518854633,0,0
22362,ZOLINZA,MK-5108,MDAMB436,-0.899321821,0,0
22363,ZOLINZA,MK-5108,MSTO,43.00794399,0,1
22366,ZOLINZA,MK-5108,NCIH23,-14.38157583,0,0
22367,ZOLINZA,MK-5108,NCIH460,-15.54919411,0,0
22369,ZOLINZA,MK-5108,OCUBM,-3.241909884,0,0
22372,ZOLINZA,MK-5108,PA1,-8.408909849,0,0
22373,ZOLINZA,MK-5108,RKO,17.90192104,0,1
22375,ZOLINZA,MK-5108,SKMEL30,17.54287669,0,1
22376,ZOLINZA,MK-5108,SKMES1,-5.721841502,0,0
22377,ZOLINZA,MK-5108,SKOV3,13.76945961,0,1
22378,ZOLINZA,MK-5108,SW620,-0.403799069,0,0
22379,ZOLINZA,MK-5108,SW837,11.7789592,0,1
22380,ZOLINZA,MK-5108,T47D,36.60827466,0,1
22381,ZOLINZA,MK-5108,UACC62,-2.529379309,0,0
22382,ZOLINZA,MK-5108,UWB1289,-1.535110219,0,0
22383,ZOLINZA,MK-5108,UWB1289BRCA1,11.93855642,0,1
22385,ZOLINZA,MK-5108,ZR751,-13.05323927,0,0
22386,ZOLINZA,MK-8669,A2058,27.59555602,0,1
22387,ZOLINZA,MK-8669,A2780,41.26674154,0,1
22388,ZOLINZA,MK-8669,A375,25.57044253,0,1
22389,ZOLINZA,MK-8669,A427,16.46149113,0,1
22390,ZOLINZA,MK-8669,CAOV3,48.36857672,0,1
22391,ZOLINZA,MK-8669,COLO320DM,10.22684311,0,1
22392,ZOLINZA,MK-8669,DLD1,12.06483417,0,1
22393,ZOLINZA,MK-8669,EFM192B,33.23479629,0,1
22394,ZOLINZA,MK-8669,ES2,15.49360244,0,1
22397,ZOLINZA,MK-8669,HT29,25.49010823,0,1
22398,ZOLINZA,MK-8669,KPL1,40.62336004,0,1
22399,ZOLINZA,MK-8669,LNCAP,25.49475926,0,1
22400,ZOLINZA,MK-8669,LOVO,10.40998998,0,1
22401,ZOLINZA,MK-8669,MDAMB436,17.77612259,0,1
22402,ZOLINZA,MK-8669,MSTO,28.26996688,0,1
22403,ZOLINZA,MK-8669,NCIH1650,17.65100608,0,1
22404,ZOLINZA,MK-8669,NCIH2122,22.62200562,0,1
22407,ZOLINZA,MK-8669,NCIH520,-0.844489472,0,0
22408,ZOLINZA,MK-8669,OCUBM,-7.420847126,0,0
22409,ZOLINZA,MK-8669,OV90,21.51854976,0,1
22410,ZOLINZA,MK-8669,OVCAR3,13.74293501,0,1
22411,ZOLINZA,MK-8669,PA1,28.63250519,0,1
22412,ZOLINZA,MK-8669,RKO,37.79751124,0,1
22413,ZOLINZA,MK-8669,RPMI7951,22.70704991,0,1
22414,ZOLINZA,MK-8669,SKMEL30,32.18298321,0,1
22416,ZOLINZA,MK-8669,SKOV3,35.55778545,0,1
22418,ZOLINZA,MK-8669,SW837,19.13458943,0,1
22419,ZOLINZA,MK-8669,T47D,24.07392233,0,1
22420,ZOLINZA,MK-8669,UACC62,11.83917601,0,1
22422,ZOLINZA,MK-8669,UWB1289BRCA1,29.1468663,0,1
22423,ZOLINZA,MK-8669,VCAP,20.80907985,0,1
22424,ZOLINZA,MK-8669,ZR751,-2.916191015,0,0
22425,ZOLINZA,MK-8776,A2058,42.03597643,1,1
22427,ZOLINZA,MK-8776,A375,43.78931082,1,1
22428,ZOLINZA,MK-8776,A427,-1.369450158,1,0
22430,ZOLINZA,MK-8776,COLO320DM,24.43898896,1,1
22433,ZOLINZA,MK-8776,ES2,14.48459148,1,1
22435,ZOLINZA,MK-8776,HT144,21.50192963,1,1
22437,ZOLINZA,MK-8776,KPL1,-4.197399711,1,0
22438,ZOLINZA,MK-8776,LNCAP,33.64030053,1,1
22439,ZOLINZA,MK-8776,LOVO,10.79337324,1,1
22440,ZOLINZA,MK-8776,MDAMB436,14.41997858,1,1
22441,ZOLINZA,MK-8776,MSTO,35.32093285,1,1
22442,ZOLINZA,MK-8776,NCIH1650,-0.771172874,1,0
22444,ZOLINZA,MK-8776,NCIH23,13.30457978,1,1
22445,ZOLINZA,MK-8776,NCIH460,-6.599346687,1,0
22448,ZOLINZA,MK-8776,OV90,-1.721886734,1,0
22449,ZOLINZA,MK-8776,OVCAR3,-3.103242429,1,0
22453,ZOLINZA,MK-8776,SKMEL30,19.88211486,1,1
22454,ZOLINZA,MK-8776,SKMES1,12.27437365,1,1
22455,ZOLINZA,MK-8776,SKOV3,36.87808006,1,1
22456,ZOLINZA,MK-8776,SW620,11.40862469,1,1
22457,ZOLINZA,MK-8776,SW837,-2.866008088,1,0
22458,ZOLINZA,MK-8776,T47D,-27.7271977,1,0
22459,ZOLINZA,MK-8776,UACC62,15.33422356,1,1
22461,ZOLINZA,MK-8776,UWB1289BRCA1,-17.08562781,1,0
22462,ZOLINZA,MK-8776,VCAP,25.84803199,1,1
22463,ZOLINZA,MK-8776,ZR751,-30.21666905,1,0
22464,ZOLINZA,OXALIPLATIN,A2058,-7.533671842,3,0
22465,ZOLINZA,OXALIPLATIN,A2780,-10.8309789,3,0
22466,ZOLINZA,OXALIPLATIN,A375,-10.12639396,3,0
22467,ZOLINZA,OXALIPLATIN,A427,-5.466695182,3,0
22469,ZOLINZA,OXALIPLATIN,COLO320DM,14.66165411,3,1
22470,ZOLINZA,OXALIPLATIN,DLD1,-0.533227993,3,0
22471,ZOLINZA,OXALIPLATIN,EFM192B,-4.483640451,3,0
22472,ZOLINZA,OXALIPLATIN,ES2,-4.278504501,3,0
22473,ZOLINZA,OXALIPLATIN,HCT116,-5.73553789,3,0
22474,ZOLINZA,OXALIPLATIN,HT144,-6.992484524,3,0
22477,ZOLINZA,OXALIPLATIN,LNCAP,27.27870076,3,1
22478,ZOLINZA,OXALIPLATIN,LOVO,-10.08155517,3,0
22480,ZOLINZA,OXALIPLATIN,MSTO,35.44855141,3,1
22482,ZOLINZA,OXALIPLATIN,NCIH2122,11.04743769,3,1
22483,ZOLINZA,OXALIPLATIN,NCIH23,-28.82838698,3,0
22484,ZOLINZA,OXALIPLATIN,NCIH460,-16.53726671,3,0
22485,ZOLINZA,OXALIPLATIN,NCIH520,-9.845186574,3,0
22486,ZOLINZA,OXALIPLATIN,OCUBM,-1.919654179,3,0
22488,ZOLINZA,OXALIPLATIN,OVCAR3,18.79490821,3,1
22489,ZOLINZA,OXALIPLATIN,PA1,-14.19301844,3,0
22490,ZOLINZA,OXALIPLATIN,RKO,-14.07692868,3,0
22491,ZOLINZA,OXALIPLATIN,RPMI7951,-7.383179205,3,0
22492,ZOLINZA,OXALIPLATIN,SKMEL30,-11.67107046,3,0
22494,ZOLINZA,OXALIPLATIN,SKOV3,17.22570681,3,1
22495,ZOLINZA,OXALIPLATIN,SW620,-17.36748656,3,0
22497,ZOLINZA,OXALIPLATIN,T47D,17.43087015,3,1
22498,ZOLINZA,OXALIPLATIN,UACC62,-1.466569185,3,0
22499,ZOLINZA,OXALIPLATIN,UWB1289,19.67073557,3,1
22500,ZOLINZA,OXALIPLATIN,UWB1289BRCA1,17.08451825,3,1
22501,ZOLINZA,OXALIPLATIN,VCAP,29.03432771,3,1
22502,ZOLINZA,OXALIPLATIN,ZR751,-12.43479926,3,0
22503,ZOLINZA,PD325901,A2058,-3.872152861,2,0
22505,ZOLINZA,PD325901,A375,-33.42692146,2,0
22506,ZOLINZA,PD325901,A427,-54.42185185,2,0
22507,ZOLINZA,PD325901,CAOV3,12.0098474,2,1
22509,ZOLINZA,PD325901,DLD1,15.79970104,2,1
22510,ZOLINZA,PD325901,EFM192B,18.47375873,2,1
22511,ZOLINZA,PD325901,ES2,33.46549866,2,1
22513,ZOLINZA,PD325901,HT144,-30.72342614,2,0
22515,ZOLINZA,PD325901,KPL1,-4.202404439,2,0
22516,ZOLINZA,PD325901,LNCAP,71.11494646,2,1
22518,ZOLINZA,PD325901,MDAMB436,20.20468961,2,1
22519,ZOLINZA,PD325901,MSTO,-18.06007862,2,0
22520,ZOLINZA,PD325901,NCIH1650,-1.039256911,2,0
22522,ZOLINZA,PD325901,NCIH23,-31.27099686,2,0
22523,ZOLINZA,PD325901,NCIH460,-12.10081511,2,0
22524,ZOLINZA,PD325901,NCIH520,-4.982150844,2,0
22526,ZOLINZA,PD325901,OV90,17.89781811,2,1
22527,ZOLINZA,PD325901,OVCAR3,25.62973708,2,1
22530,ZOLINZA,PD325901,RPMI7951,-7.752942585,2,0
22531,ZOLINZA,PD325901,SKMEL30,-0.700302705,2,0
22532,ZOLINZA,PD325901,SKMES1,-24.35969977,2,0
22533,ZOLINZA,PD325901,SKOV3,24.99129908,2,1
22534,ZOLINZA,PD325901,SW620,-28.41260331,2,0
22536,ZOLINZA,PD325901,T47D,16.71406252,2,1
22537,ZOLINZA,PD325901,UACC62,-20.84398535,2,0
22538,ZOLINZA,PD325901,UWB1289,30.40407233,2,1
22540,ZOLINZA,PD325901,VCAP,29.72417881,2,1
22542,ZOLINZA,SN-38,A2058,-10.4587941,0,0
22544,ZOLINZA,SN-38,A375,17.80495332,0,1
22545,ZOLINZA,SN-38,A427,-18.60291882,0,0
22546,ZOLINZA,SN-38,CAOV3,-3.328120754,0,0
22549,ZOLINZA,SN-38,EFM192B,13.98047181,0,1
22551,ZOLINZA,SN-38,HCT116,-5.840654221,0,0
22555,ZOLINZA,SN-38,LNCAP,32.86179122,0,1
22556,ZOLINZA,SN-38,LOVO,-3.950777377,0,0
22557,ZOLINZA,SN-38,MDAMB436,-3.088087368,0,0
22558,ZOLINZA,SN-38,MSTO,57.50199885,0,1
22560,ZOLINZA,SN-38,NCIH2122,15.51980829,0,1
22561,ZOLINZA,SN-38,NCIH23,-14.83803037,0,0
22563,ZOLINZA,SN-38,NCIH520,-3.324421857,0,0
22564,ZOLINZA,SN-38,OCUBM,-5.477160928,0,0
22566,ZOLINZA,SN-38,OVCAR3,23.27656903,0,1
22567,ZOLINZA,SN-38,PA1,-15.60815211,0,0
22570,ZOLINZA,SN-38,SKMEL30,-3.417755393,0,0
22571,ZOLINZA,SN-38,SKMES1,16.25934896,0,1
22572,ZOLINZA,SN-38,SKOV3,10.69083638,0,1
22573,ZOLINZA,SN-38,SW620,-17.2115523,0,0
22577,ZOLINZA,SN-38,UWB1289,10.68141981,0,1
22578,ZOLINZA,SN-38,UWB1289BRCA1,17.42097094,0,1
22579,ZOLINZA,SN-38,VCAP,29.04666653,0,1
22581,ZOLINZA,SORAFENIB,A2058,-5.582687009,0,0
22582,ZOLINZA,SORAFENIB,A2780,-8.574749698,0,0
22584,ZOLINZA,SORAFENIB,A427,-8.003764443,0,0
22586,ZOLINZA,SORAFENIB,COLO320DM,-5.884751252,0,0
22588,ZOLINZA,SORAFENIB,EFM192B,-6.898153537,0,0
22589,ZOLINZA,SORAFENIB,ES2,-6.896772834,0,0
22591,ZOLINZA,SORAFENIB,HT144,-8.564026616,0,0
22592,ZOLINZA,SORAFENIB,HT29,-10.42626297,0,0
22593,ZOLINZA,SORAFENIB,KPL1,-5.159422536,0,0
22594,ZOLINZA,SORAFENIB,LNCAP,-3.172312438,0,0
22595,ZOLINZA,SORAFENIB,LOVO,-18.07968202,0,0
22596,ZOLINZA,SORAFENIB,MDAMB436,-3.807807713,0,0
22597,ZOLINZA,SORAFENIB,MSTO,-3.859836423,0,0
22599,ZOLINZA,SORAFENIB,NCIH2122,-6.261779768,0,0
22600,ZOLINZA,SORAFENIB,NCIH23,-13.92343731,0,0
22602,ZOLINZA,SORAFENIB,NCIH520,-0.707777889,0,0
22603,ZOLINZA,SORAFENIB,OCUBM,-5.94891998,0,0
22604,ZOLINZA,SORAFENIB,OV90,-0.279894014,0,0
22605,ZOLINZA,SORAFENIB,OVCAR3,-13.10440865,0,0
22606,ZOLINZA,SORAFENIB,PA1,-5.790126103,0,0
22608,ZOLINZA,SORAFENIB,RPMI7951,-14.2526387,0,0
22609,ZOLINZA,SORAFENIB,SKMEL30,-0.886914749,0,0
22611,ZOLINZA,SORAFENIB,SKOV3,-1.765825452,0,0
22612,ZOLINZA,SORAFENIB,SW620,-13.26297526,0,0
22613,ZOLINZA,SORAFENIB,SW837,-4.327009751,0,0
22615,ZOLINZA,SORAFENIB,UACC62,-8.92980681,0,0
22618,ZOLINZA,SORAFENIB,VCAP,-6.252657443,0,0
22619,ZOLINZA,SORAFENIB,ZR751,-34.19167302,0,0
22620,ZOLINZA,SUNITINIB,A2058,-8.966085352,3,0
22621,ZOLINZA,SUNITINIB,A2780,-7.622511758,3,0
22623,ZOLINZA,SUNITINIB,A427,-25.06988639,3,0
22625,ZOLINZA,SUNITINIB,COLO320DM,-2.352510392,3,0
22627,ZOLINZA,SUNITINIB,EFM192B,-6.25620828,3,0
22630,ZOLINZA,SUNITINIB,HT144,-10.84233331,3,0
22631,ZOLINZA,SUNITINIB,HT29,-0.536953482,3,0
22632,ZOLINZA,SUNITINIB,KPL1,10.28900796,3,1
22633,ZOLINZA,SUNITINIB,LNCAP,-11.66352115,3,0
22636,ZOLINZA,SUNITINIB,MSTO,-25.14552857,3,0
22637,ZOLINZA,SUNITINIB,NCIH1650,-6.88100755,3,0
22639,ZOLINZA,SUNITINIB,NCIH23,-16.71952386,3,0
22640,ZOLINZA,SUNITINIB,NCIH460,-1.204786513,3,0
22641,ZOLINZA,SUNITINIB,NCIH520,-4.280959085,3,0
22642,ZOLINZA,SUNITINIB,OCUBM,-5.343150497,3,0
22645,ZOLINZA,SUNITINIB,PA1,-7.74008825,3,0
22646,ZOLINZA,SUNITINIB,RKO,-4.420136286,3,0
22647,ZOLINZA,SUNITINIB,RPMI7951,-11.93879823,3,0
22648,ZOLINZA,SUNITINIB,SKMEL30,-7.285718785,3,0
22649,ZOLINZA,SUNITINIB,SKMES1,-4.08567634,3,0
22650,ZOLINZA,SUNITINIB,SKOV3,-4.376951677,3,0
22651,ZOLINZA,SUNITINIB,SW620,-12.80503568,3,0
22652,ZOLINZA,SUNITINIB,SW837,-13.42316359,3,0
22653,ZOLINZA,SUNITINIB,T47D,28.43824494,3,1
22654,ZOLINZA,SUNITINIB,UACC62,-1.990677506,3,0
22655,ZOLINZA,SUNITINIB,UWB1289,13.61029703,3,1
22658,ZOLINZA,SUNITINIB,ZR751,-10.47545237,3,0
22659,ZOLINZA,TEMOZOLOMIDE,A2058,24.53982781,2,1
22662,ZOLINZA,TEMOZOLOMIDE,A427,-9.067057,2,0
22663,ZOLINZA,TEMOZOLOMIDE,CAOV3,-5.586464398,2,0
22664,ZOLINZA,TEMOZOLOMIDE,COLO320DM,18.00188714,2,1
22667,ZOLINZA,TEMOZOLOMIDE,ES2,30.76330289,2,1
22668,ZOLINZA,TEMOZOLOMIDE,HCT116,-5.951822715,2,0
22670,ZOLINZA,TEMOZOLOMIDE,HT29,12.15978402,2,1
22671,ZOLINZA,TEMOZOLOMIDE,KPL1,-8.289813957,2,0
22672,ZOLINZA,TEMOZOLOMIDE,LNCAP,50.72094312,2,1
22674,ZOLINZA,TEMOZOLOMIDE,MDAMB436,13.95984956,2,1
22675,ZOLINZA,TEMOZOLOMIDE,MSTO,31.18208682,2,1
22676,ZOLINZA,TEMOZOLOMIDE,NCIH1650,-8.969450934,2,0
22677,ZOLINZA,TEMOZOLOMIDE,NCIH2122,-2.365049635,2,0
22678,ZOLINZA,TEMOZOLOMIDE,NCIH23,-24.59726946,2,0
22681,ZOLINZA,TEMOZOLOMIDE,OCUBM,-7.867212411,2,0
22682,ZOLINZA,TEMOZOLOMIDE,OV90,12.82470902,2,1
22683,ZOLINZA,TEMOZOLOMIDE,OVCAR3,25.42563982,2,1
22684,ZOLINZA,TEMOZOLOMIDE,PA1,10.67329357,2,1
22686,ZOLINZA,TEMOZOLOMIDE,RPMI7951,17.07267451,2,1
22687,ZOLINZA,TEMOZOLOMIDE,SKMEL30,21.92972634,2,1
22688,ZOLINZA,TEMOZOLOMIDE,SKMES1,31.40521002,2,1
22691,ZOLINZA,TEMOZOLOMIDE,SW837,10.93477088,2,1
22692,ZOLINZA,TEMOZOLOMIDE,T47D,13.2536474,2,1
22693,ZOLINZA,TEMOZOLOMIDE,UACC62,24.8419424,2,1
22694,ZOLINZA,TEMOZOLOMIDE,UWB1289,22.89993834,2,1
22695,ZOLINZA,TEMOZOLOMIDE,UWB1289BRCA1,-2.246555232,2,0
22696,ZOLINZA,TEMOZOLOMIDE,VCAP,18.64303801,2,1
22697,ZOLINZA,TEMOZOLOMIDE,ZR751,-9.474624791,2,0
22700,ZOLINZA,TOPOTECAN,A375,12.44467563,2,1
22707,ZOLINZA,TOPOTECAN,HCT116,-6.478407822,2,0
22710,ZOLINZA,TOPOTECAN,KPL1,12.82860371,2,1
22711,ZOLINZA,TOPOTECAN,LNCAP,-135.363072,2,0
22714,ZOLINZA,TOPOTECAN,MSTO,20.38389268,2,1
22715,ZOLINZA,TOPOTECAN,NCIH1650,-8.786850695,2,0
22716,ZOLINZA,TOPOTECAN,NCIH2122,22.95559562,2,1
22717,ZOLINZA,TOPOTECAN,NCIH23,-1.034920474,2,0
22718,ZOLINZA,TOPOTECAN,NCIH460,-10.91565088,2,0
22719,ZOLINZA,TOPOTECAN,NCIH520,12.22140413,2,1
22720,ZOLINZA,TOPOTECAN,OCUBM,-2.472170078,2,0
22721,ZOLINZA,TOPOTECAN,OV90,15.22568084,2,1
22722,ZOLINZA,TOPOTECAN,OVCAR3,-1.053790801,2,0
22723,ZOLINZA,TOPOTECAN,PA1,-8.139632509,2,0
22726,ZOLINZA,TOPOTECAN,SKMEL30,-0.999305207,2,0
22727,ZOLINZA,TOPOTECAN,SKMES1,16.80744853,2,1
22728,ZOLINZA,TOPOTECAN,SKOV3,26.97432821,2,1
22731,ZOLINZA,TOPOTECAN,T47D,18.98510046,2,1
22732,ZOLINZA,TOPOTECAN,UACC62,10.22306639,2,1
22733,ZOLINZA,TOPOTECAN,UWB1289,12.19031631,2,1
22734,ZOLINZA,TOPOTECAN,UWB1289BRCA1,20.55162735,2,1
22735,ZOLINZA,TOPOTECAN,VCAP,23.43854705,2,1
22736,ZOLINZA,TOPOTECAN,ZR751,12.22379109,2,1
