,drug1,drug2,cell,synergy,fold,SynClass
23,5-FU,ABT-888,OV90,-10.06884761,2,0
28,5-FU,ABT-888,SKMEL30,-36.45922958,2,0
32,5-FU,ABT-888,SW837,-14.52310863,2,0
43,5-FU,AZD1775,CAOV3,23.98617954,1,1
54,5-FU,AZD1775,MDAMB436,23.3811342,1,1
55,5-FU,AZD1775,MSTO,-32.99061919,1,0
61,5-FU,AZD1775,OCUBM,33.59292588,1,1
64,5-FU,AZD1775,PA1,25.07262477,1,1
68,5-FU,AZD1775,SKMES1,33.3532584,1,1
74,5-FU,AZD1775,UWB1289,70.15816882,1,1
91,5-FU,BEZ-235,LNCAP,55.29129934,1,1
98,5-FU,BEZ-235,NCIH460,20.10041374,1,1
103,5-FU,BEZ-235,PA1,21.56238672,1,1
106,5-FU,BEZ-235,SKMEL30,-73.13840165,1,0
107,5-FU,BEZ-235,SKMES1,21.2679035,1,1
111,5-FU,BEZ-235,T47D,106.0071924,1,1
118,5-FU,BORTEZOMIB,A2780,-18.59912622,2,0
121,5-FU,BORTEZOMIB,CAOV3,-35.27304184,2,0
122,5-FU,BORTEZOMIB,COLO320DM,-10.97044616,2,0
125,5-FU,BORTEZOMIB,ES2,-16.13012533,2,0
127,5-FU,BORTEZOMIB,HT144,-14.56978258,2,0
128,5-FU,BORTEZOMIB,HT29,-15.95161347,2,0
133,5-FU,BORTEZOMIB,MSTO,52.48518972,2,1
134,5-FU,BORTEZOMIB,NCIH1650,-15.77870569,2,0
135,5-FU,BORTEZOMIB,NCIH2122,-16.69626568,2,0
137,5-FU,BORTEZOMIB,NCIH460,-18.99813026,2,0
138,5-FU,BORTEZOMIB,NCIH520,-24.06755091,2,0
142,5-FU,BORTEZOMIB,PA1,-20.70616808,2,0
144,5-FU,BORTEZOMIB,RPMI7951,-10.47941439,2,0
145,5-FU,BORTEZOMIB,SKMEL30,-172.8887021,2,0
146,5-FU,BORTEZOMIB,SKMES1,-11.64272985,2,0
151,5-FU,BORTEZOMIB,UACC62,-17.84185108,2,0
152,5-FU,BORTEZOMIB,UWB1289,-15.03075018,2,0
155,5-FU,BORTEZOMIB,ZR751,-17.45137527,2,0
156,5-FU,DASATINIB,A2058,31.12564418,1,1
157,5-FU,DASATINIB,A2780,50.60366026,1,1
159,5-FU,DASATINIB,A427,28.34808451,1,1
162,5-FU,DASATINIB,DLD1,21.43309088,1,1
166,5-FU,DASATINIB,HT144,-22.97327812,1,0
170,5-FU,DASATINIB,LOVO,21.38558819,1,1
173,5-FU,DASATINIB,NCIH1650,23.23497071,1,1
174,5-FU,DASATINIB,NCIH2122,-31.1947196,1,0
176,5-FU,DASATINIB,NCIH460,21.6687261,1,1
177,5-FU,DASATINIB,NCIH520,42.73505144,1,1
180,5-FU,DASATINIB,OVCAR3,57.03314711,1,1
181,5-FU,DASATINIB,PA1,33.90828352,1,1
187,5-FU,DASATINIB,SW620,30.44463084,1,1
193,5-FU,DASATINIB,VCAP,21.45572644,1,1
199,5-FU,DINACICLIB,CAOV3,-14.34742589,0,0
209,5-FU,DINACICLIB,LOVO,-11.87695993,0,0
223,5-FU,DINACICLIB,SKMEL30,-96.61714003,0,0
225,5-FU,DINACICLIB,SKOV3,-13.89910152,0,0
227,5-FU,DINACICLIB,SW837,-19.57332293,0,0
233,5-FU,DINACICLIB,ZR751,-13.58239014,0,0
239,5-FU,ERLOTINIB,COLO320DM,22.16797341,3,1
250,5-FU,ERLOTINIB,MSTO,-45.89376066,3,0
252,5-FU,ERLOTINIB,NCIH2122,24.45497683,3,1
256,5-FU,ERLOTINIB,OCUBM,28.14443856,3,1
257,5-FU,ERLOTINIB,OV90,-11.04004585,3,0
258,5-FU,ERLOTINIB,OVCAR3,29.20125585,3,1
260,5-FU,ERLOTINIB,RKO,20.98757258,3,1
263,5-FU,ERLOTINIB,SKMES1,21.28942476,3,1
270,5-FU,ERLOTINIB,UWB1289BRCA1,22.19123604,3,1
271,5-FU,ERLOTINIB,VCAP,24.41379314,3,1
272,5-FU,ERLOTINIB,ZR751,22.8306176,3,1
277,5-FU,GELDANAMYCIN,CAOV3,-12.98670671,4,0
301,5-FU,GELDANAMYCIN,SKMEL30,-80.63896867,4,0
305,5-FU,GELDANAMYCIN,SW837,-10.01418099,4,0
306,5-FU,GELDANAMYCIN,T47D,30.67999441,4,1
311,5-FU,GELDANAMYCIN,ZR751,-15.00928456,4,0
316,5-FU,L778123,CAOV3,-11.24456132,1,0
340,5-FU,L778123,SKMEL30,-57.88453337,1,0
345,5-FU,L778123,T47D,21.15875733,1,1
364,5-FU,LAPATINIB,LNCAP,-16.37649722,1,0
367,5-FU,LAPATINIB,MSTO,-55.47026432,1,0
394,5-FU,MK-2206,CAOV3,41.06914178,2,1
395,5-FU,MK-2206,COLO320DM,23.48420717,2,1
402,5-FU,MK-2206,KPL1,26.86477535,2,1
406,5-FU,MK-2206,MSTO,-35.31198822,2,0
415,5-FU,MK-2206,PA1,22.84385673,2,1
416,5-FU,MK-2206,RKO,21.99868299,2,1
425,5-FU,MK-2206,UWB1289,20.75862339,2,1
426,5-FU,MK-2206,UWB1289BRCA1,21.70836662,2,1
442,5-FU,MK-4827,LNCAP,-24.4814919,3,0
443,5-FU,MK-4827,LOVO,-14.5737162,3,0
445,5-FU,MK-4827,MSTO,-54.84820211,3,0
448,5-FU,MK-4827,NCIH23,-10.52634233,3,0
452,5-FU,MK-4827,OV90,-11.5759633,3,0
461,5-FU,MK-4827,SW837,-12.72451513,3,0
472,5-FU,MK-5108,CAOV3,-13.04134069,2,0
481,5-FU,MK-5108,LNCAP,-20.6434715,2,0
484,5-FU,MK-5108,MSTO,-34.44593587,2,0
507,5-FU,MK-8669,A2058,32.33623166,0,1
510,5-FU,MK-8669,A427,20.62786482,0,1
513,5-FU,MK-8669,DLD1,24.55178995,0,1
514,5-FU,MK-8669,EFM192B,20.51728696,0,1
523,5-FU,MK-8669,MSTO,-34.43024988,0,0
526,5-FU,MK-8669,NCIH23,21.73781029,0,1
529,5-FU,MK-8669,OCUBM,23.65827923,0,1
532,5-FU,MK-8669,PA1,41.30121414,0,1
533,5-FU,MK-8669,RKO,23.25413422,0,1
534,5-FU,MK-8669,RPMI7951,27.33122745,0,1
535,5-FU,MK-8669,SKMEL30,28.19210471,0,1
537,5-FU,MK-8669,SKOV3,28.71514833,0,1
540,5-FU,MK-8669,T47D,24.17858199,0,1
542,5-FU,MK-8669,UWB1289,25.23796782,0,1
543,5-FU,MK-8669,UWB1289BRCA1,28.39504805,0,1
544,5-FU,MK-8669,VCAP,29.67190189,0,1
546,5-FU,MK-8776,A2058,23.522713,4,1
548,5-FU,MK-8776,A375,22.09733642,4,1
549,5-FU,MK-8776,A427,37.92676259,4,1
550,5-FU,MK-8776,CAOV3,57.10355598,4,1
554,5-FU,MK-8776,ES2,-10.66233849,4,0
561,5-FU,MK-8776,MDAMB436,43.35485062,4,1
562,5-FU,MK-8776,MSTO,-28.69135036,4,0
566,5-FU,MK-8776,NCIH460,24.84605685,4,1
568,5-FU,MK-8776,OCUBM,58.84964574,4,1
574,5-FU,MK-8776,SKMEL30,-81.44128366,4,0
578,5-FU,MK-8776,SW837,-20.52658286,4,0
582,5-FU,MK-8776,UWB1289BRCA1,-11.15156386,4,0
586,5-FU,PD325901,A2780,24.61014916,0,1
601,5-FU,PD325901,MSTO,22.0330269,0,1
609,5-FU,PD325901,OVCAR3,24.68660319,0,1
613,5-FU,PD325901,SKMEL30,-144.4016546,0,0
618,5-FU,PD325901,T47D,46.99657957,0,1
628,5-FU,SORAFENIB,CAOV3,-16.67220342,2,0
637,5-FU,SORAFENIB,LNCAP,-13.39034615,2,0
638,5-FU,SORAFENIB,LOVO,-13.81534377,2,0
640,5-FU,SORAFENIB,MSTO,-13.50351384,2,0
648,5-FU,SORAFENIB,OVCAR3,-18.31547421,2,0
662,5-FU,SORAFENIB,ZR751,-11.36179266,2,0
679,5-FU,SUNITINIB,MSTO,-19.19337264,3,0
704,5-FU,TEMOZOLOMIDE,A375,-15.98333594,0,0
706,5-FU,TEMOZOLOMIDE,CAOV3,-35.66063407,0,0
709,5-FU,TEMOZOLOMIDE,EFM192B,-39.7171613,0,0
711,5-FU,TEMOZOLOMIDE,HCT116,-15.66309184,0,0
712,5-FU,TEMOZOLOMIDE,HT144,-24.286518,0,0
713,5-FU,TEMOZOLOMIDE,HT29,-13.17812058,0,0
714,5-FU,TEMOZOLOMIDE,KPL1,-32.03551474,0,0
715,5-FU,TEMOZOLOMIDE,LNCAP,-16.14608633,0,0
716,5-FU,TEMOZOLOMIDE,LOVO,-17.96614029,0,0
719,5-FU,TEMOZOLOMIDE,NCIH1650,-16.13611503,0,0
721,5-FU,TEMOZOLOMIDE,NCIH23,-22.41858189,0,0
722,5-FU,TEMOZOLOMIDE,NCIH460,-23.41105381,0,0
724,5-FU,TEMOZOLOMIDE,OCUBM,-15.12140115,0,0
730,5-FU,TEMOZOLOMIDE,SKMEL30,-55.9657771,0,0
734,5-FU,TEMOZOLOMIDE,SW837,-44.6178968,0,0
735,5-FU,TEMOZOLOMIDE,T47D,-31.48916586,0,0
736,5-FU,TEMOZOLOMIDE,UACC62,-11.96862443,0,0
740,5-FU,TEMOZOLOMIDE,ZR751,-51.98862044,0,0
744,5-FU,ZOLINZA,A427,-31.94692955,2,0
760,5-FU,ZOLINZA,NCIH23,-15.10567636,2,0
772,5-FU,ZOLINZA,SW620,-17.22800516,2,0
778,5-FU,ZOLINZA,VCAP,22.99565591,2,1
779,5-FU,ZOLINZA,ZR751,-20.67751276,2,0
780,ABT-888,BEZ-235,A2058,24.07097148,3,1
781,ABT-888,BEZ-235,A2780,29.43971431,3,1
782,ABT-888,BEZ-235,A375,26.77702751,3,1
784,ABT-888,BEZ-235,CAOV3,48.3199691,3,1
785,ABT-888,BEZ-235,COLO320DM,23.55289621,3,1
787,ABT-888,BEZ-235,EFM192B,24.83456937,3,1
791,ABT-888,BEZ-235,HT29,24.14577087,3,1
792,ABT-888,BEZ-235,KPL1,29.12456296,3,1
793,ABT-888,BEZ-235,LNCAP,78.70408281,3,1
795,ABT-888,BEZ-235,MDAMB436,24.11737313,3,1
796,ABT-888,BEZ-235,MSTO,42.00615065,3,1
801,ABT-888,BEZ-235,NCIH520,24.98075461,3,1
802,ABT-888,BEZ-235,OCUBM,28.49051729,3,1
804,ABT-888,BEZ-235,OVCAR3,21.71305205,3,1
805,ABT-888,BEZ-235,PA1,26.41696531,3,1
807,ABT-888,BEZ-235,RPMI7951,27.95688569,3,1
808,ABT-888,BEZ-235,SKMEL30,29.52276092,3,1
812,ABT-888,BEZ-235,SW837,23.28959911,3,1
813,ABT-888,BEZ-235,T47D,117.0012793,3,1
815,ABT-888,BEZ-235,UWB1289,32.06766556,3,1
816,ABT-888,BEZ-235,UWB1289BRCA1,29.63789318,3,1
818,ABT-888,BEZ-235,ZR751,27.42592944,3,1
832,ABT-888,DINACICLIB,LNCAP,44.93017733,4,1
852,ABT-888,DINACICLIB,T47D,-24.15595065,4,0
858,ABT-888,GELDANAMYCIN,A2058,22.66972082,3,1
867,ABT-888,GELDANAMYCIN,HCT116,22.97216302,3,1
871,ABT-888,GELDANAMYCIN,LNCAP,26.08846407,3,1
880,ABT-888,GELDANAMYCIN,OCUBM,31.71762887,3,1
882,ABT-888,GELDANAMYCIN,OVCAR3,20.48955403,3,1
884,ABT-888,GELDANAMYCIN,RKO,33.83147768,3,1
886,ABT-888,GELDANAMYCIN,SKMEL30,30.34189343,3,1
888,ABT-888,GELDANAMYCIN,SKOV3,-10.74656256,3,0
889,ABT-888,GELDANAMYCIN,SW620,-15.0026455,3,0
891,ABT-888,GELDANAMYCIN,T47D,-27.25381749,3,0
893,ABT-888,GELDANAMYCIN,UWB1289,-14.3043912,3,0
894,ABT-888,GELDANAMYCIN,UWB1289BRCA1,-31.47062211,3,0
896,ABT-888,GELDANAMYCIN,ZR751,-17.08015794,3,0
897,ABT-888,MK-8669,A2058,24.76000602,1,1
901,ABT-888,MK-8669,CAOV3,21.27725009,1,1
904,ABT-888,MK-8669,EFM192B,30.33180491,1,1
909,ABT-888,MK-8669,KPL1,41.59951047,1,1
913,ABT-888,MK-8669,MSTO,75.5280528,1,1
929,ABT-888,MK-8669,SW837,-16.01122021,1,0
932,ABT-888,MK-8669,UWB1289,23.35240873,1,1
944,ABT-888,MK-8776,ES2,-17.17202362,4,0
946,ABT-888,MK-8776,HT144,-51.21988037,4,0
949,ABT-888,MK-8776,LNCAP,-40.5994196,4,0
968,ABT-888,MK-8776,SW837,-85.53233701,4,0
971,ABT-888,MK-8776,UWB1289,-30.36395736,4,0
972,ABT-888,MK-8776,UWB1289BRCA1,-31.4103635,4,0
974,ABT-888,MK-8776,ZR751,-32.47762672,4,0
978,ABT-888,OXALIPLATIN,A427,-18.91591586,4,0
983,ABT-888,OXALIPLATIN,ES2,-16.82213133,4,0
985,ABT-888,OXALIPLATIN,HT144,-25.65655126,4,0
988,ABT-888,OXALIPLATIN,LNCAP,-27.21438006,4,0
989,ABT-888,OXALIPLATIN,LOVO,-22.77447668,4,0
992,ABT-888,OXALIPLATIN,NCIH1650,-17.38778235,4,0
994,ABT-888,OXALIPLATIN,NCIH23,-22.07509333,4,0
995,ABT-888,OXALIPLATIN,NCIH460,-20.36656057,4,0
998,ABT-888,OXALIPLATIN,OV90,-27.74913591,4,0
1000,ABT-888,OXALIPLATIN,PA1,-24.69461216,4,0
1002,ABT-888,OXALIPLATIN,RPMI7951,-26.72258512,4,0
1004,ABT-888,OXALIPLATIN,SKMES1,-13.38060668,4,0
1008,ABT-888,OXALIPLATIN,T47D,-34.67794411,4,0
1009,ABT-888,OXALIPLATIN,UACC62,-19.8337096,4,0
1010,ABT-888,OXALIPLATIN,UWB1289,-14.05042379,4,0
1011,ABT-888,OXALIPLATIN,UWB1289BRCA1,-10.62392281,4,0
1013,ABT-888,OXALIPLATIN,ZR751,-16.11918667,4,0
1014,ABT-888,SN-38,A2058,37.19755244,0,1
1015,ABT-888,SN-38,A2780,27.44316256,0,1
1016,ABT-888,SN-38,A375,29.45915958,0,1
1018,ABT-888,SN-38,CAOV3,41.82261363,0,1
1021,ABT-888,SN-38,EFM192B,30.14977964,0,1
1023,ABT-888,SN-38,HCT116,23.42591491,0,1
1027,ABT-888,SN-38,LNCAP,28.68890188,0,1
1030,ABT-888,SN-38,MSTO,21.46794278,0,1
1032,ABT-888,SN-38,NCIH2122,21.39044581,0,1
1034,ABT-888,SN-38,NCIH460,22.60303623,0,1
1036,ABT-888,SN-38,OCUBM,33.42900164,0,1
1038,ABT-888,SN-38,OVCAR3,33.01382776,0,1
1039,ABT-888,SN-38,PA1,31.16670432,0,1
1040,ABT-888,SN-38,RKO,30.53249026,0,1
1041,ABT-888,SN-38,RPMI7951,23.87063157,0,1
1042,ABT-888,SN-38,SKMEL30,29.65052395,0,1
1043,ABT-888,SN-38,SKMES1,20.08675206,0,1
1047,ABT-888,SN-38,T47D,39.83231175,0,1
1048,ABT-888,SN-38,UACC62,24.96544956,0,1
1052,ABT-888,SN-38,ZR751,-12.24364896,0,0
1053,ABT-888,SORAFENIB,A2058,36.19616521,1,1
1079,ABT-888,SORAFENIB,RKO,24.38215762,1,1
1094,ABT-888,TOPOTECAN,A375,-30.05242132,1,0
1098,ABT-888,TOPOTECAN,DLD1,-10.96641065,1,0
1099,ABT-888,TOPOTECAN,EFM192B,-16.2045174,1,0
1100,ABT-888,TOPOTECAN,ES2,-15.16316218,1,0
1102,ABT-888,TOPOTECAN,HT144,-12.71817083,1,0
1103,ABT-888,TOPOTECAN,HT29,-13.74201482,1,0
1106,ABT-888,TOPOTECAN,LOVO,-20.57774761,1,0
1109,ABT-888,TOPOTECAN,NCIH1650,-16.28525243,1,0
1111,ABT-888,TOPOTECAN,NCIH23,-13.17469848,1,0
1112,ABT-888,TOPOTECAN,NCIH460,-35.55824357,1,0
1116,ABT-888,TOPOTECAN,OVCAR3,-21.5827409,1,0
1118,ABT-888,TOPOTECAN,RKO,-12.44712596,1,0
1121,ABT-888,TOPOTECAN,SKMES1,-17.67508406,1,0
1124,ABT-888,TOPOTECAN,SW837,-13.77537319,1,0
1127,ABT-888,TOPOTECAN,UWB1289,-18.45347178,1,0
1128,ABT-888,TOPOTECAN,UWB1289BRCA1,-15.70654273,1,0
1129,ABT-888,TOPOTECAN,VCAP,-16.73042364,1,0
1144,AZD1775,ABT-888,LNCAP,-11.56591243,2,0
1163,AZD1775,ABT-888,SW837,-10.75733812,2,0
1164,AZD1775,ABT-888,T47D,-10.32331212,2,0
1166,AZD1775,ABT-888,UWB1289,60.31694066,2,1
1168,AZD1775,ABT-888,VCAP,-10.38201033,2,0
1169,AZD1775,ABT-888,ZR751,-11.19139976,2,0
1172,AZD1775,BEZ-235,A375,51.63655767,4,1
1174,AZD1775,BEZ-235,CAOV3,20.74582765,4,1
1176,AZD1775,BEZ-235,DLD1,30.50680672,4,1
1179,AZD1775,BEZ-235,HCT116,27.24417838,4,1
1180,AZD1775,BEZ-235,HT144,30.76397327,4,1
1182,AZD1775,BEZ-235,KPL1,21.91627509,4,1
1183,AZD1775,BEZ-235,LNCAP,61.89051853,4,1
1185,AZD1775,BEZ-235,MDAMB436,27.5112821,4,1
1186,AZD1775,BEZ-235,MSTO,24.1922954,4,1
1190,AZD1775,BEZ-235,NCIH460,38.21325157,4,1
1191,AZD1775,BEZ-235,NCIH520,28.82820786,4,1
1194,AZD1775,BEZ-235,OVCAR3,20.61275835,4,1
1196,AZD1775,BEZ-235,RKO,31.73685611,4,1
1199,AZD1775,BEZ-235,SKMES1,26.5938059,4,1
1200,AZD1775,BEZ-235,SKOV3,25.46992744,4,1
1202,AZD1775,BEZ-235,SW837,23.61253202,4,1
1203,AZD1775,BEZ-235,T47D,93.72819505,4,1
1204,AZD1775,BEZ-235,UACC62,23.04106128,4,1
1205,AZD1775,BEZ-235,UWB1289,78.4206107,4,1
1210,AZD1775,BORTEZOMIB,A2780,-17.55948042,2,0
1212,AZD1775,BORTEZOMIB,A427,-18.34661485,2,0
1213,AZD1775,BORTEZOMIB,CAOV3,-20.03555451,2,0
1214,AZD1775,BORTEZOMIB,COLO320DM,-34.72870023,2,0
1216,AZD1775,BORTEZOMIB,EFM192B,-10.78914679,2,0
1217,AZD1775,BORTEZOMIB,ES2,-18.64255603,2,0
1220,AZD1775,BORTEZOMIB,HT29,-18.92954483,2,0
1222,AZD1775,BORTEZOMIB,LNCAP,-11.56046415,2,0
1225,AZD1775,BORTEZOMIB,MSTO,36.59996851,2,1
1226,AZD1775,BORTEZOMIB,NCIH1650,-19.84631947,2,0
1227,AZD1775,BORTEZOMIB,NCIH2122,-16.26938113,2,0
1228,AZD1775,BORTEZOMIB,NCIH23,-18.820814,2,0
1230,AZD1775,BORTEZOMIB,NCIH520,-18.59569714,2,0
1231,AZD1775,BORTEZOMIB,OCUBM,-10.42875904,2,0
1232,AZD1775,BORTEZOMIB,OV90,-11.91326085,2,0
1233,AZD1775,BORTEZOMIB,OVCAR3,-16.93259274,2,0
1235,AZD1775,BORTEZOMIB,RKO,-12.67666435,2,0
1236,AZD1775,BORTEZOMIB,RPMI7951,-17.90369234,2,0
1237,AZD1775,BORTEZOMIB,SKMEL30,-15.70918499,2,0
1238,AZD1775,BORTEZOMIB,SKMES1,-18.74799388,2,0
1242,AZD1775,BORTEZOMIB,T47D,-16.28306878,2,0
1244,AZD1775,BORTEZOMIB,UWB1289,42.07240376,2,1
1246,AZD1775,BORTEZOMIB,VCAP,-24.43246657,2,0
1247,AZD1775,BORTEZOMIB,ZR751,-11.21496757,2,0
1248,AZD1775,DASATINIB,A2058,34.97062024,3,1
1249,AZD1775,DASATINIB,A2780,63.3161055,3,1
1250,AZD1775,DASATINIB,A375,63.34866372,3,1
1251,AZD1775,DASATINIB,A427,39.57408252,3,1
1252,AZD1775,DASATINIB,CAOV3,20.48847426,3,1
1254,AZD1775,DASATINIB,DLD1,29.602612,3,1
1256,AZD1775,DASATINIB,ES2,26.52038427,3,1
1257,AZD1775,DASATINIB,HCT116,28.47729987,3,1
1260,AZD1775,DASATINIB,KPL1,35.72886618,3,1
1261,AZD1775,DASATINIB,LNCAP,24.71473218,3,1
1262,AZD1775,DASATINIB,LOVO,25.42571635,3,1
1263,AZD1775,DASATINIB,MDAMB436,39.31007727,3,1
1264,AZD1775,DASATINIB,MSTO,56.50941313,3,1
1265,AZD1775,DASATINIB,NCIH1650,29.30647219,3,1
1266,AZD1775,DASATINIB,NCIH2122,-29.14558342,3,0
1267,AZD1775,DASATINIB,NCIH23,39.04268663,3,1
1268,AZD1775,DASATINIB,NCIH460,24.67543309,3,1
1269,AZD1775,DASATINIB,NCIH520,42.09049498,3,1
1270,AZD1775,DASATINIB,OCUBM,22.34062331,3,1
1271,AZD1775,DASATINIB,OV90,25.65497092,3,1
1272,AZD1775,DASATINIB,OVCAR3,52.799135,3,1
1274,AZD1775,DASATINIB,RKO,41.91153524,3,1
1279,AZD1775,DASATINIB,SW620,64.27435309,3,1
1280,AZD1775,DASATINIB,SW837,37.53767894,3,1
1282,AZD1775,DASATINIB,UACC62,29.47712099,3,1
1283,AZD1775,DASATINIB,UWB1289,36.84844558,3,1
1285,AZD1775,DASATINIB,VCAP,20.51484393,3,1
1286,AZD1775,DASATINIB,ZR751,-23.97165911,3,0
1287,AZD1775,DINACICLIB,A2058,-12.36585978,0,0
1290,AZD1775,DINACICLIB,A427,-11.37380434,0,0
1291,AZD1775,DINACICLIB,CAOV3,-21.76145014,0,0
1301,AZD1775,DINACICLIB,LOVO,-15.35342803,0,0
1305,AZD1775,DINACICLIB,NCIH2122,-11.4558726,0,0
1306,AZD1775,DINACICLIB,NCIH23,-24.27417292,0,0
1310,AZD1775,DINACICLIB,OV90,-17.31290487,0,0
1312,AZD1775,DINACICLIB,PA1,-10.04035301,0,0
1316,AZD1775,DINACICLIB,SKMES1,-18.11300988,0,0
1322,AZD1775,DINACICLIB,UWB1289,40.73011269,0,1
1323,AZD1775,DINACICLIB,UWB1289BRCA1,-10.32750257,0,0
1324,AZD1775,DINACICLIB,VCAP,-27.30666551,0,0
1325,AZD1775,DINACICLIB,ZR751,-14.95849747,0,0
1330,AZD1775,ERLOTINIB,CAOV3,23.63531282,3,1
1358,AZD1775,ERLOTINIB,SW837,26.33971849,3,1
1361,AZD1775,ERLOTINIB,UWB1289,71.36218648,3,1
1381,AZD1775,GELDANAMYCIN,MSTO,-14.8467137,1,0
1383,AZD1775,GELDANAMYCIN,NCIH2122,-11.43914148,1,0
1384,AZD1775,GELDANAMYCIN,NCIH23,-19.31689367,1,0
1388,AZD1775,GELDANAMYCIN,OV90,-16.49296861,1,0
1389,AZD1775,GELDANAMYCIN,OVCAR3,-23.09594295,1,0
1392,AZD1775,GELDANAMYCIN,RPMI7951,-10.08765428,1,0
1398,AZD1775,GELDANAMYCIN,T47D,-15.83642827,1,0
1400,AZD1775,GELDANAMYCIN,UWB1289,82.13340905,1,1
1402,AZD1775,GELDANAMYCIN,VCAP,-20.01642439,1,0
1403,AZD1775,GELDANAMYCIN,ZR751,-12.46712116,1,0
1406,AZD1775,LAPATINIB,A375,21.2157936,3,1
1408,AZD1775,LAPATINIB,CAOV3,29.90778381,3,1
1411,AZD1775,LAPATINIB,EFM192B,22.88571593,3,1
1417,AZD1775,LAPATINIB,LNCAP,-12.22936762,3,0
1418,AZD1775,LAPATINIB,LOVO,23.42830874,3,1
1436,AZD1775,LAPATINIB,SW837,33.69723988,3,1
1438,AZD1775,LAPATINIB,UACC62,22.17051952,3,1
1439,AZD1775,LAPATINIB,UWB1289,83.04565373,3,1
1442,AZD1775,LAPATINIB,ZR751,-12.03149739,3,0
1444,AZD1775,MK-2206,A2780,21.08159858,4,1
1445,AZD1775,MK-2206,A375,22.7261358,4,1
1447,AZD1775,MK-2206,CAOV3,23.94126471,4,1
1449,AZD1775,MK-2206,DLD1,29.23708726,4,1
1455,AZD1775,MK-2206,KPL1,27.62449166,4,1
1472,AZD1775,MK-2206,SKMES1,29.43976676,4,1
1473,AZD1775,MK-2206,SKOV3,28.77331594,4,1
1475,AZD1775,MK-2206,SW837,20.6844303,4,1
1478,AZD1775,MK-2206,UWB1289,94.88728323,4,1
1482,AZD1775,MK-4827,A2058,32.76872947,1,1
1484,AZD1775,MK-4827,A375,20.43024601,1,1
1499,AZD1775,MK-4827,NCIH1650,22.48071637,1,1
1500,AZD1775,MK-4827,NCIH2122,25.08213802,1,1
1504,AZD1775,MK-4827,OCUBM,73.21985334,1,1
1506,AZD1775,MK-4827,OVCAR3,60.0744133,1,1
1507,AZD1775,MK-4827,PA1,31.75829571,1,1
1516,AZD1775,MK-4827,UACC62,21.79819028,1,1
1517,AZD1775,MK-4827,UWB1289,66.35613169,1,1
1518,AZD1775,MK-4827,UWB1289BRCA1,-11.27183824,1,0
1539,AZD1775,MK-5108,NCIH2122,-15.78427287,0,0
1551,AZD1775,MK-5108,SKOV3,23.42185222,0,1
1556,AZD1775,MK-5108,UWB1289,65.6475366,0,1
1560,AZD1775,MK-8669,A2058,38.93836298,4,1
1561,AZD1775,MK-8669,A2780,26.15576468,4,1
1562,AZD1775,MK-8669,A375,42.60021913,4,1
1563,AZD1775,MK-8669,A427,28.16870642,4,1
1564,AZD1775,MK-8669,CAOV3,21.90470536,4,1
1566,AZD1775,MK-8669,DLD1,27.91268345,4,1
1567,AZD1775,MK-8669,EFM192B,31.41552695,4,1
1568,AZD1775,MK-8669,ES2,30.71813145,4,1
1570,AZD1775,MK-8669,HT144,20.25239339,4,1
1571,AZD1775,MK-8669,HT29,22.90490363,4,1
1572,AZD1775,MK-8669,KPL1,32.90502518,4,1
1573,AZD1775,MK-8669,LNCAP,24.31792545,4,1
1575,AZD1775,MK-8669,MDAMB436,20.28457326,4,1
1576,AZD1775,MK-8669,MSTO,27.456432,4,1
1577,AZD1775,MK-8669,NCIH1650,36.96883119,4,1
1579,AZD1775,MK-8669,NCIH23,20.04664176,4,1
1582,AZD1775,MK-8669,OCUBM,34.18528448,4,1
1584,AZD1775,MK-8669,OVCAR3,25.80012437,4,1
1585,AZD1775,MK-8669,PA1,30.80415567,4,1
1586,AZD1775,MK-8669,RKO,29.01960223,4,1
1587,AZD1775,MK-8669,RPMI7951,33.03589298,4,1
1588,AZD1775,MK-8669,SKMEL30,29.84403079,4,1
1589,AZD1775,MK-8669,SKMES1,20.83918079,4,1
1590,AZD1775,MK-8669,SKOV3,46.2955311,4,1
1592,AZD1775,MK-8669,SW837,23.9856736,4,1
1593,AZD1775,MK-8669,T47D,28.9104439,4,1
1594,AZD1775,MK-8669,UACC62,31.87602611,4,1
1595,AZD1775,MK-8669,UWB1289,97.70362184,4,1
1599,AZD1775,MK-8776,A2058,69.5765509,3,1
1600,AZD1775,MK-8776,A2780,54.0791044,3,1
1601,AZD1775,MK-8776,A375,66.96858448,3,1
1602,AZD1775,MK-8776,A427,67.36023191,3,1
1603,AZD1775,MK-8776,CAOV3,21.04345891,3,1
1604,AZD1775,MK-8776,COLO320DM,35.95576605,3,1
1606,AZD1775,MK-8776,EFM192B,42.03556396,3,1
1607,AZD1775,MK-8776,ES2,42.84875816,3,1
1608,AZD1775,MK-8776,HCT116,48.56639788,3,1
1609,AZD1775,MK-8776,HT144,45.71018599,3,1
1610,AZD1775,MK-8776,HT29,57.15392118,3,1
1613,AZD1775,MK-8776,LOVO,26.6490564,3,1
1614,AZD1775,MK-8776,MDAMB436,47.22748984,3,1
1615,AZD1775,MK-8776,MSTO,42.8606636,3,1
1616,AZD1775,MK-8776,NCIH1650,42.51019114,3,1
1617,AZD1775,MK-8776,NCIH2122,27.20682943,3,1
1618,AZD1775,MK-8776,NCIH23,39.39731819,3,1
1619,AZD1775,MK-8776,NCIH460,33.94350197,3,1
1620,AZD1775,MK-8776,NCIH520,40.75548759,3,1
1621,AZD1775,MK-8776,OCUBM,65.90411961,3,1
1622,AZD1775,MK-8776,OV90,32.25263687,3,1
1623,AZD1775,MK-8776,OVCAR3,42.41436244,3,1
1624,AZD1775,MK-8776,PA1,40.86023862,3,1
1625,AZD1775,MK-8776,RKO,58.45222688,3,1
1626,AZD1775,MK-8776,RPMI7951,32.4372578,3,1
1627,AZD1775,MK-8776,SKMEL30,64.51711716,3,1
1629,AZD1775,MK-8776,SKOV3,63.47893218,3,1
1630,AZD1775,MK-8776,SW620,22.60206325,3,1
1631,AZD1775,MK-8776,SW837,28.51830428,3,1
1633,AZD1775,MK-8776,UACC62,43.18698553,3,1
1634,AZD1775,MK-8776,UWB1289,29.42135148,3,1
1636,AZD1775,MK-8776,VCAP,78.22509908,3,1
1637,AZD1775,MK-8776,ZR751,36.01811775,3,1
1657,AZD1775,OXALIPLATIN,NCIH23,-10.94954528,1,0
1658,AZD1775,OXALIPLATIN,NCIH460,-11.92482495,1,0
1659,AZD1775,OXALIPLATIN,NCIH520,-10.10476018,1,0
1661,AZD1775,OXALIPLATIN,OV90,-21.61671093,1,0
1662,AZD1775,OXALIPLATIN,OVCAR3,21.20388388,1,1
1664,AZD1775,OXALIPLATIN,RKO,-12.13394841,1,0
1673,AZD1775,OXALIPLATIN,UWB1289,58.5643853,1,1
1675,AZD1775,OXALIPLATIN,VCAP,-10.10762358,1,0
1678,AZD1775,PD325901,A2780,28.30699896,4,1
1680,AZD1775,PD325901,A427,21.85626393,4,1
1681,AZD1775,PD325901,CAOV3,21.00331807,4,1
1687,AZD1775,PD325901,HT144,22.54632447,4,1
1690,AZD1775,PD325901,LNCAP,-22.34432496,4,0
1701,AZD1775,PD325901,OVCAR3,23.29676448,4,1
1703,AZD1775,PD325901,RKO,24.39642072,4,1
1712,AZD1775,PD325901,UWB1289,98.87860425,4,1
1733,AZD1775,SN-38,NCIH1650,21.22512843,0,1
1734,AZD1775,SN-38,NCIH2122,-80.17199576,0,0
1740,AZD1775,SN-38,OVCAR3,66.72317518,0,1
1741,AZD1775,SN-38,PA1,21.1544437,0,1
1742,AZD1775,SN-38,RKO,-11.98206191,0,0
1749,AZD1775,SN-38,T47D,-18.69047823,0,0
1751,AZD1775,SN-38,UWB1289,58.97709162,0,1
1774,AZD1775,SORAFENIB,NCIH23,-10.55821782,1,0
1779,AZD1775,SORAFENIB,OVCAR3,-17.3878998,1,0
1792,AZD1775,SORAFENIB,VCAP,-20.82927107,1,0
1793,AZD1775,SORAFENIB,ZR751,-15.88240417,1,0
1807,AZD1775,TOPOTECAN,LNCAP,-94.59775759,3,0
1814,AZD1775,TOPOTECAN,NCIH460,-17.06965137,3,0
1818,AZD1775,TOPOTECAN,OVCAR3,40.6440856,3,1
1823,AZD1775,TOPOTECAN,SKMES1,-11.42575829,3,0
1838,BEZ-235,DINACICLIB,COLO320DM,28.29835933,0,1
1846,BEZ-235,DINACICLIB,LNCAP,23.10043252,0,1
1863,BEZ-235,DINACICLIB,SKOV3,-15.47790974,0,0
1866,BEZ-235,DINACICLIB,T47D,90.99144315,0,1
1872,BEZ-235,MK-8776,A2058,65.61573897,2,1
1873,BEZ-235,MK-8776,A2780,29.54217132,2,1
1874,BEZ-235,MK-8776,A375,84.87796409,2,1
1875,BEZ-235,MK-8776,A427,36.46922909,2,1
1876,BEZ-235,MK-8776,CAOV3,37.37857369,2,1
1877,BEZ-235,MK-8776,COLO320DM,20.16059975,2,1
1880,BEZ-235,MK-8776,ES2,43.08752858,2,1
1881,BEZ-235,MK-8776,HCT116,24.48141098,2,1
1882,BEZ-235,MK-8776,HT144,-140.3657077,2,0
1883,BEZ-235,MK-8776,HT29,29.98637422,2,1
1885,BEZ-235,MK-8776,LNCAP,-109.2773148,2,0
1886,BEZ-235,MK-8776,LOVO,22.42661342,2,1
1887,BEZ-235,MK-8776,MDAMB436,36.99710833,2,1
1888,BEZ-235,MK-8776,MSTO,23.47580691,2,1
1892,BEZ-235,MK-8776,NCIH460,41.27199381,2,1
1893,BEZ-235,MK-8776,NCIH520,22.6156485,2,1
1894,BEZ-235,MK-8776,OCUBM,22.78048997,2,1
1897,BEZ-235,MK-8776,PA1,28.80762531,2,1
1898,BEZ-235,MK-8776,RKO,67.46701741,2,1
1900,BEZ-235,MK-8776,SKMEL30,39.1988903,2,1
1904,BEZ-235,MK-8776,SW837,-166.377562,2,0
1905,BEZ-235,MK-8776,T47D,103.9669876,2,1
1906,BEZ-235,MK-8776,UACC62,25.67113205,2,1
1907,BEZ-235,MK-8776,UWB1289,-17.58187181,2,0
1908,BEZ-235,MK-8776,UWB1289BRCA1,-18.52757591,2,0
1909,BEZ-235,MK-8776,VCAP,27.20109148,2,1
1911,BEZ-235,OXALIPLATIN,A2058,21.65041086,3,1
1923,BEZ-235,OXALIPLATIN,KPL1,25.76991298,3,1
1924,BEZ-235,OXALIPLATIN,LNCAP,26.38274607,3,1
1926,BEZ-235,OXALIPLATIN,MDAMB436,21.49017978,3,1
1939,BEZ-235,OXALIPLATIN,SKMEL30,20.91797164,3,1
1944,BEZ-235,OXALIPLATIN,T47D,87.76943271,3,1
1952,BEZ-235,SN-38,A375,29.91150099,4,1
1955,BEZ-235,SN-38,COLO320DM,27.15245122,4,1
1956,BEZ-235,SN-38,DLD1,23.69585361,4,1
1960,BEZ-235,SN-38,HT144,28.44695134,4,1
1962,BEZ-235,SN-38,KPL1,30.14680216,4,1
1963,BEZ-235,SN-38,LNCAP,82.50811929,4,1
1965,BEZ-235,SN-38,MDAMB436,20.69512266,4,1
1966,BEZ-235,SN-38,MSTO,22.36229625,4,1
1970,BEZ-235,SN-38,NCIH460,39.22686474,4,1
1971,BEZ-235,SN-38,NCIH520,23.76332807,4,1
1974,BEZ-235,SN-38,OVCAR3,20.49194585,4,1
1978,BEZ-235,SN-38,SKMEL30,22.03630487,4,1
1979,BEZ-235,SN-38,SKMES1,24.81227003,4,1
1983,BEZ-235,SN-38,T47D,33.15341607,4,1
1986,BEZ-235,SN-38,UWB1289BRCA1,28.1810776,4,1
1987,BEZ-235,SN-38,VCAP,20.2200498,4,1
1988,BEZ-235,SN-38,ZR751,23.48443944,4,1
1992,BEZ-235,SORAFENIB,A427,20.93287603,1,1
1998,BEZ-235,SORAFENIB,HCT116,22.02832984,1,1
2002,BEZ-235,SORAFENIB,LNCAP,22.33933886,1,1
2022,BEZ-235,SORAFENIB,T47D,36.98789056,1,1
2032,BORTEZOMIB,ABT-888,CAOV3,28.91084263,2,1
2033,BORTEZOMIB,ABT-888,COLO320DM,-13.57683179,2,0
2039,BORTEZOMIB,ABT-888,HT29,-15.42171027,2,0
2045,BORTEZOMIB,ABT-888,NCIH1650,-11.33553539,2,0
2049,BORTEZOMIB,ABT-888,NCIH520,-21.12397099,2,0
2060,BORTEZOMIB,ABT-888,SW837,-11.22651581,2,0
2061,BORTEZOMIB,ABT-888,T47D,-18.76073137,2,0
2063,BORTEZOMIB,ABT-888,UWB1289,-11.61664795,2,0
2066,BORTEZOMIB,ABT-888,ZR751,-21.03920298,2,0
2069,BORTEZOMIB,BEZ-235,A375,20.49768574,2,1
2080,BORTEZOMIB,BEZ-235,LNCAP,71.13581489,2,1
2081,BORTEZOMIB,BEZ-235,LOVO,21.58994155,2,1
2083,BORTEZOMIB,BEZ-235,MSTO,72.65026596,2,1
2084,BORTEZOMIB,BEZ-235,NCIH1650,-11.10806125,2,0
2087,BORTEZOMIB,BEZ-235,NCIH460,21.67089907,2,1
2088,BORTEZOMIB,BEZ-235,NCIH520,-20.11544403,2,0
2099,BORTEZOMIB,BEZ-235,SW837,27.78943825,2,1
2100,BORTEZOMIB,BEZ-235,T47D,87.02122222,2,1
2102,BORTEZOMIB,BEZ-235,UWB1289,-11.45222996,2,0
2106,BORTEZOMIB,DASATINIB,A2058,21.6596544,2,1
2107,BORTEZOMIB,DASATINIB,A2780,27.35302788,2,1
2108,BORTEZOMIB,DASATINIB,A375,24.4102755,2,1
2111,BORTEZOMIB,DASATINIB,COLO320DM,-11.53186418,2,0
2113,BORTEZOMIB,DASATINIB,EFM192B,20.73739241,2,1
2116,BORTEZOMIB,DASATINIB,HT144,-13.58574463,2,0
2118,BORTEZOMIB,DASATINIB,KPL1,28.20252476,2,1
2119,BORTEZOMIB,DASATINIB,LNCAP,-24.84117669,2,0
2120,BORTEZOMIB,DASATINIB,LOVO,38.26264078,2,1
2122,BORTEZOMIB,DASATINIB,MSTO,101.8360377,2,1
2124,BORTEZOMIB,DASATINIB,NCIH2122,-44.78519575,2,0
2125,BORTEZOMIB,DASATINIB,NCIH23,-203.7000358,2,0
2126,BORTEZOMIB,DASATINIB,NCIH460,36.82935113,2,1
2129,BORTEZOMIB,DASATINIB,OV90,-12.67982596,2,0
2130,BORTEZOMIB,DASATINIB,OVCAR3,25.33053402,2,1
2134,BORTEZOMIB,DASATINIB,SKMEL30,-11.63233672,2,0
2135,BORTEZOMIB,DASATINIB,SKMES1,-10.15485192,2,0
2136,BORTEZOMIB,DASATINIB,SKOV3,-16.71126553,2,0
2137,BORTEZOMIB,DASATINIB,SW620,20.41344681,2,1
2138,BORTEZOMIB,DASATINIB,SW837,26.88470633,2,1
2141,BORTEZOMIB,DASATINIB,UWB1289,-17.29039914,2,0
2144,BORTEZOMIB,DASATINIB,ZR751,39.53908878,2,1
2145,BORTEZOMIB,DINACICLIB,A2058,-20.0646923,1,0
2146,BORTEZOMIB,DINACICLIB,A2780,-27.63468162,1,0
2148,BORTEZOMIB,DINACICLIB,A427,-13.08659913,1,0
2149,BORTEZOMIB,DINACICLIB,CAOV3,-23.1522558,1,0
2150,BORTEZOMIB,DINACICLIB,COLO320DM,-35.61378794,1,0
2152,BORTEZOMIB,DINACICLIB,EFM192B,-17.77242153,1,0
2153,BORTEZOMIB,DINACICLIB,ES2,-29.55305764,1,0
2154,BORTEZOMIB,DINACICLIB,HCT116,-23.24848597,1,0
2155,BORTEZOMIB,DINACICLIB,HT144,-18.78198328,1,0
2156,BORTEZOMIB,DINACICLIB,HT29,-20.60522746,1,0
2158,BORTEZOMIB,DINACICLIB,LNCAP,-10.75062215,1,0
2159,BORTEZOMIB,DINACICLIB,LOVO,-16.74289563,1,0
2160,BORTEZOMIB,DINACICLIB,MDAMB436,-21.86566212,1,0
2161,BORTEZOMIB,DINACICLIB,MSTO,-10.37374052,1,0
2162,BORTEZOMIB,DINACICLIB,NCIH1650,-36.35803272,1,0
2163,BORTEZOMIB,DINACICLIB,NCIH2122,-25.36699326,1,0
2164,BORTEZOMIB,DINACICLIB,NCIH23,-21.38269258,1,0
2165,BORTEZOMIB,DINACICLIB,NCIH460,-24.29165293,1,0
2166,BORTEZOMIB,DINACICLIB,NCIH520,-42.04754365,1,0
2168,BORTEZOMIB,DINACICLIB,OV90,-28.66736455,1,0
2169,BORTEZOMIB,DINACICLIB,OVCAR3,-29.3334622,1,0
2170,BORTEZOMIB,DINACICLIB,PA1,-17.48055749,1,0
2171,BORTEZOMIB,DINACICLIB,RKO,-17.38781674,1,0
2172,BORTEZOMIB,DINACICLIB,RPMI7951,-10.20828102,1,0
2173,BORTEZOMIB,DINACICLIB,SKMEL30,-11.61182111,1,0
2174,BORTEZOMIB,DINACICLIB,SKMES1,-33.42437027,1,0
2175,BORTEZOMIB,DINACICLIB,SKOV3,-32.0419469,1,0
2176,BORTEZOMIB,DINACICLIB,SW620,-17.56227003,1,0
2177,BORTEZOMIB,DINACICLIB,SW837,-33.78299517,1,0
2178,BORTEZOMIB,DINACICLIB,T47D,-30.84448292,1,0
2179,BORTEZOMIB,DINACICLIB,UACC62,-20.94367758,1,0
2180,BORTEZOMIB,DINACICLIB,UWB1289,-38.93730384,1,0
2181,BORTEZOMIB,DINACICLIB,UWB1289BRCA1,-21.87318412,1,0
2182,BORTEZOMIB,DINACICLIB,VCAP,-21.60681736,1,0
2183,BORTEZOMIB,DINACICLIB,ZR751,-28.27517706,1,0
2184,BORTEZOMIB,GELDANAMYCIN,A2058,-12.34475241,4,0
2185,BORTEZOMIB,GELDANAMYCIN,A2780,-17.02476713,4,0
2188,BORTEZOMIB,GELDANAMYCIN,CAOV3,-20.85491468,4,0
2191,BORTEZOMIB,GELDANAMYCIN,EFM192B,-15.58675869,4,0
2194,BORTEZOMIB,GELDANAMYCIN,HT144,-13.74556196,4,0
2195,BORTEZOMIB,GELDANAMYCIN,HT29,-30.91418954,4,0
2196,BORTEZOMIB,GELDANAMYCIN,KPL1,-13.38945178,4,0
2200,BORTEZOMIB,GELDANAMYCIN,MSTO,50.83693548,4,1
2201,BORTEZOMIB,GELDANAMYCIN,NCIH1650,-35.69315773,4,0
2202,BORTEZOMIB,GELDANAMYCIN,NCIH2122,-25.06318521,4,0
2203,BORTEZOMIB,GELDANAMYCIN,NCIH23,-41.08430335,4,0
2204,BORTEZOMIB,GELDANAMYCIN,NCIH460,-19.40727362,4,0
2205,BORTEZOMIB,GELDANAMYCIN,NCIH520,-56.43622674,4,0
2207,BORTEZOMIB,GELDANAMYCIN,OV90,-24.82392367,4,0
2208,BORTEZOMIB,GELDANAMYCIN,OVCAR3,-36.85741473,4,0
2213,BORTEZOMIB,GELDANAMYCIN,SKMES1,-35.14950673,4,0
2215,BORTEZOMIB,GELDANAMYCIN,SW620,-20.84675917,4,0
2216,BORTEZOMIB,GELDANAMYCIN,SW837,-33.36509163,4,0
2217,BORTEZOMIB,GELDANAMYCIN,T47D,-54.25105653,4,0
2218,BORTEZOMIB,GELDANAMYCIN,UACC62,-45.52184568,4,0
2219,BORTEZOMIB,GELDANAMYCIN,UWB1289,-55.58412712,4,0
2220,BORTEZOMIB,GELDANAMYCIN,UWB1289BRCA1,-28.52349051,4,0
2222,BORTEZOMIB,GELDANAMYCIN,ZR751,-65.75981373,4,0
2225,BORTEZOMIB,MK-8669,A375,-23.32659332,1,0
2228,BORTEZOMIB,MK-8669,COLO320DM,-17.34464319,1,0
2233,BORTEZOMIB,MK-8669,HT144,-11.57656028,1,0
2234,BORTEZOMIB,MK-8669,HT29,-16.90233122,1,0
2235,BORTEZOMIB,MK-8669,KPL1,34.40381568,1,1
2237,BORTEZOMIB,MK-8669,LOVO,20.47515367,1,1
2239,BORTEZOMIB,MK-8669,MSTO,114.1798682,1,1
2240,BORTEZOMIB,MK-8669,NCIH1650,-12.13689924,1,0
2241,BORTEZOMIB,MK-8669,NCIH2122,37.59401095,1,1
2244,BORTEZOMIB,MK-8669,NCIH520,-26.76576926,1,0
2252,BORTEZOMIB,MK-8669,SKMES1,-13.9048135,1,0
2256,BORTEZOMIB,MK-8669,T47D,-11.06971667,1,0
2257,BORTEZOMIB,MK-8669,UACC62,-13.51387453,1,0
2258,BORTEZOMIB,MK-8669,UWB1289,-15.07240688,1,0
2263,BORTEZOMIB,MK-8776,A2780,-12.22617953,3,0
2266,BORTEZOMIB,MK-8776,CAOV3,-15.75781949,3,0
2267,BORTEZOMIB,MK-8776,COLO320DM,-29.64125734,3,0
2270,BORTEZOMIB,MK-8776,ES2,-33.73188195,3,0
2272,BORTEZOMIB,MK-8776,HT144,-167.5247327,3,0
2273,BORTEZOMIB,MK-8776,HT29,-18.4238796,3,0
2275,BORTEZOMIB,MK-8776,LNCAP,-181.2876039,3,0
2278,BORTEZOMIB,MK-8776,MSTO,25.58225158,3,1
2279,BORTEZOMIB,MK-8776,NCIH1650,-22.29307766,3,0
2280,BORTEZOMIB,MK-8776,NCIH2122,-44.45731987,3,0
2281,BORTEZOMIB,MK-8776,NCIH23,-18.10129902,3,0
2283,BORTEZOMIB,MK-8776,NCIH520,-26.96549692,3,0
2285,BORTEZOMIB,MK-8776,OV90,-15.86483071,3,0
2286,BORTEZOMIB,MK-8776,OVCAR3,-15.33051891,3,0
2289,BORTEZOMIB,MK-8776,RPMI7951,-22.10843367,3,0
2290,BORTEZOMIB,MK-8776,SKMEL30,-11.38392655,3,0
2291,BORTEZOMIB,MK-8776,SKMES1,-29.32207731,3,0
2292,BORTEZOMIB,MK-8776,SKOV3,-16.16944838,3,0
2294,BORTEZOMIB,MK-8776,SW837,-194.361426,3,0
2296,BORTEZOMIB,MK-8776,UACC62,-14.22081134,3,0
2297,BORTEZOMIB,MK-8776,UWB1289,-26.30370985,3,0
2298,BORTEZOMIB,MK-8776,UWB1289BRCA1,-30.67570713,3,0
2300,BORTEZOMIB,MK-8776,ZR751,-25.92906309,3,0
2302,BORTEZOMIB,OXALIPLATIN,A2780,-17.15707226,2,0
2303,BORTEZOMIB,OXALIPLATIN,A375,-14.39687901,2,0
2304,BORTEZOMIB,OXALIPLATIN,A427,-20.66192282,2,0
2305,BORTEZOMIB,OXALIPLATIN,CAOV3,-35.32046491,2,0
2308,BORTEZOMIB,OXALIPLATIN,EFM192B,-10.91323151,2,0
2309,BORTEZOMIB,OXALIPLATIN,ES2,-18.17370489,2,0
2314,BORTEZOMIB,OXALIPLATIN,LNCAP,-38.45014756,2,0
2315,BORTEZOMIB,OXALIPLATIN,LOVO,-12.43250146,2,0
2317,BORTEZOMIB,OXALIPLATIN,MSTO,57.34722023,2,1
2318,BORTEZOMIB,OXALIPLATIN,NCIH1650,-19.20901352,2,0
2320,BORTEZOMIB,OXALIPLATIN,NCIH23,-16.01517651,2,0
2321,BORTEZOMIB,OXALIPLATIN,NCIH460,-32.03863619,2,0
2322,BORTEZOMIB,OXALIPLATIN,NCIH520,-25.48082813,2,0
2324,BORTEZOMIB,OXALIPLATIN,OV90,-21.923979,2,0
2326,BORTEZOMIB,OXALIPLATIN,PA1,-32.6864961,2,0
2328,BORTEZOMIB,OXALIPLATIN,RPMI7951,-26.00293045,2,0
2330,BORTEZOMIB,OXALIPLATIN,SKMES1,-34.93898042,2,0
2334,BORTEZOMIB,OXALIPLATIN,T47D,-37.74654365,2,0
2335,BORTEZOMIB,OXALIPLATIN,UACC62,-10.81822536,2,0
2336,BORTEZOMIB,OXALIPLATIN,UWB1289,-20.78255547,2,0
2339,BORTEZOMIB,OXALIPLATIN,ZR751,-30.64873194,2,0
2340,BORTEZOMIB,SN-38,A2058,28.09286244,2,1
2341,BORTEZOMIB,SN-38,A2780,-22.74125359,2,0
2342,BORTEZOMIB,SN-38,A375,26.75478809,2,1
2344,BORTEZOMIB,SN-38,CAOV3,-36.21089519,2,0
2348,BORTEZOMIB,SN-38,ES2,-27.17578999,2,0
2351,BORTEZOMIB,SN-38,HT29,-22.62474929,2,0
2356,BORTEZOMIB,SN-38,MSTO,64.75092073,2,1
2357,BORTEZOMIB,SN-38,NCIH1650,-17.35480308,2,0
2361,BORTEZOMIB,SN-38,NCIH520,-36.06637464,2,0
2363,BORTEZOMIB,SN-38,OV90,-23.92654268,2,0
2365,BORTEZOMIB,SN-38,PA1,-22.38778664,2,0
2367,BORTEZOMIB,SN-38,RPMI7951,-14.95782149,2,0
2368,BORTEZOMIB,SN-38,SKMEL30,-13.02435125,2,0
2369,BORTEZOMIB,SN-38,SKMES1,-10.95026714,2,0
2370,BORTEZOMIB,SN-38,SKOV3,-11.00320161,2,0
2373,BORTEZOMIB,SN-38,T47D,-11.05282061,2,0
2374,BORTEZOMIB,SN-38,UACC62,-12.11596686,2,0
2375,BORTEZOMIB,SN-38,UWB1289,-23.34921213,2,0
2383,BORTEZOMIB,SORAFENIB,CAOV3,-32.20388168,1,0
2384,BORTEZOMIB,SORAFENIB,COLO320DM,-19.26735704,1,0
2386,BORTEZOMIB,SORAFENIB,EFM192B,-11.9380773,1,0
2387,BORTEZOMIB,SORAFENIB,ES2,-23.74510742,1,0
2390,BORTEZOMIB,SORAFENIB,HT29,-14.24369719,1,0
2393,BORTEZOMIB,SORAFENIB,LOVO,-12.18622651,1,0
2394,BORTEZOMIB,SORAFENIB,MDAMB436,-16.92885239,1,0
2395,BORTEZOMIB,SORAFENIB,MSTO,-20.90589063,1,0
2396,BORTEZOMIB,SORAFENIB,NCIH1650,-11.89760523,1,0
2397,BORTEZOMIB,SORAFENIB,NCIH2122,-14.79454224,1,0
2398,BORTEZOMIB,SORAFENIB,NCIH23,-10.49909452,1,0
2400,BORTEZOMIB,SORAFENIB,NCIH520,-21.3325054,1,0
2402,BORTEZOMIB,SORAFENIB,OV90,-12.67239461,1,0
2403,BORTEZOMIB,SORAFENIB,OVCAR3,-27.50875818,1,0
2404,BORTEZOMIB,SORAFENIB,PA1,-10.66376469,1,0
2406,BORTEZOMIB,SORAFENIB,RPMI7951,-20.15788074,1,0
2408,BORTEZOMIB,SORAFENIB,SKMES1,-18.67537574,1,0
2413,BORTEZOMIB,SORAFENIB,UACC62,-11.40104496,1,0
2416,BORTEZOMIB,SORAFENIB,VCAP,-20.68077486,1,0
2417,BORTEZOMIB,SORAFENIB,ZR751,-27.04694572,1,0
2418,BORTEZOMIB,TOPOTECAN,A2058,-12.18818438,3,0
2420,BORTEZOMIB,TOPOTECAN,A375,-52.78331514,3,0
2423,BORTEZOMIB,TOPOTECAN,COLO320DM,-11.96534425,3,0
2425,BORTEZOMIB,TOPOTECAN,EFM192B,-23.44329872,3,0
2426,BORTEZOMIB,TOPOTECAN,ES2,-21.45833034,3,0
2429,BORTEZOMIB,TOPOTECAN,HT29,-18.18157992,3,0
2431,BORTEZOMIB,TOPOTECAN,LNCAP,-16.8464289,3,0
2434,BORTEZOMIB,TOPOTECAN,MSTO,21.76637409,3,1
2435,BORTEZOMIB,TOPOTECAN,NCIH1650,-37.35306375,3,0
2437,BORTEZOMIB,TOPOTECAN,NCIH23,-17.17711556,3,0
2438,BORTEZOMIB,TOPOTECAN,NCIH460,-33.81974983,3,0
2439,BORTEZOMIB,TOPOTECAN,NCIH520,-22.45005136,3,0
2441,BORTEZOMIB,TOPOTECAN,OV90,-12.20427248,3,0
2442,BORTEZOMIB,TOPOTECAN,OVCAR3,-15.35002177,3,0
2443,BORTEZOMIB,TOPOTECAN,PA1,-13.78759597,3,0
2447,BORTEZOMIB,TOPOTECAN,SKMES1,-28.94272555,3,0
2448,BORTEZOMIB,TOPOTECAN,SKOV3,-10.78558961,3,0
2455,BORTEZOMIB,TOPOTECAN,VCAP,-13.31920317,3,0
2456,BORTEZOMIB,TOPOTECAN,ZR751,-22.41353036,3,0
2470,CARBOPLATIN,ABT-888,LNCAP,-27.49041399,1,0
2479,CARBOPLATIN,ABT-888,OCUBM,39.46694008,1,1
2481,CARBOPLATIN,ABT-888,OVCAR3,-14.53498044,1,0
2483,CARBOPLATIN,ABT-888,RKO,30.1128109,1,1
2484,CARBOPLATIN,ABT-888,RPMI7951,-12.84212961,1,0
2490,CARBOPLATIN,ABT-888,T47D,-72.75826409,1,0
2493,CARBOPLATIN,ABT-888,UWB1289BRCA1,-10.63142524,1,0
2513,CARBOPLATIN,AZD1775,NCIH1650,20.60543285,0,1
2520,CARBOPLATIN,AZD1775,OVCAR3,43.82447818,0,1
2531,CARBOPLATIN,AZD1775,UWB1289,70.15141306,0,1
2536,CARBOPLATIN,BEZ-235,A2780,22.40667404,2,1
2537,CARBOPLATIN,BEZ-235,A375,61.59260176,2,1
2539,CARBOPLATIN,BEZ-235,CAOV3,26.17423208,2,1
2540,CARBOPLATIN,BEZ-235,COLO320DM,27.94712378,2,1
2541,CARBOPLATIN,BEZ-235,DLD1,25.00519336,2,1
2544,CARBOPLATIN,BEZ-235,HCT116,35.44634659,2,1
2545,CARBOPLATIN,BEZ-235,HT144,26.63108275,2,1
2546,CARBOPLATIN,BEZ-235,HT29,33.24999869,2,1
2547,CARBOPLATIN,BEZ-235,KPL1,28.41849182,2,1
2548,CARBOPLATIN,BEZ-235,LNCAP,51.33644168,2,1
2549,CARBOPLATIN,BEZ-235,LOVO,30.01072674,2,1
2550,CARBOPLATIN,BEZ-235,MDAMB436,29.03134626,2,1
2552,CARBOPLATIN,BEZ-235,NCIH1650,29.91315518,2,1
2554,CARBOPLATIN,BEZ-235,NCIH23,42.18142697,2,1
2555,CARBOPLATIN,BEZ-235,NCIH460,62.99607998,2,1
2556,CARBOPLATIN,BEZ-235,NCIH520,27.23991968,2,1
2558,CARBOPLATIN,BEZ-235,OV90,26.44910871,2,1
2561,CARBOPLATIN,BEZ-235,RKO,21.67941966,2,1
2563,CARBOPLATIN,BEZ-235,SKMEL30,34.989681,2,1
2567,CARBOPLATIN,BEZ-235,SW837,27.21217509,2,1
2568,CARBOPLATIN,BEZ-235,T47D,107.9732847,2,1
2569,CARBOPLATIN,BEZ-235,UACC62,30.80556593,2,1
2571,CARBOPLATIN,BEZ-235,UWB1289BRCA1,22.74065263,2,1
2572,CARBOPLATIN,BEZ-235,VCAP,26.95615883,2,1
2574,CARBOPLATIN,BORTEZOMIB,A2058,-15.81349783,1,0
2575,CARBOPLATIN,BORTEZOMIB,A2780,-18.20108583,1,0
2576,CARBOPLATIN,BORTEZOMIB,A375,27.07714957,1,1
2578,CARBOPLATIN,BORTEZOMIB,CAOV3,-43.53796854,1,0
2581,CARBOPLATIN,BORTEZOMIB,EFM192B,-15.8477608,1,0
2582,CARBOPLATIN,BORTEZOMIB,ES2,-15.74418934,1,0
2583,CARBOPLATIN,BORTEZOMIB,HCT116,22.66750473,1,1
2585,CARBOPLATIN,BORTEZOMIB,HT29,-14.87691148,1,0
2587,CARBOPLATIN,BORTEZOMIB,LNCAP,-37.4313717,1,0
2590,CARBOPLATIN,BORTEZOMIB,MSTO,61.6441241,1,1
2591,CARBOPLATIN,BORTEZOMIB,NCIH1650,-19.43807637,1,0
2592,CARBOPLATIN,BORTEZOMIB,NCIH2122,21.12136217,1,1
2593,CARBOPLATIN,BORTEZOMIB,NCIH23,-13.66824762,1,0
2595,CARBOPLATIN,BORTEZOMIB,NCIH520,-33.80801207,1,0
2598,CARBOPLATIN,BORTEZOMIB,OVCAR3,-19.53073488,1,0
2599,CARBOPLATIN,BORTEZOMIB,PA1,-26.80019025,1,0
2600,CARBOPLATIN,BORTEZOMIB,RKO,23.93071456,1,1
2601,CARBOPLATIN,BORTEZOMIB,RPMI7951,-20.36941743,1,0
2603,CARBOPLATIN,BORTEZOMIB,SKMES1,-20.60228195,1,0
2604,CARBOPLATIN,BORTEZOMIB,SKOV3,-19.2884252,1,0
2607,CARBOPLATIN,BORTEZOMIB,T47D,-49.58871529,1,0
2608,CARBOPLATIN,BORTEZOMIB,UACC62,-10.78724735,1,0
2609,CARBOPLATIN,BORTEZOMIB,UWB1289,-36.03757421,1,0
2610,CARBOPLATIN,BORTEZOMIB,UWB1289BRCA1,-10.43453137,1,0
2611,CARBOPLATIN,BORTEZOMIB,VCAP,-10.81324567,1,0
2612,CARBOPLATIN,BORTEZOMIB,ZR751,30.4483021,1,1
2613,CARBOPLATIN,DASATINIB,A2058,36.55631235,0,1
2614,CARBOPLATIN,DASATINIB,A2780,63.0464369,0,1
2616,CARBOPLATIN,DASATINIB,A427,32.28492491,0,1
2617,CARBOPLATIN,DASATINIB,CAOV3,27.89095269,0,1
2620,CARBOPLATIN,DASATINIB,EFM192B,26.30049775,0,1
2622,CARBOPLATIN,DASATINIB,HCT116,-31.47329527,0,0
2623,CARBOPLATIN,DASATINIB,HT144,-29.28648393,0,0
2627,CARBOPLATIN,DASATINIB,LOVO,42.00388849,0,1
2628,CARBOPLATIN,DASATINIB,MDAMB436,22.76505079,0,1
2629,CARBOPLATIN,DASATINIB,MSTO,57.59637034,0,1
2630,CARBOPLATIN,DASATINIB,NCIH1650,31.87699816,0,1
2631,CARBOPLATIN,DASATINIB,NCIH2122,-68.82801598,0,0
2634,CARBOPLATIN,DASATINIB,NCIH520,37.28491173,0,1
2637,CARBOPLATIN,DASATINIB,OVCAR3,76.83615454,0,1
2638,CARBOPLATIN,DASATINIB,PA1,27.80460032,0,1
2641,CARBOPLATIN,DASATINIB,SKMEL30,-27.09030659,0,0
2646,CARBOPLATIN,DASATINIB,T47D,-33.14228116,0,0
2650,CARBOPLATIN,DASATINIB,VCAP,29.0665221,0,1
2652,CARBOPLATIN,DINACICLIB,A2058,-19.95747162,1,0
2655,CARBOPLATIN,DINACICLIB,A427,-10.53552869,1,0
2656,CARBOPLATIN,DINACICLIB,CAOV3,-24.82670415,1,0
2659,CARBOPLATIN,DINACICLIB,EFM192B,-15.91833179,1,0
2660,CARBOPLATIN,DINACICLIB,ES2,-11.29425912,1,0
2664,CARBOPLATIN,DINACICLIB,KPL1,-12.7052747,1,0
2668,CARBOPLATIN,DINACICLIB,MSTO,-15.38971734,1,0
2671,CARBOPLATIN,DINACICLIB,NCIH23,-11.78334128,1,0
2673,CARBOPLATIN,DINACICLIB,NCIH520,-17.96937542,1,0
2675,CARBOPLATIN,DINACICLIB,OV90,-18.91682886,1,0
2676,CARBOPLATIN,DINACICLIB,OVCAR3,-15.04866023,1,0
2682,CARBOPLATIN,DINACICLIB,SKOV3,-27.09062181,1,0
2684,CARBOPLATIN,DINACICLIB,SW837,-15.4178226,1,0
2685,CARBOPLATIN,DINACICLIB,T47D,-76.6840883,1,0
2688,CARBOPLATIN,DINACICLIB,UWB1289BRCA1,-10.01199663,1,0
2705,CARBOPLATIN,ERLOTINIB,LOVO,20.16588576,0,1
2707,CARBOPLATIN,ERLOTINIB,MSTO,-12.91358398,0,0
2710,CARBOPLATIN,ERLOTINIB,NCIH23,-11.59287646,0,0
2712,CARBOPLATIN,ERLOTINIB,NCIH520,-11.30191609,0,0
2714,CARBOPLATIN,ERLOTINIB,OV90,-11.56268319,0,0
2716,CARBOPLATIN,ERLOTINIB,PA1,-17.48724963,0,0
2724,CARBOPLATIN,ERLOTINIB,T47D,-27.82929323,0,0
2725,CARBOPLATIN,ERLOTINIB,UACC62,21.90614798,0,1
2728,CARBOPLATIN,ERLOTINIB,VCAP,31.53383947,0,1
2729,CARBOPLATIN,ERLOTINIB,ZR751,31.16733832,0,1
2737,CARBOPLATIN,GELDANAMYCIN,EFM192B,-14.69971241,1,0
2741,CARBOPLATIN,GELDANAMYCIN,HT29,-14.20824045,1,0
2747,CARBOPLATIN,GELDANAMYCIN,NCIH1650,-17.17816444,1,0
2748,CARBOPLATIN,GELDANAMYCIN,NCIH2122,-13.82894409,1,0
2749,CARBOPLATIN,GELDANAMYCIN,NCIH23,-14.84048435,1,0
2750,CARBOPLATIN,GELDANAMYCIN,NCIH460,-10.29219948,1,0
2753,CARBOPLATIN,GELDANAMYCIN,OV90,-11.74914405,1,0
2758,CARBOPLATIN,GELDANAMYCIN,SKMEL30,37.29371495,1,1
2760,CARBOPLATIN,GELDANAMYCIN,SKOV3,-37.33862208,1,0
2761,CARBOPLATIN,GELDANAMYCIN,SW620,-24.43476091,1,0
2762,CARBOPLATIN,GELDANAMYCIN,SW837,-20.87283103,1,0
2763,CARBOPLATIN,GELDANAMYCIN,T47D,-71.20630142,1,0
2766,CARBOPLATIN,GELDANAMYCIN,UWB1289BRCA1,-25.36372552,1,0
2768,CARBOPLATIN,GELDANAMYCIN,ZR751,-34.84951104,1,0
2776,CARBOPLATIN,L778123,EFM192B,-13.5446877,3,0
2785,CARBOPLATIN,L778123,MSTO,-17.33426569,3,0
2786,CARBOPLATIN,L778123,NCIH1650,-15.02989012,3,0
2793,CARBOPLATIN,L778123,OVCAR3,-28.37266333,3,0
2800,CARBOPLATIN,L778123,SW620,-13.83402497,3,0
2802,CARBOPLATIN,L778123,T47D,-31.79073985,3,0
2811,CARBOPLATIN,LAPATINIB,A427,-15.05626094,4,0
2821,CARBOPLATIN,LAPATINIB,LNCAP,-31.01633863,4,0
2822,CARBOPLATIN,LAPATINIB,LOVO,29.26967698,4,1
2824,CARBOPLATIN,LAPATINIB,MSTO,-22.36100988,4,0
2828,CARBOPLATIN,LAPATINIB,NCIH460,-21.721153,4,0
2831,CARBOPLATIN,LAPATINIB,OV90,-15.3343322,4,0
2832,CARBOPLATIN,LAPATINIB,OVCAR3,21.07898694,4,1
2836,CARBOPLATIN,LAPATINIB,SKMEL30,-15.19171246,4,0
2839,CARBOPLATIN,LAPATINIB,SW620,-11.09715062,4,0
2849,CARBOPLATIN,MK-2206,A375,20.22915656,4,1
2851,CARBOPLATIN,MK-2206,CAOV3,46.60076664,4,1
2854,CARBOPLATIN,MK-2206,EFM192B,-37.69588947,4,0
2856,CARBOPLATIN,MK-2206,HCT116,34.11266685,4,1
2860,CARBOPLATIN,MK-2206,LNCAP,-31.20332341,4,0
2861,CARBOPLATIN,MK-2206,LOVO,-11.79848688,4,0
2863,CARBOPLATIN,MK-2206,MSTO,-16.99096249,4,0
2869,CARBOPLATIN,MK-2206,OCUBM,-24.81371048,4,0
2871,CARBOPLATIN,MK-2206,OVCAR3,-16.21619077,4,0
2873,CARBOPLATIN,MK-2206,RKO,35.34757486,4,1
2875,CARBOPLATIN,MK-2206,SKMEL30,21.7903119,4,1
2877,CARBOPLATIN,MK-2206,SKOV3,-10.92221268,4,0
2878,CARBOPLATIN,MK-2206,SW620,21.96812448,4,1
2880,CARBOPLATIN,MK-2206,T47D,-43.91738999,4,0
2885,CARBOPLATIN,MK-2206,ZR751,-15.41671552,4,0
2892,CARBOPLATIN,MK-4827,DLD1,-10.95666922,2,0
2894,CARBOPLATIN,MK-4827,ES2,-11.78191068,2,0
2899,CARBOPLATIN,MK-4827,LNCAP,-12.05081525,2,0
2900,CARBOPLATIN,MK-4827,LOVO,-12.1726948,2,0
2918,CARBOPLATIN,MK-4827,SW837,-18.40104179,2,0
2919,CARBOPLATIN,MK-4827,T47D,-45.05215893,2,0
2923,CARBOPLATIN,MK-4827,VCAP,26.42622312,2,1
2925,CARBOPLATIN,MK-5108,A2058,-20.01384213,4,0
2928,CARBOPLATIN,MK-5108,A427,-11.41444606,4,0
2929,CARBOPLATIN,MK-5108,CAOV3,-20.16584465,4,0
2932,CARBOPLATIN,MK-5108,EFM192B,-11.56481591,4,0
2938,CARBOPLATIN,MK-5108,LNCAP,-39.25299902,4,0
2942,CARBOPLATIN,MK-5108,NCIH1650,-11.55129095,4,0
2943,CARBOPLATIN,MK-5108,NCIH2122,-10.4698957,4,0
2945,CARBOPLATIN,MK-5108,NCIH460,-17.53249021,4,0
2946,CARBOPLATIN,MK-5108,NCIH520,-16.66840556,4,0
2949,CARBOPLATIN,MK-5108,OVCAR3,-16.51897059,4,0
2951,CARBOPLATIN,MK-5108,RKO,29.11045544,4,1
2957,CARBOPLATIN,MK-5108,SW837,-15.75843953,4,0
2958,CARBOPLATIN,MK-5108,T47D,22.06855018,4,1
2966,CARBOPLATIN,MK-8669,A375,27.2673244,1,1
2967,CARBOPLATIN,MK-8669,A427,25.19398167,1,1
2968,CARBOPLATIN,MK-8669,CAOV3,23.40397281,1,1
2971,CARBOPLATIN,MK-8669,EFM192B,41.00109484,1,1
2975,CARBOPLATIN,MK-8669,HT29,26.92639087,1,1
2976,CARBOPLATIN,MK-8669,KPL1,51.64067036,1,1
2977,CARBOPLATIN,MK-8669,LNCAP,20.64574526,1,1
2979,CARBOPLATIN,MK-8669,MDAMB436,25.82712639,1,1
2980,CARBOPLATIN,MK-8669,MSTO,21.80049825,1,1
2981,CARBOPLATIN,MK-8669,NCIH1650,27.18042222,1,1
2984,CARBOPLATIN,MK-8669,NCIH460,28.52165788,1,1
2986,CARBOPLATIN,MK-8669,OCUBM,32.00567581,1,1
2990,CARBOPLATIN,MK-8669,RKO,35.52026131,1,1
2991,CARBOPLATIN,MK-8669,RPMI7951,28.85515546,1,1
2992,CARBOPLATIN,MK-8669,SKMEL30,38.98004749,1,1
2994,CARBOPLATIN,MK-8669,SKOV3,24.87562939,1,1
2995,CARBOPLATIN,MK-8669,SW620,20.43023896,1,1
2996,CARBOPLATIN,MK-8669,SW837,22.18211015,1,1
2997,CARBOPLATIN,MK-8669,T47D,-30.60922974,1,0
2998,CARBOPLATIN,MK-8669,UACC62,22.86833164,1,1
3001,CARBOPLATIN,MK-8669,VCAP,37.00291381,1,1
3003,CARBOPLATIN,MK-8776,A2058,32.69822782,3,1
3007,CARBOPLATIN,MK-8776,CAOV3,35.154463,3,1
3010,CARBOPLATIN,MK-8776,EFM192B,33.14624389,3,1
3016,CARBOPLATIN,MK-8776,LNCAP,-10.55765057,3,0
3018,CARBOPLATIN,MK-8776,MDAMB436,21.75454315,3,1
3021,CARBOPLATIN,MK-8776,NCIH2122,-12.78607476,3,0
3025,CARBOPLATIN,MK-8776,OCUBM,37.76332606,3,1
3027,CARBOPLATIN,MK-8776,OVCAR3,46.47558852,3,1
3031,CARBOPLATIN,MK-8776,SKMEL30,39.09045434,3,1
3036,CARBOPLATIN,MK-8776,T47D,-51.43911997,3,0
3042,CARBOPLATIN,PD325901,A2058,-31.64625021,3,0
3045,CARBOPLATIN,PD325901,A427,-18.11821222,3,0
3053,CARBOPLATIN,PD325901,HT29,-11.69085555,3,0
3055,CARBOPLATIN,PD325901,LNCAP,-43.48359364,3,0
3060,CARBOPLATIN,PD325901,NCIH2122,-11.1190136,3,0
3064,CARBOPLATIN,PD325901,OCUBM,23.84452938,3,1
3067,CARBOPLATIN,PD325901,PA1,-16.56370455,3,0
3070,CARBOPLATIN,PD325901,SKMEL30,-19.4100816,3,0
3071,CARBOPLATIN,PD325901,SKMES1,-32.5297219,3,0
3073,CARBOPLATIN,PD325901,SW620,-17.20620842,3,0
3074,CARBOPLATIN,PD325901,SW837,-21.7294747,3,0
3075,CARBOPLATIN,PD325901,T47D,-27.46159368,3,0
3080,CARBOPLATIN,PD325901,ZR751,-22.47486626,3,0
3081,CARBOPLATIN,SORAFENIB,A2058,-33.27180552,1,0
3082,CARBOPLATIN,SORAFENIB,A2780,-13.54425066,1,0
3085,CARBOPLATIN,SORAFENIB,CAOV3,-47.16109214,1,0
3086,CARBOPLATIN,SORAFENIB,COLO320DM,-14.58716543,1,0
3088,CARBOPLATIN,SORAFENIB,EFM192B,-32.08518594,1,0
3089,CARBOPLATIN,SORAFENIB,ES2,-19.10266007,1,0
3090,CARBOPLATIN,SORAFENIB,HCT116,-10.05745061,1,0
3092,CARBOPLATIN,SORAFENIB,HT29,-12.76639355,1,0
3094,CARBOPLATIN,SORAFENIB,LNCAP,-15.39931953,1,0
3095,CARBOPLATIN,SORAFENIB,LOVO,-20.72438161,1,0
3096,CARBOPLATIN,SORAFENIB,MDAMB436,-23.04864922,1,0
3098,CARBOPLATIN,SORAFENIB,NCIH1650,-11.71254948,1,0
3099,CARBOPLATIN,SORAFENIB,NCIH2122,-13.31654234,1,0
3100,CARBOPLATIN,SORAFENIB,NCIH23,-25.78553809,1,0
3101,CARBOPLATIN,SORAFENIB,NCIH460,-16.76776281,1,0
3104,CARBOPLATIN,SORAFENIB,OV90,-14.73537115,1,0
3105,CARBOPLATIN,SORAFENIB,OVCAR3,-35.35980954,1,0
3106,CARBOPLATIN,SORAFENIB,PA1,-13.75971558,1,0
3108,CARBOPLATIN,SORAFENIB,RPMI7951,-36.57187788,1,0
3111,CARBOPLATIN,SORAFENIB,SKOV3,-21.48554066,1,0
3112,CARBOPLATIN,SORAFENIB,SW620,-15.74352148,1,0
3113,CARBOPLATIN,SORAFENIB,SW837,-12.04613895,1,0
3114,CARBOPLATIN,SORAFENIB,T47D,-17.01062835,1,0
3115,CARBOPLATIN,SORAFENIB,UACC62,-12.10473557,1,0
3117,CARBOPLATIN,SORAFENIB,UWB1289BRCA1,-16.03990738,1,0
3119,CARBOPLATIN,SORAFENIB,ZR751,-24.46010539,1,0
3139,CARBOPLATIN,SUNITINIB,NCIH23,-10.18796425,2,0
3147,CARBOPLATIN,SUNITINIB,RPMI7951,-17.91324141,2,0
3152,CARBOPLATIN,SUNITINIB,SW837,-12.85046281,2,0
3153,CARBOPLATIN,SUNITINIB,T47D,-14.48081501,2,0
3159,CARBOPLATIN,TEMOZOLOMIDE,A2058,-14.56298729,4,0
3161,CARBOPLATIN,TEMOZOLOMIDE,A375,-20.91919522,4,0
3162,CARBOPLATIN,TEMOZOLOMIDE,A427,-11.57812003,4,0
3163,CARBOPLATIN,TEMOZOLOMIDE,CAOV3,-36.36116069,4,0
3165,CARBOPLATIN,TEMOZOLOMIDE,DLD1,-19.10162123,4,0
3166,CARBOPLATIN,TEMOZOLOMIDE,EFM192B,-30.62935068,4,0
3169,CARBOPLATIN,TEMOZOLOMIDE,HT144,-33.50202799,4,0
3170,CARBOPLATIN,TEMOZOLOMIDE,HT29,-13.24835973,4,0
3172,CARBOPLATIN,TEMOZOLOMIDE,LNCAP,-42.80536021,4,0
3175,CARBOPLATIN,TEMOZOLOMIDE,MSTO,-24.53744741,4,0
3176,CARBOPLATIN,TEMOZOLOMIDE,NCIH1650,-35.00891969,4,0
3177,CARBOPLATIN,TEMOZOLOMIDE,NCIH2122,-18.42841882,4,0
3178,CARBOPLATIN,TEMOZOLOMIDE,NCIH23,-35.45029363,4,0
3179,CARBOPLATIN,TEMOZOLOMIDE,NCIH460,-33.16823411,4,0
3181,CARBOPLATIN,TEMOZOLOMIDE,OCUBM,-10.9671359,4,0
3182,CARBOPLATIN,TEMOZOLOMIDE,OV90,-10.54687423,4,0
3183,CARBOPLATIN,TEMOZOLOMIDE,OVCAR3,-21.7482679,4,0
3188,CARBOPLATIN,TEMOZOLOMIDE,SKMES1,-10.69268337,4,0
3189,CARBOPLATIN,TEMOZOLOMIDE,SKOV3,-20.80908008,4,0
3191,CARBOPLATIN,TEMOZOLOMIDE,SW837,-27.05329304,4,0
3192,CARBOPLATIN,TEMOZOLOMIDE,T47D,-136.9097827,4,0
3193,CARBOPLATIN,TEMOZOLOMIDE,UACC62,-11.9998905,4,0
3196,CARBOPLATIN,TEMOZOLOMIDE,VCAP,-19.65881702,4,0
3197,CARBOPLATIN,TEMOZOLOMIDE,ZR751,-41.81727556,4,0
3198,CARBOPLATIN,ZOLINZA,A2058,-23.29399798,4,0
3201,CARBOPLATIN,ZOLINZA,A427,-29.53116203,4,0
3217,CARBOPLATIN,ZOLINZA,NCIH23,-20.82674627,4,0
3220,CARBOPLATIN,ZOLINZA,OCUBM,-13.66303184,4,0
3223,CARBOPLATIN,ZOLINZA,PA1,-13.32872094,4,0
3229,CARBOPLATIN,ZOLINZA,SW620,-12.76253901,4,0
3231,CARBOPLATIN,ZOLINZA,T47D,39.85203418,4,1
3240,CYCLOPHOSPHAMIDE,ABT-888,A427,-11.63887968,0,0
3249,CYCLOPHOSPHAMIDE,ABT-888,KPL1,-10.6320112,0,0
3250,CYCLOPHOSPHAMIDE,ABT-888,LNCAP,-13.96198475,0,0
3269,CYCLOPHOSPHAMIDE,ABT-888,SW837,-15.42055822,0,0
3275,CYCLOPHOSPHAMIDE,ABT-888,ZR751,-32.21629252,0,0
3289,CYCLOPHOSPHAMIDE,AZD1775,LNCAP,-41.47720935,0,0
3311,CYCLOPHOSPHAMIDE,AZD1775,UWB1289,67.63674093,0,1
3319,CYCLOPHOSPHAMIDE,BEZ-235,CAOV3,25.73426903,1,1
3322,CYCLOPHOSPHAMIDE,BEZ-235,EFM192B,24.02757327,1,1
3326,CYCLOPHOSPHAMIDE,BEZ-235,HT29,27.56912056,1,1
3328,CYCLOPHOSPHAMIDE,BEZ-235,LNCAP,67.79077683,1,1
3336,CYCLOPHOSPHAMIDE,BEZ-235,NCIH520,27.06526505,1,1
3337,CYCLOPHOSPHAMIDE,BEZ-235,OCUBM,24.43353942,1,1
3342,CYCLOPHOSPHAMIDE,BEZ-235,RPMI7951,20.11601915,1,1
3347,CYCLOPHOSPHAMIDE,BEZ-235,SW837,24.16298095,1,1
3348,CYCLOPHOSPHAMIDE,BEZ-235,T47D,100.4024954,1,1
3350,CYCLOPHOSPHAMIDE,BEZ-235,UWB1289,32.06369794,1,1
3351,CYCLOPHOSPHAMIDE,BEZ-235,UWB1289BRCA1,28.89750417,1,1
3352,CYCLOPHOSPHAMIDE,BEZ-235,VCAP,23.40807993,1,1
3355,CYCLOPHOSPHAMIDE,BORTEZOMIB,A2780,-11.26735375,0,0
3356,CYCLOPHOSPHAMIDE,BORTEZOMIB,A375,28.57707415,0,1
3358,CYCLOPHOSPHAMIDE,BORTEZOMIB,CAOV3,-36.65413992,0,0
3365,CYCLOPHOSPHAMIDE,BORTEZOMIB,HT29,-16.67612259,0,0
3366,CYCLOPHOSPHAMIDE,BORTEZOMIB,KPL1,-15.40532685,0,0
3371,CYCLOPHOSPHAMIDE,BORTEZOMIB,NCIH1650,-14.47544863,0,0
3372,CYCLOPHOSPHAMIDE,BORTEZOMIB,NCIH2122,27.75692904,0,1
3375,CYCLOPHOSPHAMIDE,BORTEZOMIB,NCIH520,-17.71924757,0,0
3378,CYCLOPHOSPHAMIDE,BORTEZOMIB,OVCAR3,-25.17853705,0,0
3380,CYCLOPHOSPHAMIDE,BORTEZOMIB,RKO,28.37985911,0,1
3383,CYCLOPHOSPHAMIDE,BORTEZOMIB,SKMES1,-10.2518384,0,0
3387,CYCLOPHOSPHAMIDE,BORTEZOMIB,T47D,-23.08859768,0,0
3389,CYCLOPHOSPHAMIDE,BORTEZOMIB,UWB1289,-17.38594039,0,0
3390,CYCLOPHOSPHAMIDE,BORTEZOMIB,UWB1289BRCA1,-16.03806129,0,0
3394,CYCLOPHOSPHAMIDE,DASATINIB,A2780,23.25825742,1,1
3402,CYCLOPHOSPHAMIDE,DASATINIB,HCT116,-28.00152206,1,0
3403,CYCLOPHOSPHAMIDE,DASATINIB,HT144,-53.79648119,1,0
3406,CYCLOPHOSPHAMIDE,DASATINIB,LNCAP,-27.42883623,1,0
3407,CYCLOPHOSPHAMIDE,DASATINIB,LOVO,20.84082433,1,1
3409,CYCLOPHOSPHAMIDE,DASATINIB,MSTO,-16.99645444,1,0
3410,CYCLOPHOSPHAMIDE,DASATINIB,NCIH1650,24.79300577,1,1
3411,CYCLOPHOSPHAMIDE,DASATINIB,NCIH2122,-48.37729556,1,0
3417,CYCLOPHOSPHAMIDE,DASATINIB,OVCAR3,50.72841599,1,1
3421,CYCLOPHOSPHAMIDE,DASATINIB,SKMEL30,-24.34554135,1,0
3426,CYCLOPHOSPHAMIDE,DASATINIB,T47D,-15.33862999,1,0
3431,CYCLOPHOSPHAMIDE,DASATINIB,ZR751,-16.76462773,1,0
3436,CYCLOPHOSPHAMIDE,DINACICLIB,CAOV3,-17.60390771,1,0
3444,CYCLOPHOSPHAMIDE,DINACICLIB,KPL1,-12.26423344,1,0
3445,CYCLOPHOSPHAMIDE,DINACICLIB,LNCAP,56.67788114,1,1
3448,CYCLOPHOSPHAMIDE,DINACICLIB,MSTO,20.77980249,1,1
3464,CYCLOPHOSPHAMIDE,DINACICLIB,SW837,-11.81288946,1,0
3481,CYCLOPHOSPHAMIDE,ERLOTINIB,HT144,-13.57168234,0,0
3484,CYCLOPHOSPHAMIDE,ERLOTINIB,LNCAP,-29.89584273,0,0
3487,CYCLOPHOSPHAMIDE,ERLOTINIB,MSTO,-11.81036447,0,0
3494,CYCLOPHOSPHAMIDE,ERLOTINIB,OV90,-13.23937296,0,0
3497,CYCLOPHOSPHAMIDE,ERLOTINIB,RKO,-11.2879549,0,0
3502,CYCLOPHOSPHAMIDE,ERLOTINIB,SW620,-11.92897578,0,0
3504,CYCLOPHOSPHAMIDE,ERLOTINIB,T47D,26.18489183,0,1
3518,CYCLOPHOSPHAMIDE,GELDANAMYCIN,ES2,-12.92243489,0,0
3520,CYCLOPHOSPHAMIDE,GELDANAMYCIN,HT144,-11.28078492,0,0
3523,CYCLOPHOSPHAMIDE,GELDANAMYCIN,LNCAP,20.25024227,0,1
3526,CYCLOPHOSPHAMIDE,GELDANAMYCIN,MSTO,-19.45589953,0,0
3535,CYCLOPHOSPHAMIDE,GELDANAMYCIN,PA1,-10.43984161,0,0
3538,CYCLOPHOSPHAMIDE,GELDANAMYCIN,SKMEL30,-10.78081908,0,0
3543,CYCLOPHOSPHAMIDE,GELDANAMYCIN,T47D,-25.05944518,0,0
3544,CYCLOPHOSPHAMIDE,GELDANAMYCIN,UACC62,-13.0158698,0,0
3561,CYCLOPHOSPHAMIDE,L778123,KPL1,-12.25271445,3,0
3573,CYCLOPHOSPHAMIDE,L778123,OVCAR3,-34.66471219,3,0
3582,CYCLOPHOSPHAMIDE,L778123,T47D,-14.96860537,3,0
3590,CYCLOPHOSPHAMIDE,LAPATINIB,A375,-10.04213779,4,0
3591,CYCLOPHOSPHAMIDE,LAPATINIB,A427,-21.25150723,4,0
3598,CYCLOPHOSPHAMIDE,LAPATINIB,HT144,-12.54923127,4,0
3601,CYCLOPHOSPHAMIDE,LAPATINIB,LNCAP,-13.39055466,4,0
3604,CYCLOPHOSPHAMIDE,LAPATINIB,MSTO,-14.86962351,4,0
3608,CYCLOPHOSPHAMIDE,LAPATINIB,NCIH460,-17.63280257,4,0
3611,CYCLOPHOSPHAMIDE,LAPATINIB,OV90,-12.78199443,4,0
3613,CYCLOPHOSPHAMIDE,LAPATINIB,PA1,-10.03576114,4,0
3616,CYCLOPHOSPHAMIDE,LAPATINIB,SKMEL30,-12.4487957,4,0
3622,CYCLOPHOSPHAMIDE,LAPATINIB,UACC62,-16.42072751,4,0
3623,CYCLOPHOSPHAMIDE,LAPATINIB,UWB1289,24.09494867,4,1
3631,CYCLOPHOSPHAMIDE,MK-2206,CAOV3,23.47213243,4,1
3639,CYCLOPHOSPHAMIDE,MK-2206,KPL1,29.77514728,4,1
3640,CYCLOPHOSPHAMIDE,MK-2206,LNCAP,-115.3140291,4,0
3641,CYCLOPHOSPHAMIDE,MK-2206,LOVO,-11.15448584,4,0
3653,CYCLOPHOSPHAMIDE,MK-2206,RKO,27.22991066,4,1
3660,CYCLOPHOSPHAMIDE,MK-2206,T47D,37.41936164,4,1
3669,CYCLOPHOSPHAMIDE,MK-4827,A427,-10.7346263,3,0
3679,CYCLOPHOSPHAMIDE,MK-4827,LNCAP,-66.13421817,3,0
3680,CYCLOPHOSPHAMIDE,MK-4827,LOVO,-13.74195139,3,0
3690,CYCLOPHOSPHAMIDE,MK-4827,OVCAR3,22.96308721,3,1
3698,CYCLOPHOSPHAMIDE,MK-4827,SW837,-17.67207508,3,0
3699,CYCLOPHOSPHAMIDE,MK-4827,T47D,-24.21855613,3,0
3700,CYCLOPHOSPHAMIDE,MK-4827,UACC62,-13.88910739,3,0
3718,CYCLOPHOSPHAMIDE,MK-5108,LNCAP,-44.89482989,3,0
3727,CYCLOPHOSPHAMIDE,MK-5108,OCUBM,21.12940866,3,1
3731,CYCLOPHOSPHAMIDE,MK-5108,RKO,29.25941015,3,1
3733,CYCLOPHOSPHAMIDE,MK-5108,SKMEL30,20.04232712,3,1
3738,CYCLOPHOSPHAMIDE,MK-5108,T47D,22.07693933,3,1
3740,CYCLOPHOSPHAMIDE,MK-5108,UWB1289,-11.10468402,3,0
3744,CYCLOPHOSPHAMIDE,MK-8669,A2058,20.19732054,2,1
3747,CYCLOPHOSPHAMIDE,MK-8669,A427,22.79309695,2,1
3751,CYCLOPHOSPHAMIDE,MK-8669,EFM192B,56.14483561,2,1
3756,CYCLOPHOSPHAMIDE,MK-8669,KPL1,45.36507029,2,1
3757,CYCLOPHOSPHAMIDE,MK-8669,LNCAP,-39.61912652,2,0
3761,CYCLOPHOSPHAMIDE,MK-8669,NCIH1650,21.77249105,2,1
3766,CYCLOPHOSPHAMIDE,MK-8669,OCUBM,42.78787674,2,1
3770,CYCLOPHOSPHAMIDE,MK-8669,RKO,25.51276496,2,1
3772,CYCLOPHOSPHAMIDE,MK-8669,SKMEL30,34.48879438,2,1
3777,CYCLOPHOSPHAMIDE,MK-8669,T47D,24.59091498,2,1
3781,CYCLOPHOSPHAMIDE,MK-8669,VCAP,24.77674304,2,1
3795,CYCLOPHOSPHAMIDE,MK-8776,KPL1,-18.7208177,4,0
3796,CYCLOPHOSPHAMIDE,MK-8776,LNCAP,21.72912695,4,1
3799,CYCLOPHOSPHAMIDE,MK-8776,MSTO,-17.29457907,4,0
3800,CYCLOPHOSPHAMIDE,MK-8776,NCIH1650,-10.65970238,4,0
3801,CYCLOPHOSPHAMIDE,MK-8776,NCIH2122,-10.50085667,4,0
3815,CYCLOPHOSPHAMIDE,MK-8776,SW837,-21.49748875,4,0
3826,CYCLOPHOSPHAMIDE,PD325901,CAOV3,31.65245495,0,1
3834,CYCLOPHOSPHAMIDE,PD325901,KPL1,24.96305469,0,1
3838,CYCLOPHOSPHAMIDE,PD325901,MSTO,-14.17603986,0,0
3845,CYCLOPHOSPHAMIDE,PD325901,OV90,-12.2633658,0,0
3855,CYCLOPHOSPHAMIDE,PD325901,T47D,-54.33920079,0,0
3874,CYCLOPHOSPHAMIDE,SORAFENIB,LNCAP,-65.35527541,1,0
3877,CYCLOPHOSPHAMIDE,SORAFENIB,MSTO,-10.82105449,1,0
3885,CYCLOPHOSPHAMIDE,SORAFENIB,OVCAR3,-10.72593316,1,0
3895,CYCLOPHOSPHAMIDE,SORAFENIB,UACC62,-13.19055662,1,0
3899,CYCLOPHOSPHAMIDE,SORAFENIB,ZR751,-15.28187565,1,0
3913,CYCLOPHOSPHAMIDE,SUNITINIB,LNCAP,-14.56500887,2,0
3943,CYCLOPHOSPHAMIDE,TEMOZOLOMIDE,CAOV3,-51.85738786,3,0
3951,CYCLOPHOSPHAMIDE,TEMOZOLOMIDE,KPL1,-28.1622482,3,0
3956,CYCLOPHOSPHAMIDE,TEMOZOLOMIDE,NCIH1650,-27.4583989,3,0
3963,CYCLOPHOSPHAMIDE,TEMOZOLOMIDE,OVCAR3,-10.42570876,3,0
3971,CYCLOPHOSPHAMIDE,TEMOZOLOMIDE,SW837,-37.77038905,3,0
3972,CYCLOPHOSPHAMIDE,TEMOZOLOMIDE,T47D,-47.74951594,3,0
3982,CYCLOPHOSPHAMIDE,ZOLINZA,CAOV3,32.89813653,3,1
3985,CYCLOPHOSPHAMIDE,ZOLINZA,EFM192B,21.49808747,3,1
3991,CYCLOPHOSPHAMIDE,ZOLINZA,LNCAP,-23.05236163,3,0
4002,CYCLOPHOSPHAMIDE,ZOLINZA,OVCAR3,28.96811301,3,1
4004,CYCLOPHOSPHAMIDE,ZOLINZA,RKO,23.6328811,3,1
4008,CYCLOPHOSPHAMIDE,ZOLINZA,SKOV3,21.66839674,3,1
4011,CYCLOPHOSPHAMIDE,ZOLINZA,T47D,36.96806046,3,1
4015,CYCLOPHOSPHAMIDE,ZOLINZA,VCAP,30.69582424,3,1
4016,CYCLOPHOSPHAMIDE,ZOLINZA,ZR751,33.64181551,3,1
4018,DASATINIB,ABT-888,A2780,40.28481032,0,1
4020,DASATINIB,ABT-888,A427,27.52645663,0,1
4024,DASATINIB,ABT-888,EFM192B,38.97848322,0,1
4026,DASATINIB,ABT-888,HCT116,-20.07587466,0,0
4027,DASATINIB,ABT-888,HT144,-15.59125746,0,0
4031,DASATINIB,ABT-888,LOVO,28.27503441,0,1
4033,DASATINIB,ABT-888,MSTO,95.96490103,0,1
4034,DASATINIB,ABT-888,NCIH1650,25.04861151,0,1
4035,DASATINIB,ABT-888,NCIH2122,-46.36721793,0,0
4038,DASATINIB,ABT-888,NCIH520,21.68497258,0,1
4041,DASATINIB,ABT-888,OVCAR3,56.54903337,0,1
4043,DASATINIB,ABT-888,RKO,-11.54700146,0,0
4045,DASATINIB,ABT-888,SKMEL30,-27.18860154,0,0
4050,DASATINIB,ABT-888,T47D,-14.32665176,0,0
4055,DASATINIB,ABT-888,ZR751,-15.68714113,0,0
4056,DASATINIB,BEZ-235,A2058,70.18047839,4,1
4057,DASATINIB,BEZ-235,A2780,70.18079056,4,1
4058,DASATINIB,BEZ-235,A375,64.92870443,4,1
4059,DASATINIB,BEZ-235,A427,73.63375761,4,1
4060,DASATINIB,BEZ-235,CAOV3,42.77143229,4,1
4061,DASATINIB,BEZ-235,COLO320DM,28.41777078,4,1
4062,DASATINIB,BEZ-235,DLD1,46.99172077,4,1
4063,DASATINIB,BEZ-235,EFM192B,59.40809968,4,1
4064,DASATINIB,BEZ-235,ES2,23.31449703,4,1
4065,DASATINIB,BEZ-235,HCT116,56.53418947,4,1
4067,DASATINIB,BEZ-235,HT29,38.47714415,4,1
4068,DASATINIB,BEZ-235,KPL1,36.77448459,4,1
4069,DASATINIB,BEZ-235,LNCAP,106.5608575,4,1
4070,DASATINIB,BEZ-235,LOVO,49.58537842,4,1
4071,DASATINIB,BEZ-235,MDAMB436,47.9805984,4,1
4072,DASATINIB,BEZ-235,MSTO,65.61774831,4,1
4073,DASATINIB,BEZ-235,NCIH1650,63.5705615,4,1
4075,DASATINIB,BEZ-235,NCIH23,58.28804452,4,1
4076,DASATINIB,BEZ-235,NCIH460,80.69566922,4,1
4077,DASATINIB,BEZ-235,NCIH520,60.14042907,4,1
4078,DASATINIB,BEZ-235,OCUBM,34.59425843,4,1
4079,DASATINIB,BEZ-235,OV90,46.79932479,4,1
4080,DASATINIB,BEZ-235,OVCAR3,89.80020459,4,1
4081,DASATINIB,BEZ-235,PA1,33.93629876,4,1
4082,DASATINIB,BEZ-235,RKO,34.95048098,4,1
4083,DASATINIB,BEZ-235,RPMI7951,39.40212291,4,1
4084,DASATINIB,BEZ-235,SKMEL30,34.11083944,4,1
4085,DASATINIB,BEZ-235,SKMES1,36.13155243,4,1
4086,DASATINIB,BEZ-235,SKOV3,40.89812387,4,1
4087,DASATINIB,BEZ-235,SW620,59.52088474,4,1
4088,DASATINIB,BEZ-235,SW837,82.68758365,4,1
4089,DASATINIB,BEZ-235,T47D,169.7166583,4,1
4090,DASATINIB,BEZ-235,UACC62,38.85407314,4,1
4091,DASATINIB,BEZ-235,UWB1289,20.01893147,4,1
4092,DASATINIB,BEZ-235,UWB1289BRCA1,26.25431568,4,1
4093,DASATINIB,BEZ-235,VCAP,47.2309885,4,1
4094,DASATINIB,BEZ-235,ZR751,21.54838325,4,1
4095,DASATINIB,DINACICLIB,A2058,48.91716359,2,1
4096,DASATINIB,DINACICLIB,A2780,29.1960155,2,1
4101,DASATINIB,DINACICLIB,DLD1,22.29490211,2,1
4102,DASATINIB,DINACICLIB,EFM192B,47.24556346,2,1
4108,DASATINIB,DINACICLIB,LNCAP,58.06515215,2,1
4111,DASATINIB,DINACICLIB,MSTO,57.13086584,2,1
4112,DASATINIB,DINACICLIB,NCIH1650,24.00002691,2,1
4113,DASATINIB,DINACICLIB,NCIH2122,-22.61659214,2,0
4114,DASATINIB,DINACICLIB,NCIH23,33.30649066,2,1
4115,DASATINIB,DINACICLIB,NCIH460,27.535057,2,1
4116,DASATINIB,DINACICLIB,NCIH520,26.29311455,2,1
4117,DASATINIB,DINACICLIB,OCUBM,25.73707287,2,1
4119,DASATINIB,DINACICLIB,OVCAR3,59.9755103,2,1
4125,DASATINIB,DINACICLIB,SKOV3,-12.88273056,2,0
4129,DASATINIB,DINACICLIB,UACC62,30.660164,2,1
4132,DASATINIB,DINACICLIB,VCAP,29.79198375,2,1
4133,DASATINIB,DINACICLIB,ZR751,-17.04907589,2,0
4135,DASATINIB,GELDANAMYCIN,A2780,36.06922119,4,1
4136,DASATINIB,GELDANAMYCIN,A375,47.07251276,4,1
4137,DASATINIB,GELDANAMYCIN,A427,28.00451112,4,1
4138,DASATINIB,GELDANAMYCIN,CAOV3,-24.22489573,4,0
4140,DASATINIB,GELDANAMYCIN,DLD1,21.24725352,4,1
4141,DASATINIB,GELDANAMYCIN,EFM192B,44.96408811,4,1
4143,DASATINIB,GELDANAMYCIN,HCT116,32.12280936,4,1
4144,DASATINIB,GELDANAMYCIN,HT144,-55.13889756,4,0
4145,DASATINIB,GELDANAMYCIN,HT29,31.18587051,4,1
4147,DASATINIB,GELDANAMYCIN,LNCAP,65.54190601,4,1
4148,DASATINIB,GELDANAMYCIN,LOVO,28.70070653,4,1
4149,DASATINIB,GELDANAMYCIN,MDAMB436,20.09410803,4,1
4150,DASATINIB,GELDANAMYCIN,MSTO,90.46363381,4,1
4151,DASATINIB,GELDANAMYCIN,NCIH1650,52.49632011,4,1
4153,DASATINIB,GELDANAMYCIN,NCIH23,33.69553393,4,1
4157,DASATINIB,GELDANAMYCIN,OV90,22.66802548,4,1
4158,DASATINIB,GELDANAMYCIN,OVCAR3,32.7740719,4,1
4162,DASATINIB,GELDANAMYCIN,SKMEL30,-22.05733284,4,0
4163,DASATINIB,GELDANAMYCIN,SKMES1,32.96730514,4,1
4166,DASATINIB,GELDANAMYCIN,SW837,31.32391017,4,1
4168,DASATINIB,GELDANAMYCIN,UACC62,-19.75905096,4,0
4169,DASATINIB,GELDANAMYCIN,UWB1289,-11.91698228,4,0
4170,DASATINIB,GELDANAMYCIN,UWB1289BRCA1,-23.44695444,4,0
4172,DASATINIB,GELDANAMYCIN,ZR751,-23.64692556,4,0
4173,DASATINIB,MK-8669,A2058,84.44534771,4,1
4174,DASATINIB,MK-8669,A2780,98.67657525,4,1
4175,DASATINIB,MK-8669,A375,59.73889523,4,1
4176,DASATINIB,MK-8669,A427,48.60369186,4,1
4177,DASATINIB,MK-8669,CAOV3,27.53716438,4,1
4179,DASATINIB,MK-8669,DLD1,37.92892963,4,1
4180,DASATINIB,MK-8669,EFM192B,51.97721788,4,1
4181,DASATINIB,MK-8669,ES2,35.70094507,4,1
4182,DASATINIB,MK-8669,HCT116,-18.70635478,4,0
4183,DASATINIB,MK-8669,HT144,-11.91084118,4,0
4184,DASATINIB,MK-8669,HT29,58.36220417,4,1
4185,DASATINIB,MK-8669,KPL1,50.60157143,4,1
4187,DASATINIB,MK-8669,LOVO,56.92641316,4,1
4188,DASATINIB,MK-8669,MDAMB436,47.52944836,4,1
4189,DASATINIB,MK-8669,MSTO,113.1061478,4,1
4190,DASATINIB,MK-8669,NCIH1650,44.66867203,4,1
4191,DASATINIB,MK-8669,NCIH2122,-40.14701598,4,0
4192,DASATINIB,MK-8669,NCIH23,56.75221701,4,1
4193,DASATINIB,MK-8669,NCIH460,39.81920777,4,1
4194,DASATINIB,MK-8669,NCIH520,73.28046519,4,1
4195,DASATINIB,MK-8669,OCUBM,28.2133969,4,1
4196,DASATINIB,MK-8669,OV90,54.93310811,4,1
4197,DASATINIB,MK-8669,OVCAR3,75.92298423,4,1
4199,DASATINIB,MK-8669,RKO,58.27169161,4,1
4200,DASATINIB,MK-8669,RPMI7951,54.7248702,4,1
4203,DASATINIB,MK-8669,SKOV3,28.79742156,4,1
4204,DASATINIB,MK-8669,SW620,45.55292089,4,1
4205,DASATINIB,MK-8669,SW837,51.55723616,4,1
4206,DASATINIB,MK-8669,T47D,54.01528824,4,1
4207,DASATINIB,MK-8669,UACC62,21.4208594,4,1
4210,DASATINIB,MK-8669,VCAP,52.51983895,4,1
4212,DASATINIB,MK-8776,A2058,56.6710871,1,1
4213,DASATINIB,MK-8776,A2780,69.69484662,1,1
4214,DASATINIB,MK-8776,A375,106.2906404,1,1
4215,DASATINIB,MK-8776,A427,78.39036702,1,1
4216,DASATINIB,MK-8776,CAOV3,34.99629326,1,1
4218,DASATINIB,MK-8776,DLD1,24.00714621,1,1
4219,DASATINIB,MK-8776,EFM192B,55.50004582,1,1
4221,DASATINIB,MK-8776,HCT116,20.62912689,1,1
4223,DASATINIB,MK-8776,HT29,46.89219019,1,1
4224,DASATINIB,MK-8776,KPL1,38.42459009,1,1
4225,DASATINIB,MK-8776,LNCAP,36.67144953,1,1
4226,DASATINIB,MK-8776,LOVO,39.55692693,1,1
4227,DASATINIB,MK-8776,MDAMB436,32.80019709,1,1
4228,DASATINIB,MK-8776,MSTO,81.67940849,1,1
4229,DASATINIB,MK-8776,NCIH1650,42.61535213,1,1
4230,DASATINIB,MK-8776,NCIH2122,-35.7604814,1,0
4231,DASATINIB,MK-8776,NCIH23,47.52933073,1,1
4232,DASATINIB,MK-8776,NCIH460,43.00839655,1,1
4233,DASATINIB,MK-8776,NCIH520,57.29755945,1,1
4234,DASATINIB,MK-8776,OCUBM,40.09040906,1,1
4235,DASATINIB,MK-8776,OV90,28.56021067,1,1
4236,DASATINIB,MK-8776,OVCAR3,74.00840623,1,1
4237,DASATINIB,MK-8776,PA1,32.51850586,1,1
4238,DASATINIB,MK-8776,RKO,45.41291221,1,1
4243,DASATINIB,MK-8776,SW620,54.12601608,1,1
4244,DASATINIB,MK-8776,SW837,29.75058346,1,1
4246,DASATINIB,MK-8776,UACC62,38.13487615,1,1
4248,DASATINIB,MK-8776,UWB1289BRCA1,-24.06333589,1,0
4249,DASATINIB,MK-8776,VCAP,34.84155261,1,1
4250,DASATINIB,MK-8776,ZR751,20.4821506,1,1
4251,DASATINIB,OXALIPLATIN,A2058,25.67289473,1,1
4253,DASATINIB,OXALIPLATIN,A375,-13.40345779,1,0
4257,DASATINIB,OXALIPLATIN,DLD1,-11.93451369,1,0
4259,DASATINIB,OXALIPLATIN,ES2,-24.89503753,1,0
4260,DASATINIB,OXALIPLATIN,HCT116,-25.15967665,1,0
4261,DASATINIB,OXALIPLATIN,HT144,-60.76404898,1,0
4266,DASATINIB,OXALIPLATIN,MDAMB436,-17.06662765,1,0
4267,DASATINIB,OXALIPLATIN,MSTO,43.90040463,1,1
4268,DASATINIB,OXALIPLATIN,NCIH1650,22.16333516,1,1
4269,DASATINIB,OXALIPLATIN,NCIH2122,-61.8275678,1,0
4270,DASATINIB,OXALIPLATIN,NCIH23,-23.76712751,1,0
4271,DASATINIB,OXALIPLATIN,NCIH460,-30.16387668,1,0
4274,DASATINIB,OXALIPLATIN,OV90,-23.48921597,1,0
4275,DASATINIB,OXALIPLATIN,OVCAR3,49.51983657,1,1
4276,DASATINIB,OXALIPLATIN,PA1,20.44026648,1,1
4279,DASATINIB,OXALIPLATIN,SKMEL30,-14.07237812,1,0
4284,DASATINIB,OXALIPLATIN,T47D,-16.1681578,1,0
4285,DASATINIB,OXALIPLATIN,UACC62,-24.48169264,1,0
4288,DASATINIB,OXALIPLATIN,VCAP,-12.69564219,1,0
4290,DASATINIB,SN-38,A2058,34.01496226,4,1
4291,DASATINIB,SN-38,A2780,74.36260912,4,1
4292,DASATINIB,SN-38,A375,29.77397006,4,1
4293,DASATINIB,SN-38,A427,28.19546154,4,1
4294,DASATINIB,SN-38,CAOV3,20.1197885,4,1
4297,DASATINIB,SN-38,EFM192B,20.11290907,4,1
4301,DASATINIB,SN-38,HT29,24.58091737,4,1
4302,DASATINIB,SN-38,KPL1,20.6107762,4,1
4303,DASATINIB,SN-38,LNCAP,-11.84251921,4,0
4304,DASATINIB,SN-38,LOVO,39.68598911,4,1
4305,DASATINIB,SN-38,MDAMB436,28.8025396,4,1
4306,DASATINIB,SN-38,MSTO,89.08812266,4,1
4307,DASATINIB,SN-38,NCIH1650,35.80399235,4,1
4308,DASATINIB,SN-38,NCIH2122,-29.04323059,4,0
4310,DASATINIB,SN-38,NCIH460,27.16015807,4,1
4311,DASATINIB,SN-38,NCIH520,47.29077303,4,1
4314,DASATINIB,SN-38,OVCAR3,94.66059386,4,1
4315,DASATINIB,SN-38,PA1,35.56567163,4,1
4316,DASATINIB,SN-38,RKO,21.31191706,4,1
4318,DASATINIB,SN-38,SKMEL30,-11.11532941,4,0
4321,DASATINIB,SN-38,SW620,30.3963556,4,1
4322,DASATINIB,SN-38,SW837,36.39944491,4,1
4323,DASATINIB,SN-38,T47D,40.41995678,4,1
4324,DASATINIB,SN-38,UACC62,26.88806903,4,1
4327,DASATINIB,SN-38,VCAP,31.3949814,4,1
4329,DASATINIB,SORAFENIB,A2058,36.32943556,3,1
4330,DASATINIB,SORAFENIB,A2780,26.18215744,3,1
4331,DASATINIB,SORAFENIB,A375,29.90385252,3,1
4332,DASATINIB,SORAFENIB,A427,27.85304007,3,1
4335,DASATINIB,SORAFENIB,DLD1,21.48646989,3,1
4336,DASATINIB,SORAFENIB,EFM192B,23.45173641,3,1
4338,DASATINIB,SORAFENIB,HCT116,29.67690976,3,1
4340,DASATINIB,SORAFENIB,HT29,22.03209424,3,1
4345,DASATINIB,SORAFENIB,MSTO,-17.64735276,3,0
4346,DASATINIB,SORAFENIB,NCIH1650,23.69402051,3,1
4348,DASATINIB,SORAFENIB,NCIH23,25.37151937,3,1
4349,DASATINIB,SORAFENIB,NCIH460,24.97815028,3,1
4350,DASATINIB,SORAFENIB,NCIH520,30.51259643,3,1
4353,DASATINIB,SORAFENIB,OVCAR3,25.28816435,3,1
4357,DASATINIB,SORAFENIB,SKMEL30,-17.45443374,3,0
4360,DASATINIB,SORAFENIB,SW620,26.67138283,3,1
4367,DASATINIB,SORAFENIB,ZR751,21.34933153,3,1
4369,DASATINIB,TOPOTECAN,A2780,33.44677757,1,1
4371,DASATINIB,TOPOTECAN,A427,57.6444937,1,1
4376,DASATINIB,TOPOTECAN,ES2,-15.04850207,1,0
4378,DASATINIB,TOPOTECAN,HT144,-31.7610064,1,0
4380,DASATINIB,TOPOTECAN,KPL1,24.71368371,1,1
4382,DASATINIB,TOPOTECAN,LOVO,27.20024806,1,1
4384,DASATINIB,TOPOTECAN,MSTO,35.84331315,1,1
4385,DASATINIB,TOPOTECAN,NCIH1650,29.11731102,1,1
4386,DASATINIB,TOPOTECAN,NCIH2122,-29.80506527,1,0
4387,DASATINIB,TOPOTECAN,NCIH23,-14.48832753,1,0
4388,DASATINIB,TOPOTECAN,NCIH460,-27.42383273,1,0
4389,DASATINIB,TOPOTECAN,NCIH520,62.19001366,1,1
4392,DASATINIB,TOPOTECAN,OVCAR3,58.23643741,1,1
4396,DASATINIB,TOPOTECAN,SKMEL30,-18.64284517,1,0
4397,DASATINIB,TOPOTECAN,SKMES1,-19.58670156,1,0
4399,DASATINIB,TOPOTECAN,SW620,51.34207805,1,1
4400,DASATINIB,TOPOTECAN,SW837,22.827985,1,1
4402,DASATINIB,TOPOTECAN,UACC62,-13.96532217,1,0
4407,DEXAMETHASONE,ABT-888,A2058,-14.70238461,2,0
4410,DEXAMETHASONE,ABT-888,A427,-10.60987778,2,0
4414,DEXAMETHASONE,ABT-888,EFM192B,-14.52808903,2,0
4415,DEXAMETHASONE,ABT-888,ES2,-17.42255208,2,0
4420,DEXAMETHASONE,ABT-888,LNCAP,-10.63307702,2,0
4423,DEXAMETHASONE,ABT-888,MSTO,-11.78252869,2,0
4424,DEXAMETHASONE,ABT-888,NCIH1650,-11.97457304,2,0
4430,DEXAMETHASONE,ABT-888,OV90,-11.38901128,2,0
4434,DEXAMETHASONE,ABT-888,RPMI7951,-35.16985908,2,0
4439,DEXAMETHASONE,ABT-888,SW837,-17.57839698,2,0
4440,DEXAMETHASONE,ABT-888,T47D,-13.19120927,2,0
4453,DEXAMETHASONE,AZD1775,EFM192B,-17.13167367,4,0
4458,DEXAMETHASONE,AZD1775,KPL1,25.64532197,4,1
4459,DEXAMETHASONE,AZD1775,LNCAP,-10.93798802,4,0
4470,DEXAMETHASONE,AZD1775,OVCAR3,20.10924002,4,1
4473,DEXAMETHASONE,AZD1775,RPMI7951,-13.62628863,4,0
4476,DEXAMETHASONE,AZD1775,SKOV3,29.89106459,4,1
4479,DEXAMETHASONE,AZD1775,T47D,-16.57348017,4,0
4481,DEXAMETHASONE,AZD1775,UWB1289,70.39001761,4,1
4486,DEXAMETHASONE,BEZ-235,A2780,25.34820553,2,1
4489,DEXAMETHASONE,BEZ-235,CAOV3,45.77364067,2,1
4496,DEXAMETHASONE,BEZ-235,HT29,22.5300091,2,1
4497,DEXAMETHASONE,BEZ-235,KPL1,41.31087461,2,1
4498,DEXAMETHASONE,BEZ-235,LNCAP,49.93035881,2,1
4499,DEXAMETHASONE,BEZ-235,LOVO,26.61560809,2,1
4502,DEXAMETHASONE,BEZ-235,NCIH1650,27.23351075,2,1
4503,DEXAMETHASONE,BEZ-235,NCIH2122,52.92983695,2,1
4505,DEXAMETHASONE,BEZ-235,NCIH460,23.58272545,2,1
4506,DEXAMETHASONE,BEZ-235,NCIH520,26.80481395,2,1
4507,DEXAMETHASONE,BEZ-235,OCUBM,27.42177298,2,1
4510,DEXAMETHASONE,BEZ-235,PA1,26.75293839,2,1
4513,DEXAMETHASONE,BEZ-235,SKMEL30,41.01777853,2,1
4514,DEXAMETHASONE,BEZ-235,SKMES1,42.89991029,2,1
4518,DEXAMETHASONE,BEZ-235,T47D,90.90923441,2,1
4520,DEXAMETHASONE,BEZ-235,UWB1289,32.44484706,2,1
4521,DEXAMETHASONE,BEZ-235,UWB1289BRCA1,30.25505778,2,1
4522,DEXAMETHASONE,BEZ-235,VCAP,23.98160338,2,1
4523,DEXAMETHASONE,BEZ-235,ZR751,27.96995608,2,1
4525,DEXAMETHASONE,BORTEZOMIB,A2780,-13.5476308,3,0
4528,DEXAMETHASONE,BORTEZOMIB,CAOV3,-13.44802296,3,0
4531,DEXAMETHASONE,BORTEZOMIB,EFM192B,-20.88341058,3,0
4534,DEXAMETHASONE,BORTEZOMIB,HT144,-13.16198248,3,0
4535,DEXAMETHASONE,BORTEZOMIB,HT29,-15.19792114,3,0
4540,DEXAMETHASONE,BORTEZOMIB,MSTO,66.7194975,3,1
4541,DEXAMETHASONE,BORTEZOMIB,NCIH1650,-15.48085067,3,0
4544,DEXAMETHASONE,BORTEZOMIB,NCIH460,27.17882652,3,1
4545,DEXAMETHASONE,BORTEZOMIB,NCIH520,-20.51845669,3,0
4548,DEXAMETHASONE,BORTEZOMIB,OVCAR3,-11.83141434,3,0
4551,DEXAMETHASONE,BORTEZOMIB,RPMI7951,-19.65311033,3,0
4553,DEXAMETHASONE,BORTEZOMIB,SKMES1,-11.43480359,3,0
4565,DEXAMETHASONE,DASATINIB,A375,38.48330291,4,1
4567,DEXAMETHASONE,DASATINIB,CAOV3,52.08151088,4,1
4571,DEXAMETHASONE,DASATINIB,ES2,-27.43501134,4,0
4572,DEXAMETHASONE,DASATINIB,HCT116,-46.19424113,4,0
4573,DEXAMETHASONE,DASATINIB,HT144,-35.98115982,4,0
4575,DEXAMETHASONE,DASATINIB,KPL1,49.29822811,4,1
4576,DEXAMETHASONE,DASATINIB,LNCAP,-22.02475092,4,0
4577,DEXAMETHASONE,DASATINIB,LOVO,61.01399927,4,1
4579,DEXAMETHASONE,DASATINIB,MSTO,41.68602521,4,1
4581,DEXAMETHASONE,DASATINIB,NCIH2122,60.52033784,4,1
4583,DEXAMETHASONE,DASATINIB,NCIH460,-13.60867096,4,0
4584,DEXAMETHASONE,DASATINIB,NCIH520,28.41521007,4,1
4585,DEXAMETHASONE,DASATINIB,OCUBM,26.45391572,4,1
4586,DEXAMETHASONE,DASATINIB,OV90,-14.00130496,4,0
4587,DEXAMETHASONE,DASATINIB,OVCAR3,47.95041131,4,1
4590,DEXAMETHASONE,DASATINIB,RPMI7951,-23.30165857,4,0
4591,DEXAMETHASONE,DASATINIB,SKMEL30,-15.5409231,4,0
4592,DEXAMETHASONE,DASATINIB,SKMES1,59.07601127,4,1
4593,DEXAMETHASONE,DASATINIB,SKOV3,32.5124521,4,1
4596,DEXAMETHASONE,DASATINIB,T47D,-56.4086851,4,0
4600,DEXAMETHASONE,DASATINIB,VCAP,-24.49171442,4,0
4602,DEXAMETHASONE,DINACICLIB,A2058,-11.40825752,3,0
4612,DEXAMETHASONE,DINACICLIB,HT144,-12.69412769,3,0
4615,DEXAMETHASONE,DINACICLIB,LNCAP,30.17025436,3,1
4618,DEXAMETHASONE,DINACICLIB,MSTO,-18.21498851,3,0
4625,DEXAMETHASONE,DINACICLIB,OV90,-10.15303299,3,0
4635,DEXAMETHASONE,DINACICLIB,T47D,-31.80455604,3,0
4640,DEXAMETHASONE,DINACICLIB,ZR751,-13.90086508,3,0
4641,DEXAMETHASONE,ERLOTINIB,A2058,-18.8279417,4,0
4645,DEXAMETHASONE,ERLOTINIB,CAOV3,42.95743104,4,1
4648,DEXAMETHASONE,ERLOTINIB,EFM192B,-27.89324657,4,0
4649,DEXAMETHASONE,ERLOTINIB,ES2,-19.21052691,4,0
4651,DEXAMETHASONE,ERLOTINIB,HT144,-21.42706708,4,0
4654,DEXAMETHASONE,ERLOTINIB,LNCAP,-21.66137716,4,0
4657,DEXAMETHASONE,ERLOTINIB,MSTO,-61.22461729,4,0
4658,DEXAMETHASONE,ERLOTINIB,NCIH1650,33.09442231,4,1
4659,DEXAMETHASONE,ERLOTINIB,NCIH2122,52.71829456,4,1
4664,DEXAMETHASONE,ERLOTINIB,OV90,-14.43662286,4,0
4667,DEXAMETHASONE,ERLOTINIB,RKO,-12.1036628,4,0
4668,DEXAMETHASONE,ERLOTINIB,RPMI7951,-32.28269213,4,0
4671,DEXAMETHASONE,ERLOTINIB,SKOV3,37.67902288,4,1
4674,DEXAMETHASONE,ERLOTINIB,T47D,-22.50252279,4,0
4678,DEXAMETHASONE,ERLOTINIB,VCAP,-14.64932466,4,0
4679,DEXAMETHASONE,ERLOTINIB,ZR751,29.72083762,4,1
4687,DEXAMETHASONE,GELDANAMYCIN,EFM192B,-10.47490608,1,0
4688,DEXAMETHASONE,GELDANAMYCIN,ES2,-10.66512029,1,0
4693,DEXAMETHASONE,GELDANAMYCIN,LNCAP,34.27257918,1,1
4703,DEXAMETHASONE,GELDANAMYCIN,OV90,-22.2375828,1,0
4707,DEXAMETHASONE,GELDANAMYCIN,RPMI7951,-18.16506912,1,0
4713,DEXAMETHASONE,GELDANAMYCIN,T47D,-30.07927989,1,0
4718,DEXAMETHASONE,GELDANAMYCIN,ZR751,-17.59747838,1,0
4723,DEXAMETHASONE,L778123,CAOV3,31.48016929,3,1
4726,DEXAMETHASONE,L778123,EFM192B,-15.00884406,3,0
4727,DEXAMETHASONE,L778123,ES2,-10.77576852,3,0
4746,DEXAMETHASONE,L778123,RPMI7951,-13.37758621,3,0
4747,DEXAMETHASONE,L778123,SKMEL30,27.61992149,3,1
4752,DEXAMETHASONE,L778123,T47D,-42.16076203,3,0
4758,DEXAMETHASONE,LAPATINIB,A2058,-16.23708253,4,0
4761,DEXAMETHASONE,LAPATINIB,A427,-10.15445248,4,0
4762,DEXAMETHASONE,LAPATINIB,CAOV3,50.78208204,4,1
4765,DEXAMETHASONE,LAPATINIB,EFM192B,-43.35886805,4,0
4766,DEXAMETHASONE,LAPATINIB,ES2,-22.31396343,4,0
4768,DEXAMETHASONE,LAPATINIB,HT144,-18.76719077,4,0
4771,DEXAMETHASONE,LAPATINIB,LNCAP,-15.41494289,4,0
4772,DEXAMETHASONE,LAPATINIB,LOVO,28.11855047,4,1
4774,DEXAMETHASONE,LAPATINIB,MSTO,-17.54874488,4,0
4775,DEXAMETHASONE,LAPATINIB,NCIH1650,29.08798755,4,1
4776,DEXAMETHASONE,LAPATINIB,NCIH2122,32.69391907,4,1
4778,DEXAMETHASONE,LAPATINIB,NCIH460,-16.75533239,4,0
4781,DEXAMETHASONE,LAPATINIB,OV90,-17.45420697,4,0
4784,DEXAMETHASONE,LAPATINIB,RKO,-10.0183544,4,0
4785,DEXAMETHASONE,LAPATINIB,RPMI7951,-42.24253708,4,0
4788,DEXAMETHASONE,LAPATINIB,SKOV3,42.19924568,4,1
4791,DEXAMETHASONE,LAPATINIB,T47D,-44.21924557,4,0
4795,DEXAMETHASONE,LAPATINIB,VCAP,-29.52280562,4,0
4796,DEXAMETHASONE,LAPATINIB,ZR751,34.22696236,4,1
4801,DEXAMETHASONE,MK-2206,CAOV3,64.46033017,4,1
4804,DEXAMETHASONE,MK-2206,EFM192B,-54.79297143,4,0
4805,DEXAMETHASONE,MK-2206,ES2,-18.4724161,4,0
4809,DEXAMETHASONE,MK-2206,KPL1,57.01983589,4,1
4811,DEXAMETHASONE,MK-2206,LOVO,38.20959773,4,1
4813,DEXAMETHASONE,MK-2206,MSTO,-15.12834398,4,0
4814,DEXAMETHASONE,MK-2206,NCIH1650,33.15240689,4,1
4815,DEXAMETHASONE,MK-2206,NCIH2122,89.8233377,4,1
4822,DEXAMETHASONE,MK-2206,PA1,26.60016067,4,1
4825,DEXAMETHASONE,MK-2206,SKMEL30,22.06917149,4,1
4826,DEXAMETHASONE,MK-2206,SKMES1,40.8180674,4,1
4827,DEXAMETHASONE,MK-2206,SKOV3,42.31804943,4,1
4830,DEXAMETHASONE,MK-2206,T47D,-10.05452424,4,0
4835,DEXAMETHASONE,MK-2206,ZR751,25.16323018,4,1
4836,DEXAMETHASONE,MK-4827,A2058,-17.63091432,2,0
4843,DEXAMETHASONE,MK-4827,EFM192B,-15.8620175,2,0
4844,DEXAMETHASONE,MK-4827,ES2,-21.32348237,2,0
4848,DEXAMETHASONE,MK-4827,KPL1,21.9218822,2,1
4849,DEXAMETHASONE,MK-4827,LNCAP,-24.70270587,2,0
4852,DEXAMETHASONE,MK-4827,MSTO,-14.31317304,2,0
4858,DEXAMETHASONE,MK-4827,OCUBM,33.01901308,2,1
4860,DEXAMETHASONE,MK-4827,OVCAR3,34.69193893,2,1
4863,DEXAMETHASONE,MK-4827,RPMI7951,-22.8128765,2,0
4869,DEXAMETHASONE,MK-4827,T47D,-42.43367586,2,0
4874,DEXAMETHASONE,MK-4827,ZR751,20.46738323,2,1
4879,DEXAMETHASONE,MK-5108,CAOV3,24.52854832,0,1
4882,DEXAMETHASONE,MK-5108,EFM192B,-11.38227987,0,0
4887,DEXAMETHASONE,MK-5108,KPL1,32.12419071,0,1
4888,DEXAMETHASONE,MK-5108,LNCAP,-35.67229739,0,0
4895,DEXAMETHASONE,MK-5108,NCIH460,-10.38303963,0,0
4902,DEXAMETHASONE,MK-5108,RPMI7951,-27.21662823,0,0
4904,DEXAMETHASONE,MK-5108,SKMES1,-11.57688694,0,0
4918,DEXAMETHASONE,MK-8669,CAOV3,47.68029342,1,1
4921,DEXAMETHASONE,MK-8669,EFM192B,24.95096542,1,1
4922,DEXAMETHASONE,MK-8669,ES2,-18.12398859,1,0
4926,DEXAMETHASONE,MK-8669,KPL1,65.48904582,1,1
4927,DEXAMETHASONE,MK-8669,LNCAP,-31.74550154,1,0
4928,DEXAMETHASONE,MK-8669,LOVO,49.61409943,1,1
4931,DEXAMETHASONE,MK-8669,NCIH1650,36.7644027,1,1
4932,DEXAMETHASONE,MK-8669,NCIH2122,59.36961882,1,1
4936,DEXAMETHASONE,MK-8669,OCUBM,40.28173409,1,1
4938,DEXAMETHASONE,MK-8669,OVCAR3,25.31086397,1,1
4942,DEXAMETHASONE,MK-8669,SKMEL30,42.82580631,1,1
4943,DEXAMETHASONE,MK-8669,SKMES1,37.09512397,1,1
4944,DEXAMETHASONE,MK-8669,SKOV3,40.81561531,1,1
4952,DEXAMETHASONE,MK-8669,ZR751,37.89883913,1,1
4957,DEXAMETHASONE,MK-8776,CAOV3,38.3181441,4,1
4965,DEXAMETHASONE,MK-8776,KPL1,33.74183301,4,1
4980,DEXAMETHASONE,MK-8776,RPMI7951,-41.99674606,4,0
4982,DEXAMETHASONE,MK-8776,SKMES1,-13.16365046,4,0
4985,DEXAMETHASONE,MK-8776,SW837,-11.58083781,4,0
4986,DEXAMETHASONE,MK-8776,T47D,-42.42649563,4,0
4988,DEXAMETHASONE,MK-8776,UWB1289,-13.8622125,4,0
4989,DEXAMETHASONE,MK-8776,UWB1289BRCA1,-10.03344429,4,0
4990,DEXAMETHASONE,MK-8776,VCAP,-13.40271864,4,0
4991,DEXAMETHASONE,MK-8776,ZR751,20.58548469,4,1
4995,DEXAMETHASONE,PD325901,A427,-23.39560713,4,0
4996,DEXAMETHASONE,PD325901,CAOV3,59.63789655,4,1
4999,DEXAMETHASONE,PD325901,EFM192B,-19.04993111,4,0
5010,DEXAMETHASONE,PD325901,NCIH2122,82.2543752,4,1
5015,DEXAMETHASONE,PD325901,OV90,-52.64044787,4,0
5019,DEXAMETHASONE,PD325901,RPMI7951,-10.41491106,4,0
5020,DEXAMETHASONE,PD325901,SKMEL30,25.23966366,4,1
5021,DEXAMETHASONE,PD325901,SKMES1,37.97967314,4,1
5022,DEXAMETHASONE,PD325901,SKOV3,31.56462135,4,1
5024,DEXAMETHASONE,PD325901,SW837,-10.19803447,4,0
5025,DEXAMETHASONE,PD325901,T47D,-42.08692277,4,0
5035,DEXAMETHASONE,SORAFENIB,CAOV3,24.47714374,4,1
5047,DEXAMETHASONE,SORAFENIB,MSTO,-13.2551634,4,0
5068,DEXAMETHASONE,SORAFENIB,VCAP,-10.39016133,4,0
5069,DEXAMETHASONE,SORAFENIB,ZR751,-17.40228488,4,0
5072,DEXAMETHASONE,SUNITINIB,A375,20.16357105,4,1
5082,DEXAMETHASONE,SUNITINIB,KPL1,22.5183179,4,1
5094,DEXAMETHASONE,SUNITINIB,OVCAR3,22.06639156,4,1
5099,DEXAMETHASONE,SUNITINIB,SKMES1,33.92197951,4,1
5100,DEXAMETHASONE,SUNITINIB,SKOV3,27.84233779,4,1
5109,DEXAMETHASONE,TEMOZOLOMIDE,A2058,-31.45511286,0,0
5113,DEXAMETHASONE,TEMOZOLOMIDE,CAOV3,-54.6542334,0,0
5116,DEXAMETHASONE,TEMOZOLOMIDE,EFM192B,-27.17988297,0,0
5117,DEXAMETHASONE,TEMOZOLOMIDE,ES2,-19.42313437,0,0
5119,DEXAMETHASONE,TEMOZOLOMIDE,HT144,-32.55071014,0,0
5123,DEXAMETHASONE,TEMOZOLOMIDE,LOVO,-11.96595315,0,0
5125,DEXAMETHASONE,TEMOZOLOMIDE,MSTO,-19.78372912,0,0
5126,DEXAMETHASONE,TEMOZOLOMIDE,NCIH1650,-24.82578864,0,0
5133,DEXAMETHASONE,TEMOZOLOMIDE,OVCAR3,-30.08644355,0,0
5136,DEXAMETHASONE,TEMOZOLOMIDE,RPMI7951,-33.55568593,0,0
5141,DEXAMETHASONE,TEMOZOLOMIDE,SW837,-23.68500711,0,0
5142,DEXAMETHASONE,TEMOZOLOMIDE,T47D,-66.16676967,0,0
5146,DEXAMETHASONE,TEMOZOLOMIDE,VCAP,-21.69886716,0,0
5147,DEXAMETHASONE,TEMOZOLOMIDE,ZR751,-61.95623519,0,0
5148,DEXAMETHASONE,ZOLINZA,A2058,-12.44071418,3,0
5151,DEXAMETHASONE,ZOLINZA,A427,-30.79409748,3,0
5152,DEXAMETHASONE,ZOLINZA,CAOV3,21.11872937,3,1
5161,DEXAMETHASONE,ZOLINZA,LNCAP,25.30085949,3,1
5164,DEXAMETHASONE,ZOLINZA,MSTO,-22.60756124,3,0
5172,DEXAMETHASONE,ZOLINZA,OVCAR3,41.20402814,3,1
5175,DEXAMETHASONE,ZOLINZA,RPMI7951,-11.631194,3,0
5189,DINACICLIB,MK-8776,A375,30.12894009,1,1
5191,DINACICLIB,MK-8776,CAOV3,-23.0551863,1,0
5195,DINACICLIB,MK-8776,ES2,-10.96302107,1,0
5200,DINACICLIB,MK-8776,LNCAP,45.43298162,1,1
5203,DINACICLIB,MK-8776,MSTO,-23.72719533,1,0
5204,DINACICLIB,MK-8776,NCIH1650,-14.64425297,1,0
5205,DINACICLIB,MK-8776,NCIH2122,-22.23403754,1,0
5206,DINACICLIB,MK-8776,NCIH23,-160.1475902,1,0
5210,DINACICLIB,MK-8776,OV90,-14.1414729,1,0
5213,DINACICLIB,MK-8776,RKO,20.40627444,1,1
5214,DINACICLIB,MK-8776,RPMI7951,-14.74784278,1,0
5216,DINACICLIB,MK-8776,SKMES1,-28.10017929,1,0
5219,DINACICLIB,MK-8776,SW837,-19.11557712,1,0
5222,DINACICLIB,MK-8776,UWB1289,-29.16981331,1,0
5223,DINACICLIB,MK-8776,UWB1289BRCA1,-35.88570118,1,0
5225,DINACICLIB,MK-8776,ZR751,-12.4741166,1,0
5242,DOXORUBICIN,ABT-888,MSTO,-23.21115736,2,0
5254,DOXORUBICIN,ABT-888,SKMEL30,-16.76489181,2,0
5282,DOXORUBICIN,AZD1775,NCIH1650,20.84834046,3,1
5288,DOXORUBICIN,AZD1775,OV90,-13.92283585,3,0
5289,DOXORUBICIN,AZD1775,OVCAR3,33.9244589,3,1
5300,DOXORUBICIN,AZD1775,UWB1289,51.69708044,3,1
5306,DOXORUBICIN,BEZ-235,A375,32.27278459,4,1
5314,DOXORUBICIN,BEZ-235,HT144,30.63177828,4,1
5317,DOXORUBICIN,BEZ-235,LNCAP,58.91384784,4,1
5320,DOXORUBICIN,BEZ-235,MSTO,-15.97304518,4,0
5323,DOXORUBICIN,BEZ-235,NCIH23,-12.16392394,4,0
5324,DOXORUBICIN,BEZ-235,NCIH460,29.22056752,4,1
5336,DOXORUBICIN,BEZ-235,SW837,21.57672056,4,1
5337,DOXORUBICIN,BEZ-235,T47D,77.42154796,4,1
5338,DOXORUBICIN,BEZ-235,UACC62,20.25884917,4,1
5340,DOXORUBICIN,BEZ-235,UWB1289BRCA1,22.69019628,4,1
5341,DOXORUBICIN,BEZ-235,VCAP,25.21479486,4,1
5345,DOXORUBICIN,BORTEZOMIB,A375,-12.52496679,4,0
5346,DOXORUBICIN,BORTEZOMIB,A427,-10.02828099,4,0
5347,DOXORUBICIN,BORTEZOMIB,CAOV3,-15.85211812,4,0
5348,DOXORUBICIN,BORTEZOMIB,COLO320DM,-25.16080556,4,0
5350,DOXORUBICIN,BORTEZOMIB,EFM192B,-20.72880449,4,0
5351,DOXORUBICIN,BORTEZOMIB,ES2,-29.20215971,4,0
5353,DOXORUBICIN,BORTEZOMIB,HT144,-11.24310517,4,0
5354,DOXORUBICIN,BORTEZOMIB,HT29,-15.48976013,4,0
5359,DOXORUBICIN,BORTEZOMIB,MSTO,-36.63297091,4,0
5360,DOXORUBICIN,BORTEZOMIB,NCIH1650,-23.04617464,4,0
5361,DOXORUBICIN,BORTEZOMIB,NCIH2122,-24.85599185,4,0
5362,DOXORUBICIN,BORTEZOMIB,NCIH23,-12.7654294,4,0
5364,DOXORUBICIN,BORTEZOMIB,NCIH520,-34.04301459,4,0
5366,DOXORUBICIN,BORTEZOMIB,OV90,-24.81815616,4,0
5367,DOXORUBICIN,BORTEZOMIB,OVCAR3,-16.04003836,4,0
5370,DOXORUBICIN,BORTEZOMIB,RPMI7951,-11.75971147,4,0
5371,DOXORUBICIN,BORTEZOMIB,SKMEL30,-13.39101488,4,0
5372,DOXORUBICIN,BORTEZOMIB,SKMES1,-19.80912814,4,0
5373,DOXORUBICIN,BORTEZOMIB,SKOV3,-19.96631996,4,0
5377,DOXORUBICIN,BORTEZOMIB,UACC62,-13.95935897,4,0
5378,DOXORUBICIN,BORTEZOMIB,UWB1289,-20.42727748,4,0
5381,DOXORUBICIN,BORTEZOMIB,ZR751,-18.24064921,4,0
5383,DOXORUBICIN,DASATINIB,A2780,31.39869974,4,1
5385,DOXORUBICIN,DASATINIB,A427,27.89795946,4,1
5387,DOXORUBICIN,DASATINIB,COLO320DM,25.75716726,4,1
5389,DOXORUBICIN,DASATINIB,EFM192B,24.07845699,4,1
5393,DOXORUBICIN,DASATINIB,HT29,24.2714133,4,1
5394,DOXORUBICIN,DASATINIB,KPL1,29.52235794,4,1
5395,DOXORUBICIN,DASATINIB,LNCAP,27.22772039,4,1
5396,DOXORUBICIN,DASATINIB,LOVO,40.48800624,4,1
5398,DOXORUBICIN,DASATINIB,MSTO,50.0688705,4,1
5399,DOXORUBICIN,DASATINIB,NCIH1650,41.57685475,4,1
5400,DOXORUBICIN,DASATINIB,NCIH2122,-45.52738575,4,0
5402,DOXORUBICIN,DASATINIB,NCIH460,32.16283448,4,1
5403,DOXORUBICIN,DASATINIB,NCIH520,37.63085438,4,1
5406,DOXORUBICIN,DASATINIB,OVCAR3,60.12770056,4,1
5408,DOXORUBICIN,DASATINIB,RKO,27.20003072,4,1
5413,DOXORUBICIN,DASATINIB,SW620,36.68571176,4,1
5414,DOXORUBICIN,DASATINIB,SW837,42.52311403,4,1
5415,DOXORUBICIN,DASATINIB,T47D,47.20344049,4,1
5419,DOXORUBICIN,DASATINIB,VCAP,22.68755667,4,1
5438,DOXORUBICIN,DINACICLIB,NCIH1650,-11.22434215,0,0
5440,DOXORUBICIN,DINACICLIB,NCIH23,-15.25648904,0,0
5442,DOXORUBICIN,DINACICLIB,NCIH520,-11.46926954,0,0
5444,DOXORUBICIN,DINACICLIB,OV90,-14.13956665,0,0
5445,DOXORUBICIN,DINACICLIB,OVCAR3,-14.5249197,0,0
5451,DOXORUBICIN,DINACICLIB,SKOV3,-13.50683065,0,0
5453,DOXORUBICIN,DINACICLIB,SW837,-10.20374454,0,0
5455,DOXORUBICIN,DINACICLIB,UACC62,-19.79281766,0,0
5465,DOXORUBICIN,ERLOTINIB,COLO320DM,-31.56962008,1,0
5466,DOXORUBICIN,ERLOTINIB,DLD1,-12.60457968,1,0
5467,DOXORUBICIN,ERLOTINIB,EFM192B,-19.25622462,1,0
5474,DOXORUBICIN,ERLOTINIB,LOVO,21.36506775,1,1
5478,DOXORUBICIN,ERLOTINIB,NCIH2122,21.06180058,1,1
5483,DOXORUBICIN,ERLOTINIB,OV90,-17.80334417,1,0
5484,DOXORUBICIN,ERLOTINIB,OVCAR3,-11.40605507,1,0
5485,DOXORUBICIN,ERLOTINIB,PA1,-12.54224979,1,0
5490,DOXORUBICIN,ERLOTINIB,SKOV3,-21.42793885,1,0
5492,DOXORUBICIN,ERLOTINIB,SW837,31.14249805,1,1
5493,DOXORUBICIN,ERLOTINIB,T47D,23.91141393,1,1
5498,DOXORUBICIN,ERLOTINIB,ZR751,22.75731903,1,1
5503,DOXORUBICIN,GELDANAMYCIN,CAOV3,-12.66027519,0,0
5506,DOXORUBICIN,GELDANAMYCIN,EFM192B,-11.36983635,0,0
5511,DOXORUBICIN,GELDANAMYCIN,KPL1,-13.10003761,0,0
5515,DOXORUBICIN,GELDANAMYCIN,MSTO,-39.58944098,0,0
5516,DOXORUBICIN,GELDANAMYCIN,NCIH1650,-13.40522824,0,0
5518,DOXORUBICIN,GELDANAMYCIN,NCIH23,-23.6318948,0,0
5520,DOXORUBICIN,GELDANAMYCIN,NCIH520,-13.93060179,0,0
5524,DOXORUBICIN,GELDANAMYCIN,PA1,-14.69607112,0,0
5528,DOXORUBICIN,GELDANAMYCIN,SKMES1,-10.20914689,0,0
5533,DOXORUBICIN,GELDANAMYCIN,UACC62,-13.6567175,0,0
5535,DOXORUBICIN,GELDANAMYCIN,UWB1289BRCA1,-25.42268311,0,0
5543,DOXORUBICIN,L778123,COLO320DM,-15.48895957,0,0
5544,DOXORUBICIN,L778123,DLD1,-11.11131859,0,0
5545,DOXORUBICIN,L778123,EFM192B,-20.82073043,0,0
5546,DOXORUBICIN,L778123,ES2,-10.67573422,0,0
5554,DOXORUBICIN,L778123,MSTO,-33.3885015,0,0
5555,DOXORUBICIN,L778123,NCIH1650,-16.1820269,0,0
5561,DOXORUBICIN,L778123,OV90,-12.9239441,0,0
5562,DOXORUBICIN,L778123,OVCAR3,-33.65088895,0,0
5563,DOXORUBICIN,L778123,PA1,-10.42198965,0,0
5566,DOXORUBICIN,L778123,SKMEL30,-18.0519715,0,0
5567,DOXORUBICIN,L778123,SKMES1,-12.61471488,0,0
5568,DOXORUBICIN,L778123,SKOV3,-28.31929693,0,0
5570,DOXORUBICIN,L778123,SW837,-17.84420182,0,0
5591,DOXORUBICIN,LAPATINIB,LOVO,27.36484932,0,1
5598,DOXORUBICIN,LAPATINIB,NCIH520,-18.33191573,0,0
5600,DOXORUBICIN,LAPATINIB,OV90,-19.34729439,0,0
5609,DOXORUBICIN,LAPATINIB,SW837,35.1944599,0,1
5610,DOXORUBICIN,LAPATINIB,T47D,42.3755568,0,1
5615,DOXORUBICIN,LAPATINIB,ZR751,20.61489083,0,1
5618,DOXORUBICIN,MK-2206,A375,22.14258923,1,1
5620,DOXORUBICIN,MK-2206,CAOV3,23.55710399,1,1
5626,DOXORUBICIN,MK-2206,HT144,27.55803273,1,1
5627,DOXORUBICIN,MK-2206,HT29,24.334338,1,1
5628,DOXORUBICIN,MK-2206,KPL1,29.00547602,1,1
5629,DOXORUBICIN,MK-2206,LNCAP,21.60217673,1,1
5630,DOXORUBICIN,MK-2206,LOVO,22.72333325,1,1
5633,DOXORUBICIN,MK-2206,NCIH1650,26.88657696,1,1
5636,DOXORUBICIN,MK-2206,NCIH460,34.74622446,1,1
5642,DOXORUBICIN,MK-2206,RKO,21.87779765,1,1
5645,DOXORUBICIN,MK-2206,SKMES1,25.29848232,1,1
5648,DOXORUBICIN,MK-2206,SW837,23.6053657,1,1
5649,DOXORUBICIN,MK-2206,T47D,35.67707513,1,1
5650,DOXORUBICIN,MK-2206,UACC62,23.35116755,1,1
5652,DOXORUBICIN,MK-2206,UWB1289BRCA1,20.61771192,1,1
5653,DOXORUBICIN,MK-2206,VCAP,26.36028697,1,1
5655,DOXORUBICIN,MK-4827,A2058,-12.54308836,3,0
5661,DOXORUBICIN,MK-4827,DLD1,-11.73081119,3,0
5663,DOXORUBICIN,MK-4827,ES2,-14.29408631,3,0
5664,DOXORUBICIN,MK-4827,HCT116,-12.83102695,3,0
5678,DOXORUBICIN,MK-4827,OV90,-27.38243703,3,0
5679,DOXORUBICIN,MK-4827,OVCAR3,-24.26301921,3,0
5680,DOXORUBICIN,MK-4827,PA1,-13.65337261,3,0
5685,DOXORUBICIN,MK-4827,SKOV3,-17.73927653,3,0
5687,DOXORUBICIN,MK-4827,SW837,-21.08137786,3,0
5688,DOXORUBICIN,MK-4827,T47D,21.05152592,3,1
5697,DOXORUBICIN,MK-5108,A427,-18.570381,3,0
5699,DOXORUBICIN,MK-5108,COLO320DM,-15.07155436,3,0
5701,DOXORUBICIN,MK-5108,EFM192B,-12.48880733,3,0
5704,DOXORUBICIN,MK-5108,HT144,-11.66929395,3,0
5706,DOXORUBICIN,MK-5108,KPL1,-10.05356729,3,0
5707,DOXORUBICIN,MK-5108,LNCAP,-17.37521122,3,0
5708,DOXORUBICIN,MK-5108,LOVO,-11.25304566,3,0
5712,DOXORUBICIN,MK-5108,NCIH2122,-18.33430727,3,0
5714,DOXORUBICIN,MK-5108,NCIH460,-12.25201478,3,0
5715,DOXORUBICIN,MK-5108,NCIH520,-21.05570493,3,0
5718,DOXORUBICIN,MK-5108,OVCAR3,-17.2476586,3,0
5723,DOXORUBICIN,MK-5108,SKMES1,-24.07595167,3,0
5724,DOXORUBICIN,MK-5108,SKOV3,-17.5550089,3,0
5728,DOXORUBICIN,MK-5108,UACC62,-12.96697781,3,0
5730,DOXORUBICIN,MK-5108,UWB1289BRCA1,-11.72390651,3,0
5732,DOXORUBICIN,MK-5108,ZR751,-10.85528899,3,0
5733,DOXORUBICIN,MK-8669,A2058,-10.49023254,3,0
5743,DOXORUBICIN,MK-8669,HT144,30.46098996,3,1
5744,DOXORUBICIN,MK-8669,HT29,22.99768644,3,1
5745,DOXORUBICIN,MK-8669,KPL1,29.96509813,3,1
5746,DOXORUBICIN,MK-8669,LNCAP,32.08194968,3,1
5750,DOXORUBICIN,MK-8669,NCIH1650,41.18662302,3,1
5761,DOXORUBICIN,MK-8669,SKMEL30,21.17126116,3,1
5763,DOXORUBICIN,MK-8669,SKOV3,32.25572773,3,1
5766,DOXORUBICIN,MK-8669,T47D,37.87194371,3,1
5769,DOXORUBICIN,MK-8669,UWB1289BRCA1,26.65406513,3,1
5770,DOXORUBICIN,MK-8669,VCAP,26.28132634,3,1
5771,DOXORUBICIN,MK-8669,ZR751,20.06848199,3,1
5774,DOXORUBICIN,MK-8776,A375,25.26990432,4,1
5777,DOXORUBICIN,MK-8776,COLO320DM,20.71238376,4,1
5780,DOXORUBICIN,MK-8776,ES2,22.03868685,4,1
5782,DOXORUBICIN,MK-8776,HT144,20.61004647,4,1
5783,DOXORUBICIN,MK-8776,HT29,36.72789817,4,1
5789,DOXORUBICIN,MK-8776,NCIH1650,24.5143169,4,1
5790,DOXORUBICIN,MK-8776,NCIH2122,-12.51493838,4,0
5793,DOXORUBICIN,MK-8776,NCIH520,24.53717622,4,1
5796,DOXORUBICIN,MK-8776,OVCAR3,52.03572177,4,1
5797,DOXORUBICIN,MK-8776,PA1,-14.68972152,4,0
5800,DOXORUBICIN,MK-8776,SKMEL30,37.95548534,4,1
5801,DOXORUBICIN,MK-8776,SKMES1,-15.15977039,4,0
5809,DOXORUBICIN,MK-8776,VCAP,23.08072424,4,1
5827,DOXORUBICIN,PD325901,MSTO,-24.77537839,1,0
5831,DOXORUBICIN,PD325901,NCIH460,28.33583948,1,1
5832,DOXORUBICIN,PD325901,NCIH520,-27.66661757,1,0
5835,DOXORUBICIN,PD325901,OVCAR3,-11.38678255,1,0
5836,DOXORUBICIN,PD325901,PA1,-12.47613222,1,0
5839,DOXORUBICIN,PD325901,SKMEL30,-24.51115165,1,0
5852,DOXORUBICIN,SORAFENIB,A375,-46.04624136,1,0
5854,DOXORUBICIN,SORAFENIB,CAOV3,-11.89438771,1,0
5855,DOXORUBICIN,SORAFENIB,COLO320DM,-14.18531713,1,0
5857,DOXORUBICIN,SORAFENIB,EFM192B,-23.57420414,1,0
5858,DOXORUBICIN,SORAFENIB,ES2,-11.95953971,1,0
5859,DOXORUBICIN,SORAFENIB,HCT116,-12.93846288,1,0
5861,DOXORUBICIN,SORAFENIB,HT29,-13.3605129,1,0
5863,DOXORUBICIN,SORAFENIB,LNCAP,-10.73493807,1,0
5864,DOXORUBICIN,SORAFENIB,LOVO,-15.29786353,1,0
5865,DOXORUBICIN,SORAFENIB,MDAMB436,-16.18892584,1,0
5867,DOXORUBICIN,SORAFENIB,NCIH1650,-22.85367654,1,0
5868,DOXORUBICIN,SORAFENIB,NCIH2122,-12.79070237,1,0
5869,DOXORUBICIN,SORAFENIB,NCIH23,-13.26867902,1,0
5873,DOXORUBICIN,SORAFENIB,OV90,-14.13044098,1,0
5874,DOXORUBICIN,SORAFENIB,OVCAR3,-39.00145769,1,0
5876,DOXORUBICIN,SORAFENIB,RKO,-12.0189401,1,0
5877,DOXORUBICIN,SORAFENIB,RPMI7951,-16.13219697,1,0
5879,DOXORUBICIN,SORAFENIB,SKMES1,-19.00794257,1,0
5880,DOXORUBICIN,SORAFENIB,SKOV3,-22.50246654,1,0
5882,DOXORUBICIN,SORAFENIB,SW837,-17.63687925,1,0
5887,DOXORUBICIN,SORAFENIB,VCAP,-17.31329588,1,0
5888,DOXORUBICIN,SORAFENIB,ZR751,-18.74222054,1,0
5891,DOXORUBICIN,SUNITINIB,A375,-31.96588485,4,0
5896,DOXORUBICIN,SUNITINIB,EFM192B,-15.78295255,4,0
5902,DOXORUBICIN,SUNITINIB,LNCAP,-23.84764824,4,0
5905,DOXORUBICIN,SUNITINIB,MSTO,-14.56283254,4,0
5908,DOXORUBICIN,SUNITINIB,NCIH23,-15.54788956,4,0
5910,DOXORUBICIN,SUNITINIB,NCIH520,-10.66924847,4,0
5912,DOXORUBICIN,SUNITINIB,OV90,-12.69968245,4,0
5916,DOXORUBICIN,SUNITINIB,RPMI7951,-12.95040498,4,0
5918,DOXORUBICIN,SUNITINIB,SKMES1,-16.63118696,4,0
5919,DOXORUBICIN,SUNITINIB,SKOV3,-14.38319177,4,0
5922,DOXORUBICIN,SUNITINIB,T47D,-12.09784645,4,0
5940,DOXORUBICIN,TEMOZOLOMIDE,KPL1,-17.7321459,2,0
5943,DOXORUBICIN,TEMOZOLOMIDE,MDAMB436,-12.98371133,2,0
5946,DOXORUBICIN,TEMOZOLOMIDE,NCIH2122,-11.3086724,2,0
5953,DOXORUBICIN,TEMOZOLOMIDE,PA1,-12.45608267,2,0
5960,DOXORUBICIN,TEMOZOLOMIDE,SW837,-13.32181269,2,0
5962,DOXORUBICIN,TEMOZOLOMIDE,UACC62,-18.9433129,2,0
5966,DOXORUBICIN,TEMOZOLOMIDE,ZR751,-13.27729077,2,0
5970,DOXORUBICIN,ZOLINZA,A427,-11.11280124,0,0
5978,DOXORUBICIN,ZOLINZA,HT29,24.56828323,0,1
5980,DOXORUBICIN,ZOLINZA,LNCAP,25.43427623,0,1
5997,DOXORUBICIN,ZOLINZA,SKOV3,22.25581931,0,1
6000,DOXORUBICIN,ZOLINZA,T47D,22.84665169,0,1
6002,DOXORUBICIN,ZOLINZA,UWB1289,23.30745483,0,1
6003,DOXORUBICIN,ZOLINZA,UWB1289BRCA1,20.00427139,0,1
6014,ERLOTINIB,ABT-888,ES2,-12.43349741,4,0
6017,ERLOTINIB,ABT-888,HT29,-11.26311941,4,0
6019,ERLOTINIB,ABT-888,LNCAP,-23.8823541,4,0
6022,ERLOTINIB,ABT-888,MSTO,52.03256407,4,1
6029,ERLOTINIB,ABT-888,OV90,-13.32020911,4,0
6037,ERLOTINIB,ABT-888,SW620,-11.64468066,4,0
6039,ERLOTINIB,ABT-888,T47D,-14.15331149,4,0
6043,ERLOTINIB,ABT-888,VCAP,-17.27573982,4,0
6045,ERLOTINIB,BEZ-235,A2058,30.44723473,0,1
6046,ERLOTINIB,BEZ-235,A2780,32.9904113,0,1
6047,ERLOTINIB,BEZ-235,A375,32.79138222,0,1
6048,ERLOTINIB,BEZ-235,A427,24.82046387,0,1
6049,ERLOTINIB,BEZ-235,CAOV3,53.23611483,0,1
6050,ERLOTINIB,BEZ-235,COLO320DM,23.85059687,0,1
6051,ERLOTINIB,BEZ-235,DLD1,41.94861745,0,1
6052,ERLOTINIB,BEZ-235,EFM192B,36.28988368,0,1
6054,ERLOTINIB,BEZ-235,HCT116,40.74023865,0,1
6056,ERLOTINIB,BEZ-235,HT29,37.24732576,0,1
6057,ERLOTINIB,BEZ-235,KPL1,31.23105824,0,1
6058,ERLOTINIB,BEZ-235,LNCAP,85.15352215,0,1
6059,ERLOTINIB,BEZ-235,LOVO,38.90157501,0,1
6060,ERLOTINIB,BEZ-235,MDAMB436,34.3614618,0,1
6061,ERLOTINIB,BEZ-235,MSTO,40.76447271,0,1
6062,ERLOTINIB,BEZ-235,NCIH1650,26.76837282,0,1
6063,ERLOTINIB,BEZ-235,NCIH2122,53.94195019,0,1
6064,ERLOTINIB,BEZ-235,NCIH23,30.39517847,0,1
6065,ERLOTINIB,BEZ-235,NCIH460,34.65177323,0,1
6066,ERLOTINIB,BEZ-235,NCIH520,36.29686721,0,1
6067,ERLOTINIB,BEZ-235,OCUBM,28.33328867,0,1
6068,ERLOTINIB,BEZ-235,OV90,23.65798387,0,1
6069,ERLOTINIB,BEZ-235,OVCAR3,41.44320365,0,1
6070,ERLOTINIB,BEZ-235,PA1,28.77665393,0,1
6072,ERLOTINIB,BEZ-235,RPMI7951,33.10748025,0,1
6073,ERLOTINIB,BEZ-235,SKMEL30,40.3172508,0,1
6074,ERLOTINIB,BEZ-235,SKMES1,40.10436985,0,1
6075,ERLOTINIB,BEZ-235,SKOV3,33.22300939,0,1
6077,ERLOTINIB,BEZ-235,SW837,48.23512601,0,1
6078,ERLOTINIB,BEZ-235,T47D,141.790374,0,1
6079,ERLOTINIB,BEZ-235,UACC62,21.03592517,0,1
6080,ERLOTINIB,BEZ-235,UWB1289,40.58463507,0,1
6081,ERLOTINIB,BEZ-235,UWB1289BRCA1,41.01457813,0,1
6082,ERLOTINIB,BEZ-235,VCAP,29.05193526,0,1
6083,ERLOTINIB,BEZ-235,ZR751,52.1263634,0,1
6085,ERLOTINIB,BORTEZOMIB,A2780,-23.08608321,0,0
6086,ERLOTINIB,BORTEZOMIB,A375,25.53971155,0,1
6087,ERLOTINIB,BORTEZOMIB,A427,-15.65410165,0,0
6088,ERLOTINIB,BORTEZOMIB,CAOV3,-18.43407369,0,0
6089,ERLOTINIB,BORTEZOMIB,COLO320DM,-19.42850827,0,0
6092,ERLOTINIB,BORTEZOMIB,ES2,-22.64897131,0,0
6094,ERLOTINIB,BORTEZOMIB,HT144,-16.19947167,0,0
6095,ERLOTINIB,BORTEZOMIB,HT29,-14.92795583,0,0
6097,ERLOTINIB,BORTEZOMIB,LNCAP,-17.80210878,0,0
6100,ERLOTINIB,BORTEZOMIB,MSTO,29.00394489,0,1
6101,ERLOTINIB,BORTEZOMIB,NCIH1650,-14.2940195,0,0
6105,ERLOTINIB,BORTEZOMIB,NCIH520,-23.84255611,0,0
6107,ERLOTINIB,BORTEZOMIB,OV90,-10.51068817,0,0
6108,ERLOTINIB,BORTEZOMIB,OVCAR3,-15.0662119,0,0
6111,ERLOTINIB,BORTEZOMIB,RPMI7951,-16.84735374,0,0
6113,ERLOTINIB,BORTEZOMIB,SKMES1,-11.42040437,0,0
6116,ERLOTINIB,BORTEZOMIB,SW837,29.48258491,0,1
6117,ERLOTINIB,BORTEZOMIB,T47D,-42.70233051,0,0
6118,ERLOTINIB,BORTEZOMIB,UACC62,-20.68908184,0,0
6119,ERLOTINIB,BORTEZOMIB,UWB1289,-20.09891095,0,0
6123,ERLOTINIB,DASATINIB,A2058,50.85612673,3,1
6124,ERLOTINIB,DASATINIB,A2780,55.7433202,3,1
6126,ERLOTINIB,DASATINIB,A427,67.02852359,3,1
6127,ERLOTINIB,DASATINIB,CAOV3,35.76292632,3,1
6129,ERLOTINIB,DASATINIB,DLD1,68.43284741,3,1
6130,ERLOTINIB,DASATINIB,EFM192B,52.37427854,3,1
6133,ERLOTINIB,DASATINIB,HT144,-44.27131648,3,0
6134,ERLOTINIB,DASATINIB,HT29,26.65382131,3,1
6136,ERLOTINIB,DASATINIB,LNCAP,30.85505426,3,1
6137,ERLOTINIB,DASATINIB,LOVO,39.95268983,3,1
6138,ERLOTINIB,DASATINIB,MDAMB436,20.86509131,3,1
6139,ERLOTINIB,DASATINIB,MSTO,-112.7046695,3,0
6140,ERLOTINIB,DASATINIB,NCIH1650,61.58695742,3,1
6142,ERLOTINIB,DASATINIB,NCIH23,21.80651781,3,1
6144,ERLOTINIB,DASATINIB,NCIH520,48.936706,3,1
6147,ERLOTINIB,DASATINIB,OVCAR3,100.767868,3,1
6148,ERLOTINIB,DASATINIB,PA1,26.42060573,3,1
6150,ERLOTINIB,DASATINIB,RPMI7951,20.22782323,3,1
6151,ERLOTINIB,DASATINIB,SKMEL30,-20.14259668,3,0
6152,ERLOTINIB,DASATINIB,SKMES1,55.34476194,3,1
6153,ERLOTINIB,DASATINIB,SKOV3,34.88545929,3,1
6154,ERLOTINIB,DASATINIB,SW620,31.19986694,3,1
6155,ERLOTINIB,DASATINIB,SW837,55.38902039,3,1
6157,ERLOTINIB,DASATINIB,UACC62,30.71440017,3,1
6158,ERLOTINIB,DASATINIB,UWB1289,43.18599864,3,1
6159,ERLOTINIB,DASATINIB,UWB1289BRCA1,49.46793269,3,1
6161,ERLOTINIB,DASATINIB,ZR751,-53.72833547,3,0
6167,ERLOTINIB,DINACICLIB,COLO320DM,43.51603934,0,1
6168,ERLOTINIB,DINACICLIB,DLD1,25.7207845,0,1
6175,ERLOTINIB,DINACICLIB,LNCAP,25.47660754,0,1
6178,ERLOTINIB,DINACICLIB,MSTO,-45.42477831,0,0
6180,ERLOTINIB,DINACICLIB,NCIH2122,20.25445639,0,1
6184,ERLOTINIB,DINACICLIB,OCUBM,-16.85915516,0,0
6199,ERLOTINIB,DINACICLIB,VCAP,32.25620878,0,1
6203,ERLOTINIB,GELDANAMYCIN,A375,36.18756156,4,1
6207,ERLOTINIB,GELDANAMYCIN,DLD1,31.67965199,4,1
6210,ERLOTINIB,GELDANAMYCIN,HCT116,41.62495754,4,1
6217,ERLOTINIB,GELDANAMYCIN,MSTO,-22.21185453,4,0
6223,ERLOTINIB,GELDANAMYCIN,OCUBM,-12.9753621,4,0
6225,ERLOTINIB,GELDANAMYCIN,OVCAR3,-34.65717496,4,0
6228,ERLOTINIB,GELDANAMYCIN,RPMI7951,-10.72328848,4,0
6230,ERLOTINIB,GELDANAMYCIN,SKMES1,22.27090141,4,1
6236,ERLOTINIB,GELDANAMYCIN,UWB1289,-22.88384516,4,0
6237,ERLOTINIB,GELDANAMYCIN,UWB1289BRCA1,-22.83848169,4,0
6240,ERLOTINIB,MK-8669,A2058,52.26171598,4,1
6241,ERLOTINIB,MK-8669,A2780,36.23987344,4,1
6242,ERLOTINIB,MK-8669,A375,56.66491207,4,1
6243,ERLOTINIB,MK-8669,A427,32.50271138,4,1
6244,ERLOTINIB,MK-8669,CAOV3,62.65781411,4,1
6246,ERLOTINIB,MK-8669,DLD1,44.79209385,4,1
6247,ERLOTINIB,MK-8669,EFM192B,65.95898663,4,1
6248,ERLOTINIB,MK-8669,ES2,44.9903576,4,1
6250,ERLOTINIB,MK-8669,HT144,36.79371745,4,1
6251,ERLOTINIB,MK-8669,HT29,31.57708029,4,1
6252,ERLOTINIB,MK-8669,KPL1,46.75582861,4,1
6253,ERLOTINIB,MK-8669,LNCAP,28.7507326,4,1
6254,ERLOTINIB,MK-8669,LOVO,47.34442041,4,1
6255,ERLOTINIB,MK-8669,MDAMB436,26.64170048,4,1
6256,ERLOTINIB,MK-8669,MSTO,-137.2614159,4,0
6258,ERLOTINIB,MK-8669,NCIH2122,45.29161162,4,1
6259,ERLOTINIB,MK-8669,NCIH23,40.58409884,4,1
6260,ERLOTINIB,MK-8669,NCIH460,42.49559207,4,1
6261,ERLOTINIB,MK-8669,NCIH520,20.02741966,4,1
6262,ERLOTINIB,MK-8669,OCUBM,48.47002622,4,1
6263,ERLOTINIB,MK-8669,OV90,42.80120535,4,1
6264,ERLOTINIB,MK-8669,OVCAR3,37.04348424,4,1
6265,ERLOTINIB,MK-8669,PA1,52.51412182,4,1
6266,ERLOTINIB,MK-8669,RKO,38.54313446,4,1
6267,ERLOTINIB,MK-8669,RPMI7951,42.44759178,4,1
6268,ERLOTINIB,MK-8669,SKMEL30,62.09326122,4,1
6269,ERLOTINIB,MK-8669,SKMES1,32.10376803,4,1
6270,ERLOTINIB,MK-8669,SKOV3,60.90617431,4,1
6271,ERLOTINIB,MK-8669,SW620,21.62925184,4,1
6272,ERLOTINIB,MK-8669,SW837,34.68853378,4,1
6273,ERLOTINIB,MK-8669,T47D,54.65479081,4,1
6274,ERLOTINIB,MK-8669,UACC62,60.95019851,4,1
6275,ERLOTINIB,MK-8669,UWB1289,40.66982585,4,1
6276,ERLOTINIB,MK-8669,UWB1289BRCA1,40.57509394,4,1
6278,ERLOTINIB,MK-8669,ZR751,71.43896439,4,1
6279,ERLOTINIB,MK-8776,A2058,24.12947014,2,1
6280,ERLOTINIB,MK-8776,A2780,29.21281262,2,1
6281,ERLOTINIB,MK-8776,A375,37.74995952,2,1
6283,ERLOTINIB,MK-8776,CAOV3,40.45472172,2,1
6288,ERLOTINIB,MK-8776,HCT116,24.7554418,2,1
6292,ERLOTINIB,MK-8776,LNCAP,25.76972227,2,1
6293,ERLOTINIB,MK-8776,LOVO,21.94775464,2,1
6303,ERLOTINIB,MK-8776,OVCAR3,20.53443477,2,1
6307,ERLOTINIB,MK-8776,SKMEL30,24.93792278,2,1
6309,ERLOTINIB,MK-8776,SKOV3,22.04840298,2,1
6312,ERLOTINIB,MK-8776,T47D,-10.08431033,2,0
6313,ERLOTINIB,MK-8776,UACC62,28.02400498,2,1
6314,ERLOTINIB,MK-8776,UWB1289,-16.57226109,2,0
6315,ERLOTINIB,MK-8776,UWB1289BRCA1,-25.67572603,2,0
6316,ERLOTINIB,MK-8776,VCAP,24.72858795,2,1
6318,ERLOTINIB,OXALIPLATIN,A2058,-14.44814605,1,0
6319,ERLOTINIB,OXALIPLATIN,A2780,-41.24503228,1,0
6321,ERLOTINIB,OXALIPLATIN,A427,-20.69166135,1,0
6322,ERLOTINIB,OXALIPLATIN,CAOV3,-19.3377721,1,0
6323,ERLOTINIB,OXALIPLATIN,COLO320DM,-15.41204948,1,0
6324,ERLOTINIB,OXALIPLATIN,DLD1,-10.52325405,1,0
6325,ERLOTINIB,OXALIPLATIN,EFM192B,-28.17197926,1,0
6326,ERLOTINIB,OXALIPLATIN,ES2,-24.54218878,1,0
6327,ERLOTINIB,OXALIPLATIN,HCT116,-19.58979645,1,0
6328,ERLOTINIB,OXALIPLATIN,HT144,-24.48137144,1,0
6329,ERLOTINIB,OXALIPLATIN,HT29,-20.05594529,1,0
6331,ERLOTINIB,OXALIPLATIN,LNCAP,-10.98615564,1,0
6333,ERLOTINIB,OXALIPLATIN,MDAMB436,-23.05639303,1,0
6336,ERLOTINIB,OXALIPLATIN,NCIH2122,-11.66336863,1,0
6337,ERLOTINIB,OXALIPLATIN,NCIH23,-27.97151102,1,0
6338,ERLOTINIB,OXALIPLATIN,NCIH460,-45.68658386,1,0
6339,ERLOTINIB,OXALIPLATIN,NCIH520,-14.84679947,1,0
6341,ERLOTINIB,OXALIPLATIN,OV90,-31.19833126,1,0
6343,ERLOTINIB,OXALIPLATIN,PA1,-57.24112604,1,0
6345,ERLOTINIB,OXALIPLATIN,RPMI7951,-44.63831953,1,0
6346,ERLOTINIB,OXALIPLATIN,SKMEL30,-10.22493429,1,0
6349,ERLOTINIB,OXALIPLATIN,SW620,-33.75034384,1,0
6352,ERLOTINIB,OXALIPLATIN,UACC62,-17.15687451,1,0
6358,ERLOTINIB,PD325901,A2780,26.39128639,2,1
6359,ERLOTINIB,PD325901,A375,26.85035826,2,1
6361,ERLOTINIB,PD325901,CAOV3,46.93900496,2,1
6363,ERLOTINIB,PD325901,DLD1,39.517205,2,1
6371,ERLOTINIB,PD325901,LOVO,37.16879127,2,1
6373,ERLOTINIB,PD325901,MSTO,-17.33461973,2,0
6375,ERLOTINIB,PD325901,NCIH2122,63.43808914,2,1
6381,ERLOTINIB,PD325901,OVCAR3,23.44550288,2,1
6386,ERLOTINIB,PD325901,SKMES1,26.85479765,2,1
6388,ERLOTINIB,PD325901,SW620,-10.3945433,2,0
6389,ERLOTINIB,PD325901,SW837,31.64566875,2,1
6390,ERLOTINIB,PD325901,T47D,-32.78744411,2,0
6392,ERLOTINIB,PD325901,UWB1289,25.17464734,2,1
6393,ERLOTINIB,PD325901,UWB1289BRCA1,26.36941199,2,1
6395,ERLOTINIB,PD325901,ZR751,32.23841884,2,1
6397,ERLOTINIB,SN-38,A2780,36.95459201,2,1
6398,ERLOTINIB,SN-38,A375,33.42878416,2,1
6400,ERLOTINIB,SN-38,CAOV3,20.80699628,2,1
6402,ERLOTINIB,SN-38,DLD1,24.11482236,2,1
6403,ERLOTINIB,SN-38,EFM192B,28.88500204,2,1
6405,ERLOTINIB,SN-38,HCT116,35.52871201,2,1
6407,ERLOTINIB,SN-38,HT29,33.40283823,2,1
6408,ERLOTINIB,SN-38,KPL1,20.16679018,2,1
6409,ERLOTINIB,SN-38,LNCAP,-23.06287044,2,0
6411,ERLOTINIB,SN-38,MDAMB436,23.57565008,2,1
6414,ERLOTINIB,SN-38,NCIH2122,41.60026332,2,1
6415,ERLOTINIB,SN-38,NCIH23,53.28600154,2,1
6416,ERLOTINIB,SN-38,NCIH460,67.7815276,2,1
6419,ERLOTINIB,SN-38,OV90,-17.32644536,2,0
6420,ERLOTINIB,SN-38,OVCAR3,28.00473745,2,1
6421,ERLOTINIB,SN-38,PA1,30.90677525,2,1
6422,ERLOTINIB,SN-38,RKO,23.1858689,2,1
6423,ERLOTINIB,SN-38,RPMI7951,48.39241724,2,1
6425,ERLOTINIB,SN-38,SKMES1,27.93890797,2,1
6426,ERLOTINIB,SN-38,SKOV3,21.17547988,2,1
6428,ERLOTINIB,SN-38,SW837,44.01183222,2,1
6430,ERLOTINIB,SN-38,UACC62,22.40289979,2,1
6432,ERLOTINIB,SN-38,UWB1289BRCA1,21.49563062,2,1
6433,ERLOTINIB,SN-38,VCAP,42.30916661,2,1
6434,ERLOTINIB,SN-38,ZR751,52.34467525,2,1
6452,ERLOTINIB,SORAFENIB,NCIH1650,25.2103511,1,1
6459,ERLOTINIB,SORAFENIB,OVCAR3,-18.11266802,1,0
6474,ERLOTINIB,TOPOTECAN,A2058,20.65954665,3,1
6475,ERLOTINIB,TOPOTECAN,A2780,24.97319688,3,1
6476,ERLOTINIB,TOPOTECAN,A375,25.44025942,3,1
6477,ERLOTINIB,TOPOTECAN,A427,26.27349199,3,1
6481,ERLOTINIB,TOPOTECAN,EFM192B,21.93706304,3,1
6482,ERLOTINIB,TOPOTECAN,ES2,26.16252976,3,1
6483,ERLOTINIB,TOPOTECAN,HCT116,32.08496121,3,1
6484,ERLOTINIB,TOPOTECAN,HT144,21.41281544,3,1
6485,ERLOTINIB,TOPOTECAN,HT29,22.53932867,3,1
6486,ERLOTINIB,TOPOTECAN,KPL1,27.57395354,3,1
6488,ERLOTINIB,TOPOTECAN,LOVO,32.12638544,3,1
6492,ERLOTINIB,TOPOTECAN,NCIH2122,37.08704855,3,1
6493,ERLOTINIB,TOPOTECAN,NCIH23,29.76010548,3,1
6494,ERLOTINIB,TOPOTECAN,NCIH460,33.09865807,3,1
6495,ERLOTINIB,TOPOTECAN,NCIH520,31.44481537,3,1
6500,ERLOTINIB,TOPOTECAN,RKO,49.30660489,3,1
6502,ERLOTINIB,TOPOTECAN,SKMEL30,33.82957414,3,1
6503,ERLOTINIB,TOPOTECAN,SKMES1,25.71822543,3,1
6505,ERLOTINIB,TOPOTECAN,SW620,23.34923593,3,1
6506,ERLOTINIB,TOPOTECAN,SW837,41.81525129,3,1
6508,ERLOTINIB,TOPOTECAN,UACC62,23.24368022,3,1
6511,ERLOTINIB,TOPOTECAN,VCAP,58.19345418,3,1
6512,ERLOTINIB,TOPOTECAN,ZR751,52.94124794,3,1
6516,ETOPOSIDE,ABT-888,A427,-13.99330443,3,0
6517,ETOPOSIDE,ABT-888,CAOV3,88.90313873,3,1
6521,ETOPOSIDE,ABT-888,ES2,-14.56628388,3,0
6529,ETOPOSIDE,ABT-888,MSTO,26.68015393,3,1
6551,ETOPOSIDE,ABT-888,ZR751,23.68977919,3,1
6556,ETOPOSIDE,AZD1775,CAOV3,37.36484746,3,1
6564,ETOPOSIDE,AZD1775,KPL1,24.46834197,3,1
6565,ETOPOSIDE,AZD1775,LNCAP,21.45110565,3,1
6569,ETOPOSIDE,AZD1775,NCIH1650,34.96332912,3,1
6571,ETOPOSIDE,AZD1775,NCIH23,-147.6170918,3,0
6576,ETOPOSIDE,AZD1775,OVCAR3,63.31363492,3,1
6585,ETOPOSIDE,AZD1775,T47D,-20.69843069,3,0
6586,ETOPOSIDE,AZD1775,UACC62,25.10252076,3,1
6587,ETOPOSIDE,AZD1775,UWB1289,85.22858499,3,1
6589,ETOPOSIDE,AZD1775,VCAP,20.27995291,3,1
6593,ETOPOSIDE,BEZ-235,A375,31.99711368,2,1
6595,ETOPOSIDE,BEZ-235,CAOV3,85.75614627,2,1
6598,ETOPOSIDE,BEZ-235,EFM192B,-11.25730054,2,0
6601,ETOPOSIDE,BEZ-235,HT144,36.34399595,2,1
6603,ETOPOSIDE,BEZ-235,KPL1,24.92334535,2,1
6604,ETOPOSIDE,BEZ-235,LNCAP,93.40478314,2,1
6606,ETOPOSIDE,BEZ-235,MDAMB436,28.39176146,2,1
6607,ETOPOSIDE,BEZ-235,MSTO,20.29258749,2,1
6610,ETOPOSIDE,BEZ-235,NCIH23,-11.80792927,2,0
6611,ETOPOSIDE,BEZ-235,NCIH460,29.59680637,2,1
6616,ETOPOSIDE,BEZ-235,PA1,-18.37474174,2,0
6618,ETOPOSIDE,BEZ-235,RPMI7951,-13.30798634,2,0
6621,ETOPOSIDE,BEZ-235,SKOV3,-12.54844267,2,0
6624,ETOPOSIDE,BEZ-235,T47D,101.6125542,2,1
6629,ETOPOSIDE,BEZ-235,ZR751,37.20808625,2,1
6633,ETOPOSIDE,BORTEZOMIB,A427,-14.07950269,1,0
6634,ETOPOSIDE,BORTEZOMIB,CAOV3,54.31000908,1,1
6637,ETOPOSIDE,BORTEZOMIB,EFM192B,-11.48207983,1,0
6638,ETOPOSIDE,BORTEZOMIB,ES2,-38.16106574,1,0
6641,ETOPOSIDE,BORTEZOMIB,HT29,-16.41332149,1,0
6646,ETOPOSIDE,BORTEZOMIB,MSTO,49.13867719,1,1
6648,ETOPOSIDE,BORTEZOMIB,NCIH2122,-11.99507083,1,0
6649,ETOPOSIDE,BORTEZOMIB,NCIH23,-11.27577628,1,0
6651,ETOPOSIDE,BORTEZOMIB,NCIH520,-33.89563814,1,0
6652,ETOPOSIDE,BORTEZOMIB,OCUBM,-13.05824866,1,0
6653,ETOPOSIDE,BORTEZOMIB,OV90,-20.56680342,1,0
6655,ETOPOSIDE,BORTEZOMIB,PA1,-18.67285057,1,0
6657,ETOPOSIDE,BORTEZOMIB,RPMI7951,-15.77053036,1,0
6659,ETOPOSIDE,BORTEZOMIB,SKMES1,-21.79160617,1,0
6662,ETOPOSIDE,BORTEZOMIB,SW837,-14.57106296,1,0
6663,ETOPOSIDE,BORTEZOMIB,T47D,-19.80398812,1,0
6664,ETOPOSIDE,BORTEZOMIB,UACC62,-17.8222598,1,0
6665,ETOPOSIDE,BORTEZOMIB,UWB1289,-24.14340442,1,0
6667,ETOPOSIDE,BORTEZOMIB,VCAP,-10.5712824,1,0
6668,ETOPOSIDE,BORTEZOMIB,ZR751,26.75504326,1,1
6670,ETOPOSIDE,DASATINIB,A2780,66.56695223,4,1
6671,ETOPOSIDE,DASATINIB,A375,33.1108059,4,1
6672,ETOPOSIDE,DASATINIB,A427,29.60077592,4,1
6673,ETOPOSIDE,DASATINIB,CAOV3,58.84842185,4,1
6677,ETOPOSIDE,DASATINIB,ES2,-17.70072655,4,0
6679,ETOPOSIDE,DASATINIB,HT144,-36.23824218,4,0
6680,ETOPOSIDE,DASATINIB,HT29,24.34993899,4,1
6681,ETOPOSIDE,DASATINIB,KPL1,26.27136634,4,1
6682,ETOPOSIDE,DASATINIB,LNCAP,31.32548663,4,1
6683,ETOPOSIDE,DASATINIB,LOVO,60.79997037,4,1
6684,ETOPOSIDE,DASATINIB,MDAMB436,25.68606382,4,1
6685,ETOPOSIDE,DASATINIB,MSTO,85.69462031,4,1
6686,ETOPOSIDE,DASATINIB,NCIH1650,50.30604813,4,1
6687,ETOPOSIDE,DASATINIB,NCIH2122,-55.13805214,4,0
6688,ETOPOSIDE,DASATINIB,NCIH23,-183.3295713,4,0
6689,ETOPOSIDE,DASATINIB,NCIH460,40.12098513,4,1
6690,ETOPOSIDE,DASATINIB,NCIH520,43.69840612,4,1
6693,ETOPOSIDE,DASATINIB,OVCAR3,106.6307301,4,1
6695,ETOPOSIDE,DASATINIB,RKO,25.08988503,4,1
6697,ETOPOSIDE,DASATINIB,SKMEL30,-32.47747331,4,0
6700,ETOPOSIDE,DASATINIB,SW620,42.24770688,4,1
6701,ETOPOSIDE,DASATINIB,SW837,40.76213756,4,1
6702,ETOPOSIDE,DASATINIB,T47D,-19.09969407,4,0
6710,ETOPOSIDE,DINACICLIB,A375,-122.7718052,1,0
6712,ETOPOSIDE,DINACICLIB,CAOV3,56.19980681,1,1
6715,ETOPOSIDE,DINACICLIB,EFM192B,-12.62013225,1,0
6717,ETOPOSIDE,DINACICLIB,HCT116,-12.96661918,1,0
6727,ETOPOSIDE,DINACICLIB,NCIH23,-19.11703449,1,0
6731,ETOPOSIDE,DINACICLIB,OV90,-13.03157185,1,0
6733,ETOPOSIDE,DINACICLIB,PA1,-11.88512779,1,0
6735,ETOPOSIDE,DINACICLIB,RPMI7951,-11.643017,1,0
6737,ETOPOSIDE,DINACICLIB,SKMES1,-14.77517427,1,0
6738,ETOPOSIDE,DINACICLIB,SKOV3,-30.18913558,1,0
6739,ETOPOSIDE,DINACICLIB,SW620,-11.10063669,1,0
6740,ETOPOSIDE,DINACICLIB,SW837,-15.55200919,1,0
6749,ETOPOSIDE,ERLOTINIB,A375,34.50823729,2,1
6751,ETOPOSIDE,ERLOTINIB,CAOV3,92.93746278,2,1
6756,ETOPOSIDE,ERLOTINIB,HCT116,35.1756303,2,1
6757,ETOPOSIDE,ERLOTINIB,HT144,31.44622163,2,1
6758,ETOPOSIDE,ERLOTINIB,HT29,28.78939285,2,1
6759,ETOPOSIDE,ERLOTINIB,KPL1,21.82928608,2,1
6761,ETOPOSIDE,ERLOTINIB,LOVO,42.42601554,2,1
6762,ETOPOSIDE,ERLOTINIB,MDAMB436,30.44386811,2,1
6763,ETOPOSIDE,ERLOTINIB,MSTO,24.38717471,2,1
6765,ETOPOSIDE,ERLOTINIB,NCIH2122,47.47430247,2,1
6766,ETOPOSIDE,ERLOTINIB,NCIH23,-164.2668412,2,0
6767,ETOPOSIDE,ERLOTINIB,NCIH460,46.67308553,2,1
6768,ETOPOSIDE,ERLOTINIB,NCIH520,27.1848439,2,1
6771,ETOPOSIDE,ERLOTINIB,OVCAR3,40.7657359,2,1
6772,ETOPOSIDE,ERLOTINIB,PA1,-14.74906914,2,0
6773,ETOPOSIDE,ERLOTINIB,RKO,26.04444652,2,1
6776,ETOPOSIDE,ERLOTINIB,SKMES1,23.310596,2,1
6777,ETOPOSIDE,ERLOTINIB,SKOV3,20.97161438,2,1
6779,ETOPOSIDE,ERLOTINIB,SW837,57.51358379,2,1
6781,ETOPOSIDE,ERLOTINIB,UACC62,41.71895529,2,1
6782,ETOPOSIDE,ERLOTINIB,UWB1289,26.68871505,2,1
6783,ETOPOSIDE,ERLOTINIB,UWB1289BRCA1,34.91567972,2,1
6784,ETOPOSIDE,ERLOTINIB,VCAP,41.85350576,2,1
6785,ETOPOSIDE,ERLOTINIB,ZR751,51.47375496,2,1
6786,ETOPOSIDE,GELDANAMYCIN,A2058,31.06156665,0,1
6790,ETOPOSIDE,GELDANAMYCIN,CAOV3,71.48082401,0,1
6799,ETOPOSIDE,GELDANAMYCIN,LNCAP,47.35424191,0,1
6800,ETOPOSIDE,GELDANAMYCIN,LOVO,-10.67503159,0,0
6801,ETOPOSIDE,GELDANAMYCIN,MDAMB436,23.95624073,0,1
6802,ETOPOSIDE,GELDANAMYCIN,MSTO,-19.47647489,0,0
6805,ETOPOSIDE,GELDANAMYCIN,NCIH23,-14.08747051,0,0
6810,ETOPOSIDE,GELDANAMYCIN,OVCAR3,39.02833297,0,1
6811,ETOPOSIDE,GELDANAMYCIN,PA1,-15.72188127,0,0
6814,ETOPOSIDE,GELDANAMYCIN,SKMEL30,32.84665347,0,1
6819,ETOPOSIDE,GELDANAMYCIN,T47D,27.24545847,0,1
6826,ETOPOSIDE,LAPATINIB,A2780,27.29088399,4,1
6828,ETOPOSIDE,LAPATINIB,A427,-14.40714784,4,0
6829,ETOPOSIDE,LAPATINIB,CAOV3,143.2917905,4,1
6830,ETOPOSIDE,LAPATINIB,COLO320DM,21.35734076,4,1
6831,ETOPOSIDE,LAPATINIB,DLD1,40.61719458,4,1
6834,ETOPOSIDE,LAPATINIB,HCT116,27.63842614,4,1
6838,ETOPOSIDE,LAPATINIB,LNCAP,27.81267656,4,1
6839,ETOPOSIDE,LAPATINIB,LOVO,50.4281854,4,1
6840,ETOPOSIDE,LAPATINIB,MDAMB436,20.148526,4,1
6842,ETOPOSIDE,LAPATINIB,NCIH1650,21.63106086,4,1
6843,ETOPOSIDE,LAPATINIB,NCIH2122,31.30947607,4,1
6844,ETOPOSIDE,LAPATINIB,NCIH23,-167.5463503,4,0
6848,ETOPOSIDE,LAPATINIB,OV90,-14.60244237,4,0
6849,ETOPOSIDE,LAPATINIB,OVCAR3,26.48596016,4,1
6857,ETOPOSIDE,LAPATINIB,SW837,43.76187067,4,1
6861,ETOPOSIDE,LAPATINIB,UWB1289BRCA1,35.18523295,4,1
6863,ETOPOSIDE,LAPATINIB,ZR751,42.94795226,4,1
6864,ETOPOSIDE,MK-2206,A2058,23.8414603,2,1
6865,ETOPOSIDE,MK-2206,A2780,25.09455866,2,1
6866,ETOPOSIDE,MK-2206,A375,40.3600574,2,1
6867,ETOPOSIDE,MK-2206,A427,24.8922984,2,1
6868,ETOPOSIDE,MK-2206,CAOV3,159.9074884,2,1
6869,ETOPOSIDE,MK-2206,COLO320DM,20.24506044,2,1
6873,ETOPOSIDE,MK-2206,HCT116,41.47821659,2,1
6874,ETOPOSIDE,MK-2206,HT144,47.84405312,2,1
6875,ETOPOSIDE,MK-2206,HT29,20.80452543,2,1
6876,ETOPOSIDE,MK-2206,KPL1,60.24310124,2,1
6877,ETOPOSIDE,MK-2206,LNCAP,28.94828404,2,1
6878,ETOPOSIDE,MK-2206,LOVO,36.55388298,2,1
6879,ETOPOSIDE,MK-2206,MDAMB436,34.50086052,2,1
6880,ETOPOSIDE,MK-2206,MSTO,46.61376899,2,1
6881,ETOPOSIDE,MK-2206,NCIH1650,35.02054763,2,1
6882,ETOPOSIDE,MK-2206,NCIH2122,43.0982675,2,1
6883,ETOPOSIDE,MK-2206,NCIH23,-168.9394512,2,0
6884,ETOPOSIDE,MK-2206,NCIH460,46.56657824,2,1
6887,ETOPOSIDE,MK-2206,OV90,35.08106665,2,1
6890,ETOPOSIDE,MK-2206,RKO,49.94340541,2,1
6892,ETOPOSIDE,MK-2206,SKMEL30,33.04954641,2,1
6893,ETOPOSIDE,MK-2206,SKMES1,44.45871774,2,1
6896,ETOPOSIDE,MK-2206,SW837,41.49633741,2,1
6898,ETOPOSIDE,MK-2206,UACC62,42.952925,2,1
6899,ETOPOSIDE,MK-2206,UWB1289,26.61365086,2,1
6901,ETOPOSIDE,MK-2206,VCAP,33.39039432,2,1
6902,ETOPOSIDE,MK-2206,ZR751,20.59921408,2,1
6907,ETOPOSIDE,MK-4827,CAOV3,80.47079268,2,1
6910,ETOPOSIDE,MK-4827,EFM192B,22.75225333,2,1
6916,ETOPOSIDE,MK-4827,LNCAP,-21.59027419,2,0
6920,ETOPOSIDE,MK-4827,NCIH1650,26.22483109,2,1
6922,ETOPOSIDE,MK-4827,NCIH23,-148.8888175,2,0
6924,ETOPOSIDE,MK-4827,NCIH520,24.07225252,2,1
6928,ETOPOSIDE,MK-4827,PA1,-14.01899781,2,0
6933,ETOPOSIDE,MK-4827,SKOV3,21.90598342,2,1
6936,ETOPOSIDE,MK-4827,T47D,-30.71348163,2,0
6939,ETOPOSIDE,MK-4827,UWB1289BRCA1,28.15482338,2,1
6940,ETOPOSIDE,MK-4827,VCAP,22.09555743,2,1
6946,ETOPOSIDE,MK-5108,CAOV3,70.49294954,4,1
6953,ETOPOSIDE,MK-5108,HT29,22.04488376,4,1
6955,ETOPOSIDE,MK-5108,LNCAP,-12.66025633,4,0
6958,ETOPOSIDE,MK-5108,MSTO,27.5905608,4,1
6962,ETOPOSIDE,MK-5108,NCIH460,-12.89621832,4,0
6963,ETOPOSIDE,MK-5108,NCIH520,-11.51128765,4,0
6965,ETOPOSIDE,MK-5108,OV90,21.11551933,4,1
6966,ETOPOSIDE,MK-5108,OVCAR3,-23.76105159,4,0
6968,ETOPOSIDE,MK-5108,RKO,29.56165952,4,1
6973,ETOPOSIDE,MK-5108,SW620,20.04486147,4,1
6979,ETOPOSIDE,MK-5108,VCAP,-10.31394043,4,0
6980,ETOPOSIDE,MK-5108,ZR751,-13.80178169,4,0
6982,ETOPOSIDE,MK-8669,A2780,22.65392265,0,1
6983,ETOPOSIDE,MK-8669,A375,30.71559892,0,1
6985,ETOPOSIDE,MK-8669,CAOV3,118.6852801,0,1
6988,ETOPOSIDE,MK-8669,EFM192B,44.70688728,0,1
6991,ETOPOSIDE,MK-8669,HT144,41.58992657,0,1
6993,ETOPOSIDE,MK-8669,KPL1,47.41302637,0,1
6994,ETOPOSIDE,MK-8669,LNCAP,34.45017819,0,1
6996,ETOPOSIDE,MK-8669,MDAMB436,32.37389935,0,1
6997,ETOPOSIDE,MK-8669,MSTO,41.59139974,0,1
6998,ETOPOSIDE,MK-8669,NCIH1650,35.97509228,0,1
7000,ETOPOSIDE,MK-8669,NCIH23,-146.9487222,0,0
7006,ETOPOSIDE,MK-8669,PA1,-22.92275491,0,0
7007,ETOPOSIDE,MK-8669,RKO,34.5234873,0,1
7009,ETOPOSIDE,MK-8669,SKMEL30,28.66295459,0,1
7013,ETOPOSIDE,MK-8669,SW837,33.80011003,0,1
7015,ETOPOSIDE,MK-8669,UACC62,34.55875316,0,1
7018,ETOPOSIDE,MK-8669,VCAP,30.50590257,0,1
7020,ETOPOSIDE,MK-8776,A2058,57.67901606,2,1
7021,ETOPOSIDE,MK-8776,A2780,21.34548508,2,1
7022,ETOPOSIDE,MK-8776,A375,-65.08015716,2,0
7024,ETOPOSIDE,MK-8776,CAOV3,65.09984723,2,1
7027,ETOPOSIDE,MK-8776,EFM192B,32.10499213,2,1
7030,ETOPOSIDE,MK-8776,HT144,26.87486066,2,1
7031,ETOPOSIDE,MK-8776,HT29,22.77599038,2,1
7035,ETOPOSIDE,MK-8776,MDAMB436,25.41312428,2,1
7037,ETOPOSIDE,MK-8776,NCIH1650,25.17189985,2,1
7044,ETOPOSIDE,MK-8776,OVCAR3,78.91706663,2,1
7045,ETOPOSIDE,MK-8776,PA1,-22.83951833,2,0
7048,ETOPOSIDE,MK-8776,SKMEL30,58.93855866,2,1
7049,ETOPOSIDE,MK-8776,SKMES1,-14.15759259,2,0
7051,ETOPOSIDE,MK-8776,SW620,-12.87630561,2,0
7053,ETOPOSIDE,MK-8776,T47D,-29.18931096,2,0
7054,ETOPOSIDE,MK-8776,UACC62,20.63281721,2,1
7057,ETOPOSIDE,MK-8776,VCAP,54.77812255,2,1
7059,ETOPOSIDE,PD325901,A2058,22.17348782,4,1
7060,ETOPOSIDE,PD325901,A2780,36.84388809,4,1
7063,ETOPOSIDE,PD325901,CAOV3,122.0788947,4,1
7066,ETOPOSIDE,PD325901,EFM192B,20.84920257,4,1
7069,ETOPOSIDE,PD325901,HT144,39.74829923,4,1
7072,ETOPOSIDE,PD325901,LNCAP,40.32291573,4,1
7073,ETOPOSIDE,PD325901,LOVO,30.23540886,4,1
7074,ETOPOSIDE,PD325901,MDAMB436,25.97741805,4,1
7075,ETOPOSIDE,PD325901,MSTO,-20.58151609,4,0
7076,ETOPOSIDE,PD325901,NCIH1650,25.46667544,4,1
7077,ETOPOSIDE,PD325901,NCIH2122,27.0184105,4,1
7079,ETOPOSIDE,PD325901,NCIH460,39.75978234,4,1
7082,ETOPOSIDE,PD325901,OV90,21.03998461,4,1
7083,ETOPOSIDE,PD325901,OVCAR3,28.55487554,4,1
7084,ETOPOSIDE,PD325901,PA1,-10.74392446,4,0
7085,ETOPOSIDE,PD325901,RKO,38.3604726,4,1
7092,ETOPOSIDE,PD325901,T47D,33.34594771,4,1
7094,ETOPOSIDE,PD325901,UWB1289,36.33037037,4,1
7097,ETOPOSIDE,PD325901,ZR751,48.6253214,4,1
7098,ETOPOSIDE,SORAFENIB,A2058,-12.15503625,1,0
7102,ETOPOSIDE,SORAFENIB,CAOV3,40.76840903,1,1
7105,ETOPOSIDE,SORAFENIB,EFM192B,-16.26841635,1,0
7112,ETOPOSIDE,SORAFENIB,LOVO,-10.0797683,1,0
7117,ETOPOSIDE,SORAFENIB,NCIH23,-116.1653965,1,0
7122,ETOPOSIDE,SORAFENIB,OVCAR3,-18.43455983,1,0
7125,ETOPOSIDE,SORAFENIB,RPMI7951,-10.84972086,1,0
7131,ETOPOSIDE,SORAFENIB,T47D,-12.4278492,1,0
7135,ETOPOSIDE,SORAFENIB,VCAP,-19.78803715,1,0
7136,ETOPOSIDE,SORAFENIB,ZR751,-11.74689916,1,0
7141,ETOPOSIDE,SUNITINIB,CAOV3,30.61709086,3,1
7153,ETOPOSIDE,SUNITINIB,MSTO,-15.12080583,3,0
7156,ETOPOSIDE,SUNITINIB,NCIH23,-98.62741446,3,0
7162,ETOPOSIDE,SUNITINIB,PA1,-13.58561469,3,0
7164,ETOPOSIDE,SUNITINIB,RPMI7951,-13.32447019,3,0
7166,ETOPOSIDE,SUNITINIB,SKMES1,-10.19342421,3,0
7170,ETOPOSIDE,SUNITINIB,T47D,-26.44624539,3,0
7178,ETOPOSIDE,TEMOZOLOMIDE,A375,-87.4802028,1,0
7180,ETOPOSIDE,TEMOZOLOMIDE,CAOV3,83.00585057,1,1
7193,ETOPOSIDE,TEMOZOLOMIDE,NCIH1650,-10.23455147,1,0
7201,ETOPOSIDE,TEMOZOLOMIDE,PA1,-13.05993648,1,0
7204,ETOPOSIDE,TEMOZOLOMIDE,SKMEL30,21.19310545,1,1
7205,ETOPOSIDE,TEMOZOLOMIDE,SKMES1,25.00914684,1,1
7208,ETOPOSIDE,TEMOZOLOMIDE,SW837,-18.67907384,1,0
7209,ETOPOSIDE,TEMOZOLOMIDE,T47D,-27.82829749,1,0
7211,ETOPOSIDE,TEMOZOLOMIDE,UWB1289,21.52753795,1,1
7212,ETOPOSIDE,TEMOZOLOMIDE,UWB1289BRCA1,33.68962252,1,1
7214,ETOPOSIDE,TEMOZOLOMIDE,ZR751,-16.39943726,1,0
7217,ETOPOSIDE,ZOLINZA,A375,-71.18505172,2,0
7218,ETOPOSIDE,ZOLINZA,A427,-18.84435619,2,0
7219,ETOPOSIDE,ZOLINZA,CAOV3,83.62883659,2,1
7224,ETOPOSIDE,ZOLINZA,HCT116,-17.37379223,2,0
7228,ETOPOSIDE,ZOLINZA,LNCAP,28.61619415,2,1
7231,ETOPOSIDE,ZOLINZA,MSTO,56.83462933,2,1
7245,ETOPOSIDE,ZOLINZA,SKOV3,29.64057569,2,1
7247,ETOPOSIDE,ZOLINZA,SW837,21.63323076,2,1
7248,ETOPOSIDE,ZOLINZA,T47D,25.24241347,2,1
7250,ETOPOSIDE,ZOLINZA,UWB1289,27.44154642,2,1
7251,ETOPOSIDE,ZOLINZA,UWB1289BRCA1,20.62090545,2,1
7253,ETOPOSIDE,ZOLINZA,ZR751,22.83573645,2,1
7254,GELDANAMYCIN,BEZ-235,A2058,34.57333585,2,1
7256,GELDANAMYCIN,BEZ-235,A375,20.65600784,2,1
7258,GELDANAMYCIN,BEZ-235,CAOV3,25.67518873,2,1
7259,GELDANAMYCIN,BEZ-235,COLO320DM,30.65561173,2,1
7260,GELDANAMYCIN,BEZ-235,DLD1,24.26631043,2,1
7262,GELDANAMYCIN,BEZ-235,ES2,22.05057677,2,1
7263,GELDANAMYCIN,BEZ-235,HCT116,35.76379658,2,1
7264,GELDANAMYCIN,BEZ-235,HT144,45.48122797,2,1
7267,GELDANAMYCIN,BEZ-235,LNCAP,107.6222417,2,1
7269,GELDANAMYCIN,BEZ-235,MDAMB436,23.29901802,2,1
7274,GELDANAMYCIN,BEZ-235,NCIH460,34.03656802,2,1
7279,GELDANAMYCIN,BEZ-235,PA1,26.19486728,2,1
7280,GELDANAMYCIN,BEZ-235,RKO,20.10584985,2,1
7282,GELDANAMYCIN,BEZ-235,SKMEL30,48.27593907,2,1
7283,GELDANAMYCIN,BEZ-235,SKMES1,45.63680144,2,1
7287,GELDANAMYCIN,BEZ-235,T47D,155.3899654,2,1
7288,GELDANAMYCIN,BEZ-235,UACC62,29.76025464,2,1
7291,GELDANAMYCIN,BEZ-235,VCAP,28.05066048,2,1
7294,GELDANAMYCIN,DINACICLIB,A2780,-17.97817111,2,0
7295,GELDANAMYCIN,DINACICLIB,A375,22.05450091,2,1
7306,GELDANAMYCIN,DINACICLIB,LNCAP,33.17178636,2,1
7309,GELDANAMYCIN,DINACICLIB,MSTO,-22.90589188,2,0
7310,GELDANAMYCIN,DINACICLIB,NCIH1650,-23.08653485,2,0
7312,GELDANAMYCIN,DINACICLIB,NCIH23,-12.48833358,2,0
7317,GELDANAMYCIN,DINACICLIB,OVCAR3,-25.42782364,2,0
7320,GELDANAMYCIN,DINACICLIB,RPMI7951,-11.41869766,2,0
7322,GELDANAMYCIN,DINACICLIB,SKMES1,-10.94429024,2,0
7323,GELDANAMYCIN,DINACICLIB,SKOV3,-22.80868825,2,0
7324,GELDANAMYCIN,DINACICLIB,SW620,-13.56571062,2,0
7325,GELDANAMYCIN,DINACICLIB,SW837,-13.89481261,2,0
7326,GELDANAMYCIN,DINACICLIB,T47D,-39.85034847,2,0
7328,GELDANAMYCIN,DINACICLIB,UWB1289,-22.41107601,2,0
7329,GELDANAMYCIN,DINACICLIB,UWB1289BRCA1,-23.57095562,2,0
7331,GELDANAMYCIN,DINACICLIB,ZR751,-19.07458503,2,0
7332,GELDANAMYCIN,MK-8776,A2058,51.41963491,4,1
7334,GELDANAMYCIN,MK-8776,A375,20.88618832,4,1
7335,GELDANAMYCIN,MK-8776,A427,23.03757955,4,1
7336,GELDANAMYCIN,MK-8776,CAOV3,24.8543465,4,1
7341,GELDANAMYCIN,MK-8776,HCT116,30.28012904,4,1
7342,GELDANAMYCIN,MK-8776,HT144,-198.6874066,4,0
7345,GELDANAMYCIN,MK-8776,LNCAP,-105.3544017,4,0
7348,GELDANAMYCIN,MK-8776,MSTO,-36.80066992,4,0
7350,GELDANAMYCIN,MK-8776,NCIH2122,-17.72773735,4,0
7351,GELDANAMYCIN,MK-8776,NCIH23,-11.01680765,4,0
7354,GELDANAMYCIN,MK-8776,OCUBM,27.51716779,4,1
7356,GELDANAMYCIN,MK-8776,OVCAR3,-19.67567254,4,0
7358,GELDANAMYCIN,MK-8776,RKO,32.13845443,4,1
7360,GELDANAMYCIN,MK-8776,SKMEL30,37.16106996,4,1
7361,GELDANAMYCIN,MK-8776,SKMES1,-23.43171311,4,0
7362,GELDANAMYCIN,MK-8776,SKOV3,-31.75296787,4,0
7364,GELDANAMYCIN,MK-8776,SW837,-184.7983901,4,0
7365,GELDANAMYCIN,MK-8776,T47D,-34.98235241,4,0
7368,GELDANAMYCIN,MK-8776,UWB1289BRCA1,-13.02276442,4,0
7370,GELDANAMYCIN,MK-8776,ZR751,-28.73240892,4,0
7378,GELDANAMYCIN,OXALIPLATIN,EFM192B,-19.21107942,2,0
7379,GELDANAMYCIN,OXALIPLATIN,ES2,-26.81921548,2,0
7381,GELDANAMYCIN,OXALIPLATIN,HT144,-10.33252131,2,0
7384,GELDANAMYCIN,OXALIPLATIN,LNCAP,-64.20722083,2,0
7385,GELDANAMYCIN,OXALIPLATIN,LOVO,-24.37481524,2,0
7388,GELDANAMYCIN,OXALIPLATIN,NCIH1650,-15.35308599,2,0
7390,GELDANAMYCIN,OXALIPLATIN,NCIH23,-15.15007571,2,0
7394,GELDANAMYCIN,OXALIPLATIN,OV90,-11.53351607,2,0
7396,GELDANAMYCIN,OXALIPLATIN,PA1,-40.18357728,2,0
7402,GELDANAMYCIN,OXALIPLATIN,SW620,-13.60640049,2,0
7404,GELDANAMYCIN,OXALIPLATIN,T47D,-37.34066605,2,0
7405,GELDANAMYCIN,OXALIPLATIN,UACC62,-24.58577099,2,0
7407,GELDANAMYCIN,OXALIPLATIN,UWB1289BRCA1,-23.49322203,2,0
7412,GELDANAMYCIN,SN-38,A375,22.09706901,1,1
7423,GELDANAMYCIN,SN-38,LNCAP,33.95907446,1,1
7424,GELDANAMYCIN,SN-38,LOVO,-18.13081596,1,0
7434,GELDANAMYCIN,SN-38,OVCAR3,68.46338668,1,1
7438,GELDANAMYCIN,SN-38,SKMEL30,38.26844823,1,1
7440,GELDANAMYCIN,SN-38,SKOV3,-12.02502079,1,0
7464,GELDANAMYCIN,SORAFENIB,MDAMB436,-17.59525207,2,0
7465,GELDANAMYCIN,SORAFENIB,MSTO,-43.62177115,2,0
7473,GELDANAMYCIN,SORAFENIB,OVCAR3,-32.68314045,2,0
7476,GELDANAMYCIN,SORAFENIB,RPMI7951,-11.75896295,2,0
7478,GELDANAMYCIN,SORAFENIB,SKMES1,-13.59548446,2,0
7480,GELDANAMYCIN,SORAFENIB,SW620,-10.96608563,2,0
7485,GELDANAMYCIN,SORAFENIB,UWB1289BRCA1,-11.71866295,2,0
7486,GELDANAMYCIN,SORAFENIB,VCAP,-13.33651052,2,0
7487,GELDANAMYCIN,SORAFENIB,ZR751,-17.09555794,2,0
7488,GELDANAMYCIN,TOPOTECAN,A2058,22.38658565,3,1
7490,GELDANAMYCIN,TOPOTECAN,A375,-16.3920222,3,0
7491,GELDANAMYCIN,TOPOTECAN,A427,21.65186525,3,1
7495,GELDANAMYCIN,TOPOTECAN,EFM192B,-16.56625305,3,0
7504,GELDANAMYCIN,TOPOTECAN,MSTO,-14.63725658,3,0
7505,GELDANAMYCIN,TOPOTECAN,NCIH1650,-15.30165422,3,0
7507,GELDANAMYCIN,TOPOTECAN,NCIH23,-17.97647101,3,0
7508,GELDANAMYCIN,TOPOTECAN,NCIH460,-23.95784414,3,0
7513,GELDANAMYCIN,TOPOTECAN,PA1,-11.22419818,3,0
7514,GELDANAMYCIN,TOPOTECAN,RKO,-10.70715216,3,0
7516,GELDANAMYCIN,TOPOTECAN,SKMEL30,48.38401733,3,1
7517,GELDANAMYCIN,TOPOTECAN,SKMES1,-15.97279372,3,0
7529,GEMCITABINE,ABT-888,A375,-20.51873205,0,0
7553,GEMCITABINE,ABT-888,RKO,-10.13746929,0,0
7554,GEMCITABINE,ABT-888,RPMI7951,-12.18811971,0,0
7556,GEMCITABINE,ABT-888,SKMES1,-16.39024838,0,0
7562,GEMCITABINE,ABT-888,UWB1289,-15.86124308,0,0
7572,GEMCITABINE,AZD1775,DLD1,21.20293828,3,1
7579,GEMCITABINE,AZD1775,LNCAP,-40.59067921,3,0
7581,GEMCITABINE,AZD1775,MDAMB436,21.31809506,3,1
7595,GEMCITABINE,AZD1775,SKMES1,-14.68150812,3,0
7597,GEMCITABINE,AZD1775,SW620,21.71773377,3,1
7598,GEMCITABINE,AZD1775,SW837,24.60905058,3,1
7600,GEMCITABINE,AZD1775,UACC62,24.89268877,3,1
7601,GEMCITABINE,AZD1775,UWB1289,39.49221852,3,1
7615,GEMCITABINE,BEZ-235,HT144,24.09512725,0,1
7618,GEMCITABINE,BEZ-235,LNCAP,48.96142284,0,1
7620,GEMCITABINE,BEZ-235,MDAMB436,22.07134162,0,1
7624,GEMCITABINE,BEZ-235,NCIH23,-12.84994994,0,0
7625,GEMCITABINE,BEZ-235,NCIH460,23.36042667,0,1
7634,GEMCITABINE,BEZ-235,SKMES1,-20.12882119,0,0
7637,GEMCITABINE,BEZ-235,SW837,21.07815577,0,1
7638,GEMCITABINE,BEZ-235,T47D,46.29499521,0,1
7641,GEMCITABINE,BEZ-235,UWB1289BRCA1,20.42401423,0,1
7646,GEMCITABINE,BORTEZOMIB,A375,-13.75187464,4,0
7649,GEMCITABINE,BORTEZOMIB,COLO320DM,-11.13184541,4,0
7657,GEMCITABINE,BORTEZOMIB,LNCAP,-12.97157344,4,0
7661,GEMCITABINE,BORTEZOMIB,NCIH1650,-22.11945406,4,0
7662,GEMCITABINE,BORTEZOMIB,NCIH2122,-12.22627785,4,0
7663,GEMCITABINE,BORTEZOMIB,NCIH23,-12.89049632,4,0
7664,GEMCITABINE,BORTEZOMIB,NCIH460,-21.30293841,4,0
7665,GEMCITABINE,BORTEZOMIB,NCIH520,-17.78788737,4,0
7669,GEMCITABINE,BORTEZOMIB,PA1,-12.99292418,4,0
7670,GEMCITABINE,BORTEZOMIB,RKO,-13.64787362,4,0
7673,GEMCITABINE,BORTEZOMIB,SKMES1,-15.69506048,4,0
7674,GEMCITABINE,BORTEZOMIB,SKOV3,-15.06590493,4,0
7677,GEMCITABINE,BORTEZOMIB,T47D,-12.46561222,4,0
7678,GEMCITABINE,BORTEZOMIB,UACC62,-10.83625909,4,0
7679,GEMCITABINE,BORTEZOMIB,UWB1289,-10.41332294,4,0
7685,GEMCITABINE,DASATINIB,A375,-16.43549823,2,0
7686,GEMCITABINE,DASATINIB,A427,24.83990329,2,1
7690,GEMCITABINE,DASATINIB,EFM192B,21.66829812,2,1
7691,GEMCITABINE,DASATINIB,ES2,22.16153127,2,1
7693,GEMCITABINE,DASATINIB,HT144,-12.10848568,2,0
7694,GEMCITABINE,DASATINIB,HT29,20.41730764,2,1
7698,GEMCITABINE,DASATINIB,MDAMB436,22.14643948,2,1
7703,GEMCITABINE,DASATINIB,NCIH460,34.89286379,2,1
7704,GEMCITABINE,DASATINIB,NCIH520,30.40318904,2,1
7705,GEMCITABINE,DASATINIB,OCUBM,20.24792155,2,1
7712,GEMCITABINE,DASATINIB,SKMES1,-25.33111813,2,0
7714,GEMCITABINE,DASATINIB,SW620,26.07092261,2,1
7715,GEMCITABINE,DASATINIB,SW837,32.83142452,2,1
7721,GEMCITABINE,DASATINIB,ZR751,28.60504354,2,1
7724,GEMCITABINE,DINACICLIB,A375,-11.24724268,3,0
7725,GEMCITABINE,DINACICLIB,A427,-10.18996634,3,0
7731,GEMCITABINE,DINACICLIB,HCT116,-19.96226453,3,0
7739,GEMCITABINE,DINACICLIB,NCIH1650,-19.96303077,3,0
7741,GEMCITABINE,DINACICLIB,NCIH23,-15.36621631,3,0
7746,GEMCITABINE,DINACICLIB,OVCAR3,-27.94726899,3,0
7748,GEMCITABINE,DINACICLIB,RKO,-13.24666787,3,0
7751,GEMCITABINE,DINACICLIB,SKMES1,-20.49837622,3,0
7752,GEMCITABINE,DINACICLIB,SKOV3,-17.84781199,3,0
7757,GEMCITABINE,DINACICLIB,UWB1289,-12.05983601,3,0
7763,GEMCITABINE,ERLOTINIB,A375,-25.17442823,1,0
7777,GEMCITABINE,ERLOTINIB,MSTO,-11.87209492,1,0
7790,GEMCITABINE,ERLOTINIB,SKMES1,-20.83934512,1,0
7791,GEMCITABINE,ERLOTINIB,SKOV3,-10.02921699,1,0
7793,GEMCITABINE,ERLOTINIB,SW837,30.39899769,1,1
7799,GEMCITABINE,ERLOTINIB,ZR751,37.48917942,1,1
7802,GEMCITABINE,GELDANAMYCIN,A375,-22.40239349,0,0
7809,GEMCITABINE,GELDANAMYCIN,HCT116,-25.4680307,0,0
7816,GEMCITABINE,GELDANAMYCIN,MSTO,-19.531057,0,0
7819,GEMCITABINE,GELDANAMYCIN,NCIH23,-24.63521431,0,0
7820,GEMCITABINE,GELDANAMYCIN,NCIH460,-12.44264543,0,0
7824,GEMCITABINE,GELDANAMYCIN,OVCAR3,-20.37851552,0,0
7826,GEMCITABINE,GELDANAMYCIN,RKO,-21.75967991,0,0
7829,GEMCITABINE,GELDANAMYCIN,SKMES1,-28.47417839,0,0
7830,GEMCITABINE,GELDANAMYCIN,SKOV3,-17.12933004,0,0
7833,GEMCITABINE,GELDANAMYCIN,T47D,-20.38756712,0,0
7841,GEMCITABINE,LAPATINIB,A375,-33.99071414,0,0
7855,GEMCITABINE,LAPATINIB,MSTO,-22.64524487,0,0
7856,GEMCITABINE,LAPATINIB,NCIH1650,-11.35362209,0,0
7863,GEMCITABINE,LAPATINIB,OVCAR3,-12.13567741,0,0
7865,GEMCITABINE,LAPATINIB,RKO,-14.44743869,0,0
7866,GEMCITABINE,LAPATINIB,RPMI7951,-13.00521455,0,0
7868,GEMCITABINE,LAPATINIB,SKMES1,-26.9290907,0,0
7871,GEMCITABINE,LAPATINIB,SW837,26.60538983,0,1
7874,GEMCITABINE,LAPATINIB,UWB1289,-11.17115921,0,0
7877,GEMCITABINE,LAPATINIB,ZR751,26.6270347,0,1
7880,GEMCITABINE,MK-2206,A375,-11.4558261,1,0
7888,GEMCITABINE,MK-2206,HT144,26.12446427,1,1
7890,GEMCITABINE,MK-2206,KPL1,28.6830796,1,1
7891,GEMCITABINE,MK-2206,LNCAP,-109.5929303,1,0
7898,GEMCITABINE,MK-2206,NCIH460,25.07068346,1,1
7907,GEMCITABINE,MK-2206,SKMES1,-13.93156927,1,0
7910,GEMCITABINE,MK-2206,SW837,30.69067196,1,1
7915,GEMCITABINE,MK-2206,VCAP,21.70074093,1,1
7919,GEMCITABINE,MK-4827,A375,-22.04634144,3,0
7926,GEMCITABINE,MK-4827,HCT116,-12.15632144,3,0
7933,GEMCITABINE,MK-4827,MSTO,-12.02415985,3,0
7943,GEMCITABINE,MK-4827,RKO,-16.47187347,3,0
7946,GEMCITABINE,MK-4827,SKMES1,-17.46276966,3,0
7952,GEMCITABINE,MK-4827,UWB1289,-12.03438832,3,0
7958,GEMCITABINE,MK-5108,A375,-12.07375337,4,0
7969,GEMCITABINE,MK-5108,LNCAP,-61.50342095,4,0
7976,GEMCITABINE,MK-5108,NCIH460,-12.72195416,4,0
7985,GEMCITABINE,MK-5108,SKMES1,-14.93727626,4,0
8005,GEMCITABINE,MK-8669,HT144,22.88167937,2,1
8007,GEMCITABINE,MK-8669,KPL1,25.39531535,2,1
8008,GEMCITABINE,MK-8669,LNCAP,-72.78454555,2,0
8010,GEMCITABINE,MK-8669,MDAMB436,21.07989718,2,1
8014,GEMCITABINE,MK-8669,NCIH23,-12.59156029,2,0
8015,GEMCITABINE,MK-8669,NCIH460,26.98520807,2,1
8024,GEMCITABINE,MK-8669,SKMES1,-19.35266487,2,0
8025,GEMCITABINE,MK-8669,SKOV3,24.81240922,2,1
8029,GEMCITABINE,MK-8669,UACC62,25.13419823,2,1
8031,GEMCITABINE,MK-8669,UWB1289BRCA1,21.81094476,2,1
8034,GEMCITABINE,MK-8776,A2058,77.46053892,2,1
8035,GEMCITABINE,MK-8776,A2780,20.58768498,2,1
8036,GEMCITABINE,MK-8776,A375,23.70153512,2,1
8037,GEMCITABINE,MK-8776,A427,47.85691979,2,1
8039,GEMCITABINE,MK-8776,COLO320DM,32.55556679,2,1
8040,GEMCITABINE,MK-8776,DLD1,44.78181376,2,1
8041,GEMCITABINE,MK-8776,EFM192B,32.44346348,2,1
8043,GEMCITABINE,MK-8776,HCT116,30.71436888,2,1
8044,GEMCITABINE,MK-8776,HT144,49.19593905,2,1
8045,GEMCITABINE,MK-8776,HT29,74.56856169,2,1
8047,GEMCITABINE,MK-8776,LNCAP,33.93724185,2,1
8049,GEMCITABINE,MK-8776,MDAMB436,29.17620763,2,1
8051,GEMCITABINE,MK-8776,NCIH1650,56.89154403,2,1
8054,GEMCITABINE,MK-8776,NCIH460,40.3245615,2,1
8055,GEMCITABINE,MK-8776,NCIH520,38.50277923,2,1
8056,GEMCITABINE,MK-8776,OCUBM,26.35642635,2,1
8058,GEMCITABINE,MK-8776,OVCAR3,30.60042872,2,1
8059,GEMCITABINE,MK-8776,PA1,42.58232269,2,1
8062,GEMCITABINE,MK-8776,SKMEL30,28.45455263,2,1
8063,GEMCITABINE,MK-8776,SKMES1,-19.35684839,2,0
8064,GEMCITABINE,MK-8776,SKOV3,39.91435683,2,1
8065,GEMCITABINE,MK-8776,SW620,66.10281754,2,1
8066,GEMCITABINE,MK-8776,SW837,35.90485953,2,1
8067,GEMCITABINE,MK-8776,T47D,20.99778891,2,1
8068,GEMCITABINE,MK-8776,UACC62,48.00712269,2,1
8071,GEMCITABINE,MK-8776,VCAP,46.03079346,2,1
8072,GEMCITABINE,MK-8776,ZR751,26.83789888,2,1
8075,GEMCITABINE,PD325901,A375,-16.62060199,1,0
8079,GEMCITABINE,PD325901,DLD1,22.741501,1,1
8080,GEMCITABINE,PD325901,EFM192B,21.28317623,1,1
8096,GEMCITABINE,PD325901,OV90,26.73457106,1,1
8102,GEMCITABINE,PD325901,SKMES1,-18.78668619,1,0
8112,GEMCITABINE,SORAFENIB,A2058,-15.01487906,1,0
8119,GEMCITABINE,SORAFENIB,EFM192B,-10.15039475,1,0
8121,GEMCITABINE,SORAFENIB,HCT116,-15.56851091,1,0
8126,GEMCITABINE,SORAFENIB,LOVO,-10.47691726,1,0
8129,GEMCITABINE,SORAFENIB,NCIH1650,-15.2752202,1,0
8131,GEMCITABINE,SORAFENIB,NCIH23,-13.32617529,1,0
8136,GEMCITABINE,SORAFENIB,OVCAR3,-31.32684825,1,0
8138,GEMCITABINE,SORAFENIB,RKO,-14.62201961,1,0
8141,GEMCITABINE,SORAFENIB,SKMES1,-20.09649317,1,0
8142,GEMCITABINE,SORAFENIB,SKOV3,-10.27728917,1,0
8145,GEMCITABINE,SORAFENIB,T47D,-11.98307103,1,0
8149,GEMCITABINE,SORAFENIB,VCAP,-12.9885297,1,0
8160,GEMCITABINE,SUNITINIB,HCT116,-12.39222046,2,0
8177,GEMCITABINE,SUNITINIB,RKO,-10.73297334,2,0
8180,GEMCITABINE,SUNITINIB,SKMES1,-14.02290451,2,0
8184,GEMCITABINE,SUNITINIB,T47D,-10.59709445,2,0
8192,GEMCITABINE,TEMOZOLOMIDE,A375,-28.10623084,2,0
8199,GEMCITABINE,TEMOZOLOMIDE,HCT116,-14.0680626,2,0
8214,GEMCITABINE,TEMOZOLOMIDE,OVCAR3,-12.45257676,2,0
8216,GEMCITABINE,TEMOZOLOMIDE,RKO,-10.97995823,2,0
8217,GEMCITABINE,TEMOZOLOMIDE,RPMI7951,-11.11718592,2,0
8219,GEMCITABINE,TEMOZOLOMIDE,SKMES1,-20.63260323,2,0
8233,L778123,ABT-888,CAOV3,29.58297829,1,1
8262,L778123,ABT-888,T47D,-17.30650985,1,0
8303,L778123,AZD1775,UWB1289,56.65296547,4,1
8307,L778123,BEZ-235,A2058,33.03465929,0,1
8309,L778123,BEZ-235,A375,49.11677734,0,1
8310,L778123,BEZ-235,A427,34.3008476,0,1
8311,L778123,BEZ-235,CAOV3,35.09678896,0,1
8312,L778123,BEZ-235,COLO320DM,32.16481163,0,1
8313,L778123,BEZ-235,DLD1,24.70897468,0,1
8314,L778123,BEZ-235,EFM192B,28.50580715,0,1
8315,L778123,BEZ-235,ES2,25.42887091,0,1
8316,L778123,BEZ-235,HCT116,31.51439978,0,1
8317,L778123,BEZ-235,HT144,35.9706855,0,1
8318,L778123,BEZ-235,HT29,43.25882996,0,1
8319,L778123,BEZ-235,KPL1,24.54591637,0,1
8320,L778123,BEZ-235,LNCAP,73.09012501,0,1
8321,L778123,BEZ-235,LOVO,23.24950679,0,1
8322,L778123,BEZ-235,MDAMB436,30.49842585,0,1
8323,L778123,BEZ-235,MSTO,25.049828,0,1
8324,L778123,BEZ-235,NCIH1650,35.86061966,0,1
8325,L778123,BEZ-235,NCIH2122,34.39858584,0,1
8327,L778123,BEZ-235,NCIH460,38.53944321,0,1
8328,L778123,BEZ-235,NCIH520,32.73324095,0,1
8329,L778123,BEZ-235,OCUBM,28.51699047,0,1
8330,L778123,BEZ-235,OV90,31.1769722,0,1
8332,L778123,BEZ-235,PA1,36.41592958,0,1
8333,L778123,BEZ-235,RKO,39.13736584,0,1
8335,L778123,BEZ-235,SKMEL30,29.38651443,0,1
8336,L778123,BEZ-235,SKMES1,31.13382529,0,1
8337,L778123,BEZ-235,SKOV3,20.7939583,0,1
8338,L778123,BEZ-235,SW620,29.76964442,0,1
8339,L778123,BEZ-235,SW837,28.3545048,0,1
8340,L778123,BEZ-235,T47D,100.7168772,0,1
8341,L778123,BEZ-235,UACC62,29.13991624,0,1
8342,L778123,BEZ-235,UWB1289,35.20268826,0,1
8343,L778123,BEZ-235,UWB1289BRCA1,36.08804377,0,1
8344,L778123,BEZ-235,VCAP,36.2040566,0,1
8345,L778123,BEZ-235,ZR751,30.20053617,0,1
8350,L778123,BORTEZOMIB,CAOV3,-23.95335295,2,0
8351,L778123,BORTEZOMIB,COLO320DM,-17.3979134,2,0
8363,L778123,BORTEZOMIB,NCIH1650,-15.0459436,2,0
8364,L778123,BORTEZOMIB,NCIH2122,-10.98946316,2,0
8367,L778123,BORTEZOMIB,NCIH520,-17.42513337,2,0
8370,L778123,BORTEZOMIB,OVCAR3,-25.81250573,2,0
8375,L778123,BORTEZOMIB,SKMES1,-13.3994066,2,0
8379,L778123,BORTEZOMIB,T47D,-18.88599842,2,0
8380,L778123,BORTEZOMIB,UACC62,-13.1407886,2,0
8381,L778123,BORTEZOMIB,UWB1289,-16.20441172,2,0
8384,L778123,BORTEZOMIB,ZR751,-19.58453346,2,0
8385,L778123,DASATINIB,A2058,38.94681739,3,1
8386,L778123,DASATINIB,A2780,57.53602649,3,1
8387,L778123,DASATINIB,A375,44.02755137,3,1
8388,L778123,DASATINIB,A427,46.50293489,3,1
8389,L778123,DASATINIB,CAOV3,23.00248869,3,1
8392,L778123,DASATINIB,EFM192B,46.22507277,3,1
8393,L778123,DASATINIB,ES2,26.79081533,3,1
8396,L778123,DASATINIB,HT29,54.3615549,3,1
8398,L778123,DASATINIB,LNCAP,21.0760377,3,1
8399,L778123,DASATINIB,LOVO,46.91523611,3,1
8400,L778123,DASATINIB,MDAMB436,27.77590356,3,1
8401,L778123,DASATINIB,MSTO,68.348704,3,1
8402,L778123,DASATINIB,NCIH1650,35.69584712,3,1
8403,L778123,DASATINIB,NCIH2122,-59.85214459,3,0
8404,L778123,DASATINIB,NCIH23,-58.21245074,3,0
8405,L778123,DASATINIB,NCIH460,22.39624395,3,1
8406,L778123,DASATINIB,NCIH520,53.28735753,3,1
8409,L778123,DASATINIB,OVCAR3,49.66372363,3,1
8410,L778123,DASATINIB,PA1,39.44227246,3,1
8411,L778123,DASATINIB,RKO,38.19936369,3,1
8412,L778123,DASATINIB,RPMI7951,21.60488087,3,1
8414,L778123,DASATINIB,SKMES1,33.59497725,3,1
8416,L778123,DASATINIB,SW620,44.95753677,3,1
8417,L778123,DASATINIB,SW837,22.68476439,3,1
8418,L778123,DASATINIB,T47D,31.75982728,3,1
8419,L778123,DASATINIB,UACC62,42.35479652,3,1
8437,L778123,DINACICLIB,LNCAP,21.33391481,3,1
8457,L778123,DINACICLIB,T47D,-11.03031711,3,0
8465,L778123,ERLOTINIB,A375,24.82051081,0,1
8467,L778123,ERLOTINIB,CAOV3,42.23979945,0,1
8470,L778123,ERLOTINIB,EFM192B,21.37026716,0,1
8474,L778123,ERLOTINIB,HT29,23.67542708,0,1
8477,L778123,ERLOTINIB,LOVO,24.54634356,0,1
8485,L778123,ERLOTINIB,OCUBM,27.06947854,0,1
8487,L778123,ERLOTINIB,OVCAR3,-13.1207389,0,0
8492,L778123,ERLOTINIB,SKMES1,22.78486036,0,1
8495,L778123,ERLOTINIB,SW837,23.82706711,0,1
8496,L778123,ERLOTINIB,T47D,-12.12386768,0,0
8498,L778123,ERLOTINIB,UWB1289,20.27013149,0,1
8499,L778123,ERLOTINIB,UWB1289BRCA1,21.90475231,0,1
8500,L778123,ERLOTINIB,VCAP,24.00800198,0,1
8501,L778123,ERLOTINIB,ZR751,23.04674371,0,1
8502,L778123,ETOPOSIDE,A2058,24.9439129,2,1
8506,L778123,ETOPOSIDE,CAOV3,60.15290274,2,1
8510,L778123,ETOPOSIDE,ES2,-11.78385268,2,0
8518,L778123,ETOPOSIDE,MSTO,-16.57878303,2,0
8526,L778123,ETOPOSIDE,OVCAR3,-28.47273053,2,0
8527,L778123,ETOPOSIDE,PA1,-11.51864847,2,0
8537,L778123,ETOPOSIDE,UWB1289,20.02473176,2,1
8540,L778123,ETOPOSIDE,ZR751,20.00842935,2,1
8541,L778123,GELDANAMYCIN,A2058,25.81079702,0,1
8543,L778123,GELDANAMYCIN,A375,28.83358612,0,1
8544,L778123,GELDANAMYCIN,A427,30.83757204,0,1
8545,L778123,GELDANAMYCIN,CAOV3,22.80614552,0,1
8547,L778123,GELDANAMYCIN,DLD1,22.57976317,0,1
8550,L778123,GELDANAMYCIN,HCT116,23.55891939,0,1
8554,L778123,GELDANAMYCIN,LNCAP,32.36907528,0,1
8561,L778123,GELDANAMYCIN,NCIH460,31.10478431,0,1
8565,L778123,GELDANAMYCIN,OVCAR3,-22.3225805,0,0
8566,L778123,GELDANAMYCIN,PA1,21.3152034,0,1
8567,L778123,GELDANAMYCIN,RKO,30.50704571,0,1
8570,L778123,GELDANAMYCIN,SKMES1,21.75639953,0,1
8572,L778123,GELDANAMYCIN,SW620,21.08716116,0,1
8575,L778123,GELDANAMYCIN,UACC62,35.07442761,0,1
8582,L778123,GEMCITABINE,A375,-10.28018314,4,0
8587,L778123,GEMCITABINE,EFM192B,-10.04381047,4,0
8604,L778123,GEMCITABINE,OVCAR3,-17.40464261,4,0
8609,L778123,GEMCITABINE,SKMES1,-14.53448084,4,0
8621,L778123,LAPATINIB,A375,21.21443302,3,1
8623,L778123,LAPATINIB,CAOV3,39.61931685,3,1
8632,L778123,LAPATINIB,LNCAP,21.52316784,3,1
8633,L778123,LAPATINIB,LOVO,25.76757675,3,1
8643,L778123,LAPATINIB,OVCAR3,-10.81988231,3,0
8644,L778123,LAPATINIB,PA1,22.20273205,3,1
8655,L778123,LAPATINIB,UWB1289BRCA1,25.40044033,3,1
8656,L778123,LAPATINIB,VCAP,20.80027509,3,1
8657,L778123,LAPATINIB,ZR751,23.56161835,3,1
8658,L778123,MK-2206,A2058,27.85896904,0,1
8659,L778123,MK-2206,A2780,35.52529402,0,1
8660,L778123,MK-2206,A375,32.16353676,0,1
8661,L778123,MK-2206,A427,33.54284733,0,1
8662,L778123,MK-2206,CAOV3,60.49488599,0,1
8663,L778123,MK-2206,COLO320DM,26.24319246,0,1
8664,L778123,MK-2206,DLD1,20.09043885,0,1
8669,L778123,MK-2206,HT29,38.46365786,0,1
8670,L778123,MK-2206,KPL1,45.62393463,0,1
8671,L778123,MK-2206,LNCAP,20.23233462,0,1
8672,L778123,MK-2206,LOVO,23.91476532,0,1
8675,L778123,MK-2206,NCIH1650,27.03868778,0,1
8676,L778123,MK-2206,NCIH2122,26.11496453,0,1
8678,L778123,MK-2206,NCIH460,24.11003111,0,1
8679,L778123,MK-2206,NCIH520,26.6392148,0,1
8681,L778123,MK-2206,OV90,23.45895699,0,1
8683,L778123,MK-2206,PA1,27.62671846,0,1
8684,L778123,MK-2206,RKO,24.91008412,0,1
8686,L778123,MK-2206,SKMEL30,24.57444041,0,1
8687,L778123,MK-2206,SKMES1,25.49740374,0,1
8688,L778123,MK-2206,SKOV3,28.72216383,0,1
8692,L778123,MK-2206,UACC62,21.63954272,0,1
8693,L778123,MK-2206,UWB1289,37.07742811,0,1
8694,L778123,MK-2206,UWB1289BRCA1,31.94441439,0,1
8696,L778123,MK-2206,ZR751,24.37361736,0,1
8697,L778123,MK-4827,A2058,32.17033318,3,1
8707,L778123,MK-4827,HT144,-53.48177148,3,0
8710,L778123,MK-4827,LNCAP,-73.61146513,3,0
8713,L778123,MK-4827,MSTO,-12.67266585,3,0
8719,L778123,MK-4827,OCUBM,21.24433523,3,1
8729,L778123,MK-4827,SW837,-43.41334659,3,0
8732,L778123,MK-4827,UWB1289,21.78681202,3,1
8733,L778123,MK-4827,UWB1289BRCA1,26.42003924,3,1
8736,L778123,MK-5108,A2058,25.4027631,0,1
8738,L778123,MK-5108,A375,27.48518919,0,1
8739,L778123,MK-5108,A427,31.11662341,0,1
8741,L778123,MK-5108,COLO320DM,-44.63630794,0,0
8747,L778123,MK-5108,HT29,23.46348238,0,1
8749,L778123,MK-5108,LNCAP,-48.41904865,0,0
8761,L778123,MK-5108,PA1,42.3692131,0,1
8764,L778123,MK-5108,SKMEL30,23.14351777,0,1
8767,L778123,MK-5108,SW620,22.66867374,0,1
8774,L778123,MK-5108,ZR751,-10.64945264,0,0
8775,L778123,MK-8669,A2058,46.45451741,3,1
8776,L778123,MK-8669,A2780,38.88260616,3,1
8777,L778123,MK-8669,A375,35.29503018,3,1
8778,L778123,MK-8669,A427,34.65111263,3,1
8779,L778123,MK-8669,CAOV3,34.4946645,3,1
8781,L778123,MK-8669,DLD1,28.48618351,3,1
8782,L778123,MK-8669,EFM192B,45.26333918,3,1
8783,L778123,MK-8669,ES2,27.98104705,3,1
8785,L778123,MK-8669,HT144,40.54201311,3,1
8786,L778123,MK-8669,HT29,42.35166973,3,1
8787,L778123,MK-8669,KPL1,37.74392779,3,1
8788,L778123,MK-8669,LNCAP,54.39460903,3,1
8789,L778123,MK-8669,LOVO,28.39515721,3,1
8790,L778123,MK-8669,MDAMB436,34.19421959,3,1
8791,L778123,MK-8669,MSTO,44.80655134,3,1
8792,L778123,MK-8669,NCIH1650,41.86767899,3,1
8793,L778123,MK-8669,NCIH2122,39.990865,3,1
8794,L778123,MK-8669,NCIH23,25.10262104,3,1
8795,L778123,MK-8669,NCIH460,29.84292815,3,1
8796,L778123,MK-8669,NCIH520,43.73504997,3,1
8797,L778123,MK-8669,OCUBM,47.65133978,3,1
8798,L778123,MK-8669,OV90,35.90390591,3,1
8799,L778123,MK-8669,OVCAR3,39.05316644,3,1
8800,L778123,MK-8669,PA1,26.36566603,3,1
8801,L778123,MK-8669,RKO,45.6577058,3,1
8802,L778123,MK-8669,RPMI7951,31.63901828,3,1
8803,L778123,MK-8669,SKMEL30,41.24719032,3,1
8804,L778123,MK-8669,SKMES1,30.66591236,3,1
8805,L778123,MK-8669,SKOV3,48.44299796,3,1
8806,L778123,MK-8669,SW620,22.86095528,3,1
8807,L778123,MK-8669,SW837,30.8585163,3,1
8808,L778123,MK-8669,T47D,40.04916007,3,1
8809,L778123,MK-8669,UACC62,39.92569565,3,1
8810,L778123,MK-8669,UWB1289,50.98532887,3,1
8811,L778123,MK-8669,UWB1289BRCA1,43.38043018,3,1
8812,L778123,MK-8669,VCAP,51.97185783,3,1
8813,L778123,MK-8669,ZR751,31.46964042,3,1
8814,L778123,MK-8776,A2058,34.40433372,2,1
8815,L778123,MK-8776,A2780,20.98064666,2,1
8816,L778123,MK-8776,A375,23.17707892,2,1
8818,L778123,MK-8776,CAOV3,21.69121505,2,1
8824,L778123,MK-8776,HT144,-69.55298015,2,0
8827,L778123,MK-8776,LNCAP,-69.91688569,2,0
8838,L778123,MK-8776,OVCAR3,-20.13894756,2,0
8840,L778123,MK-8776,RKO,22.01897036,2,1
8846,L778123,MK-8776,SW837,-87.12752054,2,0
8861,L778123,OXALIPLATIN,ES2,-15.6629728,2,0
8866,L778123,OXALIPLATIN,LNCAP,-47.54112621,2,0
8873,L778123,OXALIPLATIN,NCIH460,-14.91146278,2,0
8877,L778123,OXALIPLATIN,OVCAR3,-19.17660064,2,0
8878,L778123,OXALIPLATIN,PA1,-15.59762171,2,0
8886,L778123,OXALIPLATIN,T47D,-22.10312984,2,0
8887,L778123,OXALIPLATIN,UACC62,-12.01542931,2,0
8893,L778123,PD325901,A2780,32.49092847,1,1
8895,L778123,PD325901,A427,23.7544086,1,1
8896,L778123,PD325901,CAOV3,51.29024931,1,1
8900,L778123,PD325901,ES2,25.06591414,1,1
8901,L778123,PD325901,HCT116,27.13820301,1,1
8902,L778123,PD325901,HT144,29.57662754,1,1
8903,L778123,PD325901,HT29,25.21388447,1,1
8910,L778123,PD325901,NCIH2122,34.99398612,1,1
8916,L778123,PD325901,OVCAR3,-17.28322256,1,0
8918,L778123,PD325901,RKO,28.60090852,1,1
8920,L778123,PD325901,SKMEL30,25.39440458,1,1
8922,L778123,PD325901,SKOV3,20.42089941,1,1
8925,L778123,PD325901,T47D,-14.86371545,1,0
8931,L778123,SN-38,A2058,40.81060203,2,1
8934,L778123,SN-38,A427,24.02207234,2,1
8953,L778123,SN-38,OCUBM,31.88654236,2,1
8970,L778123,SORAFENIB,A2058,23.18745777,4,1
8985,L778123,SORAFENIB,MDAMB436,-10.2236752,4,0
8986,L778123,SORAFENIB,MSTO,-25.16985204,4,0
8994,L778123,SORAFENIB,OVCAR3,-21.13673403,4,0
9009,L778123,SUNITINIB,A2058,21.02058874,2,1
9020,L778123,SUNITINIB,HT29,21.6185879,2,1
9048,L778123,TEMOZOLOMIDE,A2058,38.53907249,0,1
9051,L778123,TEMOZOLOMIDE,A427,24.79784247,0,1
9055,L778123,TEMOZOLOMIDE,EFM192B,-20.43473038,0,0
9060,L778123,TEMOZOLOMIDE,KPL1,-26.01477346,0,0
9065,L778123,TEMOZOLOMIDE,NCIH1650,-13.71528592,0,0
9071,L778123,TEMOZOLOMIDE,OV90,21.21645312,0,1
9081,L778123,TEMOZOLOMIDE,T47D,-31.683189,0,0
9083,L778123,TEMOZOLOMIDE,UWB1289,23.8512335,0,1
9086,L778123,TEMOZOLOMIDE,ZR751,-29.40778253,0,0
9087,L778123,TOPOTECAN,A2058,45.10320001,0,1
9089,L778123,TOPOTECAN,A375,-36.31706666,0,0
9090,L778123,TOPOTECAN,A427,23.66434287,0,1
9092,L778123,TOPOTECAN,COLO320DM,22.74006146,0,1
9096,L778123,TOPOTECAN,HCT116,22.75343346,0,1
9098,L778123,TOPOTECAN,HT29,24.95918685,0,1
9100,L778123,TOPOTECAN,LNCAP,28.51713837,0,1
9113,L778123,TOPOTECAN,RKO,30.19132446,0,1
9116,L778123,TOPOTECAN,SKMES1,26.19818471,0,1
9118,L778123,TOPOTECAN,SW620,24.68523819,0,1
9126,L778123,VINORELBINE,A2058,24.03464194,3,1
9133,L778123,VINORELBINE,EFM192B,-18.4874913,3,0
9144,L778123,VINORELBINE,NCIH2122,-27.18852434,3,0
9145,L778123,VINORELBINE,NCIH23,-101.7144172,3,0
9147,L778123,VINORELBINE,NCIH520,-10.91514974,3,0
9149,L778123,VINORELBINE,OV90,40.21417194,3,1
9150,L778123,VINORELBINE,OVCAR3,-34.1304177,3,0
9161,L778123,VINORELBINE,UWB1289,25.86698001,3,1
9168,L778123,ZOLINZA,A427,-32.70836734,1,0
9176,L778123,ZOLINZA,HT29,21.53709351,1,1
9178,L778123,ZOLINZA,LNCAP,22.44109188,1,1
9183,L778123,ZOLINZA,NCIH2122,21.34192409,1,1
9195,L778123,ZOLINZA,SKOV3,24.9558111,1,1
9207,LAPATINIB,ABT-888,A427,-26.00323788,2,0
9220,LAPATINIB,ABT-888,MSTO,47.31666702,2,1
9224,LAPATINIB,ABT-888,NCIH460,-10.78556992,2,0
9227,LAPATINIB,ABT-888,OV90,-13.16172721,2,0
9231,LAPATINIB,ABT-888,RPMI7951,-10.37644078,2,0
9241,LAPATINIB,ABT-888,VCAP,-10.66114851,2,0
9243,LAPATINIB,BEZ-235,A2058,34.88357327,4,1
9244,LAPATINIB,BEZ-235,A2780,33.65391894,4,1
9245,LAPATINIB,BEZ-235,A375,27.90670544,4,1
9247,LAPATINIB,BEZ-235,CAOV3,38.04606235,4,1
9249,LAPATINIB,BEZ-235,DLD1,39.6543515,4,1
9250,LAPATINIB,BEZ-235,EFM192B,44.11404873,4,1
9254,LAPATINIB,BEZ-235,HT29,36.40278387,4,1
9255,LAPATINIB,BEZ-235,KPL1,23.26427119,4,1
9256,LAPATINIB,BEZ-235,LNCAP,89.98839495,4,1
9257,LAPATINIB,BEZ-235,LOVO,48.30622234,4,1
9259,LAPATINIB,BEZ-235,MSTO,-17.07556739,4,0
9260,LAPATINIB,BEZ-235,NCIH1650,31.92801923,4,1
9261,LAPATINIB,BEZ-235,NCIH2122,52.15446199,4,1
9263,LAPATINIB,BEZ-235,NCIH460,22.44733457,4,1
9264,LAPATINIB,BEZ-235,NCIH520,27.80756095,4,1
9265,LAPATINIB,BEZ-235,OCUBM,31.67293726,4,1
9266,LAPATINIB,BEZ-235,OV90,22.29950647,4,1
9267,LAPATINIB,BEZ-235,OVCAR3,34.20075508,4,1
9268,LAPATINIB,BEZ-235,PA1,39.89703101,4,1
9269,LAPATINIB,BEZ-235,RKO,21.89766168,4,1
9270,LAPATINIB,BEZ-235,RPMI7951,20.48600654,4,1
9271,LAPATINIB,BEZ-235,SKMEL30,26.98629293,4,1
9272,LAPATINIB,BEZ-235,SKMES1,31.74558029,4,1
9273,LAPATINIB,BEZ-235,SKOV3,34.70684933,4,1
9275,LAPATINIB,BEZ-235,SW837,63.10413345,4,1
9276,LAPATINIB,BEZ-235,T47D,158.1723247,4,1
9277,LAPATINIB,BEZ-235,UACC62,34.99340476,4,1
9278,LAPATINIB,BEZ-235,UWB1289,37.69566449,4,1
9279,LAPATINIB,BEZ-235,UWB1289BRCA1,37.37437029,4,1
9280,LAPATINIB,BEZ-235,VCAP,24.52076125,4,1
9281,LAPATINIB,BEZ-235,ZR751,41.23943802,4,1
9283,LAPATINIB,BORTEZOMIB,A2780,-12.13421033,0,0
9284,LAPATINIB,BORTEZOMIB,A375,39.59126666,0,1
9285,LAPATINIB,BORTEZOMIB,A427,-22.9263193,0,0
9286,LAPATINIB,BORTEZOMIB,CAOV3,-12.43898045,0,0
9288,LAPATINIB,BORTEZOMIB,DLD1,28.23043223,0,1
9290,LAPATINIB,BORTEZOMIB,ES2,21.17143461,0,1
9293,LAPATINIB,BORTEZOMIB,HT29,-12.78628716,0,0
9298,LAPATINIB,BORTEZOMIB,MSTO,87.45849293,0,1
9302,LAPATINIB,BORTEZOMIB,NCIH460,25.68289027,0,1
9303,LAPATINIB,BORTEZOMIB,NCIH520,-29.87570849,0,0
9308,LAPATINIB,BORTEZOMIB,RKO,20.10118152,0,1
9311,LAPATINIB,BORTEZOMIB,SKMES1,-10.95308482,0,0
9312,LAPATINIB,BORTEZOMIB,SKOV3,21.39649925,0,1
9315,LAPATINIB,BORTEZOMIB,T47D,-31.40365846,0,0
9317,LAPATINIB,BORTEZOMIB,UWB1289,-27.73822609,0,0
9321,LAPATINIB,DASATINIB,A2058,53.53442452,1,1
9322,LAPATINIB,DASATINIB,A2780,71.40143393,1,1
9323,LAPATINIB,DASATINIB,A375,-13.9892057,1,0
9324,LAPATINIB,DASATINIB,A427,23.0666146,1,1
9325,LAPATINIB,DASATINIB,CAOV3,32.00802324,1,1
9327,LAPATINIB,DASATINIB,DLD1,66.07178033,1,1
9328,LAPATINIB,DASATINIB,EFM192B,66.62546631,1,1
9330,LAPATINIB,DASATINIB,HCT116,-31.34199924,1,0
9331,LAPATINIB,DASATINIB,HT144,-39.72188641,1,0
9332,LAPATINIB,DASATINIB,HT29,28.12888562,1,1
9335,LAPATINIB,DASATINIB,LOVO,56.42162425,1,1
9337,LAPATINIB,DASATINIB,MSTO,61.34302396,1,1
9338,LAPATINIB,DASATINIB,NCIH1650,65.81115397,1,1
9339,LAPATINIB,DASATINIB,NCIH2122,-29.73167278,1,0
9341,LAPATINIB,DASATINIB,NCIH460,-15.60596566,1,0
9342,LAPATINIB,DASATINIB,NCIH520,33.93364817,1,1
9343,LAPATINIB,DASATINIB,OCUBM,64.18255697,1,1
9345,LAPATINIB,DASATINIB,OVCAR3,86.95133731,1,1
9346,LAPATINIB,DASATINIB,PA1,30.1705353,1,1
9348,LAPATINIB,DASATINIB,RPMI7951,22.39081299,1,1
9350,LAPATINIB,DASATINIB,SKMES1,63.11185705,1,1
9351,LAPATINIB,DASATINIB,SKOV3,58.86214748,1,1
9353,LAPATINIB,DASATINIB,SW837,83.53453831,1,1
9354,LAPATINIB,DASATINIB,T47D,31.24126538,1,1
9356,LAPATINIB,DASATINIB,UWB1289,23.07383826,1,1
9357,LAPATINIB,DASATINIB,UWB1289BRCA1,27.11143845,1,1
9359,LAPATINIB,DASATINIB,ZR751,-34.48491869,1,0
9362,LAPATINIB,DINACICLIB,A375,25.18353308,3,1
9363,LAPATINIB,DINACICLIB,A427,-10.58600537,3,0
9365,LAPATINIB,DINACICLIB,COLO320DM,42.47883536,3,1
9366,LAPATINIB,DINACICLIB,DLD1,43.87066322,3,1
9368,LAPATINIB,DINACICLIB,ES2,23.41159458,3,1
9373,LAPATINIB,DINACICLIB,LNCAP,41.44071297,3,1
9374,LAPATINIB,DINACICLIB,LOVO,24.1077486,3,1
9376,LAPATINIB,DINACICLIB,MSTO,21.21902965,3,1
9379,LAPATINIB,DINACICLIB,NCIH23,23.25698178,3,1
9380,LAPATINIB,DINACICLIB,NCIH460,27.20157296,3,1
9384,LAPATINIB,DINACICLIB,OVCAR3,28.57924551,3,1
9387,LAPATINIB,DINACICLIB,RPMI7951,24.76129789,3,1
9402,LAPATINIB,ERLOTINIB,A427,-19.72497872,3,0
9404,LAPATINIB,ERLOTINIB,COLO320DM,-10.15943075,3,0
9406,LAPATINIB,ERLOTINIB,EFM192B,22.38038527,3,1
9407,LAPATINIB,ERLOTINIB,ES2,-13.64427468,3,0
9409,LAPATINIB,ERLOTINIB,HT144,-15.05091041,3,0
9411,LAPATINIB,ERLOTINIB,KPL1,-24.76739823,3,0
9414,LAPATINIB,ERLOTINIB,MDAMB436,-16.1682116,3,0
9415,LAPATINIB,ERLOTINIB,MSTO,-189.4846798,3,0
9418,LAPATINIB,ERLOTINIB,NCIH23,-11.44323053,3,0
9422,LAPATINIB,ERLOTINIB,OV90,-12.99893615,3,0
9425,LAPATINIB,ERLOTINIB,RKO,-12.15049207,3,0
9430,LAPATINIB,ERLOTINIB,SW620,-16.44658521,3,0
9432,LAPATINIB,ERLOTINIB,T47D,-14.77734431,3,0
9440,LAPATINIB,GELDANAMYCIN,A375,27.08658231,3,1
9442,LAPATINIB,GELDANAMYCIN,CAOV3,35.02468846,3,1
9443,LAPATINIB,GELDANAMYCIN,COLO320DM,24.79401025,3,1
9444,LAPATINIB,GELDANAMYCIN,DLD1,47.57326123,3,1
9445,LAPATINIB,GELDANAMYCIN,EFM192B,-14.11140121,3,0
9447,LAPATINIB,GELDANAMYCIN,HCT116,21.1635913,3,1
9448,LAPATINIB,GELDANAMYCIN,HT144,20.26459264,3,1
9451,LAPATINIB,GELDANAMYCIN,LNCAP,56.31335213,3,1
9453,LAPATINIB,GELDANAMYCIN,MDAMB436,22.68989272,3,1
9458,LAPATINIB,GELDANAMYCIN,NCIH460,26.78545932,3,1
9462,LAPATINIB,GELDANAMYCIN,OVCAR3,20.64534532,3,1
9465,LAPATINIB,GELDANAMYCIN,RPMI7951,-12.92158619,3,0
9467,LAPATINIB,GELDANAMYCIN,SKMES1,29.11162784,3,1
9470,LAPATINIB,GELDANAMYCIN,SW837,21.71429178,3,1
9471,LAPATINIB,GELDANAMYCIN,T47D,-31.4758658,3,0
9473,LAPATINIB,GELDANAMYCIN,UWB1289,-21.23692214,3,0
9474,LAPATINIB,GELDANAMYCIN,UWB1289BRCA1,-18.6202825,3,0
9475,LAPATINIB,GELDANAMYCIN,VCAP,21.86875611,3,1
9477,LAPATINIB,MK-2206,A2058,41.77696806,2,1
9478,LAPATINIB,MK-2206,A2780,24.29032355,2,1
9479,LAPATINIB,MK-2206,A375,28.21735919,2,1
9481,LAPATINIB,MK-2206,CAOV3,41.54387853,2,1
9483,LAPATINIB,MK-2206,DLD1,50.80721722,2,1
9484,LAPATINIB,MK-2206,EFM192B,29.05491203,2,1
9487,LAPATINIB,MK-2206,HT144,25.96216039,2,1
9488,LAPATINIB,MK-2206,HT29,39.47279869,2,1
9489,LAPATINIB,MK-2206,KPL1,42.54077637,2,1
9490,LAPATINIB,MK-2206,LNCAP,-11.99120342,2,0
9491,LAPATINIB,MK-2206,LOVO,38.31211149,2,1
9493,LAPATINIB,MK-2206,MSTO,71.62214021,2,1
9494,LAPATINIB,MK-2206,NCIH1650,41.55565381,2,1
9495,LAPATINIB,MK-2206,NCIH2122,51.56955123,2,1
9499,LAPATINIB,MK-2206,OCUBM,40.16375752,2,1
9501,LAPATINIB,MK-2206,OVCAR3,29.12387547,2,1
9502,LAPATINIB,MK-2206,PA1,31.4463118,2,1
9505,LAPATINIB,MK-2206,SKMEL30,26.69493458,2,1
9506,LAPATINIB,MK-2206,SKMES1,43.18513853,2,1
9507,LAPATINIB,MK-2206,SKOV3,51.8625158,2,1
9509,LAPATINIB,MK-2206,SW837,68.73102155,2,1
9512,LAPATINIB,MK-2206,UWB1289,34.12915569,2,1
9513,LAPATINIB,MK-2206,UWB1289BRCA1,35.64228439,2,1
9515,LAPATINIB,MK-2206,ZR751,48.86655801,2,1
9519,LAPATINIB,MK-4827,A427,-10.0233806,3,0
9525,LAPATINIB,MK-4827,HCT116,21.52502558,3,1
9527,LAPATINIB,MK-4827,HT29,22.53550016,3,1
9529,LAPATINIB,MK-4827,LNCAP,-47.05010829,3,0
9530,LAPATINIB,MK-4827,LOVO,31.11158097,3,1
9532,LAPATINIB,MK-4827,MSTO,20.78015013,3,1
9540,LAPATINIB,MK-4827,OVCAR3,24.49446047,3,1
9541,LAPATINIB,MK-4827,PA1,24.53779788,3,1
9544,LAPATINIB,MK-4827,SKMEL30,22.90802463,3,1
9548,LAPATINIB,MK-4827,SW837,34.01555838,3,1
9552,LAPATINIB,MK-4827,UWB1289BRCA1,24.25881366,3,1
9553,LAPATINIB,MK-4827,VCAP,25.01638538,3,1
9557,LAPATINIB,MK-5108,A375,21.56699435,4,1
9558,LAPATINIB,MK-5108,A427,-16.34034937,4,0
9559,LAPATINIB,MK-5108,CAOV3,21.47719376,4,1
9568,LAPATINIB,MK-5108,LNCAP,-33.05688896,4,0
9569,LAPATINIB,MK-5108,LOVO,28.43135492,4,1
9571,LAPATINIB,MK-5108,MSTO,36.97077261,4,1
9573,LAPATINIB,MK-5108,NCIH2122,-11.36972154,4,0
9576,LAPATINIB,MK-5108,NCIH520,-16.94299188,4,0
9589,LAPATINIB,MK-5108,UACC62,20.36298817,4,1
9591,LAPATINIB,MK-5108,UWB1289BRCA1,21.44477061,4,1
9594,LAPATINIB,MK-8669,A2058,32.53706921,2,1
9595,LAPATINIB,MK-8669,A2780,26.21286426,2,1
9596,LAPATINIB,MK-8669,A375,28.58647659,2,1
9597,LAPATINIB,MK-8669,A427,-11.1096158,2,0
9598,LAPATINIB,MK-8669,CAOV3,52.18861283,2,1
9599,LAPATINIB,MK-8669,COLO320DM,23.9013361,2,1
9600,LAPATINIB,MK-8669,DLD1,54.69766371,2,1
9601,LAPATINIB,MK-8669,EFM192B,52.34047368,2,1
9602,LAPATINIB,MK-8669,ES2,21.94005754,2,1
9605,LAPATINIB,MK-8669,HT29,21.74208056,2,1
9606,LAPATINIB,MK-8669,KPL1,39.98429783,2,1
9608,LAPATINIB,MK-8669,LOVO,58.28508027,2,1
9610,LAPATINIB,MK-8669,MSTO,92.85066305,2,1
9611,LAPATINIB,MK-8669,NCIH1650,26.93772197,2,1
9612,LAPATINIB,MK-8669,NCIH2122,32.83083921,2,1
9616,LAPATINIB,MK-8669,OCUBM,38.72653029,2,1
9618,LAPATINIB,MK-8669,OVCAR3,36.35032031,2,1
9619,LAPATINIB,MK-8669,PA1,23.70424248,2,1
9621,LAPATINIB,MK-8669,RPMI7951,22.0318023,2,1
9622,LAPATINIB,MK-8669,SKMEL30,45.5204346,2,1
9624,LAPATINIB,MK-8669,SKOV3,58.01792239,2,1
9626,LAPATINIB,MK-8669,SW837,44.54477473,2,1
9628,LAPATINIB,MK-8669,UACC62,20.7864534,2,1
9629,LAPATINIB,MK-8669,UWB1289,24.12775957,2,1
9630,LAPATINIB,MK-8669,UWB1289BRCA1,29.28591824,2,1
9632,LAPATINIB,MK-8669,ZR751,51.10732549,2,1
9633,LAPATINIB,MK-8776,A2058,22.63455241,0,1
9635,LAPATINIB,MK-8776,A375,21.86062291,0,1
9637,LAPATINIB,MK-8776,CAOV3,70.42307297,0,1
9640,LAPATINIB,MK-8776,EFM192B,25.35592598,0,1
9647,LAPATINIB,MK-8776,LOVO,34.52902977,0,1
9651,LAPATINIB,MK-8776,NCIH2122,-11.5182582,0,0
9653,LAPATINIB,MK-8776,NCIH460,-10.35099436,0,0
9654,LAPATINIB,MK-8776,NCIH520,-18.89181982,0,0
9655,LAPATINIB,MK-8776,OCUBM,27.52212692,0,1
9657,LAPATINIB,MK-8776,OVCAR3,20.77762241,0,1
9658,LAPATINIB,MK-8776,PA1,24.2988663,0,1
9666,LAPATINIB,MK-8776,T47D,-62.11176396,0,0
9668,LAPATINIB,MK-8776,UWB1289,-17.26950205,0,0
9669,LAPATINIB,MK-8776,UWB1289BRCA1,-19.18099304,0,0
9673,LAPATINIB,OXALIPLATIN,A2780,-27.86659733,0,0
9674,LAPATINIB,OXALIPLATIN,A375,-11.82563788,0,0
9675,LAPATINIB,OXALIPLATIN,A427,-24.06972341,0,0
9676,LAPATINIB,OXALIPLATIN,CAOV3,-28.6398718,0,0
9677,LAPATINIB,OXALIPLATIN,COLO320DM,-16.94408812,0,0
9680,LAPATINIB,OXALIPLATIN,ES2,-14.81350288,0,0
9682,LAPATINIB,OXALIPLATIN,HT144,-23.5682761,0,0
9683,LAPATINIB,OXALIPLATIN,HT29,-16.53904833,0,0
9687,LAPATINIB,OXALIPLATIN,MDAMB436,-21.41579001,0,0
9690,LAPATINIB,OXALIPLATIN,NCIH2122,-17.1880816,0,0
9691,LAPATINIB,OXALIPLATIN,NCIH23,-25.85661344,0,0
9692,LAPATINIB,OXALIPLATIN,NCIH460,-45.65988781,0,0
9693,LAPATINIB,OXALIPLATIN,NCIH520,-20.5093625,0,0
9695,LAPATINIB,OXALIPLATIN,OV90,-23.2576025,0,0
9697,LAPATINIB,OXALIPLATIN,PA1,-40.3526157,0,0
9698,LAPATINIB,OXALIPLATIN,RKO,-12.66018999,0,0
9699,LAPATINIB,OXALIPLATIN,RPMI7951,-35.88274646,0,0
9703,LAPATINIB,OXALIPLATIN,SW620,-17.78016022,0,0
9705,LAPATINIB,OXALIPLATIN,T47D,-11.31924505,0,0
9706,LAPATINIB,OXALIPLATIN,UACC62,-25.94665965,0,0
9708,LAPATINIB,OXALIPLATIN,UWB1289BRCA1,-11.11784518,0,0
9709,LAPATINIB,OXALIPLATIN,VCAP,-12.20687012,0,0
9711,LAPATINIB,PD325901,A2058,44.53959785,1,1
9712,LAPATINIB,PD325901,A2780,26.59764991,1,1
9713,LAPATINIB,PD325901,A375,25.87014975,1,1
9715,LAPATINIB,PD325901,CAOV3,24.7476342,1,1
9717,LAPATINIB,PD325901,DLD1,46.60263977,1,1
9718,LAPATINIB,PD325901,EFM192B,25.51205421,1,1
9721,LAPATINIB,PD325901,HT144,24.01547998,1,1
9722,LAPATINIB,PD325901,HT29,29.51398891,1,1
9725,LAPATINIB,PD325901,LOVO,62.69581502,1,1
9729,LAPATINIB,PD325901,NCIH2122,74.0749477,1,1
9735,LAPATINIB,PD325901,OVCAR3,45.11289385,1,1
9736,LAPATINIB,PD325901,PA1,31.3116256,1,1
9737,LAPATINIB,PD325901,RKO,30.03786145,1,1
9740,LAPATINIB,PD325901,SKMES1,33.27908028,1,1
9743,LAPATINIB,PD325901,SW837,59.25733854,1,1
9744,LAPATINIB,PD325901,T47D,58.83005465,1,1
9746,LAPATINIB,PD325901,UWB1289,60.46124277,1,1
9747,LAPATINIB,PD325901,UWB1289BRCA1,29.77122744,1,1
9749,LAPATINIB,PD325901,ZR751,53.38531317,1,1
9750,LAPATINIB,SN-38,A2058,22.20324316,3,1
9751,LAPATINIB,SN-38,A2780,42.90929646,3,1
9752,LAPATINIB,SN-38,A375,26.18976309,3,1
9753,LAPATINIB,SN-38,A427,-12.7966106,3,0
9754,LAPATINIB,SN-38,CAOV3,31.47119412,3,1
9756,LAPATINIB,SN-38,DLD1,25.03004031,3,1
9757,LAPATINIB,SN-38,EFM192B,22.56051276,3,1
9758,LAPATINIB,SN-38,ES2,23.92402027,3,1
9759,LAPATINIB,SN-38,HCT116,32.23325702,3,1
9761,LAPATINIB,SN-38,HT29,21.36731975,3,1
9764,LAPATINIB,SN-38,LOVO,25.47652962,3,1
9765,LAPATINIB,SN-38,MDAMB436,20.01337097,3,1
9766,LAPATINIB,SN-38,MSTO,62.62103329,3,1
9768,LAPATINIB,SN-38,NCIH2122,35.75040793,3,1
9769,LAPATINIB,SN-38,NCIH23,58.04697124,3,1
9770,LAPATINIB,SN-38,NCIH460,72.79578233,3,1
9773,LAPATINIB,SN-38,OV90,-19.57182873,3,0
9774,LAPATINIB,SN-38,OVCAR3,46.08616398,3,1
9775,LAPATINIB,SN-38,PA1,55.62409407,3,1
9777,LAPATINIB,SN-38,RPMI7951,54.41850359,3,1
9779,LAPATINIB,SN-38,SKMES1,25.45579585,3,1
9780,LAPATINIB,SN-38,SKOV3,26.40867812,3,1
9782,LAPATINIB,SN-38,SW837,45.44353946,3,1
9786,LAPATINIB,SN-38,UWB1289BRCA1,31.20021385,3,1
9787,LAPATINIB,SN-38,VCAP,34.14797271,3,1
9788,LAPATINIB,SN-38,ZR751,36.74866746,3,1
9795,LAPATINIB,SORAFENIB,DLD1,28.18986262,3,1
9805,LAPATINIB,SORAFENIB,MSTO,-23.17492645,3,0
9819,LAPATINIB,SORAFENIB,SKOV3,26.96687272,3,1
9823,LAPATINIB,SORAFENIB,UACC62,20.09940721,3,1
9827,LAPATINIB,SORAFENIB,ZR751,-10.00809262,3,0
9828,LAPATINIB,TOPOTECAN,A2058,22.04350758,1,1
9833,LAPATINIB,TOPOTECAN,COLO320DM,-11.52246806,1,0
9839,LAPATINIB,TOPOTECAN,HT29,-12.56524254,1,0
9842,LAPATINIB,TOPOTECAN,LOVO,26.61682989,1,1
9846,LAPATINIB,TOPOTECAN,NCIH2122,20.96251393,1,1
9847,LAPATINIB,TOPOTECAN,NCIH23,23.14219149,1,1
9851,LAPATINIB,TOPOTECAN,OV90,-12.15200977,1,0
9852,LAPATINIB,TOPOTECAN,OVCAR3,-13.40507251,1,0
9858,LAPATINIB,TOPOTECAN,SKOV3,-10.91761431,1,0
9863,LAPATINIB,TOPOTECAN,UWB1289,-17.45662554,1,0
9866,LAPATINIB,TOPOTECAN,ZR751,42.33789748,1,1
9870,METFORMIN,ABT-888,A427,-11.71911643,2,0
9875,METFORMIN,ABT-888,ES2,-11.1880301,2,0
9879,METFORMIN,ABT-888,KPL1,-11.52682193,2,0
9894,METFORMIN,ABT-888,RPMI7951,-10.68107062,2,0
9899,METFORMIN,ABT-888,SW837,-24.12093675,2,0
9900,METFORMIN,ABT-888,T47D,-24.07164482,2,0
9904,METFORMIN,ABT-888,VCAP,-11.9249777,2,0
9905,METFORMIN,ABT-888,ZR751,-16.56767209,2,0
9941,METFORMIN,AZD1775,UWB1289,72.23243261,1,1
9944,METFORMIN,AZD1775,ZR751,-17.07499512,1,0
9945,METFORMIN,BEZ-235,A2058,28.16888608,3,1
9949,METFORMIN,BEZ-235,CAOV3,36.42485052,3,1
9952,METFORMIN,BEZ-235,EFM192B,25.58002959,3,1
9958,METFORMIN,BEZ-235,LNCAP,72.74054899,3,1
9973,METFORMIN,BEZ-235,SKMEL30,24.19831948,3,1
9974,METFORMIN,BEZ-235,SKMES1,21.60846077,3,1
9978,METFORMIN,BEZ-235,T47D,111.9594401,3,1
9980,METFORMIN,BEZ-235,UWB1289,36.43787853,3,1
9981,METFORMIN,BEZ-235,UWB1289BRCA1,26.55465136,3,1
9984,METFORMIN,BORTEZOMIB,A2058,-20.46692309,4,0
9985,METFORMIN,BORTEZOMIB,A2780,-16.41071723,4,0
9987,METFORMIN,BORTEZOMIB,A427,-16.53144705,4,0
9989,METFORMIN,BORTEZOMIB,COLO320DM,-32.63817694,4,0
9995,METFORMIN,BORTEZOMIB,HT29,-18.44897928,4,0
9996,METFORMIN,BORTEZOMIB,KPL1,-31.53664838,4,0
10000,METFORMIN,BORTEZOMIB,MSTO,51.00137402,4,1
10001,METFORMIN,BORTEZOMIB,NCIH1650,-31.13257721,4,0
10005,METFORMIN,BORTEZOMIB,NCIH520,-17.21462959,4,0
10006,METFORMIN,BORTEZOMIB,OCUBM,-16.08642191,4,0
10010,METFORMIN,BORTEZOMIB,RKO,-19.69298483,4,0
10014,METFORMIN,BORTEZOMIB,SKOV3,-14.75381792,4,0
10019,METFORMIN,BORTEZOMIB,UWB1289,-14.89923887,4,0
10021,METFORMIN,BORTEZOMIB,VCAP,-18.12776366,4,0
10022,METFORMIN,BORTEZOMIB,ZR751,-21.04432716,4,0
10024,METFORMIN,DASATINIB,A2780,26.01895977,0,1
10026,METFORMIN,DASATINIB,A427,25.88354722,0,1
10030,METFORMIN,DASATINIB,EFM192B,29.38650064,0,1
10032,METFORMIN,DASATINIB,HCT116,-31.91073337,0,0
10033,METFORMIN,DASATINIB,HT144,-38.9127885,0,0
10037,METFORMIN,DASATINIB,LOVO,22.8819116,0,1
10038,METFORMIN,DASATINIB,MDAMB436,20.70363382,0,1
10039,METFORMIN,DASATINIB,MSTO,98.80382093,0,1
10041,METFORMIN,DASATINIB,NCIH2122,-65.77770455,0,0
10044,METFORMIN,DASATINIB,NCIH520,23.63362329,0,1
10047,METFORMIN,DASATINIB,OVCAR3,48.87975472,0,1
10051,METFORMIN,DASATINIB,SKMEL30,-24.72586416,0,0
10061,METFORMIN,DASATINIB,ZR751,-11.34910278,0,0
10066,METFORMIN,DINACICLIB,CAOV3,-13.18277329,4,0
10075,METFORMIN,DINACICLIB,LNCAP,22.30898583,4,1
10079,METFORMIN,DINACICLIB,NCIH1650,23.12398754,4,1
10085,METFORMIN,DINACICLIB,OV90,-14.51763757,4,0
10096,METFORMIN,DINACICLIB,UACC62,-12.57454143,4,0
10100,METFORMIN,DINACICLIB,ZR751,-16.45559122,4,0
10105,METFORMIN,ERLOTINIB,CAOV3,-11.10387958,0,0
10117,METFORMIN,ERLOTINIB,MSTO,43.26890492,0,1
10118,METFORMIN,ERLOTINIB,NCIH1650,-12.14055499,0,0
10120,METFORMIN,ERLOTINIB,NCIH23,-10.73994038,0,0
10125,METFORMIN,ERLOTINIB,OVCAR3,-14.02587326,0,0
10127,METFORMIN,ERLOTINIB,RKO,-12.16139013,0,0
10134,METFORMIN,ERLOTINIB,T47D,22.87497244,0,1
10141,METFORMIN,GELDANAMYCIN,A2780,-11.48486153,3,0
10144,METFORMIN,GELDANAMYCIN,CAOV3,-13.89930511,3,0
10148,METFORMIN,GELDANAMYCIN,ES2,-14.91922498,3,0
10150,METFORMIN,GELDANAMYCIN,HT144,-13.93989251,3,0
10151,METFORMIN,GELDANAMYCIN,HT29,-10.55194736,3,0
10152,METFORMIN,GELDANAMYCIN,KPL1,-12.12358589,3,0
10153,METFORMIN,GELDANAMYCIN,LNCAP,27.29410708,3,1
10154,METFORMIN,GELDANAMYCIN,LOVO,-14.01295594,3,0
10158,METFORMIN,GELDANAMYCIN,NCIH2122,-11.34394095,3,0
10159,METFORMIN,GELDANAMYCIN,NCIH23,-14.94304843,3,0
10162,METFORMIN,GELDANAMYCIN,OCUBM,-36.35982194,3,0
10163,METFORMIN,GELDANAMYCIN,OV90,-16.80050416,3,0
10164,METFORMIN,GELDANAMYCIN,OVCAR3,-10.03022529,3,0
10166,METFORMIN,GELDANAMYCIN,RKO,-10.92224151,3,0
10167,METFORMIN,GELDANAMYCIN,RPMI7951,-18.33544803,3,0
10170,METFORMIN,GELDANAMYCIN,SKOV3,-15.06588144,3,0
10171,METFORMIN,GELDANAMYCIN,SW620,-12.73848547,3,0
10172,METFORMIN,GELDANAMYCIN,SW837,-13.00865844,3,0
10174,METFORMIN,GELDANAMYCIN,UACC62,-12.09323954,3,0
10175,METFORMIN,GELDANAMYCIN,UWB1289,-12.27541868,3,0
10177,METFORMIN,GELDANAMYCIN,VCAP,-15.40444384,3,0
10178,METFORMIN,GELDANAMYCIN,ZR751,-19.42750635,3,0
10191,METFORMIN,L778123,KPL1,-11.38830342,0,0
10217,METFORMIN,L778123,ZR751,-10.09594877,0,0
10221,METFORMIN,LAPATINIB,A427,-13.57408823,3,0
10234,METFORMIN,LAPATINIB,MSTO,29.18260978,3,1
10241,METFORMIN,LAPATINIB,OV90,-13.89722716,3,0
10256,METFORMIN,LAPATINIB,ZR751,20.68556508,3,1
10277,METFORMIN,MK-2206,NCIH460,-12.90863978,4,0
10290,METFORMIN,MK-2206,T47D,51.18416682,4,1
10328,METFORMIN,MK-4827,SW837,-14.77788579,2,0
10329,METFORMIN,MK-4827,T47D,22.79469315,2,1
10330,METFORMIN,MK-4827,UACC62,-11.73977474,2,0
10339,METFORMIN,MK-5108,CAOV3,-10.53436937,2,0
10368,METFORMIN,MK-5108,T47D,31.27231388,2,1
10373,METFORMIN,MK-5108,ZR751,-11.51327879,2,0
10374,METFORMIN,MK-8669,A2058,26.63151347,0,1
10381,METFORMIN,MK-8669,EFM192B,46.25636535,0,1
10386,METFORMIN,MK-8669,KPL1,23.45401596,0,1
10396,METFORMIN,MK-8669,OCUBM,27.14317302,0,1
10402,METFORMIN,MK-8669,SKMEL30,21.24840171,0,1
10407,METFORMIN,MK-8669,T47D,54.12675087,0,1
10425,METFORMIN,MK-8776,KPL1,-11.63073861,0,0
10429,METFORMIN,MK-8776,MSTO,-38.45653539,0,0
10433,METFORMIN,MK-8776,NCIH460,-11.64385468,0,0
10445,METFORMIN,MK-8776,SW837,-10.64272595,0,0
10451,METFORMIN,MK-8776,ZR751,-37.64633317,0,0
10452,METFORMIN,PD325901,A2058,26.4094776,1,1
10459,METFORMIN,PD325901,EFM192B,-15.3472795,1,0
10464,METFORMIN,PD325901,KPL1,-16.73572752,1,0
10465,METFORMIN,PD325901,LNCAP,23.95325218,1,1
10466,METFORMIN,PD325901,LOVO,-15.73853283,1,0
10471,METFORMIN,PD325901,NCIH23,-12.91235215,1,0
10474,METFORMIN,PD325901,OCUBM,-19.05390672,1,0
10478,METFORMIN,PD325901,RKO,-11.4270221,1,0
10484,METFORMIN,PD325901,SW837,-16.38505489,1,0
10489,METFORMIN,PD325901,VCAP,-11.27055053,1,0
10490,METFORMIN,PD325901,ZR751,-17.79385017,1,0
10529,METFORMIN,SORAFENIB,ZR751,-18.50403421,3,0
10573,METFORMIN,TEMOZOLOMIDE,CAOV3,-89.92810381,3,0
10576,METFORMIN,TEMOZOLOMIDE,EFM192B,-30.51532048,3,0
10579,METFORMIN,TEMOZOLOMIDE,HT144,-10.42096896,3,0
10581,METFORMIN,TEMOZOLOMIDE,KPL1,-20.66547168,3,0
10591,METFORMIN,TEMOZOLOMIDE,OCUBM,-19.31542727,3,0
10593,METFORMIN,TEMOZOLOMIDE,OVCAR3,-10.2103003,3,0
10599,METFORMIN,TEMOZOLOMIDE,SKOV3,-14.10132845,3,0
10601,METFORMIN,TEMOZOLOMIDE,SW837,-15.55652416,3,0
10606,METFORMIN,TEMOZOLOMIDE,VCAP,-11.69491228,3,0
10607,METFORMIN,TEMOZOLOMIDE,ZR751,-71.78942558,3,0
10611,METFORMIN,ZOLINZA,A427,-17.14739769,4,0
10630,METFORMIN,ZOLINZA,OCUBM,-15.82768311,4,0
10641,METFORMIN,ZOLINZA,T47D,55.63110511,4,1
10645,METFORMIN,ZOLINZA,VCAP,22.24739726,4,1
10646,METFORMIN,ZOLINZA,ZR751,-17.72204566,4,0
10647,METHOTREXATE,ABT-888,A2058,-20.92611544,3,0
10656,METHOTREXATE,ABT-888,HCT116,-21.65183373,3,0
10660,METHOTREXATE,ABT-888,LNCAP,-14.94123794,3,0
10661,METHOTREXATE,ABT-888,LOVO,-15.09554516,3,0
10663,METHOTREXATE,ABT-888,MSTO,-10.42339192,3,0
10667,METHOTREXATE,ABT-888,NCIH460,-12.68037651,3,0
10671,METHOTREXATE,ABT-888,OVCAR3,-22.72410037,3,0
10672,METHOTREXATE,ABT-888,PA1,-13.3282645,3,0
10673,METHOTREXATE,ABT-888,RKO,-19.58169784,3,0
10680,METHOTREXATE,ABT-888,T47D,-31.86794075,3,0
10685,METHOTREXATE,ABT-888,ZR751,-12.04264842,3,0
10686,METHOTREXATE,AZD1775,A2058,-15.7931997,0,0
10689,METHOTREXATE,AZD1775,A427,-10.2741063,0,0
10690,METHOTREXATE,AZD1775,CAOV3,25.15113744,0,1
10691,METHOTREXATE,AZD1775,COLO320DM,-16.89325415,0,0
10695,METHOTREXATE,AZD1775,HCT116,-20.04582991,0,0
10697,METHOTREXATE,AZD1775,HT29,-19.6274971,0,0
10698,METHOTREXATE,AZD1775,KPL1,-13.00411063,0,0
10699,METHOTREXATE,AZD1775,LNCAP,-25.20689136,0,0
10702,METHOTREXATE,AZD1775,MSTO,-14.68436586,0,0
10705,METHOTREXATE,AZD1775,NCIH23,-17.97365095,0,0
10706,METHOTREXATE,AZD1775,NCIH460,-11.04226708,0,0
10707,METHOTREXATE,AZD1775,NCIH520,-18.27517586,0,0
10710,METHOTREXATE,AZD1775,OVCAR3,-22.90616039,0,0
10711,METHOTREXATE,AZD1775,PA1,-18.00024231,0,0
10712,METHOTREXATE,AZD1775,RKO,-16.78835289,0,0
10715,METHOTREXATE,AZD1775,SKMES1,-13.50511874,0,0
10717,METHOTREXATE,AZD1775,SW620,-15.17262545,0,0
10718,METHOTREXATE,AZD1775,SW837,-13.10600229,0,0
10719,METHOTREXATE,AZD1775,T47D,-13.49902402,0,0
10721,METHOTREXATE,AZD1775,UWB1289,23.29803103,0,1
10722,METHOTREXATE,AZD1775,UWB1289BRCA1,-14.0928179,0,0
10723,METHOTREXATE,AZD1775,VCAP,-27.39232671,0,0
10724,METHOTREXATE,AZD1775,ZR751,-13.97769032,0,0
10725,METHOTREXATE,BEZ-235,A2058,-38.0121297,0,0
10726,METHOTREXATE,BEZ-235,A2780,-16.82481039,0,0
10727,METHOTREXATE,BEZ-235,A375,-25.61862021,0,0
10729,METHOTREXATE,BEZ-235,CAOV3,-17.50490635,0,0
10731,METHOTREXATE,BEZ-235,DLD1,-16.9202632,0,0
10733,METHOTREXATE,BEZ-235,ES2,-12.19126927,0,0
10734,METHOTREXATE,BEZ-235,HCT116,-41.02096824,0,0
10737,METHOTREXATE,BEZ-235,KPL1,-16.20786001,0,0
10738,METHOTREXATE,BEZ-235,LNCAP,48.29250264,0,1
10740,METHOTREXATE,BEZ-235,MDAMB436,-13.48337625,0,0
10741,METHOTREXATE,BEZ-235,MSTO,-23.31530174,0,0
10743,METHOTREXATE,BEZ-235,NCIH2122,-11.09106924,0,0
10744,METHOTREXATE,BEZ-235,NCIH23,-31.96671719,0,0
10745,METHOTREXATE,BEZ-235,NCIH460,-30.68313271,0,0
10747,METHOTREXATE,BEZ-235,OCUBM,-14.67794352,0,0
10749,METHOTREXATE,BEZ-235,OVCAR3,-35.28896071,0,0
10750,METHOTREXATE,BEZ-235,PA1,-32.96232274,0,0
10751,METHOTREXATE,BEZ-235,RKO,-28.04532216,0,0
10752,METHOTREXATE,BEZ-235,RPMI7951,-30.63826516,0,0
10754,METHOTREXATE,BEZ-235,SKMES1,-19.01194681,0,0
10756,METHOTREXATE,BEZ-235,SW620,-19.46207595,0,0
10758,METHOTREXATE,BEZ-235,T47D,35.74583505,0,1
10761,METHOTREXATE,BEZ-235,UWB1289BRCA1,-14.62380502,0,0
10762,METHOTREXATE,BEZ-235,VCAP,-30.57954225,0,0
10764,METHOTREXATE,BORTEZOMIB,A2058,-28.03309248,2,0
10765,METHOTREXATE,BORTEZOMIB,A2780,-16.77236772,2,0
10766,METHOTREXATE,BORTEZOMIB,A375,-16.89549853,2,0
10768,METHOTREXATE,BORTEZOMIB,CAOV3,-20.95464613,2,0
10769,METHOTREXATE,BORTEZOMIB,COLO320DM,-28.06396323,2,0
10772,METHOTREXATE,BORTEZOMIB,ES2,-29.02433517,2,0
10773,METHOTREXATE,BORTEZOMIB,HCT116,-22.5307353,2,0
10775,METHOTREXATE,BORTEZOMIB,HT29,-16.27108996,2,0
10776,METHOTREXATE,BORTEZOMIB,KPL1,-16.57915115,2,0
10777,METHOTREXATE,BORTEZOMIB,LNCAP,-31.93526544,2,0
10781,METHOTREXATE,BORTEZOMIB,NCIH1650,-28.29071378,2,0
10782,METHOTREXATE,BORTEZOMIB,NCIH2122,-21.51142905,2,0
10783,METHOTREXATE,BORTEZOMIB,NCIH23,-26.14593871,2,0
10784,METHOTREXATE,BORTEZOMIB,NCIH460,-27.71638468,2,0
10785,METHOTREXATE,BORTEZOMIB,NCIH520,-34.76633177,2,0
10788,METHOTREXATE,BORTEZOMIB,OVCAR3,-38.99090334,2,0
10789,METHOTREXATE,BORTEZOMIB,PA1,-35.73196175,2,0
10790,METHOTREXATE,BORTEZOMIB,RKO,-29.13647934,2,0
10791,METHOTREXATE,BORTEZOMIB,RPMI7951,-13.87181589,2,0
10792,METHOTREXATE,BORTEZOMIB,SKMEL30,-13.33685328,2,0
10793,METHOTREXATE,BORTEZOMIB,SKMES1,-13.25514519,2,0
10795,METHOTREXATE,BORTEZOMIB,SW620,-11.8587952,2,0
10797,METHOTREXATE,BORTEZOMIB,T47D,-34.99574126,2,0
10798,METHOTREXATE,BORTEZOMIB,UACC62,-18.47629284,2,0
10799,METHOTREXATE,BORTEZOMIB,UWB1289,-20.26423069,2,0
10800,METHOTREXATE,BORTEZOMIB,UWB1289BRCA1,-15.77268206,2,0
10801,METHOTREXATE,BORTEZOMIB,VCAP,-17.65193314,2,0
10802,METHOTREXATE,BORTEZOMIB,ZR751,-39.87206359,2,0
10805,METHOTREXATE,DASATINIB,A375,-11.07887222,4,0
10812,METHOTREXATE,DASATINIB,HCT116,-35.35244429,4,0
10813,METHOTREXATE,DASATINIB,HT144,-34.24175021,4,0
10814,METHOTREXATE,DASATINIB,HT29,-14.45011672,4,0
10819,METHOTREXATE,DASATINIB,MSTO,-14.52161227,4,0
10822,METHOTREXATE,DASATINIB,NCIH23,-16.42572955,4,0
10823,METHOTREXATE,DASATINIB,NCIH460,-21.19265745,4,0
10827,METHOTREXATE,DASATINIB,OVCAR3,-19.10754378,4,0
10828,METHOTREXATE,DASATINIB,PA1,-34.07389116,4,0
10829,METHOTREXATE,DASATINIB,RKO,-25.01685668,4,0
10830,METHOTREXATE,DASATINIB,RPMI7951,-24.52559262,4,0
10831,METHOTREXATE,DASATINIB,SKMEL30,-31.23841483,4,0
10832,METHOTREXATE,DASATINIB,SKMES1,-16.56254524,4,0
10838,METHOTREXATE,DASATINIB,UWB1289,-10.87087561,4,0
10839,METHOTREXATE,DASATINIB,UWB1289BRCA1,-21.36207504,4,0
10841,METHOTREXATE,DASATINIB,ZR751,-29.40917134,4,0
10842,METHOTREXATE,DINACICLIB,A2058,-13.74681739,0,0
10843,METHOTREXATE,DINACICLIB,A2780,-10.30343952,0,0
10851,METHOTREXATE,DINACICLIB,HCT116,-33.4204808,0,0
10854,METHOTREXATE,DINACICLIB,KPL1,-13.88442443,0,0
10858,METHOTREXATE,DINACICLIB,MSTO,-21.42852431,0,0
10859,METHOTREXATE,DINACICLIB,NCIH1650,-10.10463043,0,0
10861,METHOTREXATE,DINACICLIB,NCIH23,-13.65265379,0,0
10866,METHOTREXATE,DINACICLIB,OVCAR3,-17.7021981,0,0
10867,METHOTREXATE,DINACICLIB,PA1,-30.39064892,0,0
10868,METHOTREXATE,DINACICLIB,RKO,-11.61599307,0,0
10873,METHOTREXATE,DINACICLIB,SW620,-12.67622232,0,0
10875,METHOTREXATE,DINACICLIB,T47D,-25.36621389,0,0
10878,METHOTREXATE,DINACICLIB,UWB1289BRCA1,-11.94312092,0,0
10879,METHOTREXATE,DINACICLIB,VCAP,-18.71590479,0,0
10883,METHOTREXATE,ERLOTINIB,A375,22.87172523,2,1
10885,METHOTREXATE,ERLOTINIB,CAOV3,-23.4980577,2,0
10889,METHOTREXATE,ERLOTINIB,ES2,22.05903304,2,1
10890,METHOTREXATE,ERLOTINIB,HCT116,-17.90981756,2,0
10901,METHOTREXATE,ERLOTINIB,NCIH460,-16.12337613,2,0
10905,METHOTREXATE,ERLOTINIB,OVCAR3,-35.74415604,2,0
10906,METHOTREXATE,ERLOTINIB,PA1,-30.00556544,2,0
10914,METHOTREXATE,ERLOTINIB,T47D,-16.00668607,2,0
10916,METHOTREXATE,ERLOTINIB,UWB1289,-18.03487663,2,0
10917,METHOTREXATE,ERLOTINIB,UWB1289BRCA1,-17.83754807,2,0
10920,METHOTREXATE,GELDANAMYCIN,A2058,-44.18515593,0,0
10921,METHOTREXATE,GELDANAMYCIN,A2780,-21.07951982,0,0
10923,METHOTREXATE,GELDANAMYCIN,A427,-11.16572821,0,0
10924,METHOTREXATE,GELDANAMYCIN,CAOV3,-16.71346999,0,0
10929,METHOTREXATE,GELDANAMYCIN,HCT116,-49.42810413,0,0
10932,METHOTREXATE,GELDANAMYCIN,KPL1,-29.90598895,0,0
10935,METHOTREXATE,GELDANAMYCIN,MDAMB436,-11.29759903,0,0
10936,METHOTREXATE,GELDANAMYCIN,MSTO,-37.36078315,0,0
10937,METHOTREXATE,GELDANAMYCIN,NCIH1650,-14.6184651,0,0
10938,METHOTREXATE,GELDANAMYCIN,NCIH2122,-17.64561035,0,0
10939,METHOTREXATE,GELDANAMYCIN,NCIH23,-33.84375306,0,0
10940,METHOTREXATE,GELDANAMYCIN,NCIH460,-39.70587496,0,0
10941,METHOTREXATE,GELDANAMYCIN,NCIH520,-16.32603476,0,0
10944,METHOTREXATE,GELDANAMYCIN,OVCAR3,-39.03795705,0,0
10945,METHOTREXATE,GELDANAMYCIN,PA1,-21.62002905,0,0
10946,METHOTREXATE,GELDANAMYCIN,RKO,-29.27795159,0,0
10947,METHOTREXATE,GELDANAMYCIN,RPMI7951,-18.53390009,0,0
10949,METHOTREXATE,GELDANAMYCIN,SKMES1,-19.62939942,0,0
10951,METHOTREXATE,GELDANAMYCIN,SW620,-26.09948733,0,0
10953,METHOTREXATE,GELDANAMYCIN,T47D,-23.87788965,0,0
10954,METHOTREXATE,GELDANAMYCIN,UACC62,-21.02512717,0,0
10956,METHOTREXATE,GELDANAMYCIN,UWB1289BRCA1,-19.56759262,0,0
10957,METHOTREXATE,GELDANAMYCIN,VCAP,-13.78559857,0,0
10958,METHOTREXATE,GELDANAMYCIN,ZR751,-26.00808283,0,0
10959,METHOTREXATE,L778123,A2058,-13.84771181,2,0
10967,METHOTREXATE,L778123,ES2,-10.09575907,2,0
10968,METHOTREXATE,L778123,HCT116,-16.09695281,2,0
10971,METHOTREXATE,L778123,KPL1,-17.57233522,2,0
10972,METHOTREXATE,L778123,LNCAP,-14.71654382,2,0
10975,METHOTREXATE,L778123,MSTO,-15.04663061,2,0
10977,METHOTREXATE,L778123,NCIH2122,-13.5456963,2,0
10978,METHOTREXATE,L778123,NCIH23,-10.00780232,2,0
10979,METHOTREXATE,L778123,NCIH460,-18.12480133,2,0
10983,METHOTREXATE,L778123,OVCAR3,-22.37179859,2,0
10984,METHOTREXATE,L778123,PA1,-18.93924356,2,0
10985,METHOTREXATE,L778123,RKO,-14.04724001,2,0
10986,METHOTREXATE,L778123,RPMI7951,-10.55791119,2,0
10992,METHOTREXATE,L778123,T47D,-24.69357717,2,0
10996,METHOTREXATE,L778123,VCAP,-20.71818056,2,0
10997,METHOTREXATE,L778123,ZR751,-14.89736403,2,0
10998,METHOTREXATE,LAPATINIB,A2058,-15.23182839,0,0
11002,METHOTREXATE,LAPATINIB,CAOV3,-18.76535928,0,0
11006,METHOTREXATE,LAPATINIB,ES2,26.63035917,0,1
11007,METHOTREXATE,LAPATINIB,HCT116,-21.09596403,0,0
11010,METHOTREXATE,LAPATINIB,KPL1,-17.16519062,0,0
11015,METHOTREXATE,LAPATINIB,NCIH1650,-11.14740855,0,0
11017,METHOTREXATE,LAPATINIB,NCIH23,-10.46864132,0,0
11018,METHOTREXATE,LAPATINIB,NCIH460,-19.12905415,0,0
11019,METHOTREXATE,LAPATINIB,NCIH520,-16.52787565,0,0
11022,METHOTREXATE,LAPATINIB,OVCAR3,-36.03218374,0,0
11023,METHOTREXATE,LAPATINIB,PA1,-24.4744994,0,0
11024,METHOTREXATE,LAPATINIB,RKO,-15.48116337,0,0
11033,METHOTREXATE,LAPATINIB,UWB1289,-11.03058551,0,0
11034,METHOTREXATE,LAPATINIB,UWB1289BRCA1,-10.92097156,0,0
11036,METHOTREXATE,LAPATINIB,ZR751,-21.39017514,0,0
11037,METHOTREXATE,MK-2206,A2058,-11.89008748,1,0
11040,METHOTREXATE,MK-2206,A427,20.79890775,1,1
11045,METHOTREXATE,MK-2206,ES2,21.78281221,1,1
11046,METHOTREXATE,MK-2206,HCT116,-19.1665728,1,0
11053,METHOTREXATE,MK-2206,MSTO,-15.34211611,1,0
11057,METHOTREXATE,MK-2206,NCIH460,-21.21014036,1,0
11058,METHOTREXATE,MK-2206,NCIH520,-12.85406525,1,0
11059,METHOTREXATE,MK-2206,OCUBM,-12.31352093,1,0
11061,METHOTREXATE,MK-2206,OVCAR3,-37.91312295,1,0
11062,METHOTREXATE,MK-2206,PA1,-17.60565425,1,0
11063,METHOTREXATE,MK-2206,RKO,-17.77559673,1,0
11064,METHOTREXATE,MK-2206,RPMI7951,-14.10145956,1,0
11065,METHOTREXATE,MK-2206,SKMEL30,25.23459693,1,1
11070,METHOTREXATE,MK-2206,T47D,-15.26166404,1,0
11074,METHOTREXATE,MK-2206,VCAP,-24.84040985,1,0
11075,METHOTREXATE,MK-2206,ZR751,-15.84614561,1,0
11076,METHOTREXATE,MK-4827,A2058,-25.77083095,0,0
11078,METHOTREXATE,MK-4827,A375,-10.40122128,0,0
11080,METHOTREXATE,MK-4827,CAOV3,-12.55773895,0,0
11085,METHOTREXATE,MK-4827,HCT116,-26.4602113,0,0
11088,METHOTREXATE,MK-4827,KPL1,-17.23660938,0,0
11089,METHOTREXATE,MK-4827,LNCAP,-30.02924628,0,0
11092,METHOTREXATE,MK-4827,MSTO,-23.78992633,0,0
11095,METHOTREXATE,MK-4827,NCIH23,-13.42669078,0,0
11096,METHOTREXATE,MK-4827,NCIH460,-15.38289385,0,0
11097,METHOTREXATE,MK-4827,NCIH520,-21.2006967,0,0
11100,METHOTREXATE,MK-4827,OVCAR3,-20.28744516,0,0
11101,METHOTREXATE,MK-4827,PA1,-29.84050254,0,0
11102,METHOTREXATE,MK-4827,RKO,-22.26111925,0,0
11104,METHOTREXATE,MK-4827,SKMEL30,-16.18764437,0,0
11107,METHOTREXATE,MK-4827,SW620,-11.41188943,0,0
11114,METHOTREXATE,MK-4827,ZR751,-12.76752259,0,0
11115,METHOTREXATE,MK-5108,A2058,-22.64513057,0,0
11124,METHOTREXATE,MK-5108,HCT116,-16.7084026,0,0
11127,METHOTREXATE,MK-5108,KPL1,-16.33137976,0,0
11128,METHOTREXATE,MK-5108,LNCAP,-29.36170229,0,0
11129,METHOTREXATE,MK-5108,LOVO,-15.79526144,0,0
11131,METHOTREXATE,MK-5108,MSTO,-12.79248306,0,0
11134,METHOTREXATE,MK-5108,NCIH23,-10.98470425,0,0
11135,METHOTREXATE,MK-5108,NCIH460,-39.39955611,0,0
11136,METHOTREXATE,MK-5108,NCIH520,-14.34791926,0,0
11139,METHOTREXATE,MK-5108,OVCAR3,-36.02656343,0,0
11140,METHOTREXATE,MK-5108,PA1,-29.22065381,0,0
11141,METHOTREXATE,MK-5108,RKO,-19.90048731,0,0
11142,METHOTREXATE,MK-5108,RPMI7951,-11.67215194,0,0
11152,METHOTREXATE,MK-5108,VCAP,-22.0539202,0,0
11153,METHOTREXATE,MK-5108,ZR751,-18.65314763,0,0
11154,METHOTREXATE,MK-8669,A2058,-21.66906573,0,0
11155,METHOTREXATE,MK-8669,A2780,-11.29365616,0,0
11156,METHOTREXATE,MK-8669,A375,-15.56543955,0,0
11157,METHOTREXATE,MK-8669,A427,21.96323406,0,1
11163,METHOTREXATE,MK-8669,HCT116,-25.58100925,0,0
11167,METHOTREXATE,MK-8669,LNCAP,-13.56511235,0,0
11169,METHOTREXATE,MK-8669,MDAMB436,-10.76644461,0,0
11170,METHOTREXATE,MK-8669,MSTO,-23.51374829,0,0
11173,METHOTREXATE,MK-8669,NCIH23,-15.00717349,0,0
11174,METHOTREXATE,MK-8669,NCIH460,-11.0543023,0,0
11176,METHOTREXATE,MK-8669,OCUBM,-12.81720011,0,0
11178,METHOTREXATE,MK-8669,OVCAR3,-44.12945079,0,0
11179,METHOTREXATE,MK-8669,PA1,-18.22794903,0,0
11180,METHOTREXATE,MK-8669,RKO,-25.07276741,0,0
11181,METHOTREXATE,MK-8669,RPMI7951,-33.25390716,0,0
11182,METHOTREXATE,MK-8669,SKMEL30,23.16908422,0,1
11187,METHOTREXATE,MK-8669,T47D,-20.05299688,0,0
11191,METHOTREXATE,MK-8669,VCAP,-12.34087865,0,0
11192,METHOTREXATE,MK-8669,ZR751,-19.54908972,0,0
11193,METHOTREXATE,MK-8776,A2058,-10.82459377,1,0
11195,METHOTREXATE,MK-8776,A375,21.71829859,1,1
11202,METHOTREXATE,MK-8776,HCT116,-22.78299422,1,0
11204,METHOTREXATE,MK-8776,HT29,-15.64250491,1,0
11205,METHOTREXATE,MK-8776,KPL1,-15.60949767,1,0
11206,METHOTREXATE,MK-8776,LNCAP,-17.32791323,1,0
11209,METHOTREXATE,MK-8776,MSTO,-14.4594285,1,0
11212,METHOTREXATE,MK-8776,NCIH23,-10.3582365,1,0
11214,METHOTREXATE,MK-8776,NCIH520,-11.52382182,1,0
11217,METHOTREXATE,MK-8776,OVCAR3,-23.72115882,1,0
11218,METHOTREXATE,MK-8776,PA1,-19.9938732,1,0
11219,METHOTREXATE,MK-8776,RKO,-15.71573371,1,0
11220,METHOTREXATE,MK-8776,RPMI7951,-13.10079255,1,0
11222,METHOTREXATE,MK-8776,SKMES1,-16.42731554,1,0
11225,METHOTREXATE,MK-8776,SW837,-23.83050998,1,0
11226,METHOTREXATE,MK-8776,T47D,-40.17065284,1,0
11229,METHOTREXATE,MK-8776,UWB1289BRCA1,-23.20157488,1,0
11230,METHOTREXATE,MK-8776,VCAP,-24.3180062,1,0
11231,METHOTREXATE,MK-8776,ZR751,-20.98974582,1,0
11232,METHOTREXATE,PD325901,A2058,-19.38027871,4,0
11240,METHOTREXATE,PD325901,ES2,-11.41722079,4,0
11241,METHOTREXATE,PD325901,HCT116,-28.24807878,4,0
11243,METHOTREXATE,PD325901,HT29,-11.81256221,4,0
11245,METHOTREXATE,PD325901,LNCAP,-11.13636331,4,0
11246,METHOTREXATE,PD325901,LOVO,-11.54436348,4,0
11248,METHOTREXATE,PD325901,MSTO,-13.0519968,4,0
11252,METHOTREXATE,PD325901,NCIH460,-22.3243714,4,0
11256,METHOTREXATE,PD325901,OVCAR3,-27.62275041,4,0
11257,METHOTREXATE,PD325901,PA1,-18.950307,4,0
11258,METHOTREXATE,PD325901,RKO,-26.86261098,4,0
11259,METHOTREXATE,PD325901,RPMI7951,-23.67247034,4,0
11263,METHOTREXATE,PD325901,SW620,-16.05748437,4,0
11265,METHOTREXATE,PD325901,T47D,-10.52128058,4,0
11266,METHOTREXATE,PD325901,UACC62,-15.10373388,4,0
11270,METHOTREXATE,PD325901,ZR751,-14.25895131,4,0
11271,METHOTREXATE,SORAFENIB,A2058,-10.32858962,3,0
11275,METHOTREXATE,SORAFENIB,CAOV3,-15.37338251,3,0
11280,METHOTREXATE,SORAFENIB,HCT116,-17.03053188,3,0
11283,METHOTREXATE,SORAFENIB,KPL1,-12.80807153,3,0
11287,METHOTREXATE,SORAFENIB,MSTO,-13.03037032,3,0
11291,METHOTREXATE,SORAFENIB,NCIH460,-14.80451543,3,0
11295,METHOTREXATE,SORAFENIB,OVCAR3,-26.5596588,3,0
11296,METHOTREXATE,SORAFENIB,PA1,-11.43831526,3,0
11297,METHOTREXATE,SORAFENIB,RKO,-10.97828721,3,0
11299,METHOTREXATE,SORAFENIB,SKMEL30,-20.92983857,3,0
11304,METHOTREXATE,SORAFENIB,T47D,-13.62342347,3,0
11307,METHOTREXATE,SORAFENIB,UWB1289BRCA1,-10.93113992,3,0
11308,METHOTREXATE,SORAFENIB,VCAP,-10.78044433,3,0
11309,METHOTREXATE,SORAFENIB,ZR751,-13.77416668,3,0
11310,METHOTREXATE,SUNITINIB,A2058,-14.35651076,0,0
11312,METHOTREXATE,SUNITINIB,A375,-11.79662018,0,0
11313,METHOTREXATE,SUNITINIB,A427,-11.17787683,0,0
11314,METHOTREXATE,SUNITINIB,CAOV3,-13.28428266,0,0
11316,METHOTREXATE,SUNITINIB,DLD1,-10.3117504,0,0
11319,METHOTREXATE,SUNITINIB,HCT116,-23.43372074,0,0
11321,METHOTREXATE,SUNITINIB,HT29,-12.26749867,0,0
11322,METHOTREXATE,SUNITINIB,KPL1,-12.60925887,0,0
11326,METHOTREXATE,SUNITINIB,MSTO,-21.25303017,0,0
11329,METHOTREXATE,SUNITINIB,NCIH23,-17.93498954,0,0
11330,METHOTREXATE,SUNITINIB,NCIH460,-15.25979172,0,0
11331,METHOTREXATE,SUNITINIB,NCIH520,-15.6273466,0,0
11334,METHOTREXATE,SUNITINIB,OVCAR3,-16.35123107,0,0
11335,METHOTREXATE,SUNITINIB,PA1,-21.04320889,0,0
11336,METHOTREXATE,SUNITINIB,RKO,-17.71620688,0,0
11337,METHOTREXATE,SUNITINIB,RPMI7951,-10.91508031,0,0
11338,METHOTREXATE,SUNITINIB,SKMEL30,-14.39924506,0,0
11339,METHOTREXATE,SUNITINIB,SKMES1,-21.39355787,0,0
11341,METHOTREXATE,SUNITINIB,SW620,-16.17773012,0,0
11342,METHOTREXATE,SUNITINIB,SW837,-14.18103886,0,0
11343,METHOTREXATE,SUNITINIB,T47D,-17.10641241,0,0
11347,METHOTREXATE,SUNITINIB,VCAP,-17.16750466,0,0
11348,METHOTREXATE,SUNITINIB,ZR751,-15.34042034,0,0
11349,METHOTREXATE,TEMOZOLOMIDE,A2058,-41.22732503,3,0
11351,METHOTREXATE,TEMOZOLOMIDE,A375,-16.05723943,3,0
11352,METHOTREXATE,TEMOZOLOMIDE,A427,-12.89811972,3,0
11353,METHOTREXATE,TEMOZOLOMIDE,CAOV3,-40.82505066,3,0
11354,METHOTREXATE,TEMOZOLOMIDE,COLO320DM,-18.56455996,3,0
11357,METHOTREXATE,TEMOZOLOMIDE,ES2,-12.59259402,3,0
11358,METHOTREXATE,TEMOZOLOMIDE,HCT116,-39.83946789,3,0
11359,METHOTREXATE,TEMOZOLOMIDE,HT144,-11.56125021,3,0
11360,METHOTREXATE,TEMOZOLOMIDE,HT29,-12.95499924,3,0
11361,METHOTREXATE,TEMOZOLOMIDE,KPL1,-24.067175,3,0
11362,METHOTREXATE,TEMOZOLOMIDE,LNCAP,-21.34879819,3,0
11365,METHOTREXATE,TEMOZOLOMIDE,MSTO,-35.68618452,3,0
11366,METHOTREXATE,TEMOZOLOMIDE,NCIH1650,-12.29369421,3,0
11368,METHOTREXATE,TEMOZOLOMIDE,NCIH23,-18.38556703,3,0
11369,METHOTREXATE,TEMOZOLOMIDE,NCIH460,-27.21912378,3,0
11370,METHOTREXATE,TEMOZOLOMIDE,NCIH520,-13.32957616,3,0
11373,METHOTREXATE,TEMOZOLOMIDE,OVCAR3,-22.98300094,3,0
11374,METHOTREXATE,TEMOZOLOMIDE,PA1,-35.93598667,3,0
11375,METHOTREXATE,TEMOZOLOMIDE,RKO,-31.06065792,3,0
11376,METHOTREXATE,TEMOZOLOMIDE,RPMI7951,-11.75732633,3,0
11378,METHOTREXATE,TEMOZOLOMIDE,SKMES1,-32.46028256,3,0
11379,METHOTREXATE,TEMOZOLOMIDE,SKOV3,-16.13029928,3,0
11380,METHOTREXATE,TEMOZOLOMIDE,SW620,-25.25427338,3,0
11381,METHOTREXATE,TEMOZOLOMIDE,SW837,-38.66983537,3,0
11382,METHOTREXATE,TEMOZOLOMIDE,T47D,-70.76787863,3,0
11383,METHOTREXATE,TEMOZOLOMIDE,UACC62,-11.39702787,3,0
11384,METHOTREXATE,TEMOZOLOMIDE,UWB1289,-11.1128735,3,0
11386,METHOTREXATE,TEMOZOLOMIDE,VCAP,-44.02277073,3,0
11387,METHOTREXATE,TEMOZOLOMIDE,ZR751,-65.91974352,3,0
11388,METHOTREXATE,ZOLINZA,A2058,-33.78337564,0,0
11389,METHOTREXATE,ZOLINZA,A2780,-21.12773956,0,0
11390,METHOTREXATE,ZOLINZA,A375,-28.85524056,0,0
11392,METHOTREXATE,ZOLINZA,CAOV3,-18.97072197,0,0
11393,METHOTREXATE,ZOLINZA,COLO320DM,-14.45241321,0,0
11394,METHOTREXATE,ZOLINZA,DLD1,-25.24351095,0,0
11396,METHOTREXATE,ZOLINZA,ES2,-17.13016436,0,0
11397,METHOTREXATE,ZOLINZA,HCT116,-33.73298708,0,0
11399,METHOTREXATE,ZOLINZA,HT29,-16.48088156,0,0
11400,METHOTREXATE,ZOLINZA,KPL1,-30.80343959,0,0
11401,METHOTREXATE,ZOLINZA,LNCAP,-10.09896147,0,0
11405,METHOTREXATE,ZOLINZA,NCIH1650,-12.66390756,0,0
11406,METHOTREXATE,ZOLINZA,NCIH2122,-12.58457879,0,0
11407,METHOTREXATE,ZOLINZA,NCIH23,-35.12694508,0,0
11408,METHOTREXATE,ZOLINZA,NCIH460,-36.43261617,0,0
11409,METHOTREXATE,ZOLINZA,NCIH520,-20.03847918,0,0
11410,METHOTREXATE,ZOLINZA,OCUBM,-12.52506445,0,0
11411,METHOTREXATE,ZOLINZA,OV90,-11.592862,0,0
11412,METHOTREXATE,ZOLINZA,OVCAR3,-29.68880739,0,0
11413,METHOTREXATE,ZOLINZA,PA1,-23.66584439,0,0
11414,METHOTREXATE,ZOLINZA,RKO,-29.98237798,0,0
11415,METHOTREXATE,ZOLINZA,RPMI7951,-23.32659111,0,0
11416,METHOTREXATE,ZOLINZA,SKMEL30,-18.86169717,0,0
11417,METHOTREXATE,ZOLINZA,SKMES1,-11.23492587,0,0
11419,METHOTREXATE,ZOLINZA,SW620,-17.78787278,0,0
11420,METHOTREXATE,ZOLINZA,SW837,-14.09013806,0,0
11421,METHOTREXATE,ZOLINZA,T47D,-27.68509706,0,0
11422,METHOTREXATE,ZOLINZA,UACC62,-10.55814534,0,0
11423,METHOTREXATE,ZOLINZA,UWB1289,-20.47694166,0,0
11424,METHOTREXATE,ZOLINZA,UWB1289BRCA1,-24.40368448,0,0
11425,METHOTREXATE,ZOLINZA,VCAP,-32.04507675,0,0
11426,METHOTREXATE,ZOLINZA,ZR751,-21.45627912,0,0
11460,MITOMYCINE,ABT-888,T47D,-22.77339723,4,0
11477,MITOMYCINE,AZD1775,HT29,24.14593873,3,1
11483,MITOMYCINE,AZD1775,NCIH1650,22.03860305,3,1
11489,MITOMYCINE,AZD1775,OV90,-12.30826215,3,0
11490,MITOMYCINE,AZD1775,OVCAR3,57.36376008,3,1
11491,MITOMYCINE,AZD1775,PA1,24.68763531,3,1
11496,MITOMYCINE,AZD1775,SKOV3,20.49496784,3,1
11501,MITOMYCINE,AZD1775,UWB1289,64.51748147,3,1
11507,MITOMYCINE,BEZ-235,A375,70.47820586,1,1
11508,MITOMYCINE,BEZ-235,A427,25.51817817,1,1
11510,MITOMYCINE,BEZ-235,COLO320DM,22.04697921,1,1
11513,MITOMYCINE,BEZ-235,ES2,32.7913542,1,1
11515,MITOMYCINE,BEZ-235,HT144,33.01778051,1,1
11516,MITOMYCINE,BEZ-235,HT29,30.77344727,1,1
11517,MITOMYCINE,BEZ-235,KPL1,29.95636094,1,1
11520,MITOMYCINE,BEZ-235,MDAMB436,32.70090167,1,1
11522,MITOMYCINE,BEZ-235,NCIH1650,23.15320749,1,1
11525,MITOMYCINE,BEZ-235,NCIH460,28.30188511,1,1
11529,MITOMYCINE,BEZ-235,OVCAR3,20.84877698,1,1
11533,MITOMYCINE,BEZ-235,SKMEL30,24.99220803,1,1
11537,MITOMYCINE,BEZ-235,SW837,31.9514343,1,1
11538,MITOMYCINE,BEZ-235,T47D,113.434362,1,1
11539,MITOMYCINE,BEZ-235,UACC62,29.73700353,1,1
11541,MITOMYCINE,BEZ-235,UWB1289BRCA1,37.1188012,1,1
11542,MITOMYCINE,BEZ-235,VCAP,35.80952251,1,1
11543,MITOMYCINE,BEZ-235,ZR751,23.37956611,1,1
11545,MITOMYCINE,BORTEZOMIB,A2780,-12.05274656,0,0
11547,MITOMYCINE,BORTEZOMIB,A427,-10.32931463,0,0
11549,MITOMYCINE,BORTEZOMIB,COLO320DM,-12.837021,0,0
11551,MITOMYCINE,BORTEZOMIB,EFM192B,-20.75378789,0,0
11552,MITOMYCINE,BORTEZOMIB,ES2,-23.35216473,0,0
11554,MITOMYCINE,BORTEZOMIB,HT144,-11.20298891,0,0
11555,MITOMYCINE,BORTEZOMIB,HT29,-15.24048172,0,0
11557,MITOMYCINE,BORTEZOMIB,LNCAP,-14.33635033,0,0
11560,MITOMYCINE,BORTEZOMIB,MSTO,26.92255382,0,1
11561,MITOMYCINE,BORTEZOMIB,NCIH1650,-31.40600823,0,0
11562,MITOMYCINE,BORTEZOMIB,NCIH2122,-27.36192734,0,0
11563,MITOMYCINE,BORTEZOMIB,NCIH23,-15.14251668,0,0
11564,MITOMYCINE,BORTEZOMIB,NCIH460,-21.28697666,0,0
11565,MITOMYCINE,BORTEZOMIB,NCIH520,-28.27986702,0,0
11566,MITOMYCINE,BORTEZOMIB,OCUBM,-12.50318528,0,0
11567,MITOMYCINE,BORTEZOMIB,OV90,-20.70553512,0,0
11569,MITOMYCINE,BORTEZOMIB,PA1,-19.59477098,0,0
11572,MITOMYCINE,BORTEZOMIB,SKMEL30,-10.75057055,0,0
11573,MITOMYCINE,BORTEZOMIB,SKMES1,-28.25949179,0,0
11574,MITOMYCINE,BORTEZOMIB,SKOV3,-19.17188182,0,0
11577,MITOMYCINE,BORTEZOMIB,T47D,-32.00631903,0,0
11578,MITOMYCINE,BORTEZOMIB,UACC62,-10.93479689,0,0
11579,MITOMYCINE,BORTEZOMIB,UWB1289,-30.44536163,0,0
11582,MITOMYCINE,BORTEZOMIB,ZR751,-34.05457439,0,0
11584,MITOMYCINE,DASATINIB,A2780,50.15826284,0,1
11585,MITOMYCINE,DASATINIB,A375,61.78477275,0,1
11586,MITOMYCINE,DASATINIB,A427,48.64582095,0,1
11593,MITOMYCINE,DASATINIB,HT144,-20.10115611,0,0
11594,MITOMYCINE,DASATINIB,HT29,39.08680207,0,1
11595,MITOMYCINE,DASATINIB,KPL1,30.87106543,0,1
11597,MITOMYCINE,DASATINIB,LOVO,60.0241176,0,1
11599,MITOMYCINE,DASATINIB,MSTO,75.87390323,0,1
11600,MITOMYCINE,DASATINIB,NCIH1650,49.82584556,0,1
11601,MITOMYCINE,DASATINIB,NCIH2122,-21.71146074,0,0
11603,MITOMYCINE,DASATINIB,NCIH460,20.25122157,0,1
11604,MITOMYCINE,DASATINIB,NCIH520,59.45277096,0,1
11606,MITOMYCINE,DASATINIB,OV90,20.00755375,0,1
11607,MITOMYCINE,DASATINIB,OVCAR3,88.87643212,0,1
11608,MITOMYCINE,DASATINIB,PA1,44.74088719,0,1
11610,MITOMYCINE,DASATINIB,RPMI7951,20.82619719,0,1
11611,MITOMYCINE,DASATINIB,SKMEL30,-24.03235197,0,0
11613,MITOMYCINE,DASATINIB,SKOV3,20.98795464,0,1
11614,MITOMYCINE,DASATINIB,SW620,55.6732101,0,1
11615,MITOMYCINE,DASATINIB,SW837,55.92671664,0,1
11620,MITOMYCINE,DASATINIB,VCAP,29.58575153,0,1
11639,MITOMYCINE,DINACICLIB,NCIH1650,-23.516979,0,0
11641,MITOMYCINE,DINACICLIB,NCIH23,-10.82729701,0,0
11652,MITOMYCINE,DINACICLIB,SKOV3,-20.93155183,0,0
11655,MITOMYCINE,DINACICLIB,T47D,-24.55322948,0,0
11660,MITOMYCINE,DINACICLIB,ZR751,-21.71968695,0,0
11661,MITOMYCINE,ERLOTINIB,A2058,-78.5288674,3,0
11662,MITOMYCINE,ERLOTINIB,A2780,-52.59879084,3,0
11663,MITOMYCINE,ERLOTINIB,A375,-24.32251826,3,0
11664,MITOMYCINE,ERLOTINIB,A427,-37.3487317,3,0
11665,MITOMYCINE,ERLOTINIB,CAOV3,-56.60590491,3,0
11666,MITOMYCINE,ERLOTINIB,COLO320DM,-11.63813569,3,0
11667,MITOMYCINE,ERLOTINIB,DLD1,-21.7534837,3,0
11668,MITOMYCINE,ERLOTINIB,EFM192B,-75.43920371,3,0
11669,MITOMYCINE,ERLOTINIB,ES2,-52.79999023,3,0
11670,MITOMYCINE,ERLOTINIB,HCT116,-54.50033817,3,0
11671,MITOMYCINE,ERLOTINIB,HT144,-34.39006413,3,0
11672,MITOMYCINE,ERLOTINIB,HT29,-43.96201473,3,0
11673,MITOMYCINE,ERLOTINIB,KPL1,-12.29591518,3,0
11674,MITOMYCINE,ERLOTINIB,LNCAP,-53.54699762,3,0
11676,MITOMYCINE,ERLOTINIB,MDAMB436,-37.13348255,3,0
11678,MITOMYCINE,ERLOTINIB,NCIH1650,-12.23288576,3,0
11679,MITOMYCINE,ERLOTINIB,NCIH2122,-50.55830497,3,0
11680,MITOMYCINE,ERLOTINIB,NCIH23,-64.09209522,3,0
11681,MITOMYCINE,ERLOTINIB,NCIH460,-98.53912935,3,0
11682,MITOMYCINE,ERLOTINIB,NCIH520,-47.74328918,3,0
11683,MITOMYCINE,ERLOTINIB,OCUBM,-73.41170097,3,0
11684,MITOMYCINE,ERLOTINIB,OV90,-90.45470525,3,0
11686,MITOMYCINE,ERLOTINIB,PA1,-86.59485064,3,0
11687,MITOMYCINE,ERLOTINIB,RKO,-51.5381621,3,0
11688,MITOMYCINE,ERLOTINIB,RPMI7951,-99.14402835,3,0
11689,MITOMYCINE,ERLOTINIB,SKMEL30,-41.43227339,3,0
11690,MITOMYCINE,ERLOTINIB,SKMES1,-32.3972714,3,0
11691,MITOMYCINE,ERLOTINIB,SKOV3,-35.31206066,3,0
11692,MITOMYCINE,ERLOTINIB,SW620,-67.80902976,3,0
11694,MITOMYCINE,ERLOTINIB,T47D,-10.70475206,3,0
11695,MITOMYCINE,ERLOTINIB,UACC62,-10.58522231,3,0
11698,MITOMYCINE,ERLOTINIB,VCAP,-12.47091698,3,0
11700,MITOMYCINE,GELDANAMYCIN,A2058,20.37406553,2,1
11704,MITOMYCINE,GELDANAMYCIN,CAOV3,-10.70986914,2,0
11707,MITOMYCINE,GELDANAMYCIN,EFM192B,-26.95221373,2,0
11716,MITOMYCINE,GELDANAMYCIN,MSTO,-23.87794354,2,0
11717,MITOMYCINE,GELDANAMYCIN,NCIH1650,-24.34103684,2,0
11719,MITOMYCINE,GELDANAMYCIN,NCIH23,-17.16566917,2,0
11724,MITOMYCINE,GELDANAMYCIN,OVCAR3,24.23885708,2,1
11726,MITOMYCINE,GELDANAMYCIN,RKO,-10.01014646,2,0
11728,MITOMYCINE,GELDANAMYCIN,SKMEL30,25.27498572,2,1
11729,MITOMYCINE,GELDANAMYCIN,SKMES1,-16.11635406,2,0
11730,MITOMYCINE,GELDANAMYCIN,SKOV3,-11.48705605,2,0
11733,MITOMYCINE,GELDANAMYCIN,T47D,-22.32412488,2,0
11734,MITOMYCINE,GELDANAMYCIN,UACC62,-17.46265189,2,0
11739,MITOMYCINE,L778123,A2058,-11.52444162,0,0
11743,MITOMYCINE,L778123,CAOV3,-40.22747377,0,0
11745,MITOMYCINE,L778123,DLD1,-13.44441673,0,0
11746,MITOMYCINE,L778123,EFM192B,-45.99436575,0,0
11747,MITOMYCINE,L778123,ES2,-24.01843142,0,0
11748,MITOMYCINE,L778123,HCT116,-24.0016324,0,0
11749,MITOMYCINE,L778123,HT144,-11.08072489,0,0
11752,MITOMYCINE,L778123,LNCAP,-11.55651592,0,0
11754,MITOMYCINE,L778123,MDAMB436,-11.86682485,0,0
11755,MITOMYCINE,L778123,MSTO,-19.56791497,0,0
11756,MITOMYCINE,L778123,NCIH1650,-29.34373078,0,0
11757,MITOMYCINE,L778123,NCIH2122,-32.06226489,0,0
11758,MITOMYCINE,L778123,NCIH23,-19.23517194,0,0
11759,MITOMYCINE,L778123,NCIH460,-38.12134539,0,0
11760,MITOMYCINE,L778123,NCIH520,-12.22183245,0,0
11761,MITOMYCINE,L778123,OCUBM,-21.32785536,0,0
11762,MITOMYCINE,L778123,OV90,-27.26762195,0,0
11763,MITOMYCINE,L778123,OVCAR3,-46.5230227,0,0
11764,MITOMYCINE,L778123,PA1,-27.17271401,0,0
11765,MITOMYCINE,L778123,RKO,-16.99858605,0,0
11766,MITOMYCINE,L778123,RPMI7951,-23.67363743,0,0
11768,MITOMYCINE,L778123,SKMES1,-42.56098359,0,0
11769,MITOMYCINE,L778123,SKOV3,-35.90749547,0,0
11770,MITOMYCINE,L778123,SW620,-23.05445983,0,0
11771,MITOMYCINE,L778123,SW837,-23.86348025,0,0
11772,MITOMYCINE,L778123,T47D,-16.40802121,0,0
11773,MITOMYCINE,L778123,UACC62,-12.69561346,0,0
11778,MITOMYCINE,LAPATINIB,A2058,23.37505075,3,1
11792,MITOMYCINE,LAPATINIB,LOVO,48.26045476,3,1
11810,MITOMYCINE,LAPATINIB,SW837,49.32772706,3,1
11811,MITOMYCINE,LAPATINIB,T47D,25.716355,3,1
11816,MITOMYCINE,LAPATINIB,ZR751,34.78543948,3,1
11818,MITOMYCINE,MK-2206,A2780,22.00100618,4,1
11819,MITOMYCINE,MK-2206,A375,21.8048591,4,1
11827,MITOMYCINE,MK-2206,HT144,30.99557751,4,1
11828,MITOMYCINE,MK-2206,HT29,28.65552455,4,1
11829,MITOMYCINE,MK-2206,KPL1,52.75256805,4,1
11831,MITOMYCINE,MK-2206,LOVO,21.29473214,4,1
11833,MITOMYCINE,MK-2206,MSTO,28.48317444,4,1
11837,MITOMYCINE,MK-2206,NCIH460,23.71677231,4,1
11838,MITOMYCINE,MK-2206,NCIH520,21.86640206,4,1
11840,MITOMYCINE,MK-2206,OV90,23.36432113,4,1
11843,MITOMYCINE,MK-2206,RKO,22.21462158,4,1
11849,MITOMYCINE,MK-2206,SW837,40.99362879,4,1
11851,MITOMYCINE,MK-2206,UACC62,32.88986768,4,1
11854,MITOMYCINE,MK-2206,VCAP,26.40852315,4,1
11855,MITOMYCINE,MK-2206,ZR751,26.59195338,4,1
11869,MITOMYCINE,MK-4827,LNCAP,-22.41923219,2,0
11880,MITOMYCINE,MK-4827,OVCAR3,-12.08437919,2,0
11899,MITOMYCINE,MK-5108,CAOV3,-17.02564593,4,0
11901,MITOMYCINE,MK-5108,DLD1,-10.62919188,4,0
11902,MITOMYCINE,MK-5108,EFM192B,-22.43464849,4,0
11905,MITOMYCINE,MK-5108,HT144,-19.43821956,4,0
11907,MITOMYCINE,MK-5108,KPL1,-10.47018385,4,0
11908,MITOMYCINE,MK-5108,LNCAP,-11.29392295,4,0
11909,MITOMYCINE,MK-5108,LOVO,-10.26009055,4,0
11912,MITOMYCINE,MK-5108,NCIH1650,-24.57326523,4,0
11913,MITOMYCINE,MK-5108,NCIH2122,-15.44747483,4,0
11915,MITOMYCINE,MK-5108,NCIH460,-25.03158603,4,0
11916,MITOMYCINE,MK-5108,NCIH520,-16.65503167,4,0
11918,MITOMYCINE,MK-5108,OV90,-21.51098263,4,0
11924,MITOMYCINE,MK-5108,SKMES1,-20.67487022,4,0
11925,MITOMYCINE,MK-5108,SKOV3,-11.33204494,4,0
11928,MITOMYCINE,MK-5108,T47D,-32.34464212,4,0
11929,MITOMYCINE,MK-5108,UACC62,-10.71834458,4,0
11933,MITOMYCINE,MK-5108,ZR751,-22.33755314,4,0
11935,MITOMYCINE,MK-8669,A2780,20.41614918,4,1
11936,MITOMYCINE,MK-8669,A375,43.62668141,4,1
11937,MITOMYCINE,MK-8669,A427,23.77805834,4,1
11942,MITOMYCINE,MK-8669,ES2,25.76502653,4,1
11944,MITOMYCINE,MK-8669,HT144,32.59018874,4,1
11945,MITOMYCINE,MK-8669,HT29,28.21237484,4,1
11946,MITOMYCINE,MK-8669,KPL1,50.25294128,4,1
11949,MITOMYCINE,MK-8669,MDAMB436,23.75724525,4,1
11950,MITOMYCINE,MK-8669,MSTO,28.39944835,4,1
11951,MITOMYCINE,MK-8669,NCIH1650,35.37506245,4,1
11960,MITOMYCINE,MK-8669,RKO,20.75171944,4,1
11962,MITOMYCINE,MK-8669,SKMEL30,20.82761957,4,1
11964,MITOMYCINE,MK-8669,SKOV3,34.47306581,4,1
11968,MITOMYCINE,MK-8669,UACC62,36.47909066,4,1
11971,MITOMYCINE,MK-8669,VCAP,30.11719686,4,1
11972,MITOMYCINE,MK-8669,ZR751,22.17221791,4,1
11973,MITOMYCINE,MK-8776,A2058,59.97535378,1,1
11975,MITOMYCINE,MK-8776,A375,34.09811828,1,1
11976,MITOMYCINE,MK-8776,A427,21.15633363,1,1
11977,MITOMYCINE,MK-8776,CAOV3,31.72251855,1,1
11982,MITOMYCINE,MK-8776,HCT116,26.88468964,1,1
11983,MITOMYCINE,MK-8776,HT144,22.9401808,1,1
11984,MITOMYCINE,MK-8776,HT29,61.66824521,1,1
11988,MITOMYCINE,MK-8776,MDAMB436,33.49706536,1,1
11990,MITOMYCINE,MK-8776,NCIH1650,28.98826381,1,1
11994,MITOMYCINE,MK-8776,NCIH520,31.76339947,1,1
11995,MITOMYCINE,MK-8776,OCUBM,41.32122231,1,1
11997,MITOMYCINE,MK-8776,OVCAR3,77.66129408,1,1
12001,MITOMYCINE,MK-8776,SKMEL30,66.79588855,1,1
12002,MITOMYCINE,MK-8776,SKMES1,-10.22010143,1,0
12003,MITOMYCINE,MK-8776,SKOV3,35.03859706,1,1
12004,MITOMYCINE,MK-8776,SW620,23.98511795,1,1
12005,MITOMYCINE,MK-8776,SW837,38.68819685,1,1
12006,MITOMYCINE,MK-8776,T47D,-33.25056353,1,0
12010,MITOMYCINE,MK-8776,VCAP,44.69988527,1,1
12012,MITOMYCINE,PD325901,A2058,31.4652249,2,1
12020,MITOMYCINE,PD325901,ES2,22.01190789,2,1
12022,MITOMYCINE,PD325901,HT144,27.39316367,2,1
12024,MITOMYCINE,PD325901,KPL1,21.96899068,2,1
12025,MITOMYCINE,PD325901,LNCAP,-30.83989865,2,0
12035,MITOMYCINE,PD325901,OV90,37.92063658,2,1
12036,MITOMYCINE,PD325901,OVCAR3,27.98546884,2,1
12038,MITOMYCINE,PD325901,RKO,22.0860842,2,1
12044,MITOMYCINE,PD325901,SW837,27.22694056,2,1
12050,MITOMYCINE,PD325901,ZR751,27.95571973,2,1
12051,MITOMYCINE,SORAFENIB,A2058,-69.35425504,0,0
12052,MITOMYCINE,SORAFENIB,A2780,-23.48162529,0,0
12053,MITOMYCINE,SORAFENIB,A375,-12.136392,0,0
12055,MITOMYCINE,SORAFENIB,CAOV3,-95.38667523,0,0
12058,MITOMYCINE,SORAFENIB,EFM192B,-67.21959811,0,0
12059,MITOMYCINE,SORAFENIB,ES2,-23.4106165,0,0
12060,MITOMYCINE,SORAFENIB,HCT116,-21.18857377,0,0
12061,MITOMYCINE,SORAFENIB,HT144,-18.44594166,0,0
12062,MITOMYCINE,SORAFENIB,HT29,-23.64111369,0,0
12064,MITOMYCINE,SORAFENIB,LNCAP,-20.06788876,0,0
12065,MITOMYCINE,SORAFENIB,LOVO,-32.89159201,0,0
12066,MITOMYCINE,SORAFENIB,MDAMB436,-37.39537551,0,0
12068,MITOMYCINE,SORAFENIB,NCIH1650,-33.53794317,0,0
12069,MITOMYCINE,SORAFENIB,NCIH2122,-50.01036597,0,0
12070,MITOMYCINE,SORAFENIB,NCIH23,-45.6830587,0,0
12071,MITOMYCINE,SORAFENIB,NCIH460,-49.51047169,0,0
12072,MITOMYCINE,SORAFENIB,NCIH520,-17.03843149,0,0
12073,MITOMYCINE,SORAFENIB,OCUBM,-17.74467286,0,0
12074,MITOMYCINE,SORAFENIB,OV90,-32.83454366,0,0
12075,MITOMYCINE,SORAFENIB,OVCAR3,-46.67780584,0,0
12076,MITOMYCINE,SORAFENIB,PA1,-29.16621534,0,0
12077,MITOMYCINE,SORAFENIB,RKO,-19.06896226,0,0
12078,MITOMYCINE,SORAFENIB,RPMI7951,-74.99238376,0,0
12080,MITOMYCINE,SORAFENIB,SKMES1,-69.16319952,0,0
12081,MITOMYCINE,SORAFENIB,SKOV3,-39.1089171,0,0
12082,MITOMYCINE,SORAFENIB,SW620,-32.53595683,0,0
12083,MITOMYCINE,SORAFENIB,SW837,-28.64872424,0,0
12084,MITOMYCINE,SORAFENIB,T47D,-21.2040547,0,0
12085,MITOMYCINE,SORAFENIB,UACC62,-21.19114399,0,0
12088,MITOMYCINE,SORAFENIB,VCAP,-30.37872468,0,0
12089,MITOMYCINE,SORAFENIB,ZR751,-43.84659931,0,0
12103,MITOMYCINE,SUNITINIB,LNCAP,-10.38935068,0,0
12109,MITOMYCINE,SUNITINIB,NCIH23,-11.73053798,0,0
12123,MITOMYCINE,SUNITINIB,T47D,-10.35950165,0,0
12139,MITOMYCINE,TEMOZOLOMIDE,HT144,-11.46084702,3,0
12141,MITOMYCINE,TEMOZOLOMIDE,KPL1,-29.95106943,3,0
12146,MITOMYCINE,TEMOZOLOMIDE,NCIH1650,-15.47111846,3,0
12159,MITOMYCINE,TEMOZOLOMIDE,SKOV3,-13.45134758,3,0
12162,MITOMYCINE,TEMOZOLOMIDE,T47D,-62.58065467,3,0
12165,MITOMYCINE,TEMOZOLOMIDE,UWB1289BRCA1,36.62043072,3,1
12167,MITOMYCINE,TEMOZOLOMIDE,ZR751,-52.0442687,3,0
12170,MITOMYCINE,ZOLINZA,A375,26.17640289,3,1
12174,MITOMYCINE,ZOLINZA,DLD1,-14.00486986,3,0
12176,MITOMYCINE,ZOLINZA,ES2,20.59617485,3,1
12181,MITOMYCINE,ZOLINZA,LNCAP,31.86650313,3,1
12184,MITOMYCINE,ZOLINZA,MSTO,41.87827972,3,1
12198,MITOMYCINE,ZOLINZA,SKOV3,25.59877958,3,1
12206,MITOMYCINE,ZOLINZA,ZR751,-23.7886763,3,0
12208,MK-2206,ABT-888,A2780,41.66715297,4,1
12211,MK-2206,ABT-888,CAOV3,44.58182702,4,1
12219,MK-2206,ABT-888,KPL1,32.40263584,4,1
12243,MK-2206,ABT-888,UWB1289BRCA1,21.57162423,4,1
12246,MK-2206,BEZ-235,A2058,57.29083468,2,1
12247,MK-2206,BEZ-235,A2780,46.28015781,2,1
12248,MK-2206,BEZ-235,A375,48.88394339,2,1
12249,MK-2206,BEZ-235,A427,56.38448433,2,1
12250,MK-2206,BEZ-235,CAOV3,80.54547349,2,1
12251,MK-2206,BEZ-235,COLO320DM,44.51643171,2,1
12252,MK-2206,BEZ-235,DLD1,39.77738319,2,1
12253,MK-2206,BEZ-235,EFM192B,20.28523561,2,1
12254,MK-2206,BEZ-235,ES2,25.17890994,2,1
12255,MK-2206,BEZ-235,HCT116,47.09585372,2,1
12256,MK-2206,BEZ-235,HT144,21.91145346,2,1
12257,MK-2206,BEZ-235,HT29,45.72154735,2,1
12258,MK-2206,BEZ-235,KPL1,60.48163016,2,1
12259,MK-2206,BEZ-235,LNCAP,83.7343656,2,1
12260,MK-2206,BEZ-235,LOVO,34.68018858,2,1
12261,MK-2206,BEZ-235,MDAMB436,42.18533791,2,1
12263,MK-2206,BEZ-235,NCIH1650,40.36160508,2,1
12264,MK-2206,BEZ-235,NCIH2122,52.45911308,2,1
12265,MK-2206,BEZ-235,NCIH23,42.73329203,2,1
12266,MK-2206,BEZ-235,NCIH460,36.48709841,2,1
12267,MK-2206,BEZ-235,NCIH520,22.74961749,2,1
12268,MK-2206,BEZ-235,OCUBM,22.8758571,2,1
12269,MK-2206,BEZ-235,OV90,49.51245263,2,1
12270,MK-2206,BEZ-235,OVCAR3,31.98904394,2,1
12271,MK-2206,BEZ-235,PA1,52.15150414,2,1
12272,MK-2206,BEZ-235,RKO,32.23580867,2,1
12273,MK-2206,BEZ-235,RPMI7951,42.49059696,2,1
12274,MK-2206,BEZ-235,SKMEL30,55.44346212,2,1
12275,MK-2206,BEZ-235,SKMES1,34.64222861,2,1
12276,MK-2206,BEZ-235,SKOV3,41.00705113,2,1
12277,MK-2206,BEZ-235,SW620,39.25782587,2,1
12278,MK-2206,BEZ-235,SW837,42.21856907,2,1
12279,MK-2206,BEZ-235,T47D,84.54414889,2,1
12280,MK-2206,BEZ-235,UACC62,33.30443585,2,1
12281,MK-2206,BEZ-235,UWB1289,56.73857763,2,1
12282,MK-2206,BEZ-235,UWB1289BRCA1,64.82364584,2,1
12283,MK-2206,BEZ-235,VCAP,38.0703329,2,1
12284,MK-2206,BEZ-235,ZR751,36.75358024,2,1
12286,MK-2206,BORTEZOMIB,A2780,21.57883973,4,1
12287,MK-2206,BORTEZOMIB,A375,27.35312461,4,1
12290,MK-2206,BORTEZOMIB,COLO320DM,-26.47411986,4,0
12292,MK-2206,BORTEZOMIB,EFM192B,-25.80877958,4,0
12296,MK-2206,BORTEZOMIB,HT29,-24.83132752,4,0
12297,MK-2206,BORTEZOMIB,KPL1,21.84089458,4,1
12300,MK-2206,BORTEZOMIB,MDAMB436,-16.37034622,4,0
12301,MK-2206,BORTEZOMIB,MSTO,64.83379718,4,1
12302,MK-2206,BORTEZOMIB,NCIH1650,-18.08187321,4,0
12306,MK-2206,BORTEZOMIB,NCIH520,-32.57259499,4,0
12307,MK-2206,BORTEZOMIB,OCUBM,-15.50090224,4,0
12308,MK-2206,BORTEZOMIB,OV90,-21.56278244,4,0
12309,MK-2206,BORTEZOMIB,OVCAR3,-19.64009397,4,0
12312,MK-2206,BORTEZOMIB,RPMI7951,-16.10889897,4,0
12314,MK-2206,BORTEZOMIB,SKMES1,-12.31546068,4,0
12318,MK-2206,BORTEZOMIB,T47D,-10.6691753,4,0
12319,MK-2206,BORTEZOMIB,UACC62,-17.88266052,4,0
12320,MK-2206,BORTEZOMIB,UWB1289,-30.21339624,4,0
12322,MK-2206,BORTEZOMIB,VCAP,-13.71988607,4,0
12323,MK-2206,BORTEZOMIB,ZR751,-11.98836512,4,0
12324,MK-2206,DASATINIB,A2058,89.36773897,4,1
12325,MK-2206,DASATINIB,A2780,112.0310331,4,1
12326,MK-2206,DASATINIB,A375,74.12786525,4,1
12327,MK-2206,DASATINIB,A427,32.03986248,4,1
12328,MK-2206,DASATINIB,CAOV3,22.2114998,4,1
12330,MK-2206,DASATINIB,DLD1,53.19373088,4,1
12333,MK-2206,DASATINIB,HCT116,41.31261768,4,1
12334,MK-2206,DASATINIB,HT144,20.48160674,4,1
12335,MK-2206,DASATINIB,HT29,92.67634771,4,1
12336,MK-2206,DASATINIB,KPL1,27.99785987,4,1
12337,MK-2206,DASATINIB,LNCAP,34.47084272,4,1
12338,MK-2206,DASATINIB,LOVO,58.9528984,4,1
12339,MK-2206,DASATINIB,MDAMB436,46.42935527,4,1
12340,MK-2206,DASATINIB,MSTO,88.33317664,4,1
12341,MK-2206,DASATINIB,NCIH1650,79.33795464,4,1
12342,MK-2206,DASATINIB,NCIH2122,62.33808977,4,1
12343,MK-2206,DASATINIB,NCIH23,38.73707855,4,1
12344,MK-2206,DASATINIB,NCIH460,52.99748664,4,1
12345,MK-2206,DASATINIB,NCIH520,60.18384285,4,1
12347,MK-2206,DASATINIB,OV90,58.60538753,4,1
12348,MK-2206,DASATINIB,OVCAR3,66.16723317,4,1
12349,MK-2206,DASATINIB,PA1,23.39793476,4,1
12350,MK-2206,DASATINIB,RKO,80.05392223,4,1
12351,MK-2206,DASATINIB,RPMI7951,24.38109623,4,1
12353,MK-2206,DASATINIB,SKMES1,40.56600647,4,1
12354,MK-2206,DASATINIB,SKOV3,33.25620059,4,1
12355,MK-2206,DASATINIB,SW620,43.8597303,4,1
12356,MK-2206,DASATINIB,SW837,72.99388724,4,1
12358,MK-2206,DASATINIB,UACC62,55.61194107,4,1
12361,MK-2206,DASATINIB,VCAP,23.30637616,4,1
12362,MK-2206,DASATINIB,ZR751,27.6223492,4,1
12381,MK-2206,DINACICLIB,NCIH2122,22.15971465,4,1
12385,MK-2206,DINACICLIB,OCUBM,-10.93076883,4,0
12400,MK-2206,DINACICLIB,VCAP,-20.90269332,4,0
12402,MK-2206,ERLOTINIB,A2058,21.79260475,1,1
12403,MK-2206,ERLOTINIB,A2780,36.05292457,1,1
12406,MK-2206,ERLOTINIB,CAOV3,32.50004987,1,1
12407,MK-2206,ERLOTINIB,COLO320DM,21.05507776,1,1
12408,MK-2206,ERLOTINIB,DLD1,55.24974748,1,1
12411,MK-2206,ERLOTINIB,HCT116,22.49685919,1,1
12412,MK-2206,ERLOTINIB,HT144,20.26133122,1,1
12413,MK-2206,ERLOTINIB,HT29,44.43340782,1,1
12414,MK-2206,ERLOTINIB,KPL1,56.0780394,1,1
12416,MK-2206,ERLOTINIB,LOVO,32.11986629,1,1
12418,MK-2206,ERLOTINIB,MSTO,66.78584124,1,1
12419,MK-2206,ERLOTINIB,NCIH1650,41.98183592,1,1
12420,MK-2206,ERLOTINIB,NCIH2122,66.62353806,1,1
12421,MK-2206,ERLOTINIB,NCIH23,28.34092689,1,1
12422,MK-2206,ERLOTINIB,NCIH460,22.95310715,1,1
12424,MK-2206,ERLOTINIB,OCUBM,24.66164751,1,1
12426,MK-2206,ERLOTINIB,OVCAR3,44.75582631,1,1
12427,MK-2206,ERLOTINIB,PA1,20.26015608,1,1
12429,MK-2206,ERLOTINIB,RPMI7951,24.83858159,1,1
12431,MK-2206,ERLOTINIB,SKMES1,55.93520513,1,1
12432,MK-2206,ERLOTINIB,SKOV3,58.80524209,1,1
12434,MK-2206,ERLOTINIB,SW837,89.3189494,1,1
12436,MK-2206,ERLOTINIB,UACC62,38.33333565,1,1
12437,MK-2206,ERLOTINIB,UWB1289,62.739321,1,1
12438,MK-2206,ERLOTINIB,UWB1289BRCA1,52.41325453,1,1
12439,MK-2206,ERLOTINIB,VCAP,24.62671243,1,1
12440,MK-2206,ERLOTINIB,ZR751,51.87789229,1,1
12442,MK-2206,GELDANAMYCIN,A2780,41.57486072,3,1
12445,MK-2206,GELDANAMYCIN,CAOV3,28.82144726,3,1
12448,MK-2206,GELDANAMYCIN,EFM192B,-39.28309317,3,0
12450,MK-2206,GELDANAMYCIN,HCT116,24.21573593,3,1
12451,MK-2206,GELDANAMYCIN,HT144,22.06944678,3,1
12454,MK-2206,GELDANAMYCIN,LNCAP,21.10356278,3,1
12456,MK-2206,GELDANAMYCIN,MDAMB436,20.03940125,3,1
12457,MK-2206,GELDANAMYCIN,MSTO,-23.86586022,3,0
12458,MK-2206,GELDANAMYCIN,NCIH1650,24.90280259,3,1
12461,MK-2206,GELDANAMYCIN,NCIH460,22.0536525,3,1
12462,MK-2206,GELDANAMYCIN,NCIH520,-23.0962683,3,0
12465,MK-2206,GELDANAMYCIN,OVCAR3,-26.30605614,3,0
12475,MK-2206,GELDANAMYCIN,UACC62,25.40389574,3,1
12476,MK-2206,GELDANAMYCIN,UWB1289,-18.66644822,3,0
12480,MK-2206,MK-8669,A2058,51.39896885,2,1
12481,MK-2206,MK-8669,A2780,38.25235608,2,1
12482,MK-2206,MK-8669,A375,40.99865157,2,1
12483,MK-2206,MK-8669,A427,47.43161635,2,1
12484,MK-2206,MK-8669,CAOV3,81.85686923,2,1
12486,MK-2206,MK-8669,DLD1,41.25703676,2,1
12487,MK-2206,MK-8669,EFM192B,28.40488637,2,1
12488,MK-2206,MK-8669,ES2,22.15919257,2,1
12490,MK-2206,MK-8669,HT144,46.10446714,2,1
12491,MK-2206,MK-8669,HT29,43.32751631,2,1
12492,MK-2206,MK-8669,KPL1,85.90195078,2,1
12494,MK-2206,MK-8669,LOVO,30.82017419,2,1
12495,MK-2206,MK-8669,MDAMB436,31.68517624,2,1
12496,MK-2206,MK-8669,MSTO,74.83609048,2,1
12497,MK-2206,MK-8669,NCIH1650,37.1826567,2,1
12498,MK-2206,MK-8669,NCIH2122,40.5134608,2,1
12499,MK-2206,MK-8669,NCIH23,22.92032817,2,1
12500,MK-2206,MK-8669,NCIH460,29.84057095,2,1
12501,MK-2206,MK-8669,NCIH520,31.05193118,2,1
12502,MK-2206,MK-8669,OCUBM,29.2551126,2,1
12503,MK-2206,MK-8669,OV90,79.39449774,2,1
12504,MK-2206,MK-8669,OVCAR3,22.41834712,2,1
12505,MK-2206,MK-8669,PA1,52.89368294,2,1
12506,MK-2206,MK-8669,RKO,40.77521737,2,1
12507,MK-2206,MK-8669,RPMI7951,52.67032056,2,1
12508,MK-2206,MK-8669,SKMEL30,57.99074065,2,1
12509,MK-2206,MK-8669,SKMES1,50.55044864,2,1
12510,MK-2206,MK-8669,SKOV3,79.35380752,2,1
12514,MK-2206,MK-8669,UACC62,42.45413159,2,1
12515,MK-2206,MK-8669,UWB1289,43.8837657,2,1
12516,MK-2206,MK-8669,UWB1289BRCA1,31.16016459,2,1
12517,MK-2206,MK-8669,VCAP,21.68451619,2,1
12518,MK-2206,MK-8669,ZR751,34.53419147,2,1
12519,MK-2206,MK-8776,A2058,20.10843092,4,1
12520,MK-2206,MK-8776,A2780,24.7553892,4,1
12521,MK-2206,MK-8776,A375,22.58707872,4,1
12523,MK-2206,MK-8776,CAOV3,51.24397386,4,1
12529,MK-2206,MK-8776,HT144,32.06715543,4,1
12530,MK-2206,MK-8776,HT29,32.56727692,4,1
12531,MK-2206,MK-8776,KPL1,36.22384688,4,1
12532,MK-2206,MK-8776,LNCAP,21.3726406,4,1
12533,MK-2206,MK-8776,LOVO,26.08727601,4,1
12535,MK-2206,MK-8776,MSTO,34.5066659,4,1
12540,MK-2206,MK-8776,NCIH520,20.65597335,4,1
12544,MK-2206,MK-8776,PA1,23.96791397,4,1
12546,MK-2206,MK-8776,RPMI7951,-11.07931925,4,0
12548,MK-2206,MK-8776,SKMES1,20.35503268,4,1
12550,MK-2206,MK-8776,SW620,-11.87177244,4,0
12552,MK-2206,MK-8776,T47D,-20.37842303,4,0
12553,MK-2206,MK-8776,UACC62,31.72532947,4,1
12554,MK-2206,MK-8776,UWB1289,-12.86063049,4,0
12555,MK-2206,MK-8776,UWB1289BRCA1,-12.23624869,4,0
12556,MK-2206,MK-8776,VCAP,28.09255419,4,1
12560,MK-2206,OXALIPLATIN,A375,-17.8254914,4,0
12561,MK-2206,OXALIPLATIN,A427,-17.79351704,4,0
12563,MK-2206,OXALIPLATIN,COLO320DM,-10.66579134,4,0
12565,MK-2206,OXALIPLATIN,EFM192B,-32.9817609,4,0
12566,MK-2206,OXALIPLATIN,ES2,-13.61733275,4,0
12568,MK-2206,OXALIPLATIN,HT144,-12.2398211,4,0
12570,MK-2206,OXALIPLATIN,KPL1,-15.6877218,4,0
12571,MK-2206,OXALIPLATIN,LNCAP,-17.73364224,4,0
12573,MK-2206,OXALIPLATIN,MDAMB436,-15.43254491,4,0
12574,MK-2206,OXALIPLATIN,MSTO,-39.5141783,4,0
12575,MK-2206,OXALIPLATIN,NCIH1650,-14.14235256,4,0
12576,MK-2206,OXALIPLATIN,NCIH2122,-18.65831622,4,0
12577,MK-2206,OXALIPLATIN,NCIH23,-25.13135473,4,0
12578,MK-2206,OXALIPLATIN,NCIH460,-36.83237217,4,0
12579,MK-2206,OXALIPLATIN,NCIH520,-12.99181926,4,0
12580,MK-2206,OXALIPLATIN,OCUBM,-41.13762885,4,0
12581,MK-2206,OXALIPLATIN,OV90,-13.10962765,4,0
12582,MK-2206,OXALIPLATIN,OVCAR3,-24.9069041,4,0
12583,MK-2206,OXALIPLATIN,PA1,-22.30731087,4,0
12584,MK-2206,OXALIPLATIN,RKO,-17.0946074,4,0
12585,MK-2206,OXALIPLATIN,RPMI7951,-31.7843906,4,0
12588,MK-2206,OXALIPLATIN,SKOV3,-24.96991714,4,0
12592,MK-2206,OXALIPLATIN,UACC62,-13.07668575,4,0
12595,MK-2206,OXALIPLATIN,VCAP,-21.21168925,4,0
12597,MK-2206,PD325901,A2058,45.15288676,4,1
12598,MK-2206,PD325901,A2780,81.99827512,4,1
12600,MK-2206,PD325901,A427,43.39414118,4,1
12601,MK-2206,PD325901,CAOV3,68.54531014,4,1
12603,MK-2206,PD325901,DLD1,36.72904523,4,1
12605,MK-2206,PD325901,ES2,20.26824364,4,1
12606,MK-2206,PD325901,HCT116,38.16283319,4,1
12607,MK-2206,PD325901,HT144,21.7885274,4,1
12608,MK-2206,PD325901,HT29,40.04670144,4,1
12609,MK-2206,PD325901,KPL1,51.11354744,4,1
12611,MK-2206,PD325901,LOVO,40.30703362,4,1
12615,MK-2206,PD325901,NCIH2122,54.43648537,4,1
12616,MK-2206,PD325901,NCIH23,23.18385932,4,1
12617,MK-2206,PD325901,NCIH460,65.94852535,4,1
12620,MK-2206,PD325901,OV90,29.71348596,4,1
12621,MK-2206,PD325901,OVCAR3,34.11987924,4,1
12622,MK-2206,PD325901,PA1,36.46015222,4,1
12623,MK-2206,PD325901,RKO,33.83286488,4,1
12624,MK-2206,PD325901,RPMI7951,36.22199551,4,1
12625,MK-2206,PD325901,SKMEL30,25.18153768,4,1
12626,MK-2206,PD325901,SKMES1,33.98259028,4,1
12627,MK-2206,PD325901,SKOV3,51.48965792,4,1
12629,MK-2206,PD325901,SW837,44.91738708,4,1
12630,MK-2206,PD325901,T47D,21.63398304,4,1
12631,MK-2206,PD325901,UACC62,33.04398437,4,1
12632,MK-2206,PD325901,UWB1289,74.34803554,4,1
12633,MK-2206,PD325901,UWB1289BRCA1,53.68988145,4,1
12634,MK-2206,PD325901,VCAP,-23.95662941,4,0
12635,MK-2206,PD325901,ZR751,41.92638833,4,1
12638,MK-2206,SN-38,A375,45.8996785,1,1
12640,MK-2206,SN-38,CAOV3,42.78067507,1,1
12644,MK-2206,SN-38,ES2,27.8859788,1,1
12645,MK-2206,SN-38,HCT116,21.84103257,1,1
12646,MK-2206,SN-38,HT144,44.70688808,1,1
12648,MK-2206,SN-38,KPL1,53.37997312,1,1
12651,MK-2206,SN-38,MDAMB436,25.15511215,1,1
12652,MK-2206,SN-38,MSTO,29.72784954,1,1
12654,MK-2206,SN-38,NCIH2122,28.11154494,1,1
12656,MK-2206,SN-38,NCIH460,29.87963482,1,1
12659,MK-2206,SN-38,OV90,21.65611717,1,1
12661,MK-2206,SN-38,PA1,26.87176908,1,1
12662,MK-2206,SN-38,RKO,42.49491349,1,1
12664,MK-2206,SN-38,SKMEL30,29.42773145,1,1
12668,MK-2206,SN-38,SW837,22.67472412,1,1
12669,MK-2206,SN-38,T47D,53.95219497,1,1
12670,MK-2206,SN-38,UACC62,35.03718369,1,1
12672,MK-2206,SN-38,UWB1289BRCA1,21.52032736,1,1
12673,MK-2206,SN-38,VCAP,25.11698704,1,1
12674,MK-2206,SN-38,ZR751,22.1170255,1,1
12677,MK-2206,SORAFENIB,A375,22.70902784,4,1
12678,MK-2206,SORAFENIB,A427,25.38496314,4,1
12681,MK-2206,SORAFENIB,DLD1,26.77027483,4,1
12684,MK-2206,SORAFENIB,HCT116,30.04669652,4,1
12699,MK-2206,SORAFENIB,OVCAR3,-12.53227498,4,0
12701,MK-2206,SORAFENIB,RKO,27.35394716,4,1
12707,MK-2206,SORAFENIB,SW837,24.8742412,4,1
12716,MK-2206,TOPOTECAN,A375,20.77997709,0,1
12717,MK-2206,TOPOTECAN,A427,31.93715244,0,1
12719,MK-2206,TOPOTECAN,COLO320DM,22.94228585,0,1
12723,MK-2206,TOPOTECAN,HCT116,32.57503221,0,1
12724,MK-2206,TOPOTECAN,HT144,24.22545447,0,1
12726,MK-2206,TOPOTECAN,KPL1,52.12661745,0,1
12727,MK-2206,TOPOTECAN,LNCAP,-201.1613889,0,0
12728,MK-2206,TOPOTECAN,LOVO,29.40647247,0,1
12730,MK-2206,TOPOTECAN,MSTO,23.81165745,0,1
12732,MK-2206,TOPOTECAN,NCIH2122,29.2997604,0,1
12734,MK-2206,TOPOTECAN,NCIH460,22.44459969,0,1
12735,MK-2206,TOPOTECAN,NCIH520,33.89400746,0,1
12737,MK-2206,TOPOTECAN,OV90,33.98540792,0,1
12740,MK-2206,TOPOTECAN,RKO,37.06036715,0,1
12742,MK-2206,TOPOTECAN,SKMEL30,21.88284896,0,1
12743,MK-2206,TOPOTECAN,SKMES1,24.28846558,0,1
12745,MK-2206,TOPOTECAN,SW620,22.96568118,0,1
12746,MK-2206,TOPOTECAN,SW837,33.06138247,0,1
12747,MK-2206,TOPOTECAN,T47D,21.53741412,0,1
12750,MK-2206,TOPOTECAN,UWB1289BRCA1,26.37377944,0,1
12751,MK-2206,TOPOTECAN,VCAP,30.99670532,0,1
12752,MK-2206,TOPOTECAN,ZR751,31.52488246,0,1
12767,MK-4541,5-FU,LOVO,-16.46662416,4,0
12769,MK-4541,5-FU,MSTO,-80.26122358,4,0
12790,MK-4541,5-FU,VCAP,21.21463716,4,1
12801,MK-4541,ABT-888,HCT116,-12.57239664,4,0
12804,MK-4541,ABT-888,KPL1,21.83213382,4,1
12805,MK-4541,ABT-888,LNCAP,34.64841764,4,1
12812,MK-4541,ABT-888,NCIH460,-15.519045,4,0
12814,MK-4541,ABT-888,OCUBM,37.19949889,4,1
12817,MK-4541,ABT-888,PA1,20.6647562,4,1
12820,MK-4541,ABT-888,SKMEL30,-13.51838807,4,0
12825,MK-4541,ABT-888,T47D,-16.1532543,4,0
12826,MK-4541,ABT-888,UACC62,-18.06682227,4,0
12828,MK-4541,ABT-888,UWB1289BRCA1,-11.50841711,4,0
12830,MK-4541,ABT-888,ZR751,-17.20156062,4,0
12843,MK-4541,AZD1775,KPL1,20.75766034,3,1
12844,MK-4541,AZD1775,LNCAP,-13.39307381,3,0
12853,MK-4541,AZD1775,OCUBM,23.96946747,3,1
12861,MK-4541,AZD1775,SKOV3,22.56598876,3,1
12864,MK-4541,AZD1775,T47D,-10.92011243,3,0
12866,MK-4541,AZD1775,UWB1289,93.77139048,3,1
12871,MK-4541,BEZ-235,A2780,33.6374407,3,1
12873,MK-4541,BEZ-235,A427,23.14197988,3,1
12875,MK-4541,BEZ-235,COLO320DM,27.6884207,3,1
12877,MK-4541,BEZ-235,EFM192B,27.90001865,3,1
12881,MK-4541,BEZ-235,HT29,25.09658443,3,1
12882,MK-4541,BEZ-235,KPL1,23.58865757,3,1
12883,MK-4541,BEZ-235,LNCAP,103.2094953,3,1
12884,MK-4541,BEZ-235,LOVO,22.93872493,3,1
12885,MK-4541,BEZ-235,MDAMB436,29.08032076,3,1
12890,MK-4541,BEZ-235,NCIH460,21.93529537,3,1
12891,MK-4541,BEZ-235,NCIH520,24.34037558,3,1
12892,MK-4541,BEZ-235,OCUBM,40.02260102,3,1
12893,MK-4541,BEZ-235,OV90,22.77805067,3,1
12895,MK-4541,BEZ-235,PA1,34.3854162,3,1
12897,MK-4541,BEZ-235,RPMI7951,27.10043166,3,1
12898,MK-4541,BEZ-235,SKMEL30,37.68878854,3,1
12899,MK-4541,BEZ-235,SKMES1,27.27103404,3,1
12903,MK-4541,BEZ-235,T47D,137.2835902,3,1
12905,MK-4541,BEZ-235,UWB1289,36.22927981,3,1
12907,MK-4541,BEZ-235,VCAP,41.95459309,3,1
12908,MK-4541,BEZ-235,ZR751,20.42706669,3,1
12911,MK-4541,BORTEZOMIB,A375,28.44333447,1,1
12913,MK-4541,BORTEZOMIB,CAOV3,23.0692687,1,1
12919,MK-4541,BORTEZOMIB,HT144,-13.79735638,1,0
12920,MK-4541,BORTEZOMIB,HT29,-21.35681594,1,0
12922,MK-4541,BORTEZOMIB,LNCAP,24.65515667,1,1
12925,MK-4541,BORTEZOMIB,MSTO,102.9030202,1,1
12926,MK-4541,BORTEZOMIB,NCIH1650,-15.45725566,1,0
12927,MK-4541,BORTEZOMIB,NCIH2122,24.91185375,1,1
12930,MK-4541,BORTEZOMIB,NCIH520,-26.90833485,1,0
12931,MK-4541,BORTEZOMIB,OCUBM,23.08326428,1,1
12932,MK-4541,BORTEZOMIB,OV90,-10.10813869,1,0
12933,MK-4541,BORTEZOMIB,OVCAR3,-15.98264765,1,0
12938,MK-4541,BORTEZOMIB,SKMES1,-17.97968249,1,0
12942,MK-4541,BORTEZOMIB,T47D,-20.03386423,1,0
12943,MK-4541,BORTEZOMIB,UACC62,-13.40678056,1,0
12945,MK-4541,BORTEZOMIB,UWB1289BRCA1,-13.40250237,1,0
12946,MK-4541,BORTEZOMIB,VCAP,20.49776802,1,1
12947,MK-4541,BORTEZOMIB,ZR751,-48.4043743,1,0
12960,MK-4541,CARBOPLATIN,KPL1,44.37667897,2,1
12969,MK-4541,CARBOPLATIN,NCIH520,-15.52708844,2,0
12970,MK-4541,CARBOPLATIN,OCUBM,60.62477186,2,1
12972,MK-4541,CARBOPLATIN,OVCAR3,-25.54590572,2,0
12974,MK-4541,CARBOPLATIN,RKO,25.85370921,2,1
12980,MK-4541,CARBOPLATIN,SW837,-20.47369661,2,0
12981,MK-4541,CARBOPLATIN,T47D,-24.75621273,2,0
12999,MK-4541,CYCLOPHOSPHAMIDE,KPL1,21.45277617,0,1
13000,MK-4541,CYCLOPHOSPHAMIDE,LNCAP,-20.49412615,0,0
13003,MK-4541,CYCLOPHOSPHAMIDE,MSTO,22.61680591,0,1
13009,MK-4541,CYCLOPHOSPHAMIDE,OCUBM,27.82011141,0,1
13013,MK-4541,CYCLOPHOSPHAMIDE,RKO,20.39639378,0,1
13019,MK-4541,CYCLOPHOSPHAMIDE,SW837,-10.23827028,0,0
13022,MK-4541,CYCLOPHOSPHAMIDE,UWB1289,-21.02239478,0,0
13024,MK-4541,CYCLOPHOSPHAMIDE,VCAP,26.57247529,0,1
13025,MK-4541,CYCLOPHOSPHAMIDE,ZR751,-23.79049404,0,0
13026,MK-4541,DASATINIB,A2058,26.32252394,3,1
13027,MK-4541,DASATINIB,A2780,52.36875011,3,1
13028,MK-4541,DASATINIB,A375,-14.13381544,3,0
13029,MK-4541,DASATINIB,A427,26.45017374,3,1
13033,MK-4541,DASATINIB,EFM192B,50.19569201,3,1
13035,MK-4541,DASATINIB,HCT116,-46.79594408,3,0
13036,MK-4541,DASATINIB,HT144,-50.26877682,3,0
13039,MK-4541,DASATINIB,LNCAP,60.51946754,3,1
13040,MK-4541,DASATINIB,LOVO,37.64561986,3,1
13042,MK-4541,DASATINIB,MSTO,113.5542337,3,1
13043,MK-4541,DASATINIB,NCIH1650,27.50097675,3,1
13044,MK-4541,DASATINIB,NCIH2122,-108.3448162,3,0
13046,MK-4541,DASATINIB,NCIH460,-14.60038501,3,0
13047,MK-4541,DASATINIB,NCIH520,28.08776945,3,1
13048,MK-4541,DASATINIB,OCUBM,34.65372253,3,1
13050,MK-4541,DASATINIB,OVCAR3,68.33643074,3,1
13052,MK-4541,DASATINIB,RKO,-26.61419328,3,0
13054,MK-4541,DASATINIB,SKMEL30,-45.27256755,3,0
13058,MK-4541,DASATINIB,SW837,31.28263401,3,1
13063,MK-4541,DASATINIB,VCAP,24.3862475,3,1
13064,MK-4541,DASATINIB,ZR751,-41.64119829,3,0
13065,MK-4541,DEXAMETHASONE,A2058,-17.56799826,2,0
13071,MK-4541,DEXAMETHASONE,DLD1,25.48104312,2,1
13072,MK-4541,DEXAMETHASONE,EFM192B,-22.67480653,2,0
13073,MK-4541,DEXAMETHASONE,ES2,-23.33116342,2,0
13075,MK-4541,DEXAMETHASONE,HT144,-19.25473646,2,0
13077,MK-4541,DEXAMETHASONE,KPL1,30.02765884,2,1
13079,MK-4541,DEXAMETHASONE,LOVO,20.46092764,2,1
13081,MK-4541,DEXAMETHASONE,MSTO,-10.86263142,2,0
13087,MK-4541,DEXAMETHASONE,OCUBM,42.54038777,2,1
13092,MK-4541,DEXAMETHASONE,RPMI7951,-32.8420192,2,0
13098,MK-4541,DEXAMETHASONE,T47D,-49.52034458,2,0
13102,MK-4541,DEXAMETHASONE,VCAP,-15.87893439,2,0
13117,MK-4541,DINACICLIB,LNCAP,39.42786979,1,1
13127,MK-4541,DINACICLIB,OV90,-14.68197608,1,0
13137,MK-4541,DINACICLIB,T47D,-53.059033,1,0
13141,MK-4541,DINACICLIB,VCAP,23.77484431,1,1
13148,MK-4541,DOXORUBICIN,COLO320DM,32.3693342,0,1
13150,MK-4541,DOXORUBICIN,EFM192B,22.68215768,0,1
13152,MK-4541,DOXORUBICIN,HCT116,21.12460081,0,1
13154,MK-4541,DOXORUBICIN,HT29,22.83295829,0,1
13160,MK-4541,DOXORUBICIN,NCIH1650,25.93623158,0,1
13168,MK-4541,DOXORUBICIN,PA1,-10.91505082,0,0
13176,MK-4541,DOXORUBICIN,T47D,21.66483825,0,1
13177,MK-4541,DOXORUBICIN,UACC62,-11.19333676,0,0
13180,MK-4541,DOXORUBICIN,VCAP,44.06061044,0,1
13183,MK-4541,ERLOTINIB,A2780,76.39988629,2,1
13187,MK-4541,ERLOTINIB,COLO320DM,48.51297418,2,1
13194,MK-4541,ERLOTINIB,KPL1,26.2179557,2,1
13201,MK-4541,ERLOTINIB,NCIH23,-17.90054438,2,0
13204,MK-4541,ERLOTINIB,OCUBM,24.44102499,2,1
13206,MK-4541,ERLOTINIB,OVCAR3,-13.36920164,2,0
13208,MK-4541,ERLOTINIB,RKO,-20.22994781,2,0
13209,MK-4541,ERLOTINIB,RPMI7951,59.72697223,2,1
13214,MK-4541,ERLOTINIB,SW837,27.91041342,2,1
13215,MK-4541,ERLOTINIB,T47D,42.91153743,2,1
13216,MK-4541,ERLOTINIB,UACC62,22.7521193,2,1
13217,MK-4541,ERLOTINIB,UWB1289,35.79889298,2,1
13218,MK-4541,ERLOTINIB,UWB1289BRCA1,24.32666351,2,1
13219,MK-4541,ERLOTINIB,VCAP,40.73762885,2,1
13220,MK-4541,ERLOTINIB,ZR751,29.39771681,2,1
13223,MK-4541,ETOPOSIDE,A375,-62.83437606,3,0
13225,MK-4541,ETOPOSIDE,CAOV3,118.3452354,3,1
13233,MK-4541,ETOPOSIDE,KPL1,29.68699565,3,1
13246,MK-4541,ETOPOSIDE,PA1,-10.76418724,3,0
13247,MK-4541,ETOPOSIDE,RKO,21.96021497,3,1
13249,MK-4541,ETOPOSIDE,SKMEL30,21.87010808,3,1
13253,MK-4541,ETOPOSIDE,SW837,-10.91519142,3,0
13254,MK-4541,ETOPOSIDE,T47D,21.0243065,3,1
13258,MK-4541,ETOPOSIDE,VCAP,47.61284483,3,1
13259,MK-4541,ETOPOSIDE,ZR751,20.37835122,3,1
13264,MK-4541,GELDANAMYCIN,CAOV3,-17.62116237,1,0
13273,MK-4541,GELDANAMYCIN,LNCAP,46.13193589,1,1
13279,MK-4541,GELDANAMYCIN,NCIH23,-13.18961957,1,0
13282,MK-4541,GELDANAMYCIN,OCUBM,34.48504355,1,1
13285,MK-4541,GELDANAMYCIN,PA1,26.67629536,1,1
13287,MK-4541,GELDANAMYCIN,RPMI7951,-11.12793657,1,0
13290,MK-4541,GELDANAMYCIN,SKOV3,-14.10888823,1,0
13296,MK-4541,GELDANAMYCIN,UWB1289BRCA1,-44.83807234,1,0
13297,MK-4541,GELDANAMYCIN,VCAP,32.7253206,1,1
13301,MK-4541,GEMCITABINE,A375,-23.87533102,4,0
13312,MK-4541,GEMCITABINE,LNCAP,-73.65865034,4,0
13316,MK-4541,GEMCITABINE,NCIH1650,-16.83661806,4,0
13318,MK-4541,GEMCITABINE,NCIH23,-11.52303894,4,0
13328,MK-4541,GEMCITABINE,SKMES1,-25.42066062,4,0
13336,MK-4541,GEMCITABINE,VCAP,29.71199804,4,1
13341,MK-4541,L778123,A427,22.91523839,0,1
13362,MK-4541,L778123,OVCAR3,-23.61631259,0,0
13371,MK-4541,L778123,T47D,-25.27060432,0,0
13375,MK-4541,L778123,VCAP,26.41871432,0,1
13380,MK-4541,LAPATINIB,A427,-29.14380045,3,0
13381,MK-4541,LAPATINIB,CAOV3,31.07862605,3,1
13388,MK-4541,LAPATINIB,HT29,24.00597413,3,1
13389,MK-4541,LAPATINIB,KPL1,23.37344355,3,1
13390,MK-4541,LAPATINIB,LNCAP,28.19617215,3,1
13397,MK-4541,LAPATINIB,NCIH460,-12.86600215,3,0
13400,MK-4541,LAPATINIB,OV90,-20.31573882,3,0
13412,MK-4541,LAPATINIB,UWB1289,26.65993951,3,1
13413,MK-4541,LAPATINIB,UWB1289BRCA1,26.39343419,3,1
13414,MK-4541,LAPATINIB,VCAP,37.23268044,3,1
13415,MK-4541,LAPATINIB,ZR751,27.13194054,3,1
13419,MK-4541,METFORMIN,A427,-10.79575491,1,0
13420,MK-4541,METFORMIN,CAOV3,-24.92982538,1,0
13423,MK-4541,METFORMIN,EFM192B,-18.21712256,1,0
13426,MK-4541,METFORMIN,HT144,-21.52873817,1,0
13430,MK-4541,METFORMIN,LOVO,-19.04047143,1,0
13435,MK-4541,METFORMIN,NCIH23,-10.31186256,1,0
13436,MK-4541,METFORMIN,NCIH460,-19.44614151,1,0
13440,MK-4541,METFORMIN,OVCAR3,-26.28728008,1,0
13443,MK-4541,METFORMIN,RPMI7951,-23.78638601,1,0
13444,MK-4541,METFORMIN,SKMEL30,-10.31542204,1,0
13448,MK-4541,METFORMIN,SW837,-14.29219213,1,0
13449,MK-4541,METFORMIN,T47D,32.36395088,1,1
13450,MK-4541,METFORMIN,UACC62,-28.57114731,1,0
13452,MK-4541,METFORMIN,UWB1289BRCA1,-17.33872807,1,0
13454,MK-4541,METFORMIN,ZR751,-40.9699228,1,0
13455,MK-4541,METHOTREXATE,A2058,-20.84096181,3,0
13458,MK-4541,METHOTREXATE,A427,21.47460842,3,1
13464,MK-4541,METHOTREXATE,HCT116,-28.08825895,3,0
13467,MK-4541,METHOTREXATE,KPL1,-16.75429397,3,0
13469,MK-4541,METHOTREXATE,LOVO,-29.07732432,3,0
13471,MK-4541,METHOTREXATE,MSTO,-18.75517254,3,0
13474,MK-4541,METHOTREXATE,NCIH23,-12.52234819,3,0
13475,MK-4541,METHOTREXATE,NCIH460,-18.50643243,3,0
13476,MK-4541,METHOTREXATE,NCIH520,-13.94258454,3,0
13479,MK-4541,METHOTREXATE,OVCAR3,-39.48900259,3,0
13480,MK-4541,METHOTREXATE,PA1,-20.12204008,3,0
13481,MK-4541,METHOTREXATE,RKO,-26.71086103,3,0
13488,MK-4541,METHOTREXATE,T47D,-25.47469103,3,0
13493,MK-4541,METHOTREXATE,ZR751,-27.46660601,3,0
13511,MK-4541,MITOMYCINE,NCIH1650,-12.72748923,3,0
13522,MK-4541,MITOMYCINE,SKMEL30,-14.0438474,3,0
13527,MK-4541,MITOMYCINE,T47D,-23.5248105,3,0
13531,MK-4541,MITOMYCINE,VCAP,48.40918293,3,1
13532,MK-4541,MITOMYCINE,ZR751,-30.91898109,3,0
13534,MK-4541,MK-2206,A2780,29.86354302,3,1
13535,MK-4541,MK-2206,A375,-14.12001798,3,0
13537,MK-4541,MK-2206,CAOV3,83.63078317,3,1
13544,MK-4541,MK-2206,HT29,34.32233987,3,1
13545,MK-4541,MK-2206,KPL1,38.50374435,3,1
13551,MK-4541,MK-2206,NCIH2122,22.654337,3,1
13562,MK-4541,MK-2206,SKMES1,23.00647633,3,1
13563,MK-4541,MK-2206,SKOV3,20.94654915,3,1
13568,MK-4541,MK-2206,UWB1289,34.30489468,3,1
13569,MK-4541,MK-2206,UWB1289BRCA1,36.01308059,3,1
13570,MK-4541,MK-2206,VCAP,46.73735528,3,1
13571,MK-4541,MK-2206,ZR751,22.58316074,3,1
13574,MK-4541,MK-4827,A375,-11.71029171,1,0
13583,MK-4541,MK-4827,HT29,21.66216314,1,1
13596,MK-4541,MK-4827,OVCAR3,37.26311752,1,1
13606,MK-4541,MK-4827,UACC62,-20.27978177,1,0
13609,MK-4541,MK-4827,VCAP,49.38584587,1,1
13615,MK-4541,MK-5108,CAOV3,-12.4603851,1,0
13624,MK-4541,MK-5108,LNCAP,-20.54402628,1,0
13631,MK-4541,MK-5108,NCIH460,-11.05488659,1,0
13635,MK-4541,MK-5108,OVCAR3,-13.59166101,1,0
13637,MK-4541,MK-5108,RKO,35.6515734,1,1
13639,MK-4541,MK-5108,SKMEL30,24.44966376,1,1
13649,MK-4541,MK-5108,ZR751,-11.87635436,1,0
13650,MK-4541,MK-8669,A2058,21.64169241,3,1
13651,MK-4541,MK-8669,A2780,35.58460478,3,1
13652,MK-4541,MK-8669,A375,20.6353587,3,1
13653,MK-4541,MK-8669,A427,42.73712743,3,1
13654,MK-4541,MK-8669,CAOV3,34.35302189,3,1
13657,MK-4541,MK-8669,EFM192B,31.27795024,3,1
13660,MK-4541,MK-8669,HT144,-10.29756889,3,0
13662,MK-4541,MK-8669,KPL1,42.25740356,3,1
13663,MK-4541,MK-8669,LNCAP,44.7739012,3,1
13672,MK-4541,MK-8669,OCUBM,28.78289827,3,1
13678,MK-4541,MK-8669,SKMEL30,30.75360453,3,1
13680,MK-4541,MK-8669,SKOV3,27.05458994,3,1
13688,MK-4541,MK-8669,ZR751,30.64852232,3,1
13692,MK-4541,MK-8776,A427,-12.92264233,4,0
13702,MK-4541,MK-8776,LNCAP,29.73083853,4,1
13706,MK-4541,MK-8776,NCIH1650,-11.42042242,4,0
13707,MK-4541,MK-8776,NCIH2122,-18.43308839,4,0
13710,MK-4541,MK-8776,NCIH520,-13.51758559,4,0
13711,MK-4541,MK-8776,OCUBM,24.98720286,4,1
13716,MK-4541,MK-8776,RPMI7951,-14.90142879,4,0
13718,MK-4541,MK-8776,SKMES1,-12.25989055,4,0
13721,MK-4541,MK-8776,SW837,-16.89029911,4,0
13722,MK-4541,MK-8776,T47D,-47.33893948,4,0
13724,MK-4541,MK-8776,UWB1289,-14.3243822,4,0
13725,MK-4541,MK-8776,UWB1289BRCA1,-11.40889996,4,0
13726,MK-4541,MK-8776,VCAP,41.15436443,4,1
13731,MK-4541,MRK-003,A427,20.75949328,2,1
13740,MK-4541,MRK-003,KPL1,-12.93098449,2,0
13744,MK-4541,MRK-003,MSTO,-27.68547122,2,0
13752,MK-4541,MRK-003,OVCAR3,22.60792159,2,1
13753,MK-4541,MRK-003,PA1,22.73688916,2,1
13756,MK-4541,MRK-003,SKMEL30,23.87070524,2,1
13758,MK-4541,MRK-003,SKOV3,20.63290322,2,1
13761,MK-4541,MRK-003,T47D,21.97984344,2,1
13766,MK-4541,MRK-003,ZR751,-12.08599226,2,0
13768,MK-4541,OXALIPLATIN,A2780,-16.8155369,2,0
13769,MK-4541,OXALIPLATIN,A375,-20.43932523,2,0
13775,MK-4541,OXALIPLATIN,ES2,-14.25233293,2,0
13777,MK-4541,OXALIPLATIN,HT144,-17.9582803,2,0
13781,MK-4541,OXALIPLATIN,LOVO,-19.74773562,2,0
13782,MK-4541,OXALIPLATIN,MDAMB436,-12.53936222,2,0
13786,MK-4541,OXALIPLATIN,NCIH23,-21.86630034,2,0
13787,MK-4541,OXALIPLATIN,NCIH460,-24.92284761,2,0
13789,MK-4541,OXALIPLATIN,OCUBM,23.20015202,2,1
13790,MK-4541,OXALIPLATIN,OV90,-24.0421876,2,0
13792,MK-4541,OXALIPLATIN,PA1,-25.37859088,2,0
13794,MK-4541,OXALIPLATIN,RPMI7951,-27.45304846,2,0
13801,MK-4541,OXALIPLATIN,UACC62,-24.36535474,2,0
13804,MK-4541,OXALIPLATIN,VCAP,25.71410243,2,1
13806,MK-4541,PACLITAXEL,A2058,-11.78576068,3,0
13808,MK-4541,PACLITAXEL,A375,37.22125826,3,1
13811,MK-4541,PACLITAXEL,COLO320DM,25.19030198,3,1
13814,MK-4541,PACLITAXEL,ES2,39.92994577,3,1
13816,MK-4541,PACLITAXEL,HT144,22.4186759,3,1
13824,MK-4541,PACLITAXEL,NCIH2122,-15.54260375,3,0
13826,MK-4541,PACLITAXEL,NCIH460,30.74831332,3,1
13841,MK-4541,PACLITAXEL,UWB1289,-15.68483261,3,0
13843,MK-4541,PACLITAXEL,VCAP,39.85968008,3,1
13844,MK-4541,PACLITAXEL,ZR751,-11.79778565,3,0
13846,MK-4541,PD325901,A2780,22.15951253,0,1
13849,MK-4541,PD325901,CAOV3,48.73145904,0,1
13857,MK-4541,PD325901,KPL1,23.47518442,0,1
13858,MK-4541,PD325901,LNCAP,49.12093858,0,1
13861,MK-4541,PD325901,MSTO,-18.22695392,0,0
13864,MK-4541,PD325901,NCIH23,-15.30336986,0,0
13867,MK-4541,PD325901,OCUBM,31.62224419,0,1
13868,MK-4541,PD325901,OV90,-10.32708744,0,0
13869,MK-4541,PD325901,OVCAR3,29.13589991,0,1
13870,MK-4541,PD325901,PA1,31.90313553,0,1
13872,MK-4541,PD325901,RPMI7951,-14.48418103,0,0
13878,MK-4541,PD325901,T47D,29.47471593,0,1
13880,MK-4541,PD325901,UWB1289,21.44039331,0,1
13881,MK-4541,PD325901,UWB1289BRCA1,-21.4780286,0,0
13882,MK-4541,PD325901,VCAP,28.38913282,0,1
13888,MK-4541,SN-38,CAOV3,-13.30267374,1,0
13889,MK-4541,SN-38,COLO320DM,-10.35150146,1,0
13898,MK-4541,SN-38,LOVO,-22.55975815,1,0
13900,MK-4541,SN-38,MSTO,20.2800693,1,1
13901,MK-4541,SN-38,NCIH1650,-14.41569713,1,0
13916,MK-4541,SN-38,SW837,-19.45240073,1,0
13917,MK-4541,SN-38,T47D,-14.14591222,1,0
13921,MK-4541,SN-38,VCAP,28.41869668,1,1
13947,MK-4541,SORAFENIB,OVCAR3,-23.70782935,0,0
13953,MK-4541,SORAFENIB,SKOV3,22.30814886,0,1
13961,MK-4541,SORAFENIB,ZR751,-28.64290107,0,0
13994,MK-4541,SUNITINIB,SW837,-17.64643235,4,0
13995,MK-4541,SUNITINIB,T47D,40.42639192,4,1
13997,MK-4541,SUNITINIB,UWB1289,38.55098932,4,1
14005,MK-4541,TEMOZOLOMIDE,CAOV3,-76.24592241,0,0
14007,MK-4541,TEMOZOLOMIDE,DLD1,-11.7547722,0,0
14008,MK-4541,TEMOZOLOMIDE,EFM192B,-29.40136524,0,0
14010,MK-4541,TEMOZOLOMIDE,HCT116,-13.0870727,0,0
14011,MK-4541,TEMOZOLOMIDE,HT144,-38.14640254,0,0
14013,MK-4541,TEMOZOLOMIDE,KPL1,-12.13544383,0,0
14015,MK-4541,TEMOZOLOMIDE,LOVO,-25.83721348,0,0
14017,MK-4541,TEMOZOLOMIDE,MSTO,-52.30395806,0,0
14018,MK-4541,TEMOZOLOMIDE,NCIH1650,-31.78925685,0,0
14020,MK-4541,TEMOZOLOMIDE,NCIH23,-15.42192659,0,0
14021,MK-4541,TEMOZOLOMIDE,NCIH460,-11.95171647,0,0
14023,MK-4541,TEMOZOLOMIDE,OCUBM,-30.05125596,0,0
14024,MK-4541,TEMOZOLOMIDE,OV90,-11.80664104,0,0
14025,MK-4541,TEMOZOLOMIDE,OVCAR3,-39.92452914,0,0
14031,MK-4541,TEMOZOLOMIDE,SKOV3,-18.15850524,0,0
14033,MK-4541,TEMOZOLOMIDE,SW837,-28.68353523,0,0
14034,MK-4541,TEMOZOLOMIDE,T47D,-106.2566397,0,0
14036,MK-4541,TEMOZOLOMIDE,UWB1289,-17.724308,0,0
14039,MK-4541,TEMOZOLOMIDE,ZR751,-102.1366254,0,0
14052,MK-4541,TOPOTECAN,KPL1,20.53731061,3,1
14053,MK-4541,TOPOTECAN,LNCAP,-141.5350423,3,0
14060,MK-4541,TOPOTECAN,NCIH460,-10.32833641,3,0
14076,MK-4541,TOPOTECAN,UWB1289BRCA1,24.72077362,3,1
14077,MK-4541,TOPOTECAN,VCAP,54.93715218,3,1
14079,MK-4541,VINBLASTINE,A2058,33.85344713,1,1
14080,MK-4541,VINBLASTINE,A2780,-15.67595423,1,0
14081,MK-4541,VINBLASTINE,A375,-18.74375604,1,0
14082,MK-4541,VINBLASTINE,A427,-35.00450486,1,0
14083,MK-4541,VINBLASTINE,CAOV3,-61.97072364,1,0
14088,MK-4541,VINBLASTINE,HCT116,-26.4678392,1,0
14091,MK-4541,VINBLASTINE,KPL1,41.91425433,1,1
14094,MK-4541,VINBLASTINE,MDAMB436,-24.58798415,1,0
14095,MK-4541,VINBLASTINE,MSTO,-34.85469642,1,0
14096,MK-4541,VINBLASTINE,NCIH1650,-16.65592701,1,0
14097,MK-4541,VINBLASTINE,NCIH2122,-14.73960046,1,0
14098,MK-4541,VINBLASTINE,NCIH23,-36.76465236,1,0
14099,MK-4541,VINBLASTINE,NCIH460,-11.0591356,1,0
14100,MK-4541,VINBLASTINE,NCIH520,-21.04863761,1,0
14101,MK-4541,VINBLASTINE,OCUBM,23.38073901,1,1
14102,MK-4541,VINBLASTINE,OV90,-20.6522219,1,0
14103,MK-4541,VINBLASTINE,OVCAR3,-29.93947615,1,0
14104,MK-4541,VINBLASTINE,PA1,-15.32442673,1,0
14106,MK-4541,VINBLASTINE,RPMI7951,-18.49715303,1,0
14108,MK-4541,VINBLASTINE,SKMES1,-10.54323827,1,0
14112,MK-4541,VINBLASTINE,T47D,-34.7084705,1,0
14113,MK-4541,VINBLASTINE,UACC62,-13.06306657,1,0
14114,MK-4541,VINBLASTINE,UWB1289,-12.41285437,1,0
14117,MK-4541,VINBLASTINE,ZR751,-31.69281871,1,0
14118,MK-4541,VINORELBINE,A2058,-18.8844755,4,0
14119,MK-4541,VINORELBINE,A2780,-11.09076282,4,0
14121,MK-4541,VINORELBINE,A427,-30.87460459,4,0
14122,MK-4541,VINORELBINE,CAOV3,-49.62158208,4,0
14125,MK-4541,VINORELBINE,EFM192B,-13.2703892,4,0
14127,MK-4541,VINORELBINE,HCT116,-22.02198169,4,0
14128,MK-4541,VINORELBINE,HT144,-14.05754324,4,0
14129,MK-4541,VINORELBINE,HT29,-18.37192803,4,0
14134,MK-4541,VINORELBINE,MSTO,-31.26805768,4,0
14136,MK-4541,VINORELBINE,NCIH2122,-19.48779066,4,0
14137,MK-4541,VINORELBINE,NCIH23,-10.07199231,4,0
14141,MK-4541,VINORELBINE,OV90,23.6914835,4,1
14142,MK-4541,VINORELBINE,OVCAR3,-34.51792151,4,0
14143,MK-4541,VINORELBINE,PA1,-16.69382983,4,0
14144,MK-4541,VINORELBINE,RKO,-11.04263592,4,0
14145,MK-4541,VINORELBINE,RPMI7951,-15.3226363,4,0
14150,MK-4541,VINORELBINE,SW837,-15.26961977,4,0
14152,MK-4541,VINORELBINE,UACC62,-16.30389212,4,0
14154,MK-4541,VINORELBINE,UWB1289BRCA1,-12.86138348,4,0
14156,MK-4541,VINORELBINE,ZR751,-29.20033682,4,0
14160,MK-4541,ZOLINZA,A427,-16.52897251,1,0
14161,MK-4541,ZOLINZA,CAOV3,31.67795731,1,1
14162,MK-4541,ZOLINZA,COLO320DM,-87.10151706,1,0
14164,MK-4541,ZOLINZA,EFM192B,34.2437533,1,1
14168,MK-4541,ZOLINZA,HT29,21.73942206,1,1
14170,MK-4541,ZOLINZA,LNCAP,-49.74103375,1,0
14173,MK-4541,ZOLINZA,MSTO,-92.62813758,1,0
14175,MK-4541,ZOLINZA,NCIH2122,22.52459614,1,1
14179,MK-4541,ZOLINZA,OCUBM,-12.25059565,1,0
14181,MK-4541,ZOLINZA,OVCAR3,36.56315737,1,1
14182,MK-4541,ZOLINZA,PA1,21.52740837,1,1
14183,MK-4541,ZOLINZA,RKO,21.8718258,1,1
14187,MK-4541,ZOLINZA,SKOV3,29.71242973,1,1
14189,MK-4541,ZOLINZA,SW837,23.4437746,1,1
14190,MK-4541,ZOLINZA,T47D,28.38441741,1,1
14194,MK-4541,ZOLINZA,VCAP,38.09223417,1,1
14195,MK-4541,ZOLINZA,ZR751,-27.19938225,1,0
14196,MK-4827,ABT-888,A2058,-21.70958503,4,0
14197,MK-4827,ABT-888,A2780,-15.06682657,4,0
14198,MK-4827,ABT-888,A375,-20.25680346,4,0
14200,MK-4827,ABT-888,CAOV3,-44.05137957,4,0
14203,MK-4827,ABT-888,EFM192B,-10.42305878,4,0
14206,MK-4827,ABT-888,HT144,-27.39012608,4,0
14209,MK-4827,ABT-888,LNCAP,-50.21620144,4,0
14210,MK-4827,ABT-888,LOVO,-10.49160317,4,0
14212,MK-4827,ABT-888,MSTO,-10.98094925,4,0
14213,MK-4827,ABT-888,NCIH1650,-15.65087664,4,0
14216,MK-4827,ABT-888,NCIH460,-13.33376737,4,0
14228,MK-4827,ABT-888,SW837,-60.44111464,4,0
14230,MK-4827,ABT-888,UACC62,-14.40390946,4,0
14234,MK-4827,ABT-888,ZR751,-18.81288319,4,0
14237,MK-4827,BEZ-235,A375,45.06314429,0,1
14245,MK-4827,BEZ-235,HT144,22.51423297,0,1
14248,MK-4827,BEZ-235,LNCAP,67.3045457,0,1
14250,MK-4827,BEZ-235,MDAMB436,22.99900699,0,1
14255,MK-4827,BEZ-235,NCIH460,31.66413676,0,1
14263,MK-4827,BEZ-235,SKMEL30,25.03969819,0,1
14268,MK-4827,BEZ-235,T47D,110.1087282,0,1
14271,MK-4827,BEZ-235,UWB1289BRCA1,22.85358731,0,1
14272,MK-4827,BEZ-235,VCAP,21.14351696,0,1
14275,MK-4827,BORTEZOMIB,A2780,-10.3967464,1,0
14276,MK-4827,BORTEZOMIB,A375,-22.39011546,1,0
14278,MK-4827,BORTEZOMIB,CAOV3,-21.75172342,1,0
14279,MK-4827,BORTEZOMIB,COLO320DM,-15.15826099,1,0
14282,MK-4827,BORTEZOMIB,ES2,-19.95916294,1,0
14284,MK-4827,BORTEZOMIB,HT144,-153.9406707,1,0
14285,MK-4827,BORTEZOMIB,HT29,-17.70952785,1,0
14287,MK-4827,BORTEZOMIB,LNCAP,-151.2309129,1,0
14290,MK-4827,BORTEZOMIB,MSTO,36.17946125,1,1
14291,MK-4827,BORTEZOMIB,NCIH1650,-20.68081601,1,0
14292,MK-4827,BORTEZOMIB,NCIH2122,21.45523131,1,1
14295,MK-4827,BORTEZOMIB,NCIH520,-32.43348826,1,0
14299,MK-4827,BORTEZOMIB,PA1,-13.10386888,1,0
14301,MK-4827,BORTEZOMIB,RPMI7951,-12.09441404,1,0
14303,MK-4827,BORTEZOMIB,SKMES1,-13.01422677,1,0
14306,MK-4827,BORTEZOMIB,SW837,-154.4375722,1,0
14307,MK-4827,BORTEZOMIB,T47D,-11.2295534,1,0
14314,MK-4827,DASATINIB,A2780,65.13695999,2,1
14315,MK-4827,DASATINIB,A375,31.83880147,2,1
14316,MK-4827,DASATINIB,A427,20.33774842,2,1
14320,MK-4827,DASATINIB,EFM192B,33.78313972,2,1
14323,MK-4827,DASATINIB,HT144,-38.13791476,2,0
14324,MK-4827,DASATINIB,HT29,26.43307598,2,1
14326,MK-4827,DASATINIB,LNCAP,23.45734726,2,1
14327,MK-4827,DASATINIB,LOVO,34.29853174,2,1
14328,MK-4827,DASATINIB,MDAMB436,28.89680491,2,1
14329,MK-4827,DASATINIB,MSTO,90.80406156,2,1
14330,MK-4827,DASATINIB,NCIH1650,30.81865626,2,1
14331,MK-4827,DASATINIB,NCIH2122,-48.85307597,2,0
14334,MK-4827,DASATINIB,NCIH520,55.17163732,2,1
14337,MK-4827,DASATINIB,OVCAR3,77.7320836,2,1
14338,MK-4827,DASATINIB,PA1,26.55782836,2,1
14339,MK-4827,DASATINIB,RKO,23.7353556,2,1
14341,MK-4827,DASATINIB,SKMEL30,-23.27005194,2,0
14344,MK-4827,DASATINIB,SW620,37.05633783,2,1
14346,MK-4827,DASATINIB,T47D,-15.38395731,2,0
14350,MK-4827,DASATINIB,VCAP,29.84276493,2,1
14351,MK-4827,DASATINIB,ZR751,27.37080776,2,1
14354,MK-4827,DINACICLIB,A375,-12.75710589,0,0
14357,MK-4827,DINACICLIB,COLO320DM,-15.08825334,0,0
14359,MK-4827,DINACICLIB,EFM192B,-13.26642816,0,0
14360,MK-4827,DINACICLIB,ES2,-18.76921564,0,0
14366,MK-4827,DINACICLIB,LOVO,-12.53597676,0,0
14371,MK-4827,DINACICLIB,NCIH23,-12.95214228,0,0
14373,MK-4827,DINACICLIB,NCIH520,-11.57183416,0,0
14375,MK-4827,DINACICLIB,OV90,-19.65876003,0,0
14384,MK-4827,DINACICLIB,SW837,-18.83432402,0,0
14385,MK-4827,DINACICLIB,T47D,-28.79779446,0,0
14403,MK-4827,ERLOTINIB,KPL1,23.50045577,4,1
14404,MK-4827,ERLOTINIB,LNCAP,-15.22697238,4,0
14407,MK-4827,ERLOTINIB,MSTO,33.17163046,4,1
14409,MK-4827,ERLOTINIB,NCIH2122,20.40126925,4,1
14413,MK-4827,ERLOTINIB,OCUBM,36.37939891,4,1
14414,MK-4827,ERLOTINIB,OV90,-10.55693101,4,0
14415,MK-4827,ERLOTINIB,OVCAR3,20.99783021,4,1
14423,MK-4827,ERLOTINIB,SW837,25.48342696,4,1
14427,MK-4827,ERLOTINIB,UWB1289BRCA1,22.83359428,4,1
14429,MK-4827,ERLOTINIB,ZR751,26.61921541,4,1
14430,MK-4827,GELDANAMYCIN,A2058,33.02572565,3,1
14432,MK-4827,GELDANAMYCIN,A375,-23.72864256,3,0
14434,MK-4827,GELDANAMYCIN,CAOV3,-11.24477168,3,0
14440,MK-4827,GELDANAMYCIN,HT144,-192.3795413,3,0
14443,MK-4827,GELDANAMYCIN,LNCAP,-146.8610115,3,0
14444,MK-4827,GELDANAMYCIN,LOVO,-17.26781172,3,0
14449,MK-4827,GELDANAMYCIN,NCIH23,-14.19073386,3,0
14452,MK-4827,GELDANAMYCIN,OCUBM,24.52754237,3,1
14454,MK-4827,GELDANAMYCIN,OVCAR3,57.85094584,3,1
14462,MK-4827,GELDANAMYCIN,SW837,-159.2956556,3,0
14463,MK-4827,GELDANAMYCIN,T47D,-21.71288315,3,0
14464,MK-4827,GELDANAMYCIN,UACC62,-15.75738636,3,0
14468,MK-4827,GELDANAMYCIN,ZR751,-11.93602233,3,0
14469,MK-4827,MK-2206,A2058,49.61826057,1,1
14470,MK-4827,MK-2206,A2780,29.63735753,1,1
14471,MK-4827,MK-2206,A375,24.40509687,1,1
14472,MK-4827,MK-2206,A427,27.48962474,1,1
14474,MK-4827,MK-2206,COLO320DM,20.03478038,1,1
14480,MK-4827,MK-2206,HT29,24.44986167,1,1
14481,MK-4827,MK-2206,KPL1,45.91860721,1,1
14487,MK-4827,MK-2206,NCIH2122,58.42670092,1,1
14489,MK-4827,MK-2206,NCIH460,34.08631299,1,1
14491,MK-4827,MK-2206,OCUBM,34.60286701,1,1
14494,MK-4827,MK-2206,PA1,70.6119109,1,1
14495,MK-4827,MK-2206,RKO,69.39351261,1,1
14498,MK-4827,MK-2206,SKMES1,28.64125665,1,1
14500,MK-4827,MK-2206,SW620,36.54412001,1,1
14501,MK-4827,MK-2206,SW837,33.26789276,1,1
14504,MK-4827,MK-2206,UWB1289,26.79585518,1,1
14506,MK-4827,MK-2206,VCAP,23.96500405,1,1
14507,MK-4827,MK-2206,ZR751,22.46510209,1,1
14509,MK-4827,MK-8669,A2780,21.78450235,2,1
14510,MK-4827,MK-8669,A375,43.98027013,2,1
14511,MK-4827,MK-8669,A427,33.2012221,2,1
14515,MK-4827,MK-8669,EFM192B,57.06478373,2,1
14519,MK-4827,MK-8669,HT29,31.83647965,2,1
14520,MK-4827,MK-8669,KPL1,34.34160551,2,1
14522,MK-4827,MK-8669,LOVO,22.08557507,2,1
14525,MK-4827,MK-8669,NCIH1650,22.68902782,2,1
14526,MK-4827,MK-8669,NCIH2122,28.82946825,2,1
14530,MK-4827,MK-8669,OCUBM,32.87484824,2,1
14532,MK-4827,MK-8669,OVCAR3,47.26739906,2,1
14534,MK-4827,MK-8669,RKO,33.37876583,2,1
14536,MK-4827,MK-8669,SKMEL30,23.87634707,2,1
14537,MK-4827,MK-8669,SKMES1,20.55776165,2,1
14538,MK-4827,MK-8669,SKOV3,22.84941187,2,1
14539,MK-4827,MK-8669,SW620,24.03651114,2,1
14541,MK-4827,MK-8669,T47D,34.45598785,2,1
14543,MK-4827,MK-8669,UWB1289,27.95795792,2,1
14544,MK-4827,MK-8669,UWB1289BRCA1,-11.84156204,2,0
14545,MK-4827,MK-8669,VCAP,34.69813515,2,1
14546,MK-4827,MK-8669,ZR751,25.74404286,2,1
14547,MK-4827,MK-8776,A2058,59.71957345,1,1
14548,MK-4827,MK-8776,A2780,21.63069464,1,1
14549,MK-4827,MK-8776,A375,33.35963122,1,1
14551,MK-4827,MK-8776,CAOV3,27.147932,1,1
14555,MK-4827,MK-8776,ES2,-36.85975688,1,0
14557,MK-4827,MK-8776,HT144,21.76635089,1,1
14560,MK-4827,MK-8776,LNCAP,-12.09874647,1,0
14561,MK-4827,MK-8776,LOVO,-10.47546151,1,0
14562,MK-4827,MK-8776,MDAMB436,25.65777401,1,1
14565,MK-4827,MK-8776,NCIH2122,-13.43811325,1,0
14569,MK-4827,MK-8776,OCUBM,58.41661815,1,1
14571,MK-4827,MK-8776,OVCAR3,61.02779635,1,1
14575,MK-4827,MK-8776,SKMEL30,23.4368935,1,1
14579,MK-4827,MK-8776,SW837,-11.45302592,1,0
14580,MK-4827,MK-8776,T47D,-14.81381286,1,0
14582,MK-4827,MK-8776,UWB1289,-14.42853377,1,0
14583,MK-4827,MK-8776,UWB1289BRCA1,-30.14515,1,0
14588,MK-4827,OXALIPLATIN,A375,-13.12403416,0,0
14589,MK-4827,OXALIPLATIN,A427,-12.08454218,0,0
14590,MK-4827,OXALIPLATIN,CAOV3,-10.69339306,0,0
14594,MK-4827,OXALIPLATIN,ES2,-11.94318529,0,0
14596,MK-4827,OXALIPLATIN,HT144,-12.90403791,0,0
14600,MK-4827,OXALIPLATIN,LOVO,-17.71637215,0,0
14605,MK-4827,OXALIPLATIN,NCIH23,-15.55740914,0,0
14606,MK-4827,OXALIPLATIN,NCIH460,-14.30528425,0,0
14609,MK-4827,OXALIPLATIN,OV90,-24.31968963,0,0
14611,MK-4827,OXALIPLATIN,PA1,-15.34818908,0,0
14613,MK-4827,OXALIPLATIN,RPMI7951,-26.16793285,0,0
14620,MK-4827,OXALIPLATIN,UACC62,-22.61040291,0,0
14626,MK-4827,PD325901,A2780,34.58357927,3,1
14628,MK-4827,PD325901,A427,-10.84520718,3,0
14638,MK-4827,PD325901,LNCAP,-17.88288846,3,0
14640,MK-4827,PD325901,MDAMB436,21.41106634,3,1
14642,MK-4827,PD325901,NCIH1650,-10.39191062,3,0
14647,MK-4827,PD325901,OCUBM,26.95773182,3,1
14649,MK-4827,PD325901,OVCAR3,39.79809095,3,1
14654,MK-4827,PD325901,SKMES1,-18.76747563,3,0
14659,MK-4827,PD325901,UACC62,-14.9478733,3,0
14660,MK-4827,PD325901,UWB1289,25.9373567,3,1
14661,MK-4827,PD325901,UWB1289BRCA1,20.56925364,3,1
14662,MK-4827,PD325901,VCAP,23.94091103,3,1
14664,MK-4827,SN-38,A2058,20.63773683,2,1
14665,MK-4827,SN-38,A2780,31.23605097,2,1
14666,MK-4827,SN-38,A375,35.20710076,2,1
14668,MK-4827,SN-38,CAOV3,31.02639735,2,1
14671,MK-4827,SN-38,EFM192B,23.98099537,2,1
14672,MK-4827,SN-38,ES2,22.55915822,2,1
14673,MK-4827,SN-38,HCT116,30.37177161,2,1
14679,MK-4827,SN-38,MDAMB436,20.44834523,2,1
14680,MK-4827,SN-38,MSTO,41.07253268,2,1
14684,MK-4827,SN-38,NCIH460,28.45804204,2,1
14686,MK-4827,SN-38,OCUBM,44.14619294,2,1
14689,MK-4827,SN-38,PA1,24.18256767,2,1
14690,MK-4827,SN-38,RKO,35.86583895,2,1
14691,MK-4827,SN-38,RPMI7951,32.00144019,2,1
14692,MK-4827,SN-38,SKMEL30,24.89226833,2,1
14693,MK-4827,SN-38,SKMES1,32.24493211,2,1
14694,MK-4827,SN-38,SKOV3,33.695974,2,1
14695,MK-4827,SN-38,SW620,22.29256226,2,1
14697,MK-4827,SN-38,T47D,20.50477411,2,1
14698,MK-4827,SN-38,UACC62,35.62825131,2,1
14700,MK-4827,SN-38,UWB1289BRCA1,31.64708677,2,1
14701,MK-4827,SN-38,VCAP,38.2374649,2,1
14702,MK-4827,SN-38,ZR751,27.02525838,2,1
14703,MK-4827,SORAFENIB,A2058,-11.72755988,3,0
14707,MK-4827,SORAFENIB,CAOV3,-16.76167867,3,0
14716,MK-4827,SORAFENIB,LNCAP,-10.90478102,3,0
14741,MK-4827,SORAFENIB,ZR751,-20.49732089,3,0
14749,MK-4827,TOPOTECAN,EFM192B,32.71577214,4,1
14751,MK-4827,TOPOTECAN,HCT116,30.38325699,4,1
14758,MK-4827,TOPOTECAN,MSTO,32.98579469,4,1
14759,MK-4827,TOPOTECAN,NCIH1650,32.85264182,4,1
14764,MK-4827,TOPOTECAN,OCUBM,-16.15766336,4,0
14766,MK-4827,TOPOTECAN,OVCAR3,-21.4269635,4,0
14768,MK-4827,TOPOTECAN,RKO,30.62674777,4,1
14771,MK-4827,TOPOTECAN,SKMES1,50.41670258,4,1
14772,MK-4827,TOPOTECAN,SKOV3,33.75560629,4,1
14775,MK-4827,TOPOTECAN,T47D,-15.72579511,4,0
14778,MK-4827,TOPOTECAN,UWB1289BRCA1,24.41855373,4,1
14779,MK-4827,TOPOTECAN,VCAP,36.83249416,4,1
14786,MK-5108,ABT-888,COLO320DM,-15.21999459,1,0
14788,MK-5108,ABT-888,EFM192B,24.50429351,1,1
14794,MK-5108,ABT-888,LNCAP,-51.68081715,1,0
14803,MK-5108,ABT-888,OCUBM,21.15553929,1,1
14807,MK-5108,ABT-888,RKO,32.22192775,1,1
14815,MK-5108,ABT-888,UACC62,21.40714705,1,1
14819,MK-5108,ABT-888,ZR751,-13.82285845,1,0
14825,MK-5108,BEZ-235,COLO320DM,-73.16320052,1,0
14829,MK-5108,BEZ-235,HCT116,29.70547002,1,1
14831,MK-5108,BEZ-235,HT29,25.98375503,1,1
14832,MK-5108,BEZ-235,KPL1,23.39201274,1,1
14833,MK-5108,BEZ-235,LNCAP,-60.32380102,1,0
14834,MK-5108,BEZ-235,LOVO,22.5055494,1,1
14835,MK-5108,BEZ-235,MDAMB436,24.63031407,1,1
14845,MK-5108,BEZ-235,PA1,20.52307566,1,1
14848,MK-5108,BEZ-235,SKMEL30,27.04581675,1,1
14852,MK-5108,BEZ-235,SW837,28.49512573,1,1
14853,MK-5108,BEZ-235,T47D,114.567378,1,1
14854,MK-5108,BEZ-235,UACC62,21.26410648,1,1
14856,MK-5108,BEZ-235,UWB1289BRCA1,25.3379816,1,1
14860,MK-5108,BORTEZOMIB,A2780,-12.50471573,2,0
14863,MK-5108,BORTEZOMIB,CAOV3,-22.20998765,2,0
14864,MK-5108,BORTEZOMIB,COLO320DM,-104.1310132,2,0
14866,MK-5108,BORTEZOMIB,EFM192B,-15.12835407,2,0
14869,MK-5108,BORTEZOMIB,HT144,-18.6569206,2,0
14870,MK-5108,BORTEZOMIB,HT29,-11.64902318,2,0
14872,MK-5108,BORTEZOMIB,LNCAP,-169.1358709,2,0
14875,MK-5108,BORTEZOMIB,MSTO,64.70115627,2,1
14876,MK-5108,BORTEZOMIB,NCIH1650,-16.54932006,2,0
14877,MK-5108,BORTEZOMIB,NCIH2122,-27.80835809,2,0
14879,MK-5108,BORTEZOMIB,NCIH460,-29.3281424,2,0
14880,MK-5108,BORTEZOMIB,NCIH520,-28.45266802,2,0
14881,MK-5108,BORTEZOMIB,OCUBM,-10.57406826,2,0
14883,MK-5108,BORTEZOMIB,OVCAR3,-16.12694769,2,0
14884,MK-5108,BORTEZOMIB,PA1,-11.06747412,2,0
14888,MK-5108,BORTEZOMIB,SKMES1,-21.71603783,2,0
14893,MK-5108,BORTEZOMIB,UACC62,-16.92233875,2,0
14894,MK-5108,BORTEZOMIB,UWB1289,-20.50429329,2,0
14896,MK-5108,BORTEZOMIB,VCAP,-12.77397782,2,0
14897,MK-5108,BORTEZOMIB,ZR751,-28.80172155,2,0
14898,MK-5108,DASATINIB,A2058,31.7288986,1,1
14899,MK-5108,DASATINIB,A2780,62.05053129,1,1
14901,MK-5108,DASATINIB,A427,43.50856947,1,1
14905,MK-5108,DASATINIB,EFM192B,33.39502363,1,1
14907,MK-5108,DASATINIB,HCT116,20.97294145,1,1
14908,MK-5108,DASATINIB,HT144,-34.64473664,1,0
14909,MK-5108,DASATINIB,HT29,23.68657819,1,1
14912,MK-5108,DASATINIB,LOVO,42.36548126,1,1
14914,MK-5108,DASATINIB,MSTO,90.51750612,1,1
14915,MK-5108,DASATINIB,NCIH1650,30.63154386,1,1
14916,MK-5108,DASATINIB,NCIH2122,-63.79162144,1,0
14919,MK-5108,DASATINIB,NCIH520,40.76851974,1,1
14922,MK-5108,DASATINIB,OVCAR3,55.8942825,1,1
14923,MK-5108,DASATINIB,PA1,46.31769395,1,1
14926,MK-5108,DASATINIB,SKMEL30,-12.24510781,1,0
14929,MK-5108,DASATINIB,SW620,24.55421762,1,1
14932,MK-5108,DASATINIB,UACC62,25.70363031,1,1
14934,MK-5108,DASATINIB,UWB1289BRCA1,20.45288598,1,1
14935,MK-5108,DASATINIB,VCAP,27.95203801,1,1
14941,MK-5108,DINACICLIB,CAOV3,-11.4823232,3,0
14942,MK-5108,DINACICLIB,COLO320DM,-66.68723585,3,0
14950,MK-5108,DINACICLIB,LNCAP,-87.07463478,3,0
14955,MK-5108,DINACICLIB,NCIH2122,-13.31410733,3,0
14958,MK-5108,DINACICLIB,NCIH520,-18.26637956,3,0
14966,MK-5108,DINACICLIB,SKMES1,-14.07871494,3,0
14970,MK-5108,DINACICLIB,T47D,-12.40801934,3,0
14974,MK-5108,DINACICLIB,VCAP,-21.43257341,3,0
14975,MK-5108,DINACICLIB,ZR751,-17.72158876,3,0
14981,MK-5108,ERLOTINIB,COLO320DM,30.57012508,1,1
14989,MK-5108,ERLOTINIB,LNCAP,-12.05321803,1,0
14990,MK-5108,ERLOTINIB,LOVO,24.63964295,1,1
14992,MK-5108,ERLOTINIB,MSTO,36.21998274,1,1
15008,MK-5108,ERLOTINIB,SW837,25.84136336,1,1
15009,MK-5108,ERLOTINIB,T47D,37.66636466,1,1
15010,MK-5108,ERLOTINIB,UACC62,31.40755313,1,1
15011,MK-5108,ERLOTINIB,UWB1289,36.56554166,1,1
15013,MK-5108,ERLOTINIB,VCAP,25.87509492,1,1
15014,MK-5108,ERLOTINIB,ZR751,28.68567442,1,1
15015,MK-5108,GELDANAMYCIN,A2058,-11.07479595,1,0
15019,MK-5108,GELDANAMYCIN,CAOV3,-15.45702269,1,0
15020,MK-5108,GELDANAMYCIN,COLO320DM,-28.57377706,1,0
15028,MK-5108,GELDANAMYCIN,LNCAP,-126.1315601,1,0
15033,MK-5108,GELDANAMYCIN,NCIH2122,-16.17185397,1,0
15041,MK-5108,GELDANAMYCIN,RKO,20.34957302,1,1
15048,MK-5108,GELDANAMYCIN,T47D,44.78143317,1,1
15053,MK-5108,GELDANAMYCIN,ZR751,-23.11928787,1,0
15055,MK-5108,MK-2206,A2780,22.87288173,3,1
15058,MK-5108,MK-2206,CAOV3,39.86931558,3,1
15066,MK-5108,MK-2206,KPL1,38.0653465,3,1
15070,MK-5108,MK-2206,MSTO,65.69614413,3,1
15079,MK-5108,MK-2206,PA1,31.53017113,3,1
15084,MK-5108,MK-2206,SKOV3,20.03864114,3,1
15087,MK-5108,MK-2206,T47D,-10.81630074,3,0
15090,MK-5108,MK-2206,UWB1289BRCA1,25.8552802,3,1
15092,MK-5108,MK-2206,ZR751,21.8990748,3,1
15093,MK-5108,MK-4827,A2058,29.71889812,3,1
15097,MK-5108,MK-4827,CAOV3,-16.44230102,3,0
15104,MK-5108,MK-4827,HT29,20.01385848,3,1
15106,MK-5108,MK-4827,LNCAP,-22.64114223,3,0
15108,MK-5108,MK-4827,MDAMB436,20.27148875,3,1
15111,MK-5108,MK-4827,NCIH2122,26.35883469,3,1
15114,MK-5108,MK-4827,NCIH520,-12.60974674,3,0
15115,MK-5108,MK-4827,OCUBM,22.18045597,3,1
15117,MK-5108,MK-4827,OVCAR3,32.85388999,3,1
15118,MK-5108,MK-4827,PA1,20.35232964,3,1
15119,MK-5108,MK-4827,RKO,48.30471226,3,1
15124,MK-5108,MK-4827,SW620,21.13464294,3,1
15133,MK-5108,MK-8669,A2780,49.68135611,3,1
15134,MK-5108,MK-8669,A375,24.16971411,3,1
15135,MK-5108,MK-8669,A427,20.57500865,3,1
15136,MK-5108,MK-8669,CAOV3,35.00406323,3,1
15139,MK-5108,MK-8669,EFM192B,25.98349317,3,1
15144,MK-5108,MK-8669,KPL1,28.98951479,3,1
15148,MK-5108,MK-8669,MSTO,26.77965278,3,1
15149,MK-5108,MK-8669,NCIH1650,23.75960104,3,1
15152,MK-5108,MK-8669,NCIH460,-10.61530885,3,0
15159,MK-5108,MK-8669,RPMI7951,25.76183713,3,1
15160,MK-5108,MK-8669,SKMEL30,29.02456041,3,1
15162,MK-5108,MK-8669,SKOV3,28.44464402,3,1
15164,MK-5108,MK-8669,SW837,27.76140018,3,1
15165,MK-5108,MK-8669,T47D,35.58025624,3,1
15166,MK-5108,MK-8669,UACC62,24.36393983,3,1
15168,MK-5108,MK-8669,UWB1289BRCA1,31.88031589,3,1
15169,MK-5108,MK-8669,VCAP,20.43438876,3,1
15176,MK-5108,MK-8776,COLO320DM,-48.36407554,0,0
15184,MK-5108,MK-8776,LNCAP,-84.97298671,0,0
15187,MK-5108,MK-8776,MSTO,-17.04799999,0,0
15189,MK-5108,MK-8776,NCIH2122,-17.11363575,0,0
15191,MK-5108,MK-8776,NCIH460,-10.55445105,0,0
15192,MK-5108,MK-8776,NCIH520,-12.58569527,0,0
15199,MK-5108,MK-8776,SKMEL30,26.77067277,0,1
15201,MK-5108,MK-8776,SKOV3,20.12986518,0,1
15210,MK-5108,OXALIPLATIN,A2058,-16.79960639,3,0
15214,MK-5108,OXALIPLATIN,CAOV3,-13.65555614,3,0
15217,MK-5108,OXALIPLATIN,EFM192B,-13.54650855,3,0
15224,MK-5108,OXALIPLATIN,LOVO,-11.86178847,3,0
15230,MK-5108,OXALIPLATIN,NCIH460,-19.66714605,3,0
15233,MK-5108,OXALIPLATIN,OV90,-10.79795276,3,0
15237,MK-5108,OXALIPLATIN,RPMI7951,-12.3428234,3,0
15244,MK-5108,OXALIPLATIN,UACC62,-10.33835301,3,0
15248,MK-5108,OXALIPLATIN,ZR751,-19.66520543,3,0
15250,MK-5108,PD325901,A2780,24.75633648,2,1
15254,MK-5108,PD325901,COLO320DM,-31.41992687,2,0
15258,MK-5108,PD325901,HCT116,40.87877443,2,1
15262,MK-5108,PD325901,LNCAP,-86.71063539,2,0
15267,MK-5108,PD325901,NCIH2122,-10.1646911,2,0
15268,MK-5108,PD325901,NCIH23,21.12881206,2,1
15270,MK-5108,PD325901,NCIH520,-10.06844079,2,0
15279,MK-5108,PD325901,SKOV3,22.39965088,2,1
15282,MK-5108,PD325901,T47D,25.57999248,2,1
15284,MK-5108,PD325901,UWB1289,27.36785006,2,1
15287,MK-5108,PD325901,ZR751,-18.51008646,2,0
15292,MK-5108,SN-38,CAOV3,-20.33650068,1,0
15295,MK-5108,SN-38,EFM192B,-34.45197815,1,0
15301,MK-5108,SN-38,LNCAP,-13.02700325,1,0
15306,MK-5108,SN-38,NCIH2122,-115.0417586,1,0
15308,MK-5108,SN-38,NCIH460,-11.70061119,1,0
15309,MK-5108,SN-38,NCIH520,-17.89989057,1,0
15323,MK-5108,SN-38,UWB1289,41.61482157,1,1
15331,MK-5108,SORAFENIB,CAOV3,-16.3547382,1,0
15345,MK-5108,SORAFENIB,NCIH2122,-10.33994055,1,0
15351,MK-5108,SORAFENIB,OVCAR3,-16.1880788,1,0
15369,MK-5108,TOPOTECAN,A427,-18.63846458,3,0
15374,MK-5108,TOPOTECAN,ES2,25.58294626,3,1
15375,MK-5108,TOPOTECAN,HCT116,23.69062079,3,1
15379,MK-5108,TOPOTECAN,LNCAP,-125.2246186,3,0
15382,MK-5108,TOPOTECAN,MSTO,24.29142696,3,1
15384,MK-5108,TOPOTECAN,NCIH2122,-12.8758394,3,0
15386,MK-5108,TOPOTECAN,NCIH460,-11.42581725,3,0
15388,MK-5108,TOPOTECAN,OCUBM,-26.28730551,3,0
15390,MK-5108,TOPOTECAN,OVCAR3,-12.16072848,3,0
15392,MK-5108,TOPOTECAN,RKO,23.45529874,3,1
15396,MK-5108,TOPOTECAN,SKOV3,25.62696461,3,1
15405,MK-8669,BEZ-235,A2058,86.59857058,3,1
15406,MK-8669,BEZ-235,A2780,72.08907467,3,1
15407,MK-8669,BEZ-235,A375,69.91835046,3,1
15408,MK-8669,BEZ-235,A427,60.80700067,3,1
15409,MK-8669,BEZ-235,CAOV3,75.9558035,3,1
15410,MK-8669,BEZ-235,COLO320DM,53.06067388,3,1
15411,MK-8669,BEZ-235,DLD1,61.94896316,3,1
15412,MK-8669,BEZ-235,EFM192B,88.17896877,3,1
15413,MK-8669,BEZ-235,ES2,84.57574208,3,1
15414,MK-8669,BEZ-235,HCT116,40.8803063,3,1
15415,MK-8669,BEZ-235,HT144,93.01822106,3,1
15416,MK-8669,BEZ-235,HT29,52.84762555,3,1
15417,MK-8669,BEZ-235,KPL1,65.72843906,3,1
15418,MK-8669,BEZ-235,LNCAP,139.6131195,3,1
15419,MK-8669,BEZ-235,LOVO,56.87485083,3,1
15420,MK-8669,BEZ-235,MDAMB436,37.14062847,3,1
15421,MK-8669,BEZ-235,MSTO,155.2523888,3,1
15422,MK-8669,BEZ-235,NCIH1650,80.70328515,3,1
15423,MK-8669,BEZ-235,NCIH2122,107.4570426,3,1
15424,MK-8669,BEZ-235,NCIH23,64.79024972,3,1
15425,MK-8669,BEZ-235,NCIH460,75.05127147,3,1
15426,MK-8669,BEZ-235,NCIH520,77.37379228,3,1
15427,MK-8669,BEZ-235,OCUBM,55.23233902,3,1
15428,MK-8669,BEZ-235,OV90,63.57179273,3,1
15429,MK-8669,BEZ-235,OVCAR3,84.29086577,3,1
15430,MK-8669,BEZ-235,PA1,94.7031534,3,1
15431,MK-8669,BEZ-235,RKO,44.35690404,3,1
15432,MK-8669,BEZ-235,RPMI7951,75.29882288,3,1
15433,MK-8669,BEZ-235,SKMEL30,121.0564092,3,1
15434,MK-8669,BEZ-235,SKMES1,90.84458241,3,1
15435,MK-8669,BEZ-235,SKOV3,67.99989156,3,1
15436,MK-8669,BEZ-235,SW620,82.79496881,3,1
15437,MK-8669,BEZ-235,SW837,101.5509715,3,1
15438,MK-8669,BEZ-235,T47D,179.1233246,3,1
15439,MK-8669,BEZ-235,UACC62,102.4787821,3,1
15440,MK-8669,BEZ-235,UWB1289,80.78180204,3,1
15441,MK-8669,BEZ-235,UWB1289BRCA1,96.81602635,3,1
15442,MK-8669,BEZ-235,VCAP,88.20447518,3,1
15443,MK-8669,BEZ-235,ZR751,63.90878282,3,1
15445,MK-8669,DINACICLIB,A2780,31.92794058,3,1
15451,MK-8669,DINACICLIB,EFM192B,21.94667618,3,1
15456,MK-8669,DINACICLIB,KPL1,21.62429127,3,1
15457,MK-8669,DINACICLIB,LNCAP,33.37503452,3,1
15461,MK-8669,DINACICLIB,NCIH1650,23.35658885,3,1
15470,MK-8669,DINACICLIB,RKO,26.28722054,3,1
15471,MK-8669,DINACICLIB,RPMI7951,23.62393784,3,1
15477,MK-8669,DINACICLIB,T47D,22.72587666,3,1
15481,MK-8669,DINACICLIB,VCAP,25.02618436,3,1
15483,MK-8669,GELDANAMYCIN,A2058,20.58591637,4,1
15486,MK-8669,GELDANAMYCIN,A427,23.35177525,4,1
15490,MK-8669,GELDANAMYCIN,EFM192B,37.52360622,4,1
15491,MK-8669,GELDANAMYCIN,ES2,21.90875084,4,1
15493,MK-8669,GELDANAMYCIN,HT144,25.17810212,4,1
15495,MK-8669,GELDANAMYCIN,KPL1,40.09982029,4,1
15496,MK-8669,GELDANAMYCIN,LNCAP,46.33929327,4,1
15498,MK-8669,GELDANAMYCIN,MDAMB436,20.40545613,4,1
15499,MK-8669,GELDANAMYCIN,MSTO,58.24143384,4,1
15509,MK-8669,GELDANAMYCIN,RKO,22.96534037,4,1
15511,MK-8669,GELDANAMYCIN,SKMEL30,42.51383953,4,1
15512,MK-8669,GELDANAMYCIN,SKMES1,25.78864224,4,1
15516,MK-8669,GELDANAMYCIN,T47D,31.55305418,4,1
15517,MK-8669,GELDANAMYCIN,UACC62,21.51346876,4,1
15518,MK-8669,GELDANAMYCIN,UWB1289,-14.25676924,4,0
15519,MK-8669,GELDANAMYCIN,UWB1289BRCA1,-14.67658687,4,0
15522,MK-8669,MK-8776,A2058,61.78624825,2,1
15523,MK-8669,MK-8776,A2780,52.98183075,2,1
15524,MK-8669,MK-8776,A375,60.06891772,2,1
15525,MK-8669,MK-8776,A427,31.27105198,2,1
15526,MK-8669,MK-8776,CAOV3,59.7006634,2,1
15529,MK-8669,MK-8776,EFM192B,30.0619252,2,1
15530,MK-8669,MK-8776,ES2,60.15761148,2,1
15532,MK-8669,MK-8776,HT144,42.27239915,2,1
15533,MK-8669,MK-8776,HT29,29.37671336,2,1
15534,MK-8669,MK-8776,KPL1,23.58303656,2,1
15535,MK-8669,MK-8776,LNCAP,21.16285299,2,1
15537,MK-8669,MK-8776,MDAMB436,31.09414288,2,1
15538,MK-8669,MK-8776,MSTO,28.57924493,2,1
15539,MK-8669,MK-8776,NCIH1650,27.40191109,2,1
15541,MK-8669,MK-8776,NCIH23,28.35880461,2,1
15544,MK-8669,MK-8776,OCUBM,32.44628847,2,1
15545,MK-8669,MK-8776,OV90,20.71815063,2,1
15546,MK-8669,MK-8776,OVCAR3,37.93570102,2,1
15548,MK-8669,MK-8776,RKO,59.98909867,2,1
15549,MK-8669,MK-8776,RPMI7951,20.5268354,2,1
15550,MK-8669,MK-8776,SKMEL30,57.25773487,2,1
15552,MK-8669,MK-8776,SKOV3,62.78158881,2,1
15555,MK-8669,MK-8776,T47D,29.89624814,2,1
15556,MK-8669,MK-8776,UACC62,33.02638245,2,1
15565,MK-8669,OXALIPLATIN,CAOV3,-12.98368173,1,0
15575,MK-8669,OXALIPLATIN,LOVO,-12.62806223,1,0
15580,MK-8669,OXALIPLATIN,NCIH23,-22.07445918,1,0
15581,MK-8669,OXALIPLATIN,NCIH460,-22.52064028,1,0
15583,MK-8669,OXALIPLATIN,OCUBM,24.26308589,1,1
15586,MK-8669,OXALIPLATIN,PA1,-16.74006526,1,0
15594,MK-8669,OXALIPLATIN,T47D,22.10993002,1,1
15602,MK-8669,SN-38,A375,28.43336076,3,1
15607,MK-8669,SN-38,EFM192B,37.90775382,3,1
15610,MK-8669,SN-38,HT144,26.9966235,3,1
15612,MK-8669,SN-38,KPL1,41.01096111,3,1
15616,MK-8669,SN-38,MSTO,41.1560826,3,1
15622,MK-8669,SN-38,OCUBM,21.29295971,3,1
15624,MK-8669,SN-38,OVCAR3,28.68063887,3,1
15627,MK-8669,SN-38,RPMI7951,72.45465002,3,1
15628,MK-8669,SN-38,SKMEL30,25.32226033,3,1
15630,MK-8669,SN-38,SKOV3,21.10863801,3,1
15633,MK-8669,SN-38,T47D,-23.09505806,3,0
15636,MK-8669,SN-38,UWB1289BRCA1,20.06740672,3,1
15637,MK-8669,SN-38,VCAP,28.27510877,3,1
15638,MK-8669,SN-38,ZR751,27.65712714,3,1
15645,MK-8669,SORAFENIB,DLD1,25.9497875,4,1
15648,MK-8669,SORAFENIB,HCT116,20.63511872,4,1
15656,MK-8669,SORAFENIB,NCIH1650,22.15964253,4,1
15658,MK-8669,SORAFENIB,NCIH23,21.48864779,4,1
15659,MK-8669,SORAFENIB,NCIH460,22.70194553,4,1
15667,MK-8669,SORAFENIB,SKMEL30,20.14689841,4,1
15668,MK-8669,SORAFENIB,SKMES1,30.09994807,4,1
15669,MK-8669,SORAFENIB,SKOV3,29.70237208,4,1
15678,MK-8669,TOPOTECAN,A2058,-12.66791778,2,0
15680,MK-8669,TOPOTECAN,A375,27.92125327,2,1
15681,MK-8669,TOPOTECAN,A427,25.65327168,2,1
15688,MK-8669,TOPOTECAN,HT144,33.45451181,2,1
15689,MK-8669,TOPOTECAN,HT29,23.95055575,2,1
15690,MK-8669,TOPOTECAN,KPL1,53.40176866,2,1
15691,MK-8669,TOPOTECAN,LNCAP,-151.6624548,2,0
15694,MK-8669,TOPOTECAN,MSTO,29.45834731,2,1
15695,MK-8669,TOPOTECAN,NCIH1650,26.44532958,2,1
15699,MK-8669,TOPOTECAN,NCIH520,23.89003247,2,1
15703,MK-8669,TOPOTECAN,PA1,-14.15142293,2,0
15704,MK-8669,TOPOTECAN,RKO,24.56279779,2,1
15706,MK-8669,TOPOTECAN,SKMEL30,31.66894971,2,1
15708,MK-8669,TOPOTECAN,SKOV3,32.90660924,2,1
15714,MK-8669,TOPOTECAN,UWB1289BRCA1,26.95352146,2,1
15715,MK-8669,TOPOTECAN,VCAP,27.35834307,2,1
15716,MK-8669,TOPOTECAN,ZR751,27.5378498,2,1
15733,MRK-003,5-FU,MSTO,-46.93608306,0,0
15735,MRK-003,5-FU,NCIH2122,-11.30174615,0,0
15750,MRK-003,5-FU,T47D,-10.84738769,0,0
15752,MRK-003,5-FU,UWB1289,-10.5857644,0,0
15760,MRK-003,ABT-888,CAOV3,20.83110519,0,1
15764,MRK-003,ABT-888,ES2,-11.81453934,0,0
15768,MRK-003,ABT-888,KPL1,20.1494603,0,1
15780,MRK-003,ABT-888,OVCAR3,22.95245209,0,1
15794,MRK-003,ABT-888,ZR751,-18.40894358,0,0
15802,MRK-003,AZD1775,EFM192B,-11.40533553,4,0
15808,MRK-003,AZD1775,LNCAP,-13.44130693,4,0
15811,MRK-003,AZD1775,MSTO,-14.39393188,4,0
15812,MRK-003,AZD1775,NCIH1650,20.99260592,4,1
15825,MRK-003,AZD1775,SKOV3,21.80255602,4,1
15830,MRK-003,AZD1775,UWB1289,67.96326531,4,1
15834,MRK-003,BEZ-235,A2058,21.56507558,2,1
15835,MRK-003,BEZ-235,A2780,24.6247986,2,1
15836,MRK-003,BEZ-235,A375,34.29024013,2,1
15837,MRK-003,BEZ-235,A427,32.23472051,2,1
15838,MRK-003,BEZ-235,CAOV3,47.31021095,2,1
15839,MRK-003,BEZ-235,COLO320DM,29.9324876,2,1
15842,MRK-003,BEZ-235,ES2,20.53159817,2,1
15844,MRK-003,BEZ-235,HT144,23.38097587,2,1
15845,MRK-003,BEZ-235,HT29,26.10956488,2,1
15847,MRK-003,BEZ-235,LNCAP,78.42964487,2,1
15848,MRK-003,BEZ-235,LOVO,27.91776764,2,1
15849,MRK-003,BEZ-235,MDAMB436,29.43342464,2,1
15851,MRK-003,BEZ-235,NCIH1650,22.5718613,2,1
15852,MRK-003,BEZ-235,NCIH2122,25.78383409,2,1
15855,MRK-003,BEZ-235,NCIH520,27.94910357,2,1
15857,MRK-003,BEZ-235,OV90,22.66092692,2,1
15858,MRK-003,BEZ-235,OVCAR3,41.78390227,2,1
15859,MRK-003,BEZ-235,PA1,41.44326272,2,1
15861,MRK-003,BEZ-235,RPMI7951,32.7321409,2,1
15862,MRK-003,BEZ-235,SKMEL30,25.71338117,2,1
15863,MRK-003,BEZ-235,SKMES1,24.43733695,2,1
15864,MRK-003,BEZ-235,SKOV3,27.0094196,2,1
15865,MRK-003,BEZ-235,SW620,21.03143335,2,1
15866,MRK-003,BEZ-235,SW837,20.90173201,2,1
15867,MRK-003,BEZ-235,T47D,103.2081093,2,1
15868,MRK-003,BEZ-235,UACC62,25.29485648,2,1
15870,MRK-003,BEZ-235,UWB1289BRCA1,22.52545354,2,1
15871,MRK-003,BEZ-235,VCAP,41.99838718,2,1
15874,MRK-003,BORTEZOMIB,A2780,-16.88497689,0,0
15875,MRK-003,BORTEZOMIB,A375,28.45890484,0,1
15884,MRK-003,BORTEZOMIB,HT29,-13.09403784,0,0
15889,MRK-003,BORTEZOMIB,MSTO,70.07591401,0,1
15894,MRK-003,BORTEZOMIB,NCIH520,-20.52460047,0,0
15902,MRK-003,BORTEZOMIB,SKMES1,-11.17998097,0,0
15908,MRK-003,BORTEZOMIB,UWB1289,-27.67612246,0,0
15911,MRK-003,BORTEZOMIB,ZR751,-22.61482513,0,0
15919,MRK-003,CARBOPLATIN,EFM192B,-15.27384368,2,0
15926,MRK-003,CARBOPLATIN,LOVO,-11.09833158,2,0
15928,MRK-003,CARBOPLATIN,MSTO,-18.45202428,2,0
15932,MRK-003,CARBOPLATIN,NCIH460,-14.24193962,2,0
15945,MRK-003,CARBOPLATIN,T47D,-36.19054664,2,0
15947,MRK-003,CARBOPLATIN,UWB1289,-22.91203294,2,0
15950,MRK-003,CARBOPLATIN,ZR751,-10.0253929,2,0
15955,MRK-003,CYCLOPHOSPHAMIDE,CAOV3,30.66667933,4,1
15959,MRK-003,CYCLOPHOSPHAMIDE,ES2,-13.09375107,4,0
15964,MRK-003,CYCLOPHOSPHAMIDE,LNCAP,-24.11665086,4,0
15965,MRK-003,CYCLOPHOSPHAMIDE,LOVO,-10.06942914,4,0
15984,MRK-003,CYCLOPHOSPHAMIDE,T47D,-33.56754882,4,0
15990,MRK-003,DASATINIB,A2058,32.18828097,4,1
15991,MRK-003,DASATINIB,A2780,60.44362188,4,1
15993,MRK-003,DASATINIB,A427,47.88024928,4,1
15996,MRK-003,DASATINIB,DLD1,28.07535971,4,1
15997,MRK-003,DASATINIB,EFM192B,36.85213245,4,1
15999,MRK-003,DASATINIB,HCT116,-12.28766755,4,0
16000,MRK-003,DASATINIB,HT144,-41.84289743,4,0
16001,MRK-003,DASATINIB,HT29,37.46797033,4,1
16002,MRK-003,DASATINIB,KPL1,44.34441779,4,1
16004,MRK-003,DASATINIB,LOVO,44.17722855,4,1
16005,MRK-003,DASATINIB,MDAMB436,25.64256087,4,1
16006,MRK-003,DASATINIB,MSTO,46.45779052,4,1
16007,MRK-003,DASATINIB,NCIH1650,39.38152611,4,1
16008,MRK-003,DASATINIB,NCIH2122,-25.42579406,4,0
16009,MRK-003,DASATINIB,NCIH23,22.55935303,4,1
16011,MRK-003,DASATINIB,NCIH520,58.17696562,4,1
16013,MRK-003,DASATINIB,OV90,24.86301129,4,1
16014,MRK-003,DASATINIB,OVCAR3,79.50156003,4,1
16015,MRK-003,DASATINIB,PA1,37.22303223,4,1
16018,MRK-003,DASATINIB,SKMEL30,-16.4038587,4,0
16019,MRK-003,DASATINIB,SKMES1,39.02816923,4,1
16022,MRK-003,DASATINIB,SW837,31.77808016,4,1
16027,MRK-003,DASATINIB,VCAP,29.37734376,4,1
16033,MRK-003,DEXAMETHASONE,CAOV3,27.95797453,1,1
16037,MRK-003,DEXAMETHASONE,ES2,-19.72496457,1,0
16041,MRK-003,DEXAMETHASONE,KPL1,29.23078095,1,1
16042,MRK-003,DEXAMETHASONE,LNCAP,-21.36099802,1,0
16047,MRK-003,DEXAMETHASONE,NCIH2122,-20.66461599,1,0
16053,MRK-003,DEXAMETHASONE,OVCAR3,29.66324371,1,1
16054,MRK-003,DEXAMETHASONE,PA1,26.59193775,1,1
16056,MRK-003,DEXAMETHASONE,RPMI7951,-19.4869087,1,0
16059,MRK-003,DEXAMETHASONE,SKOV3,20.04236018,1,1
16075,MRK-003,DINACICLIB,EFM192B,-12.6009958,4,0
16077,MRK-003,DINACICLIB,HCT116,-14.82703116,4,0
16080,MRK-003,DINACICLIB,KPL1,-10.91130246,4,0
16084,MRK-003,DINACICLIB,MSTO,-13.13813959,4,0
16088,MRK-003,DINACICLIB,NCIH460,-10.03595636,4,0
16090,MRK-003,DINACICLIB,OCUBM,-12.06527706,4,0
16094,MRK-003,DINACICLIB,RKO,-12.23043416,4,0
16100,MRK-003,DINACICLIB,SW837,-12.4398598,4,0
16101,MRK-003,DINACICLIB,T47D,-28.64086619,4,0
16103,MRK-003,DINACICLIB,UWB1289,-16.6789468,4,0
16106,MRK-003,DINACICLIB,ZR751,-21.16692096,4,0
16114,MRK-003,DOXORUBICIN,EFM192B,-14.94523307,0,0
16116,MRK-003,DOXORUBICIN,HCT116,-14.10937048,0,0
16120,MRK-003,DOXORUBICIN,LNCAP,-17.38201423,0,0
16122,MRK-003,DOXORUBICIN,MDAMB436,-11.8464673,0,0
16123,MRK-003,DOXORUBICIN,MSTO,-30.17628088,0,0
16125,MRK-003,DOXORUBICIN,NCIH2122,-17.00698015,0,0
16130,MRK-003,DOXORUBICIN,OV90,-19.99623629,0,0
16133,MRK-003,DOXORUBICIN,RKO,-10.08227892,0,0
16137,MRK-003,DOXORUBICIN,SKOV3,-21.22172075,0,0
16139,MRK-003,DOXORUBICIN,SW837,-12.61470596,0,0
16142,MRK-003,DOXORUBICIN,UWB1289,-17.30602624,0,0
16150,MRK-003,ERLOTINIB,CAOV3,22.33232939,3,1
16157,MRK-003,ERLOTINIB,HT29,26.50949979,3,1
16158,MRK-003,ERLOTINIB,KPL1,24.37836066,3,1
16159,MRK-003,ERLOTINIB,LNCAP,-18.98522102,3,0
16160,MRK-003,ERLOTINIB,LOVO,22.84912197,3,1
16162,MRK-003,ERLOTINIB,MSTO,-26.99508519,3,0
16163,MRK-003,ERLOTINIB,NCIH1650,22.36001461,3,1
16164,MRK-003,ERLOTINIB,NCIH2122,30.42269649,3,1
16168,MRK-003,ERLOTINIB,OCUBM,25.56607069,3,1
16170,MRK-003,ERLOTINIB,OVCAR3,40.79164805,3,1
16171,MRK-003,ERLOTINIB,PA1,29.81376529,3,1
16174,MRK-003,ERLOTINIB,SKMEL30,23.2532165,3,1
16176,MRK-003,ERLOTINIB,SKOV3,28.89917641,3,1
16178,MRK-003,ERLOTINIB,SW837,28.8064134,3,1
16189,MRK-003,ETOPOSIDE,CAOV3,99.79199539,1,1
16195,MRK-003,ETOPOSIDE,HT144,21.88445585,1,1
16197,MRK-003,ETOPOSIDE,KPL1,24.86223534,1,1
16201,MRK-003,ETOPOSIDE,MSTO,-24.803394,1,0
16204,MRK-003,ETOPOSIDE,NCIH23,-134.2947319,1,0
16213,MRK-003,ETOPOSIDE,SKMEL30,22.72086509,1,1
16217,MRK-003,ETOPOSIDE,SW837,28.34318756,1,1
16220,MRK-003,ETOPOSIDE,UWB1289,-10.32994309,1,0
16225,MRK-003,GELDANAMYCIN,A2780,-12.66660278,3,0
16232,MRK-003,GELDANAMYCIN,ES2,-19.89304695,3,0
16247,MRK-003,GELDANAMYCIN,OV90,-16.93916453,3,0
16250,MRK-003,GELDANAMYCIN,RKO,-26.91209811,3,0
16251,MRK-003,GELDANAMYCIN,RPMI7951,-13.58782852,3,0
16252,MRK-003,GELDANAMYCIN,SKMEL30,-14.61374633,3,0
16255,MRK-003,GELDANAMYCIN,SW620,-15.40972882,3,0
16259,MRK-003,GELDANAMYCIN,UWB1289,-37.0252866,3,0
16260,MRK-003,GELDANAMYCIN,UWB1289BRCA1,-25.35128631,3,0
16262,MRK-003,GELDANAMYCIN,ZR751,-15.71910754,3,0
16265,MRK-003,GEMCITABINE,A375,-16.01027551,4,0
16279,MRK-003,GEMCITABINE,MSTO,-12.82298693,4,0
16289,MRK-003,GEMCITABINE,RKO,-13.20007836,4,0
16292,MRK-003,GEMCITABINE,SKMES1,-18.41925686,4,0
16306,MRK-003,L778123,CAOV3,22.4430409,3,1
16340,MRK-003,L778123,ZR751,-11.57008372,3,0
16341,MRK-003,LAPATINIB,A2058,22.33190785,1,1
16343,MRK-003,LAPATINIB,A375,29.44151815,1,1
16345,MRK-003,LAPATINIB,CAOV3,23.55787853,1,1
16351,MRK-003,LAPATINIB,HT144,20.88250728,1,1
16352,MRK-003,LAPATINIB,HT29,40.66974991,1,1
16354,MRK-003,LAPATINIB,LNCAP,-19.82882102,1,0
16355,MRK-003,LAPATINIB,LOVO,56.24164431,1,1
16358,MRK-003,LAPATINIB,NCIH1650,29.94485074,1,1
16359,MRK-003,LAPATINIB,NCIH2122,30.62610142,1,1
16365,MRK-003,LAPATINIB,OVCAR3,45.88696303,1,1
16366,MRK-003,LAPATINIB,PA1,34.63374587,1,1
16368,MRK-003,LAPATINIB,RPMI7951,32.88576015,1,1
16369,MRK-003,LAPATINIB,SKMEL30,41.94832492,1,1
16370,MRK-003,LAPATINIB,SKMES1,20.68838718,1,1
16371,MRK-003,LAPATINIB,SKOV3,31.23952019,1,1
16373,MRK-003,LAPATINIB,SW837,43.25761808,1,1
16374,MRK-003,LAPATINIB,T47D,22.23133032,1,1
16375,MRK-003,LAPATINIB,UACC62,27.15259096,1,1
16418,MRK-003,METFORMIN,ZR751,-21.81015091,4,0
16419,MRK-003,METHOTREXATE,A2058,-11.78689083,2,0
16428,MRK-003,METHOTREXATE,HCT116,-26.02290232,2,0
16430,MRK-003,METHOTREXATE,HT29,-10.62429454,2,0
16431,MRK-003,METHOTREXATE,KPL1,-10.63755703,2,0
16432,MRK-003,METHOTREXATE,LNCAP,-17.42900874,2,0
16435,MRK-003,METHOTREXATE,MSTO,-10.76062272,2,0
16439,MRK-003,METHOTREXATE,NCIH460,-19.69008055,2,0
16440,MRK-003,METHOTREXATE,NCIH520,-12.52320453,2,0
16443,MRK-003,METHOTREXATE,OVCAR3,-23.98263167,2,0
16444,MRK-003,METHOTREXATE,PA1,-24.27551074,2,0
16445,MRK-003,METHOTREXATE,RKO,-24.15564438,2,0
16447,MRK-003,METHOTREXATE,SKMEL30,-27.71425075,2,0
16457,MRK-003,METHOTREXATE,ZR751,-17.22399904,2,0
16467,MRK-003,MITOMYCINE,HCT116,-12.58149629,1,0
16471,MRK-003,MITOMYCINE,LNCAP,-12.72371469,1,0
16474,MRK-003,MITOMYCINE,MSTO,-14.50481543,1,0
16476,MRK-003,MITOMYCINE,NCIH2122,-24.18387012,1,0
16478,MRK-003,MITOMYCINE,NCIH460,-21.52474653,1,0
16487,MRK-003,MITOMYCINE,SKMES1,-12.56344269,1,0
16493,MRK-003,MITOMYCINE,UWB1289,-23.37720831,1,0
16498,MRK-003,MK-2206,A2780,31.07556128,3,1
16500,MRK-003,MK-2206,A427,28.18474833,3,1
16501,MRK-003,MK-2206,CAOV3,67.16029107,3,1
16502,MRK-003,MK-2206,COLO320DM,27.19646196,3,1
16508,MRK-003,MK-2206,HT29,31.77448288,3,1
16514,MRK-003,MK-2206,NCIH1650,41.67576786,3,1
16515,MRK-003,MK-2206,NCIH2122,21.16487536,3,1
16518,MRK-003,MK-2206,NCIH520,27.50568919,3,1
16520,MRK-003,MK-2206,OV90,23.14345045,3,1
16521,MRK-003,MK-2206,OVCAR3,33.86543274,3,1
16522,MRK-003,MK-2206,PA1,32.72115737,3,1
16523,MRK-003,MK-2206,RKO,20.11165768,3,1
16524,MRK-003,MK-2206,RPMI7951,20.65986193,3,1
16525,MRK-003,MK-2206,SKMEL30,25.35310255,3,1
16526,MRK-003,MK-2206,SKMES1,29.97436596,3,1
16527,MRK-003,MK-2206,SKOV3,35.88559234,3,1
16530,MRK-003,MK-2206,T47D,33.36781248,3,1
16534,MRK-003,MK-2206,VCAP,27.66022432,3,1
16536,MRK-003,MK-4827,A2058,28.49852592,0,1
16539,MRK-003,MK-4827,A427,23.22175096,0,1
16555,MRK-003,MK-4827,NCIH23,21.88768163,0,1
16558,MRK-003,MK-4827,OCUBM,42.54056516,0,1
16560,MRK-003,MK-4827,OVCAR3,35.22367905,0,1
16561,MRK-003,MK-4827,PA1,36.67663104,0,1
16566,MRK-003,MK-4827,SKOV3,25.3685595,0,1
16569,MRK-003,MK-4827,T47D,33.61059192,0,1
16572,MRK-003,MK-4827,UWB1289BRCA1,-15.60972641,0,0
16582,MRK-003,MK-5108,EFM192B,-15.89077651,4,0
16588,MRK-003,MK-5108,LNCAP,-33.88822665,4,0
16593,MRK-003,MK-5108,NCIH2122,-22.05619751,4,0
16595,MRK-003,MK-5108,NCIH460,-15.95630222,4,0
16610,MRK-003,MK-5108,UWB1289,-11.51762899,4,0
16613,MRK-003,MK-5108,ZR751,-10.25615397,4,0
16614,MRK-003,MK-8669,A2058,23.52644227,1,1
16615,MRK-003,MK-8669,A2780,25.5228282,1,1
16618,MRK-003,MK-8669,CAOV3,31.06830746,1,1
16619,MRK-003,MK-8669,COLO320DM,23.90337544,1,1
16620,MRK-003,MK-8669,DLD1,22.12702017,1,1
16621,MRK-003,MK-8669,EFM192B,20.64180044,1,1
16625,MRK-003,MK-8669,HT29,26.29173532,1,1
16626,MRK-003,MK-8669,KPL1,23.06844976,1,1
16628,MRK-003,MK-8669,LOVO,29.67300707,1,1
16631,MRK-003,MK-8669,NCIH1650,33.2488083,1,1
16635,MRK-003,MK-8669,NCIH520,24.44548857,1,1
16636,MRK-003,MK-8669,OCUBM,20.61760679,1,1
16637,MRK-003,MK-8669,OV90,24.79055813,1,1
16638,MRK-003,MK-8669,OVCAR3,52.83598927,1,1
16639,MRK-003,MK-8669,PA1,32.34647923,1,1
16641,MRK-003,MK-8669,RPMI7951,23.26839306,1,1
16642,MRK-003,MK-8669,SKMEL30,26.22380957,1,1
16643,MRK-003,MK-8669,SKMES1,21.11682863,1,1
16644,MRK-003,MK-8669,SKOV3,40.08550533,1,1
16647,MRK-003,MK-8669,T47D,38.439834,1,1
16651,MRK-003,MK-8669,VCAP,27.65832722,1,1
16655,MRK-003,MK-8776,A375,20.64268984,1,1
16657,MRK-003,MK-8776,CAOV3,37.9456134,1,1
16658,MRK-003,MK-8776,COLO320DM,28.27484167,1,1
16669,MRK-003,MK-8776,MSTO,-11.67641589,1,0
16671,MRK-003,MK-8776,NCIH2122,-13.27483884,1,0
16678,MRK-003,MK-8776,PA1,22.70576128,1,1
16681,MRK-003,MK-8776,SKMEL30,38.49761653,1,1
16683,MRK-003,MK-8776,SKOV3,25.92829771,1,1
16685,MRK-003,MK-8776,SW837,-17.80938865,1,0
16693,MRK-003,OXALIPLATIN,A2780,-28.10423315,0,0
16694,MRK-003,OXALIPLATIN,A375,-18.00420656,0,0
16696,MRK-003,OXALIPLATIN,CAOV3,-24.54155202,0,0
16698,MRK-003,OXALIPLATIN,DLD1,-11.80412128,0,0
16699,MRK-003,OXALIPLATIN,EFM192B,-37.00959264,0,0
16700,MRK-003,OXALIPLATIN,ES2,-25.81373858,0,0
16701,MRK-003,OXALIPLATIN,HCT116,-15.95390796,0,0
16702,MRK-003,OXALIPLATIN,HT144,-11.76477,0,0
16705,MRK-003,OXALIPLATIN,LNCAP,-15.54454972,0,0
16706,MRK-003,OXALIPLATIN,LOVO,-24.23858389,0,0
16707,MRK-003,OXALIPLATIN,MDAMB436,-27.05307902,0,0
16708,MRK-003,OXALIPLATIN,MSTO,-17.04417767,0,0
16709,MRK-003,OXALIPLATIN,NCIH1650,-14.85967662,0,0
16710,MRK-003,OXALIPLATIN,NCIH2122,-16.54405671,0,0
16711,MRK-003,OXALIPLATIN,NCIH23,-22.3910292,0,0
16712,MRK-003,OXALIPLATIN,NCIH460,-49.67393913,0,0
16713,MRK-003,OXALIPLATIN,NCIH520,-11.53572802,0,0
16715,MRK-003,OXALIPLATIN,OV90,-22.82255861,0,0
16717,MRK-003,OXALIPLATIN,PA1,-32.73991917,0,0
16718,MRK-003,OXALIPLATIN,RKO,-22.92432053,0,0
16719,MRK-003,OXALIPLATIN,RPMI7951,-24.61408423,0,0
16723,MRK-003,OXALIPLATIN,SW620,-16.46513547,0,0
16724,MRK-003,OXALIPLATIN,SW837,-14.41130645,0,0
16725,MRK-003,OXALIPLATIN,T47D,-36.18713523,0,0
16726,MRK-003,OXALIPLATIN,UACC62,-22.29959493,0,0
16727,MRK-003,OXALIPLATIN,UWB1289,-24.17888033,0,0
16728,MRK-003,OXALIPLATIN,UWB1289BRCA1,-16.61545154,0,0
16730,MRK-003,OXALIPLATIN,ZR751,-22.2414061,0,0
16733,MRK-003,PACLITAXEL,A375,61.18937958,3,1
16736,MRK-003,PACLITAXEL,COLO320DM,43.04488651,3,1
16737,MRK-003,PACLITAXEL,DLD1,25.94860086,3,1
16739,MRK-003,PACLITAXEL,ES2,44.62056798,3,1
16741,MRK-003,PACLITAXEL,HT144,37.36052071,3,1
16744,MRK-003,PACLITAXEL,LNCAP,-26.38808471,3,0
16745,MRK-003,PACLITAXEL,LOVO,21.69350126,3,1
16749,MRK-003,PACLITAXEL,NCIH2122,-16.25319265,3,0
16751,MRK-003,PACLITAXEL,NCIH460,28.58064629,3,1
16753,MRK-003,PACLITAXEL,OCUBM,-12.51010828,3,0
16754,MRK-003,PACLITAXEL,OV90,29.66080192,3,1
16757,MRK-003,PACLITAXEL,RKO,-18.04446765,3,0
16759,MRK-003,PACLITAXEL,SKMEL30,28.10055931,3,1
16760,MRK-003,PACLITAXEL,SKMES1,41.1914245,3,1
16765,MRK-003,PACLITAXEL,UACC62,21.2064771,3,1
16767,MRK-003,PACLITAXEL,UWB1289BRCA1,22.72672425,3,1
16768,MRK-003,PACLITAXEL,VCAP,28.84721015,3,1
16773,MRK-003,PD325901,A427,22.65986615,0,1
16782,MRK-003,PD325901,KPL1,27.80127041,0,1
16783,MRK-003,PD325901,LNCAP,39.26101661,0,1
16784,MRK-003,PD325901,LOVO,20.92326198,0,1
16792,MRK-003,PD325901,OCUBM,22.06637597,0,1
16794,MRK-003,PD325901,OVCAR3,51.62670242,0,1
16795,MRK-003,PD325901,PA1,24.90972781,0,1
16803,MRK-003,PD325901,T47D,28.15700653,0,1
16811,MRK-003,SN-38,A375,22.68725985,2,1
16833,MRK-003,SN-38,OVCAR3,20.25167815,2,1
16834,MRK-003,SN-38,PA1,31.35526371,2,1
16836,MRK-003,SN-38,RPMI7951,29.36783073,2,1
16839,MRK-003,SN-38,SKOV3,20.24654996,2,1
16877,MRK-003,SORAFENIB,SKMES1,21.47860522,1,1
16878,MRK-003,SORAFENIB,SKOV3,29.31030464,1,1
16898,MRK-003,SUNITINIB,HT29,20.03976045,0,1
16900,MRK-003,SUNITINIB,LNCAP,-10.25000138,0,0
16912,MRK-003,SUNITINIB,PA1,24.0238088,0,1
16920,MRK-003,SUNITINIB,T47D,21.25627648,0,1
16929,MRK-003,TEMOZOLOMIDE,A427,29.35626525,0,1
16933,MRK-003,TEMOZOLOMIDE,EFM192B,-26.00954257,0,0
16936,MRK-003,TEMOZOLOMIDE,HT144,-13.70181069,0,0
16943,MRK-003,TEMOZOLOMIDE,NCIH1650,-17.82780988,0,0
16946,MRK-003,TEMOZOLOMIDE,NCIH460,-16.09786255,0,0
16948,MRK-003,TEMOZOLOMIDE,OCUBM,-11.45039439,0,0
16951,MRK-003,TEMOZOLOMIDE,PA1,24.48453013,0,1
16953,MRK-003,TEMOZOLOMIDE,RPMI7951,29.19431262,0,1
16954,MRK-003,TEMOZOLOMIDE,SKMEL30,22.10286153,0,1
16958,MRK-003,TEMOZOLOMIDE,SW837,-25.92718364,0,0
16959,MRK-003,TEMOZOLOMIDE,T47D,-42.30758766,0,0
16964,MRK-003,TEMOZOLOMIDE,ZR751,-68.69003565,0,0
16965,MRK-003,TOPOTECAN,A2058,26.47796045,2,1
16970,MRK-003,TOPOTECAN,COLO320DM,20.3955861,2,1
16973,MRK-003,TOPOTECAN,ES2,30.6828376,2,1
16977,MRK-003,TOPOTECAN,KPL1,23.39061211,2,1
16978,MRK-003,TOPOTECAN,LNCAP,-122.98712,2,0
16981,MRK-003,TOPOTECAN,MSTO,22.79491501,2,1
16982,MRK-003,TOPOTECAN,NCIH1650,22.58570349,2,1
16984,MRK-003,TOPOTECAN,NCIH23,49.94887065,2,1
16993,MRK-003,TOPOTECAN,SKMEL30,27.23327901,2,1
16994,MRK-003,TOPOTECAN,SKMES1,50.44560899,2,1
16995,MRK-003,TOPOTECAN,SKOV3,50.65086449,2,1
16996,MRK-003,TOPOTECAN,SW620,20.58261433,2,1
17001,MRK-003,TOPOTECAN,UWB1289BRCA1,26.91171806,2,1
17002,MRK-003,TOPOTECAN,VCAP,33.14463431,2,1
17004,MRK-003,VINBLASTINE,A2058,36.64266347,1,1
17006,MRK-003,VINBLASTINE,A375,27.70866677,1,1
17012,MRK-003,VINBLASTINE,ES2,32.68022609,1,1
17014,MRK-003,VINBLASTINE,HT144,39.89326817,1,1
17016,MRK-003,VINBLASTINE,KPL1,29.13103182,1,1
17017,MRK-003,VINBLASTINE,LNCAP,25.61837278,1,1
17018,MRK-003,VINBLASTINE,LOVO,23.97481204,1,1
17019,MRK-003,VINBLASTINE,MDAMB436,33.22404851,1,1
17022,MRK-003,VINBLASTINE,NCIH2122,33.39389702,1,1
17024,MRK-003,VINBLASTINE,NCIH460,23.83023938,1,1
17026,MRK-003,VINBLASTINE,OCUBM,42.86250174,1,1
17028,MRK-003,VINBLASTINE,OVCAR3,36.0404414,1,1
17030,MRK-003,VINBLASTINE,RKO,42.79292458,1,1
17031,MRK-003,VINBLASTINE,RPMI7951,29.74867706,1,1
17032,MRK-003,VINBLASTINE,SKMEL30,28.69396325,1,1
17033,MRK-003,VINBLASTINE,SKMES1,34.92466259,1,1
17034,MRK-003,VINBLASTINE,SKOV3,60.51595805,1,1
17035,MRK-003,VINBLASTINE,SW620,23.57300303,1,1
17036,MRK-003,VINBLASTINE,SW837,29.72188792,1,1
17038,MRK-003,VINBLASTINE,UACC62,36.74187807,1,1
17041,MRK-003,VINBLASTINE,VCAP,80.77168358,1,1
17045,MRK-003,VINORELBINE,A375,35.52639689,2,1
17046,MRK-003,VINORELBINE,A427,-10.03551187,2,0
17047,MRK-003,VINORELBINE,CAOV3,-24.19881491,2,0
17050,MRK-003,VINORELBINE,EFM192B,-17.35601816,2,0
17052,MRK-003,VINORELBINE,HCT116,-13.91778017,2,0
17054,MRK-003,VINORELBINE,HT29,-17.43154058,2,0
17061,MRK-003,VINORELBINE,NCIH2122,-22.65555036,2,0
17065,MRK-003,VINORELBINE,OCUBM,-18.25545101,2,0
17066,MRK-003,VINORELBINE,OV90,36.76331763,2,1
17067,MRK-003,VINORELBINE,OVCAR3,-16.80002371,2,0
17069,MRK-003,VINORELBINE,RKO,-20.27390524,2,0
17073,MRK-003,VINORELBINE,SKOV3,22.22349356,2,1
17080,MRK-003,VINORELBINE,VCAP,-11.29668194,2,0
17081,MRK-003,VINORELBINE,ZR751,-15.26867252,2,0
17085,MRK-003,ZOLINZA,A427,-26.1766223,0,0
17086,MRK-003,ZOLINZA,CAOV3,23.57929102,0,1
17106,MRK-003,ZOLINZA,OVCAR3,30.10754368,0,1
17112,MRK-003,ZOLINZA,SKOV3,31.10171948,0,1
17119,MRK-003,ZOLINZA,VCAP,31.14318797,0,1
17120,MRK-003,ZOLINZA,ZR751,-16.57586756,0,0
17123,OXALIPLATIN,DINACICLIB,A375,-12.04884023,3,0
17124,OXALIPLATIN,DINACICLIB,A427,-10.21129288,3,0
17125,OXALIPLATIN,DINACICLIB,CAOV3,-21.10970822,3,0
17127,OXALIPLATIN,DINACICLIB,DLD1,-10.26511007,3,0
17128,OXALIPLATIN,DINACICLIB,EFM192B,-13.41711199,3,0
17135,OXALIPLATIN,DINACICLIB,LOVO,-19.22260651,3,0
17137,OXALIPLATIN,DINACICLIB,MSTO,-15.3596008,3,0
17138,OXALIPLATIN,DINACICLIB,NCIH1650,-12.60942501,3,0
17140,OXALIPLATIN,DINACICLIB,NCIH23,-21.34586637,3,0
17141,OXALIPLATIN,DINACICLIB,NCIH460,-19.09815546,3,0
17144,OXALIPLATIN,DINACICLIB,OV90,-10.75410285,3,0
17146,OXALIPLATIN,DINACICLIB,PA1,-12.510747,3,0
17151,OXALIPLATIN,DINACICLIB,SKOV3,-20.23507408,3,0
17153,OXALIPLATIN,DINACICLIB,SW837,-21.08617999,3,0
17159,OXALIPLATIN,DINACICLIB,ZR751,-26.71087311,3,0
17164,OXALIPLATIN,MK-8776,CAOV3,24.27650683,4,1
17176,OXALIPLATIN,MK-8776,MSTO,-26.23575655,4,0
17180,OXALIPLATIN,MK-8776,NCIH460,-11.0891712,4,0
17182,OXALIPLATIN,MK-8776,OCUBM,38.03655741,4,1
17183,OXALIPLATIN,MK-8776,OV90,-11.11732225,4,0
17185,OXALIPLATIN,MK-8776,PA1,-23.79138569,4,0
17188,OXALIPLATIN,MK-8776,SKMEL30,25.20458843,4,1
17192,OXALIPLATIN,MK-8776,SW837,-13.43017929,4,0
17196,OXALIPLATIN,MK-8776,UWB1289BRCA1,-11.42100965,4,0
17198,OXALIPLATIN,MK-8776,ZR751,-13.28791287,4,0
17201,OXALIPLATIN,SORAFENIB,A375,-11.91348074,4,0
17203,OXALIPLATIN,SORAFENIB,CAOV3,-32.25085599,4,0
17206,OXALIPLATIN,SORAFENIB,EFM192B,-20.07339267,4,0
17207,OXALIPLATIN,SORAFENIB,ES2,-10.37285303,4,0
17212,OXALIPLATIN,SORAFENIB,LNCAP,-10.83009361,4,0
17213,OXALIPLATIN,SORAFENIB,LOVO,-25.00545046,4,0
17214,OXALIPLATIN,SORAFENIB,MDAMB436,-19.47629769,4,0
17216,OXALIPLATIN,SORAFENIB,NCIH1650,-13.58384506,4,0
17218,OXALIPLATIN,SORAFENIB,NCIH23,-18.10014381,4,0
17219,OXALIPLATIN,SORAFENIB,NCIH460,-19.37057839,4,0
17222,OXALIPLATIN,SORAFENIB,OV90,-10.26134953,4,0
17223,OXALIPLATIN,SORAFENIB,OVCAR3,-29.09520828,4,0
17225,OXALIPLATIN,SORAFENIB,RKO,-10.77261563,4,0
17226,OXALIPLATIN,SORAFENIB,RPMI7951,-23.85590248,4,0
17233,OXALIPLATIN,SORAFENIB,UACC62,-14.18030601,4,0
17236,OXALIPLATIN,SORAFENIB,VCAP,-10.30358434,4,0
17237,OXALIPLATIN,SORAFENIB,ZR751,-25.79401481,4,0
17245,PACLITAXEL,ABT-888,EFM192B,-22.91889904,0,0
17251,PACLITAXEL,ABT-888,LNCAP,-14.87925873,0,0
17256,PACLITAXEL,ABT-888,NCIH2122,-171.0483071,0,0
17257,PACLITAXEL,ABT-888,NCIH23,-10.74498217,0,0
17262,PACLITAXEL,ABT-888,OVCAR3,-13.10064571,0,0
17270,PACLITAXEL,ABT-888,SW837,-20.96178892,0,0
17273,PACLITAXEL,ABT-888,UWB1289,-14.80091613,0,0
17277,PACLITAXEL,AZD1775,A2058,-10.30531376,4,0
17287,PACLITAXEL,AZD1775,HT144,28.69024646,4,1
17295,PACLITAXEL,AZD1775,NCIH2122,-19.27158122,4,0
17307,PACLITAXEL,AZD1775,SKOV3,24.58481147,4,1
17310,PACLITAXEL,AZD1775,T47D,-22.91511908,4,0
17312,PACLITAXEL,AZD1775,UWB1289,65.75636834,4,1
17318,PACLITAXEL,BEZ-235,A375,25.47613005,3,1
17320,PACLITAXEL,BEZ-235,CAOV3,-15.28519987,3,0
17321,PACLITAXEL,BEZ-235,COLO320DM,21.18543497,3,1
17323,PACLITAXEL,BEZ-235,EFM192B,-30.76038345,3,0
17326,PACLITAXEL,BEZ-235,HT144,27.10803313,3,1
17328,PACLITAXEL,BEZ-235,KPL1,25.12688316,3,1
17329,PACLITAXEL,BEZ-235,LNCAP,40.7314284,3,1
17332,PACLITAXEL,BEZ-235,MSTO,39.96072878,3,1
17334,PACLITAXEL,BEZ-235,NCIH2122,-281.4366679,3,0
17335,PACLITAXEL,BEZ-235,NCIH23,-12.35477142,3,0
17336,PACLITAXEL,BEZ-235,NCIH460,34.60596163,3,1
17339,PACLITAXEL,BEZ-235,OV90,21.62314144,3,1
17340,PACLITAXEL,BEZ-235,OVCAR3,-20.24951535,3,0
17345,PACLITAXEL,BEZ-235,SKMES1,27.89025798,3,1
17349,PACLITAXEL,BEZ-235,T47D,97.80849248,3,1
17351,PACLITAXEL,BEZ-235,UWB1289,-29.08701081,3,0
17354,PACLITAXEL,BEZ-235,ZR751,24.23366264,3,1
17355,PACLITAXEL,BORTEZOMIB,A2058,-19.12439888,4,0
17356,PACLITAXEL,BORTEZOMIB,A2780,-31.73348789,4,0
17357,PACLITAXEL,BORTEZOMIB,A375,-18.5657402,4,0
17358,PACLITAXEL,BORTEZOMIB,A427,-16.96281168,4,0
17359,PACLITAXEL,BORTEZOMIB,CAOV3,-22.40206064,4,0
17360,PACLITAXEL,BORTEZOMIB,COLO320DM,-11.19485934,4,0
17362,PACLITAXEL,BORTEZOMIB,EFM192B,-68.68915244,4,0
17363,PACLITAXEL,BORTEZOMIB,ES2,-30.35084289,4,0
17364,PACLITAXEL,BORTEZOMIB,HCT116,-18.23971369,4,0
17366,PACLITAXEL,BORTEZOMIB,HT29,-44.45185179,4,0
17367,PACLITAXEL,BORTEZOMIB,KPL1,-10.13717282,4,0
17368,PACLITAXEL,BORTEZOMIB,LNCAP,-30.23837884,4,0
17371,PACLITAXEL,BORTEZOMIB,MSTO,68.85996267,4,1
17372,PACLITAXEL,BORTEZOMIB,NCIH1650,-32.16598917,4,0
17373,PACLITAXEL,BORTEZOMIB,NCIH2122,-307.0262696,4,0
17374,PACLITAXEL,BORTEZOMIB,NCIH23,-20.10145532,4,0
17375,PACLITAXEL,BORTEZOMIB,NCIH460,-20.01722888,4,0
17376,PACLITAXEL,BORTEZOMIB,NCIH520,-41.85144862,4,0
17377,PACLITAXEL,BORTEZOMIB,OCUBM,-18.934773,4,0
17379,PACLITAXEL,BORTEZOMIB,OVCAR3,-27.85598715,4,0
17380,PACLITAXEL,BORTEZOMIB,PA1,-27.67985164,4,0
17381,PACLITAXEL,BORTEZOMIB,RKO,-13.90877605,4,0
17382,PACLITAXEL,BORTEZOMIB,RPMI7951,-10.50526892,4,0
17384,PACLITAXEL,BORTEZOMIB,SKMES1,-23.03106799,4,0
17387,PACLITAXEL,BORTEZOMIB,SW837,-12.11169183,4,0
17388,PACLITAXEL,BORTEZOMIB,T47D,-21.07086289,4,0
17389,PACLITAXEL,BORTEZOMIB,UACC62,-18.64682683,4,0
17390,PACLITAXEL,BORTEZOMIB,UWB1289,-46.67991242,4,0
17391,PACLITAXEL,BORTEZOMIB,UWB1289BRCA1,-13.65266855,4,0
17392,PACLITAXEL,BORTEZOMIB,VCAP,-28.49151811,4,0
17393,PACLITAXEL,BORTEZOMIB,ZR751,-13.71700451,4,0
17394,PACLITAXEL,DASATINIB,A2058,28.72586162,0,1
17395,PACLITAXEL,DASATINIB,A2780,56.06199471,0,1
17396,PACLITAXEL,DASATINIB,A375,39.52376322,0,1
17397,PACLITAXEL,DASATINIB,A427,34.8923173,0,1
17400,PACLITAXEL,DASATINIB,DLD1,29.37726403,0,1
17402,PACLITAXEL,DASATINIB,ES2,29.61136337,0,1
17405,PACLITAXEL,DASATINIB,HT29,35.03273845,0,1
17408,PACLITAXEL,DASATINIB,LOVO,51.96863126,0,1
17409,PACLITAXEL,DASATINIB,MDAMB436,41.58936527,0,1
17410,PACLITAXEL,DASATINIB,MSTO,107.1762971,0,1
17411,PACLITAXEL,DASATINIB,NCIH1650,55.00265639,0,1
17412,PACLITAXEL,DASATINIB,NCIH2122,-50.43997571,0,0
17414,PACLITAXEL,DASATINIB,NCIH460,33.77257613,0,1
17415,PACLITAXEL,DASATINIB,NCIH520,57.07361604,0,1
17416,PACLITAXEL,DASATINIB,OCUBM,-14.82399659,0,0
17417,PACLITAXEL,DASATINIB,OV90,37.63341951,0,1
17418,PACLITAXEL,DASATINIB,OVCAR3,40.32315254,0,1
17422,PACLITAXEL,DASATINIB,SKMEL30,-10.42607125,0,0
17423,PACLITAXEL,DASATINIB,SKMES1,34.54764627,0,1
17424,PACLITAXEL,DASATINIB,SKOV3,39.52557668,0,1
17425,PACLITAXEL,DASATINIB,SW620,42.79281166,0,1
17426,PACLITAXEL,DASATINIB,SW837,26.46290586,0,1
17427,PACLITAXEL,DASATINIB,T47D,41.79292062,0,1
17431,PACLITAXEL,DASATINIB,VCAP,34.23515496,0,1
17432,PACLITAXEL,DASATINIB,ZR751,27.25068961,0,1
17433,PACLITAXEL,DINACICLIB,A2058,-18.69197124,4,0
17434,PACLITAXEL,DINACICLIB,A2780,-10.8670822,4,0
17437,PACLITAXEL,DINACICLIB,CAOV3,-15.79317009,4,0
17442,PACLITAXEL,DINACICLIB,HCT116,-18.4163491,4,0
17446,PACLITAXEL,DINACICLIB,LNCAP,-25.67176673,4,0
17451,PACLITAXEL,DINACICLIB,NCIH2122,-15.97456459,4,0
17452,PACLITAXEL,DINACICLIB,NCIH23,-16.90000215,4,0
17454,PACLITAXEL,DINACICLIB,NCIH520,-15.5305062,4,0
17457,PACLITAXEL,DINACICLIB,OVCAR3,-20.65752258,4,0
17458,PACLITAXEL,DINACICLIB,PA1,-10.05803624,4,0
17463,PACLITAXEL,DINACICLIB,SKOV3,-18.0524935,4,0
17465,PACLITAXEL,DINACICLIB,SW837,-18.15651295,4,0
17466,PACLITAXEL,DINACICLIB,T47D,-45.76200708,4,0
17468,PACLITAXEL,DINACICLIB,UWB1289,-20.1615726,4,0
17471,PACLITAXEL,DINACICLIB,ZR751,-18.18549828,4,0
17472,PACLITAXEL,ERLOTINIB,A2058,-12.62933099,4,0
17474,PACLITAXEL,ERLOTINIB,A375,67.02038632,4,1
17478,PACLITAXEL,ERLOTINIB,DLD1,28.37009055,4,1
17480,PACLITAXEL,ERLOTINIB,ES2,35.89332877,4,1
17481,PACLITAXEL,ERLOTINIB,HCT116,-15.14194861,4,0
17482,PACLITAXEL,ERLOTINIB,HT144,26.07666412,4,1
17485,PACLITAXEL,ERLOTINIB,LNCAP,-45.18370568,4,0
17486,PACLITAXEL,ERLOTINIB,LOVO,29.38236,4,1
17492,PACLITAXEL,ERLOTINIB,NCIH460,52.43475663,4,1
17494,PACLITAXEL,ERLOTINIB,OCUBM,-14.25990746,4,0
17497,PACLITAXEL,ERLOTINIB,PA1,-10.2349321,4,0
17498,PACLITAXEL,ERLOTINIB,RKO,-13.56300864,4,0
17501,PACLITAXEL,ERLOTINIB,SKMES1,36.3564748,4,1
17505,PACLITAXEL,ERLOTINIB,T47D,-31.32509433,4,0
17510,PACLITAXEL,ERLOTINIB,ZR751,32.55295347,4,1
17511,PACLITAXEL,GELDANAMYCIN,A2058,-28.98889615,2,0
17512,PACLITAXEL,GELDANAMYCIN,A2780,-16.76370882,2,0
17515,PACLITAXEL,GELDANAMYCIN,CAOV3,-23.56422588,2,0
17517,PACLITAXEL,GELDANAMYCIN,DLD1,-10.4897384,2,0
17518,PACLITAXEL,GELDANAMYCIN,EFM192B,-83.06638019,2,0
17522,PACLITAXEL,GELDANAMYCIN,HT29,-18.23249281,2,0
17524,PACLITAXEL,GELDANAMYCIN,LNCAP,-45.11150944,2,0
17525,PACLITAXEL,GELDANAMYCIN,LOVO,-17.56400238,2,0
17529,PACLITAXEL,GELDANAMYCIN,NCIH2122,-326.4643042,2,0
17530,PACLITAXEL,GELDANAMYCIN,NCIH23,-20.03735849,2,0
17531,PACLITAXEL,GELDANAMYCIN,NCIH460,-12.75868365,2,0
17532,PACLITAXEL,GELDANAMYCIN,NCIH520,-16.9852671,2,0
17535,PACLITAXEL,GELDANAMYCIN,OVCAR3,-45.90629918,2,0
17543,PACLITAXEL,GELDANAMYCIN,SW837,-17.96433357,2,0
17544,PACLITAXEL,GELDANAMYCIN,T47D,-11.69067445,2,0
17546,PACLITAXEL,GELDANAMYCIN,UWB1289,-28.74868421,2,0
17547,PACLITAXEL,GELDANAMYCIN,UWB1289BRCA1,-14.80847154,2,0
17552,PACLITAXEL,L778123,A375,33.72371953,0,1
17553,PACLITAXEL,L778123,A427,25.37286339,0,1
17557,PACLITAXEL,L778123,EFM192B,-40.67026668,0,0
17568,PACLITAXEL,L778123,NCIH2122,-163.6597734,0,0
17570,PACLITAXEL,L778123,NCIH460,36.89100966,0,1
17573,PACLITAXEL,L778123,OV90,24.54406853,0,1
17574,PACLITAXEL,L778123,OVCAR3,-18.05888148,0,0
17575,PACLITAXEL,L778123,PA1,24.02477744,0,1
17579,PACLITAXEL,L778123,SKMES1,28.08392363,0,1
17590,PACLITAXEL,LAPATINIB,A2780,-11.4533481,1,0
17591,PACLITAXEL,LAPATINIB,A375,95.35478512,1,1
17594,PACLITAXEL,LAPATINIB,COLO320DM,63.1730396,1,1
17595,PACLITAXEL,LAPATINIB,DLD1,64.55529078,1,1
17597,PACLITAXEL,LAPATINIB,ES2,76.10088097,1,1
17599,PACLITAXEL,LAPATINIB,HT144,33.87573085,1,1
17602,PACLITAXEL,LAPATINIB,LNCAP,-28.80334665,1,0
17603,PACLITAXEL,LAPATINIB,LOVO,44.74681055,1,1
17605,PACLITAXEL,LAPATINIB,MSTO,38.39368641,1,1
17607,PACLITAXEL,LAPATINIB,NCIH2122,-12.54725529,1,0
17609,PACLITAXEL,LAPATINIB,NCIH460,52.14566803,1,1
17615,PACLITAXEL,LAPATINIB,RKO,-10.5734886,1,0
17618,PACLITAXEL,LAPATINIB,SKMES1,59.76673021,1,1
17619,PACLITAXEL,LAPATINIB,SKOV3,29.82659642,1,1
17621,PACLITAXEL,LAPATINIB,SW837,26.10793787,1,1
17623,PACLITAXEL,LAPATINIB,UACC62,26.62891512,1,1
17626,PACLITAXEL,LAPATINIB,VCAP,22.59679142,1,1
17627,PACLITAXEL,LAPATINIB,ZR751,26.77168479,1,1
17630,PACLITAXEL,MK-2206,A375,63.81850921,2,1
17631,PACLITAXEL,MK-2206,A427,20.8169675,2,1
17633,PACLITAXEL,MK-2206,COLO320DM,26.84822402,2,1
17634,PACLITAXEL,MK-2206,DLD1,36.82176132,2,1
17636,PACLITAXEL,MK-2206,ES2,22.24337799,2,1
17638,PACLITAXEL,MK-2206,HT144,50.9467603,2,1
17639,PACLITAXEL,MK-2206,HT29,36.49151805,2,1
17640,PACLITAXEL,MK-2206,KPL1,56.07062225,2,1
17641,PACLITAXEL,MK-2206,LNCAP,-11.80995592,2,0
17642,PACLITAXEL,MK-2206,LOVO,28.6569063,2,1
17644,PACLITAXEL,MK-2206,MSTO,51.29884152,2,1
17645,PACLITAXEL,MK-2206,NCIH1650,31.76066078,2,1
17648,PACLITAXEL,MK-2206,NCIH460,48.08331844,2,1
17649,PACLITAXEL,MK-2206,NCIH520,30.75488569,2,1
17651,PACLITAXEL,MK-2206,OV90,38.76724912,2,1
17653,PACLITAXEL,MK-2206,PA1,35.06365529,2,1
17654,PACLITAXEL,MK-2206,RKO,24.53149785,2,1
17656,PACLITAXEL,MK-2206,SKMEL30,32.07433267,2,1
17657,PACLITAXEL,MK-2206,SKMES1,58.39395164,2,1
17658,PACLITAXEL,MK-2206,SKOV3,41.95834597,2,1
17660,PACLITAXEL,MK-2206,SW837,31.46792226,2,1
17662,PACLITAXEL,MK-2206,UACC62,24.63461533,2,1
17664,PACLITAXEL,MK-2206,UWB1289BRCA1,26.54335635,2,1
17665,PACLITAXEL,MK-2206,VCAP,29.16123319,2,1
17666,PACLITAXEL,MK-2206,ZR751,38.9842152,2,1
17667,PACLITAXEL,MK-4827,A2058,-16.66774178,2,0
17671,PACLITAXEL,MK-4827,CAOV3,-13.4044252,2,0
17674,PACLITAXEL,MK-4827,EFM192B,-20.74950607,2,0
17676,PACLITAXEL,MK-4827,HCT116,-18.04711129,2,0
17677,PACLITAXEL,MK-4827,HT144,-14.9547984,2,0
17678,PACLITAXEL,MK-4827,HT29,-14.74192533,2,0
17679,PACLITAXEL,MK-4827,KPL1,-19.52266631,2,0
17680,PACLITAXEL,MK-4827,LNCAP,-52.70519319,2,0
17684,PACLITAXEL,MK-4827,NCIH1650,-19.66605136,2,0
17685,PACLITAXEL,MK-4827,NCIH2122,-13.85537171,2,0
17686,PACLITAXEL,MK-4827,NCIH23,-13.93741241,2,0
17688,PACLITAXEL,MK-4827,NCIH520,-19.44784362,2,0
17689,PACLITAXEL,MK-4827,OCUBM,-24.55509915,2,0
17690,PACLITAXEL,MK-4827,OV90,-19.25538865,2,0
17691,PACLITAXEL,MK-4827,OVCAR3,-42.19140032,2,0
17693,PACLITAXEL,MK-4827,RKO,-18.21541516,2,0
17699,PACLITAXEL,MK-4827,SW837,-28.75366094,2,0
17700,PACLITAXEL,MK-4827,T47D,-95.06772064,2,0
17701,PACLITAXEL,MK-4827,UACC62,-18.68419312,2,0
17702,PACLITAXEL,MK-4827,UWB1289,-24.73740167,2,0
17706,PACLITAXEL,MK-5108,A2058,23.70173342,1,1
17708,PACLITAXEL,MK-5108,A375,43.66347661,1,1
17709,PACLITAXEL,MK-5108,A427,22.80294284,1,1
17711,PACLITAXEL,MK-5108,COLO320DM,21.6596314,1,1
17712,PACLITAXEL,MK-5108,DLD1,23.44176869,1,1
17714,PACLITAXEL,MK-5108,ES2,30.15525285,1,1
17716,PACLITAXEL,MK-5108,HT144,21.77999888,1,1
17717,PACLITAXEL,MK-5108,HT29,32.11803927,1,1
17719,PACLITAXEL,MK-5108,LNCAP,-22.11226534,1,0
17722,PACLITAXEL,MK-5108,MSTO,51.3790776,1,1
17723,PACLITAXEL,MK-5108,NCIH1650,25.64054201,1,1
17726,PACLITAXEL,MK-5108,NCIH460,31.30296552,1,1
17729,PACLITAXEL,MK-5108,OV90,21.1845777,1,1
17730,PACLITAXEL,MK-5108,OVCAR3,25.77999338,1,1
17731,PACLITAXEL,MK-5108,PA1,20.87853604,1,1
17732,PACLITAXEL,MK-5108,RKO,32.71680946,1,1
17733,PACLITAXEL,MK-5108,RPMI7951,30.79730164,1,1
17734,PACLITAXEL,MK-5108,SKMEL30,34.23072765,1,1
17735,PACLITAXEL,MK-5108,SKMES1,21.61033425,1,1
17736,PACLITAXEL,MK-5108,SKOV3,26.11261106,1,1
17738,PACLITAXEL,MK-5108,SW837,24.55236106,1,1
17741,PACLITAXEL,MK-5108,UWB1289,27.83146832,1,1
17742,PACLITAXEL,MK-5108,UWB1289BRCA1,33.55733332,1,1
17747,PACLITAXEL,MK-8669,A375,28.98554594,4,1
17748,PACLITAXEL,MK-8669,A427,23.46994212,4,1
17751,PACLITAXEL,MK-8669,DLD1,23.45827838,4,1
17752,PACLITAXEL,MK-8669,EFM192B,32.27519739,4,1
17753,PACLITAXEL,MK-8669,ES2,23.14167229,4,1
17754,PACLITAXEL,MK-8669,HCT116,-14.16667756,4,0
17755,PACLITAXEL,MK-8669,HT144,39.53216094,4,1
17756,PACLITAXEL,MK-8669,HT29,28.2344252,4,1
17757,PACLITAXEL,MK-8669,KPL1,36.20122613,4,1
17759,PACLITAXEL,MK-8669,LOVO,30.12878538,4,1
17761,PACLITAXEL,MK-8669,MSTO,53.55270657,4,1
17762,PACLITAXEL,MK-8669,NCIH1650,32.10340739,4,1
17765,PACLITAXEL,MK-8669,NCIH460,32.70203942,4,1
17766,PACLITAXEL,MK-8669,NCIH520,26.01615066,4,1
17768,PACLITAXEL,MK-8669,OV90,35.81407076,4,1
17771,PACLITAXEL,MK-8669,RKO,27.47676119,4,1
17772,PACLITAXEL,MK-8669,RPMI7951,21.22237642,4,1
17773,PACLITAXEL,MK-8669,SKMEL30,40.13794386,4,1
17774,PACLITAXEL,MK-8669,SKMES1,33.5823346,4,1
17775,PACLITAXEL,MK-8669,SKOV3,62.02652793,4,1
17776,PACLITAXEL,MK-8669,SW620,20.1742003,4,1
17777,PACLITAXEL,MK-8669,SW837,27.98188014,4,1
17778,PACLITAXEL,MK-8669,T47D,24.60812135,4,1
17781,PACLITAXEL,MK-8669,UWB1289BRCA1,23.1758123,4,1
17782,PACLITAXEL,MK-8669,VCAP,41.0674989,4,1
17783,PACLITAXEL,MK-8669,ZR751,44.63109054,4,1
17786,PACLITAXEL,MK-8776,A375,30.56322729,0,1
17791,PACLITAXEL,MK-8776,EFM192B,-17.67396626,0,0
17797,PACLITAXEL,MK-8776,LNCAP,-20.34508111,0,0
17802,PACLITAXEL,MK-8776,NCIH2122,-261.7396847,0,0
17806,PACLITAXEL,MK-8776,OCUBM,-11.45081235,0,0
17808,PACLITAXEL,MK-8776,OVCAR3,-11.0493121,0,0
17812,PACLITAXEL,MK-8776,SKMEL30,26.83304357,0,1
17816,PACLITAXEL,MK-8776,SW837,-17.66634558,0,0
17819,PACLITAXEL,MK-8776,UWB1289,-20.64852416,0,0
17820,PACLITAXEL,MK-8776,UWB1289BRCA1,-16.42434723,0,0
17826,PACLITAXEL,PD325901,A427,26.40568212,4,1
17830,PACLITAXEL,PD325901,EFM192B,-21.75061851,4,0
17831,PACLITAXEL,PD325901,ES2,36.29680974,4,1
17833,PACLITAXEL,PD325901,HT144,39.23831374,4,1
17836,PACLITAXEL,PD325901,LNCAP,-17.55216969,4,0
17841,PACLITAXEL,PD325901,NCIH2122,-242.8087275,4,0
17843,PACLITAXEL,PD325901,NCIH460,27.95637235,4,1
17845,PACLITAXEL,PD325901,OCUBM,-12.26890807,4,0
17846,PACLITAXEL,PD325901,OV90,49.87260386,4,1
17849,PACLITAXEL,PD325901,RKO,24.74440593,4,1
17854,PACLITAXEL,PD325901,SW620,33.25167809,4,1
17861,PACLITAXEL,PD325901,ZR751,26.29102956,4,1
17862,PACLITAXEL,SORAFENIB,A2058,-11.18553345,4,0
17866,PACLITAXEL,SORAFENIB,CAOV3,-13.79351993,4,0
17869,PACLITAXEL,SORAFENIB,EFM192B,-15.62452069,4,0
17875,PACLITAXEL,SORAFENIB,LNCAP,-21.43324152,4,0
17876,PACLITAXEL,SORAFENIB,LOVO,-12.21873278,4,0
17878,PACLITAXEL,SORAFENIB,MSTO,-12.99657934,4,0
17880,PACLITAXEL,SORAFENIB,NCIH2122,-14.28306701,4,0
17886,PACLITAXEL,SORAFENIB,OVCAR3,-32.44400798,4,0
17889,PACLITAXEL,SORAFENIB,RPMI7951,-13.17209195,4,0
17895,PACLITAXEL,SORAFENIB,T47D,-17.73125391,4,0
17899,PACLITAXEL,SORAFENIB,VCAP,-11.0541298,4,0
17900,PACLITAXEL,SORAFENIB,ZR751,-12.23574446,4,0
17903,PACLITAXEL,SUNITINIB,A375,21.99265283,0,1
17908,PACLITAXEL,SUNITINIB,EFM192B,-17.87437502,0,0
17914,PACLITAXEL,SUNITINIB,LNCAP,-16.58314216,0,0
17919,PACLITAXEL,SUNITINIB,NCIH2122,-11.4390014,0,0
17923,PACLITAXEL,SUNITINIB,OCUBM,-27.40824428,0,0
17928,PACLITAXEL,SUNITINIB,RPMI7951,-17.9717732,0,0
17934,PACLITAXEL,SUNITINIB,T47D,-16.14600189,0,0
17940,PACLITAXEL,TEMOZOLOMIDE,A2058,-12.62971068,3,0
17941,PACLITAXEL,TEMOZOLOMIDE,A2780,-25.52899142,3,0
17944,PACLITAXEL,TEMOZOLOMIDE,CAOV3,-19.08106182,3,0
17947,PACLITAXEL,TEMOZOLOMIDE,EFM192B,-25.89946021,3,0
17949,PACLITAXEL,TEMOZOLOMIDE,HCT116,-17.15252641,3,0
17951,PACLITAXEL,TEMOZOLOMIDE,HT29,-14.11796557,3,0
17952,PACLITAXEL,TEMOZOLOMIDE,KPL1,-13.38034102,3,0
17953,PACLITAXEL,TEMOZOLOMIDE,LNCAP,-18.77838242,3,0
17958,PACLITAXEL,TEMOZOLOMIDE,NCIH2122,-237.5819986,3,0
17959,PACLITAXEL,TEMOZOLOMIDE,NCIH23,-17.15446934,3,0
17962,PACLITAXEL,TEMOZOLOMIDE,OCUBM,-18.79067183,3,0
17964,PACLITAXEL,TEMOZOLOMIDE,OVCAR3,-19.63977451,3,0
17969,PACLITAXEL,TEMOZOLOMIDE,SKMES1,24.72016628,3,1
17971,PACLITAXEL,TEMOZOLOMIDE,SW620,23.77075564,3,1
17973,PACLITAXEL,TEMOZOLOMIDE,T47D,-50.64419261,3,0
17976,PACLITAXEL,TEMOZOLOMIDE,UWB1289BRCA1,24.10875923,3,1
17978,PACLITAXEL,TEMOZOLOMIDE,ZR751,-18.57175164,3,0
17979,PACLITAXEL,ZOLINZA,A2058,-27.82104587,3,0
17980,PACLITAXEL,ZOLINZA,A2780,-15.24747276,3,0
17982,PACLITAXEL,ZOLINZA,A427,-25.29947548,3,0
17983,PACLITAXEL,ZOLINZA,CAOV3,-26.58155108,3,0
17988,PACLITAXEL,ZOLINZA,HCT116,-17.24978046,3,0
17990,PACLITAXEL,ZOLINZA,HT29,27.03319022,3,1
17995,PACLITAXEL,ZOLINZA,MSTO,49.15566705,3,1
17997,PACLITAXEL,ZOLINZA,NCIH2122,-12.66965621,3,0
17998,PACLITAXEL,ZOLINZA,NCIH23,-25.86581958,3,0
18009,PACLITAXEL,ZOLINZA,SKOV3,23.01726729,3,1
18014,PACLITAXEL,ZOLINZA,UWB1289,-13.56829591,3,0
18017,PACLITAXEL,ZOLINZA,ZR751,-20.48547931,3,0
18022,PD325901,ABT-888,CAOV3,25.3425468,2,1
18032,PD325901,ABT-888,LOVO,-11.59020276,2,0
18035,PD325901,ABT-888,NCIH1650,-23.07056729,2,0
18037,PD325901,ABT-888,NCIH23,-12.52732318,2,0
18045,PD325901,ABT-888,RPMI7951,-11.08008248,2,0
18047,PD325901,ABT-888,SKMES1,-15.46075834,2,0
18053,PD325901,ABT-888,UWB1289,-11.94077929,2,0
18054,PD325901,ABT-888,UWB1289BRCA1,-25.45258733,2,0
18055,PD325901,ABT-888,VCAP,-23.29336041,2,0
18057,PD325901,BEZ-235,A2058,56.55298829,2,1
18058,PD325901,BEZ-235,A2780,55.25542126,2,1
18060,PD325901,BEZ-235,A427,56.29794436,2,1
18061,PD325901,BEZ-235,CAOV3,67.43370517,2,1
18062,PD325901,BEZ-235,COLO320DM,25.81041386,2,1
18063,PD325901,BEZ-235,DLD1,41.19178924,2,1
18064,PD325901,BEZ-235,EFM192B,37.85332433,2,1
18065,PD325901,BEZ-235,ES2,34.51209776,2,1
18066,PD325901,BEZ-235,HCT116,58.77744986,2,1
18067,PD325901,BEZ-235,HT144,43.96735962,2,1
18068,PD325901,BEZ-235,HT29,42.3826261,2,1
18069,PD325901,BEZ-235,KPL1,44.46943124,2,1
18070,PD325901,BEZ-235,LNCAP,104.2725936,2,1
18071,PD325901,BEZ-235,LOVO,36.87698726,2,1
18072,PD325901,BEZ-235,MDAMB436,34.39053497,2,1
18073,PD325901,BEZ-235,MSTO,29.66185192,2,1
18074,PD325901,BEZ-235,NCIH1650,32.20930586,2,1
18075,PD325901,BEZ-235,NCIH2122,49.33437959,2,1
18076,PD325901,BEZ-235,NCIH23,34.18933049,2,1
18077,PD325901,BEZ-235,NCIH460,71.75220368,2,1
18078,PD325901,BEZ-235,NCIH520,30.60408842,2,1
18079,PD325901,BEZ-235,OCUBM,41.35762963,2,1
18080,PD325901,BEZ-235,OV90,38.85826007,2,1
18081,PD325901,BEZ-235,OVCAR3,44.7254643,2,1
18082,PD325901,BEZ-235,PA1,43.88176788,2,1
18083,PD325901,BEZ-235,RKO,47.23282881,2,1
18084,PD325901,BEZ-235,RPMI7951,46.56904693,2,1
18085,PD325901,BEZ-235,SKMEL30,30.01412908,2,1
18086,PD325901,BEZ-235,SKMES1,29.03956495,2,1
18087,PD325901,BEZ-235,SKOV3,26.75701512,2,1
18088,PD325901,BEZ-235,SW620,25.29042273,2,1
18089,PD325901,BEZ-235,SW837,37.44030911,2,1
18090,PD325901,BEZ-235,T47D,148.1269392,2,1
18091,PD325901,BEZ-235,UACC62,33.66707617,2,1
18092,PD325901,BEZ-235,UWB1289,75.36403282,2,1
18093,PD325901,BEZ-235,UWB1289BRCA1,55.33950076,2,1
18094,PD325901,BEZ-235,VCAP,33.06126982,2,1
18095,PD325901,BEZ-235,ZR751,54.7557835,2,1
18104,PD325901,BORTEZOMIB,ES2,-15.93212605,4,0
18107,PD325901,BORTEZOMIB,HT29,-16.79457932,4,0
18112,PD325901,BORTEZOMIB,MSTO,78.61081827,4,1
18113,PD325901,BORTEZOMIB,NCIH1650,-12.36159749,4,0
18117,PD325901,BORTEZOMIB,NCIH520,-27.07550907,4,0
18119,PD325901,BORTEZOMIB,OV90,-17.52413716,4,0
18125,PD325901,BORTEZOMIB,SKMES1,-27.36745967,4,0
18128,PD325901,BORTEZOMIB,SW837,22.14852846,4,1
18129,PD325901,BORTEZOMIB,T47D,-39.78659037,4,0
18130,PD325901,BORTEZOMIB,UACC62,-16.44288365,4,0
18131,PD325901,BORTEZOMIB,UWB1289,-13.92079772,4,0
18135,PD325901,DASATINIB,A2058,34.41183286,3,1
18136,PD325901,DASATINIB,A2780,120.2632418,3,1
18137,PD325901,DASATINIB,A375,63.89158362,3,1
18138,PD325901,DASATINIB,A427,50.60409503,3,1
18139,PD325901,DASATINIB,CAOV3,34.11806853,3,1
18140,PD325901,DASATINIB,COLO320DM,-15.42389804,3,0
18141,PD325901,DASATINIB,DLD1,47.32359237,3,1
18142,PD325901,DASATINIB,EFM192B,32.14932731,3,1
18143,PD325901,DASATINIB,ES2,45.11024632,3,1
18144,PD325901,DASATINIB,HCT116,42.5461097,3,1
18145,PD325901,DASATINIB,HT144,-54.10049698,3,0
18146,PD325901,DASATINIB,HT29,76.26944305,3,1
18148,PD325901,DASATINIB,LNCAP,-30.32642869,3,0
18149,PD325901,DASATINIB,LOVO,47.84534611,3,1
18151,PD325901,DASATINIB,MSTO,88.51099713,3,1
18152,PD325901,DASATINIB,NCIH1650,35.53857695,3,1
18153,PD325901,DASATINIB,NCIH2122,-35.33041775,3,0
18154,PD325901,DASATINIB,NCIH23,74.787982,3,1
18155,PD325901,DASATINIB,NCIH460,36.16984486,3,1
18156,PD325901,DASATINIB,NCIH520,-30.88625145,3,0
18158,PD325901,DASATINIB,OV90,67.0068205,3,1
18159,PD325901,DASATINIB,OVCAR3,77.82184811,3,1
18160,PD325901,DASATINIB,PA1,65.05788716,3,1
18162,PD325901,DASATINIB,RPMI7951,39.03794428,3,1
18163,PD325901,DASATINIB,SKMEL30,-74.52087255,3,0
18164,PD325901,DASATINIB,SKMES1,53.92022376,3,1
18165,PD325901,DASATINIB,SKOV3,-12.96332142,3,0
18167,PD325901,DASATINIB,SW837,71.57091661,3,1
18172,PD325901,DASATINIB,VCAP,-21.25831569,3,0
18173,PD325901,DASATINIB,ZR751,-39.65916131,3,0
18187,PD325901,DINACICLIB,LNCAP,60.86109975,0,1
18202,PD325901,DINACICLIB,SKMEL30,-13.13116448,0,0
18203,PD325901,DINACICLIB,SKMES1,-25.41461151,0,0
18206,PD325901,DINACICLIB,SW837,-15.58755929,0,0
18207,PD325901,DINACICLIB,T47D,-15.72237938,0,0
18213,PD325901,GELDANAMYCIN,A2058,-15.64318047,2,0
18226,PD325901,GELDANAMYCIN,LNCAP,44.22996314,2,1
18227,PD325901,GELDANAMYCIN,LOVO,-14.47538408,2,0
18228,PD325901,GELDANAMYCIN,MDAMB436,21.51875539,2,1
18234,PD325901,GELDANAMYCIN,NCIH520,-17.98898167,2,0
18235,PD325901,GELDANAMYCIN,OCUBM,26.53153068,2,1
18238,PD325901,GELDANAMYCIN,PA1,21.04426524,2,1
18239,PD325901,GELDANAMYCIN,RKO,47.15851302,2,1
18245,PD325901,GELDANAMYCIN,SW837,24.72695826,2,1
18248,PD325901,GELDANAMYCIN,UWB1289,-43.46051136,2,0
18249,PD325901,GELDANAMYCIN,UWB1289BRCA1,-35.14370262,2,0
18251,PD325901,GELDANAMYCIN,ZR751,-12.01401292,2,0
18252,PD325901,MK-8669,A2058,50.59972885,1,1
18253,PD325901,MK-8669,A2780,54.54255062,1,1
18254,PD325901,MK-8669,A375,22.79645097,1,1
18256,PD325901,MK-8669,CAOV3,77.15122912,1,1
18258,PD325901,MK-8669,DLD1,35.1101822,1,1
18259,PD325901,MK-8669,EFM192B,67.83657605,1,1
18260,PD325901,MK-8669,ES2,36.35480318,1,1
18262,PD325901,MK-8669,HT144,39.98456586,1,1
18263,PD325901,MK-8669,HT29,31.43070139,1,1
18264,PD325901,MK-8669,KPL1,53.78491201,1,1
18266,PD325901,MK-8669,LOVO,22.1260514,1,1
18267,PD325901,MK-8669,MDAMB436,32.34487278,1,1
18268,PD325901,MK-8669,MSTO,20.92380755,1,1
18269,PD325901,MK-8669,NCIH1650,24.21606441,1,1
18270,PD325901,MK-8669,NCIH2122,24.41490878,1,1
18271,PD325901,MK-8669,NCIH23,51.74273559,1,1
18272,PD325901,MK-8669,NCIH460,36.43127311,1,1
18274,PD325901,MK-8669,OCUBM,42.01139212,1,1
18275,PD325901,MK-8669,OV90,45.84785379,1,1
18276,PD325901,MK-8669,OVCAR3,33.22692621,1,1
18277,PD325901,MK-8669,PA1,22.8929773,1,1
18278,PD325901,MK-8669,RKO,51.32240866,1,1
18279,PD325901,MK-8669,RPMI7951,70.2233617,1,1
18280,PD325901,MK-8669,SKMEL30,30.46282896,1,1
18282,PD325901,MK-8669,SKOV3,38.31413469,1,1
18286,PD325901,MK-8669,UACC62,31.20494603,1,1
18287,PD325901,MK-8669,UWB1289,76.38346048,1,1
18288,PD325901,MK-8669,UWB1289BRCA1,47.43505416,1,1
18289,PD325901,MK-8669,VCAP,29.6917769,1,1
18290,PD325901,MK-8669,ZR751,27.98694994,1,1
18291,PD325901,MK-8776,A2058,26.97000354,2,1
18292,PD325901,MK-8776,A2780,26.38270785,2,1
18294,PD325901,MK-8776,A427,22.92195465,2,1
18295,PD325901,MK-8776,CAOV3,53.32122266,2,1
18301,PD325901,MK-8776,HT144,-176.1606766,2,0
18304,PD325901,MK-8776,LNCAP,-62.2128178,2,0
18306,PD325901,MK-8776,MDAMB436,23.98085099,2,1
18307,PD325901,MK-8776,MSTO,-18.660576,2,0
18309,PD325901,MK-8776,NCIH2122,-16.6014571,2,0
18312,PD325901,MK-8776,NCIH520,-17.19483765,2,0
18315,PD325901,MK-8776,OVCAR3,29.65632185,2,1
18320,PD325901,MK-8776,SKMES1,-12.06854377,2,0
18323,PD325901,MK-8776,SW837,-176.8580535,2,0
18324,PD325901,MK-8776,T47D,-11.48607748,2,0
18327,PD325901,MK-8776,UWB1289BRCA1,-10.61265728,2,0
18332,PD325901,OXALIPLATIN,A375,-13.80740012,0,0
18333,PD325901,OXALIPLATIN,A427,-12.08707517,0,0
18338,PD325901,OXALIPLATIN,ES2,-24.78502744,0,0
18343,PD325901,OXALIPLATIN,LNCAP,26.9431514,0,1
18349,PD325901,OXALIPLATIN,NCIH23,-20.60289978,0,0
18351,PD325901,OXALIPLATIN,NCIH520,-10.26993237,0,0
18355,PD325901,OXALIPLATIN,PA1,-22.44085823,0,0
18358,PD325901,OXALIPLATIN,SKMEL30,-13.13455833,0,0
18363,PD325901,OXALIPLATIN,T47D,-16.70918504,0,0
18364,PD325901,OXALIPLATIN,UACC62,-10.64491787,0,0
18370,PD325901,SN-38,A2780,23.84098522,2,1
18383,PD325901,SN-38,LOVO,-16.71873555,2,0
18393,PD325901,SN-38,OVCAR3,31.58342868,2,1
18408,PD325901,SORAFENIB,A2058,32.75493425,0,1
18414,PD325901,SORAFENIB,DLD1,30.22122,0,1
18417,PD325901,SORAFENIB,HCT116,32.04243007,0,1
18424,PD325901,SORAFENIB,MSTO,-23.53988819,0,0
18426,PD325901,SORAFENIB,NCIH2122,32.4165219,0,1
18427,PD325901,SORAFENIB,NCIH23,25.50543739,0,1
18428,PD325901,SORAFENIB,NCIH460,27.78735242,0,1
18430,PD325901,SORAFENIB,OCUBM,29.82909691,0,1
18434,PD325901,SORAFENIB,RKO,49.22600161,0,1
18438,PD325901,SORAFENIB,SKOV3,33.77086076,0,1
18441,PD325901,SORAFENIB,T47D,25.06654998,0,1
18443,PD325901,SORAFENIB,UWB1289,21.98340994,0,1
18448,PD325901,TOPOTECAN,A2780,20.06943462,2,1
18449,PD325901,TOPOTECAN,A375,-25.96691079,2,0
18450,PD325901,TOPOTECAN,A427,30.54030101,2,1
18453,PD325901,TOPOTECAN,DLD1,25.25700463,2,1
18457,PD325901,TOPOTECAN,HT144,30.22445686,2,1
18465,PD325901,TOPOTECAN,NCIH2122,20.521786,2,1
18470,PD325901,TOPOTECAN,OV90,38.43309167,2,1
18473,PD325901,TOPOTECAN,RKO,24.55144325,2,1
18476,PD325901,TOPOTECAN,SKMES1,-10.56883635,2,0
18478,PD325901,TOPOTECAN,SW620,21.0002154,2,1
18485,PD325901,TOPOTECAN,ZR751,28.15680851,2,1
18486,SN-38,DINACICLIB,A2058,-10.05562123,0,0
18490,SN-38,DINACICLIB,CAOV3,-15.42359033,0,0
18493,SN-38,DINACICLIB,EFM192B,-11.74812241,0,0
18494,SN-38,DINACICLIB,ES2,-16.47125333,0,0
18496,SN-38,DINACICLIB,HT144,-10.90444835,0,0
18497,SN-38,DINACICLIB,HT29,-12.21497031,0,0
18500,SN-38,DINACICLIB,LOVO,-13.48023349,0,0
18506,SN-38,DINACICLIB,NCIH460,-14.30283868,0,0
18507,SN-38,DINACICLIB,NCIH520,-10.64908493,0,0
18508,SN-38,DINACICLIB,OCUBM,-15.7923163,0,0
18509,SN-38,DINACICLIB,OV90,-29.13620799,0,0
18511,SN-38,DINACICLIB,PA1,-18.58064992,0,0
18516,SN-38,DINACICLIB,SKOV3,-19.29037128,0,0
18517,SN-38,DINACICLIB,SW620,-12.57129115,0,0
18518,SN-38,DINACICLIB,SW837,-24.85242824,0,0
18519,SN-38,DINACICLIB,T47D,-36.17621345,0,0
18525,SN-38,MK-8776,A2058,24.39934345,0,1
18531,SN-38,MK-8776,DLD1,-10.25563212,0,0
18538,SN-38,MK-8776,LNCAP,26.25231838,0,1
18547,SN-38,MK-8776,OCUBM,20.25769347,0,1
18548,SN-38,MK-8776,OV90,-13.54692218,0,0
18549,SN-38,MK-8776,OVCAR3,71.55410751,0,1
18553,SN-38,MK-8776,SKMEL30,27.813344,0,1
18557,SN-38,MK-8776,SW837,-12.37564347,0,0
18558,SN-38,MK-8776,T47D,-66.83200902,0,0
18566,SN-38,SORAFENIB,A375,24.54493163,2,1
18568,SN-38,SORAFENIB,CAOV3,-12.59745128,2,0
18577,SN-38,SORAFENIB,LNCAP,-31.58170357,2,0
18580,SN-38,SORAFENIB,MSTO,-11.87042325,2,0
18584,SN-38,SORAFENIB,NCIH460,26.15363311,2,1
18588,SN-38,SORAFENIB,OVCAR3,-12.0527256,2,0
18615,SORAFENIB,DINACICLIB,KPL1,-13.04009017,1,0
18616,SORAFENIB,DINACICLIB,LNCAP,-11.80766207,1,0
18617,SORAFENIB,DINACICLIB,LOVO,-18.95008123,1,0
18619,SORAFENIB,DINACICLIB,MSTO,-10.49483318,1,0
18627,SORAFENIB,DINACICLIB,OVCAR3,-17.70993046,1,0
18633,SORAFENIB,DINACICLIB,SKOV3,-12.96470758,1,0
18635,SORAFENIB,DINACICLIB,SW837,-10.32327934,1,0
18640,SORAFENIB,DINACICLIB,VCAP,-15.41333329,1,0
18641,SORAFENIB,DINACICLIB,ZR751,-27.86677853,1,0
18650,SORAFENIB,MK-8776,ES2,-10.31605772,4,0
18660,SORAFENIB,MK-8776,NCIH2122,-17.19224053,4,0
18666,SORAFENIB,MK-8776,OVCAR3,-26.12102771,4,0
18669,SORAFENIB,MK-8776,RPMI7951,-10.88523682,4,0
18671,SORAFENIB,MK-8776,SKMES1,-18.39657512,4,0
18674,SORAFENIB,MK-8776,SW837,-12.57022198,4,0
18678,SORAFENIB,MK-8776,UWB1289BRCA1,-18.92562737,4,0
18680,SORAFENIB,MK-8776,ZR751,-20.82098769,4,0
18714,SUNITINIB,ABT-888,T47D,21.82066136,4,1
18739,SUNITINIB,AZD1775,NCIH23,-11.39252389,2,0
18755,SUNITINIB,AZD1775,UWB1289,48.64333719,2,1
18757,SUNITINIB,AZD1775,VCAP,-11.69308854,2,0
18759,SUNITINIB,BEZ-235,A2058,24.66002217,1,1
18762,SUNITINIB,BEZ-235,A427,31.47767467,1,1
18765,SUNITINIB,BEZ-235,DLD1,21.19619196,1,1
18768,SUNITINIB,BEZ-235,HCT116,31.61578366,1,1
18770,SUNITINIB,BEZ-235,HT29,29.83266038,1,1
18772,SUNITINIB,BEZ-235,LNCAP,53.16574069,1,1
18774,SUNITINIB,BEZ-235,MDAMB436,21.19485885,1,1
18777,SUNITINIB,BEZ-235,NCIH2122,24.65151692,1,1
18779,SUNITINIB,BEZ-235,NCIH460,32.62195013,1,1
18782,SUNITINIB,BEZ-235,OV90,20.52682538,1,1
18788,SUNITINIB,BEZ-235,SKMES1,20.92319798,1,1
18792,SUNITINIB,BEZ-235,T47D,72.21669983,1,1
18793,SUNITINIB,BEZ-235,UACC62,20.03227489,1,1
18794,SUNITINIB,BEZ-235,UWB1289,24.42569447,1,1
18795,SUNITINIB,BEZ-235,UWB1289BRCA1,23.73447956,1,1
18796,SUNITINIB,BEZ-235,VCAP,32.79137954,1,1
18802,SUNITINIB,BORTEZOMIB,CAOV3,-10.75026614,4,0
18803,SUNITINIB,BORTEZOMIB,COLO320DM,-12.56003458,4,0
18811,SUNITINIB,BORTEZOMIB,LNCAP,-11.13507221,4,0
18814,SUNITINIB,BORTEZOMIB,MSTO,24.15870463,4,1
18817,SUNITINIB,BORTEZOMIB,NCIH23,-11.42714897,4,0
18819,SUNITINIB,BORTEZOMIB,NCIH520,-21.27042427,4,0
18823,SUNITINIB,BORTEZOMIB,PA1,-14.48060136,4,0
18825,SUNITINIB,BORTEZOMIB,RPMI7951,-11.23959783,4,0
18827,SUNITINIB,BORTEZOMIB,SKMES1,-14.86661156,4,0
18833,SUNITINIB,BORTEZOMIB,UWB1289,-11.48708888,4,0
18836,SUNITINIB,BORTEZOMIB,ZR751,-23.3950552,4,0
18837,SUNITINIB,DASATINIB,A2058,41.58251285,1,1
18838,SUNITINIB,DASATINIB,A2780,40.04370628,1,1
18839,SUNITINIB,DASATINIB,A375,33.82410935,1,1
18840,SUNITINIB,DASATINIB,A427,30.75548923,1,1
18843,SUNITINIB,DASATINIB,DLD1,29.71713087,1,1
18845,SUNITINIB,DASATINIB,ES2,24.69207415,1,1
18846,SUNITINIB,DASATINIB,HCT116,38.9382048,1,1
18848,SUNITINIB,DASATINIB,HT29,41.16852468,1,1
18851,SUNITINIB,DASATINIB,LOVO,23.54768121,1,1
18852,SUNITINIB,DASATINIB,MDAMB436,24.70735759,1,1
18853,SUNITINIB,DASATINIB,MSTO,28.38551818,1,1
18854,SUNITINIB,DASATINIB,NCIH1650,26.83033164,1,1
18856,SUNITINIB,DASATINIB,NCIH23,28.32645801,1,1
18857,SUNITINIB,DASATINIB,NCIH460,29.15348207,1,1
18858,SUNITINIB,DASATINIB,NCIH520,31.99993727,1,1
18861,SUNITINIB,DASATINIB,OVCAR3,33.77453847,1,1
18862,SUNITINIB,DASATINIB,PA1,25.83703951,1,1
18863,SUNITINIB,DASATINIB,RKO,34.35606881,1,1
18868,SUNITINIB,DASATINIB,SW620,35.40155136,1,1
18869,SUNITINIB,DASATINIB,SW837,23.08920175,1,1
18871,SUNITINIB,DASATINIB,UACC62,26.17570936,1,1
18874,SUNITINIB,DASATINIB,VCAP,26.54232067,1,1
18908,SUNITINIB,DINACICLIB,SW837,-13.36383855,0,0
18913,SUNITINIB,DINACICLIB,VCAP,21.01552975,0,1
18921,SUNITINIB,ERLOTINIB,DLD1,20.27346526,2,1
18931,SUNITINIB,ERLOTINIB,MSTO,-55.64842832,2,0
18933,SUNITINIB,ERLOTINIB,NCIH2122,21.39431817,2,1
18939,SUNITINIB,ERLOTINIB,OVCAR3,24.00778324,2,1
18944,SUNITINIB,ERLOTINIB,SKMES1,22.52686829,2,1
18948,SUNITINIB,ERLOTINIB,T47D,24.14061823,2,1
18949,SUNITINIB,ERLOTINIB,UACC62,21.73023418,2,1
18960,SUNITINIB,GELDANAMYCIN,DLD1,21.65739918,3,1
18963,SUNITINIB,GELDANAMYCIN,HCT116,23.73238862,3,1
18987,SUNITINIB,GELDANAMYCIN,T47D,24.2090514,3,1
18988,SUNITINIB,GELDANAMYCIN,UACC62,21.84465528,3,1
18992,SUNITINIB,GELDANAMYCIN,ZR751,-15.70454178,3,0
18993,SUNITINIB,LAPATINIB,A2058,32.91888222,3,1
18995,SUNITINIB,LAPATINIB,A375,20.50422706,3,1
18999,SUNITINIB,LAPATINIB,DLD1,28.92888281,3,1
19000,SUNITINIB,LAPATINIB,EFM192B,22.74417986,3,1
19002,SUNITINIB,LAPATINIB,HCT116,21.41984894,3,1
19003,SUNITINIB,LAPATINIB,HT144,22.64869753,3,1
19006,SUNITINIB,LAPATINIB,LNCAP,-17.74302313,3,0
19007,SUNITINIB,LAPATINIB,LOVO,22.24450212,3,1
19010,SUNITINIB,LAPATINIB,NCIH1650,26.40579566,3,1
19011,SUNITINIB,LAPATINIB,NCIH2122,26.21530343,3,1
19015,SUNITINIB,LAPATINIB,OCUBM,25.78817394,3,1
19017,SUNITINIB,LAPATINIB,OVCAR3,27.94854565,3,1
19018,SUNITINIB,LAPATINIB,PA1,24.87308244,3,1
19021,SUNITINIB,LAPATINIB,SKMEL30,21.16736647,3,1
19022,SUNITINIB,LAPATINIB,SKMES1,20.30589915,3,1
19023,SUNITINIB,LAPATINIB,SKOV3,31.15298142,3,1
19025,SUNITINIB,LAPATINIB,SW837,22.79718607,3,1
19027,SUNITINIB,LAPATINIB,UACC62,27.85347166,3,1
19030,SUNITINIB,LAPATINIB,VCAP,24.3430227,3,1
19032,SUNITINIB,MK-2206,A2058,42.28215968,2,1
19033,SUNITINIB,MK-2206,A2780,22.4925017,2,1
19038,SUNITINIB,MK-2206,DLD1,26.44611594,2,1
19041,SUNITINIB,MK-2206,HCT116,28.55836726,2,1
19042,SUNITINIB,MK-2206,HT144,23.43195844,2,1
19043,SUNITINIB,MK-2206,HT29,35.49247373,2,1
19044,SUNITINIB,MK-2206,KPL1,32.70902397,2,1
19046,SUNITINIB,MK-2206,LOVO,24.36712124,2,1
19049,SUNITINIB,MK-2206,NCIH1650,21.03615578,2,1
19052,SUNITINIB,MK-2206,NCIH460,29.00535904,2,1
19057,SUNITINIB,MK-2206,PA1,39.77188453,2,1
19060,SUNITINIB,MK-2206,SKMEL30,26.3444059,2,1
19061,SUNITINIB,MK-2206,SKMES1,24.43982611,2,1
19062,SUNITINIB,MK-2206,SKOV3,31.18890972,2,1
19066,SUNITINIB,MK-2206,UACC62,34.74326094,2,1
19067,SUNITINIB,MK-2206,UWB1289,26.5000621,2,1
19068,SUNITINIB,MK-2206,UWB1289BRCA1,38.23378914,2,1
19069,SUNITINIB,MK-2206,VCAP,21.15676092,2,1
19084,SUNITINIB,MK-4827,LNCAP,-18.95486338,1,0
19096,SUNITINIB,MK-4827,PA1,-14.19756788,1,0
19098,SUNITINIB,MK-4827,RPMI7951,-13.22158697,1,0
19123,SUNITINIB,MK-5108,LNCAP,-24.4631434,0,0
19132,SUNITINIB,MK-5108,OCUBM,-11.3783538,0,0
19137,SUNITINIB,MK-5108,RPMI7951,-14.12451317,0,0
19149,SUNITINIB,MK-8669,A2058,39.69465197,4,1
19150,SUNITINIB,MK-8669,A2780,20.37346981,4,1
19151,SUNITINIB,MK-8669,A375,30.14062261,4,1
19152,SUNITINIB,MK-8669,A427,24.12233199,4,1
19153,SUNITINIB,MK-8669,CAOV3,21.1508162,4,1
19155,SUNITINIB,MK-8669,DLD1,32.93390159,4,1
19156,SUNITINIB,MK-8669,EFM192B,21.23463177,4,1
19157,SUNITINIB,MK-8669,ES2,35.48605718,4,1
19158,SUNITINIB,MK-8669,HCT116,21.90438438,4,1
19159,SUNITINIB,MK-8669,HT144,35.08260116,4,1
19160,SUNITINIB,MK-8669,HT29,27.90031264,4,1
19161,SUNITINIB,MK-8669,KPL1,26.82422619,4,1
19163,SUNITINIB,MK-8669,LOVO,21.18513113,4,1
19166,SUNITINIB,MK-8669,NCIH1650,22.68912093,4,1
19167,SUNITINIB,MK-8669,NCIH2122,31.07778854,4,1
19168,SUNITINIB,MK-8669,NCIH23,30.99170677,4,1
19169,SUNITINIB,MK-8669,NCIH460,27.40670646,4,1
19172,SUNITINIB,MK-8669,OV90,24.22191439,4,1
19173,SUNITINIB,MK-8669,OVCAR3,27.82408105,4,1
19174,SUNITINIB,MK-8669,PA1,29.03137749,4,1
19176,SUNITINIB,MK-8669,RPMI7951,20.17710525,4,1
19177,SUNITINIB,MK-8669,SKMEL30,27.13818651,4,1
19178,SUNITINIB,MK-8669,SKMES1,22.25602228,4,1
19179,SUNITINIB,MK-8669,SKOV3,37.92118634,4,1
19182,SUNITINIB,MK-8669,T47D,35.21040548,4,1
19183,SUNITINIB,MK-8669,UACC62,37.77738472,4,1
19184,SUNITINIB,MK-8669,UWB1289,29.61394803,4,1
19185,SUNITINIB,MK-8669,UWB1289BRCA1,28.90203175,4,1
19187,SUNITINIB,MK-8669,ZR751,33.32250999,4,1
19188,SUNITINIB,MK-8776,A2058,26.42253802,2,1
19190,SUNITINIB,MK-8776,A375,29.50824541,2,1
19204,SUNITINIB,MK-8776,MSTO,-10.82486857,2,0
19206,SUNITINIB,MK-8776,NCIH2122,-14.96504772,2,0
19215,SUNITINIB,MK-8776,RPMI7951,-16.66751866,2,0
19217,SUNITINIB,MK-8776,SKMES1,-12.1713736,2,0
19223,SUNITINIB,MK-8776,UWB1289,-10.38613876,2,0
19224,SUNITINIB,MK-8776,UWB1289BRCA1,-23.00522884,2,0
19235,SUNITINIB,OXALIPLATIN,ES2,-10.70424767,3,0
19242,SUNITINIB,OXALIPLATIN,MDAMB436,-11.76718544,3,0
19243,SUNITINIB,OXALIPLATIN,MSTO,-10.57727853,3,0
19246,SUNITINIB,OXALIPLATIN,NCIH23,-18.34910417,3,0
19247,SUNITINIB,OXALIPLATIN,NCIH460,-14.16787081,3,0
19252,SUNITINIB,OXALIPLATIN,PA1,-14.66035141,3,0
19253,SUNITINIB,OXALIPLATIN,RKO,-11.62244957,3,0
19254,SUNITINIB,OXALIPLATIN,RPMI7951,-30.95236774,3,0
19267,SUNITINIB,PD325901,A2780,26.97542363,4,1
19268,SUNITINIB,PD325901,A375,22.88545819,4,1
19269,SUNITINIB,PD325901,A427,20.14544689,4,1
19274,SUNITINIB,PD325901,ES2,29.24674292,4,1
19275,SUNITINIB,PD325901,HCT116,33.46939087,4,1
19291,SUNITINIB,PD325901,PA1,20.41320836,4,1
19292,SUNITINIB,PD325901,RKO,27.81362587,4,1
19299,SUNITINIB,PD325901,T47D,22.51885969,4,1
19343,SUNITINIB,SN-38,ZR751,-14.27012356,1,0
19357,SUNITINIB,SORAFENIB,LNCAP,-15.96997332,3,0
19360,SUNITINIB,SORAFENIB,MSTO,-20.86987375,3,0
19368,SUNITINIB,SORAFENIB,OVCAR3,-11.87287581,3,0
19371,SUNITINIB,SORAFENIB,RPMI7951,-11.48395923,3,0
19386,SUNITINIB,TEMOZOLOMIDE,A427,26.70372495,2,1
19410,SUNITINIB,TEMOZOLOMIDE,RPMI7951,-15.69254211,2,0
19412,SUNITINIB,TEMOZOLOMIDE,SKMES1,20.64774615,2,1
19421,SUNITINIB,TEMOZOLOMIDE,ZR751,-20.71692107,2,0
19428,SUNITINIB,TOPOTECAN,DLD1,-13.64395857,2,0
19433,SUNITINIB,TOPOTECAN,HT29,-17.94488035,2,0
19435,SUNITINIB,TOPOTECAN,LNCAP,-15.1695617,2,0
19441,SUNITINIB,TOPOTECAN,NCIH23,-12.06479848,2,0
19445,SUNITINIB,TOPOTECAN,OV90,-14.40264226,2,0
19446,SUNITINIB,TOPOTECAN,OVCAR3,-33.06806292,2,0
19452,SUNITINIB,TOPOTECAN,SKOV3,-11.46861828,2,0
19455,SUNITINIB,TOPOTECAN,T47D,-23.30031907,2,0
19457,SUNITINIB,TOPOTECAN,UWB1289,-12.7867775,2,0
19461,TEMOZOLOMIDE,ABT-888,A2058,41.18812185,4,1
19462,TEMOZOLOMIDE,ABT-888,A2780,54.41816094,4,1
19463,TEMOZOLOMIDE,ABT-888,A375,30.29916003,4,1
19464,TEMOZOLOMIDE,ABT-888,A427,29.9477946,4,1
19465,TEMOZOLOMIDE,ABT-888,CAOV3,24.44841261,4,1
19474,TEMOZOLOMIDE,ABT-888,LNCAP,37.16690416,4,1
19476,TEMOZOLOMIDE,ABT-888,MDAMB436,42.31099657,4,1
19477,TEMOZOLOMIDE,ABT-888,MSTO,52.39294276,4,1
19478,TEMOZOLOMIDE,ABT-888,NCIH1650,-31.11345697,4,0
19483,TEMOZOLOMIDE,ABT-888,OCUBM,64.50570371,4,1
19485,TEMOZOLOMIDE,ABT-888,OVCAR3,31.18018303,4,1
19486,TEMOZOLOMIDE,ABT-888,PA1,43.06352049,4,1
19487,TEMOZOLOMIDE,ABT-888,RKO,-17.732365,4,0
19489,TEMOZOLOMIDE,ABT-888,SKMEL30,20.66058706,4,1
19490,TEMOZOLOMIDE,ABT-888,SKMES1,22.89415432,4,1
19493,TEMOZOLOMIDE,ABT-888,SW837,-12.75101612,4,0
19496,TEMOZOLOMIDE,ABT-888,UWB1289,29.53483447,4,1
19497,TEMOZOLOMIDE,ABT-888,UWB1289BRCA1,20.01145863,4,1
19498,TEMOZOLOMIDE,ABT-888,VCAP,-32.87918239,4,0
19499,TEMOZOLOMIDE,ABT-888,ZR751,-48.17928606,4,0
19500,TEMOZOLOMIDE,AZD1775,A2058,38.79701735,4,1
19503,TEMOZOLOMIDE,AZD1775,A427,49.3801093,4,1
19507,TEMOZOLOMIDE,AZD1775,EFM192B,-29.46794243,4,0
19516,TEMOZOLOMIDE,AZD1775,MSTO,30.4450859,4,1
19522,TEMOZOLOMIDE,AZD1775,OCUBM,21.99311195,4,1
19527,TEMOZOLOMIDE,AZD1775,RPMI7951,27.88745323,4,1
19528,TEMOZOLOMIDE,AZD1775,SKMEL30,36.70677336,4,1
19529,TEMOZOLOMIDE,AZD1775,SKMES1,30.41800861,4,1
19530,TEMOZOLOMIDE,AZD1775,SKOV3,21.58212515,4,1
19533,TEMOZOLOMIDE,AZD1775,T47D,-25.59398837,4,0
19535,TEMOZOLOMIDE,AZD1775,UWB1289,105.5375668,4,1
19537,TEMOZOLOMIDE,AZD1775,VCAP,24.63421476,4,1
19538,TEMOZOLOMIDE,AZD1775,ZR751,-58.15455341,4,0
19540,TEMOZOLOMIDE,BEZ-235,A2780,27.79783309,4,1
19541,TEMOZOLOMIDE,BEZ-235,A375,24.82541767,4,1
19542,TEMOZOLOMIDE,BEZ-235,A427,51.58449359,4,1
19543,TEMOZOLOMIDE,BEZ-235,CAOV3,37.92546499,4,1
19544,TEMOZOLOMIDE,BEZ-235,COLO320DM,34.75499386,4,1
19547,TEMOZOLOMIDE,BEZ-235,ES2,32.65065026,4,1
19550,TEMOZOLOMIDE,BEZ-235,HT29,20.71305958,4,1
19552,TEMOZOLOMIDE,BEZ-235,LNCAP,97.13551468,4,1
19553,TEMOZOLOMIDE,BEZ-235,LOVO,22.24472167,4,1
19554,TEMOZOLOMIDE,BEZ-235,MDAMB436,23.51434795,4,1
19555,TEMOZOLOMIDE,BEZ-235,MSTO,45.02924651,4,1
19559,TEMOZOLOMIDE,BEZ-235,NCIH460,23.5558071,4,1
19560,TEMOZOLOMIDE,BEZ-235,NCIH520,20.70259235,4,1
19561,TEMOZOLOMIDE,BEZ-235,OCUBM,26.1457118,4,1
19562,TEMOZOLOMIDE,BEZ-235,OV90,24.87437084,4,1
19564,TEMOZOLOMIDE,BEZ-235,PA1,23.70126551,4,1
19565,TEMOZOLOMIDE,BEZ-235,RKO,-11.9422058,4,0
19566,TEMOZOLOMIDE,BEZ-235,RPMI7951,25.29538226,4,1
19567,TEMOZOLOMIDE,BEZ-235,SKMEL30,44.49785815,4,1
19568,TEMOZOLOMIDE,BEZ-235,SKMES1,45.57471861,4,1
19571,TEMOZOLOMIDE,BEZ-235,SW837,21.38063848,4,1
19572,TEMOZOLOMIDE,BEZ-235,T47D,125.5331215,4,1
19573,TEMOZOLOMIDE,BEZ-235,UACC62,29.67509151,4,1
19574,TEMOZOLOMIDE,BEZ-235,UWB1289,39.38293256,4,1
19575,TEMOZOLOMIDE,BEZ-235,UWB1289BRCA1,41.39320229,4,1
19579,TEMOZOLOMIDE,BORTEZOMIB,A2780,-10.80164188,1,0
19582,TEMOZOLOMIDE,BORTEZOMIB,CAOV3,-18.34832366,1,0
19585,TEMOZOLOMIDE,BORTEZOMIB,EFM192B,-30.19302841,1,0
19586,TEMOZOLOMIDE,BORTEZOMIB,ES2,-20.09520393,1,0
19588,TEMOZOLOMIDE,BORTEZOMIB,HT144,-22.514284,1,0
19589,TEMOZOLOMIDE,BORTEZOMIB,HT29,-22.55139135,1,0
19590,TEMOZOLOMIDE,BORTEZOMIB,KPL1,-26.27031618,1,0
19594,TEMOZOLOMIDE,BORTEZOMIB,MSTO,64.22626125,1,1
19595,TEMOZOLOMIDE,BORTEZOMIB,NCIH1650,-30.05710857,1,0
19596,TEMOZOLOMIDE,BORTEZOMIB,NCIH2122,-16.6757735,1,0
19597,TEMOZOLOMIDE,BORTEZOMIB,NCIH23,-26.3835498,1,0
19598,TEMOZOLOMIDE,BORTEZOMIB,NCIH460,-24.53825984,1,0
19599,TEMOZOLOMIDE,BORTEZOMIB,NCIH520,-22.67214272,1,0
19602,TEMOZOLOMIDE,BORTEZOMIB,OVCAR3,-18.88944112,1,0
19604,TEMOZOLOMIDE,BORTEZOMIB,RKO,-26.60910397,1,0
19608,TEMOZOLOMIDE,BORTEZOMIB,SKOV3,-16.05876186,1,0
19610,TEMOZOLOMIDE,BORTEZOMIB,SW837,-15.05217958,1,0
19611,TEMOZOLOMIDE,BORTEZOMIB,T47D,-20.79693742,1,0
19612,TEMOZOLOMIDE,BORTEZOMIB,UACC62,-18.67739174,1,0
19613,TEMOZOLOMIDE,BORTEZOMIB,UWB1289,-10.40717536,1,0
19615,TEMOZOLOMIDE,BORTEZOMIB,VCAP,-12.5438155,1,0
19617,TEMOZOLOMIDE,DASATINIB,A2058,35.83133859,0,1
19618,TEMOZOLOMIDE,DASATINIB,A2780,43.36531695,0,1
19620,TEMOZOLOMIDE,DASATINIB,A427,75.39054034,0,1
19621,TEMOZOLOMIDE,DASATINIB,CAOV3,-29.54940801,0,0
19626,TEMOZOLOMIDE,DASATINIB,HCT116,-38.05504082,0,0
19627,TEMOZOLOMIDE,DASATINIB,HT144,-70.06275839,0,0
19628,TEMOZOLOMIDE,DASATINIB,HT29,-19.48677409,0,0
19629,TEMOZOLOMIDE,DASATINIB,KPL1,-15.55018341,0,0
19633,TEMOZOLOMIDE,DASATINIB,MSTO,98.75639633,0,1
19635,TEMOZOLOMIDE,DASATINIB,NCIH2122,-93.75462962,0,0
19638,TEMOZOLOMIDE,DASATINIB,NCIH520,21.99613399,0,1
19639,TEMOZOLOMIDE,DASATINIB,OCUBM,-12.53563704,0,0
19641,TEMOZOLOMIDE,DASATINIB,OVCAR3,45.87917399,0,1
19642,TEMOZOLOMIDE,DASATINIB,PA1,24.51252286,0,1
19643,TEMOZOLOMIDE,DASATINIB,RKO,-31.06141838,0,0
19644,TEMOZOLOMIDE,DASATINIB,RPMI7951,30.90064766,0,1
19645,TEMOZOLOMIDE,DASATINIB,SKMEL30,-19.64802654,0,0
19648,TEMOZOLOMIDE,DASATINIB,SW620,42.14149915,0,1
19650,TEMOZOLOMIDE,DASATINIB,T47D,-48.83282624,0,0
19651,TEMOZOLOMIDE,DASATINIB,UACC62,-10.45237754,0,0
19654,TEMOZOLOMIDE,DASATINIB,VCAP,-51.49425284,0,0
19655,TEMOZOLOMIDE,DASATINIB,ZR751,-88.10193126,0,0
19660,TEMOZOLOMIDE,DINACICLIB,CAOV3,-16.69389736,0,0
19666,TEMOZOLOMIDE,DINACICLIB,HT144,-112.8985594,0,0
19668,TEMOZOLOMIDE,DINACICLIB,KPL1,-11.21521436,0,0
19669,TEMOZOLOMIDE,DINACICLIB,LNCAP,-47.84756929,0,0
19670,TEMOZOLOMIDE,DINACICLIB,LOVO,-11.89639077,0,0
19672,TEMOZOLOMIDE,DINACICLIB,MSTO,-43.69350464,0,0
19688,TEMOZOLOMIDE,DINACICLIB,SW837,-85.3988769,0,0
19689,TEMOZOLOMIDE,DINACICLIB,T47D,-21.73465024,0,0
19692,TEMOZOLOMIDE,DINACICLIB,UWB1289BRCA1,20.07218912,0,1
19694,TEMOZOLOMIDE,DINACICLIB,ZR751,-44.06052265,0,0
19695,TEMOZOLOMIDE,ERLOTINIB,A2058,23.16919171,4,1
19696,TEMOZOLOMIDE,ERLOTINIB,A2780,30.84922294,4,1
19698,TEMOZOLOMIDE,ERLOTINIB,A427,33.22563812,4,1
19699,TEMOZOLOMIDE,ERLOTINIB,CAOV3,-36.26072775,4,0
19700,TEMOZOLOMIDE,ERLOTINIB,COLO320DM,33.56337096,4,1
19702,TEMOZOLOMIDE,ERLOTINIB,EFM192B,-18.33340599,4,0
19704,TEMOZOLOMIDE,ERLOTINIB,HCT116,22.53207054,4,1
19711,TEMOZOLOMIDE,ERLOTINIB,MSTO,-49.23518266,4,0
19712,TEMOZOLOMIDE,ERLOTINIB,NCIH1650,-31.23251346,4,0
19717,TEMOZOLOMIDE,ERLOTINIB,OCUBM,-25.87480178,4,0
19719,TEMOZOLOMIDE,ERLOTINIB,OVCAR3,-26.01622561,4,0
19721,TEMOZOLOMIDE,ERLOTINIB,RKO,-14.28199136,4,0
19728,TEMOZOLOMIDE,ERLOTINIB,T47D,-25.75609877,4,0
19729,TEMOZOLOMIDE,ERLOTINIB,UACC62,28.79115016,4,1
19730,TEMOZOLOMIDE,ERLOTINIB,UWB1289,22.58370777,4,1
19733,TEMOZOLOMIDE,ERLOTINIB,ZR751,-53.82800028,4,0
19734,TEMOZOLOMIDE,GELDANAMYCIN,A2058,42.11185035,0,1
19737,TEMOZOLOMIDE,GELDANAMYCIN,A427,34.08669248,0,1
19738,TEMOZOLOMIDE,GELDANAMYCIN,CAOV3,-11.61551746,0,0
19741,TEMOZOLOMIDE,GELDANAMYCIN,EFM192B,-14.36055011,0,0
19744,TEMOZOLOMIDE,GELDANAMYCIN,HT144,-16.7660734,0,0
19746,TEMOZOLOMIDE,GELDANAMYCIN,KPL1,-34.11838441,0,0
19750,TEMOZOLOMIDE,GELDANAMYCIN,MSTO,-16.08640456,0,0
19751,TEMOZOLOMIDE,GELDANAMYCIN,NCIH1650,-32.42260795,0,0
19752,TEMOZOLOMIDE,GELDANAMYCIN,NCIH2122,-16.66110668,0,0
19753,TEMOZOLOMIDE,GELDANAMYCIN,NCIH23,-25.69200386,0,0
19754,TEMOZOLOMIDE,GELDANAMYCIN,NCIH460,-15.34747403,0,0
19755,TEMOZOLOMIDE,GELDANAMYCIN,NCIH520,-10.28606148,0,0
19756,TEMOZOLOMIDE,GELDANAMYCIN,OCUBM,-13.88953866,0,0
19760,TEMOZOLOMIDE,GELDANAMYCIN,RKO,-32.85212692,0,0
19762,TEMOZOLOMIDE,GELDANAMYCIN,SKMEL30,23.25775584,0,1
19764,TEMOZOLOMIDE,GELDANAMYCIN,SKOV3,-28.68585428,0,0
19766,TEMOZOLOMIDE,GELDANAMYCIN,SW837,-26.19824485,0,0
19767,TEMOZOLOMIDE,GELDANAMYCIN,T47D,-35.90471742,0,0
19768,TEMOZOLOMIDE,GELDANAMYCIN,UACC62,-18.90422789,0,0
19770,TEMOZOLOMIDE,GELDANAMYCIN,UWB1289BRCA1,-10.64449108,0,0
19771,TEMOZOLOMIDE,GELDANAMYCIN,VCAP,-40.59807165,0,0
19772,TEMOZOLOMIDE,GELDANAMYCIN,ZR751,-39.65495694,0,0
19773,TEMOZOLOMIDE,LAPATINIB,A2058,20.26452956,4,1
19774,TEMOZOLOMIDE,LAPATINIB,A2780,22.47873475,4,1
19785,TEMOZOLOMIDE,LAPATINIB,KPL1,-11.1993314,4,0
19790,TEMOZOLOMIDE,LAPATINIB,NCIH1650,-25.78010708,4,0
19795,TEMOZOLOMIDE,LAPATINIB,OCUBM,-11.94945636,4,0
19797,TEMOZOLOMIDE,LAPATINIB,OVCAR3,22.73412044,4,1
19798,TEMOZOLOMIDE,LAPATINIB,PA1,23.71644493,4,1
19801,TEMOZOLOMIDE,LAPATINIB,SKMEL30,23.5185448,4,1
19803,TEMOZOLOMIDE,LAPATINIB,SKOV3,-12.14107808,4,0
19806,TEMOZOLOMIDE,LAPATINIB,T47D,-87.2150434,4,0
19807,TEMOZOLOMIDE,LAPATINIB,UACC62,27.12344862,4,1
19808,TEMOZOLOMIDE,LAPATINIB,UWB1289,20.98276548,4,1
19809,TEMOZOLOMIDE,LAPATINIB,UWB1289BRCA1,32.87884584,4,1
19811,TEMOZOLOMIDE,LAPATINIB,ZR751,-40.74352858,4,0
19815,TEMOZOLOMIDE,MK-2206,A427,30.45352386,1,1
19817,TEMOZOLOMIDE,MK-2206,COLO320DM,23.89441195,1,1
19819,TEMOZOLOMIDE,MK-2206,EFM192B,-17.15157624,1,0
19824,TEMOZOLOMIDE,MK-2206,KPL1,24.63347878,1,1
19828,TEMOZOLOMIDE,MK-2206,MSTO,31.07363225,1,1
19829,TEMOZOLOMIDE,MK-2206,NCIH1650,-34.48292861,1,0
19834,TEMOZOLOMIDE,MK-2206,OCUBM,-14.00824155,1,0
19836,TEMOZOLOMIDE,MK-2206,OVCAR3,-14.38326211,1,0
19839,TEMOZOLOMIDE,MK-2206,RPMI7951,24.97117194,1,1
19840,TEMOZOLOMIDE,MK-2206,SKMEL30,29.67219831,1,1
19841,TEMOZOLOMIDE,MK-2206,SKMES1,22.09312489,1,1
19845,TEMOZOLOMIDE,MK-2206,T47D,-31.49347594,1,0
19846,TEMOZOLOMIDE,MK-2206,UACC62,22.96835963,1,1
19847,TEMOZOLOMIDE,MK-2206,UWB1289,24.62019742,1,1
19848,TEMOZOLOMIDE,MK-2206,UWB1289BRCA1,25.38103787,1,1
19849,TEMOZOLOMIDE,MK-2206,VCAP,-10.89354601,1,0
19851,TEMOZOLOMIDE,MK-4827,A2058,42.24158471,3,1
19852,TEMOZOLOMIDE,MK-4827,A2780,71.43443667,3,1
19853,TEMOZOLOMIDE,MK-4827,A375,81.08679403,3,1
19854,TEMOZOLOMIDE,MK-4827,A427,45.58244304,3,1
19855,TEMOZOLOMIDE,MK-4827,CAOV3,88.22178634,3,1
19857,TEMOZOLOMIDE,MK-4827,DLD1,30.33516707,3,1
19858,TEMOZOLOMIDE,MK-4827,EFM192B,113.5116276,3,1
19859,TEMOZOLOMIDE,MK-4827,ES2,28.55909531,3,1
19860,TEMOZOLOMIDE,MK-4827,HCT116,59.64264907,3,1
19861,TEMOZOLOMIDE,MK-4827,HT144,23.3087924,3,1
19862,TEMOZOLOMIDE,MK-4827,HT29,57.94629868,3,1
19864,TEMOZOLOMIDE,MK-4827,LNCAP,35.82527467,3,1
19865,TEMOZOLOMIDE,MK-4827,LOVO,59.9768413,3,1
19866,TEMOZOLOMIDE,MK-4827,MDAMB436,51.06938447,3,1
19867,TEMOZOLOMIDE,MK-4827,MSTO,81.29174808,3,1
19868,TEMOZOLOMIDE,MK-4827,NCIH1650,34.61146716,3,1
19869,TEMOZOLOMIDE,MK-4827,NCIH2122,42.78597917,3,1
19870,TEMOZOLOMIDE,MK-4827,NCIH23,33.24360918,3,1
19871,TEMOZOLOMIDE,MK-4827,NCIH460,74.82248693,3,1
19872,TEMOZOLOMIDE,MK-4827,NCIH520,36.82330697,3,1
19873,TEMOZOLOMIDE,MK-4827,OCUBM,95.46833672,3,1
19874,TEMOZOLOMIDE,MK-4827,OV90,61.59442847,3,1
19876,TEMOZOLOMIDE,MK-4827,PA1,91.32209581,3,1
19877,TEMOZOLOMIDE,MK-4827,RKO,53.11336107,3,1
19878,TEMOZOLOMIDE,MK-4827,RPMI7951,53.04393869,3,1
19879,TEMOZOLOMIDE,MK-4827,SKMEL30,36.25245563,3,1
19880,TEMOZOLOMIDE,MK-4827,SKMES1,74.27296817,3,1
19881,TEMOZOLOMIDE,MK-4827,SKOV3,58.35177786,3,1
19882,TEMOZOLOMIDE,MK-4827,SW620,30.89739471,3,1
19884,TEMOZOLOMIDE,MK-4827,T47D,44.99315653,3,1
19885,TEMOZOLOMIDE,MK-4827,UACC62,46.8582166,3,1
19886,TEMOZOLOMIDE,MK-4827,UWB1289,63.50356702,3,1
19887,TEMOZOLOMIDE,MK-4827,UWB1289BRCA1,41.86161177,3,1
19888,TEMOZOLOMIDE,MK-4827,VCAP,57.97914751,3,1
19889,TEMOZOLOMIDE,MK-4827,ZR751,20.00840657,3,1
19893,TEMOZOLOMIDE,MK-5108,A427,30.88720182,1,1
19894,TEMOZOLOMIDE,MK-5108,CAOV3,-23.28256579,1,0
19895,TEMOZOLOMIDE,MK-5108,COLO320DM,-51.81872052,1,0
19897,TEMOZOLOMIDE,MK-5108,EFM192B,-17.15345812,1,0
19898,TEMOZOLOMIDE,MK-5108,ES2,-10.27720836,1,0
19902,TEMOZOLOMIDE,MK-5108,KPL1,-29.7191092,1,0
19903,TEMOZOLOMIDE,MK-5108,LNCAP,-77.0883024,1,0
19906,TEMOZOLOMIDE,MK-5108,MSTO,-11.18681902,1,0
19907,TEMOZOLOMIDE,MK-5108,NCIH1650,-12.61377547,1,0
19910,TEMOZOLOMIDE,MK-5108,NCIH460,-19.03012912,1,0
19911,TEMOZOLOMIDE,MK-5108,NCIH520,-14.93798129,1,0
19914,TEMOZOLOMIDE,MK-5108,OVCAR3,-10.29602018,1,0
19923,TEMOZOLOMIDE,MK-5108,T47D,-12.12996289,1,0
19928,TEMOZOLOMIDE,MK-5108,ZR751,-62.02604411,1,0
19930,TEMOZOLOMIDE,MK-8669,A2780,38.2407195,3,1
19931,TEMOZOLOMIDE,MK-8669,A375,25.02396601,3,1
19932,TEMOZOLOMIDE,MK-8669,A427,38.89985303,3,1
19933,TEMOZOLOMIDE,MK-8669,CAOV3,-36.49745473,3,0
19936,TEMOZOLOMIDE,MK-8669,EFM192B,59.33113286,3,1
19937,TEMOZOLOMIDE,MK-8669,ES2,34.24466715,3,1
19941,TEMOZOLOMIDE,MK-8669,KPL1,66.07571301,3,1
19942,TEMOZOLOMIDE,MK-8669,LNCAP,33.00333461,3,1
19945,TEMOZOLOMIDE,MK-8669,MSTO,67.69333172,3,1
19947,TEMOZOLOMIDE,MK-8669,NCIH2122,21.55886685,3,1
19949,TEMOZOLOMIDE,MK-8669,NCIH460,29.46092393,3,1
19951,TEMOZOLOMIDE,MK-8669,OCUBM,39.21886356,3,1
19955,TEMOZOLOMIDE,MK-8669,RKO,31.38914651,3,1
19956,TEMOZOLOMIDE,MK-8669,RPMI7951,35.84369536,3,1
19957,TEMOZOLOMIDE,MK-8669,SKMEL30,50.21066429,3,1
19958,TEMOZOLOMIDE,MK-8669,SKMES1,41.62534471,3,1
19961,TEMOZOLOMIDE,MK-8669,SW837,-15.19755964,3,0
19963,TEMOZOLOMIDE,MK-8669,UACC62,28.00742879,3,1
19964,TEMOZOLOMIDE,MK-8669,UWB1289,36.48405215,3,1
19965,TEMOZOLOMIDE,MK-8669,UWB1289BRCA1,35.04323274,3,1
19968,TEMOZOLOMIDE,MK-8776,A2058,128.3217061,0,1
19971,TEMOZOLOMIDE,MK-8776,A427,91.0608138,0,1
19973,TEMOZOLOMIDE,MK-8776,COLO320DM,50.72645032,0,1
19980,TEMOZOLOMIDE,MK-8776,KPL1,-17.33442044,0,0
19986,TEMOZOLOMIDE,MK-8776,NCIH2122,-19.66458169,0,0
19987,TEMOZOLOMIDE,MK-8776,NCIH23,-78.89063033,0,0
19995,TEMOZOLOMIDE,MK-8776,RPMI7951,21.96791546,0,1
19996,TEMOZOLOMIDE,MK-8776,SKMEL30,64.66499193,0,1
19998,TEMOZOLOMIDE,MK-8776,SKOV3,24.18053227,0,1
19999,TEMOZOLOMIDE,MK-8776,SW620,36.64531738,0,1
20000,TEMOZOLOMIDE,MK-8776,SW837,-35.30482667,0,0
20001,TEMOZOLOMIDE,MK-8776,T47D,-35.27358527,0,0
20006,TEMOZOLOMIDE,MK-8776,ZR751,-50.1731666,0,0
20008,TEMOZOLOMIDE,OXALIPLATIN,A2780,-22.91617992,2,0
20011,TEMOZOLOMIDE,OXALIPLATIN,CAOV3,-76.56862703,2,0
20013,TEMOZOLOMIDE,OXALIPLATIN,DLD1,-10.60067865,2,0
20014,TEMOZOLOMIDE,OXALIPLATIN,EFM192B,-10.27981043,2,0
20015,TEMOZOLOMIDE,OXALIPLATIN,ES2,-10.3039747,2,0
20017,TEMOZOLOMIDE,OXALIPLATIN,HT144,-24.34969002,2,0
20018,TEMOZOLOMIDE,OXALIPLATIN,HT29,-17.08929247,2,0
20020,TEMOZOLOMIDE,OXALIPLATIN,LNCAP,-14.06947272,2,0
20021,TEMOZOLOMIDE,OXALIPLATIN,LOVO,-34.21970381,2,0
20022,TEMOZOLOMIDE,OXALIPLATIN,MDAMB436,-20.74977203,2,0
20023,TEMOZOLOMIDE,OXALIPLATIN,MSTO,-35.6369866,2,0
20024,TEMOZOLOMIDE,OXALIPLATIN,NCIH1650,-27.56026059,2,0
20026,TEMOZOLOMIDE,OXALIPLATIN,NCIH23,-37.33057271,2,0
20027,TEMOZOLOMIDE,OXALIPLATIN,NCIH460,-32.83767414,2,0
20029,TEMOZOLOMIDE,OXALIPLATIN,OCUBM,21.76287444,2,1
20030,TEMOZOLOMIDE,OXALIPLATIN,OV90,-11.45324928,2,0
20031,TEMOZOLOMIDE,OXALIPLATIN,OVCAR3,-25.59162775,2,0
20032,TEMOZOLOMIDE,OXALIPLATIN,PA1,-27.2446519,2,0
20033,TEMOZOLOMIDE,OXALIPLATIN,RKO,25.1805488,2,1
20034,TEMOZOLOMIDE,OXALIPLATIN,RPMI7951,-15.24252986,2,0
20037,TEMOZOLOMIDE,OXALIPLATIN,SKOV3,-22.40607853,2,0
20039,TEMOZOLOMIDE,OXALIPLATIN,SW837,-23.1506391,2,0
20041,TEMOZOLOMIDE,OXALIPLATIN,UACC62,-15.60619216,2,0
20043,TEMOZOLOMIDE,OXALIPLATIN,UWB1289BRCA1,-22.81828272,2,0
20044,TEMOZOLOMIDE,OXALIPLATIN,VCAP,-23.16656545,2,0
20045,TEMOZOLOMIDE,OXALIPLATIN,ZR751,-58.8760438,2,0
20046,TEMOZOLOMIDE,PD325901,A2058,37.10782277,3,1
20049,TEMOZOLOMIDE,PD325901,A427,43.19257115,3,1
20050,TEMOZOLOMIDE,PD325901,CAOV3,-16.86903332,3,0
20053,TEMOZOLOMIDE,PD325901,EFM192B,-45.77880245,3,0
20054,TEMOZOLOMIDE,PD325901,ES2,46.51055745,3,1
20055,TEMOZOLOMIDE,PD325901,HCT116,-12.89104904,3,0
20057,TEMOZOLOMIDE,PD325901,HT29,-11.54813233,3,0
20058,TEMOZOLOMIDE,PD325901,KPL1,-17.7324356,3,0
20063,TEMOZOLOMIDE,PD325901,NCIH1650,-23.91874311,3,0
20065,TEMOZOLOMIDE,PD325901,NCIH23,-19.21524146,3,0
20073,TEMOZOLOMIDE,PD325901,RPMI7951,21.90448437,3,1
20075,TEMOZOLOMIDE,PD325901,SKMES1,-15.06437597,3,0
20076,TEMOZOLOMIDE,PD325901,SKOV3,-18.88124937,3,0
20079,TEMOZOLOMIDE,PD325901,T47D,-13.59839648,3,0
20080,TEMOZOLOMIDE,PD325901,UACC62,-10.37817968,3,0
20083,TEMOZOLOMIDE,PD325901,VCAP,-31.43592561,3,0
20084,TEMOZOLOMIDE,PD325901,ZR751,-36.25157619,3,0
20089,TEMOZOLOMIDE,SN-38,CAOV3,-38.35767411,0,0
20091,TEMOZOLOMIDE,SN-38,DLD1,-14.23179807,0,0
20092,TEMOZOLOMIDE,SN-38,EFM192B,-36.39302292,0,0
20095,TEMOZOLOMIDE,SN-38,HT144,-35.9449781,0,0
20097,TEMOZOLOMIDE,SN-38,KPL1,-17.39078427,0,0
20099,TEMOZOLOMIDE,SN-38,LOVO,-29.84824188,0,0
20102,TEMOZOLOMIDE,SN-38,NCIH1650,-33.43385696,0,0
20103,TEMOZOLOMIDE,SN-38,NCIH2122,-13.72631485,0,0
20104,TEMOZOLOMIDE,SN-38,NCIH23,-19.76704375,0,0
20105,TEMOZOLOMIDE,SN-38,NCIH460,-14.7813804,0,0
20108,TEMOZOLOMIDE,SN-38,OV90,-19.00683575,0,0
20111,TEMOZOLOMIDE,SN-38,RKO,-12.0477968,0,0
20115,TEMOZOLOMIDE,SN-38,SKOV3,-22.21048262,0,0
20117,TEMOZOLOMIDE,SN-38,SW837,-37.07104306,0,0
20118,TEMOZOLOMIDE,SN-38,T47D,-81.09317162,0,0
20122,TEMOZOLOMIDE,SN-38,VCAP,-12.43379703,0,0
20123,TEMOZOLOMIDE,SN-38,ZR751,-64.47985647,0,0
20127,TEMOZOLOMIDE,SORAFENIB,A427,22.68068564,3,1
20137,TEMOZOLOMIDE,SORAFENIB,LNCAP,-11.4422593,3,0
20140,TEMOZOLOMIDE,SORAFENIB,MSTO,-11.09112855,3,0
20148,TEMOZOLOMIDE,SORAFENIB,OVCAR3,-11.49236987,3,0
20153,TEMOZOLOMIDE,SORAFENIB,SKMES1,24.59771309,3,1
20162,TEMOZOLOMIDE,SORAFENIB,ZR751,-34.87701752,3,0
20176,TEMOZOLOMIDE,TOPOTECAN,LNCAP,-130.8320847,2,0
20183,TEMOZOLOMIDE,TOPOTECAN,NCIH460,-15.65452065,2,0
20191,TEMOZOLOMIDE,TOPOTECAN,SKMEL30,20.6515056,2,1
20192,TEMOZOLOMIDE,TOPOTECAN,SKMES1,22.16661787,2,1
20193,TEMOZOLOMIDE,TOPOTECAN,SKOV3,-14.20781623,2,0
20195,TEMOZOLOMIDE,TOPOTECAN,SW837,-12.06393634,2,0
20201,TEMOZOLOMIDE,TOPOTECAN,ZR751,-29.68251629,2,0
20204,TOPOTECAN,BEZ-235,A375,24.10423562,1,1
20205,TOPOTECAN,BEZ-235,A427,37.86464677,1,1
20207,TOPOTECAN,BEZ-235,COLO320DM,31.22917282,1,1
20208,TOPOTECAN,BEZ-235,DLD1,20.49457133,1,1
20211,TOPOTECAN,BEZ-235,HCT116,21.17556739,1,1
20212,TOPOTECAN,BEZ-235,HT144,48.75629793,1,1
20213,TOPOTECAN,BEZ-235,HT29,21.72575205,1,1
20214,TOPOTECAN,BEZ-235,KPL1,35.5881672,1,1
20215,TOPOTECAN,BEZ-235,LNCAP,68.80060551,1,1
20217,TOPOTECAN,BEZ-235,MDAMB436,25.39898136,1,1
20219,TOPOTECAN,BEZ-235,NCIH1650,21.36557399,1,1
20223,TOPOTECAN,BEZ-235,NCIH520,22.1998106,1,1
20228,TOPOTECAN,BEZ-235,RKO,26.36018076,1,1
20230,TOPOTECAN,BEZ-235,SKMEL30,23.4691515,1,1
20234,TOPOTECAN,BEZ-235,SW837,25.18286399,1,1
20235,TOPOTECAN,BEZ-235,T47D,57.24360015,1,1
20236,TOPOTECAN,BEZ-235,UACC62,24.41310053,1,1
20238,TOPOTECAN,BEZ-235,UWB1289BRCA1,29.34843835,1,1
20239,TOPOTECAN,BEZ-235,VCAP,21.16222094,1,1
20240,TOPOTECAN,BEZ-235,ZR751,23.2342723,1,1
20252,TOPOTECAN,DINACICLIB,HT29,-17.07016604,2,0
20254,TOPOTECAN,DINACICLIB,LNCAP,-163.0968503,2,0
20258,TOPOTECAN,DINACICLIB,NCIH1650,-29.45369647,2,0
20260,TOPOTECAN,DINACICLIB,NCIH23,-16.75045261,2,0
20261,TOPOTECAN,DINACICLIB,NCIH460,-17.62474375,2,0
20263,TOPOTECAN,DINACICLIB,OCUBM,-10.02756657,2,0
20265,TOPOTECAN,DINACICLIB,OVCAR3,-13.89918101,2,0
20270,TOPOTECAN,DINACICLIB,SKMES1,-14.2633707,2,0
20271,TOPOTECAN,DINACICLIB,SKOV3,-21.79274166,2,0
20273,TOPOTECAN,DINACICLIB,SW837,-15.89758946,2,0
20276,TOPOTECAN,DINACICLIB,UWB1289,-12.18227942,2,0
20280,TOPOTECAN,MK-8776,A2058,41.56384819,4,1
20283,TOPOTECAN,MK-8776,A427,28.95509979,4,1
20290,TOPOTECAN,MK-8776,HT144,28.50008464,4,1
20291,TOPOTECAN,MK-8776,HT29,24.07706293,4,1
20293,TOPOTECAN,MK-8776,LNCAP,-138.9528981,4,0
20300,TOPOTECAN,MK-8776,NCIH460,-34.59841245,4,0
20301,TOPOTECAN,MK-8776,NCIH520,25.24708336,4,1
20304,TOPOTECAN,MK-8776,OVCAR3,64.52654229,4,1
20305,TOPOTECAN,MK-8776,PA1,-15.91580362,4,0
20308,TOPOTECAN,MK-8776,SKMEL30,61.59177394,4,1
20309,TOPOTECAN,MK-8776,SKMES1,-17.09816322,4,0
20311,TOPOTECAN,MK-8776,SW620,23.70635184,4,1
20313,TOPOTECAN,MK-8776,T47D,-49.75887192,4,0
20317,TOPOTECAN,MK-8776,VCAP,34.95452145,4,1
20330,TOPOTECAN,SORAFENIB,HT29,-12.21221116,2,0
20335,TOPOTECAN,SORAFENIB,MSTO,-18.11747083,2,0
20341,TOPOTECAN,SORAFENIB,OCUBM,-12.21012085,2,0
20343,TOPOTECAN,SORAFENIB,OVCAR3,-30.49900045,2,0
20352,TOPOTECAN,SORAFENIB,T47D,-12.75363736,2,0
20357,TOPOTECAN,SORAFENIB,ZR751,-15.7705134,2,0
20359,VINBLASTINE,ABT-888,A2780,-33.01039272,3,0
20360,VINBLASTINE,ABT-888,A375,-33.66188078,3,0
20361,VINBLASTINE,ABT-888,A427,-32.17034257,3,0
20362,VINBLASTINE,ABT-888,CAOV3,-38.11192775,3,0
20366,VINBLASTINE,ABT-888,ES2,-12.72149447,3,0
20367,VINBLASTINE,ABT-888,HCT116,-16.55595588,3,0
20368,VINBLASTINE,ABT-888,HT144,-31.95203457,3,0
20369,VINBLASTINE,ABT-888,HT29,-44.09793187,3,0
20371,VINBLASTINE,ABT-888,LNCAP,-45.33134536,3,0
20372,VINBLASTINE,ABT-888,LOVO,-31.81536286,3,0
20373,VINBLASTINE,ABT-888,MDAMB436,-21.32252366,3,0
20375,VINBLASTINE,ABT-888,NCIH1650,-29.0083885,3,0
20376,VINBLASTINE,ABT-888,NCIH2122,-21.16777445,3,0
20377,VINBLASTINE,ABT-888,NCIH23,-34.89296572,3,0
20378,VINBLASTINE,ABT-888,NCIH460,-15.35249881,3,0
20379,VINBLASTINE,ABT-888,NCIH520,-13.3486394,3,0
20380,VINBLASTINE,ABT-888,OCUBM,-23.54409867,3,0
20381,VINBLASTINE,ABT-888,OV90,-19.15594557,3,0
20382,VINBLASTINE,ABT-888,OVCAR3,-59.46650735,3,0
20383,VINBLASTINE,ABT-888,PA1,-43.36613864,3,0
20385,VINBLASTINE,ABT-888,RPMI7951,-37.34478721,3,0
20386,VINBLASTINE,ABT-888,SKMEL30,-16.1673518,3,0
20390,VINBLASTINE,ABT-888,SW837,-30.4198704,3,0
20391,VINBLASTINE,ABT-888,T47D,-19.7234483,3,0
20392,VINBLASTINE,ABT-888,UACC62,-28.21780099,3,0
20393,VINBLASTINE,ABT-888,UWB1289,-34.08171709,3,0
20394,VINBLASTINE,ABT-888,UWB1289BRCA1,-34.80765571,3,0
20395,VINBLASTINE,ABT-888,VCAP,-14.55831433,3,0
20396,VINBLASTINE,ABT-888,ZR751,-50.84000559,3,0
20400,VINBLASTINE,AZD1775,A427,-13.28690127,1,0
20404,VINBLASTINE,AZD1775,EFM192B,-10.06964235,1,0
20405,VINBLASTINE,AZD1775,ES2,21.07733507,1,1
20413,VINBLASTINE,AZD1775,MSTO,-16.17330097,1,0
20415,VINBLASTINE,AZD1775,NCIH2122,-23.03504899,1,0
20416,VINBLASTINE,AZD1775,NCIH23,-20.93263176,1,0
20419,VINBLASTINE,AZD1775,OCUBM,22.2030878,1,1
20420,VINBLASTINE,AZD1775,OV90,-16.28323135,1,0
20425,VINBLASTINE,AZD1775,SKMEL30,-19.4524336,1,0
20426,VINBLASTINE,AZD1775,SKMES1,-11.09668695,1,0
20427,VINBLASTINE,AZD1775,SKOV3,25.80182474,1,1
20428,VINBLASTINE,AZD1775,SW620,20.37152377,1,1
20430,VINBLASTINE,AZD1775,T47D,-23.22852677,1,0
20432,VINBLASTINE,AZD1775,UWB1289,84.84541796,1,1
20434,VINBLASTINE,AZD1775,VCAP,-10.55449578,1,0
20438,VINBLASTINE,BEZ-235,A375,33.63772163,2,1
20441,VINBLASTINE,BEZ-235,COLO320DM,25.96821401,2,1
20444,VINBLASTINE,BEZ-235,ES2,54.79783766,2,1
20445,VINBLASTINE,BEZ-235,HCT116,22.01341701,2,1
20446,VINBLASTINE,BEZ-235,HT144,37.59751525,2,1
20448,VINBLASTINE,BEZ-235,KPL1,24.20008646,2,1
20450,VINBLASTINE,BEZ-235,LOVO,21.06278538,2,1
20452,VINBLASTINE,BEZ-235,MSTO,-15.40433875,2,0
20453,VINBLASTINE,BEZ-235,NCIH1650,22.7832847,2,1
20454,VINBLASTINE,BEZ-235,NCIH2122,-21.71734756,2,0
20456,VINBLASTINE,BEZ-235,NCIH460,22.52552924,2,1
20458,VINBLASTINE,BEZ-235,OCUBM,23.9441629,2,1
20459,VINBLASTINE,BEZ-235,OV90,22.68707228,2,1
20462,VINBLASTINE,BEZ-235,RKO,25.65786173,2,1
20466,VINBLASTINE,BEZ-235,SKOV3,27.83945666,2,1
20467,VINBLASTINE,BEZ-235,SW620,48.62427914,2,1
20468,VINBLASTINE,BEZ-235,SW837,25.06499142,2,1
20469,VINBLASTINE,BEZ-235,T47D,54.50425259,2,1
20470,VINBLASTINE,BEZ-235,UACC62,23.35084878,2,1
20472,VINBLASTINE,BEZ-235,UWB1289BRCA1,23.73690441,2,1
20475,VINBLASTINE,BORTEZOMIB,A2058,-10.55419165,1,0
20476,VINBLASTINE,BORTEZOMIB,A2780,-37.13334543,1,0
20477,VINBLASTINE,BORTEZOMIB,A375,-10.8968315,1,0
20478,VINBLASTINE,BORTEZOMIB,A427,-12.91150452,1,0
20479,VINBLASTINE,BORTEZOMIB,CAOV3,-32.10671184,1,0
20482,VINBLASTINE,BORTEZOMIB,EFM192B,-28.55673616,1,0
20484,VINBLASTINE,BORTEZOMIB,HCT116,-13.98222264,1,0
20485,VINBLASTINE,BORTEZOMIB,HT144,-17.85957742,1,0
20486,VINBLASTINE,BORTEZOMIB,HT29,-27.19240385,1,0
20488,VINBLASTINE,BORTEZOMIB,LNCAP,-199.2579703,1,0
20490,VINBLASTINE,BORTEZOMIB,MDAMB436,-11.25332847,1,0
20491,VINBLASTINE,BORTEZOMIB,MSTO,-24.78273688,1,0
20492,VINBLASTINE,BORTEZOMIB,NCIH1650,-40.09623514,1,0
20493,VINBLASTINE,BORTEZOMIB,NCIH2122,-38.162152,1,0
20494,VINBLASTINE,BORTEZOMIB,NCIH23,-30.33070495,1,0
20495,VINBLASTINE,BORTEZOMIB,NCIH460,-38.97671729,1,0
20496,VINBLASTINE,BORTEZOMIB,NCIH520,-35.64042528,1,0
20498,VINBLASTINE,BORTEZOMIB,OV90,-17.53033643,1,0
20499,VINBLASTINE,BORTEZOMIB,OVCAR3,-20.31637417,1,0
20500,VINBLASTINE,BORTEZOMIB,PA1,-30.21479815,1,0
20501,VINBLASTINE,BORTEZOMIB,RKO,-10.56821449,1,0
20502,VINBLASTINE,BORTEZOMIB,RPMI7951,-21.52598832,1,0
20503,VINBLASTINE,BORTEZOMIB,SKMEL30,-15.89976665,1,0
20504,VINBLASTINE,BORTEZOMIB,SKMES1,-34.12471001,1,0
20508,VINBLASTINE,BORTEZOMIB,T47D,-32.24183569,1,0
20509,VINBLASTINE,BORTEZOMIB,UACC62,-29.45041491,1,0
20510,VINBLASTINE,BORTEZOMIB,UWB1289,-27.01475042,1,0
20512,VINBLASTINE,BORTEZOMIB,VCAP,-14.05161279,1,0
20513,VINBLASTINE,BORTEZOMIB,ZR751,-32.29125776,1,0
20514,VINBLASTINE,DASATINIB,A2058,41.6650811,0,1
20515,VINBLASTINE,DASATINIB,A2780,39.18536378,0,1
20519,VINBLASTINE,DASATINIB,COLO320DM,-12.05615322,0,0
20521,VINBLASTINE,DASATINIB,EFM192B,27.44391834,0,1
20523,VINBLASTINE,DASATINIB,HCT116,-44.90357203,0,0
20524,VINBLASTINE,DASATINIB,HT144,-39.59713445,0,0
20525,VINBLASTINE,DASATINIB,HT29,-10.93278023,0,0
20527,VINBLASTINE,DASATINIB,LNCAP,-32.69030668,0,0
20528,VINBLASTINE,DASATINIB,LOVO,42.18423999,0,1
20530,VINBLASTINE,DASATINIB,MSTO,93.43255317,0,1
20531,VINBLASTINE,DASATINIB,NCIH1650,33.55402048,0,1
20532,VINBLASTINE,DASATINIB,NCIH2122,-99.66705551,0,0
20535,VINBLASTINE,DASATINIB,NCIH520,39.41310981,0,1
20538,VINBLASTINE,DASATINIB,OVCAR3,49.17768855,0,1
20542,VINBLASTINE,DASATINIB,SKMEL30,-34.9381396,0,0
20545,VINBLASTINE,DASATINIB,SW620,22.37840362,0,1
20546,VINBLASTINE,DASATINIB,SW837,20.63883444,0,1
20547,VINBLASTINE,DASATINIB,T47D,-40.10616085,0,0
20549,VINBLASTINE,DASATINIB,UWB1289,-12.62215299,0,0
20552,VINBLASTINE,DASATINIB,ZR751,-49.88629454,0,0
20553,VINBLASTINE,DINACICLIB,A2058,-17.08245334,0,0
20554,VINBLASTINE,DINACICLIB,A2780,-20.21319358,0,0
20556,VINBLASTINE,DINACICLIB,A427,-16.62875411,0,0
20557,VINBLASTINE,DINACICLIB,CAOV3,-32.2301558,0,0
20562,VINBLASTINE,DINACICLIB,HCT116,-27.32015182,0,0
20563,VINBLASTINE,DINACICLIB,HT144,-13.64174523,0,0
20564,VINBLASTINE,DINACICLIB,HT29,-23.80891416,0,0
20567,VINBLASTINE,DINACICLIB,LOVO,-20.29283824,0,0
20568,VINBLASTINE,DINACICLIB,MDAMB436,-21.74415889,0,0
20569,VINBLASTINE,DINACICLIB,MSTO,-13.02853204,0,0
20570,VINBLASTINE,DINACICLIB,NCIH1650,-21.20039221,0,0
20571,VINBLASTINE,DINACICLIB,NCIH2122,-37.84606202,0,0
20572,VINBLASTINE,DINACICLIB,NCIH23,-31.19458031,0,0
20573,VINBLASTINE,DINACICLIB,NCIH460,-15.32815597,0,0
20574,VINBLASTINE,DINACICLIB,NCIH520,-31.63086613,0,0
20576,VINBLASTINE,DINACICLIB,OV90,-26.25964814,0,0
20577,VINBLASTINE,DINACICLIB,OVCAR3,-18.55567037,0,0
20578,VINBLASTINE,DINACICLIB,PA1,-26.78541099,0,0
20580,VINBLASTINE,DINACICLIB,RPMI7951,-11.12907649,0,0
20582,VINBLASTINE,DINACICLIB,SKMES1,-27.53005918,0,0
20583,VINBLASTINE,DINACICLIB,SKOV3,-21.12419762,0,0
20585,VINBLASTINE,DINACICLIB,SW837,-19.21834825,0,0
20586,VINBLASTINE,DINACICLIB,T47D,-59.97465657,0,0
20588,VINBLASTINE,DINACICLIB,UWB1289,-34.84477511,0,0
20590,VINBLASTINE,DINACICLIB,VCAP,-16.98016101,0,0
20591,VINBLASTINE,DINACICLIB,ZR751,-30.90163936,0,0
20592,VINBLASTINE,ERLOTINIB,A2058,85.57939365,3,1
20594,VINBLASTINE,ERLOTINIB,A375,45.22157703,3,1
20595,VINBLASTINE,ERLOTINIB,A427,26.87059183,3,1
20596,VINBLASTINE,ERLOTINIB,CAOV3,23.24715405,3,1
20598,VINBLASTINE,ERLOTINIB,DLD1,25.71654313,3,1
20599,VINBLASTINE,ERLOTINIB,EFM192B,44.58547708,3,1
20600,VINBLASTINE,ERLOTINIB,ES2,58.79504997,3,1
20601,VINBLASTINE,ERLOTINIB,HCT116,71.50881052,3,1
20602,VINBLASTINE,ERLOTINIB,HT144,33.69883247,3,1
20603,VINBLASTINE,ERLOTINIB,HT29,49.68847538,3,1
20604,VINBLASTINE,ERLOTINIB,KPL1,44.65469026,3,1
20606,VINBLASTINE,ERLOTINIB,LOVO,42.3579718,3,1
20610,VINBLASTINE,ERLOTINIB,NCIH2122,39.33975616,3,1
20612,VINBLASTINE,ERLOTINIB,NCIH460,55.54657753,3,1
20613,VINBLASTINE,ERLOTINIB,NCIH520,39.94346161,3,1
20614,VINBLASTINE,ERLOTINIB,OCUBM,83.19519943,3,1
20618,VINBLASTINE,ERLOTINIB,RKO,64.85230465,3,1
20620,VINBLASTINE,ERLOTINIB,SKMEL30,43.33310365,3,1
20621,VINBLASTINE,ERLOTINIB,SKMES1,28.62470543,3,1
20622,VINBLASTINE,ERLOTINIB,SKOV3,41.011108,3,1
20623,VINBLASTINE,ERLOTINIB,SW620,59.56206452,3,1
20624,VINBLASTINE,ERLOTINIB,SW837,54.25688552,3,1
20625,VINBLASTINE,ERLOTINIB,T47D,-14.05261606,3,0
20626,VINBLASTINE,ERLOTINIB,UACC62,32.31482524,3,1
20628,VINBLASTINE,ERLOTINIB,UWB1289BRCA1,29.36964398,3,1
20629,VINBLASTINE,ERLOTINIB,VCAP,114.6457311,3,1
20630,VINBLASTINE,ERLOTINIB,ZR751,40.44572347,3,1
20631,VINBLASTINE,GELDANAMYCIN,A2058,-12.87229487,1,0
20632,VINBLASTINE,GELDANAMYCIN,A2780,-18.22399153,1,0
20634,VINBLASTINE,GELDANAMYCIN,A427,-12.00738927,1,0
20635,VINBLASTINE,GELDANAMYCIN,CAOV3,-30.65969489,1,0
20637,VINBLASTINE,GELDANAMYCIN,DLD1,-16.16603371,1,0
20638,VINBLASTINE,GELDANAMYCIN,EFM192B,-31.97169999,1,0
20640,VINBLASTINE,GELDANAMYCIN,HCT116,-16.39905805,1,0
20641,VINBLASTINE,GELDANAMYCIN,HT144,-17.92428323,1,0
20642,VINBLASTINE,GELDANAMYCIN,HT29,-35.70527713,1,0
20643,VINBLASTINE,GELDANAMYCIN,KPL1,-14.93310888,1,0
20644,VINBLASTINE,GELDANAMYCIN,LNCAP,-148.2415814,1,0
20645,VINBLASTINE,GELDANAMYCIN,LOVO,-28.62431489,1,0
20647,VINBLASTINE,GELDANAMYCIN,MSTO,-57.27205328,1,0
20648,VINBLASTINE,GELDANAMYCIN,NCIH1650,-26.43318161,1,0
20649,VINBLASTINE,GELDANAMYCIN,NCIH2122,-41.98659526,1,0
20650,VINBLASTINE,GELDANAMYCIN,NCIH23,-24.91058246,1,0
20651,VINBLASTINE,GELDANAMYCIN,NCIH460,-29.03978051,1,0
20652,VINBLASTINE,GELDANAMYCIN,NCIH520,-21.14714659,1,0
20654,VINBLASTINE,GELDANAMYCIN,OV90,-24.72680222,1,0
20655,VINBLASTINE,GELDANAMYCIN,OVCAR3,-32.52502949,1,0
20656,VINBLASTINE,GELDANAMYCIN,PA1,-22.2626471,1,0
20658,VINBLASTINE,GELDANAMYCIN,RPMI7951,-11.90252931,1,0
20659,VINBLASTINE,GELDANAMYCIN,SKMEL30,-18.15600231,1,0
20660,VINBLASTINE,GELDANAMYCIN,SKMES1,-23.27499983,1,0
20663,VINBLASTINE,GELDANAMYCIN,SW837,-30.91373154,1,0
20664,VINBLASTINE,GELDANAMYCIN,T47D,-16.3040975,1,0
20665,VINBLASTINE,GELDANAMYCIN,UACC62,-77.82985735,1,0
20666,VINBLASTINE,GELDANAMYCIN,UWB1289,-32.10821348,1,0
20667,VINBLASTINE,GELDANAMYCIN,UWB1289BRCA1,-22.30805714,1,0
20669,VINBLASTINE,GELDANAMYCIN,ZR751,-21.41855019,1,0
20670,VINBLASTINE,L778123,A2058,82.51665184,2,1
20672,VINBLASTINE,L778123,A375,34.22899361,2,1
20673,VINBLASTINE,L778123,A427,46.06766584,2,1
20676,VINBLASTINE,L778123,DLD1,26.59136457,2,1
20677,VINBLASTINE,L778123,EFM192B,31.14142698,2,1
20678,VINBLASTINE,L778123,ES2,42.75639743,2,1
20679,VINBLASTINE,L778123,HCT116,29.99272324,2,1
20680,VINBLASTINE,L778123,HT144,28.3572738,2,1
20681,VINBLASTINE,L778123,HT29,29.80102376,2,1
20683,VINBLASTINE,L778123,LNCAP,-85.75874254,2,0
20685,VINBLASTINE,L778123,MDAMB436,23.10617121,2,1
20687,VINBLASTINE,L778123,NCIH1650,30.84218436,2,1
20689,VINBLASTINE,L778123,NCIH23,22.60535378,2,1
20690,VINBLASTINE,L778123,NCIH460,29.74340745,2,1
20692,VINBLASTINE,L778123,OCUBM,53.37446003,2,1
20693,VINBLASTINE,L778123,OV90,37.34672381,2,1
20696,VINBLASTINE,L778123,RKO,42.86699365,2,1
20697,VINBLASTINE,L778123,RPMI7951,22.57468317,2,1
20698,VINBLASTINE,L778123,SKMEL30,20.98314015,2,1
20699,VINBLASTINE,L778123,SKMES1,23.19915772,2,1
20700,VINBLASTINE,L778123,SKOV3,33.79519346,2,1
20701,VINBLASTINE,L778123,SW620,54.0558313,2,1
20702,VINBLASTINE,L778123,SW837,44.26821981,2,1
20703,VINBLASTINE,L778123,T47D,20.39818072,2,1
20704,VINBLASTINE,L778123,UACC62,21.25294408,2,1
20706,VINBLASTINE,L778123,UWB1289BRCA1,33.16925726,2,1
20707,VINBLASTINE,L778123,VCAP,53.11094325,2,1
20709,VINBLASTINE,LAPATINIB,A2058,28.72204641,4,1
20711,VINBLASTINE,LAPATINIB,A375,22.83658596,4,1
20712,VINBLASTINE,LAPATINIB,A427,-34.8937392,4,0
20715,VINBLASTINE,LAPATINIB,DLD1,36.56317971,4,1
20720,VINBLASTINE,LAPATINIB,HT29,-10.92119874,4,0
20722,VINBLASTINE,LAPATINIB,LNCAP,-29.05116225,4,0
20723,VINBLASTINE,LAPATINIB,LOVO,33.08985674,4,1
20724,VINBLASTINE,LAPATINIB,MDAMB436,-15.41813187,4,0
20727,VINBLASTINE,LAPATINIB,NCIH2122,-24.98687907,4,0
20728,VINBLASTINE,LAPATINIB,NCIH23,-10.5428104,4,0
20732,VINBLASTINE,LAPATINIB,OV90,-18.18239461,4,0
20735,VINBLASTINE,LAPATINIB,RKO,-14.77233304,4,0
20737,VINBLASTINE,LAPATINIB,SKMEL30,-10.25160505,4,0
20741,VINBLASTINE,LAPATINIB,SW837,33.39639297,4,1
20742,VINBLASTINE,LAPATINIB,T47D,-33.91977071,4,0
20744,VINBLASTINE,LAPATINIB,UWB1289,-30.94560526,4,0
20750,VINBLASTINE,MK-2206,A375,20.50186319,0,1
20751,VINBLASTINE,MK-2206,A427,-31.09447208,0,0
20755,VINBLASTINE,MK-2206,EFM192B,-17.23730757,0,0
20757,VINBLASTINE,MK-2206,HCT116,-19.9160462,0,0
20758,VINBLASTINE,MK-2206,HT144,24.67751112,0,1
20760,VINBLASTINE,MK-2206,KPL1,20.91663669,0,1
20763,VINBLASTINE,MK-2206,MDAMB436,-13.84621056,0,0
20764,VINBLASTINE,MK-2206,MSTO,46.76569279,0,1
20766,VINBLASTINE,MK-2206,NCIH2122,-34.7974911,0,0
20782,VINBLASTINE,MK-2206,UACC62,28.97072492,0,1
20783,VINBLASTINE,MK-2206,UWB1289,-16.29610227,0,0
20784,VINBLASTINE,MK-2206,UWB1289BRCA1,21.56289387,0,1
20787,VINBLASTINE,MK-4827,A2058,-13.3879235,4,0
20788,VINBLASTINE,MK-4827,A2780,-11.40134251,4,0
20789,VINBLASTINE,MK-4827,A375,-18.96388412,4,0
20790,VINBLASTINE,MK-4827,A427,-12.06344511,4,0
20791,VINBLASTINE,MK-4827,CAOV3,-33.48756779,4,0
20798,VINBLASTINE,MK-4827,HT29,-10.08507429,4,0
20800,VINBLASTINE,MK-4827,LNCAP,-46.64719467,4,0
20806,VINBLASTINE,MK-4827,NCIH23,-26.15634803,4,0
20808,VINBLASTINE,MK-4827,NCIH520,-18.66022759,4,0
20809,VINBLASTINE,MK-4827,OCUBM,28.034165,4,1
20810,VINBLASTINE,MK-4827,OV90,-15.82092885,4,0
20811,VINBLASTINE,MK-4827,OVCAR3,-16.87304014,4,0
20812,VINBLASTINE,MK-4827,PA1,-16.34304453,4,0
20817,VINBLASTINE,MK-4827,SKOV3,21.07144249,4,1
20818,VINBLASTINE,MK-4827,SW620,30.93184487,4,1
20819,VINBLASTINE,MK-4827,SW837,-21.71800764,4,0
20820,VINBLASTINE,MK-4827,T47D,-48.76345081,4,0
20822,VINBLASTINE,MK-4827,UWB1289,-23.39499577,4,0
20826,VINBLASTINE,MK-5108,A2058,23.69537252,2,1
20835,VINBLASTINE,MK-5108,HCT116,21.84395569,2,1
20837,VINBLASTINE,MK-5108,HT29,41.01907392,2,1
20842,VINBLASTINE,MK-5108,MSTO,29.37038012,2,1
20843,VINBLASTINE,MK-5108,NCIH1650,20.87386169,2,1
20848,VINBLASTINE,MK-5108,OCUBM,23.7607158,2,1
20851,VINBLASTINE,MK-5108,PA1,-11.76863181,2,0
20852,VINBLASTINE,MK-5108,RKO,41.33619823,2,1
20854,VINBLASTINE,MK-5108,SKMEL30,28.6090276,2,1
20856,VINBLASTINE,MK-5108,SKOV3,25.39738061,2,1
20857,VINBLASTINE,MK-5108,SW620,37.52096948,2,1
20858,VINBLASTINE,MK-5108,SW837,36.25399761,2,1
20863,VINBLASTINE,MK-5108,VCAP,39.35686611,2,1
20865,VINBLASTINE,MK-8669,A2058,50.48578982,0,1
20872,VINBLASTINE,MK-8669,EFM192B,49.92967777,0,1
20873,VINBLASTINE,MK-8669,ES2,23.62142238,0,1
20874,VINBLASTINE,MK-8669,HCT116,-19.22634478,0,0
20875,VINBLASTINE,MK-8669,HT144,23.29859282,0,1
20877,VINBLASTINE,MK-8669,KPL1,58.50727318,0,1
20879,VINBLASTINE,MK-8669,LOVO,32.69924727,0,1
20881,VINBLASTINE,MK-8669,MSTO,69.31644893,0,1
20887,VINBLASTINE,MK-8669,OCUBM,24.1475996,0,1
20892,VINBLASTINE,MK-8669,RPMI7951,20.07000003,0,1
20893,VINBLASTINE,MK-8669,SKMEL30,30.07980797,0,1
20894,VINBLASTINE,MK-8669,SKMES1,20.11197445,0,1
20895,VINBLASTINE,MK-8669,SKOV3,40.58721873,0,1
20896,VINBLASTINE,MK-8669,SW620,22.7495252,0,1
20898,VINBLASTINE,MK-8669,T47D,32.45522961,0,1
20899,VINBLASTINE,MK-8669,UACC62,29.64229297,0,1
20900,VINBLASTINE,MK-8669,UWB1289,-12.95645069,0,0
20902,VINBLASTINE,MK-8669,VCAP,31.85489656,0,1
20903,VINBLASTINE,MK-8669,ZR751,23.22303048,0,1
20905,VINBLASTINE,MK-8776,A2780,-13.29820428,0,0
20907,VINBLASTINE,MK-8776,A427,-22.15026766,0,0
20912,VINBLASTINE,MK-8776,ES2,22.81604465,0,1
20915,VINBLASTINE,MK-8776,HT29,-18.85023674,0,0
20919,VINBLASTINE,MK-8776,MDAMB436,-11.27802511,0,0
20922,VINBLASTINE,MK-8776,NCIH2122,-48.00194577,0,0
20923,VINBLASTINE,MK-8776,NCIH23,-21.19126682,0,0
20926,VINBLASTINE,MK-8776,OCUBM,25.82862176,0,1
20927,VINBLASTINE,MK-8776,OV90,-10.43451866,0,0
20928,VINBLASTINE,MK-8776,OVCAR3,-24.77081511,0,0
20929,VINBLASTINE,MK-8776,PA1,-26.0103294,0,0
20931,VINBLASTINE,MK-8776,RPMI7951,-28.90426431,0,0
20933,VINBLASTINE,MK-8776,SKMES1,-23.38064444,0,0
20936,VINBLASTINE,MK-8776,SW837,-30.7718173,0,0
20937,VINBLASTINE,MK-8776,T47D,-91.15214814,0,0
20939,VINBLASTINE,MK-8776,UWB1289,-29.45304109,0,0
20940,VINBLASTINE,MK-8776,UWB1289BRCA1,-20.57771164,0,0
20942,VINBLASTINE,MK-8776,ZR751,-30.28771582,0,0
20947,VINBLASTINE,PD325901,CAOV3,-13.90924947,4,0
20951,VINBLASTINE,PD325901,ES2,33.91110573,4,1
20953,VINBLASTINE,PD325901,HT144,24.45758398,4,1
20954,VINBLASTINE,PD325901,HT29,-25.20453316,4,0
20955,VINBLASTINE,PD325901,KPL1,20.09543514,4,1
20961,VINBLASTINE,PD325901,NCIH2122,-30.45103376,4,0
20969,VINBLASTINE,PD325901,RKO,29.23276387,4,1
20972,VINBLASTINE,PD325901,SKMES1,-13.0645656,4,0
20974,VINBLASTINE,PD325901,SW620,21.10617037,4,1
20976,VINBLASTINE,PD325901,T47D,28.22259945,4,1
20978,VINBLASTINE,PD325901,UWB1289,22.3797001,4,1
20981,VINBLASTINE,PD325901,ZR751,-19.26690345,4,0
20982,VINBLASTINE,SORAFENIB,A2058,25.4344919,1,1
20988,VINBLASTINE,SORAFENIB,DLD1,20.98381052,1,1
20989,VINBLASTINE,SORAFENIB,EFM192B,20.63455115,1,1
20990,VINBLASTINE,SORAFENIB,ES2,34.59434216,1,1
20991,VINBLASTINE,SORAFENIB,HCT116,22.70004511,1,1
20998,VINBLASTINE,SORAFENIB,MSTO,-12.61543566,1,0
21008,VINBLASTINE,SORAFENIB,RKO,29.17794342,1,1
21012,VINBLASTINE,SORAFENIB,SKOV3,25.08227257,1,1
21013,VINBLASTINE,SORAFENIB,SW620,35.17248524,1,1
21019,VINBLASTINE,SORAFENIB,VCAP,39.73514779,1,1
21032,VINBLASTINE,SUNITINIB,HT29,-11.52411698,2,0
21034,VINBLASTINE,SUNITINIB,LNCAP,-19.48486642,2,0
21037,VINBLASTINE,SUNITINIB,MSTO,-12.15852725,2,0
21040,VINBLASTINE,SUNITINIB,NCIH23,-18.86316063,2,0
21048,VINBLASTINE,SUNITINIB,RPMI7951,-18.02883515,2,0
21049,VINBLASTINE,SUNITINIB,SKMEL30,-10.29952621,2,0
21052,VINBLASTINE,SUNITINIB,SW620,25.16921451,2,1
21054,VINBLASTINE,SUNITINIB,T47D,-18.93567274,2,0
21056,VINBLASTINE,SUNITINIB,UWB1289,-10.87016275,2,0
21059,VINBLASTINE,SUNITINIB,ZR751,-11.21871505,2,0
21060,VINBLASTINE,TEMOZOLOMIDE,A2058,-30.26061865,3,0
21061,VINBLASTINE,TEMOZOLOMIDE,A2780,-56.27267644,3,0
21062,VINBLASTINE,TEMOZOLOMIDE,A375,-48.27094461,3,0
21063,VINBLASTINE,TEMOZOLOMIDE,A427,-35.19215535,3,0
21064,VINBLASTINE,TEMOZOLOMIDE,CAOV3,-114.9141752,3,0
21066,VINBLASTINE,TEMOZOLOMIDE,DLD1,-21.03669091,3,0
21067,VINBLASTINE,TEMOZOLOMIDE,EFM192B,-51.0342432,3,0
21069,VINBLASTINE,TEMOZOLOMIDE,HCT116,-51.71582004,3,0
21070,VINBLASTINE,TEMOZOLOMIDE,HT144,-39.51605145,3,0
21071,VINBLASTINE,TEMOZOLOMIDE,HT29,-50.04582904,3,0
21072,VINBLASTINE,TEMOZOLOMIDE,KPL1,-19.88835922,3,0
21073,VINBLASTINE,TEMOZOLOMIDE,LNCAP,-59.71002754,3,0
21074,VINBLASTINE,TEMOZOLOMIDE,LOVO,-51.81234071,3,0
21075,VINBLASTINE,TEMOZOLOMIDE,MDAMB436,-29.25713371,3,0
21076,VINBLASTINE,TEMOZOLOMIDE,MSTO,-28.44300092,3,0
21077,VINBLASTINE,TEMOZOLOMIDE,NCIH1650,-44.15303893,3,0
21078,VINBLASTINE,TEMOZOLOMIDE,NCIH2122,-73.23152034,3,0
21079,VINBLASTINE,TEMOZOLOMIDE,NCIH23,-61.87395914,3,0
21080,VINBLASTINE,TEMOZOLOMIDE,NCIH460,-28.13013035,3,0
21081,VINBLASTINE,TEMOZOLOMIDE,NCIH520,-49.44226194,3,0
21082,VINBLASTINE,TEMOZOLOMIDE,OCUBM,-24.44043136,3,0
21083,VINBLASTINE,TEMOZOLOMIDE,OV90,-28.97810547,3,0
21084,VINBLASTINE,TEMOZOLOMIDE,OVCAR3,-67.02603111,3,0
21085,VINBLASTINE,TEMOZOLOMIDE,PA1,-68.56850736,3,0
21086,VINBLASTINE,TEMOZOLOMIDE,RKO,-24.27092453,3,0
21087,VINBLASTINE,TEMOZOLOMIDE,RPMI7951,-52.57228832,3,0
21088,VINBLASTINE,TEMOZOLOMIDE,SKMEL30,-26.15567032,3,0
21089,VINBLASTINE,TEMOZOLOMIDE,SKMES1,-34.01315952,3,0
21090,VINBLASTINE,TEMOZOLOMIDE,SKOV3,-52.46322561,3,0
21092,VINBLASTINE,TEMOZOLOMIDE,SW837,-33.04587576,3,0
21093,VINBLASTINE,TEMOZOLOMIDE,T47D,-134.8040987,3,0
21094,VINBLASTINE,TEMOZOLOMIDE,UACC62,-23.07310332,3,0
21095,VINBLASTINE,TEMOZOLOMIDE,UWB1289,-15.13350202,3,0
21097,VINBLASTINE,TEMOZOLOMIDE,VCAP,-41.05187366,3,0
21098,VINBLASTINE,TEMOZOLOMIDE,ZR751,-109.6136828,3,0
21099,VINBLASTINE,ZOLINZA,A2058,-21.518126,1,0
21100,VINBLASTINE,ZOLINZA,A2780,-14.14086203,1,0
21101,VINBLASTINE,ZOLINZA,A375,-31.31519734,1,0
21102,VINBLASTINE,ZOLINZA,A427,-35.82031695,1,0
21103,VINBLASTINE,ZOLINZA,CAOV3,-37.1587722,1,0
21108,VINBLASTINE,ZOLINZA,HCT116,-13.34366812,1,0
21111,VINBLASTINE,ZOLINZA,KPL1,20.39194354,1,1
21114,VINBLASTINE,ZOLINZA,MDAMB436,-16.02021888,1,0
21115,VINBLASTINE,ZOLINZA,MSTO,75.78454391,1,1
21117,VINBLASTINE,ZOLINZA,NCIH2122,-20.15337746,1,0
21118,VINBLASTINE,ZOLINZA,NCIH23,-38.57213393,1,0
21119,VINBLASTINE,ZOLINZA,NCIH460,-18.94381502,1,0
21121,VINBLASTINE,ZOLINZA,OCUBM,-17.94639139,1,0
21123,VINBLASTINE,ZOLINZA,OVCAR3,-17.1502665,1,0
21124,VINBLASTINE,ZOLINZA,PA1,-16.15366415,1,0
21126,VINBLASTINE,ZOLINZA,RPMI7951,-11.50761233,1,0
21127,VINBLASTINE,ZOLINZA,SKMEL30,-28.53523545,1,0
21129,VINBLASTINE,ZOLINZA,SKOV3,24.42820826,1,1
21134,VINBLASTINE,ZOLINZA,UWB1289,-24.6926209,1,0
21137,VINBLASTINE,ZOLINZA,ZR751,-40.78037564,1,0
21138,VINORELBINE,ABT-888,A2058,-14.72948136,3,0
21139,VINORELBINE,ABT-888,A2780,-13.93949131,3,0
21141,VINORELBINE,ABT-888,A427,-15.82842416,3,0
21142,VINORELBINE,ABT-888,CAOV3,-34.17870763,3,0
21147,VINORELBINE,ABT-888,HCT116,-10.42891778,3,0
21149,VINORELBINE,ABT-888,HT29,-21.08220023,3,0
21151,VINORELBINE,ABT-888,LNCAP,20.79711313,3,1
21154,VINORELBINE,ABT-888,MSTO,53.05526747,3,1
21155,VINORELBINE,ABT-888,NCIH1650,-10.63729132,3,0
21156,VINORELBINE,ABT-888,NCIH2122,-11.45134565,3,0
21157,VINORELBINE,ABT-888,NCIH23,-99.70601119,3,0
21159,VINORELBINE,ABT-888,NCIH520,-10.23345184,3,0
21161,VINORELBINE,ABT-888,OV90,21.73562619,3,1
21162,VINORELBINE,ABT-888,OVCAR3,-15.27165062,3,0
21165,VINORELBINE,ABT-888,RPMI7951,-11.41582919,3,0
21170,VINORELBINE,ABT-888,SW837,-22.60500538,3,0
21171,VINORELBINE,ABT-888,T47D,-62.14153045,3,0
21173,VINORELBINE,ABT-888,UWB1289,26.13308441,3,1
21174,VINORELBINE,ABT-888,UWB1289BRCA1,-17.41623304,3,0
21175,VINORELBINE,ABT-888,VCAP,-15.99404826,3,0
21176,VINORELBINE,ABT-888,ZR751,-18.10633388,3,0
21177,VINORELBINE,AZD1775,A2058,-15.9386191,4,0
21181,VINORELBINE,AZD1775,CAOV3,-13.69612259,4,0
21188,VINORELBINE,AZD1775,HT29,-19.93858255,4,0
21195,VINORELBINE,AZD1775,NCIH2122,-29.0534773,4,0
21196,VINORELBINE,AZD1775,NCIH23,-19.15332801,4,0
21199,VINORELBINE,AZD1775,OCUBM,-17.0999843,4,0
21200,VINORELBINE,AZD1775,OV90,20.38350601,4,1
21201,VINORELBINE,AZD1775,OVCAR3,-13.21570338,4,0
21204,VINORELBINE,AZD1775,RPMI7951,-12.04218059,4,0
21209,VINORELBINE,AZD1775,SW837,-11.16208807,4,0
21210,VINORELBINE,AZD1775,T47D,-13.60598844,4,0
21212,VINORELBINE,AZD1775,UWB1289,72.69809685,4,1
21214,VINORELBINE,AZD1775,VCAP,-33.10078146,4,0
21215,VINORELBINE,AZD1775,ZR751,-16.44969908,4,0
21218,VINORELBINE,BEZ-235,A375,41.50912604,4,1
21220,VINORELBINE,BEZ-235,CAOV3,-37.17291918,4,0
21221,VINORELBINE,BEZ-235,COLO320DM,27.89717389,4,1
21222,VINORELBINE,BEZ-235,DLD1,20.99478926,4,1
21224,VINORELBINE,BEZ-235,ES2,28.56098292,4,1
21226,VINORELBINE,BEZ-235,HT144,39.3234412,4,1
21228,VINORELBINE,BEZ-235,KPL1,31.96210272,4,1
21229,VINORELBINE,BEZ-235,LNCAP,68.11021209,4,1
21231,VINORELBINE,BEZ-235,MDAMB436,25.97459654,4,1
21232,VINORELBINE,BEZ-235,MSTO,82.33127458,4,1
21234,VINORELBINE,BEZ-235,NCIH2122,-26.51424638,4,0
21235,VINORELBINE,BEZ-235,NCIH23,-212.4597872,4,0
21236,VINORELBINE,BEZ-235,NCIH460,37.07844145,4,1
21238,VINORELBINE,BEZ-235,OCUBM,-13.62368783,4,0
21239,VINORELBINE,BEZ-235,OV90,56.16738368,4,1
21240,VINORELBINE,BEZ-235,OVCAR3,-27.050723,4,0
21244,VINORELBINE,BEZ-235,SKMEL30,32.38480959,4,1
21245,VINORELBINE,BEZ-235,SKMES1,23.10429354,4,1
21248,VINORELBINE,BEZ-235,SW837,23.54663021,4,1
21249,VINORELBINE,BEZ-235,T47D,121.2857062,4,1
21250,VINORELBINE,BEZ-235,UACC62,27.95255894,4,1
21253,VINORELBINE,BEZ-235,VCAP,-23.50668559,4,0
21254,VINORELBINE,BEZ-235,ZR751,34.158294,4,1
21255,VINORELBINE,BORTEZOMIB,A2058,-29.6509664,3,0
21256,VINORELBINE,BORTEZOMIB,A2780,-33.09195683,3,0
21258,VINORELBINE,BORTEZOMIB,A427,-23.932998,3,0
21259,VINORELBINE,BORTEZOMIB,CAOV3,-42.79262801,3,0
21260,VINORELBINE,BORTEZOMIB,COLO320DM,-15.38314394,3,0
21262,VINORELBINE,BORTEZOMIB,EFM192B,-50.8313661,3,0
21263,VINORELBINE,BORTEZOMIB,ES2,-28.59156521,3,0
21264,VINORELBINE,BORTEZOMIB,HCT116,-23.6526331,3,0
21266,VINORELBINE,BORTEZOMIB,HT29,-42.68826455,3,0
21268,VINORELBINE,BORTEZOMIB,LNCAP,-15.55903704,3,0
21271,VINORELBINE,BORTEZOMIB,MSTO,130.1395174,3,1
21272,VINORELBINE,BORTEZOMIB,NCIH1650,-28.18792891,3,0
21273,VINORELBINE,BORTEZOMIB,NCIH2122,-57.52759998,3,0
21274,VINORELBINE,BORTEZOMIB,NCIH23,-257.759711,3,0
21275,VINORELBINE,BORTEZOMIB,NCIH460,-19.99638989,3,0
21276,VINORELBINE,BORTEZOMIB,NCIH520,-35.36046364,3,0
21277,VINORELBINE,BORTEZOMIB,OCUBM,-34.37750382,3,0
21279,VINORELBINE,BORTEZOMIB,OVCAR3,-43.40354984,3,0
21280,VINORELBINE,BORTEZOMIB,PA1,-37.72201491,3,0
21281,VINORELBINE,BORTEZOMIB,RKO,-19.38519443,3,0
21282,VINORELBINE,BORTEZOMIB,RPMI7951,-19.90547782,3,0
21284,VINORELBINE,BORTEZOMIB,SKMES1,-24.46352917,3,0
21285,VINORELBINE,BORTEZOMIB,SKOV3,-22.2226484,3,0
21287,VINORELBINE,BORTEZOMIB,SW837,-24.5002518,3,0
21288,VINORELBINE,BORTEZOMIB,T47D,-35.92059286,3,0
21289,VINORELBINE,BORTEZOMIB,UACC62,-25.41493952,3,0
21291,VINORELBINE,BORTEZOMIB,UWB1289BRCA1,-13.60803223,3,0
21292,VINORELBINE,BORTEZOMIB,VCAP,-38.01516994,3,0
21293,VINORELBINE,BORTEZOMIB,ZR751,-36.74445526,3,0
21295,VINORELBINE,DASATINIB,A2780,40.08347788,2,1
21296,VINORELBINE,DASATINIB,A375,32.24296154,2,1
21297,VINORELBINE,DASATINIB,A427,39.37162018,2,1
21298,VINORELBINE,DASATINIB,CAOV3,-14.9173314,2,0
21303,VINORELBINE,DASATINIB,HCT116,-23.81764076,2,0
21304,VINORELBINE,DASATINIB,HT144,-35.84801821,2,0
21306,VINORELBINE,DASATINIB,KPL1,21.99230904,2,1
21307,VINORELBINE,DASATINIB,LNCAP,27.9343932,2,1
21308,VINORELBINE,DASATINIB,LOVO,53.84310556,2,1
21310,VINORELBINE,DASATINIB,MSTO,102.4901933,2,1
21311,VINORELBINE,DASATINIB,NCIH1650,47.46346021,2,1
21312,VINORELBINE,DASATINIB,NCIH2122,-50.14297404,2,0
21314,VINORELBINE,DASATINIB,NCIH460,30.91293171,2,1
21315,VINORELBINE,DASATINIB,NCIH520,43.75611313,2,1
21316,VINORELBINE,DASATINIB,OCUBM,-26.23073633,2,0
21317,VINORELBINE,DASATINIB,OV90,53.73242187,2,1
21318,VINORELBINE,DASATINIB,OVCAR3,20.78090001,2,1
21322,VINORELBINE,DASATINIB,SKMEL30,-14.38894625,2,0
21324,VINORELBINE,DASATINIB,SKOV3,25.0526887,2,1
21325,VINORELBINE,DASATINIB,SW620,31.29388992,2,1
21326,VINORELBINE,DASATINIB,SW837,20.89142917,2,1
21327,VINORELBINE,DASATINIB,T47D,45.21935482,2,1
21328,VINORELBINE,DASATINIB,UACC62,-15.86528262,2,0
21331,VINORELBINE,DASATINIB,VCAP,-10.3994299,2,0
21332,VINORELBINE,DASATINIB,ZR751,-15.54601539,2,0
21333,VINORELBINE,DINACICLIB,A2058,-16.0429611,2,0
21334,VINORELBINE,DINACICLIB,A2780,-19.1765067,2,0
21335,VINORELBINE,DINACICLIB,A375,-123.0291404,2,0
21337,VINORELBINE,DINACICLIB,CAOV3,-27.19305306,2,0
21340,VINORELBINE,DINACICLIB,EFM192B,-13.58838126,2,0
21342,VINORELBINE,DINACICLIB,HCT116,-25.11713456,2,0
21344,VINORELBINE,DINACICLIB,HT29,-29.92559853,2,0
21349,VINORELBINE,DINACICLIB,MSTO,48.62661809,2,1
21351,VINORELBINE,DINACICLIB,NCIH2122,-22.26362069,2,0
21352,VINORELBINE,DINACICLIB,NCIH23,-16.26098577,2,0
21355,VINORELBINE,DINACICLIB,OCUBM,-25.02748106,2,0
21356,VINORELBINE,DINACICLIB,OV90,30.33318701,2,1
21357,VINORELBINE,DINACICLIB,OVCAR3,-17.91964113,2,0
21358,VINORELBINE,DINACICLIB,PA1,-24.07607823,2,0
21363,VINORELBINE,DINACICLIB,SKOV3,-15.23066253,2,0
21365,VINORELBINE,DINACICLIB,SW837,-12.76025598,2,0
21366,VINORELBINE,DINACICLIB,T47D,-13.1210252,2,0
21370,VINORELBINE,DINACICLIB,VCAP,-36.73261246,2,0
21372,VINORELBINE,ERLOTINIB,A2058,-13.18998542,1,0
21374,VINORELBINE,ERLOTINIB,A375,52.30453418,1,1
21376,VINORELBINE,ERLOTINIB,CAOV3,-23.50326318,1,0
21377,VINORELBINE,ERLOTINIB,COLO320DM,32.50117558,1,1
21378,VINORELBINE,ERLOTINIB,DLD1,42.25150563,1,1
21380,VINORELBINE,ERLOTINIB,ES2,29.70881742,1,1
21382,VINORELBINE,ERLOTINIB,HT144,23.93883862,1,1
21383,VINORELBINE,ERLOTINIB,HT29,-13.10761589,1,0
21386,VINORELBINE,ERLOTINIB,LOVO,34.26409169,1,1
21388,VINORELBINE,ERLOTINIB,MSTO,28.03624262,1,1
21392,VINORELBINE,ERLOTINIB,NCIH460,34.54849981,1,1
21395,VINORELBINE,ERLOTINIB,OV90,52.54043322,1,1
21396,VINORELBINE,ERLOTINIB,OVCAR3,-18.85665187,1,0
21397,VINORELBINE,ERLOTINIB,PA1,-21.07828117,1,0
21399,VINORELBINE,ERLOTINIB,RPMI7951,-11.82033785,1,0
21400,VINORELBINE,ERLOTINIB,SKMEL30,23.04192946,1,1
21401,VINORELBINE,ERLOTINIB,SKMES1,37.35065015,1,1
21402,VINORELBINE,ERLOTINIB,SKOV3,34.85126701,1,1
21404,VINORELBINE,ERLOTINIB,SW837,37.38803088,1,1
21405,VINORELBINE,ERLOTINIB,T47D,-12.29831992,1,0
21406,VINORELBINE,ERLOTINIB,UACC62,33.63713202,1,1
21408,VINORELBINE,ERLOTINIB,UWB1289BRCA1,21.33359857,1,1
21410,VINORELBINE,ERLOTINIB,ZR751,31.46014941,1,1
21412,VINORELBINE,GELDANAMYCIN,A2780,-21.02989869,2,0
21413,VINORELBINE,GELDANAMYCIN,A375,35.97263906,2,1
21415,VINORELBINE,GELDANAMYCIN,CAOV3,-30.3852445,2,0
21417,VINORELBINE,GELDANAMYCIN,DLD1,-21.19016355,2,0
21418,VINORELBINE,GELDANAMYCIN,EFM192B,-64.43327092,2,0
21420,VINORELBINE,GELDANAMYCIN,HCT116,-12.53972622,2,0
21422,VINORELBINE,GELDANAMYCIN,HT29,-27.8607575,2,0
21423,VINORELBINE,GELDANAMYCIN,KPL1,-11.34986421,2,0
21425,VINORELBINE,GELDANAMYCIN,LOVO,-15.41936663,2,0
21428,VINORELBINE,GELDANAMYCIN,NCIH1650,-12.12292657,2,0
21429,VINORELBINE,GELDANAMYCIN,NCIH2122,-37.22831577,2,0
21430,VINORELBINE,GELDANAMYCIN,NCIH23,-277.8941379,2,0
21431,VINORELBINE,GELDANAMYCIN,NCIH460,-10.50222311,2,0
21432,VINORELBINE,GELDANAMYCIN,NCIH520,-18.72141057,2,0
21433,VINORELBINE,GELDANAMYCIN,OCUBM,-44.61778959,2,0
21435,VINORELBINE,GELDANAMYCIN,OVCAR3,-39.94594297,2,0
21436,VINORELBINE,GELDANAMYCIN,PA1,-14.67876125,2,0
21441,VINORELBINE,GELDANAMYCIN,SKOV3,-17.37401835,2,0
21442,VINORELBINE,GELDANAMYCIN,SW620,-13.20939451,2,0
21443,VINORELBINE,GELDANAMYCIN,SW837,-17.55487522,2,0
21444,VINORELBINE,GELDANAMYCIN,T47D,-37.58848261,2,0
21446,VINORELBINE,GELDANAMYCIN,UWB1289,28.57218296,2,1
21447,VINORELBINE,GELDANAMYCIN,UWB1289BRCA1,-28.59740184,2,0
21448,VINORELBINE,GELDANAMYCIN,VCAP,-45.238919,2,0
21449,VINORELBINE,GELDANAMYCIN,ZR751,-13.43801841,2,0
21450,VINORELBINE,LAPATINIB,A2058,-16.50783592,1,0
21452,VINORELBINE,LAPATINIB,A375,55.47446162,1,1
21453,VINORELBINE,LAPATINIB,A427,-30.63221224,1,0
21454,VINORELBINE,LAPATINIB,CAOV3,-20.90626385,1,0
21455,VINORELBINE,LAPATINIB,COLO320DM,39.8229648,1,1
21456,VINORELBINE,LAPATINIB,DLD1,38.46555703,1,1
21458,VINORELBINE,LAPATINIB,ES2,45.95639602,1,1
21459,VINORELBINE,LAPATINIB,HCT116,-14.41182799,1,0
21461,VINORELBINE,LAPATINIB,HT29,-25.90104775,1,0
21464,VINORELBINE,LAPATINIB,LOVO,44.24021216,1,1
21468,VINORELBINE,LAPATINIB,NCIH2122,-23.24493042,1,0
21470,VINORELBINE,LAPATINIB,NCIH460,42.47381611,1,1
21471,VINORELBINE,LAPATINIB,NCIH520,-12.12266334,1,0
21473,VINORELBINE,LAPATINIB,OV90,36.20680413,1,1
21474,VINORELBINE,LAPATINIB,OVCAR3,-11.94835355,1,0
21475,VINORELBINE,LAPATINIB,PA1,-13.97842128,1,0
21479,VINORELBINE,LAPATINIB,SKMES1,38.5294507,1,1
21482,VINORELBINE,LAPATINIB,SW837,20.92043564,1,1
21484,VINORELBINE,LAPATINIB,UACC62,-13.51336409,1,0
21487,VINORELBINE,LAPATINIB,VCAP,-18.13521888,1,0
21491,VINORELBINE,MK-2206,A375,44.85448884,0,1
21493,VINORELBINE,MK-2206,CAOV3,-32.08234072,0,0
21495,VINORELBINE,MK-2206,DLD1,25.15734894,0,1
21497,VINORELBINE,MK-2206,ES2,30.61990596,0,1
21499,VINORELBINE,MK-2206,HT144,24.04190157,0,1
21501,VINORELBINE,MK-2206,KPL1,50.69438552,0,1
21503,VINORELBINE,MK-2206,LOVO,31.50647277,0,1
21505,VINORELBINE,MK-2206,MSTO,58.54239757,0,1
21507,VINORELBINE,MK-2206,NCIH2122,-15.29527655,0,0
21509,VINORELBINE,MK-2206,NCIH460,32.62178141,0,1
21510,VINORELBINE,MK-2206,NCIH520,23.2798268,0,1
21511,VINORELBINE,MK-2206,OCUBM,-15.78100742,0,0
21512,VINORELBINE,MK-2206,OV90,52.94671783,0,1
21513,VINORELBINE,MK-2206,OVCAR3,-16.12845222,0,0
21518,VINORELBINE,MK-2206,SKMES1,31.70298181,0,1
21519,VINORELBINE,MK-2206,SKOV3,24.02655813,0,1
21526,VINORELBINE,MK-2206,VCAP,-23.5722952,0,0
21528,VINORELBINE,MK-4827,A2058,-47.23456054,4,0
21529,VINORELBINE,MK-4827,A2780,-15.68910384,4,0
21530,VINORELBINE,MK-4827,A375,-15.7736201,4,0
21531,VINORELBINE,MK-4827,A427,-20.34321629,4,0
21532,VINORELBINE,MK-4827,CAOV3,-35.8802506,4,0
21536,VINORELBINE,MK-4827,ES2,-11.91309188,4,0
21537,VINORELBINE,MK-4827,HCT116,-27.46891861,4,0
21538,VINORELBINE,MK-4827,HT144,-36.68971871,4,0
21539,VINORELBINE,MK-4827,HT29,-38.68908041,4,0
21540,VINORELBINE,MK-4827,KPL1,-23.04030589,4,0
21546,VINORELBINE,MK-4827,NCIH2122,-13.41470575,4,0
21547,VINORELBINE,MK-4827,NCIH23,-25.97198273,4,0
21549,VINORELBINE,MK-4827,NCIH520,-28.67860789,4,0
21550,VINORELBINE,MK-4827,OCUBM,-27.41984272,4,0
21552,VINORELBINE,MK-4827,OVCAR3,-42.85939409,4,0
21553,VINORELBINE,MK-4827,PA1,-29.82980537,4,0
21554,VINORELBINE,MK-4827,RKO,-23.05733444,4,0
21555,VINORELBINE,MK-4827,RPMI7951,-19.02440312,4,0
21560,VINORELBINE,MK-4827,SW837,-29.16157401,4,0
21561,VINORELBINE,MK-4827,T47D,-30.51521593,4,0
21562,VINORELBINE,MK-4827,UACC62,-42.39205054,4,0
21563,VINORELBINE,MK-4827,UWB1289,-22.22443353,4,0
21564,VINORELBINE,MK-4827,UWB1289BRCA1,-20.75762787,4,0
21565,VINORELBINE,MK-4827,VCAP,-28.56345145,4,0
21566,VINORELBINE,MK-4827,ZR751,-25.75959198,4,0
21567,VINORELBINE,MK-5108,A2058,-37.91217965,3,0
21568,VINORELBINE,MK-5108,A2780,-18.87262033,3,0
21569,VINORELBINE,MK-5108,A375,-15.55207563,3,0
21570,VINORELBINE,MK-5108,A427,-13.83169443,3,0
21571,VINORELBINE,MK-5108,CAOV3,-19.7367165,3,0
21574,VINORELBINE,MK-5108,EFM192B,-13.65031169,3,0
21576,VINORELBINE,MK-5108,HCT116,-10.27464795,3,0
21577,VINORELBINE,MK-5108,HT144,-14.14444788,3,0
21585,VINORELBINE,MK-5108,NCIH2122,-27.00710331,3,0
21586,VINORELBINE,MK-5108,NCIH23,-14.3339427,3,0
21587,VINORELBINE,MK-5108,NCIH460,-18.937027,3,0
21588,VINORELBINE,MK-5108,NCIH520,-11.1253861,3,0
21589,VINORELBINE,MK-5108,OCUBM,-13.925041,3,0
21590,VINORELBINE,MK-5108,OV90,24.85009783,3,1
21591,VINORELBINE,MK-5108,OVCAR3,-41.74974743,3,0
21592,VINORELBINE,MK-5108,PA1,-28.44807996,3,0
21593,VINORELBINE,MK-5108,RKO,-22.72519608,3,0
21594,VINORELBINE,MK-5108,RPMI7951,-28.13845329,3,0
21601,VINORELBINE,MK-5108,UACC62,-35.9022166,3,0
21602,VINORELBINE,MK-5108,UWB1289,-11.47931561,3,0
21603,VINORELBINE,MK-5108,UWB1289BRCA1,-20.30735359,3,0
21604,VINORELBINE,MK-5108,VCAP,-21.4123089,3,0
21610,VINORELBINE,MK-8669,CAOV3,-47.92854183,3,0
21614,VINORELBINE,MK-8669,ES2,21.50841806,3,1
21615,VINORELBINE,MK-8669,HCT116,-24.45436765,3,0
21618,VINORELBINE,MK-8669,KPL1,37.31074359,3,1
21622,VINORELBINE,MK-8669,MSTO,39.19542594,3,1
21623,VINORELBINE,MK-8669,NCIH1650,26.54978821,3,1
21624,VINORELBINE,MK-8669,NCIH2122,-18.47638679,3,0
21629,VINORELBINE,MK-8669,OV90,57.71085461,3,1
21630,VINORELBINE,MK-8669,OVCAR3,-24.88815835,3,0
21631,VINORELBINE,MK-8669,PA1,-19.33738657,3,0
21634,VINORELBINE,MK-8669,SKMEL30,29.31986467,3,1
21636,VINORELBINE,MK-8669,SKOV3,59.31285459,3,1
21646,VINORELBINE,MK-8776,A2780,-10.79449255,1,0
21647,VINORELBINE,MK-8776,A375,42.62957748,1,1
21649,VINORELBINE,MK-8776,CAOV3,-16.86694139,1,0
21653,VINORELBINE,MK-8776,ES2,22.28288587,1,1
21656,VINORELBINE,MK-8776,HT29,-13.56510198,1,0
21663,VINORELBINE,MK-8776,NCIH2122,-34.7723178,1,0
21667,VINORELBINE,MK-8776,OCUBM,-10.65015719,1,0
21668,VINORELBINE,MK-8776,OV90,33.17631367,1,1
21669,VINORELBINE,MK-8776,OVCAR3,-27.34867801,1,0
21670,VINORELBINE,MK-8776,PA1,-14.78618207,1,0
21671,VINORELBINE,MK-8776,RKO,23.14340434,1,1
21672,VINORELBINE,MK-8776,RPMI7951,-15.47640521,1,0
21673,VINORELBINE,MK-8776,SKMEL30,26.47231544,1,1
21674,VINORELBINE,MK-8776,SKMES1,-12.26919238,1,0
21678,VINORELBINE,MK-8776,T47D,-46.02558266,1,0
21679,VINORELBINE,MK-8776,UACC62,-22.13441821,1,0
21680,VINORELBINE,MK-8776,UWB1289,-11.93474361,1,0
21681,VINORELBINE,MK-8776,UWB1289BRCA1,-16.49797379,1,0
21682,VINORELBINE,MK-8776,VCAP,-18.61847602,1,0
21683,VINORELBINE,MK-8776,ZR751,-24.33332147,1,0
21684,VINORELBINE,PD325901,A2058,-27.22694143,1,0
21688,VINORELBINE,PD325901,CAOV3,-32.91543819,1,0
21691,VINORELBINE,PD325901,EFM192B,-32.29731273,1,0
21694,VINORELBINE,PD325901,HT144,31.86028838,1,1
21695,VINORELBINE,PD325901,HT29,-21.87293757,1,0
21700,VINORELBINE,PD325901,MSTO,26.29391455,1,1
21701,VINORELBINE,PD325901,NCIH1650,-10.68215805,1,0
21702,VINORELBINE,PD325901,NCIH2122,-32.04655251,1,0
21703,VINORELBINE,PD325901,NCIH23,-177.6700632,1,0
21705,VINORELBINE,PD325901,NCIH520,-21.92731353,1,0
21706,VINORELBINE,PD325901,OCUBM,-11.3065477,1,0
21707,VINORELBINE,PD325901,OV90,36.77178889,1,1
21708,VINORELBINE,PD325901,OVCAR3,-11.25666824,1,0
21709,VINORELBINE,PD325901,PA1,-10.39090619,1,0
21711,VINORELBINE,PD325901,RPMI7951,-10.77719272,1,0
21713,VINORELBINE,PD325901,SKMES1,-23.29585728,1,0
21717,VINORELBINE,PD325901,T47D,-72.32759015,1,0
21721,VINORELBINE,PD325901,VCAP,-23.63375513,1,0
21723,VINORELBINE,SORAFENIB,A2058,-11.62252891,1,0
21727,VINORELBINE,SORAFENIB,CAOV3,-22.98306964,1,0
21734,VINORELBINE,SORAFENIB,HT29,-15.19965939,1,0
21738,VINORELBINE,SORAFENIB,MDAMB436,-16.43867393,1,0
21739,VINORELBINE,SORAFENIB,MSTO,-12.63770398,1,0
21741,VINORELBINE,SORAFENIB,NCIH2122,-20.42331708,1,0
21747,VINORELBINE,SORAFENIB,OVCAR3,-44.2537743,1,0
21750,VINORELBINE,SORAFENIB,RPMI7951,-20.71270282,1,0
21757,VINORELBINE,SORAFENIB,UACC62,-37.32485392,1,0
21760,VINORELBINE,SORAFENIB,VCAP,-21.14018405,1,0
21761,VINORELBINE,SORAFENIB,ZR751,-20.51243426,1,0
21762,VINORELBINE,SUNITINIB,A2058,-13.16174107,2,0
21766,VINORELBINE,SUNITINIB,CAOV3,-15.57139808,2,0
21773,VINORELBINE,SUNITINIB,HT29,-20.32413561,2,0
21780,VINORELBINE,SUNITINIB,NCIH2122,-14.95378332,2,0
21784,VINORELBINE,SUNITINIB,OCUBM,-30.43927817,2,0
21787,VINORELBINE,SUNITINIB,PA1,-13.07893713,2,0
21788,VINORELBINE,SUNITINIB,RKO,-11.60615082,2,0
21789,VINORELBINE,SUNITINIB,RPMI7951,-22.45454545,2,0
21795,VINORELBINE,SUNITINIB,T47D,-14.37814881,2,0
21796,VINORELBINE,SUNITINIB,UACC62,-10.71145822,2,0
21799,VINORELBINE,SUNITINIB,VCAP,-16.79739198,2,0
21800,VINORELBINE,SUNITINIB,ZR751,-11.84772549,2,0
21801,VINORELBINE,TEMOZOLOMIDE,A2058,-29.221793,0,0
21803,VINORELBINE,TEMOZOLOMIDE,A375,-87.0690888,0,0
21805,VINORELBINE,TEMOZOLOMIDE,CAOV3,-56.09371921,0,0
21808,VINORELBINE,TEMOZOLOMIDE,EFM192B,-28.0438796,0,0
21810,VINORELBINE,TEMOZOLOMIDE,HCT116,-35.52399066,0,0
21811,VINORELBINE,TEMOZOLOMIDE,HT144,-26.79147363,0,0
21812,VINORELBINE,TEMOZOLOMIDE,HT29,-25.58921534,0,0
21813,VINORELBINE,TEMOZOLOMIDE,KPL1,-27.61349129,0,0
21817,VINORELBINE,TEMOZOLOMIDE,MSTO,25.9906739,0,1
21818,VINORELBINE,TEMOZOLOMIDE,NCIH1650,-21.27508551,0,0
21819,VINORELBINE,TEMOZOLOMIDE,NCIH2122,-29.83515237,0,0
21821,VINORELBINE,TEMOZOLOMIDE,NCIH460,-22.7366223,0,0
21822,VINORELBINE,TEMOZOLOMIDE,NCIH520,-15.04684188,0,0
21823,VINORELBINE,TEMOZOLOMIDE,OCUBM,-29.69520207,0,0
21824,VINORELBINE,TEMOZOLOMIDE,OV90,32.66093222,0,1
21825,VINORELBINE,TEMOZOLOMIDE,OVCAR3,-14.72755446,0,0
21826,VINORELBINE,TEMOZOLOMIDE,PA1,-28.24623847,0,0
21827,VINORELBINE,TEMOZOLOMIDE,RKO,-10.81931754,0,0
21828,VINORELBINE,TEMOZOLOMIDE,RPMI7951,-14.43882285,0,0
21831,VINORELBINE,TEMOZOLOMIDE,SKOV3,-13.22595106,0,0
21834,VINORELBINE,TEMOZOLOMIDE,T47D,-26.7374178,0,0
21838,VINORELBINE,TEMOZOLOMIDE,VCAP,-30.95316635,0,0
21839,VINORELBINE,TEMOZOLOMIDE,ZR751,-23.76690881,0,0
21840,VINORELBINE,ZOLINZA,A2058,-40.10431441,1,0
21841,VINORELBINE,ZOLINZA,A2780,-27.52343257,1,0
21842,VINORELBINE,ZOLINZA,A375,-27.31844798,1,0
21843,VINORELBINE,ZOLINZA,A427,-29.45950488,1,0
21844,VINORELBINE,ZOLINZA,CAOV3,-40.83691599,1,0
21849,VINORELBINE,ZOLINZA,HCT116,-25.70139462,1,0
21853,VINORELBINE,ZOLINZA,LNCAP,20.42830047,1,1
21856,VINORELBINE,ZOLINZA,MSTO,73.17899317,1,1
21858,VINORELBINE,ZOLINZA,NCIH2122,-16.9331785,1,0
21859,VINORELBINE,ZOLINZA,NCIH23,-40.53933726,1,0
21860,VINORELBINE,ZOLINZA,NCIH460,-17.89887461,1,0
21862,VINORELBINE,ZOLINZA,OCUBM,-29.80708268,1,0
21863,VINORELBINE,ZOLINZA,OV90,28.52452963,1,1
21864,VINORELBINE,ZOLINZA,OVCAR3,-16.24345857,1,0
21865,VINORELBINE,ZOLINZA,PA1,-20.02191123,1,0
21866,VINORELBINE,ZOLINZA,RKO,-15.49178939,1,0
21867,VINORELBINE,ZOLINZA,RPMI7951,-12.14337574,1,0
21868,VINORELBINE,ZOLINZA,SKMEL30,-17.32848254,1,0
21870,VINORELBINE,ZOLINZA,SKOV3,22.74174616,1,1
21871,VINORELBINE,ZOLINZA,SW620,-11.39460999,1,0
21874,VINORELBINE,ZOLINZA,UACC62,-13.941095,1,0
21877,VINORELBINE,ZOLINZA,VCAP,-14.693083,1,0
21878,VINORELBINE,ZOLINZA,ZR751,-14.37442145,1,0
21882,ZOLINZA,ABT-888,A427,-58.52327953,2,0
21883,ZOLINZA,ABT-888,CAOV3,20.09472977,2,1
21892,ZOLINZA,ABT-888,LNCAP,49.33693535,2,1
21895,ZOLINZA,ABT-888,MSTO,55.19369824,2,1
21909,ZOLINZA,ABT-888,SKOV3,25.58852392,2,1
21916,ZOLINZA,ABT-888,VCAP,27.32757725,2,1
21920,ZOLINZA,AZD1775,A375,21.04505592,4,1
21921,ZOLINZA,AZD1775,A427,-15.37435912,4,0
21931,ZOLINZA,AZD1775,LNCAP,20.66996411,4,1
21934,ZOLINZA,AZD1775,MSTO,20.86958474,4,1
21946,ZOLINZA,AZD1775,SKMEL30,-12.61182896,4,0
21947,ZOLINZA,AZD1775,SKMES1,25.90049312,4,1
21948,ZOLINZA,AZD1775,SKOV3,26.88561702,4,1
21951,ZOLINZA,AZD1775,T47D,21.03839338,4,1
21953,ZOLINZA,AZD1775,UWB1289,84.40288906,4,1
21956,ZOLINZA,AZD1775,ZR751,-20.67853655,4,0
21957,ZOLINZA,BEZ-235,A2058,22.42827156,1,1
21960,ZOLINZA,BEZ-235,A427,-38.27421098,1,0
21961,ZOLINZA,BEZ-235,CAOV3,42.93750716,1,1
21965,ZOLINZA,BEZ-235,ES2,25.66320195,1,1
21966,ZOLINZA,BEZ-235,HCT116,22.72634472,1,1
21968,ZOLINZA,BEZ-235,HT29,22.63820584,1,1
21970,ZOLINZA,BEZ-235,LNCAP,96.70016552,1,1
21971,ZOLINZA,BEZ-235,LOVO,20.0076554,1,1
21972,ZOLINZA,BEZ-235,MDAMB436,25.20343588,1,1
21973,ZOLINZA,BEZ-235,MSTO,55.52670442,1,1
21975,ZOLINZA,BEZ-235,NCIH2122,25.38214663,1,1
21980,ZOLINZA,BEZ-235,OV90,21.81472384,1,1
21982,ZOLINZA,BEZ-235,PA1,22.34983246,1,1
21983,ZOLINZA,BEZ-235,RKO,20.00905401,1,1
21986,ZOLINZA,BEZ-235,SKMES1,23.83039343,1,1
21987,ZOLINZA,BEZ-235,SKOV3,21.09282755,1,1
21989,ZOLINZA,BEZ-235,SW837,24.76549285,1,1
21990,ZOLINZA,BEZ-235,T47D,109.7250532,1,1
21992,ZOLINZA,BEZ-235,UWB1289,26.17354289,1,1
21993,ZOLINZA,BEZ-235,UWB1289BRCA1,28.61878724,1,1
21994,ZOLINZA,BEZ-235,VCAP,28.68297391,1,1
21997,ZOLINZA,BORTEZOMIB,A2780,-20.8774682,4,0
21999,ZOLINZA,BORTEZOMIB,A427,-46.20067419,4,0
22000,ZOLINZA,BORTEZOMIB,CAOV3,-16.1556018,4,0
22001,ZOLINZA,BORTEZOMIB,COLO320DM,-17.25076955,4,0
22009,ZOLINZA,BORTEZOMIB,LNCAP,25.5158072,4,1
22012,ZOLINZA,BORTEZOMIB,MSTO,74.16789711,4,1
22013,ZOLINZA,BORTEZOMIB,NCIH1650,-14.9686878,4,0
22015,ZOLINZA,BORTEZOMIB,NCIH23,-19.28257639,4,0
22017,ZOLINZA,BORTEZOMIB,NCIH520,-18.64505918,4,0
22018,ZOLINZA,BORTEZOMIB,OCUBM,-11.73951388,4,0
22020,ZOLINZA,BORTEZOMIB,OVCAR3,-15.57339315,4,0
22021,ZOLINZA,BORTEZOMIB,PA1,-15.73952839,4,0
22026,ZOLINZA,BORTEZOMIB,SKOV3,30.8835092,4,1
22031,ZOLINZA,BORTEZOMIB,UWB1289,-24.13899884,4,0
22035,ZOLINZA,DASATINIB,A2058,48.60433162,3,1
22036,ZOLINZA,DASATINIB,A2780,21.54568139,3,1
22037,ZOLINZA,DASATINIB,A375,-11.30830162,3,0
22042,ZOLINZA,DASATINIB,EFM192B,49.72976273,3,1
22043,ZOLINZA,DASATINIB,ES2,20.54787611,3,1
22045,ZOLINZA,DASATINIB,HT144,33.79447822,3,1
22047,ZOLINZA,DASATINIB,KPL1,20.38918996,3,1
22048,ZOLINZA,DASATINIB,LNCAP,43.65732804,3,1
22051,ZOLINZA,DASATINIB,MSTO,103.9661222,3,1
22052,ZOLINZA,DASATINIB,NCIH1650,30.89131084,3,1
22053,ZOLINZA,DASATINIB,NCIH2122,-40.21973146,3,0
22059,ZOLINZA,DASATINIB,OVCAR3,46.33547623,3,1
22067,ZOLINZA,DASATINIB,SW837,30.50129889,3,1
22069,ZOLINZA,DASATINIB,UACC62,21.55958887,3,1
22072,ZOLINZA,DASATINIB,VCAP,24.08899164,3,1
22074,ZOLINZA,DINACICLIB,A2058,-41.29260527,0,0
22075,ZOLINZA,DINACICLIB,A2780,-15.48486861,0,0
22076,ZOLINZA,DINACICLIB,A375,-30.03761176,0,0
22077,ZOLINZA,DINACICLIB,A427,-26.08596699,0,0
22078,ZOLINZA,DINACICLIB,CAOV3,-19.56075806,0,0
22080,ZOLINZA,DINACICLIB,DLD1,-15.68544427,0,0
22081,ZOLINZA,DINACICLIB,EFM192B,-21.46107594,0,0
22082,ZOLINZA,DINACICLIB,ES2,-23.69202945,0,0
22083,ZOLINZA,DINACICLIB,HCT116,-42.05044227,0,0
22084,ZOLINZA,DINACICLIB,HT144,-21.20289089,0,0
22085,ZOLINZA,DINACICLIB,HT29,-21.7445099,0,0
22086,ZOLINZA,DINACICLIB,KPL1,-20.57409878,0,0
22088,ZOLINZA,DINACICLIB,LOVO,-25.94683162,0,0
22089,ZOLINZA,DINACICLIB,MDAMB436,-10.68634975,0,0
22091,ZOLINZA,DINACICLIB,NCIH1650,-28.82098265,0,0
22092,ZOLINZA,DINACICLIB,NCIH2122,-16.3635549,0,0
22093,ZOLINZA,DINACICLIB,NCIH23,-34.89534561,0,0
22094,ZOLINZA,DINACICLIB,NCIH460,-18.78959083,0,0
22095,ZOLINZA,DINACICLIB,NCIH520,-28.05693916,0,0
22096,ZOLINZA,DINACICLIB,OCUBM,-23.58688399,0,0
22097,ZOLINZA,DINACICLIB,OV90,-38.79285362,0,0
22098,ZOLINZA,DINACICLIB,OVCAR3,-15.54610515,0,0
22099,ZOLINZA,DINACICLIB,PA1,-14.3725925,0,0
22101,ZOLINZA,DINACICLIB,RPMI7951,-15.94181129,0,0
22102,ZOLINZA,DINACICLIB,SKMEL30,-16.32880177,0,0
22103,ZOLINZA,DINACICLIB,SKMES1,-10.22208938,0,0
22104,ZOLINZA,DINACICLIB,SKOV3,-28.47376925,0,0
22105,ZOLINZA,DINACICLIB,SW620,-39.95066263,0,0
22106,ZOLINZA,DINACICLIB,SW837,-22.22398006,0,0
22107,ZOLINZA,DINACICLIB,T47D,-16.99583301,0,0
22108,ZOLINZA,DINACICLIB,UACC62,-26.71088213,0,0
22109,ZOLINZA,DINACICLIB,UWB1289,-22.43819372,0,0
22110,ZOLINZA,DINACICLIB,UWB1289BRCA1,-37.85972936,0,0
22111,ZOLINZA,DINACICLIB,VCAP,-23.37276881,0,0
22112,ZOLINZA,DINACICLIB,ZR751,-43.2531627,0,0
22117,ZOLINZA,ERLOTINIB,CAOV3,24.30742627,4,1
22118,ZOLINZA,ERLOTINIB,COLO320DM,39.03138283,4,1
22121,ZOLINZA,ERLOTINIB,ES2,21.62148211,4,1
22125,ZOLINZA,ERLOTINIB,KPL1,24.79061474,4,1
22126,ZOLINZA,ERLOTINIB,LNCAP,44.00477646,4,1
22129,ZOLINZA,ERLOTINIB,MSTO,55.44928873,4,1
22131,ZOLINZA,ERLOTINIB,NCIH2122,30.73178066,4,1
22132,ZOLINZA,ERLOTINIB,NCIH23,-17.01664381,4,0
22142,ZOLINZA,ERLOTINIB,SKMES1,22.03702347,4,1
22144,ZOLINZA,ERLOTINIB,SW620,-10.65550588,4,0
22145,ZOLINZA,ERLOTINIB,SW837,37.62920783,4,1
22147,ZOLINZA,ERLOTINIB,UACC62,23.81318192,4,1
22149,ZOLINZA,ERLOTINIB,UWB1289BRCA1,26.4467163,4,1
22150,ZOLINZA,ERLOTINIB,VCAP,69.68689858,4,1
22151,ZOLINZA,ERLOTINIB,ZR751,28.46627239,4,1
22153,ZOLINZA,GELDANAMYCIN,A2780,-22.46508824,2,0
22154,ZOLINZA,GELDANAMYCIN,A375,-33.85550091,2,0
22155,ZOLINZA,GELDANAMYCIN,A427,-39.78138921,2,0
22159,ZOLINZA,GELDANAMYCIN,EFM192B,-13.80098862,2,0
22161,ZOLINZA,GELDANAMYCIN,HCT116,-15.94115582,2,0
22162,ZOLINZA,GELDANAMYCIN,HT144,-23.88728481,2,0
22165,ZOLINZA,GELDANAMYCIN,LNCAP,39.88891584,2,1
22169,ZOLINZA,GELDANAMYCIN,NCIH1650,-18.86420507,2,0
22170,ZOLINZA,GELDANAMYCIN,NCIH2122,-14.34758418,2,0
22171,ZOLINZA,GELDANAMYCIN,NCIH23,-47.95872443,2,0
22172,ZOLINZA,GELDANAMYCIN,NCIH460,-43.28710749,2,0
22173,ZOLINZA,GELDANAMYCIN,NCIH520,-13.992675,2,0
22174,ZOLINZA,GELDANAMYCIN,OCUBM,-12.99752828,2,0
22176,ZOLINZA,GELDANAMYCIN,OVCAR3,-13.22817219,2,0
22178,ZOLINZA,GELDANAMYCIN,RKO,-12.00373634,2,0
22179,ZOLINZA,GELDANAMYCIN,RPMI7951,-18.77077469,2,0
22180,ZOLINZA,GELDANAMYCIN,SKMEL30,-10.25733493,2,0
22181,ZOLINZA,GELDANAMYCIN,SKMES1,-28.6774809,2,0
22183,ZOLINZA,GELDANAMYCIN,SW620,-35.29735533,2,0
22186,ZOLINZA,GELDANAMYCIN,UACC62,-31.26054794,2,0
22188,ZOLINZA,GELDANAMYCIN,UWB1289BRCA1,-11.58254217,2,0
22189,ZOLINZA,GELDANAMYCIN,VCAP,24.71210503,2,1
22190,ZOLINZA,GELDANAMYCIN,ZR751,-22.21608303,2,0
22194,ZOLINZA,GEMCITABINE,A427,-21.05938689,2,0
22195,ZOLINZA,GEMCITABINE,CAOV3,-10.2134141,2,0
22200,ZOLINZA,GEMCITABINE,HCT116,-19.24983144,2,0
22204,ZOLINZA,GEMCITABINE,LNCAP,-66.71886143,2,0
22208,ZOLINZA,GEMCITABINE,NCIH1650,-22.28575843,2,0
22211,ZOLINZA,GEMCITABINE,NCIH460,-11.95518404,2,0
22213,ZOLINZA,GEMCITABINE,OCUBM,-14.59829233,2,0
22217,ZOLINZA,GEMCITABINE,RKO,-11.46667309,2,0
22222,ZOLINZA,GEMCITABINE,SW620,-12.22349839,2,0
22230,ZOLINZA,LAPATINIB,A2058,-11.55125653,2,0
22232,ZOLINZA,LAPATINIB,A375,27.95733681,2,1
22233,ZOLINZA,LAPATINIB,A427,-48.03141936,2,0
22234,ZOLINZA,LAPATINIB,CAOV3,39.76915505,2,1
22243,ZOLINZA,LAPATINIB,LNCAP,22.5377729,2,1
22246,ZOLINZA,LAPATINIB,MSTO,58.97625807,2,1
22249,ZOLINZA,LAPATINIB,NCIH23,-15.53314237,2,0
22254,ZOLINZA,LAPATINIB,OVCAR3,25.64218525,2,1
22262,ZOLINZA,LAPATINIB,SW837,26.823305,2,1
22263,ZOLINZA,LAPATINIB,T47D,-21.4936689,2,0
22264,ZOLINZA,LAPATINIB,UACC62,30.91690633,2,1
22267,ZOLINZA,LAPATINIB,VCAP,38.79002832,2,1
22273,ZOLINZA,MK-2206,CAOV3,79.60129946,4,1
22275,ZOLINZA,MK-2206,DLD1,25.06590144,4,1
22278,ZOLINZA,MK-2206,HCT116,23.11942198,4,1
22280,ZOLINZA,MK-2206,HT29,41.43345757,4,1
22281,ZOLINZA,MK-2206,KPL1,51.95679319,4,1
22282,ZOLINZA,MK-2206,LNCAP,37.39952512,4,1
22285,ZOLINZA,MK-2206,MSTO,79.58112895,4,1
22286,ZOLINZA,MK-2206,NCIH1650,24.23348611,4,1
22287,ZOLINZA,MK-2206,NCIH2122,35.07321458,4,1
22292,ZOLINZA,MK-2206,OV90,25.27757553,4,1
22298,ZOLINZA,MK-2206,SKMES1,37.12837727,4,1
22299,ZOLINZA,MK-2206,SKOV3,36.21659429,4,1
22300,ZOLINZA,MK-2206,SW620,28.29939818,4,1
22301,ZOLINZA,MK-2206,SW837,33.87434419,4,1
22304,ZOLINZA,MK-2206,UWB1289,40.87892648,4,1
22305,ZOLINZA,MK-2206,UWB1289BRCA1,41.05975813,4,1
22306,ZOLINZA,MK-2206,VCAP,38.09436999,4,1
22311,ZOLINZA,MK-4827,A427,-15.73278728,1,0
22312,ZOLINZA,MK-4827,CAOV3,-10.70195784,1,0
22315,ZOLINZA,MK-4827,EFM192B,25.39429855,1,1
22324,ZOLINZA,MK-4827,MSTO,45.73885959,1,1
22327,ZOLINZA,MK-4827,NCIH23,-16.74983057,1,0
22332,ZOLINZA,MK-4827,OVCAR3,28.0318632,1,1
22338,ZOLINZA,MK-4827,SKOV3,26.34891442,1,1
22347,ZOLINZA,MK-5108,A2058,-16.92915593,0,0
22350,ZOLINZA,MK-5108,A427,-12.01522355,0,0
22363,ZOLINZA,MK-5108,MSTO,43.00794399,0,1
22366,ZOLINZA,MK-5108,NCIH23,-14.38157583,0,0
22367,ZOLINZA,MK-5108,NCIH460,-15.54919411,0,0
22380,ZOLINZA,MK-5108,T47D,36.60827466,0,1
22385,ZOLINZA,MK-5108,ZR751,-13.05323927,0,0
22386,ZOLINZA,MK-8669,A2058,27.59555602,0,1
22387,ZOLINZA,MK-8669,A2780,41.26674154,0,1
22388,ZOLINZA,MK-8669,A375,25.57044253,0,1
22390,ZOLINZA,MK-8669,CAOV3,48.36857672,0,1
22393,ZOLINZA,MK-8669,EFM192B,33.23479629,0,1
22397,ZOLINZA,MK-8669,HT29,25.49010823,0,1
22398,ZOLINZA,MK-8669,KPL1,40.62336004,0,1
22399,ZOLINZA,MK-8669,LNCAP,25.49475926,0,1
22402,ZOLINZA,MK-8669,MSTO,28.26996688,0,1
22404,ZOLINZA,MK-8669,NCIH2122,22.62200562,0,1
22409,ZOLINZA,MK-8669,OV90,21.51854976,0,1
22411,ZOLINZA,MK-8669,PA1,28.63250519,0,1
22412,ZOLINZA,MK-8669,RKO,37.79751124,0,1
22413,ZOLINZA,MK-8669,RPMI7951,22.70704991,0,1
22414,ZOLINZA,MK-8669,SKMEL30,32.18298321,0,1
22416,ZOLINZA,MK-8669,SKOV3,35.55778545,0,1
22419,ZOLINZA,MK-8669,T47D,24.07392233,0,1
22422,ZOLINZA,MK-8669,UWB1289BRCA1,29.1468663,0,1
22423,ZOLINZA,MK-8669,VCAP,20.80907985,0,1
22425,ZOLINZA,MK-8776,A2058,42.03597643,1,1
22427,ZOLINZA,MK-8776,A375,43.78931082,1,1
22430,ZOLINZA,MK-8776,COLO320DM,24.43898896,1,1
22435,ZOLINZA,MK-8776,HT144,21.50192963,1,1
22438,ZOLINZA,MK-8776,LNCAP,33.64030053,1,1
22441,ZOLINZA,MK-8776,MSTO,35.32093285,1,1
22455,ZOLINZA,MK-8776,SKOV3,36.87808006,1,1
22458,ZOLINZA,MK-8776,T47D,-27.7271977,1,0
22461,ZOLINZA,MK-8776,UWB1289BRCA1,-17.08562781,1,0
22462,ZOLINZA,MK-8776,VCAP,25.84803199,1,1
22463,ZOLINZA,MK-8776,ZR751,-30.21666905,1,0
22465,ZOLINZA,OXALIPLATIN,A2780,-10.8309789,3,0
22466,ZOLINZA,OXALIPLATIN,A375,-10.12639396,3,0
22477,ZOLINZA,OXALIPLATIN,LNCAP,27.27870076,3,1
22478,ZOLINZA,OXALIPLATIN,LOVO,-10.08155517,3,0
22480,ZOLINZA,OXALIPLATIN,MSTO,35.44855141,3,1
22483,ZOLINZA,OXALIPLATIN,NCIH23,-28.82838698,3,0
22484,ZOLINZA,OXALIPLATIN,NCIH460,-16.53726671,3,0
22489,ZOLINZA,OXALIPLATIN,PA1,-14.19301844,3,0
22490,ZOLINZA,OXALIPLATIN,RKO,-14.07692868,3,0
22492,ZOLINZA,OXALIPLATIN,SKMEL30,-11.67107046,3,0
22495,ZOLINZA,OXALIPLATIN,SW620,-17.36748656,3,0
22501,ZOLINZA,OXALIPLATIN,VCAP,29.03432771,3,1
22502,ZOLINZA,OXALIPLATIN,ZR751,-12.43479926,3,0
22505,ZOLINZA,PD325901,A375,-33.42692146,2,0
22506,ZOLINZA,PD325901,A427,-54.42185185,2,0
22511,ZOLINZA,PD325901,ES2,33.46549866,2,1
22513,ZOLINZA,PD325901,HT144,-30.72342614,2,0
22516,ZOLINZA,PD325901,LNCAP,71.11494646,2,1
22518,ZOLINZA,PD325901,MDAMB436,20.20468961,2,1
22519,ZOLINZA,PD325901,MSTO,-18.06007862,2,0
22522,ZOLINZA,PD325901,NCIH23,-31.27099686,2,0
22523,ZOLINZA,PD325901,NCIH460,-12.10081511,2,0
22527,ZOLINZA,PD325901,OVCAR3,25.62973708,2,1
22532,ZOLINZA,PD325901,SKMES1,-24.35969977,2,0
22533,ZOLINZA,PD325901,SKOV3,24.99129908,2,1
22534,ZOLINZA,PD325901,SW620,-28.41260331,2,0
22537,ZOLINZA,PD325901,UACC62,-20.84398535,2,0
22538,ZOLINZA,PD325901,UWB1289,30.40407233,2,1
22540,ZOLINZA,PD325901,VCAP,29.72417881,2,1
22542,ZOLINZA,SN-38,A2058,-10.4587941,0,0
22545,ZOLINZA,SN-38,A427,-18.60291882,0,0
22555,ZOLINZA,SN-38,LNCAP,32.86179122,0,1
22558,ZOLINZA,SN-38,MSTO,57.50199885,0,1
22561,ZOLINZA,SN-38,NCIH23,-14.83803037,0,0
22566,ZOLINZA,SN-38,OVCAR3,23.27656903,0,1
22567,ZOLINZA,SN-38,PA1,-15.60815211,0,0
22573,ZOLINZA,SN-38,SW620,-17.2115523,0,0
22579,ZOLINZA,SN-38,VCAP,29.04666653,0,1
22592,ZOLINZA,SORAFENIB,HT29,-10.42626297,0,0
22595,ZOLINZA,SORAFENIB,LOVO,-18.07968202,0,0
22600,ZOLINZA,SORAFENIB,NCIH23,-13.92343731,0,0
22605,ZOLINZA,SORAFENIB,OVCAR3,-13.10440865,0,0
22608,ZOLINZA,SORAFENIB,RPMI7951,-14.2526387,0,0
22612,ZOLINZA,SORAFENIB,SW620,-13.26297526,0,0
22619,ZOLINZA,SORAFENIB,ZR751,-34.19167302,0,0
22623,ZOLINZA,SUNITINIB,A427,-25.06988639,3,0
22630,ZOLINZA,SUNITINIB,HT144,-10.84233331,3,0
22633,ZOLINZA,SUNITINIB,LNCAP,-11.66352115,3,0
22636,ZOLINZA,SUNITINIB,MSTO,-25.14552857,3,0
22639,ZOLINZA,SUNITINIB,NCIH23,-16.71952386,3,0
22647,ZOLINZA,SUNITINIB,RPMI7951,-11.93879823,3,0
22651,ZOLINZA,SUNITINIB,SW620,-12.80503568,3,0
22652,ZOLINZA,SUNITINIB,SW837,-13.42316359,3,0
22653,ZOLINZA,SUNITINIB,T47D,28.43824494,3,1
22658,ZOLINZA,SUNITINIB,ZR751,-10.47545237,3,0
22659,ZOLINZA,TEMOZOLOMIDE,A2058,24.53982781,2,1
22667,ZOLINZA,TEMOZOLOMIDE,ES2,30.76330289,2,1
22672,ZOLINZA,TEMOZOLOMIDE,LNCAP,50.72094312,2,1
22675,ZOLINZA,TEMOZOLOMIDE,MSTO,31.18208682,2,1
22678,ZOLINZA,TEMOZOLOMIDE,NCIH23,-24.59726946,2,0
22683,ZOLINZA,TEMOZOLOMIDE,OVCAR3,25.42563982,2,1
22687,ZOLINZA,TEMOZOLOMIDE,SKMEL30,21.92972634,2,1
22688,ZOLINZA,TEMOZOLOMIDE,SKMES1,31.40521002,2,1
22693,ZOLINZA,TEMOZOLOMIDE,UACC62,24.8419424,2,1
22694,ZOLINZA,TEMOZOLOMIDE,UWB1289,22.89993834,2,1
22711,ZOLINZA,TOPOTECAN,LNCAP,-135.363072,2,0
22714,ZOLINZA,TOPOTECAN,MSTO,20.38389268,2,1
22716,ZOLINZA,TOPOTECAN,NCIH2122,22.95559562,2,1
22718,ZOLINZA,TOPOTECAN,NCIH460,-10.91565088,2,0
22728,ZOLINZA,TOPOTECAN,SKOV3,26.97432821,2,1
22734,ZOLINZA,TOPOTECAN,UWB1289BRCA1,20.55162735,2,1
22735,ZOLINZA,TOPOTECAN,VCAP,23.43854705,2,1
