[2025-08-21 17:53:34] Fold 1
[2025-08-21 17:53:34] ----------------------------------------------------------------------------------------------------
[2025-08-21 17:53:35] ANN_model saved with Val_ACC: 0.4952
[2025-08-21 17:53:35] ----------------------------------------------------------------------------------------------------
[2025-08-21 17:53:36] fold_1: Epoch [1/10], Loss: 0.6978, ACC: 0.4952, AUC: 0.4981
[2025-08-21 17:53:36] ANN_model saved with Val_ACC: 0.7568
[2025-08-21 17:53:36] ----------------------------------------------------------------------------------------------------
[2025-08-21 17:53:36] ANN_model saved with Val_ACC: 0.7860
[2025-08-21 17:53:36] ----------------------------------------------------------------------------------------------------
[2025-08-21 17:53:36] ANN_model saved with Val_ACC: 0.8051
[2025-08-21 17:53:36] ----------------------------------------------------------------------------------------------------
[2025-08-21 17:53:36] ANN_model saved with Val_ACC: 0.8184
[2025-08-21 17:53:36] ----------------------------------------------------------------------------------------------------
[2025-08-21 17:53:37] ANN_model saved with Val_ACC: 0.8267
[2025-08-21 17:53:37] ----------------------------------------------------------------------------------------------------
[2025-08-21 17:53:37] ANN_model saved with Val_ACC: 0.8419
[2025-08-21 17:53:37] ----------------------------------------------------------------------------------------------------
[2025-08-21 17:53:37] ANN_model saved with Val_ACC: 0.8508
[2025-08-21 17:53:37] ----------------------------------------------------------------------------------------------------
[2025-08-21 17:53:37] ANN_model saved with Val_ACC: 0.8578
[2025-08-21 17:53:37] ----------------------------------------------------------------------------------------------------
[2025-08-21 17:53:38] ANN_model saved with Val_ACC: 0.8660
[2025-08-21 17:53:38] ----------------------------------------------------------------------------------------------------
[2025-08-21 18:02:13] Fold 1
[2025-08-21 18:02:13] ----------------------------------------------------------------------------------------------------
[2025-08-21 18:02:14] ANN_model saved with Val_ACC: 0.5060
[2025-08-21 18:02:14] ----------------------------------------------------------------------------------------------------
[2025-08-21 18:02:14] fold_1: Epoch [1/10], Loss: 0.7080, ACC: 0.5060, AUC: 0.5262
[2025-08-21 18:02:14] ANN_model saved with Val_ACC: 0.7321
[2025-08-21 18:02:14] ----------------------------------------------------------------------------------------------------
[2025-08-21 18:02:14] ANN_model saved with Val_ACC: 0.7784
[2025-08-21 18:02:14] ----------------------------------------------------------------------------------------------------
[2025-08-21 18:02:15] ANN_model saved with Val_ACC: 0.7937
[2025-08-21 18:02:15] ----------------------------------------------------------------------------------------------------
[2025-08-21 18:02:15] ANN_model saved with Val_ACC: 0.8146
[2025-08-21 18:02:15] ----------------------------------------------------------------------------------------------------
[2025-08-21 18:02:15] ANN_model saved with Val_ACC: 0.8190
[2025-08-21 18:02:15] ----------------------------------------------------------------------------------------------------
[2025-08-21 18:02:15] ANN_model saved with Val_ACC: 0.8298
[2025-08-21 18:02:15] ----------------------------------------------------------------------------------------------------
[2025-08-21 18:02:15] ANN_model saved with Val_ACC: 0.8368
[2025-08-21 18:02:15] ----------------------------------------------------------------------------------------------------
[2025-08-21 18:02:16] ANN_model saved with Val_ACC: 0.8432
[2025-08-21 18:02:16] ----------------------------------------------------------------------------------------------------
[2025-08-21 18:02:16] ANN_model saved with Val_ACC: 0.8483
[2025-08-21 18:02:16] ----------------------------------------------------------------------------------------------------
[2025-08-21 18:02:54] Finall ensemble results of fold_1 for MACSynDCR:
[2025-08-21 18:02:54] ----------------------------------------------------------------------------------------------------
[2025-08-21 18:02:54] Ensemble Accuracy: 0.8806, AUC-ROC: 0.9461, 
Ensemble AUC-PR: 0.9459, Precision: 0.8694, 
Ensemble Recall: 0.8939, F1 Score: 0.8815, 
Ensemble RMSE: 13.7113
[2025-08-21 18:02:54] ----------------------------------------------------------------------------------------------------
[2025-08-21 18:02:54] Fold 2
[2025-08-21 18:02:54] ----------------------------------------------------------------------------------------------------
[2025-08-21 18:02:54] ANN_model saved with Val_ACC: 0.4775
[2025-08-21 18:02:54] ----------------------------------------------------------------------------------------------------
[2025-08-21 18:02:54] fold_2: Epoch [1/10], Loss: 0.7117, ACC: 0.4775, AUC: 0.4643
[2025-08-21 18:02:54] ANN_model saved with Val_ACC: 0.7803
[2025-08-21 18:02:54] ----------------------------------------------------------------------------------------------------
[2025-08-21 18:02:54] ANN_model saved with Val_ACC: 0.8083
[2025-08-21 18:02:54] ----------------------------------------------------------------------------------------------------
[2025-08-21 18:02:54] ANN_model saved with Val_ACC: 0.8267
[2025-08-21 18:02:54] ----------------------------------------------------------------------------------------------------
[2025-08-21 18:02:55] ANN_model saved with Val_ACC: 0.8362
[2025-08-21 18:02:55] ----------------------------------------------------------------------------------------------------
[2025-08-21 18:02:55] ANN_model saved with Val_ACC: 0.8463
[2025-08-21 18:02:55] ----------------------------------------------------------------------------------------------------
[2025-08-21 18:02:55] ANN_model saved with Val_ACC: 0.8571
[2025-08-21 18:02:55] ----------------------------------------------------------------------------------------------------
[2025-08-21 18:02:55] ANN_model saved with Val_ACC: 0.8622
[2025-08-21 18:02:55] ----------------------------------------------------------------------------------------------------
[2025-08-21 18:02:56] ANN_model saved with Val_ACC: 0.8641
[2025-08-21 18:02:56] ----------------------------------------------------------------------------------------------------
[2025-08-21 18:02:56] ANN_model saved with Val_ACC: 0.8679
[2025-08-21 18:02:56] ----------------------------------------------------------------------------------------------------
[2025-08-21 18:03:32] Finall ensemble results of fold_2 for MACSynDCR:
[2025-08-21 18:03:32] ----------------------------------------------------------------------------------------------------
[2025-08-21 18:03:32] Ensemble Accuracy: 0.8851, AUC-ROC: 0.9474, 
Ensemble AUC-PR: 0.9418, Precision: 0.8779, 
Ensemble Recall: 0.8903, F1 Score: 0.8840, 
Ensemble RMSE: 13.4536
[2025-08-21 18:03:32] ----------------------------------------------------------------------------------------------------
[2025-08-21 18:03:32] Fold 3
[2025-08-21 18:03:32] ----------------------------------------------------------------------------------------------------
[2025-08-21 18:03:32] ANN_model saved with Val_ACC: 0.5143
[2025-08-21 18:03:32] ----------------------------------------------------------------------------------------------------
[2025-08-21 18:03:33] fold_3: Epoch [1/10], Loss: 0.7010, ACC: 0.5143, AUC: 0.5402
[2025-08-21 18:03:33] ANN_model saved with Val_ACC: 0.7644
[2025-08-21 18:03:33] ----------------------------------------------------------------------------------------------------
[2025-08-21 18:03:33] ANN_model saved with Val_ACC: 0.8083
[2025-08-21 18:03:33] ----------------------------------------------------------------------------------------------------
[2025-08-21 18:03:33] ANN_model saved with Val_ACC: 0.8203
[2025-08-21 18:03:33] ----------------------------------------------------------------------------------------------------
[2025-08-21 18:03:33] ANN_model saved with Val_ACC: 0.8356
[2025-08-21 18:03:33] ----------------------------------------------------------------------------------------------------
[2025-08-21 18:03:34] ANN_model saved with Val_ACC: 0.8368
[2025-08-21 18:03:34] ----------------------------------------------------------------------------------------------------
[2025-08-21 18:03:34] ANN_model saved with Val_ACC: 0.8476
[2025-08-21 18:03:34] ----------------------------------------------------------------------------------------------------
[2025-08-21 18:03:34] ANN_model saved with Val_ACC: 0.8565
[2025-08-21 18:03:34] ----------------------------------------------------------------------------------------------------
[2025-08-21 18:03:34] ANN_model saved with Val_ACC: 0.8686
[2025-08-21 18:03:34] ----------------------------------------------------------------------------------------------------
[2025-08-21 18:04:12] Finall ensemble results of fold_3 for MACSynDCR:
[2025-08-21 18:04:12] ----------------------------------------------------------------------------------------------------
[2025-08-21 18:04:12] Ensemble Accuracy: 0.8838, AUC-ROC: 0.9532, 
Ensemble AUC-PR: 0.9477, Precision: 0.8802, 
Ensemble Recall: 0.8814, F1 Score: 0.8808, 
Ensemble RMSE: 13.5277
[2025-08-21 18:04:12] ----------------------------------------------------------------------------------------------------
[2025-08-21 18:04:12] Fold 4
[2025-08-21 18:04:12] ----------------------------------------------------------------------------------------------------
[2025-08-21 18:04:12] ANN_model saved with Val_ACC: 0.4832
[2025-08-21 18:04:12] ----------------------------------------------------------------------------------------------------
[2025-08-21 18:04:12] fold_4: Epoch [1/10], Loss: 0.7015, ACC: 0.4832, AUC: 0.4684
[2025-08-21 18:04:13] ANN_model saved with Val_ACC: 0.7727
[2025-08-21 18:04:13] ----------------------------------------------------------------------------------------------------
[2025-08-21 18:04:13] ANN_model saved with Val_ACC: 0.8025
[2025-08-21 18:04:13] ----------------------------------------------------------------------------------------------------
[2025-08-21 18:04:13] ANN_model saved with Val_ACC: 0.8095
[2025-08-21 18:04:13] ----------------------------------------------------------------------------------------------------
[2025-08-21 18:04:13] ANN_model saved with Val_ACC: 0.8229
[2025-08-21 18:04:13] ----------------------------------------------------------------------------------------------------
[2025-08-21 18:04:13] ANN_model saved with Val_ACC: 0.8368
[2025-08-21 18:04:13] ----------------------------------------------------------------------------------------------------
[2025-08-21 18:04:14] ANN_model saved with Val_ACC: 0.8444
[2025-08-21 18:04:14] ----------------------------------------------------------------------------------------------------
[2025-08-21 18:04:14] ANN_model saved with Val_ACC: 0.8559
[2025-08-21 18:04:14] ----------------------------------------------------------------------------------------------------
[2025-08-21 18:04:14] ANN_model saved with Val_ACC: 0.8698
[2025-08-21 18:04:14] ----------------------------------------------------------------------------------------------------
[2025-08-21 18:04:14] ANN_model saved with Val_ACC: 0.8743
[2025-08-21 18:04:14] ----------------------------------------------------------------------------------------------------
[2025-08-21 18:04:52] Finall ensemble results of fold_4 for MACSynDCR:
[2025-08-21 18:04:52] ----------------------------------------------------------------------------------------------------
[2025-08-21 18:04:52] Ensemble Accuracy: 0.8952, AUC-ROC: 0.9551, 
Ensemble AUC-PR: 0.9542, Precision: 0.8968, 
Ensemble Recall: 0.8979, F1 Score: 0.8973, 
Ensemble RMSE: 12.8452
[2025-08-21 18:04:52] ----------------------------------------------------------------------------------------------------
[2025-08-21 18:04:52] Fold 5
[2025-08-21 18:04:52] ----------------------------------------------------------------------------------------------------
[2025-08-21 18:04:52] ANN_model saved with Val_ACC: 0.4956
[2025-08-21 18:04:52] ----------------------------------------------------------------------------------------------------
[2025-08-21 18:04:52] fold_5: Epoch [1/10], Loss: 0.7024, ACC: 0.4956, AUC: 0.4941
[2025-08-21 18:04:52] ANN_model saved with Val_ACC: 0.7618
[2025-08-21 18:04:52] ----------------------------------------------------------------------------------------------------
[2025-08-21 18:04:53] ANN_model saved with Val_ACC: 0.8030
[2025-08-21 18:04:53] ----------------------------------------------------------------------------------------------------
[2025-08-21 18:04:53] ANN_model saved with Val_ACC: 0.8240
[2025-08-21 18:04:53] ----------------------------------------------------------------------------------------------------
[2025-08-21 18:04:53] ANN_model saved with Val_ACC: 0.8291
[2025-08-21 18:04:53] ----------------------------------------------------------------------------------------------------
[2025-08-21 18:04:53] ANN_model saved with Val_ACC: 0.8450
[2025-08-21 18:04:53] ----------------------------------------------------------------------------------------------------
[2025-08-21 18:04:53] ANN_model saved with Val_ACC: 0.8539
[2025-08-21 18:04:53] ----------------------------------------------------------------------------------------------------
[2025-08-21 18:04:54] ANN_model saved with Val_ACC: 0.8634
[2025-08-21 18:04:54] ----------------------------------------------------------------------------------------------------
[2025-08-21 18:04:54] ANN_model saved with Val_ACC: 0.8666
[2025-08-21 18:04:54] ----------------------------------------------------------------------------------------------------
[2025-08-21 18:04:54] ANN_model saved with Val_ACC: 0.8710
[2025-08-21 18:04:54] ----------------------------------------------------------------------------------------------------
[2025-08-21 18:05:31] Finall ensemble results of fold_5 for MACSynDCR:
[2025-08-21 18:05:31] ----------------------------------------------------------------------------------------------------
[2025-08-21 18:05:31] Ensemble Accuracy: 0.8945, AUC-ROC: 0.9565, 
Ensemble AUC-PR: 0.9584, Precision: 0.8932, 
Ensemble Recall: 0.8999, F1 Score: 0.8965, 
Ensemble RMSE: 12.8841
[2025-08-21 18:05:31] ----------------------------------------------------------------------------------------------------
[2025-08-21 18:05:31] ****************************************************************************************************
[2025-08-21 18:05:31] *          Final MACSynCDR Results:
[2025-08-21 18:05:31] ****************************************************************************************************
[2025-08-21 18:05:31]  AUC: 0.9517 ± 0.0042
[2025-08-21 18:05:31]  Accuracy: 0.8879 ± 0.0059
[2025-08-21 18:05:31]  AUC-PR: 0.9496 ± 0.0060
[2025-08-21 18:05:31]  Precision: 0.8835 ± 0.0101
[2025-08-21 18:05:31]  Recall: 0.8927 ± 0.0065
[2025-08-21 18:05:31]  F1: 0.8880 ± 0.0073
[2025-08-21 18:05:31]  RMSE: 13.2844 ± 0.3530
[2025-08-21 18:05:31]  PCC: 0.8147 ± 0.0095
C:\Users\srahaman2\Documents\PhD research\MACSynDCR\LapMGAN>python MACSynDCR_CV_RUN_with_LMGAN_shape.py --epoch 10 --suffix Ablation_DMF_DDI_GEx
2025-08-21 18:02:06.108625: I tensorflow/core/util/port.cc:153] oneDNN custom operations are on. You may see slightly different numerical results due to floating-point round-off errors from different computation orders. To turn them off, set the environment variable `TF_ENABLE_ONEDNN_OPTS=0`.
2025-08-21 18:02:07.086219: I tensorflow/core/util/port.cc:153] oneDNN custom operations are on. You may see slightly different numerical results due to floating-point round-off errors from different computation orders. To turn them off, set the environment variable `TF_ENABLE_ONEDNN_OPTS=0`.
Fold 1
Data processing and Training of MACSynDCR_ANN model:
ANN_model saved with Val_ACC: 0.5060 Val_AUC: 0.5262
fold_1: Epoch [1/10], Loss: 0.7080, Val_ACC: 0.5060, Val_AUC: 0.5262
ANN_model saved with Val_ACC: 0.7321 Val_AUC: 0.8363
ANN_model saved with Val_ACC: 0.7784 Val_AUC: 0.8746
ANN_model saved with Val_ACC: 0.7937 Val_AUC: 0.8906
ANN_model saved with Val_ACC: 0.8146 Val_AUC: 0.8997
ANN_model saved with Val_ACC: 0.8190 Val_AUC: 0.9051
ANN_model saved with Val_ACC: 0.8298 Val_AUC: 0.9091
ANN_model saved with Val_ACC: 0.8368 Val_AUC: 0.9133
ANN_model saved with Val_ACC: 0.8432 Val_AUC: 0.9208
ANN_model saved with Val_ACC: 0.8483 Val_AUC: 0.9278
Accuracy: 0.8483, AUC-ROC: 0.9278
 AUC-PR: 0.9304, Precision: 0.8323, Recall: 0.8696, F1 Score: 0.8505
RMSE: 13.0130 , PCC: 0.7586
Data processing and Training of MACSynDCR_ANN model:
2025-08-21 18:02:16.530251: I tensorflow/core/platform/cpu_feature_guard.cc:210] This TensorFlow binary is optimized to use available CPU instructions in performance-critical operations.
To enable the following instructions: AVX2 FMA, in other operations, rebuild TensorFlow with the appropriate compiler flags.
MACSynDCR_ANN model:
Model: "sequential"
????????????????????????????????????????????????????????????????????????????????????????
? Layer (type)                         ? Output Shape                ?         Param # ?
????????????????????????????????????????????????????????????????????????????????????????
¦ dense (Dense)                        ¦ (None, 2048)                ¦       1,312,768 ¦
+--------------------------------------+-----------------------------+-----------------¦
¦ batch_normalization                  ¦ (None, 2048)                ¦           8,192 ¦
¦ (BatchNormalization)                 ¦                             ¦                 ¦
+--------------------------------------+-----------------------------+-----------------¦
¦ dense_1 (Dense)                      ¦ (None, 1024)                ¦       2,098,176 ¦
+--------------------------------------+-----------------------------+-----------------¦
¦ batch_normalization_1                ¦ (None, 1024)                ¦           4,096 ¦
¦ (BatchNormalization)                 ¦                             ¦                 ¦
+--------------------------------------+-----------------------------+-----------------¦
¦ dense_2 (Dense)                      ¦ (None, 512)                 ¦         524,800 ¦
+--------------------------------------+-----------------------------+-----------------¦
¦ batch_normalization_2                ¦ (None, 512)                 ¦           2,048 ¦
¦ (BatchNormalization)                 ¦                             ¦                 ¦
+--------------------------------------+-----------------------------+-----------------¦
¦ dense_3 (Dense)                      ¦ (None, 256)                 ¦         131,328 ¦
+--------------------------------------+-----------------------------+-----------------¦
¦ batch_normalization_3                ¦ (None, 256)                 ¦           1,024 ¦
¦ (BatchNormalization)                 ¦                             ¦                 ¦
+--------------------------------------+-----------------------------+-----------------¦
¦ dense_4 (Dense)                      ¦ (None, 128)                 ¦          32,896 ¦
+--------------------------------------+-----------------------------+-----------------¦
¦ batch_normalization_4                ¦ (None, 128)                 ¦             512 ¦
¦ (BatchNormalization)                 ¦                             ¦                 ¦
+--------------------------------------+-----------------------------+-----------------¦
¦ dense_5 (Dense)                      ¦ (None, 2)                   ¦             258 ¦
+--------------------------------------------------------------------------------------+
 Total params: 4,116,098 (15.70 MB)
 Trainable params: 4,108,162 (15.67 MB)
 Non-trainable params: 7,936 (31.00 KB)
Epoch 1/10
49/50 ???????????????????? 0s 29ms/step - acc: 0.7227 - auc: 0.7908 - loss: 0.6436
Epoch 1: val_auc improved from -inf to 0.69235, saving model to saved_models/best_MACSynDCR_ANN_model.keras
50/50 ???????????????????? 5s 47ms/step - acc: 0.7249 - auc: 0.7934 - loss: 0.6382 - val_acc: 0.6070 - val_auc: 0.6923 - val_loss: 0.6413
Epoch 2/10
49/50 ???????????????????? 0s 29ms/step - acc: 0.9300 - auc: 0.9774 - loss: 0.1964
Epoch 2: val_auc improved from 0.69235 to 0.76927, saving model to saved_models/best_MACSynDCR_ANN_model.keras
50/50 ???????????????????? 2s 39ms/step - acc: 0.9301 - auc: 0.9775 - loss: 0.1961 - val_acc: 0.6870 - val_auc: 0.7693 - val_loss: 0.5839
Epoch 3/10
48/50 ???????????????????? 0s 28ms/step - acc: 0.9746 - auc: 0.9964 - loss: 0.0898
Epoch 3: val_auc improved from 0.76927 to 0.88079, saving model to saved_models/best_MACSynDCR_ANN_model.keras
50/50 ???????????????????? 2s 37ms/step - acc: 0.9743 - auc: 0.9963 - loss: 0.0899 - val_acc: 0.7949 - val_auc: 0.8808 - val_loss: 0.4333
Epoch 4/10
49/50 ???????????????????? 0s 27ms/step - acc: 0.9684 - auc: 0.9962 - loss: 0.0816
Epoch 4: val_auc improved from 0.88079 to 0.90307, saving model to saved_models/best_MACSynDCR_ANN_model.keras
50/50 ???????????????????? 2s 37ms/step - acc: 0.9684 - auc: 0.9961 - loss: 0.0819 - val_acc: 0.8146 - val_auc: 0.9031 - val_loss: 0.4051
Epoch 5/10
50/50 ???????????????????? 0s 28ms/step - acc: 0.9623 - auc: 0.9924 - loss: 0.1052
Epoch 5: val_auc did not improve from 0.90307
50/50 ???????????????????? 2s 30ms/step - acc: 0.9622 - auc: 0.9924 - loss: 0.1054 - val_acc: 0.8203 - val_auc: 0.9003 - val_loss: 0.4569
Epoch 6/10
50/50 ???????????????????? 0s 27ms/step - acc: 0.9750 - auc: 0.9967 - loss: 0.0725
Epoch 6: val_auc improved from 0.90307 to 0.92046, saving model to saved_models/best_MACSynDCR_ANN_model.keras
50/50 ???????????????????? 2s 36ms/step - acc: 0.9750 - auc: 0.9967 - loss: 0.0725 - val_acc: 0.8508 - val_auc: 0.9205 - val_loss: 0.4401
Epoch 7/10
49/50 ???????????????????? 0s 28ms/step - acc: 0.9783 - auc: 0.9974 - loss: 0.0616
Epoch 7: val_auc improved from 0.92046 to 0.92724, saving model to saved_models/best_MACSynDCR_ANN_model.keras
50/50 ???????????????????? 2s 37ms/step - acc: 0.9782 - auc: 0.9974 - loss: 0.0617 - val_acc: 0.8552 - val_auc: 0.9272 - val_loss: 0.4330
Epoch 8/10
50/50 ???????????????????? 0s 28ms/step - acc: 0.9745 - auc: 0.9958 - loss: 0.0749
Epoch 8: val_auc improved from 0.92724 to 0.93905, saving model to saved_models/best_MACSynDCR_ANN_model.keras
50/50 ???????????????????? 2s 37ms/step - acc: 0.9744 - auc: 0.9958 - loss: 0.0749 - val_acc: 0.8711 - val_auc: 0.9390 - val_loss: 0.4012
Epoch 9/10
48/50 ???????????????????? 0s 28ms/step - acc: 0.9774 - auc: 0.9971 - loss: 0.0624
Epoch 9: val_auc did not improve from 0.93905
50/50 ???????????????????? 2s 30ms/step - acc: 0.9774 - auc: 0.9971 - loss: 0.0623 - val_acc: 0.8502 - val_auc: 0.9301 - val_loss: 0.4532
Epoch 10/10
49/50 ???????????????????? 0s 28ms/step - acc: 0.9751 - auc: 0.9954 - loss: 0.0741
Epoch 10: val_auc did not improve from 0.93905
50/50 ???????????????????? 2s 30ms/step - acc: 0.9751 - auc: 0.9954 - loss: 0.0741 - val_acc: 0.8470 - val_auc: 0.9276 - val_loss: 0.4601
50/50 ???????????????????? 0s 5ms/step
50/50 ???????????????????? 0s 3ms/step
ANN: Accuracy: 0.8711, AUC-ROC: 0.9429
ANN: AUC-PR: 0.9431, Precision: 0.8543,
ANN Recall: 0.8926, F1 Score: 0.8730
\ANN:RMSE: 14.2478 , PCC: 0.7803
Data processing and Training of MACSynDCR_CNN model:
MACSynDCR_CNN model:
Model: "sequential_1"
????????????????????????????????????????????????????????????????????????????????????????
? Layer (type)                         ? Output Shape                ?         Param # ?
????????????????????????????????????????????????????????????????????????????????????????
¦ conv2d (Conv2D)                      ¦ (None, 30, 18, 32)          ¦             320 ¦
+--------------------------------------+-----------------------------+-----------------¦
¦ max_pooling2d (MaxPooling2D)         ¦ (None, 15, 9, 32)           ¦               0 ¦
+--------------------------------------+-----------------------------+-----------------¦
¦ dropout (Dropout)                    ¦ (None, 15, 9, 32)           ¦               0 ¦
+--------------------------------------+-----------------------------+-----------------¦
¦ conv2d_1 (Conv2D)                    ¦ (None, 13, 7, 64)           ¦          18,496 ¦
+--------------------------------------+-----------------------------+-----------------¦
¦ max_pooling2d_1 (MaxPooling2D)       ¦ (None, 6, 3, 64)            ¦               0 ¦
+--------------------------------------+-----------------------------+-----------------¦
¦ dropout_1 (Dropout)                  ¦ (None, 6, 3, 64)            ¦               0 ¦
+--------------------------------------+-----------------------------+-----------------¦
¦ conv2d_2 (Conv2D)                    ¦ (None, 4, 1, 128)           ¦          73,856 ¦
+--------------------------------------+-----------------------------+-----------------¦
¦ max_pooling2d_2 (MaxPooling2D)       ¦ (None, 2, 1, 128)           ¦               0 ¦
+--------------------------------------+-----------------------------+-----------------¦
¦ dropout_2 (Dropout)                  ¦ (None, 2, 1, 128)           ¦               0 ¦
+--------------------------------------+-----------------------------+-----------------¦
¦ flatten (Flatten)                    ¦ (None, 256)                 ¦               0 ¦
+--------------------------------------+-----------------------------+-----------------¦
¦ dense_6 (Dense)                      ¦ (None, 128)                 ¦          32,896 ¦
+--------------------------------------+-----------------------------+-----------------¦
¦ dense_7 (Dense)                      ¦ (None, 2)                   ¦             258 ¦
+--------------------------------------------------------------------------------------+
 Total params: 125,826 (491.51 KB)
 Trainable params: 125,826 (491.51 KB)
 Non-trainable params: 0 (0.00 B)
Epoch 1/10
48/50 ???????????????????? 0s 12ms/step - acc: 0.5214 - auc: 0.5209 - loss: 0.6964
Epoch 1: val_acc improved from -inf to 0.59492, saving model to saved_models/best_MACSynDCR_CNN_model.keras
50/50 ???????????????????? 3s 21ms/step - acc: 0.5218 - auc: 0.5215 - loss: 0.6963 - val_acc: 0.5949 - val_auc: 0.6661 - val_loss: 0.6876
Epoch 2/10
49/50 ???????????????????? 0s 13ms/step - acc: 0.6328 - auc: 0.6748 - loss: 0.6664
Epoch 2: val_acc improved from 0.59492 to 0.74413, saving model to saved_models/best_MACSynDCR_CNN_model.keras
50/50 ???????????????????? 1s 16ms/step - acc: 0.6342 - auc: 0.6765 - loss: 0.6650 - val_acc: 0.7441 - val_auc: 0.8302 - val_loss: 0.5261
Epoch 3/10
47/50 ???????????????????? 0s 13ms/step - acc: 0.7452 - auc: 0.8229 - loss: 0.5195
Epoch 3: val_acc improved from 0.74413 to 0.78540, saving model to saved_models/best_MACSynDCR_CNN_model.keras
50/50 ???????????????????? 1s 15ms/step - acc: 0.7462 - auc: 0.8239 - loss: 0.5181 - val_acc: 0.7854 - val_auc: 0.8651 - val_loss: 0.4597
Epoch 4/10
48/50 ???????????????????? 0s 13ms/step - acc: 0.7770 - auc: 0.8654 - loss: 0.4575
Epoch 4: val_acc improved from 0.78540 to 0.80000, saving model to saved_models/best_MACSynDCR_CNN_model.keras
50/50 ???????????????????? 1s 15ms/step - acc: 0.7775 - auc: 0.8656 - loss: 0.4572 - val_acc: 0.8000 - val_auc: 0.8766 - val_loss: 0.4414
Epoch 5/10
45/50 ???????????????????? 0s 12ms/step - acc: 0.8075 - auc: 0.8820 - loss: 0.4346
Epoch 5: val_acc improved from 0.80000 to 0.80698, saving model to saved_models/best_MACSynDCR_CNN_model.keras
50/50 ???????????????????? 1s 14ms/step - acc: 0.8072 - auc: 0.8821 - loss: 0.4343 - val_acc: 0.8070 - val_auc: 0.8806 - val_loss: 0.4344
Epoch 6/10
46/50 ???????????????????? 0s 12ms/step - acc: 0.8198 - auc: 0.8948 - loss: 0.4105
Epoch 6: val_acc improved from 0.80698 to 0.80889, saving model to saved_models/best_MACSynDCR_CNN_model.keras
50/50 ???????????????????? 1s 14ms/step - acc: 0.8197 - auc: 0.8950 - loss: 0.4101 - val_acc: 0.8089 - val_auc: 0.8845 - val_loss: 0.4284
Epoch 7/10
45/50 ???????????????????? 0s 13ms/step - acc: 0.8118 - auc: 0.8965 - loss: 0.4074
Epoch 7: val_acc improved from 0.80889 to 0.82286, saving model to saved_models/best_MACSynDCR_CNN_model.keras
50/50 ???????????????????? 1s 15ms/step - acc: 0.8122 - auc: 0.8965 - loss: 0.4074 - val_acc: 0.8229 - val_auc: 0.8928 - val_loss: 0.4138
Epoch 8/10
48/50 ???????????????????? 0s 12ms/step - acc: 0.8350 - auc: 0.9095 - loss: 0.3823
Epoch 8: val_acc improved from 0.82286 to 0.82984, saving model to saved_models/best_MACSynDCR_CNN_model.keras
50/50 ???????????????????? 1s 14ms/step - acc: 0.8350 - auc: 0.9096 - loss: 0.3821 - val_acc: 0.8298 - val_auc: 0.8977 - val_loss: 0.4059
Epoch 9/10
48/50 ???????????????????? 0s 12ms/step - acc: 0.8379 - auc: 0.9163 - loss: 0.3681
Epoch 9: val_acc did not improve from 0.82984
50/50 ???????????????????? 1s 14ms/step - acc: 0.8381 - auc: 0.9163 - loss: 0.3680 - val_acc: 0.8267 - val_auc: 0.8999 - val_loss: 0.4014
Epoch 10/10
46/50 ???????????????????? 0s 13ms/step - acc: 0.8460 - auc: 0.9165 - loss: 0.3683
Epoch 10: val_acc did not improve from 0.82984
50/50 ???????????????????? 1s 14ms/step - acc: 0.8465 - auc: 0.9170 - loss: 0.3672 - val_acc: 0.8248 - val_auc: 0.8996 - val_loss: 0.4010
50/50 ???????????????????? 0s 3ms/step
50/50 ???????????????????? 0s 2ms/step
CNN: Accuracy: 0.8298, AUC-ROC: 0.8977
CNN: AUC-PR: 0.8949, Precision: 0.8189,
CNN Recall: 0.8440, F1 Score: 0.8312
CNN:RMSE: 16.3707 , PCC: 0.7004
Evaluation of Keras MACSynDCR_ANN model:
50/50 ???????????????????? 1s 3ms/step - acc: 0.8657 - auc: 0.9348 - loss: 0.4176
Evaluate->  Loss: 0.4012, Accuracy: 0.8711,AUC: 0.9390
50/50 ???????????????????? 0s 5ms/step
197/197 ???????????????????? 1s 3ms/step
ANN: Accuracy: 0.8711, AUC-ROC: 0.9429
ANN: AUC-PR: 0.9431, Precision: 0.8543,
ANN Recall: 0.8926, F1 Score: 0.8730
ANN:RMSE: 14.2478 , PCC: 0.7803
****************************************************************************************************
Evaluation of Keras MACSynDCR_CNN model:
50/50 ???????????????????? 1s 2ms/step - acc: 0.8144 - auc: 0.8826 - loss: 0.4362
Evaluate->  Loss: 0.4059, Accuracy: 0.8298,Accuracy: 0.8977
50/50 ???????????????????? 0s 3ms/step
197/197 ???????????????????? 0s 2ms/step
CNN: Accuracy: 0.8298, AUC-ROC: 0.8977
CNN: AUC-PR: 0.8949, Precision: 0.8189,
CNN Recall: 0.8440, F1 Score: 0.8312
CNN:RMSE: 16.3707 , PCC: 0.7004
****************************************************************************************************
Accuracy Score and AUC for ANN = AUC: 0.9278, Accuracy: 0.8483
Accuracy Score and AUC for KANN = AUC: 0.9429, Accuracy: 0.8711
Accuracy Score and AUC for KCNN = AUC: 0.8977, Accuracy: 0.8298
Average AUC = AUC: 0.9447, Accuracy: 0.8775
MAX AUC = AUC: 0.9383, Accuracy: 0.8311
Fitting 5 folds for each of 14 candidates, totalling 70 fits
Finall ensemble results of fold_1 for MACSynDCR:
----------------------------------------------------------------------------------------------------
Ensemble Accuracy: 0.8806, AUC-ROC: 0.9461
Ensemble AUC-PR: 0.9459, Precision: 0.8694,
Ensemble Recall: 0.8939, F1 Score: 0.8815
Ensemble RMSE: 13.7113 , PCC: 0.8012
----------------------------------------------------------------------------------------------------
Fold 2
Data processing and Training of MACSynDCR_ANN model:
ANN_model saved with Val_ACC: 0.4775 Val_AUC: 0.4643
fold_2: Epoch [1/10], Loss: 0.7117, Val_ACC: 0.4775, Val_AUC: 0.4643
ANN_model saved with Val_ACC: 0.7803 Val_AUC: 0.8528
ANN_model saved with Val_ACC: 0.8083 Val_AUC: 0.8874
ANN_model saved with Val_ACC: 0.8267 Val_AUC: 0.9003
ANN_model saved with Val_ACC: 0.8362 Val_AUC: 0.9094
ANN_model saved with Val_ACC: 0.8463 Val_AUC: 0.9170
ANN_model saved with Val_ACC: 0.8571 Val_AUC: 0.9236
ANN_model saved with Val_ACC: 0.8622 Val_AUC: 0.9277
ANN_model saved with Val_ACC: 0.8641 Val_AUC: 0.9337
ANN_model saved with Val_ACC: 0.8679 Val_AUC: 0.9367
Accuracy: 0.8679, AUC-ROC: 0.9367
 AUC-PR: 0.9310, Precision: 0.8668, Recall: 0.8645, F1 Score: 0.8656
RMSE: 12.3642 , PCC: 0.7822
Data processing and Training of MACSynDCR_ANN model:
MACSynDCR_ANN model:
Model: "sequential_2"
????????????????????????????????????????????????????????????????????????????????????????
? Layer (type)                         ? Output Shape                ?         Param # ?
????????????????????????????????????????????????????????????????????????????????????????
¦ dense_8 (Dense)                      ¦ (None, 2048)                ¦       1,312,768 ¦
+--------------------------------------+-----------------------------+-----------------¦
¦ batch_normalization_5                ¦ (None, 2048)                ¦           8,192 ¦
¦ (BatchNormalization)                 ¦                             ¦                 ¦
+--------------------------------------+-----------------------------+-----------------¦
¦ dense_9 (Dense)                      ¦ (None, 1024)                ¦       2,098,176 ¦
+--------------------------------------+-----------------------------+-----------------¦
¦ batch_normalization_6                ¦ (None, 1024)                ¦           4,096 ¦
¦ (BatchNormalization)                 ¦                             ¦                 ¦
+--------------------------------------+-----------------------------+-----------------¦
¦ dense_10 (Dense)                     ¦ (None, 512)                 ¦         524,800 ¦
+--------------------------------------+-----------------------------+-----------------¦
¦ batch_normalization_7                ¦ (None, 512)                 ¦           2,048 ¦
¦ (BatchNormalization)                 ¦                             ¦                 ¦
+--------------------------------------+-----------------------------+-----------------¦
¦ dense_11 (Dense)                     ¦ (None, 256)                 ¦         131,328 ¦
+--------------------------------------+-----------------------------+-----------------¦
¦ batch_normalization_8                ¦ (None, 256)                 ¦           1,024 ¦
¦ (BatchNormalization)                 ¦                             ¦                 ¦
+--------------------------------------+-----------------------------+-----------------¦
¦ dense_12 (Dense)                     ¦ (None, 128)                 ¦          32,896 ¦
+--------------------------------------+-----------------------------+-----------------¦
¦ batch_normalization_9                ¦ (None, 128)                 ¦             512 ¦
¦ (BatchNormalization)                 ¦                             ¦                 ¦
+--------------------------------------+-----------------------------+-----------------¦
¦ dense_13 (Dense)                     ¦ (None, 2)                   ¦             258 ¦
+--------------------------------------------------------------------------------------+
 Total params: 4,116,098 (15.70 MB)
 Trainable params: 4,108,162 (15.67 MB)
 Non-trainable params: 7,936 (31.00 KB)
Epoch 1/10
49/50 ???????????????????? 0s 28ms/step - acc: 0.7213 - auc: 0.7916 - loss: 0.6454
Epoch 1: val_auc improved from -inf to 0.82433, saving model to saved_models/best_MACSynDCR_ANN_model.keras
50/50 ???????????????????? 5s 43ms/step - acc: 0.7232 - auc: 0.7940 - loss: 0.6402 - val_acc: 0.7340 - val_auc: 0.8243 - val_loss: 0.5495
Epoch 2/10
50/50 ???????????????????? 0s 28ms/step - acc: 0.9254 - auc: 0.9781 - loss: 0.2001
Epoch 2: val_auc improved from 0.82433 to 0.85013, saving model to saved_models/best_MACSynDCR_ANN_model.keras
50/50 ???????????????????? 2s 37ms/step - acc: 0.9254 - auc: 0.9781 - loss: 0.2000 - val_acc: 0.7644 - val_auc: 0.8501 - val_loss: 0.4906
Epoch 3/10
50/50 ???????????????????? 0s 29ms/step - acc: 0.9656 - auc: 0.9954 - loss: 0.1000
Epoch 3: val_auc improved from 0.85013 to 0.87884, saving model to saved_models/best_MACSynDCR_ANN_model.keras
50/50 ???????????????????? 2s 38ms/step - acc: 0.9656 - auc: 0.9954 - loss: 0.1000 - val_acc: 0.7924 - val_auc: 0.8788 - val_loss: 0.4360
Epoch 4/10
49/50 ???????????????????? 0s 28ms/step - acc: 0.9630 - auc: 0.9938 - loss: 0.1004
Epoch 4: val_auc improved from 0.87884 to 0.88506, saving model to saved_models/best_MACSynDCR_ANN_model.keras
50/50 ???????????????????? 2s 37ms/step - acc: 0.9629 - auc: 0.9938 - loss: 0.1007 - val_acc: 0.7981 - val_auc: 0.8851 - val_loss: 0.4562
Epoch 5/10
50/50 ???????????????????? 0s 28ms/step - acc: 0.9651 - auc: 0.9947 - loss: 0.0915
Epoch 5: val_auc improved from 0.88506 to 0.92038, saving model to saved_models/best_MACSynDCR_ANN_model.keras
50/50 ???????????????????? 2s 36ms/step - acc: 0.9651 - auc: 0.9947 - loss: 0.0914 - val_acc: 0.8375 - val_auc: 0.9204 - val_loss: 0.3984
Epoch 6/10
49/50 ???????????????????? 0s 29ms/step - acc: 0.9798 - auc: 0.9967 - loss: 0.0673
Epoch 6: val_auc did not improve from 0.92038
50/50 ???????????????????? 2s 30ms/step - acc: 0.9796 - auc: 0.9967 - loss: 0.0675 - val_acc: 0.8425 - val_auc: 0.9191 - val_loss: 0.4507
Epoch 7/10
49/50 ???????????????????? 0s 28ms/step - acc: 0.9692 - auc: 0.9955 - loss: 0.0825
Epoch 7: val_auc improved from 0.92038 to 0.92376, saving model to saved_models/best_MACSynDCR_ANN_model.keras
50/50 ???????????????????? 2s 37ms/step - acc: 0.9691 - auc: 0.9956 - loss: 0.0825 - val_acc: 0.8540 - val_auc: 0.9238 - val_loss: 0.4393
Epoch 8/10
49/50 ???????????????????? 0s 28ms/step - acc: 0.9827 - auc: 0.9980 - loss: 0.0544
Epoch 8: val_auc improved from 0.92376 to 0.93550, saving model to saved_models/best_MACSynDCR_ANN_model.keras
50/50 ???????????????????? 2s 37ms/step - acc: 0.9827 - auc: 0.9980 - loss: 0.0543 - val_acc: 0.8565 - val_auc: 0.9355 - val_loss: 0.4201
Epoch 9/10
49/50 ???????????????????? 0s 28ms/step - acc: 0.9875 - auc: 0.9986 - loss: 0.0390
Epoch 9: val_auc did not improve from 0.93550
50/50 ???????????????????? 2s 30ms/step - acc: 0.9874 - auc: 0.9986 - loss: 0.0391 - val_acc: 0.8590 - val_auc: 0.9341 - val_loss: 0.4362
Epoch 10/10
50/50 ???????????????????? 0s 28ms/step - acc: 0.9808 - auc: 0.9973 - loss: 0.0587
Epoch 10: val_auc did not improve from 0.93550
50/50 ???????????????????? 2s 30ms/step - acc: 0.9808 - auc: 0.9973 - loss: 0.0588 - val_acc: 0.8508 - val_auc: 0.9248 - val_loss: 0.4768
50/50 ???????????????????? 0s 5ms/step
50/50 ???????????????????? 0s 3ms/step
ANN: Accuracy: 0.8565, AUC-ROC: 0.9404
ANN: AUC-PR: 0.9402, Precision: 0.8319,
ANN Recall: 0.8877, F1 Score: 0.8589
\ANN:RMSE: 15.0333 , PCC: 0.7638
Data processing and Training of MACSynDCR_CNN model:
MACSynDCR_CNN model:
Model: "sequential_3"
????????????????????????????????????????????????????????????????????????????????????????
? Layer (type)                         ? Output Shape                ?         Param # ?
????????????????????????????????????????????????????????????????????????????????????????
¦ conv2d_3 (Conv2D)                    ¦ (None, 30, 18, 32)          ¦             320 ¦
+--------------------------------------+-----------------------------+-----------------¦
¦ max_pooling2d_3 (MaxPooling2D)       ¦ (None, 15, 9, 32)           ¦               0 ¦
+--------------------------------------+-----------------------------+-----------------¦
¦ dropout_3 (Dropout)                  ¦ (None, 15, 9, 32)           ¦               0 ¦
+--------------------------------------+-----------------------------+-----------------¦
¦ conv2d_4 (Conv2D)                    ¦ (None, 13, 7, 64)           ¦          18,496 ¦
+--------------------------------------+-----------------------------+-----------------¦
¦ max_pooling2d_4 (MaxPooling2D)       ¦ (None, 6, 3, 64)            ¦               0 ¦
+--------------------------------------+-----------------------------+-----------------¦
¦ dropout_4 (Dropout)                  ¦ (None, 6, 3, 64)            ¦               0 ¦
+--------------------------------------+-----------------------------+-----------------¦
¦ conv2d_5 (Conv2D)                    ¦ (None, 4, 1, 128)           ¦          73,856 ¦
+--------------------------------------+-----------------------------+-----------------¦
¦ max_pooling2d_5 (MaxPooling2D)       ¦ (None, 2, 1, 128)           ¦               0 ¦
+--------------------------------------+-----------------------------+-----------------¦
¦ dropout_5 (Dropout)                  ¦ (None, 2, 1, 128)           ¦               0 ¦
+--------------------------------------+-----------------------------+-----------------¦
¦ flatten_1 (Flatten)                  ¦ (None, 256)                 ¦               0 ¦
+--------------------------------------+-----------------------------+-----------------¦
¦ dense_14 (Dense)                     ¦ (None, 128)                 ¦          32,896 ¦
+--------------------------------------+-----------------------------+-----------------¦
¦ dense_15 (Dense)                     ¦ (None, 2)                   ¦             258 ¦
+--------------------------------------------------------------------------------------+
 Total params: 125,826 (491.51 KB)
 Trainable params: 125,826 (491.51 KB)
 Non-trainable params: 0 (0.00 B)
Epoch 1/10
47/50 ???????????????????? 0s 13ms/step - acc: 0.4915 - auc: 0.4823 - loss: 0.7042
Epoch 1: val_acc improved from -inf to 0.49206, saving model to saved_models/best_MACSynDCR_CNN_model.keras
50/50 ???????????????????? 3s 20ms/step - acc: 0.4920 - auc: 0.4831 - loss: 0.7036 - val_acc: 0.4921 - val_auc: 0.4921 - val_loss: 0.6932
Epoch 2/10
47/50 ???????????????????? 0s 12ms/step - acc: 0.5070 - auc: 0.5121 - loss: 0.6929
Epoch 2: val_acc improved from 0.49206 to 0.50794, saving model to saved_models/best_MACSynDCR_CNN_model.keras
50/50 ???????????????????? 1s 14ms/step - acc: 0.5067 - auc: 0.5117 - loss: 0.6929 - val_acc: 0.5079 - val_auc: 0.5133 - val_loss: 0.6924
Epoch 3/10
48/50 ???????????????????? 0s 12ms/step - acc: 0.5263 - auc: 0.5297 - loss: 0.6924
Epoch 3: val_acc improved from 0.50794 to 0.62794, saving model to saved_models/best_MACSynDCR_CNN_model.keras
50/50 ???????????????????? 1s 14ms/step - acc: 0.5273 - auc: 0.5309 - loss: 0.6923 - val_acc: 0.6279 - val_auc: 0.6906 - val_loss: 0.6833
Epoch 4/10
49/50 ???????????????????? 0s 12ms/step - acc: 0.5765 - auc: 0.6315 - loss: 0.6730
Epoch 4: val_acc improved from 0.62794 to 0.71365, saving model to saved_models/best_MACSynDCR_CNN_model.keras
50/50 ???????????????????? 1s 14ms/step - acc: 0.5785 - auc: 0.6337 - loss: 0.6719 - val_acc: 0.7137 - val_auc: 0.8067 - val_loss: 0.5568
Epoch 5/10
49/50 ???????????????????? 0s 13ms/step - acc: 0.7376 - auc: 0.8119 - loss: 0.5359
Epoch 5: val_acc improved from 0.71365 to 0.76762, saving model to saved_models/best_MACSynDCR_CNN_model.keras
50/50 ???????????????????? 1s 15ms/step - acc: 0.7377 - auc: 0.8119 - loss: 0.5357 - val_acc: 0.7676 - val_auc: 0.8457 - val_loss: 0.4983
Epoch 6/10
47/50 ???????????????????? 0s 12ms/step - acc: 0.7724 - auc: 0.8503 - loss: 0.4839
Epoch 6: val_acc improved from 0.76762 to 0.79619, saving model to saved_models/best_MACSynDCR_CNN_model.keras
50/50 ???????????????????? 1s 14ms/step - acc: 0.7723 - auc: 0.8504 - loss: 0.4836 - val_acc: 0.7962 - val_auc: 0.8716 - val_loss: 0.4576
Epoch 7/10
46/50 ???????????????????? 0s 12ms/step - acc: 0.7846 - auc: 0.8664 - loss: 0.4581
Epoch 7: val_acc improved from 0.79619 to 0.80190, saving model to saved_models/best_MACSynDCR_CNN_model.keras
50/50 ???????????????????? 1s 14ms/step - acc: 0.7845 - auc: 0.8665 - loss: 0.4578 - val_acc: 0.8019 - val_auc: 0.8758 - val_loss: 0.4437
Epoch 8/10
47/50 ???????????????????? 0s 12ms/step - acc: 0.7983 - auc: 0.8814 - loss: 0.4349
Epoch 8: val_acc improved from 0.80190 to 0.81651, saving model to saved_models/best_MACSynDCR_CNN_model.keras
50/50 ???????????????????? 1s 14ms/step - acc: 0.7985 - auc: 0.8816 - loss: 0.4345 - val_acc: 0.8165 - val_auc: 0.8907 - val_loss: 0.4224
Epoch 9/10
49/50 ???????????????????? 0s 12ms/step - acc: 0.8051 - auc: 0.8886 - loss: 0.4216
Epoch 9: val_acc improved from 0.81651 to 0.82984, saving model to saved_models/best_MACSynDCR_CNN_model.keras
50/50 ???????????????????? 1s 14ms/step - acc: 0.8052 - auc: 0.8886 - loss: 0.4215 - val_acc: 0.8298 - val_auc: 0.9029 - val_loss: 0.3970
Epoch 10/10
47/50 ???????????????????? 0s 12ms/step - acc: 0.8195 - auc: 0.9015 - loss: 0.3979
Epoch 10: val_acc did not improve from 0.82984
50/50 ???????????????????? 1s 14ms/step - acc: 0.8192 - auc: 0.9012 - loss: 0.3984 - val_acc: 0.8267 - val_auc: 0.9036 - val_loss: 0.4009
50/50 ???????????????????? 0s 3ms/step
50/50 ???????????????????? 0s 2ms/step
CNN: Accuracy: 0.8298, AUC-ROC: 0.9031
CNN: AUC-PR: 0.8978, Precision: 0.8149,
CNN Recall: 0.8465, F1 Score: 0.8304
CNN:RMSE: 16.3707 , PCC: 0.7112
Evaluation of Keras MACSynDCR_ANN model:
50/50 ???????????????????? 1s 3ms/step - acc: 0.8724 - auc: 0.9462 - loss: 0.3738
Evaluate->  Loss: 0.4201, Accuracy: 0.8565,AUC: 0.9355
50/50 ???????????????????? 0s 5ms/step
197/197 ???????????????????? 1s 3ms/step
ANN: Accuracy: 0.8565, AUC-ROC: 0.9404
ANN: AUC-PR: 0.9402, Precision: 0.8319,
ANN Recall: 0.8877, F1 Score: 0.8589
ANN:RMSE: 15.0333 , PCC: 0.7638
****************************************************************************************************
Evaluation of Keras MACSynDCR_CNN model:
50/50 ???????????????????? 1s 2ms/step - acc: 0.8432 - auc: 0.9118 - loss: 0.3796
Evaluate->  Loss: 0.3970, Accuracy: 0.8298,Accuracy: 0.9029
50/50 ???????????????????? 0s 3ms/step
197/197 ???????????????????? 0s 2ms/step
CNN: Accuracy: 0.8298, AUC-ROC: 0.9031
CNN: AUC-PR: 0.8978, Precision: 0.8149,
CNN Recall: 0.8465, F1 Score: 0.8304
CNN:RMSE: 16.3707 , PCC: 0.7112
****************************************************************************************************
Accuracy Score and AUC for ANN = AUC: 0.9367, Accuracy: 0.8679
Accuracy Score and AUC for KANN = AUC: 0.9404, Accuracy: 0.8565
Accuracy Score and AUC for KCNN = AUC: 0.9031, Accuracy: 0.8298
Average AUC = AUC: 0.9463, Accuracy: 0.8857
MAX AUC = AUC: 0.9442, Accuracy: 0.8248
Fitting 5 folds for each of 14 candidates, totalling 70 fits
Finall ensemble results of fold_2 for MACSynDCR:
----------------------------------------------------------------------------------------------------
Ensemble Accuracy: 0.8851, AUC-ROC: 0.9474
Ensemble AUC-PR: 0.9418, Precision: 0.8779,
Ensemble Recall: 0.8903, F1 Score: 0.8840
Ensemble RMSE: 13.4536 , PCC: 0.8105
----------------------------------------------------------------------------------------------------
Fold 3
Data processing and Training of MACSynDCR_ANN model:
ANN_model saved with Val_ACC: 0.5143 Val_AUC: 0.5402
fold_3: Epoch [1/10], Loss: 0.7010, Val_ACC: 0.5143, Val_AUC: 0.5402
ANN_model saved with Val_ACC: 0.7644 Val_AUC: 0.8612
ANN_model saved with Val_ACC: 0.8083 Val_AUC: 0.8934
ANN_model saved with Val_ACC: 0.8203 Val_AUC: 0.9049
ANN_model saved with Val_ACC: 0.8356 Val_AUC: 0.9138
ANN_model saved with Val_ACC: 0.8368 Val_AUC: 0.9226
ANN_model saved with Val_ACC: 0.8476 Val_AUC: 0.9299
ANN_model saved with Val_ACC: 0.8565 Val_AUC: 0.9367
ANN_model saved with Val_ACC: 0.8686 Val_AUC: 0.9409
Accuracy: 0.8686, AUC-ROC: 0.9409
 AUC-PR: 0.9321, Precision: 0.8714, Recall: 0.8566, F1 Score: 0.8639
RMSE: 12.3915 , PCC: 0.7852
Data processing and Training of MACSynDCR_ANN model:
MACSynDCR_ANN model:
Model: "sequential_4"
????????????????????????????????????????????????????????????????????????????????????????
? Layer (type)                         ? Output Shape                ?         Param # ?
????????????????????????????????????????????????????????????????????????????????????????
¦ dense_16 (Dense)                     ¦ (None, 2048)                ¦       1,312,768 ¦
+--------------------------------------+-----------------------------+-----------------¦
¦ batch_normalization_10               ¦ (None, 2048)                ¦           8,192 ¦
¦ (BatchNormalization)                 ¦                             ¦                 ¦
+--------------------------------------+-----------------------------+-----------------¦
¦ dense_17 (Dense)                     ¦ (None, 1024)                ¦       2,098,176 ¦
+--------------------------------------+-----------------------------+-----------------¦
¦ batch_normalization_11               ¦ (None, 1024)                ¦           4,096 ¦
¦ (BatchNormalization)                 ¦                             ¦                 ¦
+--------------------------------------+-----------------------------+-----------------¦
¦ dense_18 (Dense)                     ¦ (None, 512)                 ¦         524,800 ¦
+--------------------------------------+-----------------------------+-----------------¦
¦ batch_normalization_12               ¦ (None, 512)                 ¦           2,048 ¦
¦ (BatchNormalization)                 ¦                             ¦                 ¦
+--------------------------------------+-----------------------------+-----------------¦
¦ dense_19 (Dense)                     ¦ (None, 256)                 ¦         131,328 ¦
+--------------------------------------+-----------------------------+-----------------¦
¦ batch_normalization_13               ¦ (None, 256)                 ¦           1,024 ¦
¦ (BatchNormalization)                 ¦                             ¦                 ¦
+--------------------------------------+-----------------------------+-----------------¦
¦ dense_20 (Dense)                     ¦ (None, 128)                 ¦          32,896 ¦
+--------------------------------------+-----------------------------+-----------------¦
¦ batch_normalization_14               ¦ (None, 128)                 ¦             512 ¦
¦ (BatchNormalization)                 ¦                             ¦                 ¦
+--------------------------------------+-----------------------------+-----------------¦
¦ dense_21 (Dense)                     ¦ (None, 2)                   ¦             258 ¦
+--------------------------------------------------------------------------------------+
 Total params: 4,116,098 (15.70 MB)
 Trainable params: 4,108,162 (15.67 MB)
 Non-trainable params: 7,936 (31.00 KB)
Epoch 1/10
49/50 ???????????????????? 0s 29ms/step - acc: 0.6979 - auc: 0.7704 - loss: 0.6962
Epoch 1: val_auc improved from -inf to 0.82918, saving model to saved_models/best_MACSynDCR_ANN_model.keras
50/50 ???????????????????? 5s 44ms/step - acc: 0.7003 - auc: 0.7731 - loss: 0.6903 - val_acc: 0.7448 - val_auc: 0.8292 - val_loss: 0.5267
Epoch 2/10
50/50 ???????????????????? 0s 28ms/step - acc: 0.9189 - auc: 0.9743 - loss: 0.2119
Epoch 2: val_auc improved from 0.82918 to 0.84888, saving model to saved_models/best_MACSynDCR_ANN_model.keras
50/50 ???????????????????? 2s 37ms/step - acc: 0.9189 - auc: 0.9743 - loss: 0.2117 - val_acc: 0.7600 - val_auc: 0.8489 - val_loss: 0.4833
Epoch 3/10
49/50 ???????????????????? 0s 28ms/step - acc: 0.9736 - auc: 0.9968 - loss: 0.0901
Epoch 3: val_auc improved from 0.84888 to 0.86787, saving model to saved_models/best_MACSynDCR_ANN_model.keras
50/50 ???????????????????? 2s 38ms/step - acc: 0.9734 - auc: 0.9967 - loss: 0.0903 - val_acc: 0.7778 - val_auc: 0.8679 - val_loss: 0.4569
Epoch 4/10
49/50 ???????????????????? 0s 28ms/step - acc: 0.9753 - auc: 0.9967 - loss: 0.0747
Epoch 4: val_auc improved from 0.86787 to 0.90019, saving model to saved_models/best_MACSynDCR_ANN_model.keras
50/50 ???????????????????? 2s 38ms/step - acc: 0.9751 - auc: 0.9967 - loss: 0.0750 - val_acc: 0.8292 - val_auc: 0.9002 - val_loss: 0.4234
Epoch 5/10
49/50 ???????????????????? 0s 28ms/step - acc: 0.9666 - auc: 0.9953 - loss: 0.0862
Epoch 5: val_auc improved from 0.90019 to 0.91615, saving model to saved_models/best_MACSynDCR_ANN_model.keras
50/50 ???????????????????? 2s 38ms/step - acc: 0.9663 - auc: 0.9952 - loss: 0.0868 - val_acc: 0.8463 - val_auc: 0.9161 - val_loss: 0.3894
Epoch 6/10
49/50 ???????????????????? 0s 28ms/step - acc: 0.9639 - auc: 0.9938 - loss: 0.0969
Epoch 6: val_auc improved from 0.91615 to 0.92917, saving model to saved_models/best_MACSynDCR_ANN_model.keras
50/50 ???????????????????? 2s 38ms/step - acc: 0.9638 - auc: 0.9938 - loss: 0.0971 - val_acc: 0.8578 - val_auc: 0.9292 - val_loss: 0.3961
Epoch 7/10
49/50 ???????????????????? 0s 28ms/step - acc: 0.9783 - auc: 0.9983 - loss: 0.0560
Epoch 7: val_auc improved from 0.92917 to 0.93211, saving model to saved_models/best_MACSynDCR_ANN_model.keras
50/50 ???????????????????? 2s 37ms/step - acc: 0.9783 - auc: 0.9983 - loss: 0.0561 - val_acc: 0.8565 - val_auc: 0.9321 - val_loss: 0.4114
Epoch 8/10
48/50 ???????????????????? 0s 28ms/step - acc: 0.9800 - auc: 0.9982 - loss: 0.0550
Epoch 8: val_auc improved from 0.93211 to 0.93732, saving model to saved_models/best_MACSynDCR_ANN_model.keras
50/50 ???????????????????? 2s 37ms/step - acc: 0.9800 - auc: 0.9982 - loss: 0.0551 - val_acc: 0.8629 - val_auc: 0.9373 - val_loss: 0.4196
Epoch 9/10
50/50 ???????????????????? 0s 28ms/step - acc: 0.9839 - auc: 0.9983 - loss: 0.0480
Epoch 9: val_auc did not improve from 0.93732
50/50 ???????????????????? 2s 30ms/step - acc: 0.9839 - auc: 0.9983 - loss: 0.0480 - val_acc: 0.8648 - val_auc: 0.9265 - val_loss: 0.4795
Epoch 10/10
49/50 ???????????????????? 0s 28ms/step - acc: 0.9875 - auc: 0.9986 - loss: 0.0383
Epoch 10: val_auc improved from 0.93732 to 0.93770, saving model to saved_models/best_MACSynDCR_ANN_model.keras
50/50 ???????????????????? 2s 37ms/step - acc: 0.9875 - auc: 0.9985 - loss: 0.0384 - val_acc: 0.8654 - val_auc: 0.9377 - val_loss: 0.4482
50/50 ???????????????????? 0s 5ms/step
50/50 ???????????????????? 0s 3ms/step
ANN: Accuracy: 0.8654, AUC-ROC: 0.9448
ANN: AUC-PR: 0.9452, Precision: 0.8562,
ANN Recall: 0.8696, F1 Score: 0.8629
\ANN:RMSE: 14.5602 , PCC: 0.7748
Data processing and Training of MACSynDCR_CNN model:
MACSynDCR_CNN model:
Model: "sequential_5"
????????????????????????????????????????????????????????????????????????????????????????
? Layer (type)                         ? Output Shape                ?         Param # ?
????????????????????????????????????????????????????????????????????????????????????????
¦ conv2d_6 (Conv2D)                    ¦ (None, 30, 18, 32)          ¦             320 ¦
+--------------------------------------+-----------------------------+-----------------¦
¦ max_pooling2d_6 (MaxPooling2D)       ¦ (None, 15, 9, 32)           ¦               0 ¦
+--------------------------------------+-----------------------------+-----------------¦
¦ dropout_6 (Dropout)                  ¦ (None, 15, 9, 32)           ¦               0 ¦
+--------------------------------------+-----------------------------+-----------------¦
¦ conv2d_7 (Conv2D)                    ¦ (None, 13, 7, 64)           ¦          18,496 ¦
+--------------------------------------+-----------------------------+-----------------¦
¦ max_pooling2d_7 (MaxPooling2D)       ¦ (None, 6, 3, 64)            ¦               0 ¦
+--------------------------------------+-----------------------------+-----------------¦
¦ dropout_7 (Dropout)                  ¦ (None, 6, 3, 64)            ¦               0 ¦
+--------------------------------------+-----------------------------+-----------------¦
¦ conv2d_8 (Conv2D)                    ¦ (None, 4, 1, 128)           ¦          73,856 ¦
+--------------------------------------+-----------------------------+-----------------¦
¦ max_pooling2d_8 (MaxPooling2D)       ¦ (None, 2, 1, 128)           ¦               0 ¦
+--------------------------------------+-----------------------------+-----------------¦
¦ dropout_8 (Dropout)                  ¦ (None, 2, 1, 128)           ¦               0 ¦
+--------------------------------------+-----------------------------+-----------------¦
¦ flatten_2 (Flatten)                  ¦ (None, 256)                 ¦               0 ¦
+--------------------------------------+-----------------------------+-----------------¦
¦ dense_22 (Dense)                     ¦ (None, 128)                 ¦          32,896 ¦
+--------------------------------------+-----------------------------+-----------------¦
¦ dense_23 (Dense)                     ¦ (None, 2)                   ¦             258 ¦
+--------------------------------------------------------------------------------------+
 Total params: 125,826 (491.51 KB)
 Trainable params: 125,826 (491.51 KB)
 Non-trainable params: 0 (0.00 B)
Epoch 1/10
46/50 ???????????????????? 0s 13ms/step - acc: 0.4948 - auc: 0.4950 - loss: 0.6965
Epoch 1: val_acc improved from -inf to 0.55937, saving model to saved_models/best_MACSynDCR_CNN_model.keras
50/50 ???????????????????? 3s 20ms/step - acc: 0.4959 - auc: 0.4958 - loss: 0.6963 - val_acc: 0.5594 - val_auc: 0.6245 - val_loss: 0.6887
Epoch 2/10
45/50 ???????????????????? 0s 13ms/step - acc: 0.5565 - auc: 0.5875 - loss: 0.6837
Epoch 2: val_acc improved from 0.55937 to 0.72508, saving model to saved_models/best_MACSynDCR_CNN_model.keras
50/50 ???????????????????? 1s 15ms/step - acc: 0.5607 - auc: 0.5934 - loss: 0.6817 - val_acc: 0.7251 - val_auc: 0.7909 - val_loss: 0.5773
Epoch 3/10
50/50 ???????????????????? 0s 13ms/step - acc: 0.7113 - auc: 0.7883 - loss: 0.5586
Epoch 3: val_acc improved from 0.72508 to 0.76571, saving model to saved_models/best_MACSynDCR_CNN_model.keras
50/50 ???????????????????? 1s 16ms/step - acc: 0.7119 - auc: 0.7888 - loss: 0.5580 - val_acc: 0.7657 - val_auc: 0.8479 - val_loss: 0.4846
Epoch 4/10
48/50 ???????????????????? 0s 13ms/step - acc: 0.7683 - auc: 0.8412 - loss: 0.4943
Epoch 4: val_acc improved from 0.76571 to 0.80063, saving model to saved_models/best_MACSynDCR_CNN_model.keras
50/50 ???????????????????? 1s 15ms/step - acc: 0.7688 - auc: 0.8420 - loss: 0.4932 - val_acc: 0.8006 - val_auc: 0.8777 - val_loss: 0.4400
Epoch 5/10
49/50 ???????????????????? 0s 12ms/step - acc: 0.7966 - auc: 0.8752 - loss: 0.4437
Epoch 5: val_acc improved from 0.80063 to 0.81270, saving model to saved_models/best_MACSynDCR_CNN_model.keras
50/50 ???????????????????? 1s 14ms/step - acc: 0.7968 - auc: 0.8754 - loss: 0.4434 - val_acc: 0.8127 - val_auc: 0.8913 - val_loss: 0.4250
Epoch 6/10
46/50 ???????????????????? 0s 12ms/step - acc: 0.8092 - auc: 0.8908 - loss: 0.4188
Epoch 6: val_acc improved from 0.81270 to 0.81905, saving model to saved_models/best_MACSynDCR_CNN_model.keras
50/50 ???????????????????? 1s 14ms/step - acc: 0.8093 - auc: 0.8908 - loss: 0.4186 - val_acc: 0.8190 - val_auc: 0.8953 - val_loss: 0.4079
Epoch 7/10
47/50 ???????????????????? 0s 12ms/step - acc: 0.8115 - auc: 0.9005 - loss: 0.3986
Epoch 7: val_acc improved from 0.81905 to 0.82095, saving model to saved_models/best_MACSynDCR_CNN_model.keras
50/50 ???????????????????? 1s 15ms/step - acc: 0.8118 - auc: 0.9003 - loss: 0.3990 - val_acc: 0.8210 - val_auc: 0.9009 - val_loss: 0.3998
Epoch 8/10
45/50 ???????????????????? 0s 12ms/step - acc: 0.8303 - auc: 0.9092 - loss: 0.3853
Epoch 8: val_acc improved from 0.82095 to 0.82857, saving model to saved_models/best_MACSynDCR_CNN_model.keras
50/50 ???????????????????? 1s 14ms/step - acc: 0.8302 - auc: 0.9088 - loss: 0.3857 - val_acc: 0.8286 - val_auc: 0.9058 - val_loss: 0.3893
Epoch 9/10
47/50 ???????????????????? 0s 13ms/step - acc: 0.8329 - auc: 0.9116 - loss: 0.3773
Epoch 9: val_acc did not improve from 0.82857
50/50 ???????????????????? 1s 14ms/step - acc: 0.8330 - auc: 0.9115 - loss: 0.3775 - val_acc: 0.8267 - val_auc: 0.9035 - val_loss: 0.3941
Epoch 10/10
46/50 ???????????????????? 0s 13ms/step - acc: 0.8474 - auc: 0.9210 - loss: 0.3575
Epoch 10: val_acc improved from 0.82857 to 0.83048, saving model to saved_models/best_MACSynDCR_CNN_model.keras
50/50 ???????????????????? 1s 15ms/step - acc: 0.8474 - auc: 0.9213 - loss: 0.3570 - val_acc: 0.8305 - val_auc: 0.9115 - val_loss: 0.3776
50/50 ???????????????????? 0s 3ms/step
50/50 ???????????????????? 0s 2ms/step
CNN: Accuracy: 0.8305, AUC-ROC: 0.9139
CNN: AUC-PR: 0.9116, Precision: 0.8019,
CNN Recall: 0.8657, F1 Score: 0.8326
CNN:RMSE: 16.3401 , PCC: 0.7300
Evaluation of Keras MACSynDCR_ANN model:
50/50 ???????????????????? 1s 3ms/step - acc: 0.8587 - auc: 0.9362 - loss: 0.4577
Evaluate->  Loss: 0.4482, Accuracy: 0.8654,AUC: 0.9377
50/50 ???????????????????? 0s 5ms/step
197/197 ???????????????????? 1s 3ms/step
ANN: Accuracy: 0.8654, AUC-ROC: 0.9448
ANN: AUC-PR: 0.9452, Precision: 0.8562,
ANN Recall: 0.8696, F1 Score: 0.8629
ANN:RMSE: 14.5602 , PCC: 0.7748
****************************************************************************************************
Evaluation of Keras MACSynDCR_CNN model:
50/50 ???????????????????? 1s 2ms/step - acc: 0.8392 - auc: 0.9165 - loss: 0.3670
Evaluate->  Loss: 0.3776, Accuracy: 0.8305,Accuracy: 0.9115
50/50 ???????????????????? 0s 3ms/step
197/197 ???????????????????? 0s 2ms/step
CNN: Accuracy: 0.8305, AUC-ROC: 0.9139
CNN: AUC-PR: 0.9116, Precision: 0.8019,
CNN Recall: 0.8657, F1 Score: 0.8326
CNN:RMSE: 16.3401 , PCC: 0.7300
****************************************************************************************************
Accuracy Score and AUC for ANN = AUC: 0.9409, Accuracy: 0.8686
Accuracy Score and AUC for KANN = AUC: 0.9448, Accuracy: 0.8654
Accuracy Score and AUC for KCNN = AUC: 0.9139, Accuracy: 0.8305
Average AUC = AUC: 0.9517, Accuracy: 0.8813
MAX AUC = AUC: 0.9448, Accuracy: 0.8375
Fitting 5 folds for each of 14 candidates, totalling 70 fits
Finall ensemble results of fold_3 for MACSynDCR:
----------------------------------------------------------------------------------------------------
Ensemble Accuracy: 0.8838, AUC-ROC: 0.9532
Ensemble AUC-PR: 0.9477, Precision: 0.8802,
Ensemble Recall: 0.8814, F1 Score: 0.8808
Ensemble RMSE: 13.5277 , PCC: 0.8110
----------------------------------------------------------------------------------------------------
Fold 4
Data processing and Training of MACSynDCR_ANN model:
ANN_model saved with Val_ACC: 0.4832 Val_AUC: 0.4684
fold_4: Epoch [1/10], Loss: 0.7015, Val_ACC: 0.4832, Val_AUC: 0.4684
ANN_model saved with Val_ACC: 0.7727 Val_AUC: 0.8490
ANN_model saved with Val_ACC: 0.8025 Val_AUC: 0.8849
ANN_model saved with Val_ACC: 0.8095 Val_AUC: 0.9017
ANN_model saved with Val_ACC: 0.8229 Val_AUC: 0.9126
ANN_model saved with Val_ACC: 0.8368 Val_AUC: 0.9212
ANN_model saved with Val_ACC: 0.8444 Val_AUC: 0.9275
ANN_model saved with Val_ACC: 0.8559 Val_AUC: 0.9329
ANN_model saved with Val_ACC: 0.8698 Val_AUC: 0.9378
ANN_model saved with Val_ACC: 0.8743 Val_AUC: 0.9418
Accuracy: 0.8743, AUC-ROC: 0.9418
 AUC-PR: 0.9425, Precision: 0.8786, Recall: 0.8742, F1 Score: 0.8764
RMSE: 12.3093 , PCC: 0.7898
Data processing and Training of MACSynDCR_ANN model:
MACSynDCR_ANN model:
Model: "sequential_6"
????????????????????????????????????????????????????????????????????????????????????????
? Layer (type)                         ? Output Shape                ?         Param # ?
????????????????????????????????????????????????????????????????????????????????????????
¦ dense_24 (Dense)                     ¦ (None, 2048)                ¦       1,312,768 ¦
+--------------------------------------+-----------------------------+-----------------¦
¦ batch_normalization_15               ¦ (None, 2048)                ¦           8,192 ¦
¦ (BatchNormalization)                 ¦                             ¦                 ¦
+--------------------------------------+-----------------------------+-----------------¦
¦ dense_25 (Dense)                     ¦ (None, 1024)                ¦       2,098,176 ¦
+--------------------------------------+-----------------------------+-----------------¦
¦ batch_normalization_16               ¦ (None, 1024)                ¦           4,096 ¦
¦ (BatchNormalization)                 ¦                             ¦                 ¦
+--------------------------------------+-----------------------------+-----------------¦
¦ dense_26 (Dense)                     ¦ (None, 512)                 ¦         524,800 ¦
+--------------------------------------+-----------------------------+-----------------¦
¦ batch_normalization_17               ¦ (None, 512)                 ¦           2,048 ¦
¦ (BatchNormalization)                 ¦                             ¦                 ¦
+--------------------------------------+-----------------------------+-----------------¦
¦ dense_27 (Dense)                     ¦ (None, 256)                 ¦         131,328 ¦
+--------------------------------------+-----------------------------+-----------------¦
¦ batch_normalization_18               ¦ (None, 256)                 ¦           1,024 ¦
¦ (BatchNormalization)                 ¦                             ¦                 ¦
+--------------------------------------+-----------------------------+-----------------¦
¦ dense_28 (Dense)                     ¦ (None, 128)                 ¦          32,896 ¦
+--------------------------------------+-----------------------------+-----------------¦
¦ batch_normalization_19               ¦ (None, 128)                 ¦             512 ¦
¦ (BatchNormalization)                 ¦                             ¦                 ¦
+--------------------------------------+-----------------------------+-----------------¦
¦ dense_29 (Dense)                     ¦ (None, 2)                   ¦             258 ¦
+--------------------------------------------------------------------------------------+
 Total params: 4,116,098 (15.70 MB)
 Trainable params: 4,108,162 (15.67 MB)
 Non-trainable params: 7,936 (31.00 KB)
Epoch 1/10
49/50 ???????????????????? 0s 28ms/step - acc: 0.7332 - auc: 0.7987 - loss: 0.6399
Epoch 1: val_auc improved from -inf to 0.69723, saving model to saved_models/best_MACSynDCR_ANN_model.keras
50/50 ???????????????????? 5s 44ms/step - acc: 0.7351 - auc: 0.8009 - loss: 0.6349 - val_acc: 0.5905 - val_auc: 0.6972 - val_loss: 0.6279
Epoch 2/10
49/50 ???????????????????? 0s 29ms/step - acc: 0.9215 - auc: 0.9779 - loss: 0.2033
Epoch 2: val_auc improved from 0.69723 to 0.88723, saving model to saved_models/best_MACSynDCR_ANN_model.keras
50/50 ???????????????????? 2s 39ms/step - acc: 0.9216 - auc: 0.9778 - loss: 0.2032 - val_acc: 0.7943 - val_auc: 0.8872 - val_loss: 0.4405
Epoch 3/10
49/50 ???????????????????? 0s 28ms/step - acc: 0.9639 - auc: 0.9932 - loss: 0.1092
Epoch 3: val_auc improved from 0.88723 to 0.89989, saving model to saved_models/best_MACSynDCR_ANN_model.keras
50/50 ???????????????????? 2s 37ms/step - acc: 0.9637 - auc: 0.9931 - loss: 0.1095 - val_acc: 0.8114 - val_auc: 0.8999 - val_loss: 0.4004
Epoch 4/10
50/50 ???????????????????? 0s 28ms/step - acc: 0.9822 - auc: 0.9983 - loss: 0.0634
Epoch 4: val_auc improved from 0.89989 to 0.91324, saving model to saved_models/best_MACSynDCR_ANN_model.keras
50/50 ???????????????????? 2s 39ms/step - acc: 0.9821 - auc: 0.9983 - loss: 0.0634 - val_acc: 0.8292 - val_auc: 0.9132 - val_loss: 0.3876
Epoch 5/10
49/50 ???????????????????? 0s 28ms/step - acc: 0.9716 - auc: 0.9948 - loss: 0.0838
Epoch 5: val_auc improved from 0.91324 to 0.92665, saving model to saved_models/best_MACSynDCR_ANN_model.keras
50/50 ???????????????????? 2s 38ms/step - acc: 0.9715 - auc: 0.9948 - loss: 0.0839 - val_acc: 0.8527 - val_auc: 0.9266 - val_loss: 0.3824
Epoch 6/10
49/50 ???????????????????? 0s 28ms/step - acc: 0.9658 - auc: 0.9939 - loss: 0.0951
Epoch 6: val_auc improved from 0.92665 to 0.93671, saving model to saved_models/best_MACSynDCR_ANN_model.keras
50/50 ???????????????????? 2s 38ms/step - acc: 0.9656 - auc: 0.9939 - loss: 0.0954 - val_acc: 0.8495 - val_auc: 0.9367 - val_loss: 0.3531
Epoch 7/10
48/50 ???????????????????? 0s 28ms/step - acc: 0.9750 - auc: 0.9973 - loss: 0.0664
Epoch 7: val_auc did not improve from 0.93671
50/50 ???????????????????? 2s 30ms/step - acc: 0.9749 - auc: 0.9973 - loss: 0.0668 - val_acc: 0.8781 - val_auc: 0.9355 - val_loss: 0.4132
Epoch 8/10
49/50 ???????????????????? 0s 28ms/step - acc: 0.9703 - auc: 0.9955 - loss: 0.0829
Epoch 8: val_auc improved from 0.93671 to 0.93712, saving model to saved_models/best_MACSynDCR_ANN_model.keras
50/50 ???????????????????? 2s 38ms/step - acc: 0.9703 - auc: 0.9955 - loss: 0.0829 - val_acc: 0.8768 - val_auc: 0.9371 - val_loss: 0.4479
Epoch 9/10
49/50 ???????????????????? 0s 29ms/step - acc: 0.9770 - auc: 0.9970 - loss: 0.0644
Epoch 9: val_auc did not improve from 0.93712
50/50 ???????????????????? 2s 31ms/step - acc: 0.9769 - auc: 0.9970 - loss: 0.0647 - val_acc: 0.8673 - val_auc: 0.9287 - val_loss: 0.4948
Epoch 10/10
48/50 ???????????????????? 0s 28ms/step - acc: 0.9846 - auc: 0.9983 - loss: 0.0466
Epoch 10: val_auc improved from 0.93712 to 0.94601, saving model to saved_models/best_MACSynDCR_ANN_model.keras
50/50 ???????????????????? 2s 38ms/step - acc: 0.9845 - auc: 0.9984 - loss: 0.0467 - val_acc: 0.8832 - val_auc: 0.9460 - val_loss: 0.3969
50/50 ???????????????????? 0s 5ms/step
50/50 ???????????????????? 0s 3ms/step
ANN: Accuracy: 0.8832, AUC-ROC: 0.9510
ANN: AUC-PR: 0.9512, Precision: 0.8826,
ANN Recall: 0.8892, F1 Score: 0.8859
\ANN:RMSE: 13.5647 , PCC: 0.7995
Data processing and Training of MACSynDCR_CNN model:
MACSynDCR_CNN model:
Model: "sequential_7"
????????????????????????????????????????????????????????????????????????????????????????
? Layer (type)                         ? Output Shape                ?         Param # ?
????????????????????????????????????????????????????????????????????????????????????????
¦ conv2d_9 (Conv2D)                    ¦ (None, 30, 18, 32)          ¦             320 ¦
+--------------------------------------+-----------------------------+-----------------¦
¦ max_pooling2d_9 (MaxPooling2D)       ¦ (None, 15, 9, 32)           ¦               0 ¦
+--------------------------------------+-----------------------------+-----------------¦
¦ dropout_9 (Dropout)                  ¦ (None, 15, 9, 32)           ¦               0 ¦
+--------------------------------------+-----------------------------+-----------------¦
¦ conv2d_10 (Conv2D)                   ¦ (None, 13, 7, 64)           ¦          18,496 ¦
+--------------------------------------+-----------------------------+-----------------¦
¦ max_pooling2d_10 (MaxPooling2D)      ¦ (None, 6, 3, 64)            ¦               0 ¦
+--------------------------------------+-----------------------------+-----------------¦
¦ dropout_10 (Dropout)                 ¦ (None, 6, 3, 64)            ¦               0 ¦
+--------------------------------------+-----------------------------+-----------------¦
¦ conv2d_11 (Conv2D)                   ¦ (None, 4, 1, 128)           ¦          73,856 ¦
+--------------------------------------+-----------------------------+-----------------¦
¦ max_pooling2d_11 (MaxPooling2D)      ¦ (None, 2, 1, 128)           ¦               0 ¦
+--------------------------------------+-----------------------------+-----------------¦
¦ dropout_11 (Dropout)                 ¦ (None, 2, 1, 128)           ¦               0 ¦
+--------------------------------------+-----------------------------+-----------------¦
¦ flatten_3 (Flatten)                  ¦ (None, 256)                 ¦               0 ¦
+--------------------------------------+-----------------------------+-----------------¦
¦ dense_30 (Dense)                     ¦ (None, 128)                 ¦          32,896 ¦
+--------------------------------------+-----------------------------+-----------------¦
¦ dense_31 (Dense)                     ¦ (None, 2)                   ¦             258 ¦
+--------------------------------------------------------------------------------------+
 Total params: 125,826 (491.51 KB)
 Trainable params: 125,826 (491.51 KB)
 Non-trainable params: 0 (0.00 B)
Epoch 1/10
47/50 ???????????????????? 0s 12ms/step - acc: 0.4817 - auc: 0.4809 - loss: 0.7032
Epoch 1: val_acc improved from -inf to 0.49016, saving model to saved_models/best_MACSynDCR_CNN_model.keras
50/50 ???????????????????? 3s 20ms/step - acc: 0.4829 - auc: 0.4822 - loss: 0.7027 - val_acc: 0.4902 - val_auc: 0.4956 - val_loss: 0.6934
Epoch 2/10
47/50 ???????????????????? 0s 13ms/step - acc: 0.5062 - auc: 0.5111 - loss: 0.6933
Epoch 2: val_acc improved from 0.49016 to 0.49714, saving model to saved_models/best_MACSynDCR_CNN_model.keras
50/50 ???????????????????? 1s 15ms/step - acc: 0.5065 - auc: 0.5118 - loss: 0.6932 - val_acc: 0.4971 - val_auc: 0.6082 - val_loss: 0.6901
Epoch 3/10
50/50 ???????????????????? 0s 12ms/step - acc: 0.5447 - auc: 0.5801 - loss: 0.6856
Epoch 3: val_acc improved from 0.49714 to 0.69841, saving model to saved_models/best_MACSynDCR_CNN_model.keras
50/50 ???????????????????? 1s 14ms/step - acc: 0.5453 - auc: 0.5809 - loss: 0.6854 - val_acc: 0.6984 - val_auc: 0.7708 - val_loss: 0.6161
Epoch 4/10
46/50 ???????????????????? 0s 12ms/step - acc: 0.6893 - auc: 0.7661 - loss: 0.5827
Epoch 4: val_acc improved from 0.69841 to 0.78667, saving model to saved_models/best_MACSynDCR_CNN_model.keras
50/50 ???????????????????? 1s 14ms/step - acc: 0.6929 - auc: 0.7698 - loss: 0.5788 - val_acc: 0.7867 - val_auc: 0.8658 - val_loss: 0.4599
Epoch 5/10
49/50 ???????????????????? 0s 12ms/step - acc: 0.7731 - auc: 0.8475 - loss: 0.4858
Epoch 5: val_acc improved from 0.78667 to 0.80317, saving model to saved_models/best_MACSynDCR_CNN_model.keras
50/50 ???????????????????? 1s 14ms/step - acc: 0.7734 - auc: 0.8479 - loss: 0.4852 - val_acc: 0.8032 - val_auc: 0.8918 - val_loss: 0.4227
Epoch 6/10
49/50 ???????????????????? 0s 12ms/step - acc: 0.8019 - auc: 0.8758 - loss: 0.4432
Epoch 6: val_acc improved from 0.80317 to 0.81397, saving model to saved_models/best_MACSynDCR_CNN_model.keras
50/50 ???????????????????? 1s 14ms/step - acc: 0.8020 - auc: 0.8759 - loss: 0.4429 - val_acc: 0.8140 - val_auc: 0.8999 - val_loss: 0.4046
Epoch 7/10
48/50 ???????????????????? 0s 12ms/step - acc: 0.8031 - auc: 0.8827 - loss: 0.4306
Epoch 7: val_acc improved from 0.81397 to 0.83048, saving model to saved_models/best_MACSynDCR_CNN_model.keras
50/50 ???????????????????? 1s 14ms/step - acc: 0.8039 - auc: 0.8833 - loss: 0.4297 - val_acc: 0.8305 - val_auc: 0.9074 - val_loss: 0.3862
Epoch 8/10
46/50 ???????????????????? 0s 12ms/step - acc: 0.8204 - auc: 0.9015 - loss: 0.3988
Epoch 8: val_acc did not improve from 0.83048
50/50 ???????????????????? 1s 13ms/step - acc: 0.8204 - auc: 0.9015 - loss: 0.3988 - val_acc: 0.8298 - val_auc: 0.9094 - val_loss: 0.3820
Epoch 9/10
48/50 ???????????????????? 0s 12ms/step - acc: 0.8332 - auc: 0.9098 - loss: 0.3810
Epoch 9: val_acc improved from 0.83048 to 0.83492, saving model to saved_models/best_MACSynDCR_CNN_model.keras
50/50 ???????????????????? 1s 15ms/step - acc: 0.8333 - auc: 0.9099 - loss: 0.3809 - val_acc: 0.8349 - val_auc: 0.9124 - val_loss: 0.3755
Epoch 10/10
48/50 ???????????????????? 0s 12ms/step - acc: 0.8337 - auc: 0.9152 - loss: 0.3699
Epoch 10: val_acc improved from 0.83492 to 0.84127, saving model to saved_models/best_MACSynDCR_CNN_model.keras
50/50 ???????????????????? 1s 14ms/step - acc: 0.8340 - auc: 0.9151 - loss: 0.3700 - val_acc: 0.8413 - val_auc: 0.9125 - val_loss: 0.3777
50/50 ???????????????????? 0s 3ms/step
50/50 ???????????????????? 0s 2ms/step
CNN: Accuracy: 0.8413, AUC-ROC: 0.9141
CNN: AUC-PR: 0.9129, Precision: 0.8204,
CNN Recall: 0.8817, F1 Score: 0.8499
CNN:RMSE: 15.8114 , PCC: 0.7325
Evaluation of Keras MACSynDCR_ANN model:
50/50 ???????????????????? 1s 3ms/step - acc: 0.8795 - auc: 0.9447 - loss: 0.4210
Evaluate->  Loss: 0.3969, Accuracy: 0.8832,AUC: 0.9460
50/50 ???????????????????? 0s 5ms/step
197/197 ???????????????????? 1s 3ms/step
ANN: Accuracy: 0.8832, AUC-ROC: 0.9510
ANN: AUC-PR: 0.9512, Precision: 0.8826,
ANN Recall: 0.8892, F1 Score: 0.8859
ANN:RMSE: 13.5647 , PCC: 0.7995
****************************************************************************************************
Evaluation of Keras MACSynDCR_CNN model:
50/50 ???????????????????? 1s 2ms/step - acc: 0.8305 - auc: 0.9014 - loss: 0.3970
Evaluate->  Loss: 0.3777, Accuracy: 0.8413,Accuracy: 0.9125
50/50 ???????????????????? 0s 3ms/step
197/197 ???????????????????? 0s 2ms/step
CNN: Accuracy: 0.8413, AUC-ROC: 0.9141
CNN: AUC-PR: 0.9129, Precision: 0.8204,
CNN Recall: 0.8817, F1 Score: 0.8499
CNN:RMSE: 15.8114 , PCC: 0.7325
****************************************************************************************************
Accuracy Score and AUC for ANN = AUC: 0.9418, Accuracy: 0.8743
Accuracy Score and AUC for KANN = AUC: 0.9510, Accuracy: 0.8832
Accuracy Score and AUC for KCNN = AUC: 0.9141, Accuracy: 0.8413
Average AUC = AUC: 0.9538, Accuracy: 0.8940
MAX AUC = AUC: 0.9473, Accuracy: 0.8444
Fitting 5 folds for each of 14 candidates, totalling 70 fits
Finall ensemble results of fold_4 for MACSynDCR:
----------------------------------------------------------------------------------------------------
Ensemble Accuracy: 0.8952, AUC-ROC: 0.9551
Ensemble AUC-PR: 0.9542, Precision: 0.8968,
Ensemble Recall: 0.8979, F1 Score: 0.8973
Ensemble RMSE: 12.8452 , PCC: 0.8272
----------------------------------------------------------------------------------------------------
Fold 5
Data processing and Training of MACSynDCR_ANN model:
ANN_model saved with Val_ACC: 0.4956 Val_AUC: 0.4941
fold_5: Epoch [1/10], Loss: 0.7024, Val_ACC: 0.4956, Val_AUC: 0.4941
ANN_model saved with Val_ACC: 0.7618 Val_AUC: 0.8468
ANN_model saved with Val_ACC: 0.8030 Val_AUC: 0.8881
ANN_model saved with Val_ACC: 0.8240 Val_AUC: 0.9049
ANN_model saved with Val_ACC: 0.8291 Val_AUC: 0.9173
ANN_model saved with Val_ACC: 0.8450 Val_AUC: 0.9261
ANN_model saved with Val_ACC: 0.8539 Val_AUC: 0.9330
ANN_model saved with Val_ACC: 0.8634 Val_AUC: 0.9380
ANN_model saved with Val_ACC: 0.8666 Val_AUC: 0.9415
ANN_model saved with Val_ACC: 0.8710 Val_AUC: 0.9456
Accuracy: 0.8710, AUC-ROC: 0.9456
 AUC-PR: 0.9474, Precision: 0.8744, Recall: 0.8711, F1 Score: 0.8727
RMSE: 11.9865 , PCC: 0.7993
Data processing and Training of MACSynDCR_ANN model:
MACSynDCR_ANN model:
Model: "sequential_8"
????????????????????????????????????????????????????????????????????????????????????????
? Layer (type)                         ? Output Shape                ?         Param # ?
????????????????????????????????????????????????????????????????????????????????????????
¦ dense_32 (Dense)                     ¦ (None, 2048)                ¦       1,312,768 ¦
+--------------------------------------+-----------------------------+-----------------¦
¦ batch_normalization_20               ¦ (None, 2048)                ¦           8,192 ¦
¦ (BatchNormalization)                 ¦                             ¦                 ¦
+--------------------------------------+-----------------------------+-----------------¦
¦ dense_33 (Dense)                     ¦ (None, 1024)                ¦       2,098,176 ¦
+--------------------------------------+-----------------------------+-----------------¦
¦ batch_normalization_21               ¦ (None, 1024)                ¦           4,096 ¦
¦ (BatchNormalization)                 ¦                             ¦                 ¦
+--------------------------------------+-----------------------------+-----------------¦
¦ dense_34 (Dense)                     ¦ (None, 512)                 ¦         524,800 ¦
+--------------------------------------+-----------------------------+-----------------¦
¦ batch_normalization_22               ¦ (None, 512)                 ¦           2,048 ¦
¦ (BatchNormalization)                 ¦                             ¦                 ¦
+--------------------------------------+-----------------------------+-----------------¦
¦ dense_35 (Dense)                     ¦ (None, 256)                 ¦         131,328 ¦
+--------------------------------------+-----------------------------+-----------------¦
¦ batch_normalization_23               ¦ (None, 256)                 ¦           1,024 ¦
¦ (BatchNormalization)                 ¦                             ¦                 ¦
+--------------------------------------+-----------------------------+-----------------¦
¦ dense_36 (Dense)                     ¦ (None, 128)                 ¦          32,896 ¦
+--------------------------------------+-----------------------------+-----------------¦
¦ batch_normalization_24               ¦ (None, 128)                 ¦             512 ¦
¦ (BatchNormalization)                 ¦                             ¦                 ¦
+--------------------------------------+-----------------------------+-----------------¦
¦ dense_37 (Dense)                     ¦ (None, 2)                   ¦             258 ¦
+--------------------------------------------------------------------------------------+
 Total params: 4,116,098 (15.70 MB)
 Trainable params: 4,108,162 (15.67 MB)
 Non-trainable params: 7,936 (31.00 KB)
Epoch 1/10
48/50 ???????????????????? 0s 29ms/step - acc: 0.7108 - auc: 0.7748 - loss: 0.6571
Epoch 1: val_auc improved from -inf to 0.79007, saving model to saved_models/best_MACSynDCR_ANN_model.keras
50/50 ???????????????????? 5s 44ms/step - acc: 0.7146 - auc: 0.7794 - loss: 0.6485 - val_acc: 0.7109 - val_auc: 0.7901 - val_loss: 0.5751
Epoch 2/10
48/50 ???????????????????? 0s 28ms/step - acc: 0.9157 - auc: 0.9734 - loss: 0.2147
Epoch 2: val_auc improved from 0.79007 to 0.88752, saving model to saved_models/best_MACSynDCR_ANN_model.keras
50/50 ???????????????????? 2s 37ms/step - acc: 0.9158 - auc: 0.9735 - loss: 0.2143 - val_acc: 0.8094 - val_auc: 0.8875 - val_loss: 0.4569
Epoch 3/10
48/50 ???????????????????? 0s 29ms/step - acc: 0.9634 - auc: 0.9947 - loss: 0.1043
Epoch 3: val_auc improved from 0.88752 to 0.89691, saving model to saved_models/best_MACSynDCR_ANN_model.keras
50/50 ???????????????????? 2s 38ms/step - acc: 0.9633 - auc: 0.9947 - loss: 0.1044 - val_acc: 0.8075 - val_auc: 0.8969 - val_loss: 0.4051
Epoch 4/10
50/50 ???????????????????? 0s 28ms/step - acc: 0.9683 - auc: 0.9947 - loss: 0.0927
Epoch 4: val_auc improved from 0.89691 to 0.91836, saving model to saved_models/best_MACSynDCR_ANN_model.keras
50/50 ???????????????????? 2s 37ms/step - acc: 0.9682 - auc: 0.9947 - loss: 0.0927 - val_acc: 0.8297 - val_auc: 0.9184 - val_loss: 0.3641
Epoch 5/10
50/50 ???????????????????? 0s 28ms/step - acc: 0.9700 - auc: 0.9956 - loss: 0.0845
Epoch 5: val_auc improved from 0.91836 to 0.93351, saving model to saved_models/best_MACSynDCR_ANN_model.keras
50/50 ???????????????????? 2s 37ms/step - acc: 0.9699 - auc: 0.9956 - loss: 0.0847 - val_acc: 0.8488 - val_auc: 0.9335 - val_loss: 0.3455
Epoch 6/10
49/50 ???????????????????? 0s 28ms/step - acc: 0.9753 - auc: 0.9969 - loss: 0.0700
Epoch 6: val_auc improved from 0.93351 to 0.94091, saving model to saved_models/best_MACSynDCR_ANN_model.keras
50/50 ???????????????????? 2s 38ms/step - acc: 0.9751 - auc: 0.9969 - loss: 0.0702 - val_acc: 0.8691 - val_auc: 0.9409 - val_loss: 0.3457
Epoch 7/10
50/50 ???????????????????? 0s 28ms/step - acc: 0.9715 - auc: 0.9962 - loss: 0.0755
Epoch 7: val_auc did not improve from 0.94091
50/50 ???????????????????? 2s 31ms/step - acc: 0.9715 - auc: 0.9962 - loss: 0.0756 - val_acc: 0.8424 - val_auc: 0.9199 - val_loss: 0.4746
Epoch 8/10
48/50 ???????????????????? 0s 28ms/step - acc: 0.9699 - auc: 0.9948 - loss: 0.0836
Epoch 8: val_auc did not improve from 0.94091
50/50 ???????????????????? 2s 30ms/step - acc: 0.9700 - auc: 0.9949 - loss: 0.0832 - val_acc: 0.8628 - val_auc: 0.9333 - val_loss: 0.4248
Epoch 9/10
49/50 ???????????????????? 0s 28ms/step - acc: 0.9827 - auc: 0.9987 - loss: 0.0452
Epoch 9: val_auc improved from 0.94091 to 0.94100, saving model to saved_models/best_MACSynDCR_ANN_model.keras
50/50 ???????????????????? 2s 37ms/step - acc: 0.9827 - auc: 0.9987 - loss: 0.0454 - val_acc: 0.8748 - val_auc: 0.9410 - val_loss: 0.4125
Epoch 10/10
49/50 ???????????????????? 0s 28ms/step - acc: 0.9814 - auc: 0.9970 - loss: 0.0597
Epoch 10: val_auc improved from 0.94100 to 0.94176, saving model to saved_models/best_MACSynDCR_ANN_model.keras
50/50 ???????????????????? 2s 38ms/step - acc: 0.9814 - auc: 0.9970 - loss: 0.0596 - val_acc: 0.8761 - val_auc: 0.9418 - val_loss: 0.4201
50/50 ???????????????????? 0s 5ms/step
50/50 ???????????????????? 0s 3ms/step
ANN: Accuracy: 0.8761, AUC-ROC: 0.9490
ANN: AUC-PR: 0.9503, Precision: 0.8683,
ANN Recall: 0.8911, F1 Score: 0.8796
\ANN:RMSE: 13.9642 , PCC: 0.7895
Data processing and Training of MACSynDCR_CNN model:
MACSynDCR_CNN model:
Model: "sequential_9"
????????????????????????????????????????????????????????????????????????????????????????
? Layer (type)                         ? Output Shape                ?         Param # ?
????????????????????????????????????????????????????????????????????????????????????????
¦ conv2d_12 (Conv2D)                   ¦ (None, 30, 18, 32)          ¦             320 ¦
+--------------------------------------+-----------------------------+-----------------¦
¦ max_pooling2d_12 (MaxPooling2D)      ¦ (None, 15, 9, 32)           ¦               0 ¦
+--------------------------------------+-----------------------------+-----------------¦
¦ dropout_12 (Dropout)                 ¦ (None, 15, 9, 32)           ¦               0 ¦
+--------------------------------------+-----------------------------+-----------------¦
¦ conv2d_13 (Conv2D)                   ¦ (None, 13, 7, 64)           ¦          18,496 ¦
+--------------------------------------+-----------------------------+-----------------¦
¦ max_pooling2d_13 (MaxPooling2D)      ¦ (None, 6, 3, 64)            ¦               0 ¦
+--------------------------------------+-----------------------------+-----------------¦
¦ dropout_13 (Dropout)                 ¦ (None, 6, 3, 64)            ¦               0 ¦
+--------------------------------------+-----------------------------+-----------------¦
¦ conv2d_14 (Conv2D)                   ¦ (None, 4, 1, 128)           ¦          73,856 ¦
+--------------------------------------+-----------------------------+-----------------¦
¦ max_pooling2d_14 (MaxPooling2D)      ¦ (None, 2, 1, 128)           ¦               0 ¦
+--------------------------------------+-----------------------------+-----------------¦
¦ dropout_14 (Dropout)                 ¦ (None, 2, 1, 128)           ¦               0 ¦
+--------------------------------------+-----------------------------+-----------------¦
¦ flatten_4 (Flatten)                  ¦ (None, 256)                 ¦               0 ¦
+--------------------------------------+-----------------------------+-----------------¦
¦ dense_38 (Dense)                     ¦ (None, 128)                 ¦          32,896 ¦
+--------------------------------------+-----------------------------+-----------------¦
¦ dense_39 (Dense)                     ¦ (None, 2)                   ¦             258 ¦
+--------------------------------------------------------------------------------------+
 Total params: 125,826 (491.51 KB)
 Trainable params: 125,826 (491.51 KB)
 Non-trainable params: 0 (0.00 B)
Epoch 1/10
48/50 ???????????????????? 0s 13ms/step - acc: 0.5037 - auc: 0.5047 - loss: 0.6960
Epoch 1: val_acc improved from -inf to 0.50762, saving model to saved_models/best_MACSynDCR_CNN_model.keras
50/50 ???????????????????? 3s 20ms/step - acc: 0.5037 - auc: 0.5049 - loss: 0.6959 - val_acc: 0.5076 - val_auc: 0.5797 - val_loss: 0.6914
Epoch 2/10
49/50 ???????????????????? 0s 12ms/step - acc: 0.5404 - auc: 0.5641 - loss: 0.6886
Epoch 2: val_acc improved from 0.50762 to 0.64104, saving model to saved_models/best_MACSynDCR_CNN_model.keras
50/50 ???????????????????? 1s 15ms/step - acc: 0.5411 - auc: 0.5651 - loss: 0.6884 - val_acc: 0.6410 - val_auc: 0.7266 - val_loss: 0.6478
Epoch 3/10
49/50 ???????????????????? 0s 13ms/step - acc: 0.6576 - auc: 0.7217 - loss: 0.6244
Epoch 3: val_acc improved from 0.64104 to 0.77001, saving model to saved_models/best_MACSynDCR_CNN_model.keras
50/50 ???????????????????? 1s 15ms/step - acc: 0.6591 - auc: 0.7234 - loss: 0.6230 - val_acc: 0.7700 - val_auc: 0.8430 - val_loss: 0.4973
Epoch 4/10
48/50 ???????????????????? 0s 12ms/step - acc: 0.7539 - auc: 0.8303 - loss: 0.5088
Epoch 4: val_acc improved from 0.77001 to 0.79479, saving model to saved_models/best_MACSynDCR_CNN_model.keras
50/50 ???????????????????? 1s 15ms/step - acc: 0.7545 - auc: 0.8310 - loss: 0.5080 - val_acc: 0.7948 - val_auc: 0.8805 - val_loss: 0.4384
Epoch 5/10
48/50 ???????????????????? 0s 12ms/step - acc: 0.7889 - auc: 0.8725 - loss: 0.4484
Epoch 5: val_acc improved from 0.79479 to 0.80305, saving model to saved_models/best_MACSynDCR_CNN_model.keras
50/50 ???????????????????? 1s 14ms/step - acc: 0.7887 - auc: 0.8722 - loss: 0.4489 - val_acc: 0.8030 - val_auc: 0.8860 - val_loss: 0.4313
Epoch 6/10
49/50 ???????????????????? 0s 12ms/step - acc: 0.8015 - auc: 0.8810 - loss: 0.4347
Epoch 6: val_acc improved from 0.80305 to 0.81131, saving model to saved_models/best_MACSynDCR_CNN_model.keras
50/50 ???????????????????? 1s 15ms/step - acc: 0.8015 - auc: 0.8810 - loss: 0.4347 - val_acc: 0.8113 - val_auc: 0.8949 - val_loss: 0.4150
Epoch 7/10
48/50 ???????????????????? 0s 13ms/step - acc: 0.8235 - auc: 0.9007 - loss: 0.4012
Epoch 7: val_acc improved from 0.81131 to 0.82529, saving model to saved_models/best_MACSynDCR_CNN_model.keras
50/50 ???????????????????? 1s 15ms/step - acc: 0.8232 - auc: 0.9004 - loss: 0.4016 - val_acc: 0.8253 - val_auc: 0.9009 - val_loss: 0.4044
Epoch 8/10
46/50 ???????????????????? 0s 13ms/step - acc: 0.8200 - auc: 0.8971 - loss: 0.4065
Epoch 8: val_acc did not improve from 0.82529
50/50 ???????????????????? 1s 14ms/step - acc: 0.8199 - auc: 0.8973 - loss: 0.4061 - val_acc: 0.8227 - val_auc: 0.9062 - val_loss: 0.3891
Epoch 9/10
49/50 ???????????????????? 0s 13ms/step - acc: 0.8350 - auc: 0.9137 - loss: 0.3739
Epoch 9: val_acc improved from 0.82529 to 0.83037, saving model to saved_models/best_MACSynDCR_CNN_model.keras
50/50 ???????????????????? 1s 15ms/step - acc: 0.8348 - auc: 0.9136 - loss: 0.3742 - val_acc: 0.8304 - val_auc: 0.9095 - val_loss: 0.3821
Epoch 10/10
47/50 ???????????????????? 0s 13ms/step - acc: 0.8406 - auc: 0.9152 - loss: 0.3707
Epoch 10: val_acc did not improve from 0.83037
50/50 ???????????????????? 1s 14ms/step - acc: 0.8406 - auc: 0.9152 - loss: 0.3707 - val_acc: 0.8240 - val_auc: 0.9096 - val_loss: 0.3827
50/50 ???????????????????? 0s 3ms/step
50/50 ???????????????????? 0s 2ms/step
CNN: Accuracy: 0.8304, AUC-ROC: 0.9100
CNN: AUC-PR: 0.9086, Precision: 0.8410,
CNN Recall: 0.8210, F1 Score: 0.8309
CNN:RMSE: 16.3401 , PCC: 0.7218
Evaluation of Keras MACSynDCR_ANN model:
50/50 ???????????????????? 1s 3ms/step - acc: 0.8910 - auc: 0.9481 - loss: 0.3972
Evaluate->  Loss: 0.4201, Accuracy: 0.8761,AUC: 0.9418
50/50 ???????????????????? 0s 5ms/step
197/197 ???????????????????? 1s 3ms/step
ANN: Accuracy: 0.8761, AUC-ROC: 0.9490
ANN: AUC-PR: 0.9503, Precision: 0.8683,
ANN Recall: 0.8911, F1 Score: 0.8796
ANN:RMSE: 13.9642 , PCC: 0.7895
****************************************************************************************************
Evaluation of Keras MACSynDCR_CNN model:
50/50 ???????????????????? 1s 2ms/step - acc: 0.8370 - auc: 0.9181 - loss: 0.3654
Evaluate->  Loss: 0.3821, Accuracy: 0.8304,Accuracy: 0.9095
50/50 ???????????????????? 0s 3ms/step
197/197 ???????????????????? 0s 2ms/step
CNN: Accuracy: 0.8304, AUC-ROC: 0.9100
CNN: AUC-PR: 0.9086, Precision: 0.8410,
CNN Recall: 0.8210, F1 Score: 0.8309
CNN:RMSE: 16.3401 , PCC: 0.7218
****************************************************************************************************
Accuracy Score and AUC for ANN = AUC: 0.9456, Accuracy: 0.8710
Accuracy Score and AUC for KANN = AUC: 0.9490, Accuracy: 0.8761
Accuracy Score and AUC for KCNN = AUC: 0.9100, Accuracy: 0.8304
Average AUC = AUC: 0.9539, Accuracy: 0.8863
MAX AUC = AUC: 0.9443, Accuracy: 0.8488
Fitting 5 folds for each of 14 candidates, totalling 70 fits
Finall ensemble results of fold_5 for MACSynDCR:
----------------------------------------------------------------------------------------------------
Ensemble Accuracy: 0.8945, AUC-ROC: 0.9565
Ensemble AUC-PR: 0.9584, Precision: 0.8932,
Ensemble Recall: 0.8999, F1 Score: 0.8965
Ensemble RMSE: 12.8841 , PCC: 0.8235
----------------------------------------------------------------------------------------------------
****************************************************************************************************
*           Final MACSynCDR Results:
****************************************************************************************************
 AUC: 0.9517 ± 0.0042
 Accuracy: 0.8879 ± 0.0059
 AUC-PR: 0.9496 ± 0.0060
 Precision: 0.8835 ± 0.0101
 Recall: 0.8927 ± 0.0065
 F1: 0.8880 ± 0.0073
 RMSE: 13.2844 ± 0.3530
 PCC: 0.8147 ± 0.0095
Max AUC: 0.9565
Max ACC: 0.8952
Max AUC-PR: 0.9584
Max Precision: 0.8968
Max Reacall: 0.8999
Max F1: 0.8973
MIN RMSE: 12.8452
Max PCC: 0.8272[2025-08-21 18:14:47] Fold 1
[2025-08-21 18:14:47] ----------------------------------------------------------------------------------------------------
[2025-08-21 18:14:48] ANN_model saved with Val_ACC: 0.4756
[2025-08-21 18:14:48] ----------------------------------------------------------------------------------------------------
[2025-08-21 18:14:48] fold_1: Epoch [1/10], Loss: 0.7075, ACC: 0.4756, AUC: 0.4676
[2025-08-21 18:14:48] ANN_model saved with Val_ACC: 0.7613
[2025-08-21 18:14:48] ----------------------------------------------------------------------------------------------------
[2025-08-21 18:14:49] ANN_model saved with Val_ACC: 0.7937
[2025-08-21 18:14:49] ----------------------------------------------------------------------------------------------------
[2025-08-21 18:14:49] ANN_model saved with Val_ACC: 0.8063
[2025-08-21 18:14:49] ----------------------------------------------------------------------------------------------------
[2025-08-21 18:14:49] ANN_model saved with Val_ACC: 0.8146
[2025-08-21 18:14:49] ----------------------------------------------------------------------------------------------------
[2025-08-21 18:14:49] ANN_model saved with Val_ACC: 0.8222
[2025-08-21 18:14:49] ----------------------------------------------------------------------------------------------------
[2025-08-21 18:14:50] ANN_model saved with Val_ACC: 0.8311
[2025-08-21 18:14:50] ----------------------------------------------------------------------------------------------------
[2025-08-21 18:14:50] ANN_model saved with Val_ACC: 0.8356
[2025-08-21 18:14:50] ----------------------------------------------------------------------------------------------------
[2025-08-21 18:14:50] ANN_model saved with Val_ACC: 0.8425
[2025-08-21 18:14:50] ----------------------------------------------------------------------------------------------------
[2025-08-21 18:14:50] ANN_model saved with Val_ACC: 0.8508
[2025-08-21 18:14:50] ----------------------------------------------------------------------------------------------------
[2025-08-21 18:15:28] Finall ensemble results of fold_1 for MACSynDCR:
[2025-08-21 18:15:28] ----------------------------------------------------------------------------------------------------
[2025-08-21 18:15:28] Ensemble Accuracy: 0.8781, AUC-ROC: 0.9435, 
Ensemble AUC-PR: 0.9422, Precision: 0.8912, 
Ensemble Recall: 0.8593, F1 Score: 0.8750, 
Ensemble RMSE: 13.8564
[2025-08-21 18:15:28] ----------------------------------------------------------------------------------------------------
[2025-08-21 18:15:28] Fold 2
[2025-08-21 18:15:28] ----------------------------------------------------------------------------------------------------
[2025-08-21 18:15:28] ANN_model saved with Val_ACC: 0.5365
[2025-08-21 18:15:28] ----------------------------------------------------------------------------------------------------
[2025-08-21 18:15:28] fold_2: Epoch [1/10], Loss: 0.6948, ACC: 0.5365, AUC: 0.5329
[2025-08-21 18:15:28] ANN_model saved with Val_ACC: 0.7765
[2025-08-21 18:15:28] ----------------------------------------------------------------------------------------------------
[2025-08-21 18:15:28] ANN_model saved with Val_ACC: 0.8102
[2025-08-21 18:15:28] ----------------------------------------------------------------------------------------------------
[2025-08-21 18:15:29] ANN_model saved with Val_ACC: 0.8190
[2025-08-21 18:15:29] ----------------------------------------------------------------------------------------------------
[2025-08-21 18:15:29] ANN_model saved with Val_ACC: 0.8317
[2025-08-21 18:15:29] ----------------------------------------------------------------------------------------------------
[2025-08-21 18:15:29] ANN_model saved with Val_ACC: 0.8432
[2025-08-21 18:15:29] ----------------------------------------------------------------------------------------------------
[2025-08-21 18:15:29] ANN_model saved with Val_ACC: 0.8489
[2025-08-21 18:15:29] ----------------------------------------------------------------------------------------------------
[2025-08-21 18:15:29] ANN_model saved with Val_ACC: 0.8590
[2025-08-21 18:15:29] ----------------------------------------------------------------------------------------------------
[2025-08-21 18:15:30] ANN_model saved with Val_ACC: 0.8679
[2025-08-21 18:15:30] ----------------------------------------------------------------------------------------------------
[2025-08-21 18:16:08] Finall ensemble results of fold_2 for MACSynDCR:
[2025-08-21 18:16:08] ----------------------------------------------------------------------------------------------------
[2025-08-21 18:16:08] Ensemble Accuracy: 0.8743, AUC-ROC: 0.9462, 
Ensemble AUC-PR: 0.9400, Precision: 0.8761, 
Ensemble Recall: 0.8671, F1 Score: 0.8716, 
Ensemble RMSE: 14.0712
[2025-08-21 18:16:08] ----------------------------------------------------------------------------------------------------
[2025-08-21 18:16:08] Fold 3
[2025-08-21 18:16:08] ----------------------------------------------------------------------------------------------------
[2025-08-21 18:16:08] ANN_model saved with Val_ACC: 0.5117
[2025-08-21 18:16:08] ----------------------------------------------------------------------------------------------------
[2025-08-21 18:16:08] fold_3: Epoch [1/10], Loss: 0.6990, ACC: 0.5117, AUC: 0.5169
[2025-08-21 18:16:08] ANN_model saved with Val_ACC: 0.7733
[2025-08-21 18:16:08] ----------------------------------------------------------------------------------------------------
[2025-08-21 18:16:09] ANN_model saved with Val_ACC: 0.7949
[2025-08-21 18:16:09] ----------------------------------------------------------------------------------------------------
[2025-08-21 18:16:09] ANN_model saved with Val_ACC: 0.8070
[2025-08-21 18:16:09] ----------------------------------------------------------------------------------------------------
[2025-08-21 18:16:09] ANN_model saved with Val_ACC: 0.8254
[2025-08-21 18:16:09] ----------------------------------------------------------------------------------------------------
[2025-08-21 18:16:10] ANN_model saved with Val_ACC: 0.8432
[2025-08-21 18:16:10] ----------------------------------------------------------------------------------------------------
[2025-08-21 18:16:10] ANN_model saved with Val_ACC: 0.8521
[2025-08-21 18:16:10] ----------------------------------------------------------------------------------------------------
[2025-08-21 18:16:10] ANN_model saved with Val_ACC: 0.8641
[2025-08-21 18:16:10] ----------------------------------------------------------------------------------------------------
[2025-08-21 18:16:10] ANN_model saved with Val_ACC: 0.8654
[2025-08-21 18:16:10] ----------------------------------------------------------------------------------------------------
[2025-08-21 18:16:11] ANN_model saved with Val_ACC: 0.8711
[2025-08-21 18:16:11] ----------------------------------------------------------------------------------------------------
[2025-08-21 18:16:49] Finall ensemble results of fold_3 for MACSynDCR:
[2025-08-21 18:16:49] ----------------------------------------------------------------------------------------------------
[2025-08-21 18:16:49] Ensemble Accuracy: 0.8889, AUC-ROC: 0.9588, 
Ensemble AUC-PR: 0.9554, Precision: 0.8885, 
Ensemble Recall: 0.8827, F1 Score: 0.8855, 
Ensemble RMSE: 13.2288
[2025-08-21 18:16:49] ----------------------------------------------------------------------------------------------------
[2025-08-21 18:16:49] Fold 4
[2025-08-21 18:16:49] ----------------------------------------------------------------------------------------------------
[2025-08-21 18:16:50] ANN_model saved with Val_ACC: 0.4876
[2025-08-21 18:16:50] ----------------------------------------------------------------------------------------------------
[2025-08-21 18:16:50] fold_4: Epoch [1/10], Loss: 0.7000, ACC: 0.4876, AUC: 0.4842
[2025-08-21 18:16:50] ANN_model saved with Val_ACC: 0.7746
[2025-08-21 18:16:50] ----------------------------------------------------------------------------------------------------
[2025-08-21 18:16:50] ANN_model saved with Val_ACC: 0.8000
[2025-08-21 18:16:50] ----------------------------------------------------------------------------------------------------
[2025-08-21 18:16:50] ANN_model saved with Val_ACC: 0.8095
[2025-08-21 18:16:50] ----------------------------------------------------------------------------------------------------
[2025-08-21 18:16:51] ANN_model saved with Val_ACC: 0.8235
[2025-08-21 18:16:51] ----------------------------------------------------------------------------------------------------
[2025-08-21 18:16:51] ANN_model saved with Val_ACC: 0.8375
[2025-08-21 18:16:51] ----------------------------------------------------------------------------------------------------
[2025-08-21 18:16:51] ANN_model saved with Val_ACC: 0.8521
[2025-08-21 18:16:51] ----------------------------------------------------------------------------------------------------
[2025-08-21 18:16:51] ANN_model saved with Val_ACC: 0.8597
[2025-08-21 18:16:51] ----------------------------------------------------------------------------------------------------
[2025-08-21 18:16:52] ANN_model saved with Val_ACC: 0.8648
[2025-08-21 18:16:52] ----------------------------------------------------------------------------------------------------
[2025-08-21 18:16:52] ANN_model saved with Val_ACC: 0.8717
[2025-08-21 18:16:52] ----------------------------------------------------------------------------------------------------
[2025-08-21 18:17:30] Finall ensemble results of fold_4 for MACSynDCR:
[2025-08-21 18:17:30] ----------------------------------------------------------------------------------------------------
[2025-08-21 18:17:30] Ensemble Accuracy: 0.8883, AUC-ROC: 0.9526, 
Ensemble AUC-PR: 0.9541, Precision: 0.8904, 
Ensemble Recall: 0.8904, F1 Score: 0.8904, 
Ensemble RMSE: 13.2665
[2025-08-21 18:17:30] ----------------------------------------------------------------------------------------------------
[2025-08-21 18:17:30] Fold 5
[2025-08-21 18:17:30] ----------------------------------------------------------------------------------------------------
[2025-08-21 18:17:30] ANN_model saved with Val_ACC: 0.4873
[2025-08-21 18:17:30] ----------------------------------------------------------------------------------------------------
[2025-08-21 18:17:30] fold_5: Epoch [1/10], Loss: 0.7024, ACC: 0.4873, AUC: 0.4992
[2025-08-21 18:17:30] ANN_model saved with Val_ACC: 0.7656
[2025-08-21 18:17:30] ----------------------------------------------------------------------------------------------------
[2025-08-21 18:17:31] ANN_model saved with Val_ACC: 0.8043
[2025-08-21 18:17:31] ----------------------------------------------------------------------------------------------------
[2025-08-21 18:17:31] ANN_model saved with Val_ACC: 0.8164
[2025-08-21 18:17:31] ----------------------------------------------------------------------------------------------------
[2025-08-21 18:17:31] ANN_model saved with Val_ACC: 0.8380
[2025-08-21 18:17:31] ----------------------------------------------------------------------------------------------------
[2025-08-21 18:17:31] ANN_model saved with Val_ACC: 0.8456
[2025-08-21 18:17:31] ----------------------------------------------------------------------------------------------------
[2025-08-21 18:17:31] ANN_model saved with Val_ACC: 0.8494
[2025-08-21 18:17:31] ----------------------------------------------------------------------------------------------------
[2025-08-21 18:17:32] ANN_model saved with Val_ACC: 0.8596
[2025-08-21 18:17:32] ----------------------------------------------------------------------------------------------------
[2025-08-21 18:17:32] ANN_model saved with Val_ACC: 0.8685
[2025-08-21 18:17:32] ----------------------------------------------------------------------------------------------------
[2025-08-21 18:17:32] ANN_model saved with Val_ACC: 0.8698
[2025-08-21 18:17:32] ----------------------------------------------------------------------------------------------------
[2025-08-21 18:18:10] Finall ensemble results of fold_5 for MACSynDCR:
[2025-08-21 18:18:10] ----------------------------------------------------------------------------------------------------
[2025-08-21 18:18:10] Ensemble Accuracy: 0.8914, AUC-ROC: 0.9525, 
Ensemble AUC-PR: 0.9539, Precision: 0.8985, 
Ensemble Recall: 0.8861, F1 Score: 0.8922, 
Ensemble RMSE: 13.0767
[2025-08-21 18:18:10] ----------------------------------------------------------------------------------------------------
[2025-08-21 18:18:10] ****************************************************************************************************
[2025-08-21 18:18:10] *          Final MACSynCDR Results:
[2025-08-21 18:18:10] ****************************************************************************************************
[2025-08-21 18:18:10]  AUC: 0.9507 ± 0.0054
[2025-08-21 18:18:10]  Accuracy: 0.8842 ± 0.0067
[2025-08-21 18:18:10]  AUC-PR: 0.9491 ± 0.0066
[2025-08-21 18:18:10]  Precision: 0.8889 ± 0.0072
[2025-08-21 18:18:10]  Recall: 0.8771 ± 0.0119
[2025-08-21 18:18:10]  F1: 0.8830 ± 0.0083
[2025-08-21 18:18:10]  RMSE: 13.4999 ± 0.3900
[2025-08-21 18:18:10]  PCC: 0.8110 ± 0.0112
