[2025-08-20 17:40:48] Fold 1
[2025-08-20 17:40:48] ----------------------------------------------------------------------------------------------------
[2025-08-20 17:40:49] ANN_model saved with Val_ACC: 0.5029
[2025-08-20 17:40:49] ----------------------------------------------------------------------------------------------------
[2025-08-20 17:40:49] fold_1: Epoch [1/100], Loss: 0.7066, ACC: 0.5029, AUC: 0.4873
[2025-08-20 17:40:50] ANN_model saved with Val_ACC: 0.7403
[2025-08-20 17:40:50] ----------------------------------------------------------------------------------------------------
[2025-08-20 17:40:50] ANN_model saved with Val_ACC: 0.7911
[2025-08-20 17:40:50] ----------------------------------------------------------------------------------------------------
[2025-08-20 17:40:50] ANN_model saved with Val_ACC: 0.8070
[2025-08-20 17:40:50] ----------------------------------------------------------------------------------------------------
[2025-08-20 17:40:51] ANN_model saved with Val_ACC: 0.8184
[2025-08-20 17:40:51] ----------------------------------------------------------------------------------------------------
[2025-08-20 17:40:51] ANN_model saved with Val_ACC: 0.8254
[2025-08-20 17:40:51] ----------------------------------------------------------------------------------------------------
[2025-08-20 17:40:52] ANN_model saved with Val_ACC: 0.8337
[2025-08-20 17:40:52] ----------------------------------------------------------------------------------------------------
[2025-08-20 17:40:52] ANN_model saved with Val_ACC: 0.8444
[2025-08-20 17:40:52] ----------------------------------------------------------------------------------------------------
[2025-08-20 17:40:53] ANN_model saved with Val_ACC: 0.8546
[2025-08-20 17:40:53] ----------------------------------------------------------------------------------------------------
[2025-08-20 17:40:53] ANN_model saved with Val_ACC: 0.8603
[2025-08-20 17:40:53] ----------------------------------------------------------------------------------------------------
[2025-08-20 17:40:53] ANN_model saved with Val_ACC: 0.8648
[2025-08-20 17:40:53] ----------------------------------------------------------------------------------------------------
[2025-08-20 17:40:54] ANN_model saved with Val_ACC: 0.8667
[2025-08-20 17:40:54] ----------------------------------------------------------------------------------------------------
[2025-08-20 17:40:54] ANN_model saved with Val_ACC: 0.8705
[2025-08-20 17:40:54] ----------------------------------------------------------------------------------------------------
[2025-08-20 17:40:54] ANN_model saved with Val_ACC: 0.8749
[2025-08-20 17:40:54] ----------------------------------------------------------------------------------------------------
[2025-08-20 17:40:55] ANN_model saved with Val_ACC: 0.8775
[2025-08-20 17:40:55] ----------------------------------------------------------------------------------------------------
[2025-08-20 17:40:55] ANN_model saved with Val_ACC: 0.8825
[2025-08-20 17:40:55] ----------------------------------------------------------------------------------------------------
[2025-08-20 17:40:57] ANN_model saved with Val_ACC: 0.8857
[2025-08-20 17:40:57] ----------------------------------------------------------------------------------------------------
[2025-08-20 17:40:57] fold_1: Epoch [21/100], Loss: 0.3454, ACC: 0.8832, AUC: 0.9429
[2025-08-20 17:40:57] ANN_model saved with Val_ACC: 0.8870
[2025-08-20 17:40:57] ----------------------------------------------------------------------------------------------------
[2025-08-20 17:40:58] ANN_model saved with Val_ACC: 0.8908
[2025-08-20 17:40:58] ----------------------------------------------------------------------------------------------------
[2025-08-20 17:41:00] ANN_model saved with Val_ACC: 0.8914
[2025-08-20 17:41:00] ----------------------------------------------------------------------------------------------------
[2025-08-20 17:41:02] fold_1: Epoch [41/100], Loss: 0.3209, ACC: 0.8844, AUC: 0.9532
[2025-08-20 17:41:05] ANN_model saved with Val_ACC: 0.8940
[2025-08-20 17:41:05] ----------------------------------------------------------------------------------------------------
[2025-08-20 17:41:06] ANN_model saved with Val_ACC: 0.8946
[2025-08-20 17:41:06] ----------------------------------------------------------------------------------------------------
[2025-08-20 17:41:07] fold_1: Epoch [61/100], Loss: 0.3171, ACC: 0.8857, AUC: 0.9535
[2025-08-20 17:41:09] ANN_model saved with Val_ACC: 0.8952
[2025-08-20 17:41:09] ----------------------------------------------------------------------------------------------------
[2025-08-20 17:41:12] fold_1: Epoch [81/100], Loss: 0.3158, ACC: 0.8889, AUC: 0.9533
[2025-08-20 17:41:16] ANN_model saved with Val_ACC: 0.8959
[2025-08-20 17:41:16] ----------------------------------------------------------------------------------------------------
[2025-08-20 17:41:38] Fold 1
[2025-08-20 17:41:38] ----------------------------------------------------------------------------------------------------
[2025-08-20 17:41:39] ANN_model saved with Val_ACC: 0.5162
[2025-08-20 17:41:39] ----------------------------------------------------------------------------------------------------
[2025-08-20 17:41:39] fold_1: Epoch [1/50], Loss: 0.7010, ACC: 0.5162, AUC: 0.5446
[2025-08-20 17:41:40] ANN_model saved with Val_ACC: 0.7473
[2025-08-20 17:41:40] ----------------------------------------------------------------------------------------------------
[2025-08-20 17:41:40] ANN_model saved with Val_ACC: 0.7949
[2025-08-20 17:41:40] ----------------------------------------------------------------------------------------------------
[2025-08-20 17:41:41] ANN_model saved with Val_ACC: 0.8089
[2025-08-20 17:41:41] ----------------------------------------------------------------------------------------------------
[2025-08-20 17:41:41] ANN_model saved with Val_ACC: 0.8229
[2025-08-20 17:41:41] ----------------------------------------------------------------------------------------------------
[2025-08-20 17:41:41] ANN_model saved with Val_ACC: 0.8286
[2025-08-20 17:41:41] ----------------------------------------------------------------------------------------------------
[2025-08-20 17:41:42] ANN_model saved with Val_ACC: 0.8394
[2025-08-20 17:41:42] ----------------------------------------------------------------------------------------------------
[2025-08-20 17:41:42] ANN_model saved with Val_ACC: 0.8527
[2025-08-20 17:41:42] ----------------------------------------------------------------------------------------------------
[2025-08-20 17:41:43] ANN_model saved with Val_ACC: 0.8641
[2025-08-20 17:41:43] ----------------------------------------------------------------------------------------------------
[2025-08-20 17:41:43] ANN_model saved with Val_ACC: 0.8686
[2025-08-20 17:41:43] ----------------------------------------------------------------------------------------------------
[2025-08-20 17:41:44] ANN_model saved with Val_ACC: 0.8724
[2025-08-20 17:41:44] ----------------------------------------------------------------------------------------------------
[2025-08-20 17:41:44] ANN_model saved with Val_ACC: 0.8749
[2025-08-20 17:41:44] ----------------------------------------------------------------------------------------------------
[2025-08-20 17:41:45] ANN_model saved with Val_ACC: 0.8813
[2025-08-20 17:41:45] ----------------------------------------------------------------------------------------------------
[2025-08-20 17:41:47] ANN_model saved with Val_ACC: 0.8832
[2025-08-20 17:41:47] ----------------------------------------------------------------------------------------------------
[2025-08-20 17:41:47] ANN_model saved with Val_ACC: 0.8883
[2025-08-20 17:41:47] ----------------------------------------------------------------------------------------------------
[2025-08-20 17:41:48] fold_1: Epoch [21/50], Loss: 0.3441, ACC: 0.8832, AUC: 0.9490
[2025-08-20 17:41:48] ANN_model saved with Val_ACC: 0.8902
[2025-08-20 17:41:48] ----------------------------------------------------------------------------------------------------
[2025-08-20 17:41:49] ANN_model saved with Val_ACC: 0.8946
[2025-08-20 17:41:49] ----------------------------------------------------------------------------------------------------
[2025-08-20 17:41:52] ANN_model saved with Val_ACC: 0.8959
[2025-08-20 17:41:52] ----------------------------------------------------------------------------------------------------
[2025-08-20 17:41:54] ANN_model saved with Val_ACC: 0.8984
[2025-08-20 17:41:54] ----------------------------------------------------------------------------------------------------
[2025-08-20 17:41:54] fold_1: Epoch [41/50], Loss: 0.3216, ACC: 0.8984, AUC: 0.9531
[2025-08-20 17:46:29] Finall ensemble results of fold_1 for MACSynDCR:
[2025-08-20 17:46:29] ----------------------------------------------------------------------------------------------------
[2025-08-20 17:46:29] Ensemble Accuracy: 0.8997, AUC-ROC: 0.9630, 
Ensemble AUC-PR: 0.9620, Precision: 0.8990, 
Ensemble Recall: 0.8990, F1 Score: 0.8990, 
Ensemble RMSE: 12.5698
[2025-08-20 17:46:29] ----------------------------------------------------------------------------------------------------
[2025-08-20 17:46:29] Fold 2
[2025-08-20 17:46:29] ----------------------------------------------------------------------------------------------------
[2025-08-20 17:46:30] ANN_model saved with Val_ACC: 0.5156
[2025-08-20 17:46:30] ----------------------------------------------------------------------------------------------------
[2025-08-20 17:46:30] fold_2: Epoch [1/50], Loss: 0.6952, ACC: 0.5156, AUC: 0.5223
[2025-08-20 17:46:30] ANN_model saved with Val_ACC: 0.7803
[2025-08-20 17:46:30] ----------------------------------------------------------------------------------------------------
[2025-08-20 17:46:30] ANN_model saved with Val_ACC: 0.8190
[2025-08-20 17:46:30] ----------------------------------------------------------------------------------------------------
[2025-08-20 17:46:31] ANN_model saved with Val_ACC: 0.8337
[2025-08-20 17:46:31] ----------------------------------------------------------------------------------------------------
[2025-08-20 17:46:31] ANN_model saved with Val_ACC: 0.8451
[2025-08-20 17:46:31] ----------------------------------------------------------------------------------------------------
[2025-08-20 17:46:31] ANN_model saved with Val_ACC: 0.8546
[2025-08-20 17:46:31] ----------------------------------------------------------------------------------------------------
[2025-08-20 17:46:32] ANN_model saved with Val_ACC: 0.8590
[2025-08-20 17:46:32] ----------------------------------------------------------------------------------------------------
[2025-08-20 17:46:32] ANN_model saved with Val_ACC: 0.8603
[2025-08-20 17:46:32] ----------------------------------------------------------------------------------------------------
[2025-08-20 17:46:33] ANN_model saved with Val_ACC: 0.8660
[2025-08-20 17:46:33] ----------------------------------------------------------------------------------------------------
[2025-08-20 17:46:33] ANN_model saved with Val_ACC: 0.8724
[2025-08-20 17:46:33] ----------------------------------------------------------------------------------------------------
[2025-08-20 17:46:33] ANN_model saved with Val_ACC: 0.8762
[2025-08-20 17:46:33] ----------------------------------------------------------------------------------------------------
[2025-08-20 17:46:34] ANN_model saved with Val_ACC: 0.8832
[2025-08-20 17:46:34] ----------------------------------------------------------------------------------------------------
[2025-08-20 17:46:35] ANN_model saved with Val_ACC: 0.8902
[2025-08-20 17:46:35] ----------------------------------------------------------------------------------------------------
[2025-08-20 17:46:35] ANN_model saved with Val_ACC: 0.8921
[2025-08-20 17:46:35] ----------------------------------------------------------------------------------------------------
[2025-08-20 17:46:35] ANN_model saved with Val_ACC: 0.8984
[2025-08-20 17:46:35] ----------------------------------------------------------------------------------------------------
[2025-08-20 17:46:36] fold_2: Epoch [21/50], Loss: 0.3402, ACC: 0.8965, AUC: 0.9562
[2025-08-20 17:46:37] ANN_model saved with Val_ACC: 0.8990
[2025-08-20 17:46:37] ----------------------------------------------------------------------------------------------------
[2025-08-20 17:46:41] fold_2: Epoch [41/50], Loss: 0.3207, ACC: 0.8927, AUC: 0.9570
[2025-08-20 17:51:13] Finall ensemble results of fold_2 for MACSynDCR:
[2025-08-20 17:51:13] ----------------------------------------------------------------------------------------------------
[2025-08-20 17:51:13] Ensemble Accuracy: 0.9137, AUC-ROC: 0.9657, 
Ensemble AUC-PR: 0.9643, Precision: 0.9166, 
Ensemble Recall: 0.9071, F1 Score: 0.9118, 
Ensemble RMSE: 11.6619
[2025-08-20 17:51:13] ----------------------------------------------------------------------------------------------------
[2025-08-20 17:51:13] Fold 3
[2025-08-20 17:51:13] ----------------------------------------------------------------------------------------------------
[2025-08-20 17:51:14] ANN_model saved with Val_ACC: 0.4806
[2025-08-20 17:51:14] ----------------------------------------------------------------------------------------------------
[2025-08-20 17:51:14] fold_3: Epoch [1/50], Loss: 0.7063, ACC: 0.4806, AUC: 0.4721
[2025-08-20 17:51:14] ANN_model saved with Val_ACC: 0.7683
[2025-08-20 17:51:14] ----------------------------------------------------------------------------------------------------
[2025-08-20 17:51:15] ANN_model saved with Val_ACC: 0.8121
[2025-08-20 17:51:15] ----------------------------------------------------------------------------------------------------
[2025-08-20 17:51:15] ANN_model saved with Val_ACC: 0.8362
[2025-08-20 17:51:15] ----------------------------------------------------------------------------------------------------
[2025-08-20 17:51:15] ANN_model saved with Val_ACC: 0.8444
[2025-08-20 17:51:15] ----------------------------------------------------------------------------------------------------
[2025-08-20 17:51:16] ANN_model saved with Val_ACC: 0.8521
[2025-08-20 17:51:16] ----------------------------------------------------------------------------------------------------
[2025-08-20 17:51:16] ANN_model saved with Val_ACC: 0.8559
[2025-08-20 17:51:16] ----------------------------------------------------------------------------------------------------
[2025-08-20 17:51:16] ANN_model saved with Val_ACC: 0.8667
[2025-08-20 17:51:16] ----------------------------------------------------------------------------------------------------
[2025-08-20 17:51:17] ANN_model saved with Val_ACC: 0.8705
[2025-08-20 17:51:17] ----------------------------------------------------------------------------------------------------
[2025-08-20 17:51:17] ANN_model saved with Val_ACC: 0.8775
[2025-08-20 17:51:17] ----------------------------------------------------------------------------------------------------
[2025-08-20 17:51:18] ANN_model saved with Val_ACC: 0.8813
[2025-08-20 17:51:18] ----------------------------------------------------------------------------------------------------
[2025-08-20 17:51:18] ANN_model saved with Val_ACC: 0.8838
[2025-08-20 17:51:18] ----------------------------------------------------------------------------------------------------
[2025-08-20 17:51:19] ANN_model saved with Val_ACC: 0.8863
[2025-08-20 17:51:19] ----------------------------------------------------------------------------------------------------
[2025-08-20 17:51:19] ANN_model saved with Val_ACC: 0.8895
[2025-08-20 17:51:19] ----------------------------------------------------------------------------------------------------
[2025-08-20 17:51:19] ANN_model saved with Val_ACC: 0.8902
[2025-08-20 17:51:19] ----------------------------------------------------------------------------------------------------
[2025-08-20 17:51:20] ANN_model saved with Val_ACC: 0.8978
[2025-08-20 17:51:20] ----------------------------------------------------------------------------------------------------
[2025-08-20 17:51:21] ANN_model saved with Val_ACC: 0.9035
[2025-08-20 17:51:21] ----------------------------------------------------------------------------------------------------
[2025-08-20 17:51:21] fold_3: Epoch [21/50], Loss: 0.3372, ACC: 0.9022, AUC: 0.9600
[2025-08-20 17:51:22] ANN_model saved with Val_ACC: 0.9067
[2025-08-20 17:51:22] ----------------------------------------------------------------------------------------------------
[2025-08-20 17:51:24] ANN_model saved with Val_ACC: 0.9079
[2025-08-20 17:51:24] ----------------------------------------------------------------------------------------------------
[2025-08-20 17:51:24] ANN_model saved with Val_ACC: 0.9092
[2025-08-20 17:51:24] ----------------------------------------------------------------------------------------------------
[2025-08-20 17:51:26] fold_3: Epoch [41/50], Loss: 0.3196, ACC: 0.9060, AUC: 0.9612
[2025-08-20 17:51:26] ANN_model saved with Val_ACC: 0.9098
[2025-08-20 17:51:26] ----------------------------------------------------------------------------------------------------
[2025-08-20 17:51:27] ANN_model saved with Val_ACC: 0.9117
[2025-08-20 17:51:27] ----------------------------------------------------------------------------------------------------
[2025-08-20 17:51:27] ANN_model saved with Val_ACC: 0.9124
[2025-08-20 17:51:27] ----------------------------------------------------------------------------------------------------
[2025-08-20 17:51:27] ANN_model saved with Val_ACC: 0.9130
[2025-08-20 17:51:27] ----------------------------------------------------------------------------------------------------
[2025-08-20 17:56:01] Finall ensemble results of fold_3 for MACSynDCR:
[2025-08-20 17:56:01] ----------------------------------------------------------------------------------------------------
[2025-08-20 17:56:01] Ensemble Accuracy: 0.9111, AUC-ROC: 0.9682, 
Ensemble AUC-PR: 0.9649, Precision: 0.9014, 
Ensemble Recall: 0.9179, F1 Score: 0.9096, 
Ensemble RMSE: 11.8322
[2025-08-20 17:56:01] ----------------------------------------------------------------------------------------------------
[2025-08-20 17:56:01] Fold 4
[2025-08-20 17:56:01] ----------------------------------------------------------------------------------------------------
[2025-08-20 17:56:01] ANN_model saved with Val_ACC: 0.4610
[2025-08-20 17:56:01] ----------------------------------------------------------------------------------------------------
[2025-08-20 17:56:02] fold_4: Epoch [1/50], Loss: 0.7018, ACC: 0.4610, AUC: 0.4718
[2025-08-20 17:56:02] ANN_model saved with Val_ACC: 0.7727
[2025-08-20 17:56:02] ----------------------------------------------------------------------------------------------------
[2025-08-20 17:56:04] ANN_model saved with Val_ACC: 0.8127
[2025-08-20 17:56:04] ----------------------------------------------------------------------------------------------------
[2025-08-20 17:56:06] ANN_model saved with Val_ACC: 0.8273
[2025-08-20 17:56:06] ----------------------------------------------------------------------------------------------------
[2025-08-20 17:56:07] ANN_model saved with Val_ACC: 0.8362
[2025-08-20 17:56:07] ----------------------------------------------------------------------------------------------------
[2025-08-20 17:56:08] ANN_model saved with Val_ACC: 0.8470
[2025-08-20 17:56:08] ----------------------------------------------------------------------------------------------------
[2025-08-20 17:56:10] ANN_model saved with Val_ACC: 0.8508
[2025-08-20 17:56:10] ----------------------------------------------------------------------------------------------------
[2025-08-20 17:56:11] ANN_model saved with Val_ACC: 0.8679
[2025-08-20 17:56:11] ----------------------------------------------------------------------------------------------------
[2025-08-20 17:56:11] ANN_model saved with Val_ACC: 0.8730
[2025-08-20 17:56:11] ----------------------------------------------------------------------------------------------------
[2025-08-20 17:56:12] ANN_model saved with Val_ACC: 0.8787
[2025-08-20 17:56:12] ----------------------------------------------------------------------------------------------------
[2025-08-20 17:56:13] ANN_model saved with Val_ACC: 0.8832
[2025-08-20 17:56:13] ----------------------------------------------------------------------------------------------------
[2025-08-20 17:56:14] ANN_model saved with Val_ACC: 0.8876
[2025-08-20 17:56:14] ----------------------------------------------------------------------------------------------------
[2025-08-20 17:56:14] ANN_model saved with Val_ACC: 0.8927
[2025-08-20 17:56:14] ----------------------------------------------------------------------------------------------------
[2025-08-20 17:56:15] ANN_model saved with Val_ACC: 0.8990
[2025-08-20 17:56:15] ----------------------------------------------------------------------------------------------------
[2025-08-20 17:56:16] ANN_model saved with Val_ACC: 0.9035
[2025-08-20 17:56:16] ----------------------------------------------------------------------------------------------------
[2025-08-20 17:56:16] fold_4: Epoch [21/50], Loss: 0.3427, ACC: 0.9010, AUC: 0.9634
[2025-08-20 17:56:18] ANN_model saved with Val_ACC: 0.9092
[2025-08-20 17:56:18] ----------------------------------------------------------------------------------------------------
[2025-08-20 17:56:22] fold_4: Epoch [41/50], Loss: 0.3206, ACC: 0.8978, AUC: 0.9590
[2025-08-20 18:00:59] Finall ensemble results of fold_4 for MACSynDCR:
[2025-08-20 18:00:59] ----------------------------------------------------------------------------------------------------
[2025-08-20 18:00:59] Ensemble Accuracy: 0.9149, AUC-ROC: 0.9681, 
Ensemble AUC-PR: 0.9644, Precision: 0.9166, 
Ensemble Recall: 0.9166, F1 Score: 0.9166, 
Ensemble RMSE: 11.5758
[2025-08-20 18:00:59] ----------------------------------------------------------------------------------------------------
[2025-08-20 18:00:59] Fold 5
[2025-08-20 18:00:59] ----------------------------------------------------------------------------------------------------
[2025-08-20 18:01:00] ANN_model saved with Val_ACC: 0.5140
[2025-08-20 18:01:00] ----------------------------------------------------------------------------------------------------
[2025-08-20 18:01:00] fold_5: Epoch [1/50], Loss: 0.6964, ACC: 0.5140, AUC: 0.5350
[2025-08-20 18:01:00] ANN_model saved with Val_ACC: 0.7681
[2025-08-20 18:01:00] ----------------------------------------------------------------------------------------------------
[2025-08-20 18:01:01] ANN_model saved with Val_ACC: 0.8050
[2025-08-20 18:01:01] ----------------------------------------------------------------------------------------------------
[2025-08-20 18:01:01] ANN_model saved with Val_ACC: 0.8151
[2025-08-20 18:01:01] ----------------------------------------------------------------------------------------------------
[2025-08-20 18:01:01] ANN_model saved with Val_ACC: 0.8399
[2025-08-20 18:01:01] ----------------------------------------------------------------------------------------------------
[2025-08-20 18:01:02] ANN_model saved with Val_ACC: 0.8488
[2025-08-20 18:01:02] ----------------------------------------------------------------------------------------------------
[2025-08-20 18:01:02] ANN_model saved with Val_ACC: 0.8609
[2025-08-20 18:01:02] ----------------------------------------------------------------------------------------------------
[2025-08-20 18:01:02] ANN_model saved with Val_ACC: 0.8717
[2025-08-20 18:01:02] ----------------------------------------------------------------------------------------------------
[2025-08-20 18:01:03] ANN_model saved with Val_ACC: 0.8736
[2025-08-20 18:01:03] ----------------------------------------------------------------------------------------------------
[2025-08-20 18:01:03] ANN_model saved with Val_ACC: 0.8774
[2025-08-20 18:01:03] ----------------------------------------------------------------------------------------------------
[2025-08-20 18:01:03] ANN_model saved with Val_ACC: 0.8806
[2025-08-20 18:01:03] ----------------------------------------------------------------------------------------------------
[2025-08-20 18:01:05] ANN_model saved with Val_ACC: 0.8863
[2025-08-20 18:01:05] ----------------------------------------------------------------------------------------------------
[2025-08-20 18:01:05] ANN_model saved with Val_ACC: 0.8875
[2025-08-20 18:01:05] ----------------------------------------------------------------------------------------------------
[2025-08-20 18:01:05] ANN_model saved with Val_ACC: 0.8952
[2025-08-20 18:01:05] ----------------------------------------------------------------------------------------------------
[2025-08-20 18:01:06] ANN_model saved with Val_ACC: 0.8958
[2025-08-20 18:01:06] ----------------------------------------------------------------------------------------------------
[2025-08-20 18:01:07] ANN_model saved with Val_ACC: 0.9003
[2025-08-20 18:01:07] ----------------------------------------------------------------------------------------------------
[2025-08-20 18:01:07] fold_5: Epoch [21/50], Loss: 0.3379, ACC: 0.9003, AUC: 0.9607
[2025-08-20 18:01:08] ANN_model saved with Val_ACC: 0.9009
[2025-08-20 18:01:08] ----------------------------------------------------------------------------------------------------
[2025-08-20 18:01:08] ANN_model saved with Val_ACC: 0.9085
[2025-08-20 18:01:08] ----------------------------------------------------------------------------------------------------
[2025-08-20 18:01:09] ANN_model saved with Val_ACC: 0.9098
[2025-08-20 18:01:09] ----------------------------------------------------------------------------------------------------
[2025-08-20 18:01:12] fold_5: Epoch [41/50], Loss: 0.3197, ACC: 0.9034, AUC: 0.9644
[2025-08-20 18:05:43] Finall ensemble results of fold_5 for MACSynDCR:
[2025-08-20 18:05:43] ----------------------------------------------------------------------------------------------------
[2025-08-20 18:05:43] Ensemble Accuracy: 0.9136, AUC-ROC: 0.9721, 
Ensemble AUC-PR: 0.9708, Precision: 0.9128, 
Ensemble Recall: 0.9174, F1 Score: 0.9151, 
Ensemble RMSE: 11.6619
[2025-08-20 18:05:43] ----------------------------------------------------------------------------------------------------
[2025-08-20 18:05:43] ****************************************************************************************************
[2025-08-20 18:05:43] *          Final MACSynCDR Results:
[2025-08-20 18:05:43] ****************************************************************************************************
[2025-08-20 18:05:43]  AUC: 0.9674 ± 0.0030
[2025-08-20 18:05:43]  Accuracy: 0.9106 ± 0.0056
[2025-08-20 18:05:43]  AUC-PR: 0.9653 ± 0.0029
[2025-08-20 18:05:43]  Precision: 0.9093 ± 0.0076
[2025-08-20 18:05:43]  Recall: 0.9116 ± 0.0074
[2025-08-20 18:05:43]  F1: 0.9104 ± 0.0062
[2025-08-20 18:05:43]  RMSE: 11.8603 ± 0.3644
[2025-08-20 18:05:43]  PCC: 0.8550 ± 0.0084


C:\Users\srahaman2\Documents\PhD research\MACSynDCR\LapMGAN>python MACSynDCR_CV_RUN_with_LMGAN_shape.py --epoch 50 --suffix Ablation_LMGTN
2025-08-20 17:41:29.124258: I tensorflow/core/util/port.cc:153] oneDNN custom operations are on. You may see slightly different numerical results due to floating-point round-off errors from different computation orders. To turn them off, set the environment variable `TF_ENABLE_ONEDNN_OPTS=0`.
2025-08-20 17:41:30.101507: I tensorflow/core/util/port.cc:153] oneDNN custom operations are on. You may see slightly different numerical results due to floating-point round-off errors from different computation orders. To turn them off, set the environment variable `TF_ENABLE_ONEDNN_OPTS=0`.
Fold 1
Data processing and Training of MACSynDCR_ANN model:
ANN_model saved with Val_ACC: 0.5162 Val_AUC: 0.5446
fold_1: Epoch [1/50], Loss: 0.7010, Val_ACC: 0.5162, Val_AUC: 0.5446
ANN_model saved with Val_ACC: 0.7473 Val_AUC: 0.8299
ANN_model saved with Val_ACC: 0.7949 Val_AUC: 0.8734
ANN_model saved with Val_ACC: 0.8089 Val_AUC: 0.8957
ANN_model saved with Val_ACC: 0.8229 Val_AUC: 0.9054
ANN_model saved with Val_ACC: 0.8286 Val_AUC: 0.9116
ANN_model saved with Val_ACC: 0.8394 Val_AUC: 0.9175
ANN_model saved with Val_ACC: 0.8527 Val_AUC: 0.9256
ANN_model saved with Val_ACC: 0.8641 Val_AUC: 0.9336
ANN_model saved with Val_ACC: 0.8686 Val_AUC: 0.9375
ANN_model saved with Val_ACC: 0.8724 Val_AUC: 0.9389
ANN_model saved with Val_ACC: 0.8749 Val_AUC: 0.9398
ANN_model saved with Val_ACC: 0.8813 Val_AUC: 0.9495
ANN_model saved with Val_ACC: 0.8832 Val_AUC: 0.9474
ANN_model saved with Val_ACC: 0.8883 Val_AUC: 0.9473
fold_1: Epoch [21/50], Loss: 0.3441, Val_ACC: 0.8832, Val_AUC: 0.9490
ANN_model saved with Val_ACC: 0.8902 Val_AUC: 0.9511
ANN_model saved with Val_ACC: 0.8946 Val_AUC: 0.9506
ANN_model saved with Val_ACC: 0.8959 Val_AUC: 0.9519
ANN_model saved with Val_ACC: 0.8984 Val_AUC: 0.9531
fold_1: Epoch [41/50], Loss: 0.3216, Val_ACC: 0.8984, Val_AUC: 0.9531
Accuracy: 0.8984, AUC-ROC: 0.9531
 AUC-PR: 0.9472, Precision: 0.8997, Recall: 0.8951, F1 Score: 0.8974
RMSE: 11.6444 , PCC: 0.8166
Data processing and Training of MACSynDCR_ANN model:
2025-08-20 17:41:57.341964: I tensorflow/core/platform/cpu_feature_guard.cc:210] This TensorFlow binary is optimized to use available CPU instructions in performance-critical operations.
To enable the following instructions: AVX2 FMA, in other operations, rebuild TensorFlow with the appropriate compiler flags.
MACSynDCR_ANN model:
Model: "sequential"
????????????????????????????????????????????????????????????????????????????????????????
? Layer (type)                         ? Output Shape                ?         Param # ?
????????????????????????????????????????????????????????????????????????????????????????
¦ dense (Dense)                        ¦ (None, 2048)                ¦       4,458,496 ¦
+--------------------------------------+-----------------------------+-----------------¦
¦ batch_normalization                  ¦ (None, 2048)                ¦           8,192 ¦
¦ (BatchNormalization)                 ¦                             ¦                 ¦
+--------------------------------------+-----------------------------+-----------------¦
¦ dense_1 (Dense)                      ¦ (None, 1024)                ¦       2,098,176 ¦
+--------------------------------------+-----------------------------+-----------------¦
¦ batch_normalization_1                ¦ (None, 1024)                ¦           4,096 ¦
¦ (BatchNormalization)                 ¦                             ¦                 ¦
+--------------------------------------+-----------------------------+-----------------¦
¦ dense_2 (Dense)                      ¦ (None, 512)                 ¦         524,800 ¦
+--------------------------------------+-----------------------------+-----------------¦
¦ batch_normalization_2                ¦ (None, 512)                 ¦           2,048 ¦
¦ (BatchNormalization)                 ¦                             ¦                 ¦
+--------------------------------------+-----------------------------+-----------------¦
¦ dense_3 (Dense)                      ¦ (None, 256)                 ¦         131,328 ¦
+--------------------------------------+-----------------------------+-----------------¦
¦ batch_normalization_3                ¦ (None, 256)                 ¦           1,024 ¦
¦ (BatchNormalization)                 ¦                             ¦                 ¦
+--------------------------------------+-----------------------------+-----------------¦
¦ dense_4 (Dense)                      ¦ (None, 128)                 ¦          32,896 ¦
+--------------------------------------+-----------------------------+-----------------¦
¦ batch_normalization_4                ¦ (None, 128)                 ¦             512 ¦
¦ (BatchNormalization)                 ¦                             ¦                 ¦
+--------------------------------------+-----------------------------+-----------------¦
¦ dense_5 (Dense)                      ¦ (None, 2)                   ¦             258 ¦
+--------------------------------------------------------------------------------------+
 Total params: 7,261,826 (27.70 MB)
 Trainable params: 7,253,890 (27.67 MB)
 Non-trainable params: 7,936 (31.00 KB)
Epoch 1/50
49/50 ???????????????????? 0s 46ms/step - acc: 0.7291 - auc: 0.7967 - loss: 0.6467
Epoch 1: val_auc improved from -inf to 0.67533, saving model to saved_models/best_MACSynDCR_ANN_model.keras
50/50 ???????????????????? 7s 70ms/step - acc: 0.7315 - auc: 0.7995 - loss: 0.6405 - val_acc: 0.5435 - val_auc: 0.6753 - val_loss: 1.2534
Epoch 2/50
49/50 ???????????????????? 0s 47ms/step - acc: 0.8820 - auc: 0.9513 - loss: 0.2829
Epoch 2: val_auc improved from 0.67533 to 0.87063, saving model to saved_models/best_MACSynDCR_ANN_model.keras
50/50 ???????????????????? 3s 63ms/step - acc: 0.8817 - auc: 0.9512 - loss: 0.2832 - val_acc: 0.7949 - val_auc: 0.8706 - val_loss: 0.4507
Epoch 3/50
49/50 ???????????????????? 0s 47ms/step - acc: 0.9162 - auc: 0.9715 - loss: 0.2183
Epoch 3: val_auc did not improve from 0.87063
50/50 ???????????????????? 3s 50ms/step - acc: 0.9160 - auc: 0.9714 - loss: 0.2185 - val_acc: 0.7130 - val_auc: 0.8085 - val_loss: 0.7319
Epoch 4/50
49/50 ???????????????????? 0s 47ms/step - acc: 0.9356 - auc: 0.9827 - loss: 0.1682
Epoch 4: val_auc improved from 0.87063 to 0.90329, saving model to saved_models/best_MACSynDCR_ANN_model.keras
50/50 ???????????????????? 3s 63ms/step - acc: 0.9354 - auc: 0.9827 - loss: 0.1686 - val_acc: 0.8171 - val_auc: 0.9033 - val_loss: 0.4396
Epoch 5/50
49/50 ???????????????????? 0s 46ms/step - acc: 0.9332 - auc: 0.9809 - loss: 0.1757
Epoch 5: val_auc improved from 0.90329 to 0.92255, saving model to saved_models/best_MACSynDCR_ANN_model.keras
50/50 ???????????????????? 3s 61ms/step - acc: 0.9333 - auc: 0.9810 - loss: 0.1753 - val_acc: 0.8432 - val_auc: 0.9226 - val_loss: 0.4051
Epoch 6/50
49/50 ???????????????????? 0s 46ms/step - acc: 0.9498 - auc: 0.9892 - loss: 0.1330
Epoch 6: val_auc improved from 0.92255 to 0.93507, saving model to saved_models/best_MACSynDCR_ANN_model.keras
50/50 ???????????????????? 3s 63ms/step - acc: 0.9497 - auc: 0.9891 - loss: 0.1331 - val_acc: 0.8616 - val_auc: 0.9351 - val_loss: 0.3821
Epoch 7/50
49/50 ???????????????????? 0s 48ms/step - acc: 0.9581 - auc: 0.9906 - loss: 0.1197
Epoch 7: val_auc improved from 0.93507 to 0.93858, saving model to saved_models/best_MACSynDCR_ANN_model.keras
50/50 ???????????????????? 3s 64ms/step - acc: 0.9579 - auc: 0.9906 - loss: 0.1199 - val_acc: 0.8597 - val_auc: 0.9386 - val_loss: 0.3605
Epoch 8/50
49/50 ???????????????????? 0s 46ms/step - acc: 0.9655 - auc: 0.9929 - loss: 0.1012
Epoch 8: val_auc improved from 0.93858 to 0.94735, saving model to saved_models/best_MACSynDCR_ANN_model.keras
50/50 ???????????????????? 3s 62ms/step - acc: 0.9656 - auc: 0.9929 - loss: 0.1011 - val_acc: 0.8851 - val_auc: 0.9473 - val_loss: 0.3514
Epoch 9/50
49/50 ???????????????????? 0s 46ms/step - acc: 0.9730 - auc: 0.9961 - loss: 0.0771
Epoch 9: val_auc did not improve from 0.94735
50/50 ???????????????????? 2s 49ms/step - acc: 0.9728 - auc: 0.9961 - loss: 0.0776 - val_acc: 0.8717 - val_auc: 0.9454 - val_loss: 0.3626
Epoch 10/50
50/50 ???????????????????? 0s 47ms/step - acc: 0.9702 - auc: 0.9961 - loss: 0.0787
Epoch 10: val_auc did not improve from 0.94735
50/50 ???????????????????? 3s 50ms/step - acc: 0.9701 - auc: 0.9961 - loss: 0.0788 - val_acc: 0.8730 - val_auc: 0.9397 - val_loss: 0.4049
Epoch 11/50
50/50 ???????????????????? 0s 47ms/step - acc: 0.9559 - auc: 0.9895 - loss: 0.1265
Epoch 11: val_auc did not improve from 0.94735
50/50 ???????????????????? 3s 50ms/step - acc: 0.9560 - auc: 0.9895 - loss: 0.1263 - val_acc: 0.8825 - val_auc: 0.9458 - val_loss: 0.3958
Epoch 12/50
49/50 ???????????????????? 0s 47ms/step - acc: 0.9658 - auc: 0.9937 - loss: 0.0967
Epoch 12: val_auc did not improve from 0.94735
50/50 ???????????????????? 3s 50ms/step - acc: 0.9657 - auc: 0.9937 - loss: 0.0970 - val_acc: 0.8863 - val_auc: 0.9468 - val_loss: 0.4009
Epoch 13/50
50/50 ???????????????????? 0s 47ms/step - acc: 0.9713 - auc: 0.9963 - loss: 0.0768
Epoch 13: val_auc did not improve from 0.94735
50/50 ???????????????????? 3s 50ms/step - acc: 0.9714 - auc: 0.9963 - loss: 0.0768 - val_acc: 0.8698 - val_auc: 0.9323 - val_loss: 0.4766
Epoch 14/50
50/50 ???????????????????? 0s 47ms/step - acc: 0.9746 - auc: 0.9956 - loss: 0.0748
Epoch 14: val_auc did not improve from 0.94735
50/50 ???????????????????? 3s 49ms/step - acc: 0.9747 - auc: 0.9956 - loss: 0.0747 - val_acc: 0.8832 - val_auc: 0.9419 - val_loss: 0.4019
Epoch 15/50
49/50 ???????????????????? 0s 48ms/step - acc: 0.9763 - auc: 0.9957 - loss: 0.0696
Epoch 15: val_auc did not improve from 0.94735
50/50 ???????????????????? 3s 51ms/step - acc: 0.9762 - auc: 0.9957 - loss: 0.0697 - val_acc: 0.8717 - val_auc: 0.9408 - val_loss: 0.4161
Epoch 16/50
49/50 ???????????????????? 0s 47ms/step - acc: 0.9866 - auc: 0.9983 - loss: 0.0443
Epoch 16: val_auc did not improve from 0.94735
50/50 ???????????????????? 3s 50ms/step - acc: 0.9865 - auc: 0.9983 - loss: 0.0445 - val_acc: 0.8851 - val_auc: 0.9460 - val_loss: 0.3956
Epoch 17/50
50/50 ???????????????????? 0s 47ms/step - acc: 0.9824 - auc: 0.9980 - loss: 0.0506
Epoch 17: val_auc did not improve from 0.94735
50/50 ???????????????????? 3s 50ms/step - acc: 0.9824 - auc: 0.9980 - loss: 0.0506 - val_acc: 0.8844 - val_auc: 0.9419 - val_loss: 0.4139
Epoch 18/50
49/50 ???????????????????? 0s 48ms/step - acc: 0.9901 - auc: 0.9995 - loss: 0.0323
Epoch 18: val_auc did not improve from 0.94735
50/50 ???????????????????? 3s 51ms/step - acc: 0.9900 - auc: 0.9994 - loss: 0.0324 - val_acc: 0.8749 - val_auc: 0.9405 - val_loss: 0.4714
Epoch 19/50
49/50 ???????????????????? 0s 47ms/step - acc: 0.9886 - auc: 0.9989 - loss: 0.0363
Epoch 19: val_auc did not improve from 0.94735
50/50 ???????????????????? 3s 50ms/step - acc: 0.9884 - auc: 0.9989 - loss: 0.0365 - val_acc: 0.8641 - val_auc: 0.9322 - val_loss: 0.4980
Epoch 20/50
50/50 ???????????????????? 0s 46ms/step - acc: 0.9847 - auc: 0.9970 - loss: 0.0483
Epoch 20: val_auc did not improve from 0.94735
50/50 ???????????????????? 3s 49ms/step - acc: 0.9846 - auc: 0.9970 - loss: 0.0485 - val_acc: 0.8622 - val_auc: 0.9275 - val_loss: 0.5285
Epoch 21/50
50/50 ???????????????????? 0s 47ms/step - acc: 0.9774 - auc: 0.9962 - loss: 0.0685
Epoch 21: val_auc did not improve from 0.94735
50/50 ???????????????????? 3s 50ms/step - acc: 0.9774 - auc: 0.9962 - loss: 0.0684 - val_acc: 0.8578 - val_auc: 0.9226 - val_loss: 0.5708
Epoch 22/50
50/50 ???????????????????? 0s 46ms/step - acc: 0.9855 - auc: 0.9990 - loss: 0.0396
Epoch 22: val_auc did not improve from 0.94735
50/50 ???????????????????? 3s 49ms/step - acc: 0.9855 - auc: 0.9990 - loss: 0.0397 - val_acc: 0.8686 - val_auc: 0.9342 - val_loss: 0.5192
Epoch 23/50
49/50 ???????????????????? 0s 47ms/step - acc: 0.9907 - auc: 0.9996 - loss: 0.0258
Epoch 23: val_auc did not improve from 0.94735
50/50 ???????????????????? 3s 51ms/step - acc: 0.9907 - auc: 0.9996 - loss: 0.0258 - val_acc: 0.8787 - val_auc: 0.9341 - val_loss: 0.4949
Epoch 24/50
50/50 ???????????????????? 0s 47ms/step - acc: 0.9936 - auc: 0.9997 - loss: 0.0215
Epoch 24: val_auc did not improve from 0.94735
50/50 ???????????????????? 3s 50ms/step - acc: 0.9936 - auc: 0.9997 - loss: 0.0215 - val_acc: 0.8832 - val_auc: 0.9447 - val_loss: 0.4608
Epoch 25/50
50/50 ???????????????????? 0s 47ms/step - acc: 0.9853 - auc: 0.9966 - loss: 0.0510
Epoch 25: val_auc did not improve from 0.94735
50/50 ???????????????????? 3s 50ms/step - acc: 0.9853 - auc: 0.9967 - loss: 0.0510 - val_acc: 0.8768 - val_auc: 0.9345 - val_loss: 0.5088
Epoch 26/50
49/50 ???????????????????? 0s 47ms/step - acc: 0.9913 - auc: 0.9996 - loss: 0.0237
Epoch 26: val_auc did not improve from 0.94735
50/50 ???????????????????? 3s 50ms/step - acc: 0.9913 - auc: 0.9996 - loss: 0.0237 - val_acc: 0.8730 - val_auc: 0.9389 - val_loss: 0.4843
Epoch 27/50
49/50 ???????????????????? 0s 47ms/step - acc: 0.9911 - auc: 0.9989 - loss: 0.0318
Epoch 27: val_auc did not improve from 0.94735
50/50 ???????????????????? 3s 50ms/step - acc: 0.9911 - auc: 0.9989 - loss: 0.0318 - val_acc: 0.8876 - val_auc: 0.9445 - val_loss: 0.4383
Epoch 28/50
49/50 ???????????????????? 0s 47ms/step - acc: 0.9908 - auc: 0.9993 - loss: 0.0254
Epoch 28: val_auc did not improve from 0.94735
50/50 ???????????????????? 3s 50ms/step - acc: 0.9907 - auc: 0.9993 - loss: 0.0255 - val_acc: 0.8756 - val_auc: 0.9390 - val_loss: 0.4998
Epoch 29/50
49/50 ???????????????????? 0s 46ms/step - acc: 0.9828 - auc: 0.9973 - loss: 0.0537
Epoch 29: val_auc did not improve from 0.94735
50/50 ???????????????????? 2s 49ms/step - acc: 0.9829 - auc: 0.9973 - loss: 0.0533 - val_acc: 0.8902 - val_auc: 0.9396 - val_loss: 0.4721
Epoch 30/50
49/50 ???????????????????? 0s 46ms/step - acc: 0.9832 - auc: 0.9973 - loss: 0.0536
Epoch 30: val_auc did not improve from 0.94735
50/50 ???????????????????? 3s 49ms/step - acc: 0.9831 - auc: 0.9973 - loss: 0.0539 - val_acc: 0.8495 - val_auc: 0.9186 - val_loss: 0.5958
Epoch 31/50
50/50 ???????????????????? 0s 47ms/step - acc: 0.9829 - auc: 0.9985 - loss: 0.0431
Epoch 31: val_auc did not improve from 0.94735
50/50 ???????????????????? 3s 50ms/step - acc: 0.9829 - auc: 0.9985 - loss: 0.0431 - val_acc: 0.8730 - val_auc: 0.9343 - val_loss: 0.5321
Epoch 32/50
50/50 ???????????????????? 0s 46ms/step - acc: 0.9796 - auc: 0.9960 - loss: 0.0644
Epoch 32: val_auc did not improve from 0.94735
50/50 ???????????????????? 3s 49ms/step - acc: 0.9795 - auc: 0.9960 - loss: 0.0643 - val_acc: 0.8698 - val_auc: 0.9324 - val_loss: 0.5564
Epoch 33/50
49/50 ???????????????????? 0s 47ms/step - acc: 0.9833 - auc: 0.9981 - loss: 0.0476
Epoch 33: val_auc did not improve from 0.94735
50/50 ???????????????????? 3s 49ms/step - acc: 0.9833 - auc: 0.9981 - loss: 0.0475 - val_acc: 0.8730 - val_auc: 0.9358 - val_loss: 0.5222
Epoch 34/50
49/50 ???????????????????? 0s 46ms/step - acc: 0.9860 - auc: 0.9982 - loss: 0.0435
Epoch 34: val_auc did not improve from 0.94735
50/50 ???????????????????? 2s 49ms/step - acc: 0.9860 - auc: 0.9982 - loss: 0.0435 - val_acc: 0.8863 - val_auc: 0.9416 - val_loss: 0.4813
Epoch 35/50
50/50 ???????????????????? 0s 46ms/step - acc: 0.9825 - auc: 0.9969 - loss: 0.0580
Epoch 35: val_auc did not improve from 0.94735
50/50 ???????????????????? 2s 49ms/step - acc: 0.9825 - auc: 0.9969 - loss: 0.0580 - val_acc: 0.8762 - val_auc: 0.9332 - val_loss: 0.5396
Epoch 36/50
49/50 ???????????????????? 0s 47ms/step - acc: 0.9877 - auc: 0.9981 - loss: 0.0390
Epoch 36: val_auc did not improve from 0.94735
50/50 ???????????????????? 3s 50ms/step - acc: 0.9877 - auc: 0.9981 - loss: 0.0390 - val_acc: 0.8851 - val_auc: 0.9360 - val_loss: 0.4994
Epoch 37/50
50/50 ???????????????????? 0s 46ms/step - acc: 0.9905 - auc: 0.9985 - loss: 0.0307
Epoch 37: val_auc did not improve from 0.94735
50/50 ???????????????????? 2s 49ms/step - acc: 0.9905 - auc: 0.9985 - loss: 0.0307 - val_acc: 0.8806 - val_auc: 0.9400 - val_loss: 0.4880
Epoch 38/50
50/50 ???????????????????? 0s 47ms/step - acc: 0.9929 - auc: 0.9992 - loss: 0.0241
Epoch 38: val_auc did not improve from 0.94735
50/50 ???????????????????? 3s 50ms/step - acc: 0.9929 - auc: 0.9992 - loss: 0.0241 - val_acc: 0.8838 - val_auc: 0.9449 - val_loss: 0.4509
Epoch 39/50
50/50 ???????????????????? 0s 48ms/step - acc: 0.9938 - auc: 0.9998 - loss: 0.0173
Epoch 39: val_auc did not improve from 0.94735
50/50 ???????????????????? 3s 51ms/step - acc: 0.9938 - auc: 0.9998 - loss: 0.0174 - val_acc: 0.8775 - val_auc: 0.9401 - val_loss: 0.5240
Epoch 40/50
50/50 ???????????????????? 0s 47ms/step - acc: 0.9927 - auc: 0.9996 - loss: 0.0204
Epoch 40: val_auc did not improve from 0.94735
50/50 ???????????????????? 3s 50ms/step - acc: 0.9927 - auc: 0.9996 - loss: 0.0204 - val_acc: 0.8863 - val_auc: 0.9415 - val_loss: 0.4812
Epoch 41/50
49/50 ???????????????????? 0s 48ms/step - acc: 0.9943 - auc: 0.9996 - loss: 0.0208
Epoch 41: val_auc did not improve from 0.94735
50/50 ???????????????????? 3s 50ms/step - acc: 0.9942 - auc: 0.9996 - loss: 0.0210 - val_acc: 0.8851 - val_auc: 0.9363 - val_loss: 0.5143
Epoch 42/50
50/50 ???????????????????? 0s 46ms/step - acc: 0.9886 - auc: 0.9985 - loss: 0.0349
Epoch 42: val_auc did not improve from 0.94735
50/50 ???????????????????? 2s 49ms/step - acc: 0.9886 - auc: 0.9985 - loss: 0.0349 - val_acc: 0.8883 - val_auc: 0.9431 - val_loss: 0.4700
Epoch 43/50
49/50 ???????????????????? 0s 48ms/step - acc: 0.9897 - auc: 0.9994 - loss: 0.0266
Epoch 43: val_auc did not improve from 0.94735
50/50 ???????????????????? 3s 51ms/step - acc: 0.9898 - auc: 0.9994 - loss: 0.0266 - val_acc: 0.8863 - val_auc: 0.9389 - val_loss: 0.5010
Epoch 44/50
50/50 ???????????????????? 0s 47ms/step - acc: 0.9931 - auc: 0.9998 - loss: 0.0185
Epoch 44: val_auc did not improve from 0.94735
50/50 ???????????????????? 3s 50ms/step - acc: 0.9931 - auc: 0.9998 - loss: 0.0185 - val_acc: 0.8883 - val_auc: 0.9371 - val_loss: 0.5329
Epoch 45/50
50/50 ???????????????????? 0s 47ms/step - acc: 0.9918 - auc: 0.9996 - loss: 0.0256
Epoch 45: val_auc did not improve from 0.94735
50/50 ???????????????????? 3s 51ms/step - acc: 0.9918 - auc: 0.9996 - loss: 0.0256 - val_acc: 0.8857 - val_auc: 0.9383 - val_loss: 0.5328
Epoch 46/50
50/50 ???????????????????? 0s 47ms/step - acc: 0.9943 - auc: 0.9991 - loss: 0.0199
Epoch 46: val_auc did not improve from 0.94735
50/50 ???????????????????? 3s 50ms/step - acc: 0.9943 - auc: 0.9991 - loss: 0.0199 - val_acc: 0.8921 - val_auc: 0.9395 - val_loss: 0.5103
Epoch 47/50
49/50 ???????????????????? 0s 47ms/step - acc: 0.9946 - auc: 0.9993 - loss: 0.0176
Epoch 47: val_auc did not improve from 0.94735
50/50 ???????????????????? 3s 50ms/step - acc: 0.9946 - auc: 0.9993 - loss: 0.0176 - val_acc: 0.8902 - val_auc: 0.9405 - val_loss: 0.5203
Epoch 48/50
49/50 ???????????????????? 0s 46ms/step - acc: 0.9973 - auc: 1.0000 - loss: 0.0086
Epoch 48: val_auc did not improve from 0.94735
50/50 ???????????????????? 2s 49ms/step - acc: 0.9973 - auc: 1.0000 - loss: 0.0086 - val_acc: 0.8883 - val_auc: 0.9415 - val_loss: 0.5030
Epoch 49/50
49/50 ???????????????????? 0s 47ms/step - acc: 0.9977 - auc: 0.9997 - loss: 0.0096
Epoch 49: val_auc did not improve from 0.94735
50/50 ???????????????????? 3s 49ms/step - acc: 0.9976 - auc: 0.9997 - loss: 0.0098 - val_acc: 0.8883 - val_auc: 0.9432 - val_loss: 0.5067
Epoch 50/50
49/50 ???????????????????? 0s 46ms/step - acc: 0.9906 - auc: 0.9994 - loss: 0.0247
Epoch 50: val_auc did not improve from 0.94735
50/50 ???????????????????? 3s 49ms/step - acc: 0.9906 - auc: 0.9994 - loss: 0.0245 - val_acc: 0.8768 - val_auc: 0.9392 - val_loss: 0.5110
50/50 ???????????????????? 0s 6ms/step
50/50 ???????????????????? 0s 3ms/step
ANN: Accuracy: 0.8851, AUC-ROC: 0.9503
ANN: AUC-PR: 0.9508, Precision: 0.8809,
ANN Recall: 0.8887, F1 Score: 0.8848
\ANN:RMSE: 13.4536 , PCC: 0.8010
Data processing and Training of MACSynDCR_CNN model:
MACSynDCR_CNN model:
Model: "sequential_1"
????????????????????????????????????????????????????????????????????????????????????????
? Layer (type)                         ? Output Shape                ?         Param # ?
????????????????????????????????????????????????????????????????????????????????????????
¦ conv2d (Conv2D)                      ¦ (None, 66, 30, 32)          ¦             320 ¦
+--------------------------------------+-----------------------------+-----------------¦
¦ max_pooling2d (MaxPooling2D)         ¦ (None, 33, 15, 32)          ¦               0 ¦
+--------------------------------------+-----------------------------+-----------------¦
¦ dropout (Dropout)                    ¦ (None, 33, 15, 32)          ¦               0 ¦
+--------------------------------------+-----------------------------+-----------------¦
¦ conv2d_1 (Conv2D)                    ¦ (None, 31, 13, 64)          ¦          18,496 ¦
+--------------------------------------+-----------------------------+-----------------¦
¦ max_pooling2d_1 (MaxPooling2D)       ¦ (None, 15, 6, 64)           ¦               0 ¦
+--------------------------------------+-----------------------------+-----------------¦
¦ dropout_1 (Dropout)                  ¦ (None, 15, 6, 64)           ¦               0 ¦
+--------------------------------------+-----------------------------+-----------------¦
¦ conv2d_2 (Conv2D)                    ¦ (None, 13, 4, 128)          ¦          73,856 ¦
+--------------------------------------+-----------------------------+-----------------¦
¦ max_pooling2d_2 (MaxPooling2D)       ¦ (None, 6, 2, 128)           ¦               0 ¦
+--------------------------------------+-----------------------------+-----------------¦
¦ dropout_2 (Dropout)                  ¦ (None, 6, 2, 128)           ¦               0 ¦
+--------------------------------------+-----------------------------+-----------------¦
¦ flatten (Flatten)                    ¦ (None, 1536)                ¦               0 ¦
+--------------------------------------+-----------------------------+-----------------¦
¦ dense_6 (Dense)                      ¦ (None, 128)                 ¦         196,736 ¦
+--------------------------------------+-----------------------------+-----------------¦
¦ dense_7 (Dense)                      ¦ (None, 2)                   ¦             258 ¦
+--------------------------------------------------------------------------------------+
 Total params: 289,666 (1.10 MB)
 Trainable params: 289,666 (1.10 MB)
 Non-trainable params: 0 (0.00 B)
Epoch 1/50
50/50 ???????????????????? 0s 45ms/step - acc: 0.4908 - auc: 0.4925 - loss: 0.7028
Epoch 1: val_acc improved from -inf to 0.55746, saving model to saved_models/best_MACSynDCR_CNN_model.keras
50/50 ???????????????????? 4s 56ms/step - acc: 0.4912 - auc: 0.4928 - loss: 0.7027 - val_acc: 0.5575 - val_auc: 0.6207 - val_loss: 0.6906
Epoch 2/50
48/50 ???????????????????? 0s 46ms/step - acc: 0.5455 - auc: 0.5751 - loss: 0.6859
Epoch 2: val_acc improved from 0.55746 to 0.58857, saving model to saved_models/best_MACSynDCR_CNN_model.keras
50/50 ???????????????????? 3s 50ms/step - acc: 0.5473 - auc: 0.5775 - loss: 0.6852 - val_acc: 0.5886 - val_auc: 0.7107 - val_loss: 0.6277
Epoch 3/50
49/50 ???????????????????? 0s 46ms/step - acc: 0.6925 - auc: 0.7663 - loss: 0.5820
Epoch 3: val_acc improved from 0.58857 to 0.75048, saving model to saved_models/best_MACSynDCR_CNN_model.keras
50/50 ???????????????????? 3s 50ms/step - acc: 0.6938 - auc: 0.7675 - loss: 0.5808 - val_acc: 0.7505 - val_auc: 0.8182 - val_loss: 0.5379
Epoch 4/50
49/50 ???????????????????? 0s 46ms/step - acc: 0.7690 - auc: 0.8395 - loss: 0.4981
Epoch 4: val_acc improved from 0.75048 to 0.79746, saving model to saved_models/best_MACSynDCR_CNN_model.keras
50/50 ???????????????????? 3s 50ms/step - acc: 0.7694 - auc: 0.8400 - loss: 0.4974 - val_acc: 0.7975 - val_auc: 0.8692 - val_loss: 0.4537
Epoch 5/50
50/50 ???????????????????? 0s 44ms/step - acc: 0.7903 - auc: 0.8697 - loss: 0.4524
Epoch 5: val_acc improved from 0.79746 to 0.80000, saving model to saved_models/best_MACSynDCR_CNN_model.keras
50/50 ???????????????????? 3s 50ms/step - acc: 0.7906 - auc: 0.8699 - loss: 0.4521 - val_acc: 0.8000 - val_auc: 0.8795 - val_loss: 0.4405
Epoch 6/50
49/50 ???????????????????? 0s 46ms/step - acc: 0.8033 - auc: 0.8816 - loss: 0.4334
Epoch 6: val_acc improved from 0.80000 to 0.81206, saving model to saved_models/best_MACSynDCR_CNN_model.keras
50/50 ???????????????????? 3s 50ms/step - acc: 0.8034 - auc: 0.8818 - loss: 0.4330 - val_acc: 0.8121 - val_auc: 0.8864 - val_loss: 0.4257
Epoch 7/50
48/50 ???????????????????? 0s 46ms/step - acc: 0.7981 - auc: 0.8878 - loss: 0.4212
Epoch 7: val_acc improved from 0.81206 to 0.81270, saving model to saved_models/best_MACSynDCR_CNN_model.keras
50/50 ???????????????????? 3s 50ms/step - acc: 0.7984 - auc: 0.8880 - loss: 0.4209 - val_acc: 0.8127 - val_auc: 0.8905 - val_loss: 0.4175
Epoch 8/50
48/50 ???????????????????? 0s 46ms/step - acc: 0.8169 - auc: 0.8942 - loss: 0.4104
Epoch 8: val_acc did not improve from 0.81270
50/50 ???????????????????? 2s 49ms/step - acc: 0.8171 - auc: 0.8944 - loss: 0.4101 - val_acc: 0.7943 - val_auc: 0.8740 - val_loss: 0.4472
Epoch 9/50
48/50 ???????????????????? 0s 46ms/step - acc: 0.8123 - auc: 0.8935 - loss: 0.4122
Epoch 9: val_acc improved from 0.81270 to 0.81397, saving model to saved_models/best_MACSynDCR_CNN_model.keras
50/50 ???????????????????? 3s 50ms/step - acc: 0.8125 - auc: 0.8936 - loss: 0.4120 - val_acc: 0.8140 - val_auc: 0.8924 - val_loss: 0.4147
Epoch 10/50
49/50 ???????????????????? 0s 44ms/step - acc: 0.8239 - auc: 0.9049 - loss: 0.3912
Epoch 10: val_acc did not improve from 0.81397
50/50 ???????????????????? 2s 48ms/step - acc: 0.8238 - auc: 0.9048 - loss: 0.3914 - val_acc: 0.8038 - val_auc: 0.8868 - val_loss: 0.4254
Epoch 11/50
49/50 ???????????????????? 0s 45ms/step - acc: 0.8193 - auc: 0.9016 - loss: 0.3971
Epoch 11: val_acc did not improve from 0.81397
50/50 ???????????????????? 2s 48ms/step - acc: 0.8195 - auc: 0.9017 - loss: 0.3968 - val_acc: 0.8013 - val_auc: 0.8825 - val_loss: 0.4372
Epoch 12/50
49/50 ???????????????????? 0s 49ms/step - acc: 0.8223 - auc: 0.9013 - loss: 0.3987
Epoch 12: val_acc improved from 0.81397 to 0.82349, saving model to saved_models/best_MACSynDCR_CNN_model.keras
50/50 ???????????????????? 3s 53ms/step - acc: 0.8227 - auc: 0.9016 - loss: 0.3981 - val_acc: 0.8235 - val_auc: 0.8999 - val_loss: 0.4008
Epoch 13/50
50/50 ???????????????????? 0s 47ms/step - acc: 0.8338 - auc: 0.9128 - loss: 0.3748
Epoch 13: val_acc improved from 0.82349 to 0.82540, saving model to saved_models/best_MACSynDCR_CNN_model.keras
50/50 ???????????????????? 3s 52ms/step - acc: 0.8337 - auc: 0.9127 - loss: 0.3749 - val_acc: 0.8254 - val_auc: 0.9029 - val_loss: 0.3949
Epoch 14/50
49/50 ???????????????????? 0s 46ms/step - acc: 0.8350 - auc: 0.9172 - loss: 0.3660
Epoch 14: val_acc improved from 0.82540 to 0.83238, saving model to saved_models/best_MACSynDCR_CNN_model.keras
50/50 ???????????????????? 3s 51ms/step - acc: 0.8351 - auc: 0.9172 - loss: 0.3661 - val_acc: 0.8324 - val_auc: 0.9069 - val_loss: 0.3868
Epoch 15/50
49/50 ???????????????????? 0s 46ms/step - acc: 0.8407 - auc: 0.9189 - loss: 0.3634
Epoch 15: val_acc improved from 0.83238 to 0.83619, saving model to saved_models/best_MACSynDCR_CNN_model.keras
50/50 ???????????????????? 3s 50ms/step - acc: 0.8407 - auc: 0.9189 - loss: 0.3633 - val_acc: 0.8362 - val_auc: 0.9091 - val_loss: 0.3834
Epoch 16/50
50/50 ???????????????????? 0s 45ms/step - acc: 0.8509 - auc: 0.9223 - loss: 0.3567
Epoch 16: val_acc did not improve from 0.83619
50/50 ???????????????????? 2s 49ms/step - acc: 0.8507 - auc: 0.9223 - loss: 0.3569 - val_acc: 0.8356 - val_auc: 0.9116 - val_loss: 0.3777
Epoch 17/50
50/50 ???????????????????? 0s 45ms/step - acc: 0.8493 - auc: 0.9254 - loss: 0.3485
Epoch 17: val_acc improved from 0.83619 to 0.84063, saving model to saved_models/best_MACSynDCR_CNN_model.keras
50/50 ???????????????????? 3s 50ms/step - acc: 0.8494 - auc: 0.9254 - loss: 0.3485 - val_acc: 0.8406 - val_auc: 0.9171 - val_loss: 0.3661
Epoch 18/50
49/50 ???????????????????? 0s 47ms/step - acc: 0.8439 - auc: 0.9208 - loss: 0.3586
Epoch 18: val_acc improved from 0.84063 to 0.84508, saving model to saved_models/best_MACSynDCR_CNN_model.keras
50/50 ???????????????????? 3s 52ms/step - acc: 0.8442 - auc: 0.9211 - loss: 0.3579 - val_acc: 0.8451 - val_auc: 0.9193 - val_loss: 0.3618
Epoch 19/50
50/50 ???????????????????? 0s 46ms/step - acc: 0.8626 - auc: 0.9348 - loss: 0.3266
Epoch 19: val_acc improved from 0.84508 to 0.84825, saving model to saved_models/best_MACSynDCR_CNN_model.keras
50/50 ???????????????????? 3s 51ms/step - acc: 0.8624 - auc: 0.9348 - loss: 0.3267 - val_acc: 0.8483 - val_auc: 0.9220 - val_loss: 0.3558
Epoch 20/50
50/50 ???????????????????? 0s 47ms/step - acc: 0.8587 - auc: 0.9352 - loss: 0.3251
Epoch 20: val_acc did not improve from 0.84825
50/50 ???????????????????? 3s 51ms/step - acc: 0.8587 - auc: 0.9352 - loss: 0.3251 - val_acc: 0.8425 - val_auc: 0.9223 - val_loss: 0.3547
Epoch 21/50
49/50 ???????????????????? 0s 47ms/step - acc: 0.8586 - auc: 0.9325 - loss: 0.3314
Epoch 21: val_acc improved from 0.84825 to 0.85841, saving model to saved_models/best_MACSynDCR_CNN_model.keras
50/50 ???????????????????? 3s 51ms/step - acc: 0.8588 - auc: 0.9326 - loss: 0.3311 - val_acc: 0.8584 - val_auc: 0.9274 - val_loss: 0.3434
Epoch 22/50
49/50 ???????????????????? 0s 47ms/step - acc: 0.8694 - auc: 0.9422 - loss: 0.3072
Epoch 22: val_acc did not improve from 0.85841
50/50 ???????????????????? 3s 50ms/step - acc: 0.8693 - auc: 0.9421 - loss: 0.3074 - val_acc: 0.8540 - val_auc: 0.9286 - val_loss: 0.3408
Epoch 23/50
49/50 ???????????????????? 0s 45ms/step - acc: 0.8710 - auc: 0.9438 - loss: 0.3033
Epoch 23: val_acc did not improve from 0.85841
50/50 ???????????????????? 2s 48ms/step - acc: 0.8709 - auc: 0.9437 - loss: 0.3035 - val_acc: 0.8578 - val_auc: 0.9292 - val_loss: 0.3398
Epoch 24/50
49/50 ???????????????????? 0s 46ms/step - acc: 0.8749 - auc: 0.9479 - loss: 0.2937
Epoch 24: val_acc did not improve from 0.85841
50/50 ???????????????????? 3s 50ms/step - acc: 0.8748 - auc: 0.9478 - loss: 0.2942 - val_acc: 0.8552 - val_auc: 0.9294 - val_loss: 0.3387
Epoch 25/50
49/50 ???????????????????? 0s 46ms/step - acc: 0.8779 - auc: 0.9492 - loss: 0.2895
Epoch 25: val_acc improved from 0.85841 to 0.86095, saving model to saved_models/best_MACSynDCR_CNN_model.keras
50/50 ???????????????????? 3s 50ms/step - acc: 0.8777 - auc: 0.9491 - loss: 0.2898 - val_acc: 0.8610 - val_auc: 0.9314 - val_loss: 0.3339
Epoch 26/50
49/50 ???????????????????? 0s 48ms/step - acc: 0.8815 - auc: 0.9497 - loss: 0.2871
Epoch 26: val_acc did not improve from 0.86095
50/50 ???????????????????? 3s 51ms/step - acc: 0.8813 - auc: 0.9497 - loss: 0.2872 - val_acc: 0.8571 - val_auc: 0.9318 - val_loss: 0.3381
Epoch 27/50
49/50 ???????????????????? 0s 45ms/step - acc: 0.8858 - auc: 0.9538 - loss: 0.2746
Epoch 27: val_acc did not improve from 0.86095
50/50 ???????????????????? 2s 48ms/step - acc: 0.8854 - auc: 0.9535 - loss: 0.2753 - val_acc: 0.8565 - val_auc: 0.9346 - val_loss: 0.3264
Epoch 28/50
49/50 ???????????????????? 0s 45ms/step - acc: 0.8788 - auc: 0.9512 - loss: 0.2836
Epoch 28: val_acc did not improve from 0.86095
50/50 ???????????????????? 2s 48ms/step - acc: 0.8788 - auc: 0.9511 - loss: 0.2836 - val_acc: 0.8610 - val_auc: 0.9348 - val_loss: 0.3262
Epoch 29/50
49/50 ???????????????????? 0s 46ms/step - acc: 0.8806 - auc: 0.9507 - loss: 0.2847
Epoch 29: val_acc improved from 0.86095 to 0.86222, saving model to saved_models/best_MACSynDCR_CNN_model.keras
50/50 ???????????????????? 3s 50ms/step - acc: 0.8806 - auc: 0.9506 - loss: 0.2848 - val_acc: 0.8622 - val_auc: 0.9343 - val_loss: 0.3271
Epoch 30/50
49/50 ???????????????????? 0s 45ms/step - acc: 0.8873 - auc: 0.9528 - loss: 0.2784
Epoch 30: val_acc improved from 0.86222 to 0.86286, saving model to saved_models/best_MACSynDCR_CNN_model.keras
50/50 ???????????????????? 3s 49ms/step - acc: 0.8871 - auc: 0.9527 - loss: 0.2786 - val_acc: 0.8629 - val_auc: 0.9377 - val_loss: 0.3197
Epoch 31/50
49/50 ???????????????????? 0s 45ms/step - acc: 0.8835 - auc: 0.9551 - loss: 0.2715
Epoch 31: val_acc did not improve from 0.86286
50/50 ???????????????????? 2s 49ms/step - acc: 0.8836 - auc: 0.9550 - loss: 0.2716 - val_acc: 0.8584 - val_auc: 0.9363 - val_loss: 0.3216
Epoch 32/50
49/50 ???????????????????? 0s 46ms/step - acc: 0.8951 - auc: 0.9602 - loss: 0.2565
Epoch 32: val_acc did not improve from 0.86286
50/50 ???????????????????? 3s 49ms/step - acc: 0.8949 - auc: 0.9601 - loss: 0.2568 - val_acc: 0.8616 - val_auc: 0.9369 - val_loss: 0.3232
Epoch 33/50
49/50 ???????????????????? 0s 44ms/step - acc: 0.8862 - auc: 0.9570 - loss: 0.2652
Epoch 33: val_acc did not improve from 0.86286
50/50 ???????????????????? 2s 48ms/step - acc: 0.8861 - auc: 0.9570 - loss: 0.2651 - val_acc: 0.8590 - val_auc: 0.9340 - val_loss: 0.3317
Epoch 34/50
49/50 ???????????????????? 0s 49ms/step - acc: 0.8881 - auc: 0.9583 - loss: 0.2619
Epoch 34: val_acc did not improve from 0.86286
50/50 ???????????????????? 3s 53ms/step - acc: 0.8880 - auc: 0.9582 - loss: 0.2623 - val_acc: 0.8629 - val_auc: 0.9383 - val_loss: 0.3179
Epoch 35/50
49/50 ???????????????????? 0s 48ms/step - acc: 0.8911 - auc: 0.9581 - loss: 0.2623
Epoch 35: val_acc improved from 0.86286 to 0.86667, saving model to saved_models/best_MACSynDCR_CNN_model.keras
50/50 ???????????????????? 3s 52ms/step - acc: 0.8910 - auc: 0.9580 - loss: 0.2624 - val_acc: 0.8667 - val_auc: 0.9395 - val_loss: 0.3220
Epoch 36/50
49/50 ???????????????????? 0s 47ms/step - acc: 0.8900 - auc: 0.9608 - loss: 0.2539
Epoch 36: val_acc did not improve from 0.86667
50/50 ???????????????????? 3s 51ms/step - acc: 0.8899 - auc: 0.9608 - loss: 0.2539 - val_acc: 0.8622 - val_auc: 0.9386 - val_loss: 0.3179
Epoch 37/50
50/50 ???????????????????? 0s 47ms/step - acc: 0.8904 - auc: 0.9641 - loss: 0.2442
Epoch 37: val_acc improved from 0.86667 to 0.86794, saving model to saved_models/best_MACSynDCR_CNN_model.keras
50/50 ???????????????????? 3s 52ms/step - acc: 0.8904 - auc: 0.9640 - loss: 0.2443 - val_acc: 0.8679 - val_auc: 0.9391 - val_loss: 0.3209
Epoch 38/50
50/50 ???????????????????? 0s 44ms/step - acc: 0.8948 - auc: 0.9624 - loss: 0.2491
Epoch 38: val_acc did not improve from 0.86794
50/50 ???????????????????? 2s 48ms/step - acc: 0.8948 - auc: 0.9623 - loss: 0.2492 - val_acc: 0.8622 - val_auc: 0.9408 - val_loss: 0.3147
Epoch 39/50
49/50 ???????????????????? 0s 46ms/step - acc: 0.9037 - auc: 0.9644 - loss: 0.2405
Epoch 39: val_acc did not improve from 0.86794
50/50 ???????????????????? 2s 49ms/step - acc: 0.9035 - auc: 0.9643 - loss: 0.2407 - val_acc: 0.8679 - val_auc: 0.9439 - val_loss: 0.3057
Epoch 40/50
49/50 ???????????????????? 0s 46ms/step - acc: 0.8947 - auc: 0.9632 - loss: 0.2453
Epoch 40: val_acc did not improve from 0.86794
50/50 ???????????????????? 3s 50ms/step - acc: 0.8948 - auc: 0.9632 - loss: 0.2453 - val_acc: 0.8667 - val_auc: 0.9414 - val_loss: 0.3098
Epoch 41/50
49/50 ???????????????????? 0s 46ms/step - acc: 0.9007 - auc: 0.9650 - loss: 0.2406
Epoch 41: val_acc did not improve from 0.86794
50/50 ???????????????????? 3s 49ms/step - acc: 0.9006 - auc: 0.9650 - loss: 0.2407 - val_acc: 0.8660 - val_auc: 0.9398 - val_loss: 0.3181
Epoch 42/50
49/50 ???????????????????? 0s 47ms/step - acc: 0.9000 - auc: 0.9626 - loss: 0.2479
Epoch 42: val_acc did not improve from 0.86794
50/50 ???????????????????? 3s 51ms/step - acc: 0.9000 - auc: 0.9627 - loss: 0.2477 - val_acc: 0.8648 - val_auc: 0.9415 - val_loss: 0.3217
Epoch 43/50
49/50 ???????????????????? 0s 46ms/step - acc: 0.8929 - auc: 0.9630 - loss: 0.2468
Epoch 43: val_acc did not improve from 0.86794
50/50 ???????????????????? 3s 50ms/step - acc: 0.8930 - auc: 0.9630 - loss: 0.2467 - val_acc: 0.8648 - val_auc: 0.9405 - val_loss: 0.3196
Epoch 44/50
50/50 ???????????????????? 0s 45ms/step - acc: 0.9018 - auc: 0.9636 - loss: 0.2437
Epoch 44: val_acc did not improve from 0.86794
50/50 ???????????????????? 3s 50ms/step - acc: 0.9017 - auc: 0.9636 - loss: 0.2438 - val_acc: 0.8667 - val_auc: 0.9419 - val_loss: 0.3105
Epoch 45/50
49/50 ???????????????????? 0s 48ms/step - acc: 0.9102 - auc: 0.9707 - loss: 0.2225
Epoch 45: val_acc did not improve from 0.86794
50/50 ???????????????????? 3s 51ms/step - acc: 0.9101 - auc: 0.9706 - loss: 0.2228 - val_acc: 0.8654 - val_auc: 0.9438 - val_loss: 0.3162
Epoch 46/50
49/50 ???????????????????? 0s 45ms/step - acc: 0.9045 - auc: 0.9683 - loss: 0.2279
Epoch 46: val_acc did not improve from 0.86794
50/50 ???????????????????? 2s 49ms/step - acc: 0.9045 - auc: 0.9683 - loss: 0.2281 - val_acc: 0.8648 - val_auc: 0.9431 - val_loss: 0.3181
Epoch 47/50
50/50 ???????????????????? 0s 45ms/step - acc: 0.9023 - auc: 0.9684 - loss: 0.2277
Epoch 47: val_acc improved from 0.86794 to 0.87302, saving model to saved_models/best_MACSynDCR_CNN_model.keras
50/50 ???????????????????? 3s 50ms/step - acc: 0.9023 - auc: 0.9684 - loss: 0.2277 - val_acc: 0.8730 - val_auc: 0.9428 - val_loss: 0.3156
Epoch 48/50
49/50 ???????????????????? 0s 46ms/step - acc: 0.9022 - auc: 0.9707 - loss: 0.2195
Epoch 48: val_acc did not improve from 0.87302
50/50 ???????????????????? 2s 49ms/step - acc: 0.9021 - auc: 0.9705 - loss: 0.2200 - val_acc: 0.8635 - val_auc: 0.9400 - val_loss: 0.3186
Epoch 49/50
50/50 ???????????????????? 0s 45ms/step - acc: 0.9107 - auc: 0.9686 - loss: 0.2262
Epoch 49: val_acc did not improve from 0.87302
50/50 ???????????????????? 2s 49ms/step - acc: 0.9107 - auc: 0.9686 - loss: 0.2263 - val_acc: 0.8698 - val_auc: 0.9438 - val_loss: 0.3204
Epoch 50/50
50/50 ???????????????????? 0s 45ms/step - acc: 0.9050 - auc: 0.9657 - loss: 0.2368
Epoch 50: val_acc did not improve from 0.87302
50/50 ???????????????????? 3s 49ms/step - acc: 0.9051 - auc: 0.9658 - loss: 0.2365 - val_acc: 0.8705 - val_auc: 0.9431 - val_loss: 0.3135
50/50 ???????????????????? 0s 5ms/step
50/50 ???????????????????? 0s 4ms/step
CNN: Accuracy: 0.8730, AUC-ROC: 0.9442
CNN: AUC-PR: 0.9448, Precision: 0.8890,
CNN Recall: 0.8504, F1 Score: 0.8693
CNN:RMSE: 14.1421 , PCC: 0.7886
Evaluation of Keras MACSynDCR_ANN model:
50/50 ???????????????????? 1s 3ms/step - acc: 0.8752 - auc: 0.9460 - loss: 0.3524
Evaluate->  Loss: 0.3514, Accuracy: 0.8851,AUC: 0.9473
50/50 ???????????????????? 0s 6ms/step
197/197 ???????????????????? 1s 4ms/step
ANN: Accuracy: 0.8851, AUC-ROC: 0.9503
ANN: AUC-PR: 0.9508, Precision: 0.8809,
ANN Recall: 0.8887, F1 Score: 0.8848
ANN:RMSE: 13.4536 , PCC: 0.8010
****************************************************************************************************
Evaluation of Keras MACSynDCR_CNN model:
50/50 ???????????????????? 1s 4ms/step - acc: 0.8725 - auc: 0.9450 - loss: 0.3074
Evaluate->  Loss: 0.3156, Accuracy: 0.8730,Accuracy: 0.9428
50/50 ???????????????????? 0s 5ms/step
197/197 ???????????????????? 1s 4ms/step
CNN: Accuracy: 0.8730, AUC-ROC: 0.9442
CNN: AUC-PR: 0.9448, Precision: 0.8890,
CNN Recall: 0.8504, F1 Score: 0.8693
CNN:RMSE: 14.1421 , PCC: 0.7886
****************************************************************************************************
Accuracy Score and AUC for ANN = AUC: 0.9531, Accuracy: 0.8984
Accuracy Score and AUC for KANN = AUC: 0.9503, Accuracy: 0.8851
Accuracy Score and AUC for KCNN = AUC: 0.9442, Accuracy: 0.8730
Average AUC = AUC: 0.9630, Accuracy: 0.8978
MAX AUC = AUC: 0.9569, Accuracy: 0.8844
Fitting 5 folds for each of 14 candidates, totalling 70 fits
Finall ensemble results of fold_1 for MACSynDCR:
----------------------------------------------------------------------------------------------------
Ensemble Accuracy: 0.8997, AUC-ROC: 0.9630
Ensemble AUC-PR: 0.9620, Precision: 0.8990,
Ensemble Recall: 0.8990, F1 Score: 0.8990
Ensemble RMSE: 12.5698 , PCC: 0.8393
----------------------------------------------------------------------------------------------------
Fold 2
Data processing and Training of MACSynDCR_ANN model:
ANN_model saved with Val_ACC: 0.5156 Val_AUC: 0.5223
fold_2: Epoch [1/50], Loss: 0.6952, Val_ACC: 0.5156, Val_AUC: 0.5223
ANN_model saved with Val_ACC: 0.7803 Val_AUC: 0.8650
ANN_model saved with Val_ACC: 0.8190 Val_AUC: 0.9023
ANN_model saved with Val_ACC: 0.8337 Val_AUC: 0.9113
ANN_model saved with Val_ACC: 0.8451 Val_AUC: 0.9210
ANN_model saved with Val_ACC: 0.8546 Val_AUC: 0.9276
ANN_model saved with Val_ACC: 0.8590 Val_AUC: 0.9315
ANN_model saved with Val_ACC: 0.8603 Val_AUC: 0.9351
ANN_model saved with Val_ACC: 0.8660 Val_AUC: 0.9379
ANN_model saved with Val_ACC: 0.8724 Val_AUC: 0.9414
ANN_model saved with Val_ACC: 0.8762 Val_AUC: 0.9473
ANN_model saved with Val_ACC: 0.8832 Val_AUC: 0.9501
ANN_model saved with Val_ACC: 0.8902 Val_AUC: 0.9500
ANN_model saved with Val_ACC: 0.8921 Val_AUC: 0.9529
ANN_model saved with Val_ACC: 0.8984 Val_AUC: 0.9532
fold_2: Epoch [21/50], Loss: 0.3402, Val_ACC: 0.8965, Val_AUC: 0.9562
ANN_model saved with Val_ACC: 0.8990 Val_AUC: 0.9568
fold_2: Epoch [41/50], Loss: 0.3207, Val_ACC: 0.8927, Val_AUC: 0.9570
Accuracy: 0.8990, AUC-ROC: 0.9568
 AUC-PR: 0.9573, Precision: 0.9010, Recall: 0.8929, F1 Score: 0.8970
RMSE: 11.0971 , PCC: 0.8300
Data processing and Training of MACSynDCR_ANN model:
MACSynDCR_ANN model:
Model: "sequential_2"
????????????????????????????????????????????????????????????????????????????????????????
? Layer (type)                         ? Output Shape                ?         Param # ?
????????????????????????????????????????????????????????????????????????????????????????
¦ dense_8 (Dense)                      ¦ (None, 2048)                ¦       4,458,496 ¦
+--------------------------------------+-----------------------------+-----------------¦
¦ batch_normalization_5                ¦ (None, 2048)                ¦           8,192 ¦
¦ (BatchNormalization)                 ¦                             ¦                 ¦
+--------------------------------------+-----------------------------+-----------------¦
¦ dense_9 (Dense)                      ¦ (None, 1024)                ¦       2,098,176 ¦
+--------------------------------------+-----------------------------+-----------------¦
¦ batch_normalization_6                ¦ (None, 1024)                ¦           4,096 ¦
¦ (BatchNormalization)                 ¦                             ¦                 ¦
+--------------------------------------+-----------------------------+-----------------¦
¦ dense_10 (Dense)                     ¦ (None, 512)                 ¦         524,800 ¦
+--------------------------------------+-----------------------------+-----------------¦
¦ batch_normalization_7                ¦ (None, 512)                 ¦           2,048 ¦
¦ (BatchNormalization)                 ¦                             ¦                 ¦
+--------------------------------------+-----------------------------+-----------------¦
¦ dense_11 (Dense)                     ¦ (None, 256)                 ¦         131,328 ¦
+--------------------------------------+-----------------------------+-----------------¦
¦ batch_normalization_8                ¦ (None, 256)                 ¦           1,024 ¦
¦ (BatchNormalization)                 ¦                             ¦                 ¦
+--------------------------------------+-----------------------------+-----------------¦
¦ dense_12 (Dense)                     ¦ (None, 128)                 ¦          32,896 ¦
+--------------------------------------+-----------------------------+-----------------¦
¦ batch_normalization_9                ¦ (None, 128)                 ¦             512 ¦
¦ (BatchNormalization)                 ¦                             ¦                 ¦
+--------------------------------------+-----------------------------+-----------------¦
¦ dense_13 (Dense)                     ¦ (None, 2)                   ¦             258 ¦
+--------------------------------------------------------------------------------------+
 Total params: 7,261,826 (27.70 MB)
 Trainable params: 7,253,890 (27.67 MB)
 Non-trainable params: 7,936 (31.00 KB)
Epoch 1/50
49/50 ???????????????????? 0s 47ms/step - acc: 0.7368 - auc: 0.8091 - loss: 0.6091
Epoch 1: val_auc improved from -inf to 0.75001, saving model to saved_models/best_MACSynDCR_ANN_model.keras
50/50 ???????????????????? 6s 69ms/step - acc: 0.7385 - auc: 0.8112 - loss: 0.6044 - val_acc: 0.6616 - val_auc: 0.7500 - val_loss: 0.5990
Epoch 2/50
49/50 ???????????????????? 0s 46ms/step - acc: 0.8726 - auc: 0.9448 - loss: 0.3010
Epoch 2: val_auc improved from 0.75001 to 0.76431, saving model to saved_models/best_MACSynDCR_ANN_model.keras
50/50 ???????????????????? 3s 64ms/step - acc: 0.8728 - auc: 0.9450 - loss: 0.3004 - val_acc: 0.6851 - val_auc: 0.7643 - val_loss: 0.5776
Epoch 3/50
49/50 ???????????????????? 0s 47ms/step - acc: 0.9222 - auc: 0.9758 - loss: 0.2037
Epoch 3: val_auc improved from 0.76431 to 0.80373, saving model to saved_models/best_MACSynDCR_ANN_model.keras
50/50 ???????????????????? 3s 64ms/step - acc: 0.9217 - auc: 0.9756 - loss: 0.2042 - val_acc: 0.7137 - val_auc: 0.8037 - val_loss: 0.5771
Epoch 4/50
49/50 ???????????????????? 0s 47ms/step - acc: 0.9331 - auc: 0.9826 - loss: 0.1730
Epoch 4: val_auc improved from 0.80373 to 0.89598, saving model to saved_models/best_MACSynDCR_ANN_model.keras
50/50 ???????????????????? 3s 63ms/step - acc: 0.9327 - auc: 0.9824 - loss: 0.1737 - val_acc: 0.8121 - val_auc: 0.8960 - val_loss: 0.4130
Epoch 5/50
49/50 ???????????????????? 0s 46ms/step - acc: 0.9446 - auc: 0.9849 - loss: 0.1572
Epoch 5: val_auc improved from 0.89598 to 0.92354, saving model to saved_models/best_MACSynDCR_ANN_model.keras
50/50 ???????????????????? 3s 60ms/step - acc: 0.9445 - auc: 0.9849 - loss: 0.1571 - val_acc: 0.8514 - val_auc: 0.9235 - val_loss: 0.3844
Epoch 6/50
49/50 ???????????????????? 0s 47ms/step - acc: 0.9463 - auc: 0.9889 - loss: 0.1334
Epoch 6: val_auc did not improve from 0.92354
50/50 ???????????????????? 2s 49ms/step - acc: 0.9462 - auc: 0.9889 - loss: 0.1338 - val_acc: 0.8419 - val_auc: 0.9172 - val_loss: 0.4459
Epoch 7/50
49/50 ???????????????????? 0s 48ms/step - acc: 0.9516 - auc: 0.9900 - loss: 0.1262
Epoch 7: val_auc improved from 0.92354 to 0.93234, saving model to saved_models/best_MACSynDCR_ANN_model.keras
50/50 ???????????????????? 3s 62ms/step - acc: 0.9517 - auc: 0.9901 - loss: 0.1260 - val_acc: 0.8540 - val_auc: 0.9323 - val_loss: 0.3976
Epoch 8/50
49/50 ???????????????????? 0s 48ms/step - acc: 0.9564 - auc: 0.9922 - loss: 0.1136
Epoch 8: val_auc did not improve from 0.93234
50/50 ???????????????????? 3s 51ms/step - acc: 0.9565 - auc: 0.9922 - loss: 0.1134 - val_acc: 0.8603 - val_auc: 0.9305 - val_loss: 0.4121
Epoch 9/50
49/50 ???????????????????? 0s 46ms/step - acc: 0.9669 - auc: 0.9938 - loss: 0.0921
Epoch 9: val_auc improved from 0.93234 to 0.93885, saving model to saved_models/best_MACSynDCR_ANN_model.keras
50/50 ???????????????????? 3s 63ms/step - acc: 0.9669 - auc: 0.9938 - loss: 0.0920 - val_acc: 0.8743 - val_auc: 0.9389 - val_loss: 0.3871
Epoch 10/50
50/50 ???????????????????? 0s 47ms/step - acc: 0.9637 - auc: 0.9929 - loss: 0.1035
Epoch 10: val_auc improved from 0.93885 to 0.94242, saving model to saved_models/best_MACSynDCR_ANN_model.keras
50/50 ???????????????????? 3s 64ms/step - acc: 0.9637 - auc: 0.9929 - loss: 0.1035 - val_acc: 0.8717 - val_auc: 0.9424 - val_loss: 0.4065
Epoch 11/50
49/50 ???????????????????? 0s 47ms/step - acc: 0.9811 - auc: 0.9976 - loss: 0.0624
Epoch 11: val_auc did not improve from 0.94242
50/50 ???????????????????? 3s 50ms/step - acc: 0.9809 - auc: 0.9976 - loss: 0.0626 - val_acc: 0.8794 - val_auc: 0.9408 - val_loss: 0.4157
Epoch 12/50
50/50 ???????????????????? 0s 47ms/step - acc: 0.9733 - auc: 0.9958 - loss: 0.0780
Epoch 12: val_auc did not improve from 0.94242
50/50 ???????????????????? 2s 49ms/step - acc: 0.9732 - auc: 0.9958 - loss: 0.0781 - val_acc: 0.8743 - val_auc: 0.9413 - val_loss: 0.4073
Epoch 13/50
49/50 ???????????????????? 0s 47ms/step - acc: 0.9625 - auc: 0.9913 - loss: 0.1146
Epoch 13: val_auc did not improve from 0.94242
50/50 ???????????????????? 3s 50ms/step - acc: 0.9624 - auc: 0.9913 - loss: 0.1145 - val_acc: 0.8610 - val_auc: 0.9314 - val_loss: 0.4661
Epoch 14/50
50/50 ???????????????????? 0s 47ms/step - acc: 0.9749 - auc: 0.9958 - loss: 0.0761
Epoch 14: val_auc did not improve from 0.94242
50/50 ???????????????????? 3s 50ms/step - acc: 0.9748 - auc: 0.9957 - loss: 0.0762 - val_acc: 0.8667 - val_auc: 0.9281 - val_loss: 0.4563
Epoch 15/50
49/50 ???????????????????? 0s 47ms/step - acc: 0.9763 - auc: 0.9961 - loss: 0.0715
Epoch 15: val_auc did not improve from 0.94242
50/50 ???????????????????? 2s 49ms/step - acc: 0.9764 - auc: 0.9961 - loss: 0.0714 - val_acc: 0.8705 - val_auc: 0.9358 - val_loss: 0.4717
Epoch 16/50
49/50 ???????????????????? 0s 47ms/step - acc: 0.9831 - auc: 0.9982 - loss: 0.0490
Epoch 16: val_auc improved from 0.94242 to 0.94732, saving model to saved_models/best_MACSynDCR_ANN_model.keras
50/50 ???????????????????? 3s 62ms/step - acc: 0.9831 - auc: 0.9982 - loss: 0.0490 - val_acc: 0.8851 - val_auc: 0.9473 - val_loss: 0.4040
Epoch 17/50
49/50 ???????????????????? 0s 47ms/step - acc: 0.9841 - auc: 0.9989 - loss: 0.0399
Epoch 17: val_auc did not improve from 0.94732
50/50 ???????????????????? 2s 49ms/step - acc: 0.9842 - auc: 0.9989 - loss: 0.0400 - val_acc: 0.8832 - val_auc: 0.9434 - val_loss: 0.4264
Epoch 18/50
49/50 ???????????????????? 0s 46ms/step - acc: 0.9834 - auc: 0.9981 - loss: 0.0460
Epoch 18: val_auc did not improve from 0.94732
50/50 ???????????????????? 2s 48ms/step - acc: 0.9834 - auc: 0.9981 - loss: 0.0461 - val_acc: 0.8889 - val_auc: 0.9387 - val_loss: 0.4550
Epoch 19/50
50/50 ???????????????????? 0s 47ms/step - acc: 0.9864 - auc: 0.9991 - loss: 0.0348
Epoch 19: val_auc did not improve from 0.94732
50/50 ???????????????????? 3s 50ms/step - acc: 0.9864 - auc: 0.9991 - loss: 0.0348 - val_acc: 0.8800 - val_auc: 0.9463 - val_loss: 0.4203
Epoch 20/50
50/50 ???????????????????? 0s 46ms/step - acc: 0.9851 - auc: 0.9988 - loss: 0.0404
Epoch 20: val_auc did not improve from 0.94732
50/50 ???????????????????? 2s 49ms/step - acc: 0.9850 - auc: 0.9987 - loss: 0.0406 - val_acc: 0.8775 - val_auc: 0.9409 - val_loss: 0.4625
Epoch 21/50
50/50 ???????????????????? 0s 47ms/step - acc: 0.9863 - auc: 0.9986 - loss: 0.0427
Epoch 21: val_auc did not improve from 0.94732
50/50 ???????????????????? 3s 50ms/step - acc: 0.9863 - auc: 0.9986 - loss: 0.0427 - val_acc: 0.8711 - val_auc: 0.9357 - val_loss: 0.5150
Epoch 22/50
50/50 ???????????????????? 0s 48ms/step - acc: 0.9865 - auc: 0.9986 - loss: 0.0402
Epoch 22: val_auc did not improve from 0.94732
50/50 ???????????????????? 3s 50ms/step - acc: 0.9865 - auc: 0.9986 - loss: 0.0401 - val_acc: 0.8800 - val_auc: 0.9419 - val_loss: 0.4635
Epoch 23/50
49/50 ???????????????????? 0s 47ms/step - acc: 0.9829 - auc: 0.9961 - loss: 0.0567
Epoch 23: val_auc did not improve from 0.94732
50/50 ???????????????????? 3s 50ms/step - acc: 0.9828 - auc: 0.9961 - loss: 0.0569 - val_acc: 0.8737 - val_auc: 0.9389 - val_loss: 0.4959
Epoch 24/50
49/50 ???????????????????? 0s 47ms/step - acc: 0.9757 - auc: 0.9964 - loss: 0.0690
Epoch 24: val_auc did not improve from 0.94732
50/50 ???????????????????? 2s 49ms/step - acc: 0.9758 - auc: 0.9964 - loss: 0.0687 - val_acc: 0.8730 - val_auc: 0.9330 - val_loss: 0.5232
Epoch 25/50
49/50 ???????????????????? 0s 47ms/step - acc: 0.9798 - auc: 0.9986 - loss: 0.0479
Epoch 25: val_auc did not improve from 0.94732
50/50 ???????????????????? 3s 49ms/step - acc: 0.9799 - auc: 0.9986 - loss: 0.0478 - val_acc: 0.8692 - val_auc: 0.9374 - val_loss: 0.4654
Epoch 26/50
49/50 ???????????????????? 0s 47ms/step - acc: 0.9843 - auc: 0.9975 - loss: 0.0469
Epoch 26: val_auc did not improve from 0.94732
50/50 ???????????????????? 2s 49ms/step - acc: 0.9843 - auc: 0.9975 - loss: 0.0468 - val_acc: 0.8908 - val_auc: 0.9449 - val_loss: 0.4459
Epoch 27/50
50/50 ???????????????????? 0s 47ms/step - acc: 0.9903 - auc: 0.9997 - loss: 0.0241
Epoch 27: val_auc did not improve from 0.94732
50/50 ???????????????????? 2s 49ms/step - acc: 0.9903 - auc: 0.9997 - loss: 0.0241 - val_acc: 0.8762 - val_auc: 0.9363 - val_loss: 0.5100
Epoch 28/50
49/50 ???????????????????? 0s 47ms/step - acc: 0.9876 - auc: 0.9983 - loss: 0.0379
Epoch 28: val_auc did not improve from 0.94732
50/50 ???????????????????? 3s 50ms/step - acc: 0.9875 - auc: 0.9983 - loss: 0.0382 - val_acc: 0.8857 - val_auc: 0.9391 - val_loss: 0.4753
Epoch 29/50
49/50 ???????????????????? 0s 47ms/step - acc: 0.9831 - auc: 0.9970 - loss: 0.0544
Epoch 29: val_auc did not improve from 0.94732
50/50 ???????????????????? 3s 50ms/step - acc: 0.9831 - auc: 0.9971 - loss: 0.0544 - val_acc: 0.8832 - val_auc: 0.9403 - val_loss: 0.4740
Epoch 30/50
49/50 ???????????????????? 0s 47ms/step - acc: 0.9827 - auc: 0.9972 - loss: 0.0579
Epoch 30: val_auc did not improve from 0.94732
50/50 ???????????????????? 3s 50ms/step - acc: 0.9827 - auc: 0.9972 - loss: 0.0578 - val_acc: 0.8946 - val_auc: 0.9471 - val_loss: 0.4232
Epoch 31/50
49/50 ???????????????????? 0s 46ms/step - acc: 0.9890 - auc: 0.9984 - loss: 0.0349
Epoch 31: val_auc did not improve from 0.94732
50/50 ???????????????????? 2s 49ms/step - acc: 0.9889 - auc: 0.9984 - loss: 0.0350 - val_acc: 0.8876 - val_auc: 0.9451 - val_loss: 0.4319
Epoch 32/50
50/50 ???????????????????? 0s 47ms/step - acc: 0.9917 - auc: 0.9995 - loss: 0.0250
Epoch 32: val_auc improved from 0.94732 to 0.94813, saving model to saved_models/best_MACSynDCR_ANN_model.keras
50/50 ???????????????????? 3s 64ms/step - acc: 0.9916 - auc: 0.9995 - loss: 0.0251 - val_acc: 0.8914 - val_auc: 0.9481 - val_loss: 0.4296
Epoch 33/50
49/50 ???????????????????? 0s 48ms/step - acc: 0.9919 - auc: 0.9990 - loss: 0.0225
Epoch 33: val_auc did not improve from 0.94813
50/50 ???????????????????? 3s 50ms/step - acc: 0.9919 - auc: 0.9990 - loss: 0.0225 - val_acc: 0.8851 - val_auc: 0.9460 - val_loss: 0.4623
Epoch 34/50
49/50 ???????????????????? 0s 47ms/step - acc: 0.9964 - auc: 0.9998 - loss: 0.0147
Epoch 34: val_auc did not improve from 0.94813
50/50 ???????????????????? 2s 49ms/step - acc: 0.9964 - auc: 0.9998 - loss: 0.0146 - val_acc: 0.8927 - val_auc: 0.9456 - val_loss: 0.4500
Epoch 35/50
49/50 ???????????????????? 0s 48ms/step - acc: 0.9957 - auc: 0.9999 - loss: 0.0118
Epoch 35: val_auc did not improve from 0.94813
50/50 ???????????????????? 3s 51ms/step - acc: 0.9957 - auc: 0.9999 - loss: 0.0119 - val_acc: 0.8933 - val_auc: 0.9406 - val_loss: 0.4760
Epoch 36/50
49/50 ???????????????????? 0s 47ms/step - acc: 0.9899 - auc: 0.9984 - loss: 0.0330
Epoch 36: val_auc did not improve from 0.94813
50/50 ???????????????????? 2s 49ms/step - acc: 0.9899 - auc: 0.9984 - loss: 0.0331 - val_acc: 0.8749 - val_auc: 0.9279 - val_loss: 0.5668
Epoch 37/50
49/50 ???????????????????? 0s 48ms/step - acc: 0.9891 - auc: 0.9987 - loss: 0.0355
Epoch 37: val_auc did not improve from 0.94813
50/50 ???????????????????? 3s 50ms/step - acc: 0.9890 - auc: 0.9987 - loss: 0.0356 - val_acc: 0.8806 - val_auc: 0.9358 - val_loss: 0.5251
Epoch 38/50
49/50 ???????????????????? 0s 47ms/step - acc: 0.9888 - auc: 0.9981 - loss: 0.0369
Epoch 38: val_auc did not improve from 0.94813
50/50 ???????????????????? 2s 50ms/step - acc: 0.9888 - auc: 0.9981 - loss: 0.0367 - val_acc: 0.8768 - val_auc: 0.9330 - val_loss: 0.5364
Epoch 39/50
50/50 ???????????????????? 0s 46ms/step - acc: 0.9850 - auc: 0.9985 - loss: 0.0411
Epoch 39: val_auc did not improve from 0.94813
50/50 ???????????????????? 2s 49ms/step - acc: 0.9850 - auc: 0.9985 - loss: 0.0412 - val_acc: 0.8933 - val_auc: 0.9449 - val_loss: 0.4629
Epoch 40/50
50/50 ???????????????????? 0s 46ms/step - acc: 0.9923 - auc: 0.9997 - loss: 0.0219
Epoch 40: val_auc did not improve from 0.94813
50/50 ???????????????????? 2s 49ms/step - acc: 0.9923 - auc: 0.9997 - loss: 0.0220 - val_acc: 0.8863 - val_auc: 0.9365 - val_loss: 0.5320
Epoch 41/50
49/50 ???????????????????? 0s 46ms/step - acc: 0.9923 - auc: 0.9994 - loss: 0.0237
Epoch 41: val_auc did not improve from 0.94813
50/50 ???????????????????? 2s 49ms/step - acc: 0.9923 - auc: 0.9994 - loss: 0.0236 - val_acc: 0.8946 - val_auc: 0.9363 - val_loss: 0.5197
Epoch 42/50
49/50 ???????????????????? 0s 47ms/step - acc: 0.9970 - auc: 0.9998 - loss: 0.0108
Epoch 42: val_auc did not improve from 0.94813
50/50 ???????????????????? 2s 49ms/step - acc: 0.9969 - auc: 0.9998 - loss: 0.0110 - val_acc: 0.8965 - val_auc: 0.9397 - val_loss: 0.5227
Epoch 43/50
49/50 ???????????????????? 0s 46ms/step - acc: 0.9931 - auc: 0.9983 - loss: 0.0261
Epoch 43: val_auc did not improve from 0.94813
50/50 ???????????????????? 2s 49ms/step - acc: 0.9931 - auc: 0.9983 - loss: 0.0261 - val_acc: 0.8825 - val_auc: 0.9364 - val_loss: 0.5345
Epoch 44/50
49/50 ???????????????????? 0s 46ms/step - acc: 0.9843 - auc: 0.9981 - loss: 0.0488
Epoch 44: val_auc did not improve from 0.94813
50/50 ???????????????????? 2s 48ms/step - acc: 0.9843 - auc: 0.9981 - loss: 0.0486 - val_acc: 0.8730 - val_auc: 0.9323 - val_loss: 0.5526
Epoch 45/50
50/50 ???????????????????? 0s 47ms/step - acc: 0.9732 - auc: 0.9948 - loss: 0.0817
Epoch 45: val_auc did not improve from 0.94813
50/50 ???????????????????? 3s 50ms/step - acc: 0.9732 - auc: 0.9949 - loss: 0.0815 - val_acc: 0.8552 - val_auc: 0.9172 - val_loss: 0.5948
Epoch 46/50
50/50 ???????????????????? 0s 47ms/step - acc: 0.9829 - auc: 0.9980 - loss: 0.0501
Epoch 46: val_auc did not improve from 0.94813
50/50 ???????????????????? 2s 49ms/step - acc: 0.9829 - auc: 0.9980 - loss: 0.0500 - val_acc: 0.8762 - val_auc: 0.9317 - val_loss: 0.5268
Epoch 47/50
50/50 ???????????????????? 0s 48ms/step - acc: 0.9889 - auc: 0.9994 - loss: 0.0304
Epoch 47: val_auc did not improve from 0.94813
50/50 ???????????????????? 3s 50ms/step - acc: 0.9889 - auc: 0.9994 - loss: 0.0304 - val_acc: 0.8851 - val_auc: 0.9311 - val_loss: 0.5403
Epoch 48/50
50/50 ???????????????????? 0s 46ms/step - acc: 0.9907 - auc: 0.9985 - loss: 0.0331
Epoch 48: val_auc did not improve from 0.94813
50/50 ???????????????????? 2s 49ms/step - acc: 0.9907 - auc: 0.9985 - loss: 0.0331 - val_acc: 0.8863 - val_auc: 0.9431 - val_loss: 0.4875
Epoch 49/50
49/50 ???????????????????? 0s 47ms/step - acc: 0.9936 - auc: 0.9994 - loss: 0.0226
Epoch 49: val_auc did not improve from 0.94813
50/50 ???????????????????? 3s 49ms/step - acc: 0.9936 - auc: 0.9994 - loss: 0.0227 - val_acc: 0.8870 - val_auc: 0.9365 - val_loss: 0.5033
Epoch 50/50
49/50 ???????????????????? 0s 47ms/step - acc: 0.9940 - auc: 0.9996 - loss: 0.0197
Epoch 50: val_auc did not improve from 0.94813
50/50 ???????????????????? 2s 49ms/step - acc: 0.9940 - auc: 0.9996 - loss: 0.0197 - val_acc: 0.8902 - val_auc: 0.9429 - val_loss: 0.4701
50/50 ???????????????????? 0s 6ms/step
50/50 ???????????????????? 0s 3ms/step
ANN: Accuracy: 0.8914, AUC-ROC: 0.9574
ANN: AUC-PR: 0.9565, Precision: 0.8892,
ANN Recall: 0.8903, F1 Score: 0.8897
\ANN:RMSE: 13.0767 , PCC: 0.8072
Data processing and Training of MACSynDCR_CNN model:
MACSynDCR_CNN model:
Model: "sequential_3"
????????????????????????????????????????????????????????????????????????????????????????
? Layer (type)                         ? Output Shape                ?         Param # ?
????????????????????????????????????????????????????????????????????????????????????????
¦ conv2d_3 (Conv2D)                    ¦ (None, 66, 30, 32)          ¦             320 ¦
+--------------------------------------+-----------------------------+-----------------¦
¦ max_pooling2d_3 (MaxPooling2D)       ¦ (None, 33, 15, 32)          ¦               0 ¦
+--------------------------------------+-----------------------------+-----------------¦
¦ dropout_3 (Dropout)                  ¦ (None, 33, 15, 32)          ¦               0 ¦
+--------------------------------------+-----------------------------+-----------------¦
¦ conv2d_4 (Conv2D)                    ¦ (None, 31, 13, 64)          ¦          18,496 ¦
+--------------------------------------+-----------------------------+-----------------¦
¦ max_pooling2d_4 (MaxPooling2D)       ¦ (None, 15, 6, 64)           ¦               0 ¦
+--------------------------------------+-----------------------------+-----------------¦
¦ dropout_4 (Dropout)                  ¦ (None, 15, 6, 64)           ¦               0 ¦
+--------------------------------------+-----------------------------+-----------------¦
¦ conv2d_5 (Conv2D)                    ¦ (None, 13, 4, 128)          ¦          73,856 ¦
+--------------------------------------+-----------------------------+-----------------¦
¦ max_pooling2d_5 (MaxPooling2D)       ¦ (None, 6, 2, 128)           ¦               0 ¦
+--------------------------------------+-----------------------------+-----------------¦
¦ dropout_5 (Dropout)                  ¦ (None, 6, 2, 128)           ¦               0 ¦
+--------------------------------------+-----------------------------+-----------------¦
¦ flatten_1 (Flatten)                  ¦ (None, 1536)                ¦               0 ¦
+--------------------------------------+-----------------------------+-----------------¦
¦ dense_14 (Dense)                     ¦ (None, 128)                 ¦         196,736 ¦
+--------------------------------------+-----------------------------+-----------------¦
¦ dense_15 (Dense)                     ¦ (None, 2)                   ¦             258 ¦
+--------------------------------------------------------------------------------------+
 Total params: 289,666 (1.10 MB)
 Trainable params: 289,666 (1.10 MB)
 Non-trainable params: 0 (0.00 B)
Epoch 1/50
48/50 ???????????????????? 0s 45ms/step - acc: 0.4950 - auc: 0.4987 - loss: 0.7064
Epoch 1: val_acc improved from -inf to 0.50794, saving model to saved_models/best_MACSynDCR_CNN_model.keras
50/50 ???????????????????? 4s 54ms/step - acc: 0.4958 - auc: 0.4992 - loss: 0.7058 - val_acc: 0.5079 - val_auc: 0.5327 - val_loss: 0.6923
Epoch 2/50
49/50 ???????????????????? 0s 46ms/step - acc: 0.5145 - auc: 0.5347 - loss: 0.6920
Epoch 2: val_acc improved from 0.50794 to 0.63365, saving model to saved_models/best_MACSynDCR_CNN_model.keras
50/50 ???????????????????? 3s 50ms/step - acc: 0.5149 - auc: 0.5350 - loss: 0.6920 - val_acc: 0.6337 - val_auc: 0.7258 - val_loss: 0.6766
Epoch 3/50
49/50 ???????????????????? 0s 45ms/step - acc: 0.6455 - auc: 0.6977 - loss: 0.6483
Epoch 3: val_acc improved from 0.63365 to 0.76825, saving model to saved_models/best_MACSynDCR_CNN_model.keras
50/50 ???????????????????? 2s 49ms/step - acc: 0.6469 - auc: 0.6995 - loss: 0.6466 - val_acc: 0.7683 - val_auc: 0.8372 - val_loss: 0.5007
Epoch 4/50
49/50 ???????????????????? 0s 46ms/step - acc: 0.7580 - auc: 0.8329 - loss: 0.5059
Epoch 4: val_acc improved from 0.76825 to 0.79746, saving model to saved_models/best_MACSynDCR_CNN_model.keras
50/50 ???????????????????? 3s 50ms/step - acc: 0.7580 - auc: 0.8329 - loss: 0.5059 - val_acc: 0.7975 - val_auc: 0.8783 - val_loss: 0.4456
Epoch 5/50
49/50 ???????????????????? 0s 45ms/step - acc: 0.7673 - auc: 0.8605 - loss: 0.4686
Epoch 5: val_acc improved from 0.79746 to 0.81206, saving model to saved_models/best_MACSynDCR_CNN_model.keras
50/50 ???????????????????? 3s 50ms/step - acc: 0.7675 - auc: 0.8604 - loss: 0.4687 - val_acc: 0.8121 - val_auc: 0.8896 - val_loss: 0.4197
Epoch 6/50
50/50 ???????????????????? 0s 44ms/step - acc: 0.7940 - auc: 0.8789 - loss: 0.4370
Epoch 6: val_acc improved from 0.81206 to 0.81524, saving model to saved_models/best_MACSynDCR_CNN_model.keras
50/50 ???????????????????? 2s 49ms/step - acc: 0.7941 - auc: 0.8789 - loss: 0.4370 - val_acc: 0.8152 - val_auc: 0.8921 - val_loss: 0.4151
Epoch 7/50
49/50 ???????????????????? 0s 47ms/step - acc: 0.7990 - auc: 0.8822 - loss: 0.4322
Epoch 7: val_acc improved from 0.81524 to 0.82413, saving model to saved_models/best_MACSynDCR_CNN_model.keras
50/50 ???????????????????? 3s 51ms/step - acc: 0.7990 - auc: 0.8822 - loss: 0.4322 - val_acc: 0.8241 - val_auc: 0.9008 - val_loss: 0.4014
Epoch 8/50
49/50 ???????????????????? 0s 47ms/step - acc: 0.8070 - auc: 0.8921 - loss: 0.4141
Epoch 8: val_acc did not improve from 0.82413
50/50 ???????????????????? 3s 50ms/step - acc: 0.8072 - auc: 0.8920 - loss: 0.4142 - val_acc: 0.8235 - val_auc: 0.9024 - val_loss: 0.3991
Epoch 9/50
49/50 ???????????????????? 0s 46ms/step - acc: 0.8099 - auc: 0.8968 - loss: 0.4058
Epoch 9: val_acc improved from 0.82413 to 0.82476, saving model to saved_models/best_MACSynDCR_CNN_model.keras
50/50 ???????????????????? 3s 50ms/step - acc: 0.8099 - auc: 0.8967 - loss: 0.4060 - val_acc: 0.8248 - val_auc: 0.9037 - val_loss: 0.3952
Epoch 10/50
50/50 ???????????????????? 0s 45ms/step - acc: 0.8105 - auc: 0.8916 - loss: 0.4154
Epoch 10: val_acc improved from 0.82476 to 0.84127, saving model to saved_models/best_MACSynDCR_CNN_model.keras
50/50 ???????????????????? 3s 50ms/step - acc: 0.8106 - auc: 0.8917 - loss: 0.4153 - val_acc: 0.8413 - val_auc: 0.9073 - val_loss: 0.3896
Epoch 11/50
49/50 ???????????????????? 0s 46ms/step - acc: 0.8135 - auc: 0.8978 - loss: 0.4037
Epoch 11: val_acc did not improve from 0.84127
50/50 ???????????????????? 2s 49ms/step - acc: 0.8135 - auc: 0.8979 - loss: 0.4036 - val_acc: 0.8356 - val_auc: 0.9064 - val_loss: 0.3887
Epoch 12/50
48/50 ???????????????????? 0s 46ms/step - acc: 0.8134 - auc: 0.8992 - loss: 0.4010
Epoch 12: val_acc did not improve from 0.84127
50/50 ???????????????????? 2s 48ms/step - acc: 0.8138 - auc: 0.8995 - loss: 0.4005 - val_acc: 0.8400 - val_auc: 0.9103 - val_loss: 0.3808
Epoch 13/50
49/50 ???????????????????? 0s 47ms/step - acc: 0.8210 - auc: 0.9046 - loss: 0.3911
Epoch 13: val_acc improved from 0.84127 to 0.84571, saving model to saved_models/best_MACSynDCR_CNN_model.keras
50/50 ???????????????????? 3s 50ms/step - acc: 0.8210 - auc: 0.9045 - loss: 0.3913 - val_acc: 0.8457 - val_auc: 0.9120 - val_loss: 0.3785
Epoch 14/50
50/50 ???????????????????? 0s 45ms/step - acc: 0.8290 - auc: 0.9101 - loss: 0.3802
Epoch 14: val_acc improved from 0.84571 to 0.84889, saving model to saved_models/best_MACSynDCR_CNN_model.keras
50/50 ???????????????????? 2s 49ms/step - acc: 0.8290 - auc: 0.9100 - loss: 0.3803 - val_acc: 0.8489 - val_auc: 0.9165 - val_loss: 0.3714
Epoch 15/50
49/50 ???????????????????? 0s 45ms/step - acc: 0.8308 - auc: 0.9162 - loss: 0.3683
Epoch 15: val_acc improved from 0.84889 to 0.84952, saving model to saved_models/best_MACSynDCR_CNN_model.keras
50/50 ???????????????????? 2s 49ms/step - acc: 0.8308 - auc: 0.9161 - loss: 0.3685 - val_acc: 0.8495 - val_auc: 0.9192 - val_loss: 0.3629
Epoch 16/50
49/50 ???????????????????? 0s 45ms/step - acc: 0.8242 - auc: 0.9121 - loss: 0.3753
Epoch 16: val_acc improved from 0.84952 to 0.85714, saving model to saved_models/best_MACSynDCR_CNN_model.keras
50/50 ???????????????????? 2s 49ms/step - acc: 0.8244 - auc: 0.9122 - loss: 0.3751 - val_acc: 0.8571 - val_auc: 0.9185 - val_loss: 0.3681
Epoch 17/50
49/50 ???????????????????? 0s 45ms/step - acc: 0.8486 - auc: 0.9223 - loss: 0.3549
Epoch 17: val_acc improved from 0.85714 to 0.86349, saving model to saved_models/best_MACSynDCR_CNN_model.keras
50/50 ???????????????????? 3s 50ms/step - acc: 0.8483 - auc: 0.9222 - loss: 0.3553 - val_acc: 0.8635 - val_auc: 0.9249 - val_loss: 0.3516
Epoch 18/50
50/50 ???????????????????? 0s 47ms/step - acc: 0.8405 - auc: 0.9205 - loss: 0.3587
Epoch 18: val_acc did not improve from 0.86349
50/50 ???????????????????? 3s 51ms/step - acc: 0.8405 - auc: 0.9205 - loss: 0.3586 - val_acc: 0.8584 - val_auc: 0.9259 - val_loss: 0.3475
Epoch 19/50
49/50 ???????????????????? 0s 46ms/step - acc: 0.8508 - auc: 0.9269 - loss: 0.3445
Epoch 19: val_acc improved from 0.86349 to 0.86984, saving model to saved_models/best_MACSynDCR_CNN_model.keras
50/50 ???????????????????? 3s 50ms/step - acc: 0.8507 - auc: 0.9268 - loss: 0.3446 - val_acc: 0.8698 - val_auc: 0.9291 - val_loss: 0.3383
Epoch 20/50
49/50 ???????????????????? 0s 45ms/step - acc: 0.8604 - auc: 0.9305 - loss: 0.3358
Epoch 20: val_acc did not improve from 0.86984
50/50 ???????????????????? 2s 48ms/step - acc: 0.8601 - auc: 0.9303 - loss: 0.3362 - val_acc: 0.8559 - val_auc: 0.9272 - val_loss: 0.3456
Epoch 21/50
49/50 ???????????????????? 0s 46ms/step - acc: 0.8561 - auc: 0.9333 - loss: 0.3316
Epoch 21: val_acc did not improve from 0.86984
50/50 ???????????????????? 2s 49ms/step - acc: 0.8561 - auc: 0.9333 - loss: 0.3318 - val_acc: 0.8648 - val_auc: 0.9337 - val_loss: 0.3291
Epoch 22/50
50/50 ???????????????????? 0s 45ms/step - acc: 0.8554 - auc: 0.9324 - loss: 0.3316
Epoch 22: val_acc did not improve from 0.86984
50/50 ???????????????????? 2s 49ms/step - acc: 0.8554 - auc: 0.9325 - loss: 0.3315 - val_acc: 0.8660 - val_auc: 0.9349 - val_loss: 0.3252
Epoch 23/50
50/50 ???????????????????? 0s 45ms/step - acc: 0.8658 - auc: 0.9360 - loss: 0.3228
Epoch 23: val_acc did not improve from 0.86984
50/50 ???????????????????? 2s 49ms/step - acc: 0.8658 - auc: 0.9360 - loss: 0.3227 - val_acc: 0.8673 - val_auc: 0.9371 - val_loss: 0.3198
Epoch 24/50
49/50 ???????????????????? 0s 46ms/step - acc: 0.8690 - auc: 0.9420 - loss: 0.3077
Epoch 24: val_acc did not improve from 0.86984
50/50 ???????????????????? 2s 49ms/step - acc: 0.8688 - auc: 0.9419 - loss: 0.3081 - val_acc: 0.8654 - val_auc: 0.9392 - val_loss: 0.3145
Epoch 25/50
49/50 ???????????????????? 0s 46ms/step - acc: 0.8608 - auc: 0.9397 - loss: 0.3134
Epoch 25: val_acc did not improve from 0.86984
50/50 ???????????????????? 2s 48ms/step - acc: 0.8609 - auc: 0.9397 - loss: 0.3135 - val_acc: 0.8629 - val_auc: 0.9382 - val_loss: 0.3169
Epoch 26/50
48/50 ???????????????????? 0s 45ms/step - acc: 0.8641 - auc: 0.9372 - loss: 0.3201
Epoch 26: val_acc did not improve from 0.86984
50/50 ???????????????????? 2s 48ms/step - acc: 0.8642 - auc: 0.9374 - loss: 0.3197 - val_acc: 0.8654 - val_auc: 0.9387 - val_loss: 0.3159
Epoch 27/50
49/50 ???????????????????? 0s 46ms/step - acc: 0.8659 - auc: 0.9410 - loss: 0.3107
Epoch 27: val_acc did not improve from 0.86984
50/50 ???????????????????? 2s 49ms/step - acc: 0.8661 - auc: 0.9410 - loss: 0.3105 - val_acc: 0.8692 - val_auc: 0.9379 - val_loss: 0.3193
Epoch 28/50
50/50 ???????????????????? 0s 44ms/step - acc: 0.8592 - auc: 0.9366 - loss: 0.3223
Epoch 28: val_acc improved from 0.86984 to 0.87365, saving model to saved_models/best_MACSynDCR_CNN_model.keras
50/50 ???????????????????? 2s 49ms/step - acc: 0.8595 - auc: 0.9367 - loss: 0.3219 - val_acc: 0.8737 - val_auc: 0.9416 - val_loss: 0.3082
Epoch 29/50
50/50 ???????????????????? 0s 44ms/step - acc: 0.8839 - auc: 0.9489 - loss: 0.2882
Epoch 29: val_acc improved from 0.87365 to 0.87556, saving model to saved_models/best_MACSynDCR_CNN_model.keras
50/50 ???????????????????? 2s 49ms/step - acc: 0.8838 - auc: 0.9489 - loss: 0.2884 - val_acc: 0.8756 - val_auc: 0.9439 - val_loss: 0.3024
Epoch 30/50
49/50 ???????????????????? 0s 45ms/step - acc: 0.8812 - auc: 0.9495 - loss: 0.2880
Epoch 30: val_acc did not improve from 0.87556
50/50 ???????????????????? 2s 48ms/step - acc: 0.8812 - auc: 0.9495 - loss: 0.2879 - val_acc: 0.8717 - val_auc: 0.9419 - val_loss: 0.3080
Epoch 31/50
49/50 ???????????????????? 0s 46ms/step - acc: 0.8779 - auc: 0.9489 - loss: 0.2888
Epoch 31: val_acc did not improve from 0.87556
50/50 ???????????????????? 2s 49ms/step - acc: 0.8779 - auc: 0.9489 - loss: 0.2888 - val_acc: 0.8730 - val_auc: 0.9427 - val_loss: 0.3050
Epoch 32/50
49/50 ???????????????????? 0s 45ms/step - acc: 0.8829 - auc: 0.9527 - loss: 0.2785
Epoch 32: val_acc did not improve from 0.87556
50/50 ???????????????????? 2s 48ms/step - acc: 0.8828 - auc: 0.9527 - loss: 0.2786 - val_acc: 0.8737 - val_auc: 0.9454 - val_loss: 0.2986
Epoch 33/50
49/50 ???????????????????? 0s 46ms/step - acc: 0.8844 - auc: 0.9514 - loss: 0.2817
Epoch 33: val_acc improved from 0.87556 to 0.87619, saving model to saved_models/best_MACSynDCR_CNN_model.keras
50/50 ???????????????????? 3s 50ms/step - acc: 0.8844 - auc: 0.9515 - loss: 0.2816 - val_acc: 0.8762 - val_auc: 0.9429 - val_loss: 0.3051
Epoch 34/50
50/50 ???????????????????? 0s 46ms/step - acc: 0.8778 - auc: 0.9508 - loss: 0.2843
Epoch 34: val_acc improved from 0.87619 to 0.88190, saving model to saved_models/best_MACSynDCR_CNN_model.keras
50/50 ???????????????????? 3s 50ms/step - acc: 0.8778 - auc: 0.9508 - loss: 0.2843 - val_acc: 0.8819 - val_auc: 0.9485 - val_loss: 0.2896
Epoch 35/50
50/50 ???????????????????? 0s 46ms/step - acc: 0.8820 - auc: 0.9535 - loss: 0.2765
Epoch 35: val_acc did not improve from 0.88190
50/50 ???????????????????? 3s 50ms/step - acc: 0.8820 - auc: 0.9535 - loss: 0.2765 - val_acc: 0.8711 - val_auc: 0.9455 - val_loss: 0.2991
Epoch 36/50
49/50 ???????????????????? 0s 47ms/step - acc: 0.8896 - auc: 0.9565 - loss: 0.2672
Epoch 36: val_acc did not improve from 0.88190
50/50 ???????????????????? 3s 50ms/step - acc: 0.8895 - auc: 0.9564 - loss: 0.2674 - val_acc: 0.8756 - val_auc: 0.9457 - val_loss: 0.2993
Epoch 37/50
49/50 ???????????????????? 0s 46ms/step - acc: 0.8906 - auc: 0.9568 - loss: 0.2669
Epoch 37: val_acc did not improve from 0.88190
50/50 ???????????????????? 2s 49ms/step - acc: 0.8904 - auc: 0.9567 - loss: 0.2673 - val_acc: 0.8800 - val_auc: 0.9486 - val_loss: 0.2901
Epoch 38/50
50/50 ???????????????????? 0s 46ms/step - acc: 0.8832 - auc: 0.9559 - loss: 0.2703
Epoch 38: val_acc did not improve from 0.88190
50/50 ???????????????????? 2s 50ms/step - acc: 0.8832 - auc: 0.9559 - loss: 0.2703 - val_acc: 0.8775 - val_auc: 0.9473 - val_loss: 0.2941
Epoch 39/50
49/50 ???????????????????? 0s 45ms/step - acc: 0.8957 - auc: 0.9601 - loss: 0.2556
Epoch 39: val_acc did not improve from 0.88190
50/50 ???????????????????? 2s 48ms/step - acc: 0.8955 - auc: 0.9600 - loss: 0.2559 - val_acc: 0.8705 - val_auc: 0.9476 - val_loss: 0.2929
Epoch 40/50
49/50 ???????????????????? 0s 47ms/step - acc: 0.8940 - auc: 0.9610 - loss: 0.2526
Epoch 40: val_acc did not improve from 0.88190
50/50 ???????????????????? 3s 50ms/step - acc: 0.8939 - auc: 0.9609 - loss: 0.2528 - val_acc: 0.8768 - val_auc: 0.9465 - val_loss: 0.2999
Epoch 41/50
50/50 ???????????????????? 0s 46ms/step - acc: 0.8949 - auc: 0.9606 - loss: 0.2540
Epoch 41: val_acc did not improve from 0.88190
50/50 ???????????????????? 3s 50ms/step - acc: 0.8949 - auc: 0.9606 - loss: 0.2542 - val_acc: 0.8813 - val_auc: 0.9484 - val_loss: 0.2905
Epoch 42/50
49/50 ???????????????????? 0s 49ms/step - acc: 0.8934 - auc: 0.9601 - loss: 0.2556
Epoch 42: val_acc did not improve from 0.88190
50/50 ???????????????????? 3s 51ms/step - acc: 0.8932 - auc: 0.9600 - loss: 0.2558 - val_acc: 0.8781 - val_auc: 0.9456 - val_loss: 0.2989
Epoch 43/50
49/50 ???????????????????? 0s 48ms/step - acc: 0.8953 - auc: 0.9633 - loss: 0.2458
Epoch 43: val_acc did not improve from 0.88190
50/50 ???????????????????? 3s 51ms/step - acc: 0.8952 - auc: 0.9632 - loss: 0.2460 - val_acc: 0.8749 - val_auc: 0.9487 - val_loss: 0.2909
Epoch 44/50
48/50 ???????????????????? 0s 46ms/step - acc: 0.9001 - auc: 0.9648 - loss: 0.2395
Epoch 44: val_acc did not improve from 0.88190
50/50 ???????????????????? 2s 49ms/step - acc: 0.8998 - auc: 0.9646 - loss: 0.2402 - val_acc: 0.8737 - val_auc: 0.9465 - val_loss: 0.2982
Epoch 45/50
49/50 ???????????????????? 0s 47ms/step - acc: 0.8963 - auc: 0.9628 - loss: 0.2473
Epoch 45: val_acc did not improve from 0.88190
50/50 ???????????????????? 3s 50ms/step - acc: 0.8963 - auc: 0.9628 - loss: 0.2472 - val_acc: 0.8711 - val_auc: 0.9469 - val_loss: 0.2978
Epoch 46/50
50/50 ???????????????????? 0s 47ms/step - acc: 0.8842 - auc: 0.9585 - loss: 0.2615
Epoch 46: val_acc did not improve from 0.88190
50/50 ???????????????????? 3s 50ms/step - acc: 0.8843 - auc: 0.9585 - loss: 0.2614 - val_acc: 0.8749 - val_auc: 0.9473 - val_loss: 0.2951
Epoch 47/50
50/50 ???????????????????? 0s 46ms/step - acc: 0.8982 - auc: 0.9634 - loss: 0.2449
Epoch 47: val_acc did not improve from 0.88190
50/50 ???????????????????? 3s 50ms/step - acc: 0.8982 - auc: 0.9634 - loss: 0.2449 - val_acc: 0.8737 - val_auc: 0.9465 - val_loss: 0.3029
Epoch 48/50
49/50 ???????????????????? 0s 46ms/step - acc: 0.8959 - auc: 0.9645 - loss: 0.2410
Epoch 48: val_acc did not improve from 0.88190
50/50 ???????????????????? 2s 49ms/step - acc: 0.8960 - auc: 0.9646 - loss: 0.2409 - val_acc: 0.8794 - val_auc: 0.9473 - val_loss: 0.2967
Epoch 49/50
49/50 ???????????????????? 0s 46ms/step - acc: 0.8977 - auc: 0.9659 - loss: 0.2363
Epoch 49: val_acc did not improve from 0.88190
50/50 ???????????????????? 2s 49ms/step - acc: 0.8976 - auc: 0.9659 - loss: 0.2365 - val_acc: 0.8743 - val_auc: 0.9465 - val_loss: 0.2963
Epoch 50/50
49/50 ???????????????????? 0s 47ms/step - acc: 0.8963 - auc: 0.9650 - loss: 0.2395
Epoch 50: val_acc did not improve from 0.88190
50/50 ???????????????????? 2s 49ms/step - acc: 0.8964 - auc: 0.9650 - loss: 0.2395 - val_acc: 0.8787 - val_auc: 0.9477 - val_loss: 0.2957
50/50 ???????????????????? 0s 6ms/step
50/50 ???????????????????? 0s 5ms/step
CNN: Accuracy: 0.8819, AUC-ROC: 0.9483
CNN: AUC-PR: 0.9479, Precision: 0.8742,
CNN Recall: 0.8877, F1 Score: 0.8809
CNN:RMSE: 13.6382 , PCC: 0.8063
Evaluation of Keras MACSynDCR_ANN model:
50/50 ???????????????????? 1s 4ms/step - acc: 0.8892 - auc: 0.9500 - loss: 0.4141
Evaluate->  Loss: 0.4296, Accuracy: 0.8914,AUC: 0.9481
50/50 ???????????????????? 0s 6ms/step
197/197 ???????????????????? 1s 3ms/step
ANN: Accuracy: 0.8914, AUC-ROC: 0.9574
ANN: AUC-PR: 0.9565, Precision: 0.8892,
ANN Recall: 0.8903, F1 Score: 0.8897
ANN:RMSE: 13.0767 , PCC: 0.8072
****************************************************************************************************
Evaluation of Keras MACSynDCR_CNN model:
50/50 ???????????????????? 1s 4ms/step - acc: 0.8856 - auc: 0.9497 - loss: 0.2844
Evaluate->  Loss: 0.2896, Accuracy: 0.8819,Accuracy: 0.9485
50/50 ???????????????????? 0s 5ms/step
197/197 ???????????????????? 1s 4ms/step
CNN: Accuracy: 0.8819, AUC-ROC: 0.9483
CNN: AUC-PR: 0.9479, Precision: 0.8742,
CNN Recall: 0.8877, F1 Score: 0.8809
CNN:RMSE: 13.6382 , PCC: 0.8063
****************************************************************************************************
Accuracy Score and AUC for ANN = AUC: 0.9568, Accuracy: 0.8990
Accuracy Score and AUC for KANN = AUC: 0.9574, Accuracy: 0.8914
Accuracy Score and AUC for KCNN = AUC: 0.9483, Accuracy: 0.8819
Average AUC = AUC: 0.9656, Accuracy: 0.9111
MAX AUC = AUC: 0.9603, Accuracy: 0.8730
Fitting 5 folds for each of 14 candidates, totalling 70 fits
Finall ensemble results of fold_2 for MACSynDCR:
----------------------------------------------------------------------------------------------------
Ensemble Accuracy: 0.9137, AUC-ROC: 0.9657
Ensemble AUC-PR: 0.9643, Precision: 0.9166,
Ensemble Recall: 0.9071, F1 Score: 0.9118
Ensemble RMSE: 11.6619 , PCC: 0.8558
----------------------------------------------------------------------------------------------------
Fold 3
Data processing and Training of MACSynDCR_ANN model:
ANN_model saved with Val_ACC: 0.4806 Val_AUC: 0.4721
fold_3: Epoch [1/50], Loss: 0.7063, Val_ACC: 0.4806, Val_AUC: 0.4721
ANN_model saved with Val_ACC: 0.7683 Val_AUC: 0.8509
ANN_model saved with Val_ACC: 0.8121 Val_AUC: 0.8985
ANN_model saved with Val_ACC: 0.8362 Val_AUC: 0.9124
ANN_model saved with Val_ACC: 0.8444 Val_AUC: 0.9218
ANN_model saved with Val_ACC: 0.8521 Val_AUC: 0.9284
ANN_model saved with Val_ACC: 0.8559 Val_AUC: 0.9335
ANN_model saved with Val_ACC: 0.8667 Val_AUC: 0.9374
ANN_model saved with Val_ACC: 0.8705 Val_AUC: 0.9405
ANN_model saved with Val_ACC: 0.8775 Val_AUC: 0.9453
ANN_model saved with Val_ACC: 0.8813 Val_AUC: 0.9471
ANN_model saved with Val_ACC: 0.8838 Val_AUC: 0.9444
ANN_model saved with Val_ACC: 0.8863 Val_AUC: 0.9482
ANN_model saved with Val_ACC: 0.8895 Val_AUC: 0.9495
ANN_model saved with Val_ACC: 0.8902 Val_AUC: 0.9540
ANN_model saved with Val_ACC: 0.8978 Val_AUC: 0.9537
ANN_model saved with Val_ACC: 0.9035 Val_AUC: 0.9604
fold_3: Epoch [21/50], Loss: 0.3372, Val_ACC: 0.9022, Val_AUC: 0.9600
ANN_model saved with Val_ACC: 0.9067 Val_AUC: 0.9598
ANN_model saved with Val_ACC: 0.9079 Val_AUC: 0.9608
ANN_model saved with Val_ACC: 0.9092 Val_AUC: 0.9607
fold_3: Epoch [41/50], Loss: 0.3196, Val_ACC: 0.9060, Val_AUC: 0.9612
ANN_model saved with Val_ACC: 0.9098 Val_AUC: 0.9620
ANN_model saved with Val_ACC: 0.9117 Val_AUC: 0.9628
ANN_model saved with Val_ACC: 0.9124 Val_AUC: 0.9631
ANN_model saved with Val_ACC: 0.9130 Val_AUC: 0.9629
Accuracy: 0.9130, AUC-ROC: 0.9629
 AUC-PR: 0.9561, Precision: 0.8977, Recall: 0.9270, F1 Score: 0.9121
RMSE: 10.8450 , PCC: 0.8430
Data processing and Training of MACSynDCR_ANN model:
MACSynDCR_ANN model:
Model: "sequential_4"
????????????????????????????????????????????????????????????????????????????????????????
? Layer (type)                         ? Output Shape                ?         Param # ?
????????????????????????????????????????????????????????????????????????????????????????
¦ dense_16 (Dense)                     ¦ (None, 2048)                ¦       4,458,496 ¦
+--------------------------------------+-----------------------------+-----------------¦
¦ batch_normalization_10               ¦ (None, 2048)                ¦           8,192 ¦
¦ (BatchNormalization)                 ¦                             ¦                 ¦
+--------------------------------------+-----------------------------+-----------------¦
¦ dense_17 (Dense)                     ¦ (None, 1024)                ¦       2,098,176 ¦
+--------------------------------------+-----------------------------+-----------------¦
¦ batch_normalization_11               ¦ (None, 1024)                ¦           4,096 ¦
¦ (BatchNormalization)                 ¦                             ¦                 ¦
+--------------------------------------+-----------------------------+-----------------¦
¦ dense_18 (Dense)                     ¦ (None, 512)                 ¦         524,800 ¦
+--------------------------------------+-----------------------------+-----------------¦
¦ batch_normalization_12               ¦ (None, 512)                 ¦           2,048 ¦
¦ (BatchNormalization)                 ¦                             ¦                 ¦
+--------------------------------------+-----------------------------+-----------------¦
¦ dense_19 (Dense)                     ¦ (None, 256)                 ¦         131,328 ¦
+--------------------------------------+-----------------------------+-----------------¦
¦ batch_normalization_13               ¦ (None, 256)                 ¦           1,024 ¦
¦ (BatchNormalization)                 ¦                             ¦                 ¦
+--------------------------------------+-----------------------------+-----------------¦
¦ dense_20 (Dense)                     ¦ (None, 128)                 ¦          32,896 ¦
+--------------------------------------+-----------------------------+-----------------¦
¦ batch_normalization_14               ¦ (None, 128)                 ¦             512 ¦
¦ (BatchNormalization)                 ¦                             ¦                 ¦
+--------------------------------------+-----------------------------+-----------------¦
¦ dense_21 (Dense)                     ¦ (None, 2)                   ¦             258 ¦
+--------------------------------------------------------------------------------------+
 Total params: 7,261,826 (27.70 MB)
 Trainable params: 7,253,890 (27.67 MB)
 Non-trainable params: 7,936 (31.00 KB)
Epoch 1/50
49/50 ???????????????????? 0s 47ms/step - acc: 0.7290 - auc: 0.8052 - loss: 0.6203
Epoch 1: val_auc improved from -inf to 0.72924, saving model to saved_models/best_MACSynDCR_ANN_model.keras
50/50 ???????????????????? 7s 71ms/step - acc: 0.7309 - auc: 0.8074 - loss: 0.6155 - val_acc: 0.6432 - val_auc: 0.7292 - val_loss: 0.6166
Epoch 2/50
50/50 ???????????????????? 0s 47ms/step - acc: 0.8722 - auc: 0.9453 - loss: 0.2999
Epoch 2: val_auc improved from 0.72924 to 0.79619, saving model to saved_models/best_MACSynDCR_ANN_model.keras
50/50 ???????????????????? 3s 63ms/step - acc: 0.8721 - auc: 0.9453 - loss: 0.3000 - val_acc: 0.7060 - val_auc: 0.7962 - val_loss: 0.5802
Epoch 3/50
49/50 ???????????????????? 0s 47ms/step - acc: 0.9067 - auc: 0.9660 - loss: 0.2385
Epoch 3: val_auc improved from 0.79619 to 0.79688, saving model to saved_models/best_MACSynDCR_ANN_model.keras
50/50 ???????????????????? 3s 64ms/step - acc: 0.9066 - auc: 0.9660 - loss: 0.2385 - val_acc: 0.7232 - val_auc: 0.7969 - val_loss: 0.6310
Epoch 4/50
50/50 ???????????????????? 0s 48ms/step - acc: 0.9283 - auc: 0.9774 - loss: 0.1915
Epoch 4: val_auc improved from 0.79688 to 0.87050, saving model to saved_models/best_MACSynDCR_ANN_model.keras
50/50 ???????????????????? 3s 64ms/step - acc: 0.9282 - auc: 0.9773 - loss: 0.1917 - val_acc: 0.7886 - val_auc: 0.8705 - val_loss: 0.5142
Epoch 5/50
49/50 ???????????????????? 0s 47ms/step - acc: 0.9440 - auc: 0.9833 - loss: 0.1630
Epoch 5: val_auc improved from 0.87050 to 0.90104, saving model to saved_models/best_MACSynDCR_ANN_model.keras
50/50 ???????????????????? 3s 64ms/step - acc: 0.9437 - auc: 0.9832 - loss: 0.1635 - val_acc: 0.8197 - val_auc: 0.9010 - val_loss: 0.5018
Epoch 6/50
49/50 ???????????????????? 0s 47ms/step - acc: 0.9288 - auc: 0.9797 - loss: 0.1811
Epoch 6: val_auc improved from 0.90104 to 0.94270, saving model to saved_models/best_MACSynDCR_ANN_model.keras
50/50 ???????????????????? 3s 63ms/step - acc: 0.9288 - auc: 0.9797 - loss: 0.1810 - val_acc: 0.8667 - val_auc: 0.9427 - val_loss: 0.3408
Epoch 7/50
50/50 ???????????????????? 0s 47ms/step - acc: 0.9587 - auc: 0.9922 - loss: 0.1155
Epoch 7: val_auc did not improve from 0.94270
50/50 ???????????????????? 2s 49ms/step - acc: 0.9586 - auc: 0.9922 - loss: 0.1155 - val_acc: 0.8749 - val_auc: 0.9416 - val_loss: 0.3788
Epoch 8/50
50/50 ???????????????????? 0s 47ms/step - acc: 0.9592 - auc: 0.9922 - loss: 0.1124
Epoch 8: val_auc did not improve from 0.94270
50/50 ???????????????????? 2s 49ms/step - acc: 0.9591 - auc: 0.9922 - loss: 0.1125 - val_acc: 0.8679 - val_auc: 0.9326 - val_loss: 0.4184
Epoch 9/50
49/50 ???????????????????? 0s 47ms/step - acc: 0.9683 - auc: 0.9945 - loss: 0.0931
Epoch 9: val_auc improved from 0.94270 to 0.94398, saving model to saved_models/best_MACSynDCR_ANN_model.keras
50/50 ???????????????????? 3s 64ms/step - acc: 0.9682 - auc: 0.9945 - loss: 0.0932 - val_acc: 0.8813 - val_auc: 0.9440 - val_loss: 0.3885
Epoch 10/50
49/50 ???????????????????? 0s 47ms/step - acc: 0.9741 - auc: 0.9962 - loss: 0.0728
Epoch 10: val_auc improved from 0.94398 to 0.94783, saving model to saved_models/best_MACSynDCR_ANN_model.keras
50/50 ???????????????????? 3s 64ms/step - acc: 0.9742 - auc: 0.9963 - loss: 0.0728 - val_acc: 0.8870 - val_auc: 0.9478 - val_loss: 0.4001
Epoch 11/50
50/50 ???????????????????? 0s 47ms/step - acc: 0.9813 - auc: 0.9969 - loss: 0.0630
Epoch 11: val_auc did not improve from 0.94783
50/50 ???????????????????? 2s 49ms/step - acc: 0.9812 - auc: 0.9969 - loss: 0.0631 - val_acc: 0.8686 - val_auc: 0.9370 - val_loss: 0.4472
Epoch 12/50
49/50 ???????????????????? 0s 48ms/step - acc: 0.9769 - auc: 0.9967 - loss: 0.0710
Epoch 12: val_auc did not improve from 0.94783
50/50 ???????????????????? 3s 51ms/step - acc: 0.9769 - auc: 0.9967 - loss: 0.0709 - val_acc: 0.8724 - val_auc: 0.9348 - val_loss: 0.4871
Epoch 13/50
50/50 ???????????????????? 0s 46ms/step - acc: 0.9779 - auc: 0.9968 - loss: 0.0649
Epoch 13: val_auc did not improve from 0.94783
50/50 ???????????????????? 2s 49ms/step - acc: 0.9778 - auc: 0.9967 - loss: 0.0651 - val_acc: 0.8908 - val_auc: 0.9429 - val_loss: 0.4263
Epoch 14/50
49/50 ???????????????????? 0s 47ms/step - acc: 0.9572 - auc: 0.9907 - loss: 0.1145
Epoch 14: val_auc did not improve from 0.94783
50/50 ???????????????????? 2s 49ms/step - acc: 0.9572 - auc: 0.9907 - loss: 0.1146 - val_acc: 0.8762 - val_auc: 0.9395 - val_loss: 0.4482
Epoch 15/50
50/50 ???????????????????? 0s 47ms/step - acc: 0.9629 - auc: 0.9930 - loss: 0.0999
Epoch 15: val_auc did not improve from 0.94783
50/50 ???????????????????? 2s 49ms/step - acc: 0.9629 - auc: 0.9930 - loss: 0.0998 - val_acc: 0.8857 - val_auc: 0.9460 - val_loss: 0.4199
Epoch 16/50
50/50 ???????????????????? 0s 47ms/step - acc: 0.9808 - auc: 0.9971 - loss: 0.0608
Epoch 16: val_auc did not improve from 0.94783
50/50 ???????????????????? 2s 49ms/step - acc: 0.9807 - auc: 0.9971 - loss: 0.0609 - val_acc: 0.8832 - val_auc: 0.9429 - val_loss: 0.4120
Epoch 17/50
50/50 ???????????????????? 0s 48ms/step - acc: 0.9788 - auc: 0.9977 - loss: 0.0581
Epoch 17: val_auc did not improve from 0.94783
50/50 ???????????????????? 3s 50ms/step - acc: 0.9789 - auc: 0.9977 - loss: 0.0580 - val_acc: 0.8806 - val_auc: 0.9464 - val_loss: 0.4128
Epoch 18/50
50/50 ???????????????????? 0s 47ms/step - acc: 0.9846 - auc: 0.9976 - loss: 0.0505
Epoch 18: val_auc improved from 0.94783 to 0.94881, saving model to saved_models/best_MACSynDCR_ANN_model.keras
50/50 ???????????????????? 3s 64ms/step - acc: 0.9845 - auc: 0.9976 - loss: 0.0505 - val_acc: 0.8863 - val_auc: 0.9488 - val_loss: 0.3926
Epoch 19/50
49/50 ???????????????????? 0s 47ms/step - acc: 0.9880 - auc: 0.9988 - loss: 0.0381
Epoch 19: val_auc did not improve from 0.94881
50/50 ???????????????????? 2s 49ms/step - acc: 0.9878 - auc: 0.9988 - loss: 0.0384 - val_acc: 0.8946 - val_auc: 0.9487 - val_loss: 0.3975
Epoch 20/50
49/50 ???????????????????? 0s 48ms/step - acc: 0.9874 - auc: 0.9988 - loss: 0.0377
Epoch 20: val_auc did not improve from 0.94881
50/50 ???????????????????? 3s 50ms/step - acc: 0.9873 - auc: 0.9988 - loss: 0.0378 - val_acc: 0.8971 - val_auc: 0.9482 - val_loss: 0.4000
Epoch 21/50
49/50 ???????????????????? 0s 47ms/step - acc: 0.9829 - auc: 0.9971 - loss: 0.0554
Epoch 21: val_auc did not improve from 0.94881
50/50 ???????????????????? 2s 49ms/step - acc: 0.9829 - auc: 0.9971 - loss: 0.0553 - val_acc: 0.8806 - val_auc: 0.9422 - val_loss: 0.4610
Epoch 22/50
49/50 ???????????????????? 0s 48ms/step - acc: 0.9891 - auc: 0.9993 - loss: 0.0302
Epoch 22: val_auc did not improve from 0.94881
50/50 ???????????????????? 3s 50ms/step - acc: 0.9891 - auc: 0.9993 - loss: 0.0302 - val_acc: 0.8908 - val_auc: 0.9458 - val_loss: 0.4374
Epoch 23/50
50/50 ???????????????????? 0s 47ms/step - acc: 0.9900 - auc: 0.9993 - loss: 0.0313
Epoch 23: val_auc did not improve from 0.94881
50/50 ???????????????????? 3s 50ms/step - acc: 0.9899 - auc: 0.9993 - loss: 0.0315 - val_acc: 0.8806 - val_auc: 0.9445 - val_loss: 0.4418
Epoch 24/50
49/50 ???????????????????? 0s 48ms/step - acc: 0.9788 - auc: 0.9955 - loss: 0.0661
Epoch 24: val_auc did not improve from 0.94881
50/50 ???????????????????? 3s 51ms/step - acc: 0.9788 - auc: 0.9955 - loss: 0.0659 - val_acc: 0.8737 - val_auc: 0.9358 - val_loss: 0.5078
Epoch 25/50
49/50 ???????????????????? 0s 47ms/step - acc: 0.9848 - auc: 0.9983 - loss: 0.0431
Epoch 25: val_auc did not improve from 0.94881
50/50 ???????????????????? 2s 49ms/step - acc: 0.9847 - auc: 0.9983 - loss: 0.0431 - val_acc: 0.8933 - val_auc: 0.9464 - val_loss: 0.4305
Epoch 26/50
49/50 ???????????????????? 0s 48ms/step - acc: 0.9870 - auc: 0.9985 - loss: 0.0428
Epoch 26: val_auc did not improve from 0.94881
50/50 ???????????????????? 3s 50ms/step - acc: 0.9868 - auc: 0.9985 - loss: 0.0431 - val_acc: 0.8768 - val_auc: 0.9378 - val_loss: 0.5039
Epoch 27/50
49/50 ???????????????????? 0s 47ms/step - acc: 0.9759 - auc: 0.9956 - loss: 0.0719
Epoch 27: val_auc did not improve from 0.94881
50/50 ???????????????????? 3s 50ms/step - acc: 0.9759 - auc: 0.9956 - loss: 0.0719 - val_acc: 0.8781 - val_auc: 0.9335 - val_loss: 0.5248
Epoch 28/50
50/50 ???????????????????? 0s 47ms/step - acc: 0.9849 - auc: 0.9984 - loss: 0.0430
Epoch 28: val_auc did not improve from 0.94881
50/50 ???????????????????? 3s 50ms/step - acc: 0.9849 - auc: 0.9984 - loss: 0.0431 - val_acc: 0.8933 - val_auc: 0.9403 - val_loss: 0.4725
Epoch 29/50
50/50 ???????????????????? 0s 47ms/step - acc: 0.9882 - auc: 0.9993 - loss: 0.0324
Epoch 29: val_auc did not improve from 0.94881
50/50 ???????????????????? 3s 50ms/step - acc: 0.9882 - auc: 0.9993 - loss: 0.0324 - val_acc: 0.9041 - val_auc: 0.9476 - val_loss: 0.4066
Epoch 30/50
49/50 ???????????????????? 0s 47ms/step - acc: 0.9939 - auc: 0.9995 - loss: 0.0224
Epoch 30: val_auc did not improve from 0.94881
50/50 ???????????????????? 2s 49ms/step - acc: 0.9939 - auc: 0.9995 - loss: 0.0224 - val_acc: 0.9029 - val_auc: 0.9438 - val_loss: 0.4383
Epoch 31/50
50/50 ???????????????????? 0s 47ms/step - acc: 0.9936 - auc: 0.9994 - loss: 0.0223
Epoch 31: val_auc did not improve from 0.94881
50/50 ???????????????????? 2s 49ms/step - acc: 0.9936 - auc: 0.9994 - loss: 0.0224 - val_acc: 0.9016 - val_auc: 0.9480 - val_loss: 0.4485
Epoch 32/50
49/50 ???????????????????? 0s 48ms/step - acc: 0.9944 - auc: 0.9998 - loss: 0.0180
Epoch 32: val_auc did not improve from 0.94881
50/50 ???????????????????? 3s 50ms/step - acc: 0.9944 - auc: 0.9998 - loss: 0.0181 - val_acc: 0.8946 - val_auc: 0.9463 - val_loss: 0.4575
Epoch 33/50
50/50 ???????????????????? 0s 47ms/step - acc: 0.9829 - auc: 0.9977 - loss: 0.0454
Epoch 33: val_auc did not improve from 0.94881
50/50 ???????????????????? 2s 49ms/step - acc: 0.9829 - auc: 0.9977 - loss: 0.0455 - val_acc: 0.8857 - val_auc: 0.9404 - val_loss: 0.4925
Epoch 34/50
49/50 ???????????????????? 0s 47ms/step - acc: 0.9869 - auc: 0.9985 - loss: 0.0394
Epoch 34: val_auc did not improve from 0.94881
50/50 ???????????????????? 2s 49ms/step - acc: 0.9868 - auc: 0.9985 - loss: 0.0395 - val_acc: 0.8737 - val_auc: 0.9385 - val_loss: 0.5037
Epoch 35/50
50/50 ???????????????????? 0s 48ms/step - acc: 0.9866 - auc: 0.9984 - loss: 0.0407
Epoch 35: val_auc did not improve from 0.94881
50/50 ???????????????????? 3s 51ms/step - acc: 0.9867 - auc: 0.9984 - loss: 0.0408 - val_acc: 0.8895 - val_auc: 0.9312 - val_loss: 0.5473
Epoch 36/50
49/50 ???????????????????? 0s 47ms/step - acc: 0.9897 - auc: 0.9991 - loss: 0.0286
Epoch 36: val_auc did not improve from 0.94881
50/50 ???????????????????? 3s 50ms/step - acc: 0.9897 - auc: 0.9991 - loss: 0.0286 - val_acc: 0.8825 - val_auc: 0.9362 - val_loss: 0.5174
Epoch 37/50
50/50 ???????????????????? 0s 47ms/step - acc: 0.9850 - auc: 0.9979 - loss: 0.0380
Epoch 37: val_auc did not improve from 0.94881
50/50 ???????????????????? 3s 50ms/step - acc: 0.9851 - auc: 0.9979 - loss: 0.0379 - val_acc: 0.8902 - val_auc: 0.9412 - val_loss: 0.4862
Epoch 38/50
50/50 ???????????????????? 0s 47ms/step - acc: 0.9917 - auc: 0.9993 - loss: 0.0257
Epoch 38: val_auc did not improve from 0.94881
50/50 ???????????????????? 2s 49ms/step - acc: 0.9917 - auc: 0.9994 - loss: 0.0257 - val_acc: 0.8978 - val_auc: 0.9446 - val_loss: 0.4745
Epoch 39/50
49/50 ???????????????????? 0s 46ms/step - acc: 0.9924 - auc: 0.9996 - loss: 0.0247
Epoch 39: val_auc did not improve from 0.94881
50/50 ???????????????????? 2s 49ms/step - acc: 0.9924 - auc: 0.9996 - loss: 0.0246 - val_acc: 0.8851 - val_auc: 0.9422 - val_loss: 0.4943
Epoch 40/50
49/50 ???????????????????? 0s 47ms/step - acc: 0.9812 - auc: 0.9964 - loss: 0.0582
Epoch 40: val_auc did not improve from 0.94881
50/50 ???????????????????? 2s 49ms/step - acc: 0.9813 - auc: 0.9964 - loss: 0.0582 - val_acc: 0.8851 - val_auc: 0.9385 - val_loss: 0.5060
Epoch 41/50
49/50 ???????????????????? 0s 47ms/step - acc: 0.9899 - auc: 0.9983 - loss: 0.0365
Epoch 41: val_auc did not improve from 0.94881
50/50 ???????????????????? 2s 49ms/step - acc: 0.9899 - auc: 0.9983 - loss: 0.0364 - val_acc: 0.8857 - val_auc: 0.9412 - val_loss: 0.4811
Epoch 42/50
50/50 ???????????????????? 0s 47ms/step - acc: 0.9887 - auc: 0.9988 - loss: 0.0355
Epoch 42: val_auc did not improve from 0.94881
50/50 ???????????????????? 2s 49ms/step - acc: 0.9886 - auc: 0.9988 - loss: 0.0356 - val_acc: 0.8984 - val_auc: 0.9447 - val_loss: 0.4584
Epoch 43/50
50/50 ???????????????????? 0s 47ms/step - acc: 0.9827 - auc: 0.9982 - loss: 0.0484
Epoch 43: val_auc did not improve from 0.94881
50/50 ???????????????????? 2s 49ms/step - acc: 0.9826 - auc: 0.9982 - loss: 0.0485 - val_acc: 0.8743 - val_auc: 0.9291 - val_loss: 0.5659
Epoch 44/50
49/50 ???????????????????? 0s 47ms/step - acc: 0.9871 - auc: 0.9985 - loss: 0.0406
Epoch 44: val_auc did not improve from 0.94881
50/50 ???????????????????? 3s 50ms/step - acc: 0.9872 - auc: 0.9985 - loss: 0.0404 - val_acc: 0.8863 - val_auc: 0.9426 - val_loss: 0.4933
Epoch 45/50
49/50 ???????????????????? 0s 47ms/step - acc: 0.9884 - auc: 0.9975 - loss: 0.0440
Epoch 45: val_auc did not improve from 0.94881
50/50 ???????????????????? 2s 49ms/step - acc: 0.9884 - auc: 0.9975 - loss: 0.0438 - val_acc: 0.8838 - val_auc: 0.9448 - val_loss: 0.4779
Epoch 46/50
49/50 ???????????????????? 0s 47ms/step - acc: 0.9947 - auc: 0.9993 - loss: 0.0190
Epoch 46: val_auc did not improve from 0.94881
50/50 ???????????????????? 2s 49ms/step - acc: 0.9946 - auc: 0.9993 - loss: 0.0191 - val_acc: 0.8959 - val_auc: 0.9467 - val_loss: 0.4452
Epoch 47/50
49/50 ???????????????????? 0s 47ms/step - acc: 0.9966 - auc: 0.9998 - loss: 0.0128
Epoch 47: val_auc did not improve from 0.94881
50/50 ???????????????????? 3s 50ms/step - acc: 0.9966 - auc: 0.9998 - loss: 0.0127 - val_acc: 0.8946 - val_auc: 0.9438 - val_loss: 0.4924
Epoch 48/50
50/50 ???????????????????? 0s 48ms/step - acc: 0.9985 - auc: 0.9992 - loss: 0.0093
Epoch 48: val_auc did not improve from 0.94881
50/50 ???????????????????? 3s 50ms/step - acc: 0.9985 - auc: 0.9992 - loss: 0.0093 - val_acc: 0.9054 - val_auc: 0.9457 - val_loss: 0.4746
Epoch 49/50
50/50 ???????????????????? 0s 47ms/step - acc: 0.9995 - auc: 1.0000 - loss: 0.0033
Epoch 49: val_auc did not improve from 0.94881
50/50 ???????????????????? 2s 49ms/step - acc: 0.9995 - auc: 1.0000 - loss: 0.0033 - val_acc: 0.9022 - val_auc: 0.9424 - val_loss: 0.4905
Epoch 50/50
50/50 ???????????????????? 0s 48ms/step - acc: 0.9982 - auc: 0.9997 - loss: 0.0088
Epoch 50: val_auc did not improve from 0.94881
50/50 ???????????????????? 3s 51ms/step - acc: 0.9982 - auc: 0.9997 - loss: 0.0087 - val_acc: 0.9022 - val_auc: 0.9458 - val_loss: 0.5073
50/50 ???????????????????? 0s 6ms/step
50/50 ???????????????????? 0s 4ms/step
ANN: Accuracy: 0.8863, AUC-ROC: 0.9578
ANN: AUC-PR: 0.9589, Precision: 0.9061,
ANN Recall: 0.8553, F1 Score: 0.8799
\ANN:RMSE: 13.3791 , PCC: 0.8047
Data processing and Training of MACSynDCR_CNN model:
MACSynDCR_CNN model:
Model: "sequential_5"
????????????????????????????????????????????????????????????????????????????????????????
? Layer (type)                         ? Output Shape                ?         Param # ?
????????????????????????????????????????????????????????????????????????????????????????
¦ conv2d_6 (Conv2D)                    ¦ (None, 66, 30, 32)          ¦             320 ¦
+--------------------------------------+-----------------------------+-----------------¦
¦ max_pooling2d_6 (MaxPooling2D)       ¦ (None, 33, 15, 32)          ¦               0 ¦
+--------------------------------------+-----------------------------+-----------------¦
¦ dropout_6 (Dropout)                  ¦ (None, 33, 15, 32)          ¦               0 ¦
+--------------------------------------+-----------------------------+-----------------¦
¦ conv2d_7 (Conv2D)                    ¦ (None, 31, 13, 64)          ¦          18,496 ¦
+--------------------------------------+-----------------------------+-----------------¦
¦ max_pooling2d_7 (MaxPooling2D)       ¦ (None, 15, 6, 64)           ¦               0 ¦
+--------------------------------------+-----------------------------+-----------------¦
¦ dropout_7 (Dropout)                  ¦ (None, 15, 6, 64)           ¦               0 ¦
+--------------------------------------+-----------------------------+-----------------¦
¦ conv2d_8 (Conv2D)                    ¦ (None, 13, 4, 128)          ¦          73,856 ¦
+--------------------------------------+-----------------------------+-----------------¦
¦ max_pooling2d_8 (MaxPooling2D)       ¦ (None, 6, 2, 128)           ¦               0 ¦
+--------------------------------------+-----------------------------+-----------------¦
¦ dropout_8 (Dropout)                  ¦ (None, 6, 2, 128)           ¦               0 ¦
+--------------------------------------+-----------------------------+-----------------¦
¦ flatten_2 (Flatten)                  ¦ (None, 1536)                ¦               0 ¦
+--------------------------------------+-----------------------------+-----------------¦
¦ dense_22 (Dense)                     ¦ (None, 128)                 ¦         196,736 ¦
+--------------------------------------+-----------------------------+-----------------¦
¦ dense_23 (Dense)                     ¦ (None, 2)                   ¦             258 ¦
+--------------------------------------------------------------------------------------+
 Total params: 289,666 (1.10 MB)
 Trainable params: 289,666 (1.10 MB)
 Non-trainable params: 0 (0.00 B)
Epoch 1/50
50/50 ???????????????????? 0s 46ms/step - acc: 0.4965 - auc: 0.4957 - loss: 0.7147
Epoch 1: val_acc improved from -inf to 0.64254, saving model to saved_models/best_MACSynDCR_CNN_model.keras
50/50 ???????????????????? 4s 56ms/step - acc: 0.4966 - auc: 0.4958 - loss: 0.7144 - val_acc: 0.6425 - val_auc: 0.5666 - val_loss: 0.6922
Epoch 2/50
49/50 ???????????????????? 0s 46ms/step - acc: 0.5249 - auc: 0.5323 - loss: 0.6923
Epoch 2: val_acc improved from 0.64254 to 0.67111, saving model to saved_models/best_MACSynDCR_CNN_model.keras
50/50 ???????????????????? 2s 49ms/step - acc: 0.5257 - auc: 0.5332 - loss: 0.6923 - val_acc: 0.6711 - val_auc: 0.7459 - val_loss: 0.6777
Epoch 3/50
49/50 ???????????????????? 0s 45ms/step - acc: 0.6183 - auc: 0.6717 - loss: 0.6551
Epoch 3: val_acc improved from 0.67111 to 0.74984, saving model to saved_models/best_MACSynDCR_CNN_model.keras
50/50 ???????????????????? 2s 49ms/step - acc: 0.6195 - auc: 0.6733 - loss: 0.6539 - val_acc: 0.7498 - val_auc: 0.8160 - val_loss: 0.5335
Epoch 4/50
50/50 ???????????????????? 0s 45ms/step - acc: 0.7443 - auc: 0.8207 - loss: 0.5231
Epoch 4: val_acc improved from 0.74984 to 0.78857, saving model to saved_models/best_MACSynDCR_CNN_model.keras
50/50 ???????????????????? 3s 50ms/step - acc: 0.7444 - auc: 0.8208 - loss: 0.5229 - val_acc: 0.7886 - val_auc: 0.8684 - val_loss: 0.4596
Epoch 5/50
50/50 ???????????????????? 0s 46ms/step - acc: 0.7690 - auc: 0.8492 - loss: 0.4831
Epoch 5: val_acc improved from 0.78857 to 0.79175, saving model to saved_models/best_MACSynDCR_CNN_model.keras
50/50 ???????????????????? 3s 50ms/step - acc: 0.7690 - auc: 0.8493 - loss: 0.4831 - val_acc: 0.7917 - val_auc: 0.8808 - val_loss: 0.4354
Epoch 6/50
49/50 ???????????????????? 0s 46ms/step - acc: 0.7823 - auc: 0.8672 - loss: 0.4558
Epoch 6: val_acc improved from 0.79175 to 0.79556, saving model to saved_models/best_MACSynDCR_CNN_model.keras
50/50 ???????????????????? 3s 50ms/step - acc: 0.7824 - auc: 0.8672 - loss: 0.4558 - val_acc: 0.7956 - val_auc: 0.8829 - val_loss: 0.4314
Epoch 7/50
49/50 ???????????????????? 0s 46ms/step - acc: 0.7962 - auc: 0.8686 - loss: 0.4536
Epoch 7: val_acc improved from 0.79556 to 0.81143, saving model to saved_models/best_MACSynDCR_CNN_model.keras
50/50 ???????????????????? 3s 50ms/step - acc: 0.7964 - auc: 0.8690 - loss: 0.4530 - val_acc: 0.8114 - val_auc: 0.8972 - val_loss: 0.4051
Epoch 8/50
50/50 ???????????????????? 0s 44ms/step - acc: 0.8143 - auc: 0.8928 - loss: 0.4132
Epoch 8: val_acc improved from 0.81143 to 0.81968, saving model to saved_models/best_MACSynDCR_CNN_model.keras
50/50 ???????????????????? 2s 48ms/step - acc: 0.8142 - auc: 0.8927 - loss: 0.4135 - val_acc: 0.8197 - val_auc: 0.9048 - val_loss: 0.3942
Epoch 9/50
50/50 ???????????????????? 0s 47ms/step - acc: 0.8139 - auc: 0.8900 - loss: 0.4194
Epoch 9: val_acc improved from 0.81968 to 0.83048, saving model to saved_models/best_MACSynDCR_CNN_model.keras
50/50 ???????????????????? 3s 52ms/step - acc: 0.8139 - auc: 0.8901 - loss: 0.4194 - val_acc: 0.8305 - val_auc: 0.9071 - val_loss: 0.3868
Epoch 10/50
49/50 ???????????????????? 0s 45ms/step - acc: 0.8194 - auc: 0.8982 - loss: 0.4032
Epoch 10: val_acc did not improve from 0.83048
50/50 ???????????????????? 2s 48ms/step - acc: 0.8193 - auc: 0.8981 - loss: 0.4033 - val_acc: 0.8190 - val_auc: 0.9057 - val_loss: 0.3912
Epoch 11/50
50/50 ???????????????????? 0s 47ms/step - acc: 0.8143 - auc: 0.8948 - loss: 0.4096
Epoch 11: val_acc improved from 0.83048 to 0.83175, saving model to saved_models/best_MACSynDCR_CNN_model.keras
50/50 ???????????????????? 3s 51ms/step - acc: 0.8143 - auc: 0.8948 - loss: 0.4095 - val_acc: 0.8317 - val_auc: 0.9119 - val_loss: 0.3781
Epoch 12/50
49/50 ???????????????????? 0s 46ms/step - acc: 0.8183 - auc: 0.9017 - loss: 0.3971
Epoch 12: val_acc did not improve from 0.83175
50/50 ???????????????????? 2s 49ms/step - acc: 0.8184 - auc: 0.9018 - loss: 0.3969 - val_acc: 0.8076 - val_auc: 0.8907 - val_loss: 0.4166
Epoch 13/50
49/50 ???????????????????? 0s 46ms/step - acc: 0.8230 - auc: 0.9022 - loss: 0.3963
Epoch 13: val_acc improved from 0.83175 to 0.83937, saving model to saved_models/best_MACSynDCR_CNN_model.keras
50/50 ???????????????????? 3s 50ms/step - acc: 0.8233 - auc: 0.9024 - loss: 0.3960 - val_acc: 0.8394 - val_auc: 0.9160 - val_loss: 0.3693
Epoch 14/50
50/50 ???????????????????? 0s 45ms/step - acc: 0.8341 - auc: 0.9098 - loss: 0.3807
Epoch 14: val_acc did not improve from 0.83937
50/50 ???????????????????? 2s 49ms/step - acc: 0.8341 - auc: 0.9098 - loss: 0.3807 - val_acc: 0.8375 - val_auc: 0.9213 - val_loss: 0.3584
Epoch 15/50
49/50 ???????????????????? 0s 46ms/step - acc: 0.8352 - auc: 0.9084 - loss: 0.3846
Epoch 15: val_acc did not improve from 0.83937
50/50 ???????????????????? 2s 49ms/step - acc: 0.8351 - auc: 0.9084 - loss: 0.3846 - val_acc: 0.8387 - val_auc: 0.9221 - val_loss: 0.3598
Epoch 16/50
49/50 ???????????????????? 0s 45ms/step - acc: 0.8404 - auc: 0.9138 - loss: 0.3732
Epoch 16: val_acc improved from 0.83937 to 0.84825, saving model to saved_models/best_MACSynDCR_CNN_model.keras
50/50 ???????????????????? 2s 49ms/step - acc: 0.8405 - auc: 0.9139 - loss: 0.3729 - val_acc: 0.8483 - val_auc: 0.9243 - val_loss: 0.3528
Epoch 17/50
49/50 ???????????????????? 0s 46ms/step - acc: 0.8380 - auc: 0.9202 - loss: 0.3613
Epoch 17: val_acc improved from 0.84825 to 0.84889, saving model to saved_models/best_MACSynDCR_CNN_model.keras
50/50 ???????????????????? 3s 50ms/step - acc: 0.8380 - auc: 0.9201 - loss: 0.3615 - val_acc: 0.8489 - val_auc: 0.9294 - val_loss: 0.3410
Epoch 18/50
49/50 ???????????????????? 0s 45ms/step - acc: 0.8409 - auc: 0.9158 - loss: 0.3683
Epoch 18: val_acc improved from 0.84889 to 0.85587, saving model to saved_models/best_MACSynDCR_CNN_model.keras
50/50 ???????????????????? 2s 49ms/step - acc: 0.8410 - auc: 0.9159 - loss: 0.3680 - val_acc: 0.8559 - val_auc: 0.9295 - val_loss: 0.3449
Epoch 19/50
48/50 ???????????????????? 0s 45ms/step - acc: 0.8485 - auc: 0.9245 - loss: 0.3506
Epoch 19: val_acc did not improve from 0.85587
50/50 ???????????????????? 2s 48ms/step - acc: 0.8485 - auc: 0.9245 - loss: 0.3506 - val_acc: 0.8521 - val_auc: 0.9277 - val_loss: 0.3442
Epoch 20/50
48/50 ???????????????????? 0s 46ms/step - acc: 0.8388 - auc: 0.9214 - loss: 0.3568
Epoch 20: val_acc improved from 0.85587 to 0.86476, saving model to saved_models/best_MACSynDCR_CNN_model.keras
50/50 ???????????????????? 2s 50ms/step - acc: 0.8393 - auc: 0.9216 - loss: 0.3562 - val_acc: 0.8648 - val_auc: 0.9351 - val_loss: 0.3282
Epoch 21/50
49/50 ???????????????????? 0s 46ms/step - acc: 0.8553 - auc: 0.9300 - loss: 0.3385
Epoch 21: val_acc improved from 0.86476 to 0.86921, saving model to saved_models/best_MACSynDCR_CNN_model.keras
50/50 ???????????????????? 3s 50ms/step - acc: 0.8553 - auc: 0.9300 - loss: 0.3384 - val_acc: 0.8692 - val_auc: 0.9374 - val_loss: 0.3200
Epoch 22/50
50/50 ???????????????????? 0s 45ms/step - acc: 0.8623 - auc: 0.9367 - loss: 0.3214
Epoch 22: val_acc did not improve from 0.86921
50/50 ???????????????????? 2s 48ms/step - acc: 0.8622 - auc: 0.9366 - loss: 0.3215 - val_acc: 0.8648 - val_auc: 0.9393 - val_loss: 0.3156
Epoch 23/50
49/50 ???????????????????? 0s 45ms/step - acc: 0.8626 - auc: 0.9356 - loss: 0.3240
Epoch 23: val_acc improved from 0.86921 to 0.87492, saving model to saved_models/best_MACSynDCR_CNN_model.keras
50/50 ???????????????????? 2s 49ms/step - acc: 0.8626 - auc: 0.9357 - loss: 0.3238 - val_acc: 0.8749 - val_auc: 0.9374 - val_loss: 0.3204
Epoch 24/50
50/50 ???????????????????? 0s 47ms/step - acc: 0.8630 - auc: 0.9362 - loss: 0.3227
Epoch 24: val_acc did not improve from 0.87492
50/50 ???????????????????? 3s 52ms/step - acc: 0.8631 - auc: 0.9362 - loss: 0.3226 - val_acc: 0.8743 - val_auc: 0.9377 - val_loss: 0.3211
Epoch 25/50
49/50 ???????????????????? 0s 48ms/step - acc: 0.8577 - auc: 0.9367 - loss: 0.3210
Epoch 25: val_acc improved from 0.87492 to 0.88000, saving model to saved_models/best_MACSynDCR_CNN_model.keras
50/50 ???????????????????? 3s 52ms/step - acc: 0.8579 - auc: 0.9368 - loss: 0.3208 - val_acc: 0.8800 - val_auc: 0.9434 - val_loss: 0.3046
Epoch 26/50
50/50 ???????????????????? 0s 47ms/step - acc: 0.8706 - auc: 0.9446 - loss: 0.3013
Epoch 26: val_acc did not improve from 0.88000
50/50 ???????????????????? 3s 51ms/step - acc: 0.8705 - auc: 0.9445 - loss: 0.3014 - val_acc: 0.8711 - val_auc: 0.9434 - val_loss: 0.3041
Epoch 27/50
50/50 ???????????????????? 0s 47ms/step - acc: 0.8751 - auc: 0.9462 - loss: 0.2970
Epoch 27: val_acc improved from 0.88000 to 0.88063, saving model to saved_models/best_MACSynDCR_CNN_model.keras
50/50 ???????????????????? 3s 51ms/step - acc: 0.8751 - auc: 0.9462 - loss: 0.2971 - val_acc: 0.8806 - val_auc: 0.9422 - val_loss: 0.3073
Epoch 28/50
49/50 ???????????????????? 0s 47ms/step - acc: 0.8693 - auc: 0.9439 - loss: 0.3024
Epoch 28: val_acc did not improve from 0.88063
50/50 ???????????????????? 3s 50ms/step - acc: 0.8695 - auc: 0.9439 - loss: 0.3023 - val_acc: 0.8762 - val_auc: 0.9410 - val_loss: 0.3105
Epoch 29/50
50/50 ???????????????????? 0s 46ms/step - acc: 0.8765 - auc: 0.9471 - loss: 0.2945
Epoch 29: val_acc improved from 0.88063 to 0.88127, saving model to saved_models/best_MACSynDCR_CNN_model.keras
50/50 ???????????????????? 3s 52ms/step - acc: 0.8766 - auc: 0.9471 - loss: 0.2944 - val_acc: 0.8813 - val_auc: 0.9458 - val_loss: 0.2994
Epoch 30/50
50/50 ???????????????????? 0s 45ms/step - acc: 0.8765 - auc: 0.9500 - loss: 0.2856
Epoch 30: val_acc did not improve from 0.88127
50/50 ???????????????????? 2s 49ms/step - acc: 0.8764 - auc: 0.9499 - loss: 0.2858 - val_acc: 0.8800 - val_auc: 0.9457 - val_loss: 0.2989
Epoch 31/50
49/50 ???????????????????? 0s 46ms/step - acc: 0.8834 - auc: 0.9539 - loss: 0.2752
Epoch 31: val_acc did not improve from 0.88127
50/50 ???????????????????? 2s 49ms/step - acc: 0.8832 - auc: 0.9538 - loss: 0.2755 - val_acc: 0.8794 - val_auc: 0.9439 - val_loss: 0.3019
Epoch 32/50
49/50 ???????????????????? 0s 47ms/step - acc: 0.8781 - auc: 0.9492 - loss: 0.2883
Epoch 32: val_acc improved from 0.88127 to 0.88571, saving model to saved_models/best_MACSynDCR_CNN_model.keras
50/50 ???????????????????? 3s 51ms/step - acc: 0.8781 - auc: 0.9493 - loss: 0.2881 - val_acc: 0.8857 - val_auc: 0.9467 - val_loss: 0.2946
Epoch 33/50
50/50 ???????????????????? 0s 46ms/step - acc: 0.8838 - auc: 0.9533 - loss: 0.2768
Epoch 33: val_acc did not improve from 0.88571
50/50 ???????????????????? 2s 49ms/step - acc: 0.8837 - auc: 0.9533 - loss: 0.2769 - val_acc: 0.8825 - val_auc: 0.9484 - val_loss: 0.2898
Epoch 34/50
49/50 ???????????????????? 0s 46ms/step - acc: 0.8888 - auc: 0.9561 - loss: 0.2684
Epoch 34: val_acc did not improve from 0.88571
50/50 ???????????????????? 2s 49ms/step - acc: 0.8888 - auc: 0.9561 - loss: 0.2685 - val_acc: 0.8844 - val_auc: 0.9480 - val_loss: 0.2924
Epoch 35/50
50/50 ???????????????????? 0s 46ms/step - acc: 0.8899 - auc: 0.9568 - loss: 0.2655
Epoch 35: val_acc did not improve from 0.88571
50/50 ???????????????????? 3s 50ms/step - acc: 0.8898 - auc: 0.9567 - loss: 0.2656 - val_acc: 0.8813 - val_auc: 0.9492 - val_loss: 0.2892
Epoch 36/50
50/50 ???????????????????? 0s 46ms/step - acc: 0.8939 - auc: 0.9608 - loss: 0.2543
Epoch 36: val_acc did not improve from 0.88571
50/50 ???????????????????? 3s 49ms/step - acc: 0.8939 - auc: 0.9607 - loss: 0.2545 - val_acc: 0.8813 - val_auc: 0.9473 - val_loss: 0.2944
Epoch 37/50
50/50 ???????????????????? 0s 46ms/step - acc: 0.8875 - auc: 0.9579 - loss: 0.2636
Epoch 37: val_acc did not improve from 0.88571
50/50 ???????????????????? 3s 50ms/step - acc: 0.8875 - auc: 0.9579 - loss: 0.2636 - val_acc: 0.8762 - val_auc: 0.9464 - val_loss: 0.2969
Epoch 38/50
49/50 ???????????????????? 0s 46ms/step - acc: 0.8991 - auc: 0.9650 - loss: 0.2401
Epoch 38: val_acc did not improve from 0.88571
50/50 ???????????????????? 2s 49ms/step - acc: 0.8988 - auc: 0.9649 - loss: 0.2406 - val_acc: 0.8800 - val_auc: 0.9458 - val_loss: 0.3027
Epoch 39/50
49/50 ???????????????????? 0s 45ms/step - acc: 0.8893 - auc: 0.9594 - loss: 0.2585
Epoch 39: val_acc did not improve from 0.88571
50/50 ???????????????????? 2s 48ms/step - acc: 0.8893 - auc: 0.9594 - loss: 0.2585 - val_acc: 0.8775 - val_auc: 0.9424 - val_loss: 0.3127
Epoch 40/50
49/50 ???????????????????? 0s 45ms/step - acc: 0.8948 - auc: 0.9627 - loss: 0.2471
Epoch 40: val_acc improved from 0.88571 to 0.88698, saving model to saved_models/best_MACSynDCR_CNN_model.keras
50/50 ???????????????????? 2s 49ms/step - acc: 0.8948 - auc: 0.9626 - loss: 0.2475 - val_acc: 0.8870 - val_auc: 0.9500 - val_loss: 0.2856
Epoch 41/50
49/50 ???????????????????? 0s 45ms/step - acc: 0.8996 - auc: 0.9653 - loss: 0.2389
Epoch 41: val_acc improved from 0.88698 to 0.88889, saving model to saved_models/best_MACSynDCR_CNN_model.keras
50/50 ???????????????????? 2s 48ms/step - acc: 0.8995 - auc: 0.9652 - loss: 0.2393 - val_acc: 0.8889 - val_auc: 0.9511 - val_loss: 0.2834
Epoch 42/50
50/50 ???????????????????? 0s 45ms/step - acc: 0.8957 - auc: 0.9605 - loss: 0.2543
Epoch 42: val_acc did not improve from 0.88889
50/50 ???????????????????? 2s 49ms/step - acc: 0.8956 - auc: 0.9605 - loss: 0.2543 - val_acc: 0.8857 - val_auc: 0.9496 - val_loss: 0.2869
Epoch 43/50
50/50 ???????????????????? 0s 45ms/step - acc: 0.8944 - auc: 0.9643 - loss: 0.2423
Epoch 43: val_acc did not improve from 0.88889
50/50 ???????????????????? 2s 49ms/step - acc: 0.8944 - auc: 0.9643 - loss: 0.2424 - val_acc: 0.8876 - val_auc: 0.9496 - val_loss: 0.2899
Epoch 44/50
50/50 ???????????????????? 0s 45ms/step - acc: 0.8988 - auc: 0.9660 - loss: 0.2362
Epoch 44: val_acc improved from 0.88889 to 0.88952, saving model to saved_models/best_MACSynDCR_CNN_model.keras
50/50 ???????????????????? 3s 50ms/step - acc: 0.8988 - auc: 0.9659 - loss: 0.2364 - val_acc: 0.8895 - val_auc: 0.9499 - val_loss: 0.2871
Epoch 45/50
49/50 ???????????????????? 0s 45ms/step - acc: 0.8995 - auc: 0.9634 - loss: 0.2452
Epoch 45: val_acc improved from 0.88952 to 0.89079, saving model to saved_models/best_MACSynDCR_CNN_model.keras
50/50 ???????????????????? 3s 49ms/step - acc: 0.8995 - auc: 0.9634 - loss: 0.2450 - val_acc: 0.8908 - val_auc: 0.9508 - val_loss: 0.2860
Epoch 46/50
49/50 ???????????????????? 0s 45ms/step - acc: 0.9028 - auc: 0.9666 - loss: 0.2336
Epoch 46: val_acc improved from 0.89079 to 0.89206, saving model to saved_models/best_MACSynDCR_CNN_model.keras
50/50 ???????????????????? 3s 50ms/step - acc: 0.9028 - auc: 0.9666 - loss: 0.2336 - val_acc: 0.8921 - val_auc: 0.9488 - val_loss: 0.2952
Epoch 47/50
49/50 ???????????????????? 0s 47ms/step - acc: 0.9076 - auc: 0.9691 - loss: 0.2249
Epoch 47: val_acc did not improve from 0.89206
50/50 ???????????????????? 3s 50ms/step - acc: 0.9074 - auc: 0.9690 - loss: 0.2253 - val_acc: 0.8876 - val_auc: 0.9492 - val_loss: 0.2977
Epoch 48/50
49/50 ???????????????????? 0s 51ms/step - acc: 0.9024 - auc: 0.9674 - loss: 0.2315
Epoch 48: val_acc improved from 0.89206 to 0.89524, saving model to saved_models/best_MACSynDCR_CNN_model.keras
50/50 ???????????????????? 3s 55ms/step - acc: 0.9023 - auc: 0.9674 - loss: 0.2317 - val_acc: 0.8952 - val_auc: 0.9484 - val_loss: 0.2955
Epoch 49/50
50/50 ???????????????????? 0s 48ms/step - acc: 0.8965 - auc: 0.9655 - loss: 0.2377
Epoch 49: val_acc did not improve from 0.89524
50/50 ???????????????????? 3s 52ms/step - acc: 0.8966 - auc: 0.9656 - loss: 0.2376 - val_acc: 0.8921 - val_auc: 0.9527 - val_loss: 0.2858
Epoch 50/50
49/50 ???????????????????? 0s 50ms/step - acc: 0.9061 - auc: 0.9691 - loss: 0.2245
Epoch 50: val_acc did not improve from 0.89524
50/50 ???????????????????? 3s 53ms/step - acc: 0.9060 - auc: 0.9690 - loss: 0.2246 - val_acc: 0.8851 - val_auc: 0.9481 - val_loss: 0.2931
50/50 ???????????????????? 0s 6ms/step
50/50 ???????????????????? 0s 4ms/step
CNN: Accuracy: 0.8952, AUC-ROC: 0.9515
CNN: AUC-PR: 0.9504, Precision: 0.8627,
CNN Recall: 0.9335, F1 Score: 0.8967
CNN:RMSE: 12.8452 , PCC: 0.8184
Evaluation of Keras MACSynDCR_ANN model:
50/50 ???????????????????? 1s 4ms/step - acc: 0.8942 - auc: 0.9505 - loss: 0.3783
Evaluate->  Loss: 0.3926, Accuracy: 0.8863,AUC: 0.9488
50/50 ???????????????????? 0s 6ms/step
197/197 ???????????????????? 1s 4ms/step
ANN: Accuracy: 0.8863, AUC-ROC: 0.9578
ANN: AUC-PR: 0.9589, Precision: 0.9061,
ANN Recall: 0.8553, F1 Score: 0.8799
ANN:RMSE: 13.3791 , PCC: 0.8047
****************************************************************************************************
Evaluation of Keras MACSynDCR_CNN model:
50/50 ???????????????????? 1s 4ms/step - acc: 0.8901 - auc: 0.9410 - loss: 0.3232
Evaluate->  Loss: 0.2955, Accuracy: 0.8952,Accuracy: 0.9484
50/50 ???????????????????? 0s 5ms/step
197/197 ???????????????????? 1s 4ms/step
CNN: Accuracy: 0.8952, AUC-ROC: 0.9515
CNN: AUC-PR: 0.9504, Precision: 0.8627,
CNN Recall: 0.9335, F1 Score: 0.8967
CNN:RMSE: 12.8452 , PCC: 0.8184
****************************************************************************************************
Accuracy Score and AUC for ANN = AUC: 0.9629, Accuracy: 0.9130
Accuracy Score and AUC for KANN = AUC: 0.9578, Accuracy: 0.8863
Accuracy Score and AUC for KCNN = AUC: 0.9515, Accuracy: 0.8952
Average AUC = AUC: 0.9680, Accuracy: 0.9117
MAX AUC = AUC: 0.9643, Accuracy: 0.8902
Fitting 5 folds for each of 14 candidates, totalling 70 fits
Finall ensemble results of fold_3 for MACSynDCR:
----------------------------------------------------------------------------------------------------
Ensemble Accuracy: 0.9111, AUC-ROC: 0.9682
Ensemble AUC-PR: 0.9649, Precision: 0.9014,
Ensemble Recall: 0.9179, F1 Score: 0.9096
Ensemble RMSE: 11.8322 , PCC: 0.8567
----------------------------------------------------------------------------------------------------
Fold 4
Data processing and Training of MACSynDCR_ANN model:
ANN_model saved with Val_ACC: 0.4610 Val_AUC: 0.4718
fold_4: Epoch [1/50], Loss: 0.7018, Val_ACC: 0.4610, Val_AUC: 0.4718
ANN_model saved with Val_ACC: 0.7727 Val_AUC: 0.8568
ANN_model saved with Val_ACC: 0.8127 Val_AUC: 0.8940
ANN_model saved with Val_ACC: 0.8273 Val_AUC: 0.9075
ANN_model saved with Val_ACC: 0.8362 Val_AUC: 0.9160
ANN_model saved with Val_ACC: 0.8470 Val_AUC: 0.9233
ANN_model saved with Val_ACC: 0.8508 Val_AUC: 0.9313
ANN_model saved with Val_ACC: 0.8679 Val_AUC: 0.9384
ANN_model saved with Val_ACC: 0.8730 Val_AUC: 0.9420
ANN_model saved with Val_ACC: 0.8787 Val_AUC: 0.9492
ANN_model saved with Val_ACC: 0.8832 Val_AUC: 0.9428
ANN_model saved with Val_ACC: 0.8876 Val_AUC: 0.9460
ANN_model saved with Val_ACC: 0.8927 Val_AUC: 0.9583
ANN_model saved with Val_ACC: 0.8990 Val_AUC: 0.9541
ANN_model saved with Val_ACC: 0.9035 Val_AUC: 0.9616
fold_4: Epoch [21/50], Loss: 0.3427, Val_ACC: 0.9010, Val_AUC: 0.9634
ANN_model saved with Val_ACC: 0.9092 Val_AUC: 0.9626
fold_4: Epoch [41/50], Loss: 0.3206, Val_ACC: 0.8978, Val_AUC: 0.9590
Accuracy: 0.9092, AUC-ROC: 0.9626
 AUC-PR: 0.9634, Precision: 0.9177, Recall: 0.9029, F1 Score: 0.9102
RMSE: 10.7368 , PCC: 0.8426
Data processing and Training of MACSynDCR_ANN model:
MACSynDCR_ANN model:
Model: "sequential_6"
????????????????????????????????????????????????????????????????????????????????????????
? Layer (type)                         ? Output Shape                ?         Param # ?
????????????????????????????????????????????????????????????????????????????????????????
¦ dense_24 (Dense)                     ¦ (None, 2048)                ¦       4,458,496 ¦
+--------------------------------------+-----------------------------+-----------------¦
¦ batch_normalization_15               ¦ (None, 2048)                ¦           8,192 ¦
¦ (BatchNormalization)                 ¦                             ¦                 ¦
+--------------------------------------+-----------------------------+-----------------¦
¦ dense_25 (Dense)                     ¦ (None, 1024)                ¦       2,098,176 ¦
+--------------------------------------+-----------------------------+-----------------¦
¦ batch_normalization_16               ¦ (None, 1024)                ¦           4,096 ¦
¦ (BatchNormalization)                 ¦                             ¦                 ¦
+--------------------------------------+-----------------------------+-----------------¦
¦ dense_26 (Dense)                     ¦ (None, 512)                 ¦         524,800 ¦
+--------------------------------------+-----------------------------+-----------------¦
¦ batch_normalization_17               ¦ (None, 512)                 ¦           2,048 ¦
¦ (BatchNormalization)                 ¦                             ¦                 ¦
+--------------------------------------+-----------------------------+-----------------¦
¦ dense_27 (Dense)                     ¦ (None, 256)                 ¦         131,328 ¦
+--------------------------------------+-----------------------------+-----------------¦
¦ batch_normalization_18               ¦ (None, 256)                 ¦           1,024 ¦
¦ (BatchNormalization)                 ¦                             ¦                 ¦
+--------------------------------------+-----------------------------+-----------------¦
¦ dense_28 (Dense)                     ¦ (None, 128)                 ¦          32,896 ¦
+--------------------------------------+-----------------------------+-----------------¦
¦ batch_normalization_19               ¦ (None, 128)                 ¦             512 ¦
¦ (BatchNormalization)                 ¦                             ¦                 ¦
+--------------------------------------+-----------------------------+-----------------¦
¦ dense_29 (Dense)                     ¦ (None, 2)                   ¦             258 ¦
+--------------------------------------------------------------------------------------+
 Total params: 7,261,826 (27.70 MB)
 Trainable params: 7,253,890 (27.67 MB)
 Non-trainable params: 7,936 (31.00 KB)
Epoch 1/50
50/50 ???????????????????? 0s 48ms/step - acc: 0.7302 - auc: 0.7926 - loss: 0.6663
Epoch 1: val_auc improved from -inf to 0.84258, saving model to saved_models/best_MACSynDCR_ANN_model.keras
50/50 ???????????????????? 7s 71ms/step - acc: 0.7311 - auc: 0.7939 - loss: 0.6632 - val_acc: 0.7702 - val_auc: 0.8426 - val_loss: 0.4918
Epoch 2/50
49/50 ???????????????????? 0s 47ms/step - acc: 0.8817 - auc: 0.9509 - loss: 0.2883
Epoch 2: val_auc did not improve from 0.84258
50/50 ???????????????????? 2s 49ms/step - acc: 0.8815 - auc: 0.9508 - loss: 0.2882 - val_acc: 0.7346 - val_auc: 0.8206 - val_loss: 0.5459
Epoch 3/50
49/50 ???????????????????? 0s 47ms/step - acc: 0.9143 - auc: 0.9713 - loss: 0.2173
Epoch 3: val_auc improved from 0.84258 to 0.88000, saving model to saved_models/best_MACSynDCR_ANN_model.keras
50/50 ???????????????????? 3s 63ms/step - acc: 0.9142 - auc: 0.9712 - loss: 0.2177 - val_acc: 0.7924 - val_auc: 0.8800 - val_loss: 0.4539
Epoch 4/50
49/50 ???????????????????? 0s 46ms/step - acc: 0.9238 - auc: 0.9788 - loss: 0.1877
Epoch 4: val_auc improved from 0.88000 to 0.88880, saving model to saved_models/best_MACSynDCR_ANN_model.keras
50/50 ???????????????????? 3s 63ms/step - acc: 0.9236 - auc: 0.9786 - loss: 0.1881 - val_acc: 0.8006 - val_auc: 0.8888 - val_loss: 0.4439
Epoch 5/50
50/50 ???????????????????? 0s 47ms/step - acc: 0.9346 - auc: 0.9792 - loss: 0.1828
Epoch 5: val_auc improved from 0.88880 to 0.93568, saving model to saved_models/best_MACSynDCR_ANN_model.keras
50/50 ???????????????????? 3s 64ms/step - acc: 0.9345 - auc: 0.9791 - loss: 0.1830 - val_acc: 0.8597 - val_auc: 0.9357 - val_loss: 0.3526
Epoch 6/50
49/50 ???????????????????? 0s 47ms/step - acc: 0.9406 - auc: 0.9849 - loss: 0.1545
Epoch 6: val_auc did not improve from 0.93568
50/50 ???????????????????? 3s 50ms/step - acc: 0.9407 - auc: 0.9850 - loss: 0.1542 - val_acc: 0.8603 - val_auc: 0.9268 - val_loss: 0.4475
Epoch 7/50
49/50 ???????????????????? 0s 48ms/step - acc: 0.9531 - auc: 0.9898 - loss: 0.1282
Epoch 7: val_auc improved from 0.93568 to 0.94635, saving model to saved_models/best_MACSynDCR_ANN_model.keras
50/50 ???????????????????? 3s 65ms/step - acc: 0.9531 - auc: 0.9899 - loss: 0.1281 - val_acc: 0.8857 - val_auc: 0.9464 - val_loss: 0.3527
Epoch 8/50
50/50 ???????????????????? 0s 47ms/step - acc: 0.9628 - auc: 0.9931 - loss: 0.0994
Epoch 8: val_auc did not improve from 0.94635
50/50 ???????????????????? 2s 50ms/step - acc: 0.9627 - auc: 0.9931 - loss: 0.0996 - val_acc: 0.8756 - val_auc: 0.9447 - val_loss: 0.3799
Epoch 9/50
49/50 ???????????????????? 0s 47ms/step - acc: 0.9723 - auc: 0.9956 - loss: 0.0809
Epoch 9: val_auc did not improve from 0.94635
50/50 ???????????????????? 2s 49ms/step - acc: 0.9721 - auc: 0.9956 - loss: 0.0811 - val_acc: 0.8825 - val_auc: 0.9450 - val_loss: 0.3598
Epoch 10/50
49/50 ???????????????????? 0s 47ms/step - acc: 0.9649 - auc: 0.9935 - loss: 0.0955
Epoch 10: val_auc did not improve from 0.94635
50/50 ???????????????????? 2s 49ms/step - acc: 0.9648 - auc: 0.9934 - loss: 0.0956 - val_acc: 0.8857 - val_auc: 0.9452 - val_loss: 0.3756
Epoch 11/50
50/50 ???????????????????? 0s 48ms/step - acc: 0.9720 - auc: 0.9943 - loss: 0.0863
Epoch 11: val_auc improved from 0.94635 to 0.94965, saving model to saved_models/best_MACSynDCR_ANN_model.keras
50/50 ???????????????????? 3s 66ms/step - acc: 0.9719 - auc: 0.9943 - loss: 0.0863 - val_acc: 0.8978 - val_auc: 0.9496 - val_loss: 0.3800
Epoch 12/50
49/50 ???????????????????? 0s 47ms/step - acc: 0.9752 - auc: 0.9969 - loss: 0.0700
Epoch 12: val_auc did not improve from 0.94965
50/50 ???????????????????? 3s 50ms/step - acc: 0.9750 - auc: 0.9969 - loss: 0.0703 - val_acc: 0.8800 - val_auc: 0.9396 - val_loss: 0.4015
Epoch 13/50
49/50 ???????????????????? 0s 48ms/step - acc: 0.9713 - auc: 0.9958 - loss: 0.0791
Epoch 13: val_auc did not improve from 0.94965
50/50 ???????????????????? 3s 50ms/step - acc: 0.9713 - auc: 0.9959 - loss: 0.0789 - val_acc: 0.8927 - val_auc: 0.9489 - val_loss: 0.4011
Epoch 14/50
49/50 ???????????????????? 0s 47ms/step - acc: 0.9797 - auc: 0.9974 - loss: 0.0578
Epoch 14: val_auc did not improve from 0.94965
50/50 ???????????????????? 3s 50ms/step - acc: 0.9797 - auc: 0.9974 - loss: 0.0579 - val_acc: 0.8851 - val_auc: 0.9408 - val_loss: 0.4280
Epoch 15/50
49/50 ???????????????????? 0s 48ms/step - acc: 0.9753 - auc: 0.9967 - loss: 0.0677
Epoch 15: val_auc did not improve from 0.94965
50/50 ???????????????????? 3s 50ms/step - acc: 0.9753 - auc: 0.9967 - loss: 0.0677 - val_acc: 0.8870 - val_auc: 0.9414 - val_loss: 0.4447
Epoch 16/50
49/50 ???????????????????? 0s 48ms/step - acc: 0.9843 - auc: 0.9992 - loss: 0.0402
Epoch 16: val_auc did not improve from 0.94965
50/50 ???????????????????? 3s 51ms/step - acc: 0.9844 - auc: 0.9992 - loss: 0.0401 - val_acc: 0.8990 - val_auc: 0.9456 - val_loss: 0.4040
Epoch 17/50
50/50 ???????????????????? 0s 47ms/step - acc: 0.9768 - auc: 0.9955 - loss: 0.0681
Epoch 17: val_auc did not improve from 0.94965
50/50 ???????????????????? 3s 49ms/step - acc: 0.9767 - auc: 0.9955 - loss: 0.0682 - val_acc: 0.8610 - val_auc: 0.9337 - val_loss: 0.4853
Epoch 18/50
50/50 ???????????????????? 0s 47ms/step - acc: 0.9721 - auc: 0.9972 - loss: 0.0678
Epoch 18: val_auc did not improve from 0.94965
50/50 ???????????????????? 3s 50ms/step - acc: 0.9722 - auc: 0.9972 - loss: 0.0679 - val_acc: 0.8819 - val_auc: 0.9421 - val_loss: 0.4297
Epoch 19/50
50/50 ???????????????????? 0s 47ms/step - acc: 0.9769 - auc: 0.9968 - loss: 0.0651
Epoch 19: val_auc did not improve from 0.94965
50/50 ???????????????????? 3s 50ms/step - acc: 0.9769 - auc: 0.9968 - loss: 0.0651 - val_acc: 0.8825 - val_auc: 0.9437 - val_loss: 0.4104
Epoch 20/50
49/50 ???????????????????? 0s 47ms/step - acc: 0.9858 - auc: 0.9986 - loss: 0.0422
Epoch 20: val_auc did not improve from 0.94965
50/50 ???????????????????? 3s 50ms/step - acc: 0.9858 - auc: 0.9986 - loss: 0.0422 - val_acc: 0.8927 - val_auc: 0.9455 - val_loss: 0.4160
Epoch 21/50
49/50 ???????????????????? 0s 47ms/step - acc: 0.9874 - auc: 0.9989 - loss: 0.0404
Epoch 21: val_auc improved from 0.94965 to 0.95230, saving model to saved_models/best_MACSynDCR_ANN_model.keras
50/50 ???????????????????? 3s 64ms/step - acc: 0.9873 - auc: 0.9989 - loss: 0.0405 - val_acc: 0.8914 - val_auc: 0.9523 - val_loss: 0.3936
Epoch 22/50
49/50 ???????????????????? 0s 47ms/step - acc: 0.9872 - auc: 0.9987 - loss: 0.0379
Epoch 22: val_auc did not improve from 0.95230
50/50 ???????????????????? 2s 49ms/step - acc: 0.9872 - auc: 0.9988 - loss: 0.0378 - val_acc: 0.8984 - val_auc: 0.9511 - val_loss: 0.3837
Epoch 23/50
50/50 ???????????????????? 0s 46ms/step - acc: 0.9919 - auc: 0.9995 - loss: 0.0260
Epoch 23: val_auc improved from 0.95230 to 0.95282, saving model to saved_models/best_MACSynDCR_ANN_model.keras
50/50 ???????????????????? 3s 64ms/step - acc: 0.9919 - auc: 0.9995 - loss: 0.0261 - val_acc: 0.9073 - val_auc: 0.9528 - val_loss: 0.4084
Epoch 24/50
50/50 ???????????????????? 0s 46ms/step - acc: 0.9903 - auc: 0.9991 - loss: 0.0279
Epoch 24: val_auc did not improve from 0.95282
50/50 ???????????????????? 2s 48ms/step - acc: 0.9903 - auc: 0.9991 - loss: 0.0279 - val_acc: 0.8889 - val_auc: 0.9486 - val_loss: 0.4281
Epoch 25/50
50/50 ???????????????????? 0s 47ms/step - acc: 0.9910 - auc: 0.9989 - loss: 0.0243
Epoch 25: val_auc did not improve from 0.95282
50/50 ???????????????????? 3s 50ms/step - acc: 0.9910 - auc: 0.9989 - loss: 0.0244 - val_acc: 0.8895 - val_auc: 0.9479 - val_loss: 0.4321
Epoch 26/50
50/50 ???????????????????? 0s 46ms/step - acc: 0.9909 - auc: 0.9985 - loss: 0.0294
Epoch 26: val_auc did not improve from 0.95282
50/50 ???????????????????? 2s 49ms/step - acc: 0.9909 - auc: 0.9985 - loss: 0.0294 - val_acc: 0.8940 - val_auc: 0.9445 - val_loss: 0.4477
Epoch 27/50
49/50 ???????????????????? 0s 48ms/step - acc: 0.9866 - auc: 0.9991 - loss: 0.0377
Epoch 27: val_auc did not improve from 0.95282
50/50 ???????????????????? 3s 50ms/step - acc: 0.9865 - auc: 0.9990 - loss: 0.0377 - val_acc: 0.8838 - val_auc: 0.9391 - val_loss: 0.4547
Epoch 28/50
50/50 ???????????????????? 0s 47ms/step - acc: 0.9802 - auc: 0.9973 - loss: 0.0587
Epoch 28: val_auc did not improve from 0.95282
50/50 ???????????????????? 3s 50ms/step - acc: 0.9802 - auc: 0.9973 - loss: 0.0586 - val_acc: 0.8743 - val_auc: 0.9414 - val_loss: 0.4808
Epoch 29/50
49/50 ???????????????????? 0s 48ms/step - acc: 0.9806 - auc: 0.9977 - loss: 0.0546
Epoch 29: val_auc did not improve from 0.95282
50/50 ???????????????????? 3s 50ms/step - acc: 0.9806 - auc: 0.9976 - loss: 0.0548 - val_acc: 0.8648 - val_auc: 0.9315 - val_loss: 0.5334
Epoch 30/50
50/50 ???????????????????? 0s 47ms/step - acc: 0.9851 - auc: 0.9980 - loss: 0.0462
Epoch 30: val_auc did not improve from 0.95282
50/50 ???????????????????? 2s 50ms/step - acc: 0.9851 - auc: 0.9980 - loss: 0.0461 - val_acc: 0.8959 - val_auc: 0.9414 - val_loss: 0.4589
Epoch 31/50
49/50 ???????????????????? 0s 47ms/step - acc: 0.9924 - auc: 0.9991 - loss: 0.0266
Epoch 31: val_auc did not improve from 0.95282
50/50 ???????????????????? 3s 50ms/step - acc: 0.9924 - auc: 0.9991 - loss: 0.0268 - val_acc: 0.8921 - val_auc: 0.9416 - val_loss: 0.4811
Epoch 32/50
49/50 ???????????????????? 0s 47ms/step - acc: 0.9920 - auc: 0.9997 - loss: 0.0220
Epoch 32: val_auc did not improve from 0.95282
50/50 ???????????????????? 3s 50ms/step - acc: 0.9920 - auc: 0.9997 - loss: 0.0220 - val_acc: 0.8889 - val_auc: 0.9405 - val_loss: 0.4801
Epoch 33/50
49/50 ???????????????????? 0s 48ms/step - acc: 0.9945 - auc: 0.9998 - loss: 0.0167
Epoch 33: val_auc did not improve from 0.95282
50/50 ???????????????????? 3s 50ms/step - acc: 0.9945 - auc: 0.9998 - loss: 0.0166 - val_acc: 0.8959 - val_auc: 0.9475 - val_loss: 0.4674
Epoch 34/50
49/50 ???????????????????? 0s 47ms/step - acc: 0.9890 - auc: 0.9985 - loss: 0.0350
Epoch 34: val_auc did not improve from 0.95282
50/50 ???????????????????? 3s 50ms/step - acc: 0.9889 - auc: 0.9984 - loss: 0.0353 - val_acc: 0.8800 - val_auc: 0.9335 - val_loss: 0.5179
Epoch 35/50
50/50 ???????????????????? 0s 47ms/step - acc: 0.9920 - auc: 0.9992 - loss: 0.0279
Epoch 35: val_auc did not improve from 0.95282
50/50 ???????????????????? 3s 50ms/step - acc: 0.9919 - auc: 0.9992 - loss: 0.0280 - val_acc: 0.8876 - val_auc: 0.9357 - val_loss: 0.5116
Epoch 36/50
49/50 ???????????????????? 0s 48ms/step - acc: 0.9908 - auc: 0.9990 - loss: 0.0293
Epoch 36: val_auc did not improve from 0.95282
50/50 ???????????????????? 3s 51ms/step - acc: 0.9907 - auc: 0.9990 - loss: 0.0296 - val_acc: 0.8863 - val_auc: 0.9422 - val_loss: 0.4991
Epoch 37/50
50/50 ???????????????????? 0s 48ms/step - acc: 0.9859 - auc: 0.9989 - loss: 0.0383
Epoch 37: val_auc did not improve from 0.95282
50/50 ???????????????????? 3s 50ms/step - acc: 0.9860 - auc: 0.9989 - loss: 0.0383 - val_acc: 0.8952 - val_auc: 0.9447 - val_loss: 0.4643
Epoch 38/50
49/50 ???????????????????? 0s 48ms/step - acc: 0.9899 - auc: 0.9990 - loss: 0.0318
Epoch 38: val_auc did not improve from 0.95282
50/50 ???????????????????? 3s 50ms/step - acc: 0.9900 - auc: 0.9990 - loss: 0.0316 - val_acc: 0.8895 - val_auc: 0.9447 - val_loss: 0.4770
Epoch 39/50
49/50 ???????????????????? 0s 48ms/step - acc: 0.9925 - auc: 0.9986 - loss: 0.0237
Epoch 39: val_auc did not improve from 0.95282
50/50 ???????????????????? 3s 50ms/step - acc: 0.9925 - auc: 0.9986 - loss: 0.0236 - val_acc: 0.8863 - val_auc: 0.9433 - val_loss: 0.4806
Epoch 40/50
49/50 ???????????????????? 0s 47ms/step - acc: 0.9939 - auc: 0.9997 - loss: 0.0168
Epoch 40: val_auc did not improve from 0.95282
50/50 ???????????????????? 2s 49ms/step - acc: 0.9939 - auc: 0.9997 - loss: 0.0168 - val_acc: 0.8914 - val_auc: 0.9476 - val_loss: 0.4445
Epoch 41/50
50/50 ???????????????????? 0s 47ms/step - acc: 0.9925 - auc: 0.9987 - loss: 0.0268
Epoch 41: val_auc did not improve from 0.95282
50/50 ???????????????????? 2s 49ms/step - acc: 0.9925 - auc: 0.9987 - loss: 0.0269 - val_acc: 0.8838 - val_auc: 0.9406 - val_loss: 0.5087
Epoch 42/50
49/50 ???????????????????? 0s 47ms/step - acc: 0.9856 - auc: 0.9975 - loss: 0.0472
Epoch 42: val_auc did not improve from 0.95282
50/50 ???????????????????? 2s 49ms/step - acc: 0.9855 - auc: 0.9974 - loss: 0.0474 - val_acc: 0.8914 - val_auc: 0.9365 - val_loss: 0.5191
Epoch 43/50
49/50 ???????????????????? 0s 48ms/step - acc: 0.9794 - auc: 0.9962 - loss: 0.0618
Epoch 43: val_auc did not improve from 0.95282
50/50 ???????????????????? 3s 50ms/step - acc: 0.9794 - auc: 0.9961 - loss: 0.0617 - val_acc: 0.8933 - val_auc: 0.9476 - val_loss: 0.4474
Epoch 44/50
50/50 ???????????????????? 0s 47ms/step - acc: 0.9836 - auc: 0.9980 - loss: 0.0481
Epoch 44: val_auc did not improve from 0.95282
50/50 ???????????????????? 3s 50ms/step - acc: 0.9836 - auc: 0.9980 - loss: 0.0481 - val_acc: 0.8889 - val_auc: 0.9406 - val_loss: 0.4557
Epoch 45/50
50/50 ???????????????????? 0s 48ms/step - acc: 0.9912 - auc: 0.9993 - loss: 0.0269
Epoch 45: val_auc did not improve from 0.95282
50/50 ???????????????????? 3s 50ms/step - acc: 0.9912 - auc: 0.9993 - loss: 0.0268 - val_acc: 0.8908 - val_auc: 0.9492 - val_loss: 0.4498
Epoch 46/50
50/50 ???????????????????? 0s 47ms/step - acc: 0.9944 - auc: 0.9998 - loss: 0.0167
Epoch 46: val_auc did not improve from 0.95282
50/50 ???????????????????? 3s 50ms/step - acc: 0.9944 - auc: 0.9998 - loss: 0.0167 - val_acc: 0.8844 - val_auc: 0.9467 - val_loss: 0.4560
Epoch 47/50
50/50 ???????????????????? 0s 46ms/step - acc: 0.9947 - auc: 0.9996 - loss: 0.0163
Epoch 47: val_auc did not improve from 0.95282
50/50 ???????????????????? 2s 49ms/step - acc: 0.9947 - auc: 0.9996 - loss: 0.0163 - val_acc: 0.8997 - val_auc: 0.9485 - val_loss: 0.4426
Epoch 48/50
49/50 ???????????????????? 0s 48ms/step - acc: 0.9935 - auc: 0.9992 - loss: 0.0208
Epoch 48: val_auc did not improve from 0.95282
50/50 ???????????????????? 3s 50ms/step - acc: 0.9934 - auc: 0.9992 - loss: 0.0210 - val_acc: 0.8902 - val_auc: 0.9359 - val_loss: 0.5433
Epoch 49/50
49/50 ???????????????????? 0s 47ms/step - acc: 0.9908 - auc: 0.9989 - loss: 0.0296
Epoch 49: val_auc did not improve from 0.95282
50/50 ???????????????????? 3s 50ms/step - acc: 0.9908 - auc: 0.9989 - loss: 0.0296 - val_acc: 0.8959 - val_auc: 0.9479 - val_loss: 0.4554
Epoch 50/50
49/50 ???????????????????? 0s 46ms/step - acc: 0.9859 - auc: 0.9982 - loss: 0.0396
Epoch 50: val_auc did not improve from 0.95282
50/50 ???????????????????? 2s 49ms/step - acc: 0.9859 - auc: 0.9982 - loss: 0.0396 - val_acc: 0.8946 - val_auc: 0.9410 - val_loss: 0.5066
50/50 ???????????????????? 0s 6ms/step
50/50 ???????????????????? 0s 4ms/step
ANN: Accuracy: 0.9073, AUC-ROC: 0.9599
ANN: AUC-PR: 0.9602, Precision: 0.9051,
ANN Recall: 0.9141, F1 Score: 0.9095
\ANN:RMSE: 12.0830 , PCC: 0.8282
Data processing and Training of MACSynDCR_CNN model:
MACSynDCR_CNN model:
Model: "sequential_7"
????????????????????????????????????????????????????????????????????????????????????????
? Layer (type)                         ? Output Shape                ?         Param # ?
????????????????????????????????????????????????????????????????????????????????????????
¦ conv2d_9 (Conv2D)                    ¦ (None, 66, 30, 32)          ¦             320 ¦
+--------------------------------------+-----------------------------+-----------------¦
¦ max_pooling2d_9 (MaxPooling2D)       ¦ (None, 33, 15, 32)          ¦               0 ¦
+--------------------------------------+-----------------------------+-----------------¦
¦ dropout_9 (Dropout)                  ¦ (None, 33, 15, 32)          ¦               0 ¦
+--------------------------------------+-----------------------------+-----------------¦
¦ conv2d_10 (Conv2D)                   ¦ (None, 31, 13, 64)          ¦          18,496 ¦
+--------------------------------------+-----------------------------+-----------------¦
¦ max_pooling2d_10 (MaxPooling2D)      ¦ (None, 15, 6, 64)           ¦               0 ¦
+--------------------------------------+-----------------------------+-----------------¦
¦ dropout_10 (Dropout)                 ¦ (None, 15, 6, 64)           ¦               0 ¦
+--------------------------------------+-----------------------------+-----------------¦
¦ conv2d_11 (Conv2D)                   ¦ (None, 13, 4, 128)          ¦          73,856 ¦
+--------------------------------------+-----------------------------+-----------------¦
¦ max_pooling2d_11 (MaxPooling2D)      ¦ (None, 6, 2, 128)           ¦               0 ¦
+--------------------------------------+-----------------------------+-----------------¦
¦ dropout_11 (Dropout)                 ¦ (None, 6, 2, 128)           ¦               0 ¦
+--------------------------------------+-----------------------------+-----------------¦
¦ flatten_3 (Flatten)                  ¦ (None, 1536)                ¦               0 ¦
+--------------------------------------+-----------------------------+-----------------¦
¦ dense_30 (Dense)                     ¦ (None, 128)                 ¦         196,736 ¦
+--------------------------------------+-----------------------------+-----------------¦
¦ dense_31 (Dense)                     ¦ (None, 2)                   ¦             258 ¦
+--------------------------------------------------------------------------------------+
 Total params: 289,666 (1.10 MB)
 Trainable params: 289,666 (1.10 MB)
 Non-trainable params: 0 (0.00 B)
Epoch 1/50
49/50 ???????????????????? 0s 47ms/step - acc: 0.5169 - auc: 0.5272 - loss: 0.6968
Epoch 1: val_acc improved from -inf to 0.51683, saving model to saved_models/best_MACSynDCR_CNN_model.keras
50/50 ???????????????????? 4s 56ms/step - acc: 0.5172 - auc: 0.5270 - loss: 0.6967 - val_acc: 0.5168 - val_auc: 0.6359 - val_loss: 0.6898
Epoch 2/50
49/50 ???????????????????? 0s 47ms/step - acc: 0.5595 - auc: 0.5845 - loss: 0.6853
Epoch 2: val_acc improved from 0.51683 to 0.72254, saving model to saved_models/best_MACSynDCR_CNN_model.keras
50/50 ???????????????????? 3s 52ms/step - acc: 0.5603 - auc: 0.5859 - loss: 0.6848 - val_acc: 0.7225 - val_auc: 0.8180 - val_loss: 0.5779
Epoch 3/50
50/50 ???????????????????? 0s 47ms/step - acc: 0.6969 - auc: 0.7723 - loss: 0.5747
Epoch 3: val_acc improved from 0.72254 to 0.74603, saving model to saved_models/best_MACSynDCR_CNN_model.keras
50/50 ???????????????????? 3s 52ms/step - acc: 0.6974 - auc: 0.7729 - loss: 0.5741 - val_acc: 0.7460 - val_auc: 0.8293 - val_loss: 0.5218
Epoch 4/50
50/50 ???????????????????? 0s 46ms/step - acc: 0.7653 - auc: 0.8403 - loss: 0.4952
Epoch 4: val_acc improved from 0.74603 to 0.80000, saving model to saved_models/best_MACSynDCR_CNN_model.keras
50/50 ???????????????????? 3s 51ms/step - acc: 0.7655 - auc: 0.8405 - loss: 0.4948 - val_acc: 0.8000 - val_auc: 0.8846 - val_loss: 0.4304
Epoch 5/50
50/50 ???????????????????? 0s 46ms/step - acc: 0.7911 - auc: 0.8692 - loss: 0.4541
Epoch 5: val_acc improved from 0.80000 to 0.81079, saving model to saved_models/best_MACSynDCR_CNN_model.keras
50/50 ???????????????????? 3s 51ms/step - acc: 0.7912 - auc: 0.8692 - loss: 0.4541 - val_acc: 0.8108 - val_auc: 0.8848 - val_loss: 0.4283
Epoch 6/50
50/50 ???????????????????? 0s 46ms/step - acc: 0.7897 - auc: 0.8708 - loss: 0.4490
Epoch 6: val_acc improved from 0.81079 to 0.81841, saving model to saved_models/best_MACSynDCR_CNN_model.keras
50/50 ???????????????????? 3s 51ms/step - acc: 0.7898 - auc: 0.8710 - loss: 0.4487 - val_acc: 0.8184 - val_auc: 0.8935 - val_loss: 0.4159
Epoch 7/50
50/50 ???????????????????? 0s 44ms/step - acc: 0.8075 - auc: 0.8886 - loss: 0.4211
Epoch 7: val_acc improved from 0.81841 to 0.82540, saving model to saved_models/best_MACSynDCR_CNN_model.keras
50/50 ???????????????????? 2s 49ms/step - acc: 0.8075 - auc: 0.8886 - loss: 0.4211 - val_acc: 0.8254 - val_auc: 0.8972 - val_loss: 0.4060
Epoch 8/50
49/50 ???????????????????? 0s 46ms/step - acc: 0.8113 - auc: 0.8937 - loss: 0.4116
Epoch 8: val_acc improved from 0.82540 to 0.82794, saving model to saved_models/best_MACSynDCR_CNN_model.keras
50/50 ???????????????????? 3s 50ms/step - acc: 0.8112 - auc: 0.8936 - loss: 0.4118 - val_acc: 0.8279 - val_auc: 0.9019 - val_loss: 0.3969
Epoch 9/50
50/50 ???????????????????? 0s 45ms/step - acc: 0.8285 - auc: 0.9052 - loss: 0.3908
Epoch 9: val_acc did not improve from 0.82794
50/50 ???????????????????? 2s 49ms/step - acc: 0.8283 - auc: 0.9050 - loss: 0.3911 - val_acc: 0.8260 - val_auc: 0.9052 - val_loss: 0.3908
Epoch 10/50
50/50 ???????????????????? 0s 44ms/step - acc: 0.8244 - auc: 0.9052 - loss: 0.3902
Epoch 10: val_acc did not improve from 0.82794
50/50 ???????????????????? 2s 48ms/step - acc: 0.8242 - auc: 0.9050 - loss: 0.3906 - val_acc: 0.8190 - val_auc: 0.9077 - val_loss: 0.3872
Epoch 11/50
49/50 ???????????????????? 0s 48ms/step - acc: 0.8116 - auc: 0.8932 - loss: 0.4127
Epoch 11: val_acc did not improve from 0.82794
50/50 ???????????????????? 3s 51ms/step - acc: 0.8118 - auc: 0.8933 - loss: 0.4124 - val_acc: 0.8260 - val_auc: 0.9093 - val_loss: 0.3827
Epoch 12/50
50/50 ???????????????????? 0s 46ms/step - acc: 0.8228 - auc: 0.9053 - loss: 0.3903
Epoch 12: val_acc improved from 0.82794 to 0.83556, saving model to saved_models/best_MACSynDCR_CNN_model.keras
50/50 ???????????????????? 3s 51ms/step - acc: 0.8228 - auc: 0.9053 - loss: 0.3904 - val_acc: 0.8356 - val_auc: 0.9113 - val_loss: 0.3796
Epoch 13/50
48/50 ???????????????????? 0s 47ms/step - acc: 0.8250 - auc: 0.9039 - loss: 0.3924
Epoch 13: val_acc improved from 0.83556 to 0.83619, saving model to saved_models/best_MACSynDCR_CNN_model.keras
50/50 ???????????????????? 3s 50ms/step - acc: 0.8253 - auc: 0.9042 - loss: 0.3921 - val_acc: 0.8362 - val_auc: 0.9133 - val_loss: 0.3745
Epoch 14/50
50/50 ???????????????????? 0s 46ms/step - acc: 0.8205 - auc: 0.9044 - loss: 0.3913
Epoch 14: val_acc improved from 0.83619 to 0.84381, saving model to saved_models/best_MACSynDCR_CNN_model.keras
50/50 ???????????????????? 3s 50ms/step - acc: 0.8207 - auc: 0.9045 - loss: 0.3911 - val_acc: 0.8438 - val_auc: 0.9168 - val_loss: 0.3677
Epoch 15/50
50/50 ???????????????????? 0s 45ms/step - acc: 0.8351 - auc: 0.9099 - loss: 0.3807
Epoch 15: val_acc did not improve from 0.84381
50/50 ???????????????????? 2s 50ms/step - acc: 0.8351 - auc: 0.9100 - loss: 0.3806 - val_acc: 0.8305 - val_auc: 0.9147 - val_loss: 0.3719
Epoch 16/50
49/50 ???????????????????? 0s 46ms/step - acc: 0.8416 - auc: 0.9183 - loss: 0.3644
Epoch 16: val_acc improved from 0.84381 to 0.84825, saving model to saved_models/best_MACSynDCR_CNN_model.keras
50/50 ???????????????????? 3s 51ms/step - acc: 0.8414 - auc: 0.9182 - loss: 0.3645 - val_acc: 0.8483 - val_auc: 0.9230 - val_loss: 0.3540
Epoch 17/50
48/50 ???????????????????? 0s 46ms/step - acc: 0.8485 - auc: 0.9194 - loss: 0.3607
Epoch 17: val_acc improved from 0.84825 to 0.85206, saving model to saved_models/best_MACSynDCR_CNN_model.keras
50/50 ???????????????????? 3s 51ms/step - acc: 0.8481 - auc: 0.9193 - loss: 0.3609 - val_acc: 0.8521 - val_auc: 0.9247 - val_loss: 0.3505
Epoch 18/50
49/50 ???????????????????? 0s 46ms/step - acc: 0.8458 - auc: 0.9216 - loss: 0.3563
Epoch 18: val_acc improved from 0.85206 to 0.85651, saving model to saved_models/best_MACSynDCR_CNN_model.keras
50/50 ???????????????????? 3s 51ms/step - acc: 0.8457 - auc: 0.9216 - loss: 0.3563 - val_acc: 0.8565 - val_auc: 0.9293 - val_loss: 0.3403
Epoch 19/50
49/50 ???????????????????? 0s 47ms/step - acc: 0.8473 - auc: 0.9288 - loss: 0.3411
Epoch 19: val_acc did not improve from 0.85651
50/50 ???????????????????? 3s 50ms/step - acc: 0.8473 - auc: 0.9288 - loss: 0.3412 - val_acc: 0.8533 - val_auc: 0.9269 - val_loss: 0.3468
Epoch 20/50
49/50 ???????????????????? 0s 47ms/step - acc: 0.8453 - auc: 0.9239 - loss: 0.3509
Epoch 20: val_acc improved from 0.85651 to 0.86349, saving model to saved_models/best_MACSynDCR_CNN_model.keras
50/50 ???????????????????? 3s 51ms/step - acc: 0.8454 - auc: 0.9240 - loss: 0.3507 - val_acc: 0.8635 - val_auc: 0.9304 - val_loss: 0.3378
Epoch 21/50
50/50 ???????????????????? 0s 46ms/step - acc: 0.8456 - auc: 0.9290 - loss: 0.3395
Epoch 21: val_acc improved from 0.86349 to 0.86540, saving model to saved_models/best_MACSynDCR_CNN_model.keras
50/50 ???????????????????? 3s 51ms/step - acc: 0.8457 - auc: 0.9290 - loss: 0.3395 - val_acc: 0.8654 - val_auc: 0.9355 - val_loss: 0.3249
Epoch 22/50
50/50 ???????????????????? 0s 46ms/step - acc: 0.8632 - auc: 0.9350 - loss: 0.3258
Epoch 22: val_acc improved from 0.86540 to 0.87238, saving model to saved_models/best_MACSynDCR_CNN_model.keras
50/50 ???????????????????? 3s 51ms/step - acc: 0.8631 - auc: 0.9349 - loss: 0.3258 - val_acc: 0.8724 - val_auc: 0.9366 - val_loss: 0.3220
Epoch 23/50
48/50 ???????????????????? 0s 48ms/step - acc: 0.8535 - auc: 0.9313 - loss: 0.3345
Epoch 23: val_acc did not improve from 0.87238
50/50 ???????????????????? 3s 51ms/step - acc: 0.8539 - auc: 0.9315 - loss: 0.3339 - val_acc: 0.8679 - val_auc: 0.9387 - val_loss: 0.3163
Epoch 24/50
49/50 ???????????????????? 0s 46ms/step - acc: 0.8618 - auc: 0.9393 - loss: 0.3146
Epoch 24: val_acc improved from 0.87238 to 0.87365, saving model to saved_models/best_MACSynDCR_CNN_model.keras
50/50 ???????????????????? 3s 51ms/step - acc: 0.8619 - auc: 0.9393 - loss: 0.3147 - val_acc: 0.8737 - val_auc: 0.9403 - val_loss: 0.3117
Epoch 25/50
49/50 ???????????????????? 0s 47ms/step - acc: 0.8717 - auc: 0.9439 - loss: 0.3026
Epoch 25: val_acc did not improve from 0.87365
50/50 ???????????????????? 3s 51ms/step - acc: 0.8715 - auc: 0.9438 - loss: 0.3028 - val_acc: 0.8711 - val_auc: 0.9381 - val_loss: 0.3175
Epoch 26/50
49/50 ???????????????????? 0s 48ms/step - acc: 0.8713 - auc: 0.9416 - loss: 0.3088
Epoch 26: val_acc did not improve from 0.87365
50/50 ???????????????????? 3s 51ms/step - acc: 0.8712 - auc: 0.9416 - loss: 0.3088 - val_acc: 0.8698 - val_auc: 0.9404 - val_loss: 0.3115
Epoch 27/50
50/50 ???????????????????? 0s 46ms/step - acc: 0.8706 - auc: 0.9427 - loss: 0.3058
Epoch 27: val_acc improved from 0.87365 to 0.87429, saving model to saved_models/best_MACSynDCR_CNN_model.keras
50/50 ???????????????????? 3s 51ms/step - acc: 0.8706 - auc: 0.9427 - loss: 0.3057 - val_acc: 0.8743 - val_auc: 0.9415 - val_loss: 0.3090
Epoch 28/50
49/50 ???????????????????? 0s 47ms/step - acc: 0.8645 - auc: 0.9417 - loss: 0.3082
Epoch 28: val_acc did not improve from 0.87429
50/50 ???????????????????? 3s 50ms/step - acc: 0.8648 - auc: 0.9419 - loss: 0.3078 - val_acc: 0.8692 - val_auc: 0.9413 - val_loss: 0.3116
Epoch 29/50
49/50 ???????????????????? 0s 47ms/step - acc: 0.8734 - auc: 0.9494 - loss: 0.2878
Epoch 29: val_acc did not improve from 0.87429
50/50 ???????????????????? 3s 51ms/step - acc: 0.8736 - auc: 0.9494 - loss: 0.2879 - val_acc: 0.8724 - val_auc: 0.9449 - val_loss: 0.3007
Epoch 30/50
49/50 ???????????????????? 0s 47ms/step - acc: 0.8824 - auc: 0.9513 - loss: 0.2826
Epoch 30: val_acc improved from 0.87429 to 0.88127, saving model to saved_models/best_MACSynDCR_CNN_model.keras
50/50 ???????????????????? 3s 51ms/step - acc: 0.8821 - auc: 0.9512 - loss: 0.2828 - val_acc: 0.8813 - val_auc: 0.9448 - val_loss: 0.3010
Epoch 31/50
49/50 ???????????????????? 0s 46ms/step - acc: 0.8830 - auc: 0.9500 - loss: 0.2865
Epoch 31: val_acc did not improve from 0.88127
50/50 ???????????????????? 2s 49ms/step - acc: 0.8829 - auc: 0.9501 - loss: 0.2863 - val_acc: 0.8794 - val_auc: 0.9465 - val_loss: 0.2951
Epoch 32/50
49/50 ???????????????????? 0s 46ms/step - acc: 0.8804 - auc: 0.9529 - loss: 0.2784
Epoch 32: val_acc did not improve from 0.88127
50/50 ???????????????????? 2s 49ms/step - acc: 0.8804 - auc: 0.9528 - loss: 0.2785 - val_acc: 0.8800 - val_auc: 0.9447 - val_loss: 0.3035
Epoch 33/50
50/50 ???????????????????? 0s 45ms/step - acc: 0.8803 - auc: 0.9531 - loss: 0.2767
Epoch 33: val_acc improved from 0.88127 to 0.88317, saving model to saved_models/best_MACSynDCR_CNN_model.keras
50/50 ???????????????????? 2s 49ms/step - acc: 0.8803 - auc: 0.9530 - loss: 0.2768 - val_acc: 0.8832 - val_auc: 0.9446 - val_loss: 0.3006
Epoch 34/50
49/50 ???????????????????? 0s 46ms/step - acc: 0.8890 - auc: 0.9543 - loss: 0.2741
Epoch 34: val_acc improved from 0.88317 to 0.88571, saving model to saved_models/best_MACSynDCR_CNN_model.keras
50/50 ???????????????????? 2s 50ms/step - acc: 0.8889 - auc: 0.9542 - loss: 0.2741 - val_acc: 0.8857 - val_auc: 0.9467 - val_loss: 0.2947
Epoch 35/50
50/50 ???????????????????? 0s 49ms/step - acc: 0.8846 - auc: 0.9560 - loss: 0.2683
Epoch 35: val_acc did not improve from 0.88571
50/50 ???????????????????? 3s 53ms/step - acc: 0.8846 - auc: 0.9560 - loss: 0.2683 - val_acc: 0.8794 - val_auc: 0.9464 - val_loss: 0.3010
Epoch 36/50
49/50 ???????????????????? 0s 61ms/step - acc: 0.8842 - auc: 0.9574 - loss: 0.2641
Epoch 36: val_acc did not improve from 0.88571
50/50 ???????????????????? 3s 65ms/step - acc: 0.8841 - auc: 0.9574 - loss: 0.2642 - val_acc: 0.8724 - val_auc: 0.9435 - val_loss: 0.3082
Epoch 37/50
49/50 ???????????????????? 0s 57ms/step - acc: 0.8853 - auc: 0.9569 - loss: 0.2654
Epoch 37: val_acc did not improve from 0.88571
50/50 ???????????????????? 3s 60ms/step - acc: 0.8853 - auc: 0.9569 - loss: 0.2655 - val_acc: 0.8724 - val_auc: 0.9443 - val_loss: 0.3049
Epoch 38/50
49/50 ???????????????????? 0s 52ms/step - acc: 0.8881 - auc: 0.9578 - loss: 0.2626
Epoch 38: val_acc improved from 0.88571 to 0.88762, saving model to saved_models/best_MACSynDCR_CNN_model.keras
50/50 ???????????????????? 3s 56ms/step - acc: 0.8879 - auc: 0.9577 - loss: 0.2630 - val_acc: 0.8876 - val_auc: 0.9497 - val_loss: 0.2859
Epoch 39/50
49/50 ???????????????????? 0s 49ms/step - acc: 0.8947 - auc: 0.9617 - loss: 0.2510
Epoch 39: val_acc did not improve from 0.88762
50/50 ???????????????????? 3s 52ms/step - acc: 0.8946 - auc: 0.9617 - loss: 0.2512 - val_acc: 0.8800 - val_auc: 0.9466 - val_loss: 0.2970
Epoch 40/50
50/50 ???????????????????? 0s 48ms/step - acc: 0.8939 - auc: 0.9579 - loss: 0.2626
Epoch 40: val_acc did not improve from 0.88762
50/50 ???????????????????? 3s 52ms/step - acc: 0.8940 - auc: 0.9579 - loss: 0.2625 - val_acc: 0.8825 - val_auc: 0.9462 - val_loss: 0.3021
Epoch 41/50
49/50 ???????????????????? 0s 49ms/step - acc: 0.8995 - auc: 0.9639 - loss: 0.2426
Epoch 41: val_acc did not improve from 0.88762
50/50 ???????????????????? 3s 52ms/step - acc: 0.8994 - auc: 0.9638 - loss: 0.2430 - val_acc: 0.8819 - val_auc: 0.9474 - val_loss: 0.2970
Epoch 42/50
50/50 ???????????????????? 0s 48ms/step - acc: 0.8890 - auc: 0.9606 - loss: 0.2541
Epoch 42: val_acc did not improve from 0.88762
50/50 ???????????????????? 3s 52ms/step - acc: 0.8891 - auc: 0.9605 - loss: 0.2542 - val_acc: 0.8787 - val_auc: 0.9464 - val_loss: 0.3031
Epoch 43/50
50/50 ???????????????????? 0s 48ms/step - acc: 0.8996 - auc: 0.9622 - loss: 0.2483
Epoch 43: val_acc did not improve from 0.88762
50/50 ???????????????????? 3s 52ms/step - acc: 0.8995 - auc: 0.9621 - loss: 0.2484 - val_acc: 0.8762 - val_auc: 0.9458 - val_loss: 0.3065
Epoch 44/50
49/50 ???????????????????? 0s 48ms/step - acc: 0.8976 - auc: 0.9630 - loss: 0.2466
Epoch 44: val_acc did not improve from 0.88762
50/50 ???????????????????? 3s 51ms/step - acc: 0.8975 - auc: 0.9629 - loss: 0.2467 - val_acc: 0.8762 - val_auc: 0.9488 - val_loss: 0.2913
Epoch 45/50
50/50 ???????????????????? 0s 45ms/step - acc: 0.9002 - auc: 0.9636 - loss: 0.2446
Epoch 45: val_acc did not improve from 0.88762
50/50 ???????????????????? 2s 49ms/step - acc: 0.9002 - auc: 0.9636 - loss: 0.2446 - val_acc: 0.8870 - val_auc: 0.9497 - val_loss: 0.2913
Epoch 46/50
50/50 ???????????????????? 0s 47ms/step - acc: 0.8994 - auc: 0.9682 - loss: 0.2288
Epoch 46: val_acc did not improve from 0.88762
50/50 ???????????????????? 3s 50ms/step - acc: 0.8993 - auc: 0.9681 - loss: 0.2291 - val_acc: 0.8813 - val_auc: 0.9459 - val_loss: 0.3010
Epoch 47/50
49/50 ???????????????????? 0s 45ms/step - acc: 0.9024 - auc: 0.9675 - loss: 0.2318
Epoch 47: val_acc did not improve from 0.88762
50/50 ???????????????????? 2s 49ms/step - acc: 0.9023 - auc: 0.9674 - loss: 0.2321 - val_acc: 0.8787 - val_auc: 0.9473 - val_loss: 0.2933
Epoch 48/50
50/50 ???????????????????? 0s 47ms/step - acc: 0.8949 - auc: 0.9622 - loss: 0.2481
Epoch 48: val_acc did not improve from 0.88762
50/50 ???????????????????? 3s 51ms/step - acc: 0.8951 - auc: 0.9623 - loss: 0.2478 - val_acc: 0.8813 - val_auc: 0.9488 - val_loss: 0.3013
Epoch 49/50
50/50 ???????????????????? 0s 47ms/step - acc: 0.9070 - auc: 0.9670 - loss: 0.2324
Epoch 49: val_acc did not improve from 0.88762
50/50 ???????????????????? 3s 50ms/step - acc: 0.9069 - auc: 0.9669 - loss: 0.2325 - val_acc: 0.8787 - val_auc: 0.9488 - val_loss: 0.2939
Epoch 50/50
50/50 ???????????????????? 0s 46ms/step - acc: 0.9088 - auc: 0.9678 - loss: 0.2294
Epoch 50: val_acc did not improve from 0.88762
50/50 ???????????????????? 3s 50ms/step - acc: 0.9088 - auc: 0.9678 - loss: 0.2295 - val_acc: 0.8806 - val_auc: 0.9487 - val_loss: 0.3027
50/50 ???????????????????? 1s 12ms/step
50/50 ???????????????????? 0s 5ms/step
CNN: Accuracy: 0.8876, AUC-ROC: 0.9495
CNN: AUC-PR: 0.9486, Precision: 0.8836,
CNN Recall: 0.8979, F1 Score: 0.8907
CNN:RMSE: 13.3041 , PCC: 0.8094
Evaluation of Keras MACSynDCR_ANN model:
50/50 ???????????????????? 1s 4ms/step - acc: 0.8982 - auc: 0.9417 - loss: 0.4749
Evaluate->  Loss: 0.4084, Accuracy: 0.9073,AUC: 0.9528
50/50 ???????????????????? 0s 6ms/step
197/197 ???????????????????? 1s 4ms/step
ANN: Accuracy: 0.9073, AUC-ROC: 0.9599
ANN: AUC-PR: 0.9602, Precision: 0.9051,
ANN Recall: 0.9141, F1 Score: 0.9095
ANN:RMSE: 12.0830 , PCC: 0.8282
****************************************************************************************************
Evaluation of Keras MACSynDCR_CNN model:
50/50 ???????????????????? 1s 4ms/step - acc: 0.8802 - auc: 0.9431 - loss: 0.3045
Evaluate->  Loss: 0.2859, Accuracy: 0.8876,Accuracy: 0.9497
50/50 ???????????????????? 0s 5ms/step
197/197 ???????????????????? 1s 4ms/step
CNN: Accuracy: 0.8876, AUC-ROC: 0.9495
CNN: AUC-PR: 0.9486, Precision: 0.8836,
CNN Recall: 0.8979, F1 Score: 0.8907
CNN:RMSE: 13.3041 , PCC: 0.8094
****************************************************************************************************
Accuracy Score and AUC for ANN = AUC: 0.9626, Accuracy: 0.9092
Accuracy Score and AUC for KANN = AUC: 0.9599, Accuracy: 0.9073
Accuracy Score and AUC for KCNN = AUC: 0.9495, Accuracy: 0.8876
Average AUC = AUC: 0.9679, Accuracy: 0.9149
MAX AUC = AUC: 0.9640, Accuracy: 0.8997
Fitting 5 folds for each of 14 candidates, totalling 70 fits
Finall ensemble results of fold_4 for MACSynDCR:
----------------------------------------------------------------------------------------------------
Ensemble Accuracy: 0.9149, AUC-ROC: 0.9681
Ensemble AUC-PR: 0.9644, Precision: 0.9166,
Ensemble Recall: 0.9166, F1 Score: 0.9166
Ensemble RMSE: 11.5758 , PCC: 0.8588
----------------------------------------------------------------------------------------------------
Fold 5
Data processing and Training of MACSynDCR_ANN model:
ANN_model saved with Val_ACC: 0.5140 Val_AUC: 0.5350
fold_5: Epoch [1/50], Loss: 0.6964, Val_ACC: 0.5140, Val_AUC: 0.5350
ANN_model saved with Val_ACC: 0.7681 Val_AUC: 0.8533
ANN_model saved with Val_ACC: 0.8050 Val_AUC: 0.8982
ANN_model saved with Val_ACC: 0.8151 Val_AUC: 0.9119
ANN_model saved with Val_ACC: 0.8399 Val_AUC: 0.9222
ANN_model saved with Val_ACC: 0.8488 Val_AUC: 0.9314
ANN_model saved with Val_ACC: 0.8609 Val_AUC: 0.9391
ANN_model saved with Val_ACC: 0.8717 Val_AUC: 0.9434
ANN_model saved with Val_ACC: 0.8736 Val_AUC: 0.9455
ANN_model saved with Val_ACC: 0.8774 Val_AUC: 0.9476
ANN_model saved with Val_ACC: 0.8806 Val_AUC: 0.9475
ANN_model saved with Val_ACC: 0.8863 Val_AUC: 0.9559
ANN_model saved with Val_ACC: 0.8875 Val_AUC: 0.9535
ANN_model saved with Val_ACC: 0.8952 Val_AUC: 0.9552
ANN_model saved with Val_ACC: 0.8958 Val_AUC: 0.9554
ANN_model saved with Val_ACC: 0.9003 Val_AUC: 0.9607
fold_5: Epoch [21/50], Loss: 0.3379, Val_ACC: 0.9003, Val_AUC: 0.9607
ANN_model saved with Val_ACC: 0.9009 Val_AUC: 0.9606
ANN_model saved with Val_ACC: 0.9085 Val_AUC: 0.9615
ANN_model saved with Val_ACC: 0.9098 Val_AUC: 0.9614
fold_5: Epoch [41/50], Loss: 0.3197, Val_ACC: 0.9034, Val_AUC: 0.9644
Accuracy: 0.9098, AUC-ROC: 0.9614
 AUC-PR: 0.9543, Precision: 0.9142, Recall: 0.9074, F1 Score: 0.9108
RMSE: 10.8208 , PCC: 0.8412
Data processing and Training of MACSynDCR_ANN model:
MACSynDCR_ANN model:
Model: "sequential_8"
????????????????????????????????????????????????????????????????????????????????????????
? Layer (type)                         ? Output Shape                ?         Param # ?
????????????????????????????????????????????????????????????????????????????????????????
¦ dense_32 (Dense)                     ¦ (None, 2048)                ¦       4,458,496 ¦
+--------------------------------------+-----------------------------+-----------------¦
¦ batch_normalization_20               ¦ (None, 2048)                ¦           8,192 ¦
¦ (BatchNormalization)                 ¦                             ¦                 ¦
+--------------------------------------+-----------------------------+-----------------¦
¦ dense_33 (Dense)                     ¦ (None, 1024)                ¦       2,098,176 ¦
+--------------------------------------+-----------------------------+-----------------¦
¦ batch_normalization_21               ¦ (None, 1024)                ¦           4,096 ¦
¦ (BatchNormalization)                 ¦                             ¦                 ¦
+--------------------------------------+-----------------------------+-----------------¦
¦ dense_34 (Dense)                     ¦ (None, 512)                 ¦         524,800 ¦
+--------------------------------------+-----------------------------+-----------------¦
¦ batch_normalization_22               ¦ (None, 512)                 ¦           2,048 ¦
¦ (BatchNormalization)                 ¦                             ¦                 ¦
+--------------------------------------+-----------------------------+-----------------¦
¦ dense_35 (Dense)                     ¦ (None, 256)                 ¦         131,328 ¦
+--------------------------------------+-----------------------------+-----------------¦
¦ batch_normalization_23               ¦ (None, 256)                 ¦           1,024 ¦
¦ (BatchNormalization)                 ¦                             ¦                 ¦
+--------------------------------------+-----------------------------+-----------------¦
¦ dense_36 (Dense)                     ¦ (None, 128)                 ¦          32,896 ¦
+--------------------------------------+-----------------------------+-----------------¦
¦ batch_normalization_24               ¦ (None, 128)                 ¦             512 ¦
¦ (BatchNormalization)                 ¦                             ¦                 ¦
+--------------------------------------+-----------------------------+-----------------¦
¦ dense_37 (Dense)                     ¦ (None, 2)                   ¦             258 ¦
+--------------------------------------------------------------------------------------+
 Total params: 7,261,826 (27.70 MB)
 Trainable params: 7,253,890 (27.67 MB)
 Non-trainable params: 7,936 (31.00 KB)
Epoch 1/50
49/50 ???????????????????? 0s 46ms/step - acc: 0.7193 - auc: 0.7852 - loss: 0.6397
Epoch 1: val_auc improved from -inf to 0.82942, saving model to saved_models/best_MACSynDCR_ANN_model.keras
50/50 ???????????????????? 6s 69ms/step - acc: 0.7218 - auc: 0.7881 - loss: 0.6339 - val_acc: 0.7408 - val_auc: 0.8294 - val_loss: 0.5051
Epoch 2/50
49/50 ???????????????????? 0s 46ms/step - acc: 0.8679 - auc: 0.9427 - loss: 0.3062
Epoch 2: val_auc did not improve from 0.82942
50/50 ???????????????????? 2s 49ms/step - acc: 0.8681 - auc: 0.9429 - loss: 0.3058 - val_acc: 0.7338 - val_auc: 0.8115 - val_loss: 0.5272
Epoch 3/50
50/50 ???????????????????? 0s 48ms/step - acc: 0.9112 - auc: 0.9692 - loss: 0.2263
Epoch 3: val_auc improved from 0.82942 to 0.85197, saving model to saved_models/best_MACSynDCR_ANN_model.keras
50/50 ???????????????????? 3s 64ms/step - acc: 0.9112 - auc: 0.9692 - loss: 0.2263 - val_acc: 0.7719 - val_auc: 0.8520 - val_loss: 0.4809
Epoch 4/50
49/50 ???????????????????? 0s 46ms/step - acc: 0.9280 - auc: 0.9798 - loss: 0.1827
Epoch 4: val_auc improved from 0.85197 to 0.90945, saving model to saved_models/best_MACSynDCR_ANN_model.keras
50/50 ???????????????????? 3s 63ms/step - acc: 0.9278 - auc: 0.9797 - loss: 0.1830 - val_acc: 0.8158 - val_auc: 0.9095 - val_loss: 0.3972
Epoch 5/50
49/50 ???????????????????? 0s 46ms/step - acc: 0.9410 - auc: 0.9848 - loss: 0.1574
Epoch 5: val_auc improved from 0.90945 to 0.92481, saving model to saved_models/best_MACSynDCR_ANN_model.keras
50/50 ???????????????????? 3s 60ms/step - acc: 0.9408 - auc: 0.9848 - loss: 0.1577 - val_acc: 0.8621 - val_auc: 0.9248 - val_loss: 0.3836
Epoch 6/50
49/50 ???????????????????? 0s 47ms/step - acc: 0.9434 - auc: 0.9858 - loss: 0.1509
Epoch 6: val_auc improved from 0.92481 to 0.93545, saving model to saved_models/best_MACSynDCR_ANN_model.keras
50/50 ???????????????????? 3s 63ms/step - acc: 0.9436 - auc: 0.9858 - loss: 0.1506 - val_acc: 0.8532 - val_auc: 0.9354 - val_loss: 0.3725
Epoch 7/50
50/50 ???????????????????? 0s 46ms/step - acc: 0.9513 - auc: 0.9909 - loss: 0.1235
Epoch 7: val_auc improved from 0.93545 to 0.94686, saving model to saved_models/best_MACSynDCR_ANN_model.keras
50/50 ???????????????????? 3s 64ms/step - acc: 0.9513 - auc: 0.9909 - loss: 0.1235 - val_acc: 0.8818 - val_auc: 0.9469 - val_loss: 0.3498
Epoch 8/50
50/50 ???????????????????? 0s 46ms/step - acc: 0.9626 - auc: 0.9929 - loss: 0.1059
Epoch 8: val_auc did not improve from 0.94686
50/50 ???????????????????? 2s 49ms/step - acc: 0.9625 - auc: 0.9929 - loss: 0.1060 - val_acc: 0.8564 - val_auc: 0.9305 - val_loss: 0.4466
Epoch 9/50
50/50 ???????????????????? 0s 47ms/step - acc: 0.9629 - auc: 0.9932 - loss: 0.1015
Epoch 9: val_auc did not improve from 0.94686
50/50 ???????????????????? 3s 50ms/step - acc: 0.9629 - auc: 0.9932 - loss: 0.1015 - val_acc: 0.8672 - val_auc: 0.9402 - val_loss: 0.3996
Epoch 10/50
50/50 ???????????????????? 0s 47ms/step - acc: 0.9634 - auc: 0.9917 - loss: 0.1045
Epoch 10: val_auc did not improve from 0.94686
50/50 ???????????????????? 3s 50ms/step - acc: 0.9633 - auc: 0.9917 - loss: 0.1046 - val_acc: 0.8634 - val_auc: 0.9344 - val_loss: 0.4316
Epoch 11/50
50/50 ???????????????????? 0s 47ms/step - acc: 0.9725 - auc: 0.9944 - loss: 0.0895
Epoch 11: val_auc did not improve from 0.94686
50/50 ???????????????????? 3s 50ms/step - acc: 0.9725 - auc: 0.9944 - loss: 0.0894 - val_acc: 0.8799 - val_auc: 0.9449 - val_loss: 0.3941
Epoch 12/50
49/50 ???????????????????? 0s 47ms/step - acc: 0.9722 - auc: 0.9970 - loss: 0.0690
Epoch 12: val_auc did not improve from 0.94686
50/50 ???????????????????? 2s 49ms/step - acc: 0.9723 - auc: 0.9970 - loss: 0.0690 - val_acc: 0.8799 - val_auc: 0.9455 - val_loss: 0.4133
Epoch 13/50
50/50 ???????????????????? 0s 47ms/step - acc: 0.9819 - auc: 0.9979 - loss: 0.0560
Epoch 13: val_auc improved from 0.94686 to 0.95202, saving model to saved_models/best_MACSynDCR_ANN_model.keras
50/50 ???????????????????? 3s 63ms/step - acc: 0.9819 - auc: 0.9979 - loss: 0.0561 - val_acc: 0.8844 - val_auc: 0.9520 - val_loss: 0.3532
Epoch 14/50
49/50 ???????????????????? 0s 47ms/step - acc: 0.9786 - auc: 0.9972 - loss: 0.0612
Epoch 14: val_auc did not improve from 0.95202
50/50 ???????????????????? 3s 50ms/step - acc: 0.9785 - auc: 0.9972 - loss: 0.0614 - val_acc: 0.8825 - val_auc: 0.9503 - val_loss: 0.3878
Epoch 15/50
50/50 ???????????????????? 0s 47ms/step - acc: 0.9774 - auc: 0.9977 - loss: 0.0599
Epoch 15: val_auc did not improve from 0.95202
50/50 ???????????????????? 2s 49ms/step - acc: 0.9774 - auc: 0.9976 - loss: 0.0601 - val_acc: 0.8787 - val_auc: 0.9391 - val_loss: 0.4369
Epoch 16/50
50/50 ???????????????????? 0s 47ms/step - acc: 0.9693 - auc: 0.9932 - loss: 0.0918
Epoch 16: val_auc did not improve from 0.95202
50/50 ???????????????????? 3s 50ms/step - acc: 0.9693 - auc: 0.9932 - loss: 0.0917 - val_acc: 0.8869 - val_auc: 0.9398 - val_loss: 0.4546
Epoch 17/50
49/50 ???????????????????? 0s 47ms/step - acc: 0.9827 - auc: 0.9973 - loss: 0.0576
Epoch 17: val_auc did not improve from 0.95202
50/50 ???????????????????? 2s 49ms/step - acc: 0.9827 - auc: 0.9973 - loss: 0.0573 - val_acc: 0.8882 - val_auc: 0.9471 - val_loss: 0.4384
Epoch 18/50
50/50 ???????????????????? 0s 47ms/step - acc: 0.9881 - auc: 0.9990 - loss: 0.0363
Epoch 18: val_auc did not improve from 0.95202
50/50 ???????????????????? 2s 49ms/step - acc: 0.9880 - auc: 0.9990 - loss: 0.0364 - val_acc: 0.8844 - val_auc: 0.9415 - val_loss: 0.4466
Epoch 19/50
49/50 ???????????????????? 0s 49ms/step - acc: 0.9859 - auc: 0.9989 - loss: 0.0369
Epoch 19: val_auc did not improve from 0.95202
50/50 ???????????????????? 3s 52ms/step - acc: 0.9859 - auc: 0.9989 - loss: 0.0369 - val_acc: 0.8933 - val_auc: 0.9498 - val_loss: 0.4011
Epoch 20/50
49/50 ???????????????????? 0s 46ms/step - acc: 0.9893 - auc: 0.9984 - loss: 0.0322
Epoch 20: val_auc did not improve from 0.95202
50/50 ???????????????????? 2s 49ms/step - acc: 0.9893 - auc: 0.9984 - loss: 0.0324 - val_acc: 0.8983 - val_auc: 0.9509 - val_loss: 0.4155
Epoch 21/50
50/50 ???????????????????? 0s 47ms/step - acc: 0.9896 - auc: 0.9993 - loss: 0.0289
Epoch 21: val_auc did not improve from 0.95202
50/50 ???????????????????? 3s 50ms/step - acc: 0.9896 - auc: 0.9993 - loss: 0.0290 - val_acc: 0.8844 - val_auc: 0.9380 - val_loss: 0.4915
Epoch 22/50
49/50 ???????????????????? 0s 48ms/step - acc: 0.9887 - auc: 0.9992 - loss: 0.0295
Epoch 22: val_auc did not improve from 0.95202
50/50 ???????????????????? 3s 50ms/step - acc: 0.9886 - auc: 0.9992 - loss: 0.0297 - val_acc: 0.8926 - val_auc: 0.9452 - val_loss: 0.4330
Epoch 23/50
49/50 ???????????????????? 0s 47ms/step - acc: 0.9829 - auc: 0.9971 - loss: 0.0577
Epoch 23: val_auc did not improve from 0.95202
50/50 ???????????????????? 3s 50ms/step - acc: 0.9828 - auc: 0.9971 - loss: 0.0578 - val_acc: 0.8583 - val_auc: 0.9199 - val_loss: 0.6162
Epoch 24/50
50/50 ???????????????????? 0s 47ms/step - acc: 0.9741 - auc: 0.9953 - loss: 0.0765
Epoch 24: val_auc did not improve from 0.95202
50/50 ???????????????????? 2s 49ms/step - acc: 0.9741 - auc: 0.9953 - loss: 0.0764 - val_acc: 0.8977 - val_auc: 0.9506 - val_loss: 0.3899
Epoch 25/50
50/50 ???????????????????? 0s 47ms/step - acc: 0.9772 - auc: 0.9969 - loss: 0.0625
Epoch 25: val_auc did not improve from 0.95202
50/50 ???????????????????? 2s 49ms/step - acc: 0.9772 - auc: 0.9969 - loss: 0.0624 - val_acc: 0.8882 - val_auc: 0.9490 - val_loss: 0.4086
Epoch 26/50
50/50 ???????????????????? 0s 48ms/step - acc: 0.9827 - auc: 0.9968 - loss: 0.0565
Epoch 26: val_auc did not improve from 0.95202
50/50 ???????????????????? 3s 50ms/step - acc: 0.9827 - auc: 0.9968 - loss: 0.0565 - val_acc: 0.8901 - val_auc: 0.9482 - val_loss: 0.4054
Epoch 27/50
50/50 ???????????????????? 0s 47ms/step - acc: 0.9917 - auc: 0.9992 - loss: 0.0284
Epoch 27: val_auc improved from 0.95202 to 0.95283, saving model to saved_models/best_MACSynDCR_ANN_model.keras
50/50 ???????????????????? 3s 63ms/step - acc: 0.9917 - auc: 0.9992 - loss: 0.0284 - val_acc: 0.8996 - val_auc: 0.9528 - val_loss: 0.4038
Epoch 28/50
49/50 ???????????????????? 0s 47ms/step - acc: 0.9912 - auc: 0.9993 - loss: 0.0279
Epoch 28: val_auc improved from 0.95283 to 0.95298, saving model to saved_models/best_MACSynDCR_ANN_model.keras
50/50 ???????????????????? 3s 63ms/step - acc: 0.9912 - auc: 0.9993 - loss: 0.0279 - val_acc: 0.8971 - val_auc: 0.9530 - val_loss: 0.4143
Epoch 29/50
49/50 ???????????????????? 0s 47ms/step - acc: 0.9869 - auc: 0.9988 - loss: 0.0400
Epoch 29: val_auc did not improve from 0.95298
50/50 ???????????????????? 2s 49ms/step - acc: 0.9869 - auc: 0.9988 - loss: 0.0398 - val_acc: 0.8888 - val_auc: 0.9461 - val_loss: 0.4793
Epoch 30/50
49/50 ???????????????????? 0s 46ms/step - acc: 0.9903 - auc: 0.9992 - loss: 0.0274
Epoch 30: val_auc did not improve from 0.95298
50/50 ???????????????????? 2s 49ms/step - acc: 0.9903 - auc: 0.9992 - loss: 0.0274 - val_acc: 0.8933 - val_auc: 0.9475 - val_loss: 0.4456
Epoch 31/50
50/50 ???????????????????? 0s 46ms/step - acc: 0.9770 - auc: 0.9949 - loss: 0.0732
Epoch 31: val_auc did not improve from 0.95298
50/50 ???????????????????? 2s 49ms/step - acc: 0.9770 - auc: 0.9949 - loss: 0.0731 - val_acc: 0.8767 - val_auc: 0.9351 - val_loss: 0.5203
Epoch 32/50
50/50 ???????????????????? 0s 47ms/step - acc: 0.9851 - auc: 0.9980 - loss: 0.0451
Epoch 32: val_auc did not improve from 0.95298
50/50 ???????????????????? 2s 49ms/step - acc: 0.9851 - auc: 0.9980 - loss: 0.0450 - val_acc: 0.9003 - val_auc: 0.9480 - val_loss: 0.4293
Epoch 33/50
50/50 ???????????????????? 0s 47ms/step - acc: 0.9901 - auc: 0.9995 - loss: 0.0258
Epoch 33: val_auc did not improve from 0.95298
50/50 ???????????????????? 3s 50ms/step - acc: 0.9901 - auc: 0.9995 - loss: 0.0258 - val_acc: 0.8964 - val_auc: 0.9494 - val_loss: 0.4244
Epoch 34/50
49/50 ???????????????????? 0s 47ms/step - acc: 0.9911 - auc: 0.9982 - loss: 0.0325
Epoch 34: val_auc did not improve from 0.95298
50/50 ???????????????????? 3s 49ms/step - acc: 0.9910 - auc: 0.9982 - loss: 0.0326 - val_acc: 0.8901 - val_auc: 0.9484 - val_loss: 0.4402
Epoch 35/50
50/50 ???????????????????? 0s 47ms/step - acc: 0.9883 - auc: 0.9991 - loss: 0.0329
Epoch 35: val_auc did not improve from 0.95298
50/50 ???????????????????? 3s 50ms/step - acc: 0.9883 - auc: 0.9991 - loss: 0.0329 - val_acc: 0.8914 - val_auc: 0.9480 - val_loss: 0.4451
Epoch 36/50
49/50 ???????????????????? 0s 48ms/step - acc: 0.9899 - auc: 0.9985 - loss: 0.0325
Epoch 36: val_auc did not improve from 0.95298
50/50 ???????????????????? 3s 50ms/step - acc: 0.9898 - auc: 0.9985 - loss: 0.0326 - val_acc: 0.8863 - val_auc: 0.9432 - val_loss: 0.4676
Epoch 37/50
49/50 ???????????????????? 0s 47ms/step - acc: 0.9943 - auc: 0.9998 - loss: 0.0174
Epoch 37: val_auc did not improve from 0.95298
50/50 ???????????????????? 2s 49ms/step - acc: 0.9943 - auc: 0.9998 - loss: 0.0177 - val_acc: 0.8945 - val_auc: 0.9468 - val_loss: 0.5005
Epoch 38/50
49/50 ???????????????????? 0s 47ms/step - acc: 0.9894 - auc: 0.9985 - loss: 0.0357
Epoch 38: val_auc did not improve from 0.95298
50/50 ???????????????????? 3s 50ms/step - acc: 0.9894 - auc: 0.9985 - loss: 0.0354 - val_acc: 0.8895 - val_auc: 0.9477 - val_loss: 0.4651
Epoch 39/50
50/50 ???????????????????? 0s 47ms/step - acc: 0.9936 - auc: 0.9986 - loss: 0.0238
Epoch 39: val_auc did not improve from 0.95298
50/50 ???????????????????? 3s 49ms/step - acc: 0.9937 - auc: 0.9986 - loss: 0.0237 - val_acc: 0.9047 - val_auc: 0.9508 - val_loss: 0.4198
Epoch 40/50
50/50 ???????????????????? 0s 46ms/step - acc: 0.9963 - auc: 0.9998 - loss: 0.0142
Epoch 40: val_auc did not improve from 0.95298
50/50 ???????????????????? 2s 49ms/step - acc: 0.9963 - auc: 0.9998 - loss: 0.0142 - val_acc: 0.8901 - val_auc: 0.9434 - val_loss: 0.4975
Epoch 41/50
50/50 ???????????????????? 0s 47ms/step - acc: 0.9928 - auc: 0.9988 - loss: 0.0252
Epoch 41: val_auc did not improve from 0.95298
50/50 ???????????????????? 3s 49ms/step - acc: 0.9928 - auc: 0.9988 - loss: 0.0252 - val_acc: 0.8926 - val_auc: 0.9462 - val_loss: 0.4774
Epoch 42/50
49/50 ???????????????????? 0s 47ms/step - acc: 0.9909 - auc: 0.9992 - loss: 0.0287
Epoch 42: val_auc did not improve from 0.95298
50/50 ???????????????????? 3s 50ms/step - acc: 0.9909 - auc: 0.9992 - loss: 0.0288 - val_acc: 0.8825 - val_auc: 0.9499 - val_loss: 0.4502
Epoch 43/50
50/50 ???????????????????? 0s 46ms/step - acc: 0.9946 - auc: 0.9998 - loss: 0.0170
Epoch 43: val_auc did not improve from 0.95298
50/50 ???????????????????? 2s 49ms/step - acc: 0.9945 - auc: 0.9998 - loss: 0.0171 - val_acc: 0.8933 - val_auc: 0.9469 - val_loss: 0.5010
Epoch 44/50
49/50 ???????????????????? 0s 47ms/step - acc: 0.9841 - auc: 0.9960 - loss: 0.0536
Epoch 44: val_auc did not improve from 0.95298
50/50 ???????????????????? 2s 49ms/step - acc: 0.9840 - auc: 0.9961 - loss: 0.0539 - val_acc: 0.8856 - val_auc: 0.9490 - val_loss: 0.4291
Epoch 45/50
49/50 ???????????????????? 0s 48ms/step - acc: 0.9867 - auc: 0.9988 - loss: 0.0369
Epoch 45: val_auc did not improve from 0.95298
50/50 ???????????????????? 3s 51ms/step - acc: 0.9868 - auc: 0.9988 - loss: 0.0367 - val_acc: 0.8895 - val_auc: 0.9487 - val_loss: 0.4543
Epoch 46/50
49/50 ???????????????????? 0s 47ms/step - acc: 0.9939 - auc: 0.9992 - loss: 0.0193
Epoch 46: val_auc did not improve from 0.95298
50/50 ???????????????????? 3s 50ms/step - acc: 0.9939 - auc: 0.9992 - loss: 0.0194 - val_acc: 0.8958 - val_auc: 0.9521 - val_loss: 0.4360
Epoch 47/50
50/50 ???????????????????? 0s 46ms/step - acc: 0.9893 - auc: 0.9987 - loss: 0.0342
Epoch 47: val_auc did not improve from 0.95298
50/50 ???????????????????? 2s 49ms/step - acc: 0.9893 - auc: 0.9987 - loss: 0.0342 - val_acc: 0.8869 - val_auc: 0.9439 - val_loss: 0.4602
Epoch 48/50
50/50 ???????????????????? 0s 47ms/step - acc: 0.9936 - auc: 0.9994 - loss: 0.0225
Epoch 48: val_auc did not improve from 0.95298
50/50 ???????????????????? 2s 49ms/step - acc: 0.9936 - auc: 0.9994 - loss: 0.0224 - val_acc: 0.8914 - val_auc: 0.9476 - val_loss: 0.4895
Epoch 49/50
50/50 ???????????????????? 0s 47ms/step - acc: 0.9943 - auc: 0.9993 - loss: 0.0182
Epoch 49: val_auc did not improve from 0.95298
50/50 ???????????????????? 3s 50ms/step - acc: 0.9943 - auc: 0.9993 - loss: 0.0183 - val_acc: 0.8806 - val_auc: 0.9331 - val_loss: 0.5544
Epoch 50/50
50/50 ???????????????????? 0s 46ms/step - acc: 0.9931 - auc: 0.9996 - loss: 0.0183
Epoch 50: val_auc did not improve from 0.95298
50/50 ???????????????????? 2s 49ms/step - acc: 0.9930 - auc: 0.9996 - loss: 0.0183 - val_acc: 0.8780 - val_auc: 0.9311 - val_loss: 0.5707
50/50 ???????????????????? 0s 6ms/step
50/50 ???????????????????? 0s 3ms/step
ANN: Accuracy: 0.8971, AUC-ROC: 0.9593
ANN: AUC-PR: 0.9570, Precision: 0.9110,
ANN Recall: 0.8836, F1 Score: 0.8971
\ANN:RMSE: 12.7279 , PCC: 0.8249
Data processing and Training of MACSynDCR_CNN model:
MACSynDCR_CNN model:
Model: "sequential_9"
????????????????????????????????????????????????????????????????????????????????????????
? Layer (type)                         ? Output Shape                ?         Param # ?
????????????????????????????????????????????????????????????????????????????????????????
¦ conv2d_12 (Conv2D)                   ¦ (None, 66, 30, 32)          ¦             320 ¦
+--------------------------------------+-----------------------------+-----------------¦
¦ max_pooling2d_12 (MaxPooling2D)      ¦ (None, 33, 15, 32)          ¦               0 ¦
+--------------------------------------+-----------------------------+-----------------¦
¦ dropout_12 (Dropout)                 ¦ (None, 33, 15, 32)          ¦               0 ¦
+--------------------------------------+-----------------------------+-----------------¦
¦ conv2d_13 (Conv2D)                   ¦ (None, 31, 13, 64)          ¦          18,496 ¦
+--------------------------------------+-----------------------------+-----------------¦
¦ max_pooling2d_13 (MaxPooling2D)      ¦ (None, 15, 6, 64)           ¦               0 ¦
+--------------------------------------+-----------------------------+-----------------¦
¦ dropout_13 (Dropout)                 ¦ (None, 15, 6, 64)           ¦               0 ¦
+--------------------------------------+-----------------------------+-----------------¦
¦ conv2d_14 (Conv2D)                   ¦ (None, 13, 4, 128)          ¦          73,856 ¦
+--------------------------------------+-----------------------------+-----------------¦
¦ max_pooling2d_14 (MaxPooling2D)      ¦ (None, 6, 2, 128)           ¦               0 ¦
+--------------------------------------+-----------------------------+-----------------¦
¦ dropout_14 (Dropout)                 ¦ (None, 6, 2, 128)           ¦               0 ¦
+--------------------------------------+-----------------------------+-----------------¦
¦ flatten_4 (Flatten)                  ¦ (None, 1536)                ¦               0 ¦
+--------------------------------------+-----------------------------+-----------------¦
¦ dense_38 (Dense)                     ¦ (None, 128)                 ¦         196,736 ¦
+--------------------------------------+-----------------------------+-----------------¦
¦ dense_39 (Dense)                     ¦ (None, 2)                   ¦             258 ¦
+--------------------------------------------------------------------------------------+
 Total params: 289,666 (1.10 MB)
 Trainable params: 289,666 (1.10 MB)
 Non-trainable params: 0 (0.00 B)
Epoch 1/50
49/50 ???????????????????? 0s 45ms/step - acc: 0.5030 - auc: 0.5007 - loss: 0.7095
Epoch 1: val_acc improved from -inf to 0.49238, saving model to saved_models/best_MACSynDCR_CNN_model.keras
50/50 ???????????????????? 4s 54ms/step - acc: 0.5032 - auc: 0.5011 - loss: 0.7091 - val_acc: 0.4924 - val_auc: 0.5486 - val_loss: 0.6922
Epoch 2/50
50/50 ???????????????????? 0s 46ms/step - acc: 0.5202 - auc: 0.5305 - loss: 0.6919
Epoch 2: val_acc improved from 0.49238 to 0.61563, saving model to saved_models/best_MACSynDCR_CNN_model.keras
50/50 ???????????????????? 3s 51ms/step - acc: 0.5205 - auc: 0.5311 - loss: 0.6919 - val_acc: 0.6156 - val_auc: 0.7073 - val_loss: 0.6699
Epoch 3/50
50/50 ???????????????????? 0s 45ms/step - acc: 0.6338 - auc: 0.6969 - loss: 0.6404
Epoch 3: val_acc improved from 0.61563 to 0.71919, saving model to saved_models/best_MACSynDCR_CNN_model.keras
50/50 ???????????????????? 3s 50ms/step - acc: 0.6346 - auc: 0.6978 - loss: 0.6397 - val_acc: 0.7192 - val_auc: 0.8210 - val_loss: 0.5242
Epoch 4/50
49/50 ???????????????????? 0s 47ms/step - acc: 0.7416 - auc: 0.8081 - loss: 0.5359
Epoch 4: val_acc improved from 0.71919 to 0.79161, saving model to saved_models/best_MACSynDCR_CNN_model.keras
50/50 ???????????????????? 3s 50ms/step - acc: 0.7420 - auc: 0.8088 - loss: 0.5351 - val_acc: 0.7916 - val_auc: 0.8700 - val_loss: 0.4520
Epoch 5/50
49/50 ???????????????????? 0s 46ms/step - acc: 0.7657 - auc: 0.8460 - loss: 0.4863
Epoch 5: val_acc improved from 0.79161 to 0.80368, saving model to saved_models/best_MACSynDCR_CNN_model.keras
50/50 ???????????????????? 3s 50ms/step - acc: 0.7660 - auc: 0.8462 - loss: 0.4861 - val_acc: 0.8037 - val_auc: 0.8857 - val_loss: 0.4329
Epoch 6/50
50/50 ???????????????????? 0s 46ms/step - acc: 0.7971 - auc: 0.8682 - loss: 0.4547
Epoch 6: val_acc improved from 0.80368 to 0.81703, saving model to saved_models/best_MACSynDCR_CNN_model.keras
50/50 ???????????????????? 3s 50ms/step - acc: 0.7970 - auc: 0.8682 - loss: 0.4547 - val_acc: 0.8170 - val_auc: 0.8948 - val_loss: 0.4166
Epoch 7/50
49/50 ???????????????????? 0s 47ms/step - acc: 0.7979 - auc: 0.8754 - loss: 0.4440
Epoch 7: val_acc improved from 0.81703 to 0.82274, saving model to saved_models/best_MACSynDCR_CNN_model.keras
50/50 ???????????????????? 3s 51ms/step - acc: 0.7980 - auc: 0.8755 - loss: 0.4438 - val_acc: 0.8227 - val_auc: 0.9025 - val_loss: 0.3949
Epoch 8/50
50/50 ???????????????????? 0s 47ms/step - acc: 0.8054 - auc: 0.8850 - loss: 0.4263
Epoch 8: val_acc did not improve from 0.82274
50/50 ???????????????????? 3s 51ms/step - acc: 0.8053 - auc: 0.8850 - loss: 0.4263 - val_acc: 0.8208 - val_auc: 0.9062 - val_loss: 0.3880
Epoch 9/50
48/50 ???????????????????? 0s 45ms/step - acc: 0.8204 - auc: 0.8967 - loss: 0.4060
Epoch 9: val_acc did not improve from 0.82274
50/50 ???????????????????? 2s 48ms/step - acc: 0.8198 - auc: 0.8964 - loss: 0.4065 - val_acc: 0.8215 - val_auc: 0.9090 - val_loss: 0.3851
Epoch 10/50
50/50 ???????????????????? 0s 46ms/step - acc: 0.8232 - auc: 0.9017 - loss: 0.3977
Epoch 10: val_acc improved from 0.82274 to 0.82402, saving model to saved_models/best_MACSynDCR_CNN_model.keras
50/50 ???????????????????? 3s 51ms/step - acc: 0.8231 - auc: 0.9016 - loss: 0.3979 - val_acc: 0.8240 - val_auc: 0.9098 - val_loss: 0.3840
Epoch 11/50
49/50 ???????????????????? 0s 47ms/step - acc: 0.8031 - auc: 0.8857 - loss: 0.4247
Epoch 11: val_acc improved from 0.82402 to 0.83418, saving model to saved_models/best_MACSynDCR_CNN_model.keras
50/50 ???????????????????? 3s 51ms/step - acc: 0.8036 - auc: 0.8861 - loss: 0.4241 - val_acc: 0.8342 - val_auc: 0.9129 - val_loss: 0.3763
Epoch 12/50
49/50 ???????????????????? 0s 46ms/step - acc: 0.8142 - auc: 0.8943 - loss: 0.4106
Epoch 12: val_acc did not improve from 0.83418
50/50 ???????????????????? 3s 50ms/step - acc: 0.8145 - auc: 0.8945 - loss: 0.4101 - val_acc: 0.8272 - val_auc: 0.9145 - val_loss: 0.3715
Epoch 13/50
49/50 ???????????????????? 0s 45ms/step - acc: 0.8274 - auc: 0.9040 - loss: 0.3927
Epoch 13: val_acc improved from 0.83418 to 0.84180, saving model to saved_models/best_MACSynDCR_CNN_model.keras
50/50 ???????????????????? 2s 50ms/step - acc: 0.8273 - auc: 0.9040 - loss: 0.3927 - val_acc: 0.8418 - val_auc: 0.9186 - val_loss: 0.3677
Epoch 14/50
50/50 ???????????????????? 0s 45ms/step - acc: 0.8314 - auc: 0.9108 - loss: 0.3796
Epoch 14: val_acc did not improve from 0.84180
50/50 ???????????????????? 2s 49ms/step - acc: 0.8314 - auc: 0.9108 - loss: 0.3796 - val_acc: 0.8405 - val_auc: 0.9203 - val_loss: 0.3600
Epoch 15/50
49/50 ???????????????????? 0s 46ms/step - acc: 0.8412 - auc: 0.9159 - loss: 0.3687
Epoch 15: val_acc improved from 0.84180 to 0.84562, saving model to saved_models/best_MACSynDCR_CNN_model.keras
50/50 ???????????????????? 3s 50ms/step - acc: 0.8410 - auc: 0.9158 - loss: 0.3688 - val_acc: 0.8456 - val_auc: 0.9231 - val_loss: 0.3535
Epoch 16/50
49/50 ???????????????????? 0s 46ms/step - acc: 0.8212 - auc: 0.9075 - loss: 0.3862
Epoch 16: val_acc improved from 0.84562 to 0.84943, saving model to saved_models/best_MACSynDCR_CNN_model.keras
50/50 ???????????????????? 3s 50ms/step - acc: 0.8216 - auc: 0.9077 - loss: 0.3858 - val_acc: 0.8494 - val_auc: 0.9255 - val_loss: 0.3515
Epoch 17/50
49/50 ???????????????????? 0s 46ms/step - acc: 0.8383 - auc: 0.9200 - loss: 0.3605
Epoch 17: val_acc did not improve from 0.84943
50/50 ???????????????????? 2s 49ms/step - acc: 0.8381 - auc: 0.9199 - loss: 0.3608 - val_acc: 0.8418 - val_auc: 0.9174 - val_loss: 0.3652
Epoch 18/50
49/50 ???????????????????? 0s 46ms/step - acc: 0.8452 - auc: 0.9230 - loss: 0.3535
Epoch 18: val_acc improved from 0.84943 to 0.85832, saving model to saved_models/best_MACSynDCR_CNN_model.keras
50/50 ???????????????????? 2s 49ms/step - acc: 0.8450 - auc: 0.9228 - loss: 0.3539 - val_acc: 0.8583 - val_auc: 0.9277 - val_loss: 0.3460
Epoch 19/50
49/50 ???????????????????? 0s 46ms/step - acc: 0.8458 - auc: 0.9237 - loss: 0.3521
Epoch 19: val_acc improved from 0.85832 to 0.86150, saving model to saved_models/best_MACSynDCR_CNN_model.keras
50/50 ???????????????????? 3s 50ms/step - acc: 0.8458 - auc: 0.9237 - loss: 0.3522 - val_acc: 0.8615 - val_auc: 0.9314 - val_loss: 0.3341
Epoch 20/50
49/50 ???????????????????? 0s 45ms/step - acc: 0.8547 - auc: 0.9263 - loss: 0.3466
Epoch 20: val_acc did not improve from 0.86150
50/50 ???????????????????? 2s 48ms/step - acc: 0.8547 - auc: 0.9264 - loss: 0.3465 - val_acc: 0.8532 - val_auc: 0.9318 - val_loss: 0.3390
Epoch 21/50
50/50 ???????????????????? 0s 46ms/step - acc: 0.8511 - auc: 0.9258 - loss: 0.3471
Epoch 21: val_acc did not improve from 0.86150
50/50 ???????????????????? 2s 49ms/step - acc: 0.8511 - auc: 0.9259 - loss: 0.3470 - val_acc: 0.8558 - val_auc: 0.9345 - val_loss: 0.3268
Epoch 22/50
49/50 ???????????????????? 0s 45ms/step - acc: 0.8559 - auc: 0.9314 - loss: 0.3342
Epoch 22: val_acc did not improve from 0.86150
50/50 ???????????????????? 2s 49ms/step - acc: 0.8559 - auc: 0.9314 - loss: 0.3343 - val_acc: 0.8539 - val_auc: 0.9354 - val_loss: 0.3274
Epoch 23/50
49/50 ???????????????????? 0s 46ms/step - acc: 0.8674 - auc: 0.9342 - loss: 0.3274
Epoch 23: val_acc did not improve from 0.86150
50/50 ???????????????????? 2s 49ms/step - acc: 0.8673 - auc: 0.9342 - loss: 0.3275 - val_acc: 0.8583 - val_auc: 0.9349 - val_loss: 0.3252
Epoch 24/50
49/50 ???????????????????? 0s 45ms/step - acc: 0.8592 - auc: 0.9343 - loss: 0.3269
Epoch 24: val_acc improved from 0.86150 to 0.86468, saving model to saved_models/best_MACSynDCR_CNN_model.keras
50/50 ???????????????????? 2s 50ms/step - acc: 0.8593 - auc: 0.9344 - loss: 0.3268 - val_acc: 0.8647 - val_auc: 0.9373 - val_loss: 0.3193
Epoch 25/50
50/50 ???????????????????? 0s 44ms/step - acc: 0.8581 - auc: 0.9350 - loss: 0.3249
Epoch 25: val_acc improved from 0.86468 to 0.86976, saving model to saved_models/best_MACSynDCR_CNN_model.keras
50/50 ???????????????????? 2s 49ms/step - acc: 0.8582 - auc: 0.9351 - loss: 0.3248 - val_acc: 0.8698 - val_auc: 0.9416 - val_loss: 0.3093
Epoch 26/50
50/50 ???????????????????? 0s 46ms/step - acc: 0.8680 - auc: 0.9423 - loss: 0.3067
Epoch 26: val_acc did not improve from 0.86976
50/50 ???????????????????? 3s 50ms/step - acc: 0.8680 - auc: 0.9423 - loss: 0.3067 - val_acc: 0.8634 - val_auc: 0.9403 - val_loss: 0.3129
Epoch 27/50
49/50 ???????????????????? 0s 46ms/step - acc: 0.8733 - auc: 0.9448 - loss: 0.2998
Epoch 27: val_acc did not improve from 0.86976
50/50 ???????????????????? 2s 49ms/step - acc: 0.8732 - auc: 0.9447 - loss: 0.3001 - val_acc: 0.8628 - val_auc: 0.9418 - val_loss: 0.3101
Epoch 28/50
48/50 ???????????????????? 0s 46ms/step - acc: 0.8735 - auc: 0.9455 - loss: 0.2984
Epoch 28: val_acc did not improve from 0.86976
50/50 ???????????????????? 2s 49ms/step - acc: 0.8734 - auc: 0.9455 - loss: 0.2986 - val_acc: 0.8583 - val_auc: 0.9423 - val_loss: 0.3087
Epoch 29/50
50/50 ???????????????????? 0s 46ms/step - acc: 0.8750 - auc: 0.9478 - loss: 0.2930
Epoch 29: val_acc did not improve from 0.86976
50/50 ???????????????????? 2s 49ms/step - acc: 0.8750 - auc: 0.9477 - loss: 0.2931 - val_acc: 0.8640 - val_auc: 0.9432 - val_loss: 0.3079
Epoch 30/50
50/50 ???????????????????? 0s 47ms/step - acc: 0.8756 - auc: 0.9467 - loss: 0.2959
Epoch 30: val_acc did not improve from 0.86976
50/50 ???????????????????? 3s 51ms/step - acc: 0.8756 - auc: 0.9467 - loss: 0.2958 - val_acc: 0.8659 - val_auc: 0.9454 - val_loss: 0.3000
Epoch 31/50
50/50 ???????????????????? 0s 48ms/step - acc: 0.8730 - auc: 0.9471 - loss: 0.2942
Epoch 31: val_acc did not improve from 0.86976
50/50 ???????????????????? 3s 51ms/step - acc: 0.8731 - auc: 0.9471 - loss: 0.2942 - val_acc: 0.8621 - val_auc: 0.9438 - val_loss: 0.3025
Epoch 32/50
50/50 ???????????????????? 0s 44ms/step - acc: 0.8875 - auc: 0.9533 - loss: 0.2774
Epoch 32: val_acc did not improve from 0.86976
50/50 ???????????????????? 2s 49ms/step - acc: 0.8874 - auc: 0.9532 - loss: 0.2776 - val_acc: 0.8640 - val_auc: 0.9452 - val_loss: 0.2992
Epoch 33/50
49/50 ???????????????????? 0s 46ms/step - acc: 0.8904 - auc: 0.9542 - loss: 0.2744
Epoch 33: val_acc did not improve from 0.86976
50/50 ???????????????????? 2s 48ms/step - acc: 0.8901 - auc: 0.9541 - loss: 0.2747 - val_acc: 0.8698 - val_auc: 0.9438 - val_loss: 0.3042
Epoch 34/50
49/50 ???????????????????? 0s 46ms/step - acc: 0.8903 - auc: 0.9547 - loss: 0.2731
Epoch 34: val_acc did not improve from 0.86976
50/50 ???????????????????? 2s 49ms/step - acc: 0.8902 - auc: 0.9546 - loss: 0.2731 - val_acc: 0.8672 - val_auc: 0.9444 - val_loss: 0.3011
Epoch 35/50
50/50 ???????????????????? 0s 46ms/step - acc: 0.8880 - auc: 0.9559 - loss: 0.2695
Epoch 35: val_acc did not improve from 0.86976
50/50 ???????????????????? 2s 50ms/step - acc: 0.8880 - auc: 0.9558 - loss: 0.2696 - val_acc: 0.8691 - val_auc: 0.9448 - val_loss: 0.3002
Epoch 36/50
49/50 ???????????????????? 0s 46ms/step - acc: 0.8833 - auc: 0.9567 - loss: 0.2664
Epoch 36: val_acc did not improve from 0.86976
50/50 ???????????????????? 2s 49ms/step - acc: 0.8834 - auc: 0.9567 - loss: 0.2666 - val_acc: 0.8640 - val_auc: 0.9456 - val_loss: 0.2996
Epoch 37/50
49/50 ???????????????????? 0s 46ms/step - acc: 0.8839 - auc: 0.9568 - loss: 0.2661
Epoch 37: val_acc improved from 0.86976 to 0.87166, saving model to saved_models/best_MACSynDCR_CNN_model.keras
50/50 ???????????????????? 2s 50ms/step - acc: 0.8839 - auc: 0.9567 - loss: 0.2662 - val_acc: 0.8717 - val_auc: 0.9451 - val_loss: 0.3000
Epoch 38/50
50/50 ???????????????????? 0s 46ms/step - acc: 0.8930 - auc: 0.9600 - loss: 0.2559
Epoch 38: val_acc did not improve from 0.87166
50/50 ???????????????????? 3s 50ms/step - acc: 0.8929 - auc: 0.9599 - loss: 0.2561 - val_acc: 0.8628 - val_auc: 0.9448 - val_loss: 0.3006
Epoch 39/50
49/50 ???????????????????? 0s 45ms/step - acc: 0.8816 - auc: 0.9569 - loss: 0.2662
Epoch 39: val_acc improved from 0.87166 to 0.87357, saving model to saved_models/best_MACSynDCR_CNN_model.keras
50/50 ???????????????????? 2s 50ms/step - acc: 0.8818 - auc: 0.9569 - loss: 0.2662 - val_acc: 0.8736 - val_auc: 0.9466 - val_loss: 0.2964
Epoch 40/50
50/50 ???????????????????? 0s 45ms/step - acc: 0.8952 - auc: 0.9605 - loss: 0.2547
Epoch 40: val_acc did not improve from 0.87357
50/50 ???????????????????? 2s 49ms/step - acc: 0.8951 - auc: 0.9604 - loss: 0.2548 - val_acc: 0.8698 - val_auc: 0.9461 - val_loss: 0.2994
Epoch 41/50
49/50 ???????????????????? 0s 46ms/step - acc: 0.8965 - auc: 0.9622 - loss: 0.2493
Epoch 41: val_acc improved from 0.87357 to 0.87548, saving model to saved_models/best_MACSynDCR_CNN_model.keras
50/50 ???????????????????? 3s 50ms/step - acc: 0.8964 - auc: 0.9621 - loss: 0.2497 - val_acc: 0.8755 - val_auc: 0.9482 - val_loss: 0.2938
Epoch 42/50
50/50 ???????????????????? 0s 46ms/step - acc: 0.8834 - auc: 0.9585 - loss: 0.2616
Epoch 42: val_acc did not improve from 0.87548
50/50 ???????????????????? 3s 50ms/step - acc: 0.8835 - auc: 0.9586 - loss: 0.2614 - val_acc: 0.8755 - val_auc: 0.9500 - val_loss: 0.2906
Epoch 43/50
48/50 ???????????????????? 0s 45ms/step - acc: 0.8941 - auc: 0.9593 - loss: 0.2584
Epoch 43: val_acc did not improve from 0.87548
50/50 ???????????????????? 2s 48ms/step - acc: 0.8941 - auc: 0.9594 - loss: 0.2580 - val_acc: 0.8729 - val_auc: 0.9503 - val_loss: 0.2854
Epoch 44/50
50/50 ???????????????????? 0s 45ms/step - acc: 0.8949 - auc: 0.9612 - loss: 0.2521
Epoch 44: val_acc did not improve from 0.87548
50/50 ???????????????????? 2s 49ms/step - acc: 0.8950 - auc: 0.9612 - loss: 0.2521 - val_acc: 0.8710 - val_auc: 0.9489 - val_loss: 0.2934
Epoch 45/50
50/50 ???????????????????? 0s 45ms/step - acc: 0.8985 - auc: 0.9643 - loss: 0.2418
Epoch 45: val_acc did not improve from 0.87548
50/50 ???????????????????? 2s 49ms/step - acc: 0.8985 - auc: 0.9643 - loss: 0.2419 - val_acc: 0.8748 - val_auc: 0.9481 - val_loss: 0.2913
Epoch 46/50
49/50 ???????????????????? 0s 46ms/step - acc: 0.8985 - auc: 0.9630 - loss: 0.2470
Epoch 46: val_acc did not improve from 0.87548
50/50 ???????????????????? 2s 49ms/step - acc: 0.8986 - auc: 0.9630 - loss: 0.2468 - val_acc: 0.8672 - val_auc: 0.9482 - val_loss: 0.2950
Epoch 47/50
49/50 ???????????????????? 0s 46ms/step - acc: 0.9010 - auc: 0.9662 - loss: 0.2351
Epoch 47: val_acc did not improve from 0.87548
50/50 ???????????????????? 2s 49ms/step - acc: 0.9007 - auc: 0.9661 - loss: 0.2355 - val_acc: 0.8755 - val_auc: 0.9474 - val_loss: 0.2947
Epoch 48/50
48/50 ???????????????????? 0s 46ms/step - acc: 0.9030 - auc: 0.9649 - loss: 0.2394
Epoch 48: val_acc improved from 0.87548 to 0.87802, saving model to saved_models/best_MACSynDCR_CNN_model.keras
50/50 ???????????????????? 2s 49ms/step - acc: 0.9029 - auc: 0.9649 - loss: 0.2393 - val_acc: 0.8780 - val_auc: 0.9485 - val_loss: 0.2970
Epoch 49/50
49/50 ???????????????????? 0s 45ms/step - acc: 0.9003 - auc: 0.9658 - loss: 0.2366
Epoch 49: val_acc did not improve from 0.87802
50/50 ???????????????????? 2s 48ms/step - acc: 0.9003 - auc: 0.9658 - loss: 0.2367 - val_acc: 0.8729 - val_auc: 0.9488 - val_loss: 0.2949
Epoch 50/50
49/50 ???????????????????? 0s 46ms/step - acc: 0.9108 - auc: 0.9718 - loss: 0.2148
Epoch 50: val_acc did not improve from 0.87802
50/50 ???????????????????? 2s 49ms/step - acc: 0.9105 - auc: 0.9717 - loss: 0.2153 - val_acc: 0.8767 - val_auc: 0.9478 - val_loss: 0.3006
50/50 ???????????????????? 0s 5ms/step
50/50 ???????????????????? 0s 4ms/step
CNN: Accuracy: 0.8780, AUC-ROC: 0.9489
CNN: AUC-PR: 0.9492, Precision: 0.8715,
CNN Recall: 0.8911, F1 Score: 0.8812
CNN:RMSE: 13.8564 , PCC: 0.8019
Evaluation of Keras MACSynDCR_ANN model:
50/50 ???????????????????? 1s 4ms/step - acc: 0.9002 - auc: 0.9590 - loss: 0.3877
Evaluate->  Loss: 0.4143, Accuracy: 0.8971,AUC: 0.9530
50/50 ???????????????????? 0s 6ms/step
197/197 ???????????????????? 1s 4ms/step
ANN: Accuracy: 0.8971, AUC-ROC: 0.9593
ANN: AUC-PR: 0.9570, Precision: 0.9110,
ANN Recall: 0.8836, F1 Score: 0.8971
ANN:RMSE: 12.7279 , PCC: 0.8249
****************************************************************************************************
Evaluation of Keras MACSynDCR_CNN model:
50/50 ???????????????????? 1s 4ms/step - acc: 0.8917 - auc: 0.9596 - loss: 0.2571
Evaluate->  Loss: 0.2970, Accuracy: 0.8780,Accuracy: 0.9485
50/50 ???????????????????? 0s 5ms/step
197/197 ???????????????????? 1s 4ms/step
CNN: Accuracy: 0.8780, AUC-ROC: 0.9489
CNN: AUC-PR: 0.9492, Precision: 0.8715,
CNN Recall: 0.8911, F1 Score: 0.8812
CNN:RMSE: 13.8564 , PCC: 0.8019
****************************************************************************************************
Accuracy Score and AUC for ANN = AUC: 0.9614, Accuracy: 0.9098
Accuracy Score and AUC for KANN = AUC: 0.9593, Accuracy: 0.8971
Accuracy Score and AUC for KCNN = AUC: 0.9489, Accuracy: 0.8780
Average AUC = AUC: 0.9720, Accuracy: 0.9142
MAX AUC = AUC: 0.9649, Accuracy: 0.8863
Fitting 5 folds for each of 14 candidates, totalling 70 fits
Finall ensemble results of fold_5 for MACSynDCR:
----------------------------------------------------------------------------------------------------
Ensemble Accuracy: 0.9136, AUC-ROC: 0.9721
Ensemble AUC-PR: 0.9708, Precision: 0.9128,
Ensemble Recall: 0.9174, F1 Score: 0.9151
Ensemble RMSE: 11.6619 , PCC: 0.8643
----------------------------------------------------------------------------------------------------
****************************************************************************************************
*           Final MACSynCDR Results:
****************************************************************************************************
 AUC: 0.9674 ± 0.0030
 Accuracy: 0.9106 ± 0.0056
 AUC-PR: 0.9653 ± 0.0029
 Precision: 0.9093 ± 0.0076
 Recall: 0.9116 ± 0.0074
 F1: 0.9104 ± 0.0062
 RMSE: 11.8603 ± 0.3644
 PCC: 0.8550 ± 0.0084
Max AUC: 0.9721
Max ACC: 0.9149
Max AUC-PR: 0.9708
Max Precision: 0.9166
Max Reacall: 0.9179
Max F1: 0.9166
MIN RMSE: 11.5758
Max PCC: 0.8643
